srcNumPackets,dstNumPackets,srcPayloadSize,dstPayloadSize,srcAvgPayloadSize,dstAvgPayloadSize,srcMaxPayloadSize,dstMaxPayloadSize,srcStdDevPayloadSize,dstStdDevPayloadSize,flowDuration,srcAvgInterarrivalTime,dstAvgInterarrivalTime,avgInterarrivalTime,srcStdDevInterarrivalTime,dstStdDevInterarrivalTime,stdDevInterarrivalTime
9.5,0,55.82,0,54.18363157894737,0,57.52,0,0.7761199812104962,0,0.0,83068287.30836943,0,83068287.30836943,0,0,0
9.5,0,50.0,0,50.0,0,50.0,0,0.0,0,0.0082986974716186,83103025.74191555,0,83103025.74191555,0,0,0
9.5,0,54.75,0,54.7536618857149,0,63.75,0,2.5724738732895345,0,0.0,83067383.02065058,0,83067383.02065058,0,0,0
9.5,0,42.0,0,42.0,0,42.0,0,0.0,0,0.0,83132138.12577055,0,83132138.12577055,0,0,0
9.5,0,42.0,0,42.0,0,42.0,0,0.0,0,0.0,83128499.50470579,0,83128499.50470579,0,0,0
9.5,0,54.0,0,54.0,0,54.0,0,0.0,0,0.0,83076437.41004215,0,83076437.41004215,0,0,0
9.5,0,54.0,0,54.0,0,54.0,0,0.0,0,0.0,83093394.5723193,0,83093394.5723193,0,0,0
9.5,0,42.0,0,42.0,0,42.0,0,0.0,0,0.0,83150256.34187827,0,83150256.34187827,0,0,0
9.5,0,50.0,0,50.0,0,50.0,0,0.0,0,0.0783107614517212,83106437.95243077,0,83106437.95243077,0,0,0
9.5,0,55.92,0,54.67094618900192,0,63.8,0,2.283087714799857,0,0.0600822210311889,83076194.95842022,0,83076194.95842022,0,0,0
9.5,0,54.0,0,54.0,0,54.0,0,0.0,0,0.0,83072251.5911081,0,83072251.5911081,0,0,0
9.5,0,42.0,0,42.0,0,42.0,0,0.0,0,0.0,83124539.58579163,0,83124539.58579163,0,0,0
9.5,0,44.8,0,43.61801447434575,0,67.2,0,6.1529909915252325,0,0.0303769612312316,83149577.73019864,0,83149577.73019864,0,0,0
9.5,0,50.0,0,50.0,0,50.0,0,0.0,0,0.0676790952682495,83102026.28496447,0,83102026.28496447,0,0,0
9.5,0,42.0,0,42.0,0,42.0,0,0.0,0,0.0,83149586.37673801,0,83149586.37673801,0,0,0
9.5,0,54.0,0,54.0,0,54.0,0,0.0,0,0.0,83076985.1972112,0,83076985.1972112,0,0,0
9.5,0,54.0,0,54.0,0,54.0,0,0.0,0,0.0,83068544.31320083,0,83068544.31320083,0,0,0
9.5,0,42.0,0,42.0,0,42.0,0,0.0,0,0.0,83124767.64331989,0,83124767.64331989,0,0,0
9.5,0,54.0,0,54.0,0,54.0,0,0.0,0,0.0,83076425.3707053,0,83076425.3707053,0,0,0
9.5,0,50.0,0,50.0,0,50.0,0,0.0,0,0.1647595143318176,83102806.51807697,0,83102806.51807697,0,0,0
9.5,0,42.0,0,42.0,0,42.0,0,0.0,0,0.0,83150248.67629354,0,83150248.67629354,0,0,0
9.5,0,50.1,0,50.17644063238104,0,51.7,0,0.4985582968640113,0,0.1055052638053894,83102299.75819024,0,83102299.75819024,0,0,0
9.5,0,54.99,0,56.57176226057225,0,72.81,0,5.897417614536832,0,0.0,83089223.32310724,0,83089223.32310724,0,0,0
9.5,0,42.18,0,42.06231191950464,0,43.08,0,0.2514784772991325,0,0.0,83128549.26042211,0,83128549.26042211,0,0,0
9.5,0,42.0,0,42.0,0,42.0,0,0.0,0,0.0,83150695.16557035,0,83150695.16557035,0,0,0
9.5,0,50.0,0,50.0,0,50.0,0,0.0,0,0.2878739738464355,83123802.34278396,0,83123802.34278396,0,0,0
9.5,0,54.06,0,54.03467173873598,0,54.54,0,0.131849806961255,0,0.0,83037113.15365458,0,83037113.15365458,0,0,0
9.5,0,50.0,0,50.0,0,50.0,0,0.0,0,0.0417664790153503,83123821.22928518,0,83123821.22928518,0,0,0
9.5,0,42.0,0,42.0,0,42.0,0,0.0,0,0.0,83128683.06839007,0,83128683.06839007,0,0,0
9.5,0,42.32,0,42.28156240457169,0,45.84,0,0.9917588001609512,0,0.0,83128378.78180927,0,83128378.78180927,0,0,0
9.5,0,54.0,0,54.0,0,54.0,0,0.0,0,0.0,83072297.98185414,0,83072297.98185414,0,0,0
9.5,0,54.0,0,54.0,0,54.0,0,0.0,0,0.0,83076434.87922892,0,83076434.87922892,0,0,0
9.5,0,50.39,0,50.39477142443899,0,53.45,0,1.0448910179288484,0,0.4845124745368958,83123811.61718725,0,83123811.61718725,0,0,0
9.5,0,42.84,0,42.20853895768834,0,44.1,0,0.6238734954337608,0,0.0008608293533325,83124534.63453844,0,83124534.63453844,0,0,0
9.5,0,54.0,0,54.0,0,54.0,0,0.0,0,0.0,83089120.28934085,0,83089120.28934085,0,0,0
9.5,0,54.0,0,54.0,0,54.0,0,0.0,0,0.0,83067380.24124652,0,83067380.24124652,0,0,0
9.5,0,50.0,0,50.0,0,50.0,0,0.0,0,0.091117308139801,83098546.91057763,0,83098546.91057763,0,0,0
9.5,0,54.0,0,54.0,0,54.0,0,0.0,0,0.0,83034052.53645831,0,83034052.53645831,0,0,0
9.5,0,54.4,0,54.345120393882006,0,58.6,0,1.1954778106371022,0,0.0108387184143066,83088973.5805326,0,83088973.5805326,0,0,0
9.5,0,42.16,0,42.09245796996262,0,43.44,0,0.3515994852300133,0,0.0,83132293.33735268,0,83132293.33735268,0,0,0
9.5,0,42.0,0,42.0,0,42.0,0,0.0,0,0.0,83149706.29730326,0,83149706.29730326,0,0,0
9.5,0,50.0,0,50.0,0,50.0,0,0.0,0,0.0821293878555297,83123804.1125577,0,83123804.1125577,0,0,0
9.5,0,50.0,0,50.0,0,50.0,0,0.0,0,0.027466173171997,83097602.30105469,0,83097602.30105469,0,0,0
9.5,0,51.8,0,54.67593138285864,0,84.2,0,10.72257748097606,0,1.076193392276764,83106187.51144747,0,83106187.51144747,0,0,0
9.5,0,54.0,0,54.0,0,54.0,0,0.0,0,0.0,83093993.54026476,0,83093993.54026476,0,0,0
9.5,0,42.0,0,42.0,0,42.0,0,0.0,0,0.0,83128611.7611988,0,83128611.7611988,0,0,0
9.5,0,54.0,0,54.0,0,54.0,0,0.0,0,0.0,83094139.99766739,0,83094139.99766739,0,0,0
9.5,0,50.0,0,50.0,0,50.0,0,0.0,0,0.0516875791549682,83102229.72583228,0,83102229.72583228,0,0,0
9.5,0,54.0,0,54.0,0,54.0,0,0.0,0,0.0,83093234.723265,0,83093234.723265,0,0,0
9.5,0,54.0,0,54.0,0,54.0,0,0.0,0,0.0,83094076.28668487,0,83094076.28668487,0,0,0
9.5,0,54.0,0,54.0,0,54.0,0,0.0,0,0.0,83067519.64292885,0,83067519.64292885,0,0,0
9.5,0,42.0,0,42.0,0,42.0,0,0.0,0,0.0,83128810.19500789,0,83128810.19500789,0,0,0
9.5,0,54.0,0,54.0,0,54.0,0,0.0,0,0.0,83067585.24531898,0,83067585.24531898,0,0,0
9.5,0,42.18,0,42.18087885257157,0,44.34,0,0.6173937295894883,0,0.0,83124759.5526148,0,83124759.5526148,0,0,0
9.5,0,50.7,0,50.3668657841986,0,54.32,0,1.11013479380193,0,0.1543868041038513,83097864.89495306,0,83097864.89495306,0,0,0
9.5,0,50.1,0,50.11477396571436,0,51.4,0,0.3779892270497929,0,0.0798250675201416,83098604.76186936,0,83098604.76186936,0,0,0
9.5,0,50.0,0,50.0,0,50.0,0,0.0,0,0.5365953993797302,83102983.77522357,0,83102983.77522357,0,0,0
9.5,0,42.81,0,42.40056847293573,0,48.48,0,1.556100220627953,0,0.0,83124778.38786909,0,83124778.38786909,0,0,0
9.5,0,50.0,0,50.0,0,50.0,0,0.0,0,0.0704245424270629,83106188.94179672,0,83106188.94179672,0,0,0
9.5,0,50.0,0,50.0,0,50.0,0,0.0,0,0.4426745748519897,83098784.64475888,0,83098784.64475888,0,0,0
9.5,0,42.0,0,42.0,0,42.0,0,0.0,0,0.0,83128671.8932659,0,83128671.8932659,0,0,0
9.5,0,50.0,0,50.0,0,50.0,0,0.0,0,0.0051702451705932,83102408.06302246,0,83102408.06302246,0,0,0
9.5,0,50.0,0,50.0,0,50.0,0,0.0,0,0.024843406677246,83103101.95877567,0,83103101.95877567,0,0,0
9.5,0,42.0,0,42.0,0,42.0,0,0.0,0,0.0,83124692.24024129,0,83124692.24024129,0,0,0
9.5,0,50.0,0,50.0,0,50.0,0,0.0,0,0.0527318477630615,83102221.76688737,0,83102221.76688737,0,0,0
9.5,0,50.1,0,50.259773965714366,0,51.9,0,0.5956987489431146,0,0.0717549610137939,83123558.60105757,0,83123558.60105757,0,0,0
9.5,0,54.0,0,54.0,0,54.0,0,0.0,0,0.0,83090082.97563258,0,83090082.97563258,0,0,0
9.5,0,50.0,0,50.0,0,50.0,0,0.0,0,0.0489290404319763,83123515.68934698,0,83123515.68934698,0,0,0
9.5,0,50.0,0,50.0,0,50.0,0,0.0,0,0.1311710357666015,83101813.22601005,0,83101813.22601005,0,0,0
9.5,0,42.0,0,42.0,0,42.0,0,0.0,0,0.0,83128031.10584179,0,83128031.10584179,0,0,0
9.5,0,54.0,0,54.0,0,54.0,0,0.0,0,0.0,83089198.63704357,0,83089198.63704357,0,0,0
9.5,0,50.0,0,50.0,0,50.0,0,0.0,0,0.0723830604553222,83101887.56242386,0,83101887.56242386,0,0,0
9.5,0,54.06,0,54.013020639834885,0,54.24,0,0.0543358420043372,0,0.0,83093503.01933698,0,83093503.01933698,0,0,0
9.5,0,42.0,0,42.0,0,42.0,0,0.0,0,0.0,83483228.95112714,0,83483228.95112714,0,0,0
9.5,0,42.0,0,42.0,0,42.0,0,0.0,0,0.0,83128161.7496395,0,83128161.7496395,0,0,0
9.5,0,42.0,0,42.0,0,42.0,0,0.0,0,0.0,83128890.46977052,0,83128890.46977052,0,0,0
9.5,0,43.15,0,43.09061489142952,0,52.27,0,2.736683646529207,0,8.204936981201172e-05,83150106.52619833,0,83150106.52619833,0,0,0
9.5,0,42.0,0,42.0,0,42.0,0,0.0,0,0.0,83128043.32845838,0,83128043.32845838,0,0,0
9.5,0,42.0,0,42.0,0,42.0,0,0.0,0,0.0,83124538.90280253,0,83124538.90280253,0,0,0
9.5,0,42.0,0,42.0,0,42.0,0,0.0,0,0.0,83149799.8190464,0,83149799.8190464,0,0,0
9.5,0,50.0,0,50.0,0,50.0,0,0.0,0,0.1057809066772461,83106422.45553237,0,83106422.45553237,0,0,0
9.5,0,54.0,0,54.0,0,54.0,0,0.0,0,0.0630680394172668,83076926.34449306,0,83076926.34449306,0,0,0
9.5,0,50.41,0,44.99573962857748,0,93.05,0,11.972168398468025,0,0.0267754316329956,83149822.20619887,0,83149822.20619887,0,0,0
9.5,0,42.16,0,42.008,0,42.16,0,0.0348711915483253,0,0.0467264294624328,83128366.88331789,0,83128366.88331789,0,0,0
9.5,0,50.0,0,50.0,0,50.0,0,0.0,0,0.0350214624404907,83106443.15910977,0,83106443.15910977,0,0,0
9.5,0,55.6,0,55.23003424508068,0,71.6,0,4.455962511960988,0,0.0,83076245.06942897,0,83076245.06942897,0,0,0
9.5,0,50.0,0,50.0,0,50.0,0,0.0,0,0.2615911626815796,83098905.81844883,0,83098905.81844883,0,0,0
9.5,0,42.0,0,42.0,0,42.0,0,0.0,0,0.0,83149648.41489589,0,83149648.41489589,0,0,0
9.5,0,42.0,0,42.0,0,42.0,0,0.0,0,0.0,83150636.1992755,0,83150636.1992755,0,0,0
9.5,0,42.0,0,42.0,0,42.0,0,0.0,0,0.0,83150185.1484544,0,83150185.1484544,0,0,0
9.5,0,51.64,0,51.09678510120771,0,66.4,0,4.075361574760013,0,0.116370198726654,83103090.2002614,0,83103090.2002614,0,0,0
9.5,0,50.1,0,50.005,0,50.1,0,0.0217944947177033,0,0.0839907455444335,83102285.11176948,0,83102285.11176948,0,0,0
9.5,0,42.0,0,42.0,0,42.0,0,0.0,0,0.0,83128999.31650801,0,83128999.31650801,0,0,0
9.5,0,54.0,0,54.0,0,54.0,0,0.0,0,0.0,83094109.26603094,0,83094109.26603094,0,0,0
9.5,0,54.0,0,54.0,0,54.0,0,0.0,0,0.0,83067517.02013546,0,83067517.02013546,0,0,0
9.5,0,54.0,0,54.0,0,54.0,0,0.0,0,0.0,83089713.35727635,0,83089713.35727635,0,0,0
9.5,0,42.0,0,42.0,0,42.0,0,0.0,0,0.0,83128811.67959566,0,83128811.67959566,0,0,0
9.5,0,50.0,0,50.0,0,50.0,0,0.0,0,0.1192051815986633,83101880.49602726,0,83101880.49602726,0,0,0
9.5,0,50.21,0,50.24102532800018,0,52.94,0,0.7937773768045651,0,0.0177460408210754,83102395.2777142,0,83102395.2777142,0,0,0
9.5,0,42.0,0,42.0,0,42.0,0,0.0,0,0.0,83128054.15344942,0,83128054.15344942,0,0,0
9.5,0,50.0,0,50.0,0,50.0,0,0.0,0,0.1328298068046569,83106634.46655026,0,83106634.46655026,0,0,0
9.5,0,54.0,0,54.0,0,54.0,0,0.0,0,0.0,83093367.59636737,0,83093367.59636737,0,0,0
9.5,0,54.0,0,54.0,0,54.0,0,0.0,0,0.0,83075965.68612699,0,83075965.68612699,0,0,0
9.5,0,50.6,0,50.91864379428621,0,53.4,0,1.4615033696241004,0,0.2845201897621154,83106189.33155875,0,83106189.33155875,0,0,0
9.5,0,42.18,0,42.06231191950464,0,43.08,0,0.2514784772991325,0,0.0,83149497.61780287,0,83149497.61780287,0,0,0
9.5,0,42.0,0,42.0,0,42.0,0,0.0,0,0.0,83128820.60642584,0,83128820.60642584,0,0,0
9.5,0,54.06,0,54.21586437942862,0,55.2,0,0.3574192493658687,0,0.0,83076136.3327345,0,83076136.3327345,0,0,0
9.5,0,53.58,0,54.65480876622518,0,91.33,0,11.370541632360908,0,0.3562598824501037,83102268.50551286,0,83102268.50551286,0,0,0
9.5,0,50.0,0,50.0,0,50.0,0,0.0,0,0.0171146965026855,83102993.07018968,0,83102993.07018968,0,0,0
9.5,0,54.0,0,54.0,0,54.0,0,0.0,0,0.0,83090037.66535383,0,83090037.66535383,0,0,0
9.5,0,42.0,0,42.0,0,42.0,0,0.0,0,0.0,83132194.40923458,0,83132194.40923458,0,0,0
9.5,0,42.0,0,42.0,0,42.0,0,0.0,0,0.0,83124419.07429816,0,83124419.07429816,0,0,0
9.5,0,50.0,0,50.0,0,50.0,0,0.0,0,0.0710719752311706,83098805.70999892,0,83098805.70999892,0,0,0
9.5,0,50.98,0,50.2136998624011,0,51.96,0,0.5491387151272323,0,0.1188100504875183,83097807.55841905,0,83097807.55841905,0,0,0
9.5,0,42.0,0,42.0,0,42.0,0,0.0,0,0.0,83150339.29604052,0,83150339.29604052,0,0,0
9.5,0,42.0,0,42.0,0,42.0,0,0.0,0,0.0,83150069.96337038,0,83150069.96337038,0,0,0
9.5,0,54.0,0,54.0,0,54.0,0,0.0,0,0.0,83064147.52933827,0,83064147.52933827,0,0,0
9.5,0,42.0,0,42.0,0,42.0,0,0.0,0,0.0,83150650.55397564,0,83150650.55397564,0,0,0
9.5,0,42.0,0,42.0,0,42.0,0,0.0,0,0.0,83128971.39311783,0,83128971.39311783,0,0,0
9.5,0,42.0,0,42.0,0,42.0,0,0.0,0,0.0,83150253.46253234,0,83150253.46253234,0,0,0
9.5,0,54.0,0,54.0,0,54.0,0,0.0,0,0.0,83090062.49059896,0,83090062.49059896,0,0,0
9.5,0,54.0,0,54.0,0,54.0,0,0.0,0,0.0,83088906.20885101,0,83088906.20885101,0,0,0
9.5,0,42.92,0,42.48778717343888,0,47.04,0,1.2844070885174046,0,0.0,83124072.13422558,0,83124072.13422558,0,0,0
9.5,0,42.0,0,42.0,0,42.0,0,0.0,0,0.0,83127786.42472166,0,83127786.42472166,0,0,0
9.5,0,42.0,0,42.0,0,42.0,0,0.0,0,0.0,83124811.86240317,0,83124811.86240317,0,0,0
9.5,0,54.04,0,54.01978115915732,0,54.32,0,0.0768444553396519,0,0.0002171397209167,83093448.22595134,0,83093448.22595134,0,0,0
9.5,0,50.08,0,50.16781917257149,0,51.44,0,0.4365589991544915,0,0.173513765335083,83106674.5202822,0,83106674.5202822,0,0,0
9.5,0,50.0,0,50.0,0,50.0,0,0.0,0,0.0434392237663269,83101912.8821281,0,83101912.8821281,0,0,0
9.5,0,54.0,0,54.0,0,54.0,0,0.0,0,0.0,83034126.91803764,0,83034126.91803764,0,0,0
9.5,0,54.0,0,54.0,0,54.0,0,0.0,0,0.0,83037243.4330382,0,83037243.4330382,0,0,0
9.5,0,54.44,0,54.505005449143226,0,60.16,0,1.6631525990190883,0,0.0,83072376.88735193,0,83072376.88735193,0,0,0
9.5,0,42.0,0,42.0,0,42.0,0,0.0,0,0.0,83482387.7571753,0,83482387.7571753,0,0,0
9.5,0,54.0,0,54.0,0,54.0,0,0.0,0,0.0,83034058.60006031,0,83034058.60006031,0,0,0
9.5,0,54.0,0,54.0,0,54.0,0,0.0,0,0.0,83075957.31081514,0,83075957.31081514,0,0,0
9.5,0,50.0,0,50.0,0,50.0,0,0.0,0,0.1175784373283386,83107458.92163926,0,83107458.92163926,0,0,0
9.5,0,42.0,0,42.0,0,42.0,0,0.0,0,0.0,83150654.87276074,0,83150654.87276074,0,0,0
9.5,0,42.0,0,42.0,0,42.0,0,0.0,0,0.0,83128487.17952114,0,83128487.17952114,0,0,0
9.5,0,42.18,0,42.08901521620793,0,43.44,0,0.345800049028434,0,0.0,83128993.51026925,0,83128993.51026925,0,0,0
9.5,0,54.0,0,54.0,0,54.0,0,0.0,0,0.0,83093443.78337973,0,83093443.78337973,0,0,0
9.5,0,54.0,0,54.0,0,54.0,0,0.0,0,0.0,83093268.9098436,0,83093268.9098436,0,0,0
9.5,0,54.0,0,54.0,0,54.0,0,0.0,0,0.0,83034147.16142435,0,83034147.16142435,0,0,0
9.5,0,42.0,0,42.0,0,42.0,0,0.0,0,0.0,83150264.1401618,0,83150264.1401618,0,0,0
9.5,0,42.16,0,42.02530994152046,0,42.48,0,0.1072485198547032,0,0.1104616785049438,83482370.12596868,0,83482370.12596868,0,0,0
9.5,0,50.0,0,50.0,0,50.0,0,0.0,0,0.3547393012046814,83123813.92030261,0,83123813.92030261,0,0,0
9.5,0,54.0,0,54.0,0,54.0,0,0.0,0,0.0,83033940.1682193,0,83033940.1682193,0,0,0
9.5,0,42.0,0,42.0,0,42.0,0,0.0,0,0.0,83127791.67382623,0,83127791.67382623,0,0,0
9.5,0,42.0,0,42.0,0,42.0,0,0.0,0,0.0,83124019.96542938,0,83124019.96542938,0,0,0
9.5,0,54.0,0,54.0,0,54.0,0,0.0,0,0.0,83076978.15485352,0,83076978.15485352,0,0,0
9.5,0,54.0,0,54.0,0,54.0,0,0.0,0,0.0,83037705.21908472,0,83037705.21908472,0,0,0
9.5,0,50.0,0,50.0,0,50.0,0,0.0,0,0.307261095046997,83102347.23610705,0,83102347.23610705,0,0,0
9.5,0,50.0,0,50.0,0,50.0,0,0.0,0,0.0471178030967712,83097609.84373857,0,83097609.84373857,0,0,0
9.5,0,54.0,0,54.0,0,54.0,0,0.0,0,0.0,83094379.6557312,0,83094379.6557312,0,0,0
9.5,0,54.0,0,54.0,0,54.0,0,0.0,0,0.0,83076375.39973226,0,83076375.39973226,0,0,0
9.5,0,54.0,0,54.0,0,54.0,0,0.0,0,0.0,83089277.685143,0,83089277.685143,0,0,0
9.5,0,52.02,0,51.55291823441436,0,72.22,0,5.625652671350748,0,0.0605110383033752,83103035.67272156,0,83103035.67272156,0,0,0
9.5,0,42.0,0,42.0,0,42.0,0,0.0,0,0.0,83150649.21572176,0,83150649.21572176,0,0,0
9.5,0,42.0,0,42.0,0,42.0,0,0.0,0,0.0,83124820.89051268,0,83124820.89051268,0,0,0
9.5,0,42.0,0,42.0,0,42.0,0,0.0,0,0.0,83127981.85119784,0,83127981.85119784,0,0,0
9.5,0,42.0,0,42.0,0,42.0,0,0.0,0,0.0,83127986.30015114,0,83127986.30015114,0,0,0
9.5,0,54.0,0,54.0,0,54.0,0,0.0,0,0.0,83068522.67729214,0,83068522.67729214,0,0,0
9.5,0,42.0,0,42.0,0,42.0,0,0.0,0,0.0,83149574.53522716,0,83149574.53522716,0,0,0
9.5,0,56.9,0,55.21105711582879,0,74.3,0,4.798461882594041,0,0.0455467915534973,83033840.7614828,0,83033840.7614828,0,0,0
9.5,0,54.0,0,54.0,0,54.0,0,0.0,0,0.0,83067417.91871741,0,83067417.91871741,0,0,0
9.5,0,54.12,0,54.02604127966976,0,54.48,0,0.1086716840086745,0,0.0028416395187377,83094161.67305548,0,83094161.67305548,0,0,0
9.5,0,54.0,0,54.0,0,54.0,0,0.0,0,0.0,83067589.9323338,0,83067589.9323338,0,0,0
9.5,0,42.0,0,42.0,0,42.0,0,0.0,0,0.0,83124774.60014603,0,83124774.60014603,0,0,0
9.5,0,54.0,0,54.0,0,54.0,0,0.0,0,0.0,83068281.24953903,0,83068281.24953903,0,0,0
9.5,0,42.0,0,42.0,0,42.0,0,0.0,0,0.0,83124517.579967,0,83124517.579967,0,0,0
9.5,0,55.28,0,55.68244009447724,0,73.2,0,5.315289941437304,0,0.0,83076046.92466255,0,83076046.92466255,0,0,0
9.5,0,50.0,0,50.0,0,50.0,0,0.0,0,0.2080250835418701,83101939.03807718,0,83101939.03807718,0,0,0
9.5,0,42.0,0,42.0,0,42.0,0,0.0,0,0.0,83149587.27502964,0,83149587.27502964,0,0,0
9.5,0,54.0,0,54.0,0,54.0,0,0.0,0,0.0,83076135.32199326,0,83076135.32199326,0,0,0
9.5,0,54.0,0,54.0,0,54.0,0,0.0,0,0.0,83067242.40089484,0,83067242.40089484,0,0,0
9.5,0,42.0,0,42.0,0,42.0,0,0.0,0,0.0,83128091.94229582,0,83128091.94229582,0,0,0
9.5,0,54.0,0,54.0,0,54.0,0,0.0,0,0.0,83093487.9836472,0,83093487.9836472,0,0,0
9.5,0,43.85,0,43.07591658204196,0,49.35,0,2.11377735741201,0,0.0151154708862304,83149824.15731703,0,83149824.15731703,0,0,0
9.5,0,50.0,0,50.0,0,50.0,0,0.0,0,0.1941693329811096,83101909.26071478,0,83101909.26071478,0,0,0
9.304878048780488,0,50.0,0,50.0,0,50.0,0,0.0,0,0.012169038377157,81075345.73268002,0,81075345.73268002,0,0,0
9.5,0,50.0,0,50.0,0,50.0,0,0.0,0,0.356489269733429,83106701.20531476,0,83106701.20531476,0,0,0
9.5,0,50.0,0,50.0,0,50.0,0,0.0,0,0.1194352197647094,83123637.19903313,0,83123637.19903313,0,0,0
9.5,0,42.0,0,42.0,0,42.0,0,0.0,0,0.0,83150055.73354127,0,83150055.73354127,0,0,0
9.5,0,54.0,0,54.0,0,54.0,0,0.0,0,0.0,83071577.5716231,0,83071577.5716231,0,0,0
9.5,0,54.0,0,54.0,0,54.0,0,0.0,0,0.0,83033998.76669961,0,83033998.76669961,0,0,0
9.5,0,42.0,0,42.0,0,42.0,0,0.0,0,0.0,83128983.27236669,0,83128983.27236669,0,0,0
9.5,0,54.25,0,54.52443491428592,0,58.5,0,1.364246872357786,0,0.0007765197753906,83037696.4650701,0,83037696.4650701,0,0,0
9.5,0,42.0,0,42.0,0,42.0,0,0.0,0,0.0,83149636.55483787,0,83149636.55483787,0,0,0
9.5,0,50.2,0,50.04340213278294,0,50.8,0,0.1811194733477908,0,0.0680122375488281,83102143.31222521,0,83102143.31222521,0,0,0
9.5,0,44.06,0,42.43645373237014,0,49.52,0,1.7015756069963277,0,0.0008329486846923,83128562.34516588,0,83128562.34516588,0,0,0
9.5,0,42.0,0,42.0,0,42.0,0,0.0,0,0.0,83150102.46318743,0,83150102.46318743,0,0,0
9.5,0,54.0,0,54.0,0,54.0,0,0.0,0,0.0,83076138.30364832,0,83076138.30364832,0,0,0
9.5,0,50.0,0,50.0,0,50.0,0,0.0,0,0.1431098389625549,83102357.1355641,0,83102357.1355641,0,0,0
9.5,0,54.0,0,54.0,0,54.0,0,0.0,0,0.0,83068395.48053594,0,83068395.48053594,0,0,0
9.5,0,43.86,0,42.093,0,43.86,0,0.4053776017492826,0,0.0102287483215332,83150059.43144946,0,83150059.43144946,0,0,0
9.5,0,54.0,0,54.0,0,54.0,0,0.0,0,0.0,83033996.09228684,0,83033996.09228684,0,0,0
9.5,0,42.18,0,42.07516906236178,0,43.26,0,0.2978355651265266,0,0.0,83124016.80613782,0,83124016.80613782,0,0,0
9.5,0,42.0,0,42.0,0,42.0,0,0.0,0,0.0,83132494.48928,0,83132494.48928,0,0,0
9.5,0,42.0,0,42.0,0,42.0,0,0.0,0,0.0,83149381.42928612,0,83149381.42928612,0,0,0
9.5,0,42.0,0,42.0,0,42.0,0,0.0,0,0.0,83149402.80614647,0,83149402.80614647,0,0,0
9.5,0,54.67,0,54.58952128457199,0,62.04,0,2.076494987836992,0,0.0125681495666503,83067573.0204181,0,83067573.0204181,0,0,0
9.5,0,50.08,0,50.008210526315786,0,50.16,0,0.0352993460357175,0,0.2167986416816711,83106676.58015898,0,83106676.58015898,0,0,0
9.5,0,54.0,0,54.0,0,54.0,0,0.0,0,0.0037340378761291,83093163.04771133,0,83093163.04771133,0,0,0
9.5,0,50.6,0,51.249095862857466,0,54.2,0,1.4468528792457491,0,0.0181705808639526,83102221.45086041,0,83102221.45086041,0,0,0
9.5,0,42.0,0,42.0,0,42.0,0,0.0,0,0.0,83150126.12360136,0,83150126.12360136,0,0,0
9.5,0,54.0,0,54.0,0,54.0,0,0.0,0,0.0,83033992.18299548,0,83033992.18299548,0,0,0
9.5,0,54.0,0,54.0,0,54.0,0,0.0,0,0.0,83075910.1294788,0,83075910.1294788,0,0,0
9.5,0,42.0,0,42.0,0,42.0,0,0.0,0,0.0,83149558.844914,0,83149558.844914,0,0,0
9.5,0,42.95,0,42.16300915892673,0,44.9,0,0.6669192045672593,0,0.0303599286079406,83132315.23922977,0,83132315.23922977,0,0,0
9.5,0,50.0,0,50.0,0,50.0,0,0.0,0,0.113313672542572,83098919.52028663,0,83098919.52028663,0,0,0
9.5,0,42.0,0,42.0,0,42.0,0,0.0,0,0.0,83149799.56902245,0,83149799.56902245,0,0,0
9.5,0,50.71,0,51.07522848990535,0,61.36,0,3.2323248893910046,0,0.0740370965003967,83098734.53533852,0,83098734.53533852,0,0,0
9.5,0,54.0,0,54.0,0,54.0,0,0.0,0,0.0,83090139.63596424,0,83090139.63596424,0,0,0
9.5,0,42.0,0,42.0,0,42.0,0,0.0,0,0.0,83150648.65060194,0,83150648.65060194,0,0,0
9.5,0,42.0,0,42.0,0,42.0,0,0.0,0,0.0,83150131.7658461,0,83150131.7658461,0,0,0
9.5,0,42.0,0,42.0,0,42.0,0,0.0,0,0.0,83128677.2666214,0,83128677.2666214,0,0,0
9.5,0,42.0,0,42.0,0,42.0,0,0.0,0,0.0,83128499.56943405,0,83128499.56943405,0,0,0
9.5,0,42.0,0,42.0,0,42.0,0,0.0,0,0.0,83150265.0573402,0,83150265.0573402,0,0,0
9.5,0,42.18,0,42.12037885257158,0,43.8,0,0.4472957825956112,0,0.0,83127975.42240831,0,83127975.42240831,0,0,0
9.5,0,54.0,0,54.0,0,54.0,0,0.0,0,0.0,83067435.3722867,0,83067435.3722867,0,0,0
9.5,0,42.24,0,42.1605051367621,0,44.4,0,0.5963943767941484,0,0.0009768390655517,83124017.70535776,0,83124017.70535776,0,0,0
9.5,0,43.88,0,42.192947368421045,0,45.76,0,0.829534631839363,0,0.0,83128969.49213551,0,83128969.49213551,0,0,0
9.5,0,54.0,0,54.0,0,54.0,0,0.0,0,0.0,83089901.40511219,0,83089901.40511219,0,0,0
9.5,0,42.0,0,42.0,0,42.0,0,0.0,0,0.0,83124512.18967472,0,83124512.18967472,0,0,0
9.5,0,173.11,0,172.9559589107143,0,174.76,0,3.729075852384765,0,1.4805793762207031e-06,83064055.76807727,0,83064055.76807727,0,0,0
9.5,0,50.0,0,50.0,0,50.0,0,0.0,0,0.2147842240333557,83102457.73563495,0,83102457.73563495,0,0,0
9.5,0,54.06,0,54.09086437942862,0,54.96,0,0.2731542160048736,0,0.0,83093353.89927894,0,83093353.89927894,0,0,0
9.5,0,54.0,0,54.0,0,54.0,0,0.0,0,0.0,83071997.30956554,0,83071997.30956554,0,0,0
9.5,0,139.2,0,148.46738317667882,0,172.84,0,36.21692150515843,0,0.1046655011177063,83089434.9869195,0,83089434.9869195,0,0,0
9.5,0,42.0,0,42.0,0,42.0,0,0.0,0,0.0,83149807.89430606,0,83149807.89430606,0,0,0
9.5,0,42.94,0,42.2039900240798,0,45.76,0,0.851261524734617,0,2.49481201171875e-05,83150264.15681928,0,83150264.15681928,0,0,0
9.5,0,42.0,0,42.0,0,42.0,0,0.0,0,0.0,83150701.26101904,0,83150701.26101904,0,0,0
9.5,0,42.0,0,42.0,0,42.0,0,0.0,0,0.0,83149334.4754476,0,83149334.4754476,0,0,0
9.5,0,42.72,0,42.178747678018574,0,43.8,0,0.5347487103717949,0,0.0161675262451171,83124142.17042091,0,83124142.17042091,0,0,0
9.5,0,42.0,0,42.0,0,42.0,0,0.0,0,0.0,83483258.50826956,0,83483258.50826956,0,0,0
9.5,0,50.96,0,51.35783007085793,0,57.68,0,2.858408150257941,0,0.0536160802841186,83098711.20302111,0,83098711.20302111,0,0,0
9.5,0,42.0,0,42.0,0,42.0,0,0.0,0,0.0,83150191.36591534,0,83150191.36591534,0,0,0
9.5,0,54.0,0,54.0,0,54.0,0,0.0,0,0.0,83071588.0815798,0,83071588.0815798,0,0,0
9.5,0,50.0,0,50.0,0,50.0,0,0.0,0,0.076811830997467,83101814.41538194,0,83101814.41538194,0,0,0
9.5,0,54.06,0,54.003,0,54.06,0,0.013076696830622,0,0.0,83090068.87176104,0,83090068.87176104,0,0,0
9.5,0,54.0,0,54.0,0,54.0,0,0.0,0,0.0,83089687.68883468,0,83089687.68883468,0,0,0
9.5,0,50.0,0,50.0,0,50.0,0,0.0,0,0.068591730594635,83495208.43146673,0,83495208.43146673,0,0,0
9.5,0,54.0,0,54.0,0,54.0,0,0.0,0,0.0,83067382.0216316,0,83067382.0216316,0,0,0
9.5,0,42.42,0,42.28088398933368,0,46.2,0,1.0436901593897596,0,0.0008273482322692,83124761.77895424,0,83124761.77895424,0,0,0
9.5,0,54.0,0,54.0,0,54.0,0,0.0,0,0.0,83075966.71042599,0,83075966.71042599,0,0,0
9.5,0,50.0,0,50.0,0,50.0,0,0.0,0,0.0126795959472656,83103115.11661176,0,83103115.11661176,0,0,0
9.5,0,54.0,0,54.0,0,54.0,0,0.0,0,0.0,83093980.25960077,0,83093980.25960077,0,0,0
9.5,0,50.0,0,50.0,0,50.0,0,0.0,0,0.0306721568107605,83101928.1022712,0,83101928.1022712,0,0,0
9.5,0,42.0,0,42.0,0,42.0,0,0.0,0,0.0,83132150.97818682,0,83132150.97818682,0,0,0
9.5,0,54.0,0,54.0,0,54.0,0,0.0,0,0.0,83495269.2420972,0,83495269.2420972,0,0,0
9.5,0,50.85,0,50.07671052631579,0,51.5,0,0.330396175975612,0,0.210961365699768,83102348.33449341,0,83102348.33449341,0,0,0
9.5,0,50.0,0,50.0,0,50.0,0,0.0,0,0.0955966019630432,83495229.1314967,0,83495229.1314967,0,0,0
9.5,0,54.0,0,54.0,0,54.0,0,0.0,0,0.0,83072243.92707582,0,83072243.92707582,0,0,0
9.5,0,56.46,0,60.390439556573455,0,100.74,0,14.654189224000616,0,0.0015132808685302,83033917.15758972,0,83033917.15758972,0,0,0
9.5,0,42.0,0,42.0,0,42.0,0,0.0,0,0.0,83150701.63935377,0,83150701.63935377,0,0,0
9.5,0,54.0,0,54.0,0,54.0,0,0.0,0,0.0,83088961.59715307,0,83088961.59715307,0,0,0
9.5,0,54.0,0,54.0,0,54.0,0,0.0,0,0.0,83037704.98032305,0,83037704.98032305,0,0,0
9.5,0,54.2,0,54.719547931428735,0,58.0,0,1.191397497886229,0,0.0012487483024597,83072244.63656348,0,83072244.63656348,0,0,0
9.5,0,54.0,0,54.0,0,54.0,0,0.0,0,0.0,83067248.08780889,0,83067248.08780889,0,0,0
9.5,0,54.0,0,54.0,0,54.0,0,0.0,0,0.0,83064142.06498383,0,83064142.06498383,0,0,0
9.5,0,50.0,0,50.0,0,50.0,0,0.0,0,0.0050027799606323,83106430.84689847,0,83106430.84689847,0,0,0
9.5,0,50.36,0,50.43985294323839,0,55.2,0,1.4203896967792486,0,0.0304394030570983,83103006.86785331,0,83103006.86785331,0,0,0
9.5,0,42.0,0,42.0,0,42.0,0,0.0,0,0.0,83132211.80539484,0,83132211.80539484,0,0,0
9.5,0,54.06,0,54.09086437942862,0,54.96,0,0.2731542160048736,0,0.0,83034072.09767716,0,83034072.09767716,0,0,0
9.5,0,54.0,0,54.0,0,54.0,0,0.0,0,0.0,83094105.2977023,0,83094105.2977023,0,0,0
9.5,0,54.0,0,54.0,0,54.0,0,0.0,0,0.0,83089703.6006108,0,83089703.6006108,0,0,0
9.5,0,54.0,0,54.0,0,54.0,0,0.0,0,0.0,83089178.65280317,0,83089178.65280317,0,0,0
9.5,0,54.19,0,54.28773720152396,0,57.04,0,0.8649883506820999,0,0.0,83088963.44618289,0,83088963.44618289,0,0,0
9.5,0,50.0,0,50.0,0,50.0,0,0.0,0,0.1380249834060669,83097844.97859286,0,83097844.97859286,0,0,0
9.5,0,42.0,0,42.0,0,42.0,0,0.0,0,0.0,83149560.06032616,0,83149560.06032616,0,0,0
9.5,0,54.0,0,54.0,0,54.0,0,0.0,0,0.0003043794631958,83090063.34843838,0,83090063.34843838,0,0,0
9.5,0,42.0,0,42.0,0,42.0,0,0.0,0,0.0,83128668.20367196,0,83128668.20367196,0,0,0
9.5,0,52.98,0,51.03160844513244,0,67.88,0,4.163365901952305,0,0.1272195267677307,83098923.7852418,0,83098923.7852418,0,0,0
9.5,0,42.0,0,42.0,0,42.0,0,0.0,0,0.0,83149565.8810631,0,83149565.8810631,0,0,0
9.5,0,50.0,0,50.0,0,50.0,0,0.0,0,0.0629785799980163,83106481.09871481,0,83106481.09871481,0,0,0
9.5,0,54.0,0,54.0,0,54.0,0,0.0,0,0.0,83075919.22898573,0,83075919.22898573,0,0,0
9.5,0,42.0,0,42.0,0,42.0,0,0.0,0,0.0,83132729.10527487,0,83132729.10527487,0,0,0
9.5,0,54.0,0,54.0,0,54.0,0,0.0,0,10.66382088661194,83088960.35407987,0,83088960.35407987,0,0,0
9.5,0,42.0,0,42.0,0,42.0,0,0.0,0,0.0,83128742.71366462,0,83128742.71366462,0,0,0
9.5,0,50.0,0,50.0,0,50.0,0,0.0,0,0.3992085313796997,83106972.29695874,0,83106972.29695874,0,0,0
9.5,0,54.0,0,54.0,0,54.0,0,0.0,0,0.0,83094077.70835643,0,83094077.70835643,0,0,0
9.5,0,54.0,0,54.0,0,54.0,0,0.0,0,0.0,83076136.50835338,0,83076136.50835338,0,0,0
9.5,0,50.0,0,50.0,0,50.0,0,0.0,0,0.3409649658203125,83106181.99702893,0,83106181.99702893,0,0,0
9.5,0,54.0,0,54.0,0,54.0,0,0.0,0,0.0,83072487.06064914,0,83072487.06064914,0,0,0
9.5,0,54.0,0,54.0,0,54.0,0,0.0,0,0.0,83076439.75144085,0,83076439.75144085,0,0,0
9.5,0,54.0,0,54.0,0,54.0,0,0.0,0,0.0,83094096.94567499,0,83094096.94567499,0,0,0
9.5,0,50.0,0,50.0,0,50.0,0,0.0,0,0.1051045083999633,83106703.06831312,0,83106703.06831312,0,0,0
9.5,0,54.0,0,54.0,0,54.0,0,0.0,0,0.0,83093269.93381914,0,83093269.93381914,0,0,0
9.5,0,50.2,0,50.133754280635095,0,52.0,0,0.4969953139951236,0,0.1094464468955993,83102464.54164939,0,83102464.54164939,0,0,0
9.5,0,54.0,0,54.0,0,54.0,0,0.0,0,0.0,83093229.85400283,0,83093229.85400283,0,0,0
9.5,0,54.0,0,54.0,0,54.0,0,0.0,0,0.0,83067364.37106249,0,83067364.37106249,0,0,0
9.5,0,42.18,0,42.27259313828586,0,44.88,0,0.8194626480146209,0,0.0,83128748.16471592,0,83128748.16471592,0,0,0
9.5,0,42.0,0,42.0,0,42.0,0,0.0,0,0.0,83124147.22010748,0,83124147.22010748,0,0,0
9.5,0,51.56,0,52.75247386514415,0,76.52,0,7.777509431078577,0,0.0874851417541504,83098806.22949731,0,83098806.22949731,0,0,0
9.5,0,54.0,0,54.0,0,54.0,0,0.0,0,0.0,83072296.35232301,0,83072296.35232301,0,0,0
9.5,0,42.0,0,42.0,0,42.0,0,0.0,0,0.0,83132493.04430428,0,83132493.04430428,0,0,0
9.5,0,42.0,0,42.0,0,42.0,0,0.0,0,0.0,83127719.10259357,0,83127719.10259357,0,0,0
9.5,0,54.0,0,54.0,0,54.0,0,0.0,0,0.0,83093440.82368469,0,83093440.82368469,0,0,0
9.5,0,42.0,0,42.0,0,42.0,0,0.0,0,0.0,83128668.1064921,0,83128668.1064921,0,0,0
9.5,0,42.0,0,42.0,0,42.0,0,0.0,0,0.0,83150056.6320849,0,83150056.6320849,0,0,0
9.5,0,54.0,0,54.0,0,54.0,0,0.0,0,0.0,83093385.45999944,0,83093385.45999944,0,0,0
9.5,0,50.0,0,50.0,0,50.0,0,0.0,0,0.079031708240509,83103005.99244894,0,83103005.99244894,0,0,0
9.5,0,54.0,0,54.0,0,54.0,0,0.0,0,0.0,83034007.82388628,0,83034007.82388628,0,0,0
9.5,0,54.0,0,54.0,0,54.0,0,0.0,0,0.0,83072084.5558642,0,83072084.5558642,0,0,0
9.5,0,42.0,0,42.0,0,42.0,0,0.0,0,0.0,83132155.11544079,0,83132155.11544079,0,0,0
9.5,0,54.0,0,54.0,0,54.0,0,0.0,0,0.0,83495288.26682915,0,83495288.26682915,0,0,0
9.5,0,50.0,0,50.0,0,50.0,0,0.0,0,0.0926301980018615,83103059.39720902,0,83103059.39720902,0,0,0
9.5,0,54.0,0,54.0,0,54.0,0,0.0,0,0.0,83064148.8202538,0,83064148.8202538,0,0,0
9.5,0,54.0,0,54.0,0,54.0,0,0.0,0,0.0,83071563.33412309,0,83071563.33412309,0,0,0
9.5,0,54.0,0,54.0,0,54.0,0,0.0,0,0.0,83094387.9443932,0,83094387.9443932,0,0,0
9.5,0,55.76,0,54.491938768489845,0,62.8,0,2.0198795335433752,0,0.0,83093968.60609369,0,83093968.60609369,0,0,0
9.5,0,50.0,0,50.0,0,50.0,0,0.0,0,0.2256257033348083,83107453.92669421,0,83107453.92669421,0,0,0
9.5,0,50.0,0,50.0,0,50.0,0,0.0,0,0.0630171751976013,83102216.69731946,0,83102216.69731946,0,0,0
9.5,0,54.0,0,54.0,0,54.0,0,0.0,0,0.0,83089077.5280653,0,83089077.5280653,0,0,0
9.5,0,50.0,0,50.0,0,50.0,0,0.0,0,0.1035930657386779,83107466.30388705,0,83107466.30388705,0,0,0
9.5,0,54.0,0,54.0,0,54.0,0,0.0,0,0.0,83072078.87440301,0,83072078.87440301,0,0,0
9.5,0,42.0,0,42.0,0,42.0,0,0.0,0,0.0,83127968.86683667,0,83127968.86683667,0,0,0
9.5,0,54.0,0,54.0,0,54.0,0,0.0,0,0.0,83093220.69819984,0,83093220.69819984,0,0,0
9.5,0,50.0,0,50.0,0,50.0,0,0.0,0,0.0769699454307556,83103054.40658967,0,83103054.40658967,0,0,0
9.5,0,42.0,0,42.0,0,42.0,0,0.0,0,0.0,83128149.64700033,0,83128149.64700033,0,0,0
9.5,0,54.06,0,54.105864379428624,0,55.02,0,0.2991349781184068,0,0.0,83495274.79162668,0,83495274.79162668,0,0,0
9.5,0,42.0,0,42.0,0,42.0,0,0.0,0,0.0,83132298.3304335,0,83132298.3304335,0,0,0
9.5,0,54.0,0,54.0,0,54.0,0,0.0,0,0.0,83089809.28190842,0,83089809.28190842,0,0,0
9.5,0,42.0,0,42.0,0,42.0,0,0.0,0,0.0,83150245.92559499,0,83150245.92559499,0,0,0
9.5,0,54.18,0,54.181950281143,0,54.84,0,0.3413130856856658,0,0.0,83094337.43463494,0,83094337.43463494,0,0,0
9.5,0,54.0,0,54.0,0,54.0,0,0.0,0,0.0,83089221.62662457,0,83089221.62662457,0,0,0
9.5,0,50.0,0,50.0,0,50.0,0,0.0,0,0.0693002104759216,83102220.98613125,0,83102220.98613125,0,0,0
9.5,0,50.1,0,50.13144063238104,0,51.5,0,0.4152570266747893,0,0.0356359815597534,83123562.0559493,0,83123562.0559493,0,0,0
9.5,0,50.2,0,50.03751977984176,0,50.4,0,0.1156456003166271,0,0.0448827266693115,83495210.04545432,0,83495210.04545432,0,0,0
9.5,0,50.0,0,50.0,0,50.0,0,0.0,0,0.1099036455154418,83101880.86877972,0,83101880.86877972,0,0,0
9.5,0,42.0,0,42.0,0,42.0,0,0.0,0,0.0,83149812.63444643,0,83149812.63444643,0,0,0
9.5,0,50.0,0,50.0,0,50.0,0,0.0,0,0.4127703595161438,83123495.83997177,0,83123495.83997177,0,0,0
9.5,0,54.0,0,54.0,0,54.0,0,0.0,0,0.0,83075896.9940526,0,83075896.9940526,0,0,0
9.5,0,42.0,0,42.0,0,42.0,0,0.0,0,0.0,83483226.66970986,0,83483226.66970986,0,0,0
9.5,0,42.0,0,42.0,0,42.0,0,0.0,0,0.0,83149380.1008178,0,83149380.1008178,0,0,0
9.5,0,54.2,0,54.08352118040199,0,55.4,0,0.3309284056961407,0,0.0199637699127197,83076013.13282472,0,83076013.13282472,0,0,0
9.5,0,43.35,0,43.98044853714397,0,58.48,0,4.755563233823006,0,0.0005116009712219,83128571.16094159,0,83128571.16094159,0,0,0
9.5,0,42.0,0,42.0,0,42.0,0,0.0,0,0.0,83149563.09715599,0,83149563.09715599,0,0,0
9.5,0,50.0,0,50.0,0,50.0,0,0.0,0,0.2323296952247619,83123819.45122217,0,83123819.45122217,0,0,0
9.5,0,55.57,0,54.078500000000005,0,55.57,0,0.3421735670679429,0,2.295613090991974,83067299.62885085,0,83067299.62885085,0,0,0
9.5,0,42.0,0,42.0,0,42.0,0,0.0,0,0.0,83124076.6212859,0,83124076.6212859,0,0,0
9.5,0,43.88,0,44.47108388876346,0,70.2,0,7.806832101486041,0,0.050109839439392,83128557.37623216,0,83128557.37623216,0,0,0
9.5,0,43.88,0,44.84708388876346,0,72.08,0,8.55883210148604,0,0.0,83128155.8802965,0,83128155.8802965,0,0,0
9.5,0,42.0,0,42.0,0,42.0,0,0.0,0,0.0,83128814.0925557,0,83128814.0925557,0,0,0
9.5,0,54.0,0,54.0,0,54.0,0,0.0,0,0.0,83089713.4846653,0,83089713.4846653,0,0,0
9.5,0,42.24,0,42.08308255933953,0,43.44,0,0.3353046363988434,0,0.0505355906486511,83128155.27075323,0,83128155.27075323,0,0,0
9.5,0,54.0,0,54.0,0,54.0,0,0.0,0,0.0,83067381.55196832,0,83067381.55196832,0,0,0
9.5,0,54.0,0,54.0,0,54.0,0,0.0,0,0.0,83089239.07474083,0,83089239.07474083,0,0,0
9.5,0,42.0,0,42.0,0,42.0,0,0.0,0,0.0,83128816.29055732,0,83128816.29055732,0,0,0
9.5,0,54.0,0,54.0,0,54.0,0,0.0,0,0.0,83093357.73811598,0,83093357.73811598,0,0,0
9.5,0,42.0,0,42.0,0,42.0,0,0.0,0,0.0,83149343.77506697,0,83149343.77506697,0,0,0
9.5,0,50.0,0,50.0,0,50.0,0,0.0,0,1.2673626160621645,83102387.59204549,0,83102387.59204549,0,0,0
9.5,0,42.0,0,42.0,0,42.0,0,0.0,0,0.0,83150338.91893633,0,83150338.91893633,0,0,0
9.5,0,54.0,0,54.0,0,54.0,0,0.0,0,0.0,83076914.52195424,0,83076914.52195424,0,0,0
9.5,0,54.06,0,54.009491228070175,0,54.18,0,0.0402181949455137,0,0.0,83093357.38236654,0,83093357.38236654,0,0,0
9.5,0,50.0,0,50.0,0,50.0,0,0.0,0,0.0262971973419189,83106509.9699854,0,83106509.9699854,0,0,0
9.5,0,50.6,0,50.69102474666715,0,55.7,0,1.5653304906464365,0,0.0943923592567443,83106487.2549005,0,83106487.2549005,0,0,0
9.5,0,50.0,0,50.0,0,50.0,0,0.0,0,0.050542709827423,83107459.66151506,0,83107459.66151506,0,0,0
9.5,0,54.06,0,54.02077063983488,0,54.36,0,0.0838261590997108,0,0.0,83076453.24150722,0,83076453.24150722,0,0,0
9.5,0,50.0,0,50.0,0,50.0,0,0.0,0,0.0145791411399841,83123874.60407513,0,83123874.60407513,0,0,0
9.5,0,42.0,0,42.0,0,42.0,0,0.0,0,0.0,83128995.61565563,0,83128995.61565563,0,0,0
9.5,0,50.0,0,50.0,0,50.0,0,0.0,0,0.0536137080192565,83102460.62013623,0,83102460.62013623,0,0,0
9.5,0,54.0,0,54.0,0,54.0,0,0.0,0,0.0,83089933.20792401,0,83089933.20792401,0,0,0
9.5,0,54.0,0,54.0,0,54.0,0,0.0,0,0.0,83033537.87207867,0,83033537.87207867,0,0,0
9.5,0,50.0,0,50.0,0,50.0,0,0.0,0,0.1366348195075988,83102232.69440679,0,83102232.69440679,0,0,0
9.5,0,54.54,0,54.453404456482616,0,57.78,0,1.171233200755313,0,0.0096909236907958,83072361.316274,0,83072361.316274,0,0,0
9.5,0,56.39,0,57.193901913531946,0,85.21,0,9.077999708644692,0,0.0782403802871704,83089958.0460708,0,83089958.0460708,0,0,0
9.5,0,54.0,0,54.0,0,54.0,0,0.0,0,0.0,83076174.67708068,0,83076174.67708068,0,0,0
9.5,0,50.0,0,50.0,0,50.0,0,0.0,0,0.072839343547821,83102153.83583854,0,83102153.83583854,0,0,0
9.5,0,50.0,0,50.0,0,50.0,0,0.0,0,0.0873675489425659,83123746.96205552,0,83123746.96205552,0,0,0
9.5,0,50.0,0,50.0,0,50.0,0,0.0,0,0.0934158754348754,83102351.33733706,0,83102351.33733706,0,0,0
9.5,0,42.0,0,42.0,0,42.0,0,0.0,0,0.0,83124884.67439017,0,83124884.67439017,0,0,0
9.5,0,43.02,0,42.69816323150533,0,50.04,0,2.0542428864613567,0,0.0082483911514282,83124813.1652995,0,83124813.1652995,0,0,0
9.5,0,52.58,0,50.79242119653652,0,58.72,0,2.115027635366658,0,0.4755662155151367,83098761.88869774,0,83098761.88869774,0,0,0
9.5,0,42.18,0,42.05031191950464,0,42.9,0,0.2065785886578451,0,0.0,83132092.67121471,0,83132092.67121471,0,0,0
9.5,0,54.0,0,54.0,0,54.0,0,0.0,0,0.0,83033929.85852918,0,83033929.85852918,0,0,0
9.5,0,54.0,0,54.0,0,54.0,0,0.0,0,0.0,83094141.13202381,0,83094141.13202381,0,0,0
9.5,0,50.0,0,50.0,0,50.0,0,0.0,0,0.5788980412483216,83123734.24921468,0,83123734.24921468,0,0,0
9.5,0,50.6,0,50.79531046095288,0,53.2,0,1.3512021436925357,0,0.1782727980613708,83123621.78206989,0,83123621.78206989,0,0,0
9.5,0,50.0,0,50.0,0,50.0,0,0.0,0,0.10024578332901,83098517.07723477,0,83098517.07723477,0,0,0
9.5,0,42.0,0,42.0,0,42.0,0,0.0,0,0.0,83149322.17055248,0,83149322.17055248,0,0,0
9.5,0,42.0,0,42.0,0,42.0,0,0.0,0,0.0,83149494.78256279,0,83149494.78256279,0,0,0
9.5,0,50.0,0,50.0,0,50.0,0,0.0,0,0.1686612248420715,83102443.59110951,0,83102443.59110951,0,0,0
9.5,0,54.76,0,54.16492810457517,0,57.04,0,0.6882539987216052,0,0.0254417300224304,83495272.44142666,0,83495272.44142666,0,0,0
9.5,0,42.18,0,42.02847368421053,0,42.54,0,0.1206545848365411,0,0.0,83124897.86112934,0,83124897.86112934,0,0,0
9.5,0,50.0,0,50.0,0,50.0,0,0.0,0,0.1654508972167968,83106698.01445326,0,83106698.01445326,0,0,0
9.5,0,50.0,0,50.0,0,50.0,0,0.0,0,0.0794593143463134,83495212.71611063,0,83495212.71611063,0,0,0
9.5,0,56.9,0,55.21105711582879,0,74.3,0,4.798461882594041,0,0.10376140832901,83093131.604354,0,83093131.604354,0,0,0
9.5,0,50.0,0,50.0,0,50.0,0,0.0,0,0.044034240245819,83106933.37692714,0,83106933.37692714,0,0,0
9.5,0,54.0,0,54.0,0,54.0,0,0.0,0,0.0,83068384.4035746,0,83068384.4035746,0,0,0
9.5,0,42.16,0,42.21030501180965,0,44.4,0,0.664411242679663,0,0.0,83149628.54053952,0,83149628.54053952,0,0,0
9.5,0,50.0,0,50.0,0,50.0,0,0.0,0,0.108183901309967,83098760.89551733,0,83098760.89551733,0,0,0
9.5,0,54.0,0,54.0,0,54.0,0,0.0,0,0.0,83094398.93980698,0,83094398.93980698,0,0,0
9.5,0,54.67,0,54.068763157894736,0,55.34,0,0.2956320230491347,0,0.0099542093276977,83088830.58116083,0,83088830.58116083,0,0,0
9.5,0,50.0,0,50.0,0,50.0,0,0.0,0,0.1142030525207519,83102797.99424618,0,83102797.99424618,0,0,0
9.5,0,42.0,0,42.0,0,42.0,0,0.0,0,0.0,83128825.13315168,0,83128825.13315168,0,0,0
9.5,0,54.06,0,54.04612628419052,0,54.66,0,0.167098594198537,0,0.0,99676942.31370968,0,99676942.31370968,0,0,0
9.5,0,54.0,0,54.0,0,54.0,0,0.0,0,0.0,83033393.7195481,0,83033393.7195481,0,0,0
9.5,0,54.0,0,54.0,0,54.0,0,0.0,0,0.0,83076452.50695749,0,83076452.50695749,0,0,0
9.5,0,53.09,0,52.964140582199015,0,87.05,0,9.766714967428229,0,0.031907799243927,83106963.99440548,0,83106963.99440548,0,0,0
9.5,0,42.0,0,42.0,0,42.0,0,0.0,0,0.0,83149681.59749275,0,83149681.59749275,0,0,0
9.5,0,54.2,0,54.30288126476207,0,57.2,0,0.9105140533495788,0,0.0091442608833312,83093976.44772442,0,83093976.44772442,0,0,0
9.5,0,50.08,0,50.0334084721608,0,50.56,0,0.1323713622784562,0,0.1551266431808471,83123681.03509355,0,83123681.03509355,0,0,0
9.5,0,50.0,0,50.0,0,50.0,0,0.0,0,0.0856360483169555,83097609.0411437,0,83097609.0411437,0,0,0
9.5,0,54.0,0,54.0,0,54.0,0,0.0,0,0.0,83033923.17536901,0,83033923.17536901,0,0,0
9.5,0,42.94,0,42.26274002407981,0,46.7,0,1.0787992963243027,0,0.0284911394119262,83483272.10016869,0,83483272.10016869,0,0,0
9.5,0,42.0,0,42.0,0,42.0,0,0.0,0,0.0,83483200.14361979,0,83483200.14361979,0,0,0
9.5,0,42.0,0,42.0,0,42.0,0,0.0,0,0.0,83132194.31853163,0,83132194.31853163,0,0,0
9.5,0,42.0,0,42.0,0,42.0,0,0.0,0,0.0,83149396.11522137,0,83149396.11522137,0,0,0
9.5,0,52.83,0,53.27476989638328,0,87.54,0,10.112347775911324,0,0.1051461577415466,83106303.31080623,0,83106303.31080623,0,0,0
9.5,0,54.36,0,54.05694736842105,0,55.08,0,0.2413091696730823,0,0.0,83072022.41997008,0,83072022.41997008,0,0,0
9.5,0,54.04,0,54.10390958628575,0,54.76,0,0.2382794995772457,0,0.0062724089622497,83094407.93750745,0,83094407.93750745,0,0,0
9.5,0,52.39,0,50.853792391518006,0,62.49,0,2.932910868205458,0,0.0191377711296081,83102461.85202725,0,83102461.85202725,0,0,0
9.5,0,54.0,0,54.0,0,54.0,0,0.0,0,0.0,83093971.37616771,0,83093971.37616771,0,0,0
9.5,0,50.0,0,50.0,0,50.0,0,0.0,0,0.2843820309638977,83123732.30560829,0,83123732.30560829,0,0,0
9.5,0,54.0,0,54.0,0,54.0,0,0.0,0,0.0,83072008.296742,0,83072008.296742,0,0,0
9.5,0,50.0,0,50.0,0,50.0,0,0.0,0,0.1673451828956604,83123515.9694746,0,83123515.9694746,0,0,0
9.5,0,54.0,0,54.0,0,54.0,0,0.0,0,0.0,83093177.35134988,0,83093177.35134988,0,0,0
9.5,0,50.0,0,50.0,0,50.0,0,0.0,0,0.0593083882331848,83123823.29665625,0,83123823.29665625,0,0,0
9.5,0,42.0,0,42.0,0,42.0,0,0.0,0,0.0,83128567.75094853,0,83128567.75094853,0,0,0
9.5,0,55.72,0,60.068112210287126,0,86.0,0,9.385126738018776,0,0.1166129517555236,83093271.34700082,0,83093271.34700082,0,0,0
9.5,0,42.0,0,42.0,0,42.0,0,0.0,0,0.0,83128567.20077264,0,83128567.20077264,0,0,0
9.5,0,50.0,0,50.0,0,50.0,0,0.0,0,0.0655493807792663,83097602.4196466,0,83097602.4196466,0,0,0
9.5,0,50.0,0,50.0,0,50.0,0,0.0,0,0.1645217943191528,83097632.82349916,0,83097632.82349916,0,0,0
9.5,0,54.0,0,54.0,0,54.0,0,0.0,0,0.005911796092987,83089058.22200617,0,83089058.22200617,0,0,0
9.5,0,50.18,0,50.42759313828586,0,51.9,0,0.6870527944098711,0,0.2628340506553649,83102034.316784,0,83102034.316784,0,0,0
9.5,0,54.0,0,54.0,0,54.0,0,0.0,0,0.0,83037697.69649076,0,83037697.69649076,0,0,0
9.5,0,50.16,0,50.03472170622636,0,50.64,0,0.1448955786782326,0,0.1244461631774902,83097863.22167976,0,83097863.22167976,0,0,0
9.5,0,50.0,0,50.0,0,50.0,0,0.0,0,0.1308395004272461,83103115.74530797,0,83103115.74530797,0,0,0
9.5,0,54.23,0,54.0236052631579,0,54.46,0,0.101485619852688,0,0.0010437297821044,83093963.88284928,0,83093963.88284928,0,0,0
9.5,0,43.6,0,44.345849680763,0,53.25,0,3.804075976661701,0,0.0128323197364807,83128641.13182358,0,83128641.13182358,0,0,0
9.5,0,54.06,0,54.09086437942861,0,54.96,0,0.2731542160048735,0,0.0,83067248.36566357,0,83067248.36566357,0,0,0
9.5,0,43.88,0,43.4452902379698,0,62.68,0,5.235755951554162,0,0.0,83153709.28339866,0,83153709.28339866,0,0,0
9.5,0,55.52,0,55.52742142171554,0,73.76,0,5.213547049866791,0,0.0,83067290.81084685,0,83067290.81084685,0,0,0
9.5,0,54.0,0,54.0,0,54.0,0,0.0,0,0.0,83076174.43243963,0,83076174.43243963,0,0,0
9.5,0,54.2,0,54.51954793142873,0,57.8,0,1.1913974978862287,0,0.0,83067356.16160654,0,83067356.16160654,0,0,0
9.5,0,42.0,0,42.0,0,42.0,0,0.0,0,0.0,83150114.06579928,0,83150114.06579928,0,0,0
9.5,0,54.0,0,54.0,0,54.0,0,0.0,0,0.0,83034010.60641819,0,83034010.60641819,0,0,0
9.5,0,42.0,0,42.0,0,42.0,0,0.0,0,0.0,83150696.01048328,0,83150696.01048328,0,0,0
9.5,0,42.0,0,42.0,0,42.0,0,0.0,0,0.0,83128028.39263883,0,83128028.39263883,0,0,0
9.5,0,50.0,0,50.0,0,50.0,0,0.0,0,0.0480656504631042,83102997.35183088,0,83102997.35183088,0,0,0
9.5,0,54.0,0,54.0,0,54.0,0,0.0,0,0.0,83067295.24205664,0,83067295.24205664,0,0,0
9.5,0,42.0,0,42.0,0,42.0,0,0.0,0,0.0,83149749.10456192,0,83149749.10456192,0,0,0
9.5,0,54.0,0,54.0,0,54.0,0,0.0,0,0.0,83093995.39401968,0,83093995.39401968,0,0,0
9.5,0,42.0,0,42.0,0,42.0,0,0.0,0,0.0,83150631.36556101,0,83150631.36556101,0,0,0
9.5,0,42.0,0,42.0,0,42.0,0,0.0,0,0.0,83149509.3004736,0,83149509.3004736,0,0,0
9.5,0,42.0,0,42.0,0,42.0,0,0.0,0,0.0,83149324.48020062,0,83149324.48020062,0,0,0
9.5,0,54.0,0,54.0,0,54.0,0,0.0,0,0.0,83090059.84072372,0,83090059.84072372,0,0,0
9.5,0,54.0,0,54.0,0,54.0,0,0.0,0,0.0,83033826.37928586,0,83033826.37928586,0,0,0
9.5,0,54.0,0,54.0,0,54.0,0,0.0,0,0.0,83034041.35035765,0,83034041.35035765,0,0,0
9.5,0,54.0,0,54.0,0,54.0,0,0.0,0,0.0,83068275.54199173,0,83068275.54199173,0,0,0
9.5,0,54.0,0,54.0,0,54.0,0,0.0,0,0.0,83089172.83797432,0,83089172.83797432,0,0,0
9.5,0,50.0,0,50.0,0,50.0,0,0.0,0,0.0196624398231506,83123570.20789295,0,83123570.20789295,0,0,0
9.5,0,42.0,0,42.0,0,42.0,0,0.0,0,0.0,83149581.74694017,0,83149581.74694017,0,0,0
9.5,0,54.0,0,54.0,0,54.0,0,0.0,0,0.0,83089221.145058,0,83089221.145058,0,0,0
9.5,0,50.24,0,50.012,0,50.24,0,0.052306787322488,0,0.0702673459053039,83098598.19656898,0,83098598.19656898,0,0,0
9.5,0,51.9,0,50.9319127522804,0,64.4,0,3.4520082032758683,0,0.0699480366706848,83098792.81374985,0,83098792.81374985,0,0,0
9.5,0,54.0,0,54.0,0,54.0,0,0.0,0,0.0,83076030.87827024,0,83076030.87827024,0,0,0
9.5,0,54.0,0,54.0,0,54.0,0,0.0,0,0.0,83033834.42824394,0,83033834.42824394,0,0,0
9.5,0,54.0,0,54.0,0,54.0,0,0.0,0,0.0,83071578.44405639,0,83071578.44405639,0,0,0
9.5,0,42.0,0,42.0,0,42.0,0,0.0,0,0.0,83124836.69990832,0,83124836.69990832,0,0,0
9.5,0,42.84,0,42.94766408256346,0,48.36,0,2.1090275963113947,0,0.1208241415023803,83128155.34446567,0,83128155.34446567,0,0,0
9.5,0,54.0,0,54.0,0,54.0,0,0.0,0,0.0,83089739.75289227,0,83089739.75289227,0,0,0
9.5,0,54.0,0,54.0,0,54.0,0,0.0,0,0.0,83072305.82146099,0,83072305.82146099,0,0,0
9.5,0,54.0,0,54.0,0,54.0,0,0.0,0,0.0,83076262.49850601,0,83076262.49850601,0,0,0
9.5,0,54.4,0,54.18242697618859,0,55.6,0,0.5060803268946411,0,0.0,83076026.16026315,0,83076026.16026315,0,0,0
9.5,0,42.0,0,42.0,0,42.0,0,0.0,0,0.0,83129044.8641722,0,83129044.8641722,0,0,0
9.5,0,42.0,0,42.0,0,42.0,0,0.0,0,0.0,83124652.19052562,0,83124652.19052562,0,0,0
9.5,0,50.0,0,50.0,0,50.0,0,0.0,0,0.0315618133544921,83106321.68452716,0,83106321.68452716,0,0,0
9.5,0,42.0,0,42.0,0,42.0,0,0.0,0,0.0,83128760.78558332,0,83128760.78558332,0,0,0
9.5,0,42.16,0,42.008,0,42.16,0,0.0348711915483253,0,0.0321233797073364,83150314.25264819,0,83150314.25264819,0,0,0
9.5,0,50.0,0,50.0,0,50.0,0,0.0,0,0.0816761708259582,83102879.44260767,0,83102879.44260767,0,0,0
9.5,0,50.16,0,50.16078120228585,0,52.08,0,0.5487944263017674,0,0.1443732166290283,83106189.84147449,0,83106189.84147449,0,0,0
9.5,0,54.0,0,54.0,0,54.0,0,0.0,0,0.0,83068273.41341381,0,83068273.41341381,0,0,0
9.5,0,42.0,0,42.0,0,42.0,0,0.0,0,0.0,83483199.0117016,0,83483199.0117016,0,0,0
9.5,0,42.0,0,42.0,0,42.0,0,0.0,0,0.0,83128623.46835428,0,83128623.46835428,0,0,0
9.5,0,54.0,0,54.0,0,54.0,0,0.0,0,0.0,83093495.83466695,0,83093495.83466695,0,0,0
9.5,0,54.0,0,54.0,0,54.0,0,0.0,0,0.0,83094094.83889122,0,83094094.83889122,0,0,0
9.5,0,42.0,0,42.0,0,42.0,0,0.0,0,0.0,83128044.66271746,0,83128044.66271746,0,0,0
9.5,0,50.0,0,50.0,0,50.0,0,0.0,0,0.2270620727539062,83102140.91064094,0,83102140.91064094,0,0,0
9.5,0,54.0,0,54.0,0,54.0,0,0.0,0,0.0,83067510.86472301,0,83067510.86472301,0,0,0
9.5,0,42.0,0,42.0,0,42.0,0,0.0,0,0.0,83124773.88733532,0,83124773.88733532,0,0,0
9.5,0,54.0,0,54.0,0,54.0,0,0.0,0,0.0,83089963.21795759,0,83089963.21795759,0,0,0
9.5,0,54.0,0,54.0,0,54.0,0,0.0,0,0.0,83067364.89952685,0,83067364.89952685,0,0,0
9.5,0,50.0,0,50.0,0,50.0,0,0.0,0,0.0597557091712951,83123628.8071891,0,83123628.8071891,0,0,0
9.5,0,42.0,0,42.0,0,42.0,0,0.0,0,0.0,83150050.05476534,0,83150050.05476534,0,0,0
9.5,0,50.0,0,50.0,0,50.0,0,0.0,0,0.274970178604126,83123740.142978,0,83123740.142978,0,0,0
9.5,0,54.0,0,54.0,0,54.0,0,0.0,0,0.0,83033543.92385422,0,83033543.92385422,0,0,0
9.5,0,50.0,0,50.0,0,50.0,0,0.0,0,0.0125547695159912,83123700.6360271,0,83123700.6360271,0,0,0
9.5,0,42.0,0,42.0,0,42.0,0,0.0,0,0.0,83128886.79947963,0,83128886.79947963,0,0,0
9.5,0,146.16,0,148.9347652777219,0,174.0,0,36.19353826834668,0,0.0,83089453.50863782,0,83089453.50863782,0,0,0
9.5,0,50.3,0,50.23174253206373,0,52.3,0,0.678235234642959,0,0.0815615272521972,83098924.12550922,0,83098924.12550922,0,0,0
9.5,0,54.4,0,54.08680426556588,0,55.6,0,0.3622389466955816,0,7.858037948608398e-05,83072306.5605811,0,83072306.5605811,0,0,0
9.5,0,42.0,0,42.0,0,42.0,0,0.0,0,0.0,83149702.86445309,0,83149702.86445309,0,0,0
9.5,0,42.0,0,42.0,0,42.0,0,0.0,0,0.0,83128816.25607792,0,83128816.25607792,0,0,0
9.5,0,50.0,0,50.0,0,50.0,0,0.0,0,0.0409342122077941,83123612.80263306,0,83123612.80263306,0,0,0
9.5,0,42.0,0,42.0,0,42.0,0,0.0,0,0.0,83149824.6806998,0,83149824.6806998,0,0,0
9.5,0,50.0,0,50.0,0,50.0,0,0.0,0,0.0370393419265747,83123493.70444162,0,83123493.70444162,0,0,0
9.5,0,42.0,0,42.0,0,42.0,0,0.0,0,0.0,83124897.68343699,0,83124897.68343699,0,0,0
9.5,0,54.24,0,54.118686954943904,0,55.92,0,0.4610667320379121,0,0.0001808309555053,83076198.07550055,0,83076198.07550055,0,0,0
9.5,0,50.0,0,50.0,0,50.0,0,0.0,0,0.0565177917480468,83106625.21958192,0,83106625.21958192,0,0,0
9.5,0,42.0,0,42.0,0,42.0,0,0.0,0,0.0,83132308.7194569,0,83132308.7194569,0,0,0
9.5,0,54.12,0,54.43172875885725,0,56.4,0,0.7148384987317374,0,0.0,83072082.62275372,0,83072082.62275372,0,0,0
9.5,0,54.24,0,54.45029878755576,0,58.04,0,1.2027965606852538,0,0.0256364297866821,83072028.93564287,0,83072028.93564287,0,0,0
9.5,0,54.0,0,54.0,0,54.0,0,0.0,0,0.0,83067582.78163762,0,83067582.78163762,0,0,0
9.5,0,42.0,0,42.0,0,42.0,0,0.0,0,0.0,83124628.23290654,0,83124628.23290654,0,0,0
9.5,0,54.0,0,54.0,0,54.0,0,0.0,0,0.0,83071577.05827259,0,83071577.05827259,0,0,0
9.5,0,42.0,0,42.0,0,42.0,0,0.0,0,0.0,83132079.67999367,0,83132079.67999367,0,0,0
9.5,0,54.0,0,54.0,0,54.0,0,0.0,0,0.0,83068395.5882649,0,83068395.5882649,0,0,0
9.5,0,50.0,0,50.0,0,50.0,0,0.0,0,0.0185702753067016,83106700.67842413,0,83106700.67842413,0,0,0
9.5,0,54.0,0,54.0,0,54.0,0,0.0,0,0.0,83068293.871772,0,83068293.871772,0,0,0
9.5,0,50.48,0,50.26313148564542,0,53.24,0,0.8664003149070357,0,0.0629556488990783,83102282.06502481,0,83102282.06502481,0,0,0
9.5,0,50.0,0,50.0,0,50.0,0,0.0,0,0.0451263952255249,83101932.12698658,0,83101932.12698658,0,0,0
9.5,0,50.0,0,50.0,0,50.0,0,0.0,0,0.0667065238952636,83106924.83930483,0,83106924.83930483,0,0,0
9.5,0,42.0,0,42.0,0,42.0,0,0.0,0,0.0,83150699.23348683,0,83150699.23348683,0,0,0
9.5,0,54.0,0,54.0,0,54.0,0,0.0,0,0.0,83072478.87915327,0,83072478.87915327,0,0,0
9.5,0,54.0,0,54.0,0,54.0,0,0.0,0,0.0,83093450.48149082,0,83093450.48149082,0,0,0
9.5,0,50.24,0,50.18450513676211,0,52.64,0,0.6683943767941483,0,0.1104089951515197,83098628.56534104,0,83098628.56534104,0,0,0
9.5,0,54.0,0,54.0,0,54.0,0,0.0,0,0.0,83076026.47002658,0,83076026.47002658,0,0,0
9.5,0,42.0,0,42.0,0,42.0,0,0.0,0,0.0,83128675.87556471,0,83128675.87556471,0,0,0
9.5,0,42.0,0,42.0,0,42.0,0,0.0,0,0.0,83129001.80091605,0,83129001.80091605,0,0,0
9.5,0,54.2,0,54.17597650285731,0,56.4,0,0.6198492501005944,0,0.0400998497009277,83089131.4944971,0,83089131.4944971,0,0,0
9.5,0,42.0,0,42.0,0,42.0,0,0.0,0,0.0,83149641.4221195,0,83149641.4221195,0,0,0
9.5,0,42.18,0,42.64759313828586,0,45.6,0,1.072257748097606,0,0.0,83127726.62030444,0,83127726.62030444,0,0,0
9.5,0,54.06,0,54.09086437942862,0,54.96,0,0.2731542160048736,0,0.0,83037109.2379016,0,83037109.2379016,0,0,0
9.5,0,54.0,0,54.0,0,54.0,0,0.0,0,0.0,83090067.24303745,0,83090067.24303745,0,0,0
9.5,0,42.0,0,42.0,0,42.0,0,0.0,0,0.0,83150325.00139846,0,83150325.00139846,0,0,0
9.5,0,42.72,0,44.59037255314346,0,56.4,0,4.289030992390424,0,0.0009599804878234,83124781.78540865,0,83124781.78540865,0,0,0
9.5,0,51.56,0,50.65146520713549,0,60.92,0,2.581241564429897,0,0.0424952030181884,83123862.01025438,0,83123862.01025438,0,0,0
9.5,0,42.0,0,42.0,0,42.0,0,0.0,0,0.0,83132285.64444172,0,83132285.64444172,0,0,0
9.5,0,54.0,0,54.0,0,54.0,0,0.0,0,0.0,83089914.256927,0,83089914.256927,0,0,0
9.5,0,54.0,0,54.0,0,54.0,0,0.0,0,0.0,83093411.99750444,0,83093411.99750444,0,0,0
9.5,0,54.0,0,54.0,0,54.0,0,0.0,0,0.0,83093459.10505576,0,83093459.10505576,0,0,0
9.5,0,42.0,0,42.0,0,42.0,0,0.0,0,0.0,83124811.99545893,0,83124811.99545893,0,0,0
9.5,0,54.0,0,54.0,0,54.0,0,0.0,0,0.0,83090135.68758714,0,83090135.68758714,0,0,0
9.5,0,42.0,0,42.0,0,42.0,0,0.0,0,0.0,83124511.85754372,0,83124511.85754372,0,0,0
9.5,0,42.0,0,42.0,0,42.0,0,0.0,0,0.0,83150694.7515788,0,83150694.7515788,0,0,0
9.5,0,42.0,0,42.0,0,42.0,0,0.0,0,0.0,83150036.79167402,0,83150036.79167402,0,0,0
9.5,0,54.0,0,54.0,0,54.0,0,0.0,0,0.0,83093368.63115016,0,83093368.63115016,0,0,0
9.5,0,42.18,0,42.20659313828586,0,44.52,0,0.6803806086896271,0,0.0,83149510.73205632,0,83149510.73205632,0,0,0
9.5,0,63.72,0,57.36484365325077,0,112.32,0,13.579837774153155,0,0.0710464191436767,83093352.5604979,0,83093352.5604979,0,0,0
9.5,0,54.0,0,54.0,0,54.0,0,0.0,0,0.0,83076251.99087778,0,83076251.99087778,0,0,0
9.5,0,42.0,0,42.0,0,42.0,0,0.0,0,0.0,83124651.9547155,0,83124651.9547155,0,0,0
9.5,0,42.36,0,43.11518627657172,0,45.6,0,1.2629375008293082,0,0.0,83124156.66083737,0,83124156.66083737,0,0,0
9.5,0,42.0,0,42.0,0,42.0,0,0.0,0,0.0,83132734.80952005,0,83132734.80952005,0,0,0
9.5,0,54.0,0,54.0,0,54.0,0,0.0,0,0.0,83089243.17734598,0,83089243.17734598,0,0,0
9.5,0,54.0,0,54.0,0,54.0,0,0.0,0,0.0,83089168.51352558,0,83089168.51352558,0,0,0
9.5,0,42.0,0,42.0,0,42.0,0,0.0,0,0.0,83149558.59351014,0,83149558.59351014,0,0,0
9.5,0,54.69,0,54.16060444036528,0,55.67,0,0.4725750308591094,0,0.0192901897430419,83064144.74296677,0,83064144.74296677,0,0,0
9.5,0,42.0,0,42.0,0,42.0,0,0.0,0,0.0,83150182.67473276,0,83150182.67473276,0,0,0
9.5,0,50.0,0,50.0,0,50.0,0,0.0,0,0.1901394963264465,83098691.42153163,0,83098691.42153163,0,0,0
9.5,0,42.0,0,42.0,0,42.0,0,0.0,0,0.0,83128386.43271239,0,83128386.43271239,0,0,0
9.5,0,54.0,0,54.0,0,54.0,0,0.0,0,0.0,83076506.16933817,0,83076506.16933817,0,0,0
9.5,0,54.0,0,54.0,0,54.0,0,0.0,0,0.0,83094397.27631916,0,83094397.27631916,0,0,0
9.5,0,54.0,0,54.0,0,54.0,0,0.0,0,0.0,83093258.14019458,0,83093258.14019458,0,0,0
9.5,0,50.0,0,50.0,0,50.0,0,0.0,0,0.2766516304016113,83098374.45866866,0,83098374.45866866,0,0,0
9.5,0,50.1,0,50.11477396571436,0,51.4,0,0.3779892270497929,0,0.3767723226547241,83106613.30709913,0,83106613.30709913,0,0,0
9.5,0,50.0,0,50.0,0,50.0,0,0.0,0,0.08834881067276,83102873.4100503,0,83102873.4100503,0,0,0
9.5,0,42.0,0,42.0,0,42.0,0,0.0,0,0.0,83149616.11571385,0,83149616.11571385,0,0,0
9.5,0,50.0,0,50.0,0,50.0,0,0.0,0,0.0610301637649536,83098781.90665914,0,83098781.90665914,0,0,0
9.5,0,42.0,0,42.0,0,42.0,0,0.0,0,0.0,83123994.3680518,0,83123994.3680518,0,0,0
9.5,0,42.0,0,42.0,0,42.0,0,0.0,0,0.0,83124701.68029633,0,83124701.68029633,0,0,0
9.5,0,54.0,0,54.0,0,54.0,0,0.0,0,0.0,83033931.85927643,0,83033931.85927643,0,0,0
9.5,0,42.0,0,42.0,0,42.0,0,0.0,0,0.0,83128364.48600847,0,83128364.48600847,0,0,0
9.5,0,42.0,0,42.0,0,42.0,0,0.0,0,0.0,83149587.88210915,0,83149587.88210915,0,0,0
9.5,0,42.0,0,42.0,0,42.0,0,0.0,0,0.0,83124752.77196838,0,83124752.77196838,0,0,0
9.5,0,54.04,0,54.035195300571466,0,54.48,0,0.1239698500201188,0,0.0016603136062622,83090046.78723268,0,83090046.78723268,0,0,0
9.5,0,50.0,0,50.0,0,50.0,0,0.0,0,0.040927710533142,83123487.57727621,0,83123487.57727621,0,0,0
9.5,0,50.0,0,50.0,0,50.0,0,0.0,0,0.2335030817985534,83101864.5741158,0,83101864.5741158,0,0,0
9.5,0,54.1,0,54.10620253714293,0,54.82,0,0.251055676190586,0,8.684873580932617e-05,83093448.90518878,0,83093448.90518878,0,0,0
9.5,0,54.0,0,54.0,0,54.0,0,0.0,0,0.0,83088816.08388807,0,83088816.08388807,0,0,0
9.5,0,50.0,0,50.0,0,50.0,0,0.0,0,0.0474182558059692,83123811.41510312,0,83123811.41510312,0,0,0
9.5,0,54.0,0,54.0,0,54.0,0,0.0,0,0.0,83072313.39583147,0,83072313.39583147,0,0,0
9.5,0,42.0,0,42.0,0,42.0,0,0.0,0,0.0,83124834.95967662,0,83124834.95967662,0,0,0
9.5,0,54.0,0,54.0,0,54.0,0,0.0,0,0.0,83034131.86050822,0,83034131.86050822,0,0,0
9.5,0,50.0,0,50.0,0,50.0,0,0.0,0,0.4683357286453247,83102296.80464052,0,83102296.80464052,0,0,0
9.5,0,42.0,0,42.0,0,42.0,0,0.0,0,0.0,83149498.21661404,0,83149498.21661404,0,0,0
9.5,0,50.0,0,50.0,0,50.0,0,0.0,0,0.0801226615905761,83106619.46143536,0,83106619.46143536,0,0,0
9.5,0,42.0,0,42.0,0,42.0,0,0.0,0,0.0,83482371.24632174,0,83482371.24632174,0,0,0
9.5,0,42.0,0,42.0,0,42.0,0,0.0,0,0.0,83483282.45272364,0,83483282.45272364,0,0,0
9.5,0,42.0,0,42.0,0,42.0,0,0.0,0,0.0,83128642.98924671,0,83128642.98924671,0,0,0
9.5,0,43.6,0,43.23003424508068,0,59.6,0,4.455962511960988,0,0.0498293304443359,83124639.20644018,0,83124639.20644018,0,0,0
9.5,0,50.63,0,50.17609171826625,0,53.15,0,0.7230250603024583,0,0.1597362852096557,83103041.10827157,0,83103041.10827157,0,0,0
9.5,0,50.4,0,50.05216374269006,0,50.6,0,0.1671907257274567,0,0.0722472381591796,83102297.81186655,0,83102297.81186655,0,0,0
9.5,0,42.0,0,42.0,0,42.0,0,0.0,0,0.0,83132206.13994502,0,83132206.13994502,0,0,0
9.5,0,68.6,0,84.62699899429775,0,316.8,0,79.67201734569471,0,0.0293000698089599,83033909.85705888,0,83033909.85705888,0,0,0
9.5,0,50.0,0,50.0,0,50.0,0,0.0,0,0.0621831607818603,83123484.0943399,0,83123484.0943399,0,0,0
9.5,0,42.0,0,42.0,0,42.0,0,0.0,0,0.0,83150002.76731913,0,83150002.76731913,0,0,0
9.5,0,50.0,0,50.0,0,50.0,0,0.0,0,0.082044289112091,83106330.18867931,0,83106330.18867931,0,0,0
9.5,0,42.0,0,42.0,0,42.0,0,0.0,0,0.0,83124834.91914533,0,83124834.91914533,0,0,0
9.5,0,43.26,0,42.43618343653251,0,49.56,0,1.7603493410939273,0,0.0007634997367858,83128569.0290808,0,83128569.0290808,0,0,0
9.5,0,42.0,0,42.0,0,42.0,0,0.0,0,0.0,83128695.47130723,0,83128695.47130723,0,0,0
9.5,0,54.12,0,54.21172875885724,0,56.04,0,0.5982699562368136,0,0.0424895000457763,83076968.19284512,0,83076968.19284512,0,0,0
9.5,0,54.0,0,54.0,0,54.0,0,0.0,0,0.0,83076375.32032661,0,83076375.32032661,0,0,0
9.5,0,54.0,0,54.0,0,54.0,0,0.0,0,0.0,83076267.5013212,0,83076267.5013212,0,0,0
9.5,0,54.0,0,54.0,0,54.0,0,0.0,0,0.0,83072239.38055569,0,83072239.38055569,0,0,0
9.5,0,42.0,0,42.0,0,42.0,0,0.0,0,0.0,83149410.30924125,0,83149410.30924125,0,0,0
9.5,0,42.0,0,42.0,0,42.0,0,0.0,0,0.0,83149697.6786226,0,83149697.6786226,0,0,0
9.5,0,50.0,0,50.0,0,50.0,0,0.0,0,0.3154302811622619,83106682.37328042,0,83106682.37328042,0,0,0
9.5,0,54.32,0,54.24251778252707,0,57.32,0,0.8536453510766309,0,0.0417330503463745,83094383.44269739,0,83094383.44269739,0,0,0
9.5,0,42.0,0,42.0,0,42.0,0,0.0,0,0.0,83150329.32311001,0,83150329.32311001,0,0,0
9.5,0,54.0,0,54.0,0,54.0,0,0.0,0,0.0,83076928.68222304,0,83076928.68222304,0,0,0
9.5,0,50.0,0,50.0,0,50.0,0,0.0,0,0.0285499334335327,83123461.9441861,0,83123461.9441861,0,0,0
9.5,0,42.0,0,42.0,0,42.0,0,0.0,0,0.0,83127728.95292301,0,83127728.95292301,0,0,0
9.5,0,54.06,0,54.02077063983488,0,54.36,0,0.0838261590997108,0,0.0,83089363.72972965,0,83089363.72972965,0,0,0
9.5,0,54.0,0,54.0,0,54.0,0,0.0,0,0.0,83067573.31713134,0,83067573.31713134,0,0,0
9.5,0,42.32,0,42.03284210526315,0,42.64,0,0.1411973841428703,0,0.0,83124425.53013462,0,83124425.53013462,0,0,0
9.5,0,54.0,0,54.0,0,54.0,0,0.0,0,0.0,83075917.36919738,0,83075917.36919738,0,0,0
9.5,0,54.0,0,54.0,0,54.0,0,0.0,0,0.0,83093450.14791165,0,83093450.14791165,0,0,0
9.5,0,54.19,0,54.03005555555556,0,54.57,0,0.1273576173274601,0,0.0006859111785888,83089704.0001002,0,83089704.0001002,0,0,0
9.5,0,54.0,0,54.0,0,54.0,0,0.0,0,0.0,83090039.23803432,0,83090039.23803432,0,0,0
9.5,0,54.0,0,54.0,0,54.0,0,0.0,0,0.0,83076024.77732702,0,83076024.77732702,0,0,0
9.5,0,54.0,0,54.0,0,54.0,0,0.0,0,0.0,83034059.8529368,0,83034059.8529368,0,0,0
9.5,0,54.06,0,54.078864379428616,0,54.9,0,0.2491542160048736,0,0.0,83089911.29196487,0,83089911.29196487,0,0,0
9.5,0,54.06,0,54.15586437942862,0,55.14,0,0.3574192493658687,0,0.0,83093993.27148364,0,83093993.27148364,0,0,0
9.5,0,50.0,0,50.0,0,50.0,0,0.0,0,0.0273010277748107,83123683.5265398,0,83123683.5265398,0,0,0
9.5,0,54.0,0,54.0,0,54.0,0,0.0,0,0.0,83034138.7827289,0,83034138.7827289,0,0,0
9.5,0,54.0,0,54.0,0,54.0,0,0.0,0,0.0,83089170.19129312,0,83089170.19129312,0,0,0
9.5,0,50.24,0,50.36345751771449,0,53.84,0,1.0926168640194946,0,0.0284392023086547,83101805.50311138,0,83101805.50311138,0,0,0
9.5,0,54.06,0,54.02077063983488,0,54.36,0,0.0838261590997108,0,0.0,83089242.33200735,0,83089242.33200735,0,0,0
9.5,0,42.0,0,42.0,0,42.0,0,0.0,0,0.0,83124647.64453398,0,83124647.64453398,0,0,0
9.5,0,54.0,0,54.0,0,54.0,0,0.0,0,0.0,83072389.20251422,0,83072389.20251422,0,0,0
9.5,0,50.0,0,50.0,0,50.0,0,0.0,0,0.126619381904602,83123881.2980969,0,83123881.2980969,0,0,0
9.5,0,42.0,0,42.0,0,42.0,0,0.0,0,0.0,83127967.34742823,0,83127967.34742823,0,0,0
9.5,0,54.0,0,54.0,0,54.0,0,0.0,0,0.0,83094049.96572824,0,83094049.96572824,0,0,0
9.5,0,54.0,0,54.0,0,54.0,0,0.0,0,0.0,83089183.48898664,0,83089183.48898664,0,0,0
9.5,0,42.0,0,42.0,0,42.0,0,0.0,0,0.0,83132219.17260842,0,83132219.17260842,0,0,0
9.5,0,54.0,0,54.0,0,54.0,0,0.0,0,0.0,83075907.06830658,0,83075907.06830658,0,0,0
9.5,0,42.0,0,42.0,0,42.0,0,0.0,0,0.0,83128033.46619458,0,83128033.46619458,0,0,0
9.5,0,50.0,0,50.0,0,50.0,0,0.0,0,0.3203197860717773,83123765.19944602,0,83123765.19944602,0,0,0
9.5,0,54.0,0,54.0,0,54.0,0,0.0,0,0.0,83076438.02040859,0,83076438.02040859,0,0,0
9.5,0,50.0,0,50.0,0,50.0,0,0.0,0,0.062151436805725,83101934.46875921,0,83101934.46875921,0,0,0
9.5,0,42.0,0,42.0,0,42.0,0,0.0,0,0.0,83132737.67570536,0,83132737.67570536,0,0,0
9.5,0,42.32,0,42.03284210526315,0,42.64,0,0.1411973841428703,0,0.0,83482369.2217601,0,83482369.2217601,0,0,0
9.5,0,42.0,0,42.0,0,42.0,0,0.0,0,0.0,83149328.24171586,0,83149328.24171586,0,0,0
9.5,0,57.08,0,57.98627773774214,0,99.6,0,12.609621735131254,0,0.0001910686492919,83076197.81590825,0,83076197.81590825,0,0,0
9.5,0,54.0,0,54.0,0,54.0,0,0.0,0,0.0,83033830.55442582,0,83033830.55442582,0,0,0
9.5,0,42.0,0,42.0,0,42.0,0,0.0,0,0.0,83149829.89463913,0,83149829.89463913,0,0,0
9.5,0,54.0,0,54.0,0,54.0,0,0.0,0,0.0,83037107.52014105,0,83037107.52014105,0,0,0
9.5,0,54.0,0,54.0,0,54.0,0,0.0,0,0.0,83089228.49112384,0,83089228.49112384,0,0,0
9.5,0,42.0,0,42.0,0,42.0,0,0.0,0,0.0,83128976.88768092,0,83128976.88768092,0,0,0
9.5,0,50.0,0,50.0,0,50.0,0,0.0,0,0.2832255029678345,83102206.69073488,0,83102206.69073488,0,0,0
9.5,0,50.1,0,50.10048825142865,0,51.3,0,0.3429965164386046,0,0.0494928193092346,83102059.57856044,0,83102059.57856044,0,0,0
9.5,0,54.0,0,54.0,0,54.0,0,0.0,0,0.0,83093454.67203046,0,83093454.67203046,0,0,0
9.5,0,42.0,0,42.0,0,42.0,0,0.0,0,0.0,83124525.81549826,0,83124525.81549826,0,0,0
9.5,0,42.0,0,42.0,0,42.0,0,0.0,0,0.0,83128045.9910288,0,83128045.9910288,0,0,0
9.5,0,54.0,0,54.0,0,54.0,0,0.0,0,0.0,83067570.66157451,0,83067570.66157451,0,0,0
9.5,0,54.0,0,54.0,0,54.0,0,0.0,0,0.0,83037110.15318863,0,83037110.15318863,0,0,0
9.5,0,50.72,0,50.14301238390093,0,51.92,0,0.4661784867520688,0,0.0092562317848205,83123620.25069386,0,83123620.25069386,0,0,0
9.5,0,42.0,0,42.0,0,42.0,0,0.0,0,0.0,83149489.04653789,0,83149489.04653789,0,0,0
9.5,0,50.0,0,50.0,0,50.0,0,0.0,0,0.3622534894943237,83102800.90373713,0,83102800.90373713,0,0,0
9.5,0,50.0,0,50.0,0,50.0,0,0.0,0,0.1358675670623779,83102056.74287592,0,83102056.74287592,0,0,0
9.5,0,54.2,0,54.133754280635095,0,56.0,0,0.4969953139951236,0,0.0006705999374389,83075968.12767029,0,83075968.12767029,0,0,0
9.5,0,42.0,0,42.0,0,42.0,0,0.0,0,0.0,83150255.01430039,0,83150255.01430039,0,0,0
9.5,0,54.73,0,54.95951661638156,0,64.95,0,3.0313762947259626,0,0.0008260798454284,83037687.21109596,0,83037687.21109596,0,0,0
9.5,0,42.0,0,42.0,0,42.0,0,0.0,0,0.0,83150181.83868502,0,83150181.83868502,0,0,0
9.5,0,54.64,0,55.28939465041324,0,65.24,0,3.385591556457712,0,0.04313894033432,83077035.36732174,0,83077035.36732174,0,0,0
9.5,0,50.1,0,50.005,0,50.1,0,0.0217944947177033,0,0.0318377614021301,83097850.25899239,0,83097850.25899239,0,0,0
9.5,0,50.0,0,50.0,0,50.0,0,0.0,0,0.2019367098808288,83495204.08883502,0,83495204.08883502,0,0,0
9.5,0,42.0,0,42.0,0,42.0,0,0.0,0,0.0,83150631.75821565,0,83150631.75821565,0,0,0
9.5,0,51.24,0,50.71654926721025,0,61.16,0,2.7248960105326034,0,0.0397971105575561,83123627.48746157,0,83123627.48746157,0,0,0
9.5,0,54.0,0,54.0,0,54.0,0,0.0,0,0.0,83068524.11364836,0,83068524.11364836,0,0,0
9.5,0,42.0,0,42.0,0,42.0,0,0.0,0,0.0,83149400.94251965,0,83149400.94251965,0,0,0
9.5,0,54.0,0,54.0,0,54.0,0,0.0,0,0.4594538402557373,83089124.62328033,0,83089124.62328033,0,0,0
9.5,0,42.0,0,42.0,0,42.0,0,0.0,0,0.0,83132192.83078301,0,83132192.83078301,0,0,0
9.5,0,45.62,0,54.59381755886012,0,105.8,0,18.548185115593377,0,0.021570279598236,83124624.53500116,0,83124624.53500116,0,0,0
9.5,0,50.0,0,50.0,0,50.0,0,0.0,0,0.0530970025062561,83106905.36041135,0,83106905.36041135,0,0,0
9.5,0,42.0,0,42.0,0,42.0,0,0.0,0,0.0,83150321.89946188,0,83150321.89946188,0,0,0
9.5,0,54.67,0,54.14539714482285,0,56.68,0,0.6067502357150992,0,0.0,83034046.80705899,0,83034046.80705899,0,0,0
9.5,0,42.0,0,42.0,0,42.0,0,0.0,0,0.0,83124147.79872157,0,83124147.79872157,0,0,0
9.5,0,42.0,0,42.0,0,42.0,0,0.0,0,0.0,83132736.91418241,0,83132736.91418241,0,0,0
9.5,0,54.06,0,54.15586437942862,0,55.14,0,0.3574192493658687,0,0.0,83068395.12413278,0,83068395.12413278,0,0,0
9.5,0,54.12,0,54.12915733028581,0,55.62,0,0.4325914460930385,0,0.0,83067443.94069713,0,83067443.94069713,0,0,0
9.5,0,54.0,0,54.0,0,54.0,0,0.0,0,0.0,83033392.47473569,0,83033392.47473569,0,0,0
9.5,0,54.06,0,54.15586437942862,0,55.14,0,0.3574192493658687,0,0.0,83089271.70081145,0,83089271.70081145,0,0,0
9.5,0,54.0,0,54.0,0,54.0,0,0.0,0,0.0,83064139.39367658,0,83064139.39367658,0,0,0
9.5,0,50.1,0,50.049452897893296,0,50.8,0,0.19211113834913,0,0.0365569162368774,83495209.80779873,0,83495209.80779873,0,0,0
9.5,0,54.2,0,54.20097650285731,0,56.6,0,0.6859930328772091,0,0.0,83076018.18401355,0,83076018.18401355,0,0,0
9.5,0,42.93,0,43.08739788114362,0,53.46,0,3.09676573784188,0,3.600120544433594e-07,83149821.9596154,0,83149821.9596154,0,0,0
9.5,0,50.0,0,50.0,0,50.0,0,0.0,0,0.0959845328330993,83103090.38279259,0,83103090.38279259,0,0,0
9.5,0,42.0,0,42.0,0,42.0,0,0.0,0,0.0,83129051.1827312,0,83129051.1827312,0,0,0
9.5,0,54.0,0,54.0,0,54.0,0,0.0,0,0.0,83077045.99682838,0,83077045.99682838,0,0,0
9.5,0,54.0,0,54.0,0,54.0,0,0.0,0,0.0,83076119.17375034,0,83076119.17375034,0,0,0
9.5,0,50.2,0,50.22954793142873,0,52.8,0,0.7559784540995858,0,0.1696694827079773,83102335.42350154,0,83102335.42350154,0,0,0
9.5,0,42.18,0,42.104015216207934,0,43.62,0,0.395549420883765,0,0.0,83149487.25737602,0,83149487.25737602,0,0,0
9.5,0,54.0,0,54.0,0,54.0,0,0.0,0,0.0,83495284.50488183,0,83495284.50488183,0,0,0
9.5,0,50.0,0,50.0,0,50.0,0,0.0,0,0.1075600671768188,83101821.00150791,0,83101821.00150791,0,0,0
9.5,0,54.0,0,54.0,0,54.0,0,0.0,0,0.0,83072082.79743582,0,83072082.79743582,0,0,0
9.5,0,42.0,0,42.0,0,42.0,0,0.0,0,0.0,83483216.0813737,0,83483216.0813737,0,0,0
9.5,0,54.0,0,54.0,0,54.0,0,0.0,0,0.0,83067574.08964224,0,83067574.08964224,0,0,0
9.5,0,50.0,0,50.0,0,50.0,0,0.0,0,0.0951180028915405,83107446.47038035,0,83107446.47038035,0,0,0
9.5,0,50.0,0,50.0,0,50.0,0,0.0,0,0.2695138311386108,83123741.25828353,0,83123741.25828353,0,0,0
9.5,0,58.11,0,58.72006713371768,0,108.3,0,14.605597562768612,0,0.006069266796112,83093994.67240025,0,83093994.67240025,0,0,0
9.5,0,42.28,0,42.58736710400022,0,47.04,0,1.5279564970407205,0,0.0008043003082275,83124758.00165448,0,83124758.00165448,0,0,0
9.5,0,50.0,0,50.0,0,50.0,0,0.0,0,0.0454310059547424,83123811.99667685,0,83123811.99667685,0,0,0
9.5,0,42.0,0,42.0,0,42.0,0,0.0,0,0.0,83150704.05485533,0,83150704.05485533,0,0,0
9.5,0,172.31,0,171.6931056937129,0,174.0,0,6.3175370641266655,0,0.0510672974586486,83064056.29492998,0,83064056.29492998,0,0,0
9.5,0,54.0,0,54.0,0,54.0,0,0.0,0,0.0,83067510.251631,0,83067510.251631,0,0,0
9.5,0,42.0,0,42.0,0,42.0,0,0.0,0,0.0,83150691.48900455,0,83150691.48900455,0,0,0
9.5,0,42.0,0,42.0,0,42.0,0,0.0,0,0.0,83124443.98256277,0,83124443.98256277,0,0,0
9.5,0,42.0,0,42.0,0,42.0,0,0.0,0,0.0,83128827.87194343,0,83128827.87194343,0,0,0
9.5,0,50.0,0,50.0,0,50.0,0,0.0,0,0.1488597202301025,83106694.05604719,0,83106694.05604719,0,0,0
9.5,0,54.2,0,54.09890579578661,0,55.6,0,0.38422227669826,0,0.0100146698951721,83068543.89249483,0,83068543.89249483,0,0,0
9.5,0,54.0,0,54.0,0,54.0,0,0.0,0,0.0,83064128.23457344,0,83064128.23457344,0,0,0
9.5,0,42.0,0,42.0,0,42.0,0,0.0,0,0.0,83150649.5767989,0,83150649.5767989,0,0,0
9.5,0,54.0,0,54.0,0,54.0,0,0.0,0,0.0,83093967.42629664,0,83093967.42629664,0,0,0
9.5,0,42.18,0,42.00899999999999,0,42.18,0,0.039230090491866,0,0.0,83128373.1743728,0,83128373.1743728,0,0,0
9.5,0,43.08,0,43.44781332521967,0,56.94,0,4.253923046029504,0,0.0008493900299072,83124132.20303735,0,83124132.20303735,0,0,0
9.5,0,42.0,0,42.0,0,42.0,0,0.0,0,0.0,83124001.05224948,0,83124001.05224948,0,0,0
9.5,0,42.0,0,42.0,0,42.0,0,0.0,0,0.0,83482372.46445051,0,83482372.46445051,0,0,0
9.5,0,42.0,0,42.0,0,42.0,0,0.0,0,0.0,83150690.59529184,0,83150690.59529184,0,0,0
9.5,0,50.0,0,50.0,0,50.0,0,0.0,0,0.0424705362319946,83098603.41591571,0,83098603.41591571,0,0,0
9.5,0,54.0,0,54.0,0,54.0,0,0.0,0,0.0,83067441.6120588,0,83067441.6120588,0,0,0
9.5,0,42.3,0,42.116710342031546,0,43.26,0,0.3398816734978864,0,0.0009931898117065,83149499.28779294,0,83149499.28779294,0,0,0
9.5,0,43.32,0,42.65277825219157,0,52.56,0,2.535867026208516,0,0.0005483698844909,83149683.54854184,0,83149683.54854184,0,0,0
9.5,0,50.24,0,50.275457517714464,0,53.36,0,0.9071741449195028,0,0.1158304381370544,83097684.41259958,0,83097684.41259958,0,0,0
9.5,0,54.0,0,54.0,0,54.0,0,0.0,0,0.0,83094411.98367485,0,83094411.98367485,0,0,0
9.5,0,54.0,0,54.0,0,54.0,0,0.0,0,0.0,83089986.09021586,0,83089986.09021586,0,0,0
9.5,0,42.0,0,42.0,0,42.0,0,0.0,0,0.0,83124064.65217334,0,83124064.65217334,0,0,0
9.5,0,42.0,0,42.0,0,42.0,0,0.0,0,0.0,83128058.44147058,0,83128058.44147058,0,0,0
9.5,0,50.0,0,50.0,0,50.0,0,0.0,0,0.197327287197113,83098363.8803192,0,83098363.8803192,0,0,0
9.5,0,50.0,0,50.0,0,50.0,0,0.0,0,0.014516954421997,83098710.53975755,0,83098710.53975755,0,0,0
9.5,0,42.0,0,42.0,0,42.0,0,0.0,0,0.0,83150260.30857082,0,83150260.30857082,0,0,0
9.12162162162162,0,50.13513513513514,0,50.01386913229019,0,50.270270270270274,0,0.0596272737089823,0,0.0609992323695002,67397442.46462001,0,67397442.46462001,0,0,0
9.5,0,54.06,0,54.02967173873598,0,54.48,0,0.115266683009478,0,0.0,83089958.50909443,0,83089958.50909443,0,0,0
9.5,0,42.0,0,42.0,0,42.0,0,0.0,0,0.0,83150328.08454913,0,83150328.08454913,0,0,0
9.5,0,44.23,0,42.77197544719642,0,55.38,0,3.115538913205919,0,0.0094147777557373,83128893.46333317,0,83128893.46333317,0,0,0
9.5,0,54.0,0,54.0,0,54.0,0,0.0,0,0.0,83093310.68363968,0,83093310.68363968,0,0,0
9.5,0,54.0,0,54.0,0,54.0,0,0.0,0,0.0,83072240.92371272,0,83072240.92371272,0,0,0
9.5,0,43.88,0,42.68772021648802,0,49.72,0,1.997802855402152,0,0.0641313290596008,83128614.76881132,0,83128614.76881132,0,0,0
9.5,0,42.0,0,42.0,0,42.0,0,0.0,0,0.0,83128995.07968527,0,83128995.07968527,0,0,0
9.5,0,54.0,0,54.0,0,54.0,0,0.0,0,0.0,83089744.66694184,0,83089744.66694184,0,0,0
9.5,0,42.0,0,42.0,0,42.0,0,0.0,0,0.0,83124884.81839941,0,83124884.81839941,0,0,0
9.5,0,42.0,0,42.0,0,42.0,0,0.0,0,0.0,83149639.96978408,0,83149639.96978408,0,0,0
9.5,0,42.0,0,42.0,0,42.0,0,0.0,0,0.0,83150323.28586197,0,83150323.28586197,0,0,0
9.5,0,42.0,0,42.0,0,42.0,0,0.0,0,0.0,83128883.07499267,0,83128883.07499267,0,0,0
9.5,0,56.26,0,54.6341941004472,0,65.5,0,2.6420111578051104,0,0.0531045174598693,83093120.00801058,0,83093120.00801058,0,0,0
9.5,0,54.0,0,54.0,0,54.0,0,0.0,0,0.0,83089348.75719255,0,83089348.75719255,0,0,0
9.5,0,42.0,0,42.0,0,42.0,0,0.0,0,0.0,83483280.2714234,0,83483280.2714234,0,0,0
9.5,0,54.06,0,54.02967173873598,0,54.48,0,0.115266683009478,0,0.0,83089300.89387438,0,83089300.89387438,0,0,0
9.5,0,54.32,0,54.24600684901614,0,57.52,0,0.8911925023921977,0,0.0,83076506.59816478,0,83076506.59816478,0,0,0
9.5,0,42.0,0,42.0,0,42.0,0,0.0,0,0.0,83128977.00985241,0,83128977.00985241,0,0,0
9.5,0,54.0,0,54.0,0,54.0,0,0.0,0,0.0,83089730.49268839,0,83089730.49268839,0,0,0
9.5,0,50.0,0,50.0,0,50.0,0,0.0,0,0.0970287823677063,83123491.79289202,0,83123491.79289202,0,0,0
9.5,0,42.0,0,42.0,0,42.0,0,0.0,0,0.0,83149389.19269706,0,83149389.19269706,0,0,0
9.5,0,54.0,0,54.0,0,54.0,0,0.0,0,0.0,83034074.8775447,0,83034074.8775447,0,0,0
9.5,0,42.0,0,42.0,0,42.0,0,0.0,0,0.0,83124529.62700114,0,83124529.62700114,0,0,0
9.5,0,42.0,0,42.0,0,42.0,0,0.0,0,0.0,83124688.04451263,0,83124688.04451263,0,0,0
9.5,0,42.0,0,42.0,0,42.0,0,0.0,0,0.0,83127731.40170941,0,83127731.40170941,0,0,0
9.5,0,43.14,0,43.4984232091438,0,59.1,0,4.733930104092599,0,0.0224347114562988,83124638.43547231,0,83124638.43547231,0,0,0
9.5,0,42.0,0,42.0,0,42.0,0,0.0,0,0.0,83150254.28877592,0,83150254.28877592,0,0,0
9.5,0,54.0,0,54.0,0,54.0,0,0.0,0,0.0,83487478.2756656,0,83487478.2756656,0,0,0
9.5,0,42.0,0,42.0,0,42.0,0,0.0,0,0.0,83128507.65312839,0,83128507.65312839,0,0,0
9.5,0,54.68,0,54.73189153828627,0,58.76,0,1.6938071086145718,0,0.000934739112854,83089237.70838827,0,83089237.70838827,0,0,0
9.5,0,42.0,0,42.0,0,42.0,0,0.0,0,0.0,83149559.98352121,0,83149559.98352121,0,0,0
9.5,0,42.0,0,42.0,0,42.0,0,0.0,0,0.0,83483216.88480206,0,83483216.88480206,0,0,0
9.5,0,50.0,0,50.0,0,50.0,0,0.0,0,0.116523380279541,83102038.23640862,0,83102038.23640862,0,0,0
9.5,0,42.0,0,42.0,0,42.0,0,0.0,0,0.0,83127799.4289781,0,83127799.4289781,0,0,0
9.5,0,50.49,0,50.53447579308376,0,55.92,0,1.6472437667050377,0,0.134248468875885,83106183.4092971,0,83106183.4092971,0,0,0
9.5,0,42.0,0,42.0,0,42.0,0,0.0,0,0.0,83124128.82276303,0,83124128.82276303,0,0,0
9.5,0,42.0,0,42.0,0,42.0,0,0.0,0,0.0,83128641.10050036,0,83128641.10050036,0,0,0
9.5,0,54.0,0,54.0,0,54.0,0,0.0,0,0.0,83072061.94353768,0,83072061.94353768,0,0,0
9.5,0,42.0,0,42.0,0,42.0,0,0.0,0,0.0,83149393.73271789,0,83149393.73271789,0,0,0
9.5,0,42.0,0,42.0,0,42.0,0,0.0,0,0.0,83149618.66660848,0,83149618.66660848,0,0,0
9.5,0,54.06,0,54.009491228070175,0,54.18,0,0.0402181949455137,0,0.0,83089967.2387345,0,83089967.2387345,0,0,0
9.5,0,50.0,0,50.0,0,50.0,0,0.0,0,0.2000481486320495,83106482.38600665,0,83106482.38600665,0,0,0
9.5,0,54.0,0,54.0,0,54.0,0,0.0,0,0.0,83093508.57910581,0,83093508.57910581,0,0,0
9.5,0,54.48,0,54.27737390988785,0,58.32,0,1.05479845569004,0,0.0010852289199829,83089273.61129786,0,83089273.61129786,0,0,0
9.5,0,54.0,0,54.0,0,54.0,0,0.0,0,0.0,83063989.58446702,0,83063989.58446702,0,0,0
9.5,0,42.0,0,42.0,0,42.0,0,0.0,0,0.0,83128553.528635,0,83128553.528635,0,0,0
9.5,0,54.0,0,54.0,0,54.0,0,0.0,0,0.0,83089919.1999017,0,83089919.1999017,0,0,0
9.5,0,54.0,0,54.0,0,54.0,0,0.0,0,0.0,83076203.89876741,0,83076203.89876741,0,0,0
9.5,0,50.0,0,50.0,0,50.0,0,0.0,0,0.0602659177780151,83102231.4835927,0,83102231.4835927,0,0,0
9.5,0,54.0,0,54.0,0,54.0,0,0.0,0,0.0,83093498.27987278,0,83093498.27987278,0,0,0
9.5,0,50.0,0,50.0,0,50.0,0,0.0,0,0.0253194165229797,83097824.68765493,0,83097824.68765493,0,0,0
9.5,0,42.0,0,42.0,0,42.0,0,0.0,0,0.0,83128754.48967029,0,83128754.48967029,0,0,0
9.5,0,42.0,0,42.0,0,42.0,0,0.0,0,0.0,83129047.07941793,0,83129047.07941793,0,0,0
9.5,0,42.0,0,42.0,0,42.0,0,0.0,0,0.0,83150269.01975542,0,83150269.01975542,0,0,0
9.5,0,42.0,0,42.0,0,42.0,0,0.0,0,0.0,83150261.86386718,0,83150261.86386718,0,0,0
9.5,0,173.74,0,173.86444483199978,0,186.32,0,7.23646548543827,0,0.00148442029953,83064035.52121812,0,83064035.52121812,0,0,0
9.5,0,42.0,0,42.0,0,42.0,0,0.0,0,0.0,83132148.52392878,0,83132148.52392878,0,0,0
9.5,0,42.0,0,42.0,0,42.0,0,0.0,0,0.0,83128693.93742208,0,83128693.93742208,0,0,0
9.5,0,54.0,0,54.0,0,54.0,0,0.0,0,0.0,83089708.7748492,0,83089708.7748492,0,0,0
9.5,0,54.0,0,54.0,0,54.0,0,0.0,0,0.0,83089811.43051122,0,83089811.43051122,0,0,0
9.5,0,42.0,0,42.0,0,42.0,0,0.0,0,0.0,83149644.84019817,0,83149644.84019817,0,0,0
9.5,0,42.0,0,42.0,0,42.0,0,0.0,0,0.0,83128766.19074301,0,83128766.19074301,0,0,0
9.5,0,55.07,0,55.0752242902866,0,67.91,0,3.670062725893069,0,0.0,83089978.69749479,0,83089978.69749479,0,0,0
9.5,0,54.0,0,54.0,0,54.0,0,0.0,0,0.0,83089289.74311528,0,83089289.74311528,0,0,0
9.5,0,54.06,0,54.105864379428624,0,55.02,0,0.2991349781184068,0,0.0,83075984.40839903,0,83075984.40839903,0,0,0
9.5,0,44.04,0,44.04996032914454,0,68.52,0,6.997128935347535,0,0.0110526895523071,83124655.65948766,0,83124655.65948766,0,0,0
9.5,0,42.0,0,42.0,0,42.0,0,0.0,0,0.0,83124894.81868163,0,83124894.81868163,0,0,0
9.5,0,50.0,0,50.0,0,50.0,0,0.0,0,0.2416589784622192,83106487.28937219,0,83106487.28937219,0,0,0
9.5,0,42.0,0,42.0,0,42.0,0,0.0,0,0.0,83127794.82239825,0,83127794.82239825,0,0,0
9.5,0,143.84,0,144.66240280685943,0,170.52,0,41.32360226714207,0,0.0981414699554443,83089459.74483113,0,83089459.74483113,0,0,0
9.5,0,54.0,0,54.0,0,54.0,0,0.0,0,0.0,83077033.30350135,0,83077033.30350135,0,0,0
9.5,0,50.0,0,50.0,0,50.0,0,0.0,0,0.1327177476882934,83487419.86031708,0,83487419.86031708,0,0,0
9.5,0,42.0,0,42.0,0,42.0,0,0.0,0,0.0,83127721.48897757,0,83127721.48897757,0,0,0
9.5,0,42.0,0,42.0,0,42.0,0,0.0,0,0.0,83128393.08571221,0,83128393.08571221,0,0,0
9.5,0,42.0,0,42.0,0,42.0,0,0.0,0,0.0,83483207.12091766,0,83483207.12091766,0,0,0
9.5,0,54.0,0,54.0,0,54.0,0,0.0,0,0.0,83075924.75729893,0,83075924.75729893,0,0,0
9.5,0,42.24,0,42.21117180342877,0,44.88,0,0.7438191001207134,0,0.0053525805473327,83128174.25076576,0,83128174.25076576,0,0,0
9.5,0,54.0,0,54.0,0,54.0,0,0.0,0,0.0,83034134.54776198,0,83034134.54776198,0,0,0
9.5,0,54.0,0,54.0,0,54.0,0,0.0,0,0.0,83072459.26430342,0,83072459.26430342,0,0,0
9.5,0,42.0,0,42.0,0,42.0,0,0.0,0,0.0,83129043.85455829,0,83129043.85455829,0,0,0
9.5,0,42.0,0,42.0,0,42.0,0,0.0,0,0.0,83124077.16253029,0,83124077.16253029,0,0,0
9.5,0,50.0,0,50.0,0,50.0,0,0.0,0,0.067554612159729,83101928.49486277,0,83101928.49486277,0,0,0
9.5,0,56.29,0,54.7927460870313,0,67.74,0,3.19936507230563,0,0.0278865909576416,83075958.87626354,0,83075958.87626354,0,0,0
9.5,0,42.0,0,42.0,0,42.0,0,0.0,0,0.0,83128816.29263057,0,83128816.29263057,0,0,0
9.5,0,54.0,0,54.0,0,54.0,0,0.0,0,0.0,83094025.78823909,0,83094025.78823909,0,0,0
9.5,0,50.56,0,51.22140087466713,0,60.08,0,3.063919728259952,0,0.40306401014328,83106634.2410405,0,83106634.2410405,0,0,0
9.5,0,50.4,0,50.072204592363256,0,50.68,0,0.1807404624949163,0,0.0803851342201232,83097801.17277037,0,83097801.17277037,0,0,0
9.5,0,50.0,0,50.0,0,50.0,0,0.0,0,0.1431848716735839,83123484.63374901,0,83123484.63374901,0,0,0
9.5,0,42.0,0,42.0,0,42.0,0,0.0,0,0.0,83127805.27054144,0,83127805.27054144,0,0,0
9.5,0,54.0,0,54.0,0,54.0,0,0.0,0,0.0,83067358.1644058,0,83067358.1644058,0,0,0
9.5,0,54.0,0,54.0,0,54.0,0,0.0,0,0.0,83034058.57923435,0,83034058.57923435,0,0,0
9.5,0,50.0,0,50.0,0,50.0,0,0.0,0,0.3785371351242065,83102825.17219147,0,83102825.17219147,0,0,0
9.5,0,50.0,0,50.0,0,50.0,0,0.0,0,0.2286756610870361,83106481.7030818,0,83106481.7030818,0,0,0
9.5,0,67.04,0,100.91452512915365,0,314.8,0,77.67911686218213,0,0.0,83072465.64421906,0,83072465.64421906,0,0,0
9.5,0,50.9,0,52.12296569142931,0,58.93,0,3.3968293828065965,0,0.057571222782135,83106173.7313936,0,83106173.7313936,0,0,0
9.5,0,50.0,0,50.0,0,50.0,0,0.0,0,0.2639311051368713,83106365.15437314,0,83106365.15437314,0,0,0
9.5,0,42.0,0,42.0,0,42.0,0,0.0,0,0.0,83149808.80487663,0,83149808.80487663,0,0,0
9.5,0,61.52,0,61.403387780606046,0,117.59,0,18.56748624772989,0,0.7567430663108826,83088946.02099699,0,83088946.02099699,0,0,0
9.5,0,50.1,0,50.03461773305813,0,50.6,0,0.1397102651661847,0,0.0992393040657043,83098764.91396901,0,83098764.91396901,0,0,0
9.5,0,50.4,0,50.210976502857314,0,52.8,0,0.7295820223126159,0,0.1424394369125366,83102867.81019738,0,83102867.81019738,0,0,0
9.5,0,54.06,0,54.12586437942861,0,55.08,0,0.3274192493658686,0,0.0,83094090.0264576,0,83094090.0264576,0,0,0
9.5,0,54.0,0,54.0,0,54.0,0,0.0,0,0.0,83072248.62896635,0,83072248.62896635,0,0,0
9.5,0,54.0,0,54.0,0,54.0,0,0.0,0,0.0,83067447.5015041,0,83067447.5015041,0,0,0
9.5,0,54.0,0,54.0,0,54.0,0,0.0,0,0.0,83093345.93362121,0,83093345.93362121,0,0,0
9.5,0,42.0,0,42.0,0,42.0,0,0.0,0,0.0,83129044.8047663,0,83129044.8047663,0,0,0
9.5,0,44.21,0,43.277075710108605,0,61.89,0,4.85646788973956,0,0.0059213614463806,83129048.50960468,0,83129048.50960468,0,0,0
9.5,0,50.1,0,50.0158187134503,0,50.3,0,0.0670303249091895,0,0.0708632659912109,83106698.92602843,0,83106698.92602843,0,0,0
9.5,0,42.0,0,42.0,0,42.0,0,0.0,0,0.0,83124417.19775377,0,83124417.19775377,0,0,0
9.5,0,50.0,0,50.0,0,50.0,0,0.0,0,0.1185671830177307,83106455.73443747,0,83106455.73443747,0,0,0
9.5,0,54.58,0,54.51033185828619,0,60.96,0,1.7975628252917235,0,0.0149384903907775,83090133.20762342,0,83090133.20762342,0,0,0
9.5,0,54.0,0,54.0,0,54.0,0,0.0,0,0.0,83076034.80977568,0,83076034.80977568,0,0,0
9.5,0,42.16,0,42.41563834514299,0,45.04,0,0.9531179983089832,0,0.0004505515098571,83150562.61669028,0,83150562.61669028,0,0,0
9.5,0,42.18,0,42.236593138285855,0,44.7,0,0.7474626480146207,0,0.0,83124831.71953866,0,83124831.71953866,0,0,0
9.5,0,54.0,0,54.0,0,54.0,0,0.0,0,0.0,83076389.48099183,0,83076389.48099183,0,0,0
9.5,0,42.0,0,42.0,0,42.0,0,0.0,0,0.0,83483279.84692469,0,83483279.84692469,0,0,0
9.5,0,42.0,0,42.0,0,42.0,0,0.0,0,0.0,83483213.98630069,0,83483213.98630069,0,0,0
9.5,0,42.0,0,42.0,0,42.0,0,0.0,0,0.0,83128624.68317921,0,83128624.68317921,0,0,0
9.5,0,54.0,0,54.0,0,54.0,0,0.0,0,0.0,83063991.989833,0,83063991.989833,0,0,0
9.5,0,54.0,0,54.0,0,54.0,0,0.0,0,0.0,83072305.1929624,0,83072305.1929624,0,0,0
9.5,0,42.0,0,42.0,0,42.0,0,0.0,0,0.0,83150309.4396526,0,83150309.4396526,0,0,0
9.5,0,54.0,0,54.0,0,54.0,0,0.0,0,0.0,83033547.71994524,0,83033547.71994524,0,0,0
9.5,0,54.0,0,54.0,0,54.0,0,0.0,0,0.0,83089922.10701355,0,83089922.10701355,0,0,0
9.5,0,50.0,0,50.0,0,50.0,0,0.0,0,0.0367459988594055,83123631.68207799,0,83123631.68207799,0,0,0
9.5,0,50.4,0,50.45663554539715,0,55.4,0,1.4675093673447024,0,0.6055434894561768,83102296.95494623,0,83102296.95494623,0,0,0
9.5,0,53.92,0,53.87884749409517,0,54.0,0,0.3642056213398315,0,0.0418551301956176,83089136.46053578,0,83089136.46053578,0,0,0
9.5,0,42.18,0,42.08901521620793,0,43.44,0,0.345800049028434,0,0.0,83124897.400421,0,83124897.400421,0,0,0
9.5,0,42.0,0,42.0,0,42.0,0,0.0,0,0.0,83149337.49928527,0,83149337.49928527,0,0,0
9.5,0,42.0,0,42.0,0,42.0,0,0.0,0,0.0,83128051.74804652,0,83128051.74804652,0,0,0
9.5,0,50.0,0,50.0,0,50.0,0,0.0,0,0.008608374595642,83123677.43234952,0,83123677.43234952,0,0,0
9.5,0,50.0,0,50.0,0,50.0,0,0.0,0,0.0447427773475647,83098744.75350465,0,83098744.75350465,0,0,0
9.5,0,54.0,0,54.0,0,54.0,0,0.0,0,0.0,83037112.92456892,0,83037112.92456892,0,0,0
9.5,0,42.0,0,42.0,0,42.0,0,0.0,0,0.0,83149619.83943051,0,83149619.83943051,0,0,0
9.5,0,44.13,0,43.39902854330912,0,49.15,0,2.7272677843361506,0,0.0,83128616.43269363,0,83128616.43269363,0,0,0
9.5,0,42.0,0,42.0,0,42.0,0,0.0,0,0.0,83149804.73926164,0,83149804.73926164,0,0,0
9.5,0,50.0,0,50.0,0,50.0,0,0.0,0,0.1692870998382568,83101802.05842009,0,83101802.05842009,0,0,0
9.5,0,50.0,0,50.0,0,50.0,0,0.0,0,0.0987963104248046,83097815.67327486,0,83097815.67327486,0,0,0
9.5,0,50.0,0,50.0,0,50.0,0,0.0,0,0.0240051889419555,83487416.59951481,0,83487416.59951481,0,0,0
9.5,0,54.0,0,54.0,0,54.0,0,0.0,0,0.0,83076979.45945145,0,83076979.45945145,0,0,0
9.5,0,54.0,0,54.0,0,54.0,0,0.0,0,0.0,83072330.94883682,0,83072330.94883682,0,0,0
9.5,0,54.0,0,54.0,0,54.0,0,0.0,0,0.0,83067376.93190746,0,83067376.93190746,0,0,0
9.5,0,54.0,0,54.0,0,54.0,0,0.0,0,0.0,83033389.1436068,0,83033389.1436068,0,0,0
9.5,0,44.58,0,43.72543022019261,0,67.8,0,6.411239550537093,0,0.0,83483222.41980258,0,83483222.41980258,0,0,0
9.5,0,50.0,0,50.0,0,50.0,0,0.0,0,0.1432670998573303,83102338.75125009,0,83102338.75125009,0,0,0
9.5,0,54.0,0,54.0,0,54.0,0,0.0,0,0.0,83068381.11095798,0,83068381.11095798,0,0,0
9.5,0,54.0,0,54.0,0,54.0,0,0.0,0,0.0,83072389.43443376,0,83072389.43443376,0,0,0
9.5,0,51.0,0,51.49742719183122,0,58.2,0,2.978269946173292,0,0.1428675985336303,83101857.10293011,0,83101857.10293011,0,0,0
9.5,0,50.0,0,50.0,0,50.0,0,0.0,0,0.1255622363090515,83495225.90399237,0,83495225.90399237,0,0,0
9.5,0,42.0,0,42.0,0,42.0,0,0.0,0,0.0,83128798.73848273,0,83128798.73848273,0,0,0
9.5,0,54.0,0,54.0,0,54.0,0,0.0,0,0.0,83072375.43392828,0,83072375.43392828,0,0,0
9.5,0,50.0,0,50.0,0,50.0,0,0.0,0,0.2808312940597534,83123632.92002335,0,83123632.92002335,0,0,0
9.5,0,50.52,0,50.05336842105264,0,51.04,0,0.2294457492321642,0,0.0472151732444763,83098359.06244983,0,83098359.06244983,0,0,0
9.5,0,50.1,0,50.049452897893296,0,50.8,0,0.19211113834913,0,0.0542175316810607,83098377.5254796,0,83098377.5254796,0,0,0
9.5,0,54.0,0,54.0,0,54.0,0,0.0,0,0.0,83088826.80367999,0,83088826.80367999,0,0,0
9.5,0,50.0,0,50.0,0,50.0,0,0.0,0,0.0173054409027099,83106176.83154407,0,83106176.83154407,0,0,0
9.5,0,54.0,0,54.0,0,54.0,0,0.0,0,0.0,83076172.83718875,0,83076172.83718875,0,0,0
9.5,0,54.0,0,54.0,0,54.0,0,0.0,0,0.0,83034002.236132,0,83034002.236132,0,0,0
9.5,0,54.0,0,54.0,0,54.0,0,0.0,0,0.0,83068401.83953649,0,83068401.83953649,0,0,0
9.5,0,54.44,0,54.44214830628608,0,59.72,0,1.50918467232986,0,0.0,83033983.6954435,0,83033983.6954435,0,0,0
9.5,0,54.0,0,54.0,0,54.0,0,0.0,0,0.0,83033917.0671999,0,83033917.0671999,0,0,0
9.5,0,54.0,0,54.0,0,54.0,0,0.0,0,0.0,83093499.45482618,0,83093499.45482618,0,0,0
9.5,0,42.0,0,42.0,0,42.0,0,0.0,0,0.0,83129042.2523278,0,83129042.2523278,0,0,0
9.5,0,54.0,0,54.0,0,54.0,0,0.0,0,0.0,83076108.81458345,0,83076108.81458345,0,0,0
9.5,0,57.43,0,58.34910133635714,0,93.85,0,10.882164815206862,0,0.0042807793617248,83089913.14483716,0,83089913.14483716,0,0,0
9.5,0,54.0,0,54.0,0,54.0,0,0.0,0,0.0,83067287.62528978,0,83067287.62528978,0,0,0
9.5,0,42.76,0,42.04642105263158,0,42.76,0,0.1692789887214821,0,0.0698932600021362,83124016.98707823,0,83124016.98707823,0,0,0
9.5,0,54.0,0,54.0,0,54.0,0,0.0,0,0.0,83089278.54928209,0,83089278.54928209,0,0,0
9.5,0,42.0,0,42.0,0,42.0,0,0.0,0,0.0,83150686.19767733,0,83150686.19767733,0,0,0
9.5,0,54.0,0,54.0,0,54.0,0,0.0,0,0.0,83033403.17369242,0,83033403.17369242,0,0,0
9.5,0,54.49,0,54.0245,0,54.49,0,0.1067930241167465,0,0.0005748081207275,83067252.16912414,0,83067252.16912414,0,0,0
9.5,0,50.24,0,50.275457517714486,0,53.36,0,0.9071741449195032,0,0.1634736061096191,83102276.83261557,0,83102276.83261557,0,0,0
9.5,0,54.0,0,54.0,0,54.0,0,0.0,0,0.0,83075912.32339315,0,83075912.32339315,0,0,0
9.5,0,42.0,0,42.0,0,42.0,0,0.0,0,0.0,83132065.6954838,0,83132065.6954838,0,0,0
9.5,0,42.0,0,42.0,0,42.0,0,0.0,0,0.0,83483254.1873182,0,83483254.1873182,0,0,0
9.5,0,50.4,0,50.77242919619081,0,53.6,0,1.4032638898103422,0,0.1090155911445617,83102293.4021281,0,83102293.4021281,0,0,0
9.5,0,50.1,0,50.03461773305813,0,50.6,0,0.1397102651661847,0,0.0419897508621215,83123574.95227128,0,83123574.95227128,0,0,0
9.5,0,50.0,0,50.0,0,50.0,0,0.0,0,0.0146093678474426,83102850.84379184,0,83102850.84379184,0,0,0
9.5,0,42.0,0,42.0,0,42.0,0,0.0,0,0.0,83149496.65070015,0,83149496.65070015,0,0,0
9.5,0,50.27,0,50.971389707428806,0,55.4,0,1.6083866221464087,0,0.012289445400238,83097841.74095395,0,83097841.74095395,0,0,0
9.5,0,54.06,0,54.09086437942862,0,54.96,0,0.2731542160048736,0,0.0,83076495.70011993,0,83076495.70011993,0,0,0
9.5,0,54.0,0,54.0,0,54.0,0,0.0,0,0.0,83072021.70068389,0,83072021.70068389,0,0,0
9.5,0,55.08,0,55.65355882971517,0,60.12,0,2.630706065323381,0,0.045411102771759,83075904.1350699,0,83075904.1350699,0,0,0
9.5,0,54.0,0,54.0,0,54.0,0,0.0,0,0.0,83068384.9029698,0,83068384.9029698,0,0,0
9.5,0,42.0,0,42.0,0,42.0,0,0.0,0,0.0,83483255.26292127,0,83483255.26292127,0,0,0
9.5,0,42.0,0,42.0,0,42.0,0,0.0,0,0.0,83124695.20682238,0,83124695.20682238,0,0,0
9.5,0,50.0,0,50.0,0,50.0,0,0.0,0,0.0435163450241088,83097842.291301,0,83097842.291301,0,0,0
9.5,0,42.0,0,42.0,0,42.0,0,0.0,0,0.0,83483198.42601287,0,83483198.42601287,0,0,0
9.5,0,54.0,0,54.0,0,54.0,0,0.0,0,0.0,83037112.65198241,0,83037112.65198241,0,0,0
9.5,0,42.0,0,42.0,0,42.0,0,0.0,0,0.0,83124516.14730439,0,83124516.14730439,0,0,0
9.5,0,50.0,0,50.0,0,50.0,0,0.0,0,0.2839107275009155,83098348.39132617,0,83098348.39132617,0,0,0
9.5,0,42.0,0,42.0,0,42.0,0,0.0,0,0.0,83149646.36536689,0,83149646.36536689,0,0,0
9.5,0,50.0,0,50.0,0,50.0,0,0.0,0,0.1408008289337158,83106159.36165197,0,83106159.36165197,0,0,0
9.5,0,97.68,0,115.0729983827662,0,548.36,0,151.16608702307724,0,0.0701380729675293,83089749.95292456,0,83089749.95292456,0,0,0
9.5,0,42.0,0,42.0,0,42.0,0,0.0,0,0.0,83150339.38536783,0,83150339.38536783,0,0,0
9.5,0,50.0,0,50.0,0,50.0,0,0.0,0,0.0489847540855407,83103046.4327587,0,83103046.4327587,0,0,0
9.5,0,42.0,0,42.0,0,42.0,0,0.0,0,0.0,83483209.28857097,0,83483209.28857097,0,0,0
9.5,0,54.0,0,54.0,0,54.0,0,0.0,0,0.0,83094084.48515439,0,83094084.48515439,0,0,0
9.5,0,57.14,0,54.88708279087613,0,64.78,0,2.610818456687249,0,0.1056205201148986,83093425.43503803,0,83093425.43503803,0,0,0
9.5,0,54.0,0,54.0,0,54.0,0,0.0,0,0.0,83088902.15529646,0,83088902.15529646,0,0,0
9.5,0,42.0,0,42.0,0,42.0,0,0.0,0,0.0,83150711.55141193,0,83150711.55141193,0,0,0
9.5,0,54.0,0,54.0,0,54.0,0,0.0,0,0.0,83037134.18957207,0,83037134.18957207,0,0,0
9.5,0,42.0,0,42.0,0,42.0,0,0.0,0,0.0,83150642.37213664,0,83150642.37213664,0,0,0
9.5,0,42.0,0,42.0,0,42.0,0,0.0,0,0.0,83132133.47665001,0,83132133.47665001,0,0,0
9.5,0,54.0,0,54.0,0,54.0,0,0.0,0,0.0,83067306.19900045,0,83067306.19900045,0,0,0
9.5,0,50.15,0,59.69657820572101,0,168.3,0,37.97975451255769,0,0.0142805814743041,83127727.54868552,0,83127727.54868552,0,0,0
9.5,0,50.0,0,50.0,0,50.0,0,0.0,0,0.0682604074478149,83097807.31254116,0,83097807.31254116,0,0,0
9.5,0,42.0,0,42.0,0,42.0,0,0.0,0,0.0,83128375.12113161,0,83128375.12113161,0,0,0
9.5,0,42.0,0,42.0,0,42.0,0,0.0,0,0.0,83124656.88968024,0,83124656.88968024,0,0,0
9.5,0,42.0,0,42.0,0,42.0,0,0.0,0,0.0,83483222.63101587,0,83483222.63101587,0,0,0
9.5,0,50.0,0,50.0,0,50.0,0,0.0,0,0.1048832917213439,83106177.79876114,0,83106177.79876114,0,0,0
9.5,0,50.75,0,51.957846423399445,0,59.45,0,2.817018160094284,0,0.0457834434509277,83123575.22298764,0,83123575.22298764,0,0,0
9.5,0,50.0,0,50.0,0,50.0,0,0.0,0,0.0223190832138061,83106487.04259883,0,83106487.04259883,0,0,0
9.5,0,42.0,0,42.0,0,42.0,0,0.0,0,0.0,83124896.03267598,0,83124896.03267598,0,0,0
9.5,0,54.0,0,54.0,0,54.0,0,0.0,0,0.0,83089822.5549395,0,83089822.5549395,0,0,0
9.5,0,42.0,0,42.0,0,42.0,0,0.0,0,0.0,83124867.97534561,0,83124867.97534561,0,0,0
9.5,0,42.12,0,42.13772875885725,0,43.68,0,0.4535870724597515,0,0.0045893311500549,83128394.1794212,0,83128394.1794212,0,0,0
9.5,0,50.0,0,50.0,0,50.0,0,0.0,0,0.015580141544342,83098814.09649199,0,83098814.09649199,0,0,0
9.5,0,50.96,0,50.6948690318969,0,52.88,0,1.2161189751512878,0,0.2823217248916626,83097602.19484678,0,83097602.19484678,0,0,0
9.5,0,54.0,0,54.0,0,54.0,0,0.0,0,0.0,83093494.48901644,0,83093494.48901644,0,0,0
9.5,0,54.32,0,54.0694434124527,0,55.28,0,0.2897911573564653,0,0.0,83089247.65391643,0,83089247.65391643,0,0,0
9.5,0,44.84,0,42.57547613519091,0,46.08,0,1.2148606746063044,0,0.0582547664642334,83483227.52759704,0,83483227.52759704,0,0,0
9.5,0,54.0,0,54.0,0,54.0,0,0.0,0,0.0,83089926.71736544,0,83089926.71736544,0,0,0
9.5,0,54.0,0,54.0,0,54.0,0,0.0,0,0.0,83072020.28321959,0,83072020.28321959,0,0,0
9.5,0,42.0,0,42.0,0,42.0,0,0.0,0,0.0,83129054.74396561,0,83129054.74396561,0,0,0
9.5,0,50.2,0,50.35288126476208,0,53.4,0,0.9971165937280224,0,0.2056862831115722,83102237.84995827,0,83102237.84995827,0,0,0
9.5,0,50.0,0,50.0,0,50.0,0,0.0,0,0.167927725315094,83098355.18854176,0,83098355.18854176,0,0,0
9.5,0,42.0,0,42.0,0,42.0,0,0.0,0,0.0,83124766.72548561,0,83124766.72548561,0,0,0
9.5,0,54.0,0,54.0,0,54.0,0,0.0,0,0.0,83090057.41408318,0,83090057.41408318,0,0,0
9.5,0,42.0,0,42.0,0,42.0,0,0.0,0,0.0,83483199.1731115,0,83483199.1731115,0,0,0
9.5,0,54.0,0,54.0,0,54.0,0,0.0,0,0.0,83094404.22325034,0,83094404.22325034,0,0,0
9.5,0,42.0,0,42.0,0,42.0,0,0.0,0,0.0,83128556.0067941,0,83128556.0067941,0,0,0
9.5,0,50.0,0,50.0,0,50.0,0,0.0,0,0.0077201604843139,83101939.53342398,0,83101939.53342398,0,0,0
9.5,0,42.0,0,42.0,0,42.0,0,0.0,0,0.0,83124134.19143382,0,83124134.19143382,0,0,0
9.5,0,54.12,0,54.01898245614036,0,54.36,0,0.0804363898910274,0,0.0035663199424743,83076384.71733432,0,83076384.71733432,0,0,0
9.5,0,42.18,0,42.00899999999999,0,42.18,0,0.039230090491866,0,0.0,83124064.26153986,0,83124064.26153986,0,0,0
9.5,0,54.44,0,54.18374659688437,0,57.08,0,0.7280424925315095,0,0.0,83089225.41722217,0,83089225.41722217,0,0,0
9.5,0,42.0,0,42.0,0,42.0,0,0.0,0,0.0,83124060.34766835,0,83124060.34766835,0,0,0
9.5,0,42.0,0,42.0,0,42.0,0,0.0,0,0.0,83150308.02720869,0,83150308.02720869,0,0,0
9.5,0,54.06,0,54.003,0,54.06,0,0.013076696830622,0,0.0,83094335.49924986,0,83094335.49924986,0,0,0
9.5,0,54.0,0,54.0,0,54.0,0,0.0,0,0.0,83033813.844232,0,83033813.844232,0,0,0
9.5,0,55.5,0,45.773393962848296,0,109.5,0,15.493394149338387,0,0.049924349784851,83149350.77186528,0,83149350.77186528,0,0,0
9.5,0,50.0,0,50.0,0,50.0,0,0.0,0,0.0052086997032165,83123609.92205702,0,83123609.92205702,0,0,0
9.5,0,42.0,0,42.0,0,42.0,0,0.0,0,0.0,83132740.6140601,0,83132740.6140601,0,0,0
9.5,0,50.0,0,50.0,0,50.0,0,0.0,0,0.1528832054138183,83098699.16173913,0,83098699.16173913,0,0,0
9.5,0,54.0,0,54.0,0,54.0,0,0.0,0,0.0,83076985.9496985,0,83076985.9496985,0,0,0
9.5,0,43.15,0,42.29710393016856,0,44.83,0,0.7747621856342276,0,0.0012240600585937,83127720.95792136,0,83127720.95792136,0,0,0
9.5,0,54.0,0,54.0,0,54.0,0,0.0,0,0.0,83067447.21300972,0,83067447.21300972,0,0,0
9.5,0,54.0,0,54.0,0,54.0,0,0.0,0,0.0,83067581.91175446,0,83067581.91175446,0,0,0
9.5,0,42.32,0,42.0694434124527,0,43.28,0,0.2897911573564653,0,0.0117609405517578,83483223.80924831,0,83483223.80924831,0,0,0
9.5,0,50.0,0,50.0,0,50.0,0,0.0,0,0.0191616559028625,83098733.20740561,0,83098733.20740561,0,0,0
9.5,0,50.0,0,50.0,0,50.0,0,0.0,0,0.2866729140281677,83106367.70368576,0,83106367.70368576,0,0,0
9.5,0,50.0,0,50.0,0,50.0,0,0.0,0,0.1290202045440673,83098916.64243051,0,83098916.64243051,0,0,0
9.5,0,42.0,0,42.0,0,42.0,0,0.0,0,0.0,83128628.06828555,0,83128628.06828555,0,0,0
9.5,0,42.0,0,42.0,0,42.0,0,0.0,0,0.0,83128047.19888513,0,83128047.19888513,0,0,0
9.5,0,42.0,0,42.0,0,42.0,0,0.0,0,0.0,83149401.01383133,0,83149401.01383133,0,0,0
9.5,0,42.0,0,42.0,0,42.0,0,0.0,0,0.0,83128638.37024716,0,83128638.37024716,0,0,0
9.5,0,54.92,0,54.19964981080151,0,57.68,0,0.833149577399838,0,0.0197407293319702,83093497.55835322,0,83093497.55835322,0,0,0
9.5,0,54.0,0,54.0,0,54.0,0,0.0,0,0.0,83094021.34913069,0,83094021.34913069,0,0,0
9.5,0,50.0,0,50.0,0,50.0,0,0.0,0,0.0584837698936462,83495202.3084762,0,83495202.3084762,0,0,0
9.5,0,42.0,0,42.0,0,42.0,0,0.0,0,0.0,83149564.531632,0,83149564.531632,0,0,0
9.5,0,54.0,0,54.0,0,54.0,0,0.0,0,0.0,83093255.05409497,0,83093255.05409497,0,0,0
9.5,0,50.0,0,50.0,0,50.0,0,0.0,0,0.0743344378471374,83102228.9310524,0,83102228.9310524,0,0,0
9.5,0,50.1,0,50.17644063238104,0,51.7,0,0.4985582968640113,0,0.0943034434318542,83106503.16279614,0,83106503.16279614,0,0,0
9.5,0,54.0,0,54.0,0,54.0,0,0.0,0,0.0,83067304.92849381,0,83067304.92849381,0,0,0
9.5,0,50.16,0,50.06681694432158,0,51.12,0,0.2647427245569125,0,0.053931860923767,83106613.8465765,0,83106613.8465765,0,0,0
9.5,0,43.08,0,43.98660644876279,0,50.84,0,3.056210712789249,0,0.0063065505027771,83124437.02672149,0,83124437.02672149,0,0,0
9.5,0,54.0,0,54.0,0,54.0,0,0.0,0,0.0,83094398.08478789,0,83094398.08478789,0,0,0
9.5,0,50.0,0,50.0,0,50.0,0,0.0,0,0.1904540824890136,83098921.99130243,0,83098921.99130243,0,0,0
9.5,0,42.0,0,42.0,0,42.0,0,0.0,0,0.0,83132488.99044818,0,83132488.99044818,0,0,0
9.5,0,50.0,0,50.0,0,50.0,0,0.0,0,0.098605215549469,83123885.52585265,0,83123885.52585265,0,0,0
9.5,0,42.0,0,42.0,0,42.0,0,0.0,0,0.0,83128881.63419534,0,83128881.63419534,0,0,0
9.5,0,50.0,0,50.0,0,50.0,0,0.0,0,0.2038571238517761,83106494.05930272,0,83106494.05930272,0,0,0
9.5,0,50.0,0,50.0,0,50.0,0,0.0,0,0.2502069497108459,83097618.85896495,0,83097618.85896495,0,0,0
9.5,0,54.72,0,55.58468507395598,0,65.88,0,3.682864177667361,0,0.0024261593818664,83088816.28952986,0,83088816.28952986,0,0,0
9.5,0,42.0,0,42.0,0,42.0,0,0.0,0,0.0,83124828.99082205,0,83124828.99082205,0,0,0
9.5,0,54.0,0,54.0,0,54.0,0,0.0,0,0.0,83094094.23959632,0,83094094.23959632,0,0,0
9.5,0,42.0,0,42.0,0,42.0,0,0.0,0,0.0,83128797.9061652,0,83128797.9061652,0,0,0
9.5,0,42.0,0,42.0,0,42.0,0,0.0,0,0.0,83129067.65074183,0,83129067.65074183,0,0,0
9.5,0,42.0,0,42.0,0,42.0,0,0.0,0,0.0,83482367.41174163,0,83482367.41174163,0,0,0
9.5,0,401.12,0,362.0629460637402,0,1107.5,0,377.87088265387166,0,1.106294996738434,83098891.0430631,0,83098891.0430631,0,0,0
9.5,0,42.0,0,42.0,0,42.0,0,0.0,0,0.0,83128817.3487326,0,83128817.3487326,0,0,0
9.5,0,50.2,0,50.11557246245327,0,51.8,0,0.4394993565375166,0,0.0411307787895202,83123565.95165592,0,83123565.95165592,0,0,0
9.5,0,50.0,0,50.0,0,50.0,0,0.0,0,0.0105586576461792,83106624.44609337,0,83106624.44609337,0,0,0
9.5,0,50.0,0,50.0,0,50.0,0,0.0,0,0.0934108233451843,83123877.81171979,0,83123877.81171979,0,0,0
9.5,0,50.0,0,50.0,0,50.0,0,0.0,0,0.1572444152832031,83102998.79668905,0,83102998.79668905,0,0,0
9.5,0,50.0,0,50.0,0,50.0,0,0.0,0,0.023955271244049,83103032.04134905,0,83103032.04134905,0,0,0
9.5,0,42.0,0,42.0,0,42.0,0,0.0,0,0.0,83128488.49319248,0,83128488.49319248,0,0,0
9.5,0,42.0,0,42.0,0,42.0,0,0.0,0,0.0,83128509.1716682,0,83128509.1716682,0,0,0
9.5,0,50.0,0,50.0,0,50.0,0,0.0,0,0.0613747763633728,83101872.368459,0,83101872.368459,0,0,0
9.5,0,42.0,0,42.0,0,42.0,0,0.0,0,0.0,83128976.18624362,0,83128976.18624362,0,0,0
9.5,0,42.0,0,42.0,0,42.0,0,0.0,0,0.0,83483264.11479676,0,83483264.11479676,0,0,0
9.5,0,50.0,0,50.0,0,50.0,0,0.0,0,0.1341273999214172,83101888.75494362,0,83101888.75494362,0,0,0
9.5,0,50.0,0,50.0,0,50.0,0,0.0,0,0.1564163827896118,83106485.83672778,0,83106485.83672778,0,0,0
9.5,0,50.4,0,50.65576252952414,0,53.4,0,1.29558552603058,0,0.168345079421997,83102033.22704583,0,83102033.22704583,0,0,0
9.5,0,54.0,0,54.0,0,54.0,0,0.0,0,0.0,83093412.08352429,0,83093412.08352429,0,0,0
9.5,0,50.16,0,50.02530994152046,0,50.48,0,0.1072485198547032,0,0.0510696530342102,83098909.15468875,0,83098909.15468875,0,0,0
9.5,0,54.0,0,54.0,0,54.0,0,0.0,0,0.0,83093400.66471946,0,83093400.66471946,0,0,0
9.5,0,50.0,0,50.0,0,50.0,0,0.0,0,0.1305173206329345,83106927.42175826,0,83106927.42175826,0,0,0
9.5,0,42.0,0,42.0,0,42.0,0,0.0,0,0.0,83127798.24201317,0,83127798.24201317,0,0,0
9.5,0,54.0,0,54.0,0,54.0,0,0.0,0,0.0,83068528.37179583,0,83068528.37179583,0,0,0
9.5,0,50.52,0,50.24227161916171,0,53.24,0,0.7870387747796795,0,0.4412143516540527,83106454.44346778,0,83106454.44346778,0,0,0
9.5,0,42.0,0,42.0,0,42.0,0,0.0,0,0.0,83124873.242483,0,83124873.242483,0,0,0
9.5,0,42.0,0,42.0,0,42.0,0,0.0,0,0.0,83150122.48005833,0,83150122.48005833,0,0,0
9.5,0,54.0,0,54.0,0,54.0,0,0.0,0,0.0,83034062.36471988,0,83034062.36471988,0,0,0
9.5,0,89.26,0,72.77149704243125,0,391.44,0,97.57107042516786,0,0.2432072520256042,83132301.87771289,0,83132301.87771289,0,0,0
9.5,0,50.0,0,50.0,0,50.0,0,0.0,0,0.0849362850189208,83487406.64537074,0,83487406.64537074,0,0,0
9.5,0,50.2,0,50.20097650285731,0,52.6,0,0.6859930328772093,0,0.2535742712020874,83102327.44208586,0,83102327.44208586,0,0,0
9.5,0,50.0,0,50.0,0,50.0,0,0.0,0,0.0236929154396057,83123513.2880172,0,83123513.2880172,0,0,0
9.5,0,54.0,0,54.0,0,54.0,0,0.0,0,0.0,83093252.3109225,0,83093252.3109225,0,0,0
9.5,0,50.0,0,50.0,0,50.0,0,0.0,0,0.1851208710670471,83098681.85357434,0,83098681.85357434,0,0,0
9.5,0,50.16,0,50.18363834514299,0,52.24,0,0.6047827632796686,0,0.1056800627708435,83098700.29098088,0,83098700.29098088,0,0,0
9.5,0,50.0,0,50.0,0,50.0,0,0.0,0,0.0572314310073852,83101822.9028202,0,83101822.9028202,0,0,0
9.5,0,42.0,0,42.0,0,42.0,0,0.0,0,0.0,83127781.17984024,0,83127781.17984024,0,0,0
9.5,0,54.0,0,54.0,0,54.0,0,0.0,0,0.0,83090183.51312889,0,83090183.51312889,0,0,0
9.5,0,58.11,0,54.65054127966976,0,65.73,0,2.616934902638685,0,0.0084914922714233,83071584.64449094,0,83071584.64449094,0,0,0
9.5,0,42.0,0,42.0,0,42.0,0,0.0,0,0.0,83149401.32377554,0,83149401.32377554,0,0,0
9.5,0,50.0,0,50.0,0,50.0,0,0.0,0,0.2192104482650756,83098626.60395022,0,83098626.60395022,0,0,0
9.5,0,42.0,0,42.0,0,42.0,0,0.0,0,0.0,83483275.79659417,0,83483275.79659417,0,0,0
9.5,0,54.2,0,54.01,0,54.2,0,0.0435889894354067,0,0.0387959194183349,83067522.11558229,0,83067522.11558229,0,0,0
9.5,0,50.0,0,50.0,0,50.0,0,0.0,0,0.2443630456924438,83101926.77220938,0,83101926.77220938,0,0,0
9.5,0,54.32,0,54.016000000000005,0,54.32,0,0.0697423830966507,0,0.0,83033543.00678726,0,83033543.00678726,0,0,0
9.5,0,42.0,0,42.0,0,42.0,0,0.0,0,0.0,83150647.96919592,0,83150647.96919592,0,0,0
9.5,0,54.0,0,54.0,0,54.0,0,0.0,0,0.0,83067580.26265495,0,83067580.26265495,0,0,0
9.5,0,54.0,0,54.0,0,54.0,0,0.0,0,0.0,83093443.90596573,0,83093443.90596573,0,0,0
9.5,0,50.0,0,50.0,0,50.0,0,0.0,0,0.0079534840583801,83123742.51888108,0,83123742.51888108,0,0,0
9.5,0,54.0,0,54.0,0,54.0,0,0.0,0,0.0,83067285.42692825,0,83067285.42692825,0,0,0
9.5,0,50.0,0,50.0,0,50.0,0,0.0,0,0.064005537033081,83123484.80279814,0,83123484.80279814,0,0,0
9.5,0,53.96,0,53.998000000000005,0,54.0,0,0.0087177978870813,0,7.574814083576203,83090133.30722798,0,83090133.30722798,0,0,0
9.5,0,42.0,0,42.0,0,42.0,0,0.0,0,0.0,83129000.11291213,0,83129000.11291213,0,0,0
9.5,0,54.0,0,54.0,0,54.0,0,0.0,0,0.0,83034118.52041572,0,83034118.52041572,0,0,0
9.5,0,42.0,0,42.0,0,42.0,0,0.0,0,0.0,83128028.6830764,0,83128028.6830764,0,0,0
9.5,0,167.44,0,171.90174531729022,0,174.0,0,5.23866801607413,0,0.0645348572731018,83064042.28856128,0,83064042.28856128,0,0,0
9.5,0,58.35,0,54.606283969728246,0,62.01,0,1.9520007514248283,0,0.0029751396179199,83093124.49908493,0,83093124.49908493,0,0,0
9.5,0,42.0,0,42.0,0,42.0,0,0.0,0,0.0,83127778.50587612,0,83127778.50587612,0,0,0
9.5,0,54.0,0,54.0,0,54.0,0,0.0,0,0.0,83072325.2811664,0,83072325.2811664,0,0,0
9.5,0,50.0,0,50.0,0,50.0,0,0.0,0,0.0180462145805358,83098714.73307635,0,83098714.73307635,0,0,0
9.5,0,54.0,0,54.0,0,54.0,0,0.0,0,0.0,83093426.1097323,0,83093426.1097323,0,0,0
9.5,0,54.0,0,54.0,0,54.0,0,0.0,0,0.0,83093457.70904997,0,83093457.70904997,0,0,0
9.5,0,54.0,0,54.0,0,54.0,0,0.0,0,0.0,83089967.84468886,0,83089967.84468886,0,0,0
9.5,0,54.0,0,54.0,0,54.0,0,0.0,0,0.0,83094405.32131578,0,83094405.32131578,0,0,0
9.5,0,42.0,0,42.0,0,42.0,0,0.0,0,0.0,83124767.1998471,0,83124767.1998471,0,0,0
9.5,0,54.72,0,55.57037255314346,0,67.08,0,3.989030992390424,0,4.980564117431641e-06,83076124.6781113,0,83076124.6781113,0,0,0
9.5,0,54.0,0,54.0,0,54.0,0,0.0,0,0.0,83089068.59185101,0,83089068.59185101,0,0,0
9.5,0,54.0,0,54.0,0,54.0,0,0.0,0,0.0,83067303.92272529,0,83067303.92272529,0,0,0
9.5,0,54.0,0,54.0,0,54.0,0,0.0,0,0.0010316801071166,83089873.77656722,0,83089873.77656722,0,0,0
9.5,0,50.0,0,50.0,0,50.0,0,0.0,0,0.6254504561424256,83123830.63827911,0,83123830.63827911,0,0,0
9.5,0,55.6,0,55.40781202285847,0,73.2,0,4.958794000804756,0,0.0,83088884.08608311,0,83088884.08608311,0,0,0
9.5,0,54.0,0,54.0,0,54.0,0,0.0,0,0.0,83076367.61753696,0,83076367.61753696,0,0,0
9.5,0,54.0,0,54.0,0,54.0,0,0.0,0,0.0,83076990.97149317,0,83076990.97149317,0,0,0
9.5,0,42.0,0,42.0,0,42.0,0,0.0,0,0.0,83124627.64877018,0,83124627.64877018,0,0,0
9.5,0,50.0,0,50.0,0,50.0,0,0.0,0,0.4074675559997558,83097627.49571118,0,83097627.49571118,0,0,0
9.5,0,42.42,0,42.49490779885748,0,44.7,0,0.9114075328724348,0,0.0128624582290649,83128157.60678846,0,83128157.60678846,0,0,0
9.5,0,42.0,0,42.0,0,42.0,0,0.0,0,0.0,83124155.73554721,0,83124155.73554721,0,0,0
9.5,0,54.06,0,54.03467173873598,0,54.54,0,0.131849806961255,0,0.0,83076511.40112852,0,83076511.40112852,0,0,0
9.5,0,54.0,0,54.0,0,54.0,0,0.0,0,0.0,83033379.9444774,0,83033379.9444774,0,0,0
9.5,0,55.92,0,55.69618994524567,0,72.0,0,4.749049967233719,0,6.312623851299286,83067300.040295,0,83067300.040295,0,0,0
9.5,0,50.0,0,50.0,0,50.0,0,0.0,0,0.093758647441864,83123881.19581918,0,83123881.19581918,0,0,0
9.5,0,42.0,0,42.0,0,42.0,0,0.0,0,0.0,83132299.47176272,0,83132299.47176272,0,0,0
9.5,0,42.12,0,42.06934347747196,0,43.08,0,0.26369961392251,0,0.0,83150104.97844519,0,83150104.97844519,0,0,0
9.5,0,54.0,0,54.0,0,54.0,0,0.0,0,0.0,83089919.12767619,0,83089919.12767619,0,0,0
9.5,0,50.0,0,50.0,0,50.0,0,0.0,0,0.1618344044685363,83098362.60198846,0,83098362.60198846,0,0,0
9.5,0,42.0,0,42.0,0,42.0,0,0.0,0,0.0,83483283.57500762,0,83483283.57500762,0,0,0
9.5,0,42.0,0,42.0,0,42.0,0,0.0,0,0.0,83127794.0625227,0,83127794.0625227,0,0,0
9.5,0,54.0,0,54.0,0,54.0,0,0.0,0,0.0,83093430.52318968,0,83093430.52318968,0,0,0
9.5,0,50.0,0,50.0,0,50.0,0,0.0,0,0.1218648409843444,83107459.99645953,0,83107459.99645953,0,0,0
9.5,0,42.0,0,42.0,0,42.0,0,0.0,0,0.0,83124431.388454,0,83124431.388454,0,0,0
9.5,0,50.0,0,50.0,0,50.0,0,0.0,0,0.2427584528923034,83106604.35349563,0,83106604.35349563,0,0,0
9.5,0,50.0,0,50.0,0,50.0,0,0.0,0,0.1178347969055175,83102060.38881552,0,83102060.38881552,0,0,0
9.5,0,42.0,0,42.0,0,42.0,0,0.0,0,0.0,83124822.57127403,0,83124822.57127403,0,0,0
9.5,0,54.0,0,54.0,0,54.0,0,0.0,0,0.0,83089703.41117847,0,83089703.41117847,0,0,0
9.5,0,42.0,0,42.0,0,42.0,0,0.0,0,0.0,83153718.85598747,0,83153718.85598747,0,0,0
9.5,0,54.0,0,54.0,0,54.0,0,0.0,0,0.0,83495276.74134655,0,83495276.74134655,0,0,0
9.5,0,50.4,0,50.249326743088346,0,52.0,0,0.6569782550589437,0,0.0178096485137939,83101932.9368946,0,83101932.9368946,0,0,0
9.5,0,54.0,0,54.0,0,54.0,0,0.0,0,0.0,83068522.32989548,0,83068522.32989548,0,0,0
9.5,0,54.0,0,54.0,0,54.0,0,0.0,0,0.0,83093317.92271556,0,83093317.92271556,0,0,0
9.5,0,56.87,0,58.08311404810362,0,97.76,0,12.370373888382328,0,0.0029744601249694,83093230.21209392,0,83093230.21209392,0,0,0
9.5,0,50.0,0,50.0,0,50.0,0,0.0,0,0.2127113962173462,83123805.9256091,0,83123805.9256091,0,0,0
9.5,0,54.18,0,54.05910874033088,0,54.96,0,0.2295349840895645,0,0.0004626202583312,83094102.3263702,0,83094102.3263702,0,0,0
9.5,0,54.0,0,54.0,0,54.0,0,0.0,0,0.0,83072254.66879736,0,83072254.66879736,0,0,0
9.5,0,50.0,0,50.0,0,50.0,0,0.0,0,0.2185074043273925,83102470.13867241,0,83102470.13867241,0,0,0
9.5,0,50.1,0,50.20977396571437,0,51.8,0,0.5456987489431144,0,0.0614696145057678,83123681.42654482,0,83123681.42654482,0,0,0
9.5,0,50.1,0,50.06687714031754,0,51.0,0,0.2484976569975618,0,0.0820906734466552,83101812.76341426,0,83101812.76341426,0,0,0
9.5,0,42.0,0,42.0,0,42.0,0,0.0,0,0.0,83128696.89320755,0,83128696.89320755,0,0,0
9.5,0,54.44,0,54.50500544914322,0,60.16,0,1.6631525990190883,0,4.942288136482238,83063973.49261886,0,83063973.49261886,0,0,0
9.5,0,50.0,0,50.0,0,50.0,0,0.0,0,0.1501063919067382,83101858.33576176,0,83101858.33576176,0,0,0
9.5,0,50.28,0,50.16180144743457,0,52.52,0,0.6152990991525233,0,0.0410132217407226,83106361.39710952,0,83106361.39710952,0,0,0
9.5,0,54.0,0,54.0,0,54.0,0,0.0,0,0.0,83089968.10516728,0,83089968.10516728,0,0,0
9.5,0,54.0,0,54.0,0,54.0,0,0.0,0,0.0,83068399.41405219,0,83068399.41405219,0,0,0
9.5,0,55.63,0,54.8060822356608,0,67.04,0,3.131411555090819,0,0.0,83076196.2469104,0,83076196.2469104,0,0,0
9.5,0,42.0,0,42.0,0,42.0,0,0.0,0,0.0,83128688.69026145,0,83128688.69026145,0,0,0
9.5,0,50.0,0,50.0,0,50.0,0,0.0,0,0.067418053150177,83106907.18354362,0,83106907.18354362,0,0,0
9.5,0,42.0,0,42.0,0,42.0,0,0.0,0,0.0,83124690.67622235,0,83124690.67622235,0,0,0
9.5,0,50.0,0,50.0,0,50.0,0,0.0,0,0.1967016673088073,83102042.09502368,0,83102042.09502368,0,0,0
9.5,0,42.0,0,42.0,0,42.0,0,0.0,0,0.0,83124529.04352084,0,83124529.04352084,0,0,0
9.5,0,42.0,0,42.0,0,42.0,0,0.0,0,0.0,83482384.08943428,0,83482384.08943428,0,0,0
9.5,0,50.0,0,50.0,0,50.0,0,0.0,0,0.1609370040893554,83106914.98288374,0,83106914.98288374,0,0,0
9.5,0,54.0,0,54.0,0,54.0,0,0.0,0,0.0,83037701.77247939,0,83037701.77247939,0,0,0
9.5,0,54.0,0,54.0,0,54.0,0,0.0,0,0.0,83089925.70865466,0,83089925.70865466,0,0,0
9.5,0,50.0,0,50.0,0,50.0,0,0.0,0,0.1049461722373962,83098627.40514866,0,83098627.40514866,0,0,0
9.5,0,42.0,0,42.0,0,42.0,0,0.0,0,0.0,83128816.25564426,0,83128816.25564426,0,0,0
9.5,0,42.0,0,42.0,0,42.0,0,0.0,0,0.0,83150115.8929496,0,83150115.8929496,0,0,0
9.5,0,54.24,0,54.08308255933953,0,55.44,0,0.3353046363988433,0,0.0069085788726806,83089702.3873817,0,83089702.3873817,0,0,0
9.5,0,54.48,0,54.21249478900872,0,56.56,0,0.6177831407259305,0,0.0,83076964.27346021,0,83076964.27346021,0,0,0
9.5,0,54.0,0,54.0,0,54.0,0,0.0,0,0.0,83076109.45504224,0,83076109.45504224,0,0,0
9.5,0,42.52,0,42.78749128838138,0,50.32,0,2.367336538708905,0,0.0,83483198.39769495,0,83483198.39769495,0,0,0
9.5,0,54.0,0,54.0,0,54.0,0,0.0,0,0.0,83093335.9651595,0,83093335.9651595,0,0,0
9.5,0,42.0,0,42.0,0,42.0,0,0.0,0,0.0,83124521.57095559,0,83124521.57095559,0,0,0
9.5,0,54.0,0,54.0,0,54.0,0,0.0,0,0.0,83075974.67987399,0,83075974.67987399,0,0,0
9.5,0,50.1,0,50.20977396571437,0,51.8,0,0.5456987489431145,0,0.1318201088905334,83101937.74379064,0,83101937.74379064,0,0,0
9.5,0,50.0,0,50.0,0,50.0,0,0.0,0,0.1777688312530517,83106361.65551132,0,83106361.65551132,0,0,0
9.5,0,50.69,0,52.03244036342913,0,58.79,0,2.681491948540061,0,0.1129106211662292,83098349.16669795,0,83098349.16669795,0,0,0
9.5,0,42.0,0,42.0,0,42.0,0,0.0,0,0.0,83150252.62986885,0,83150252.62986885,0,0,0
9.5,0,54.0,0,54.0,0,54.0,0,0.0,0,0.0,83067381.91753495,0,83067381.91753495,0,0,0
9.5,0,42.0,0,42.0,0,42.0,0,0.0,0,0.0,83124153.63897489,0,83124153.63897489,0,0,0
9.5,0,42.0,0,42.0,0,42.0,0,0.0,0,0.0,83149639.08777739,0,83149639.08777739,0,0,0
9.5,0,42.0,0,42.0,0,42.0,0,0.0,0,0.0,83124714.77592011,0,83124714.77592011,0,0,0
9.5,0,50.0,0,50.0,0,50.0,0,0.0,0,0.2200057935714721,83106981.54691194,0,83106981.54691194,0,0,0
9.5,0,50.46,0,50.22973149880736,0,53.64,0,0.8816585784414255,0,0.1854075956344604,83123572.76400125,0,83123572.76400125,0,0,0
9.5,0,42.0,0,42.0,0,42.0,0,0.0,0,0.0,83150260.49319604,0,83150260.49319604,0,0,0
9.5,0,54.0,0,54.0,0,54.0,0,0.0,0,0.0,83068404.53688549,0,83068404.53688549,0,0,0
9.350877192982455,0,50.0,0,50.0,0,50.0,0,0.0,0,0.0418034436409933,58317062.346168734,0,58317062.346168734,0,0,0
9.5,0,54.0,0,54.0,0,54.0,0,0.0,0,0.0,83076189.23468469,0,83076189.23468469,0,0,0
9.5,0,42.0,0,42.0,0,42.0,0,0.0,0,0.0,83149701.33721732,0,83149701.33721732,0,0,0
9.5,0,42.0,0,42.0,0,42.0,0,0.0,0,0.0,83483271.37063065,0,83483271.37063065,0,0,0
9.5,0,54.0,0,54.0,0,54.0,0,0.0,0,0.0,83072485.64562987,0,83072485.64562987,0,0,0
9.5,0,42.0,0,42.0,0,42.0,0,0.0,0,0.0,83124536.48207101,0,83124536.48207101,0,0,0
9.5,0,42.0,0,42.0,0,42.0,0,0.0,0,0.0,83150259.48400846,0,83150259.48400846,0,0,0
9.5,0,50.0,0,50.0,0,50.0,0,0.0,0,0.0139522194862365,83123628.42670387,0,83123628.42670387,0,0,0
9.5,0,54.0,0,54.0,0,54.0,0,0.0,0,0.0,83089923.56467761,0,83089923.56467761,0,0,0
9.5,0,54.0,0,54.0,0,54.0,0,0.0,0,0.0,83067245.88553743,0,83067245.88553743,0,0,0
9.5,0,50.0,0,50.0,0,50.0,0,0.0,0,0.1514169883728027,83123500.29624645,0,83123500.29624645,0,0,0
9.5,0,54.12,0,54.10558590171439,0,55.44,0,0.3719095500603566,0,0.0028470301628112,83037137.6203965,0,83037137.6203965,0,0,0
9.5,0,54.0,0,54.0,0,54.0,0,0.0,0,0.0,83075917.51338105,0,83075917.51338105,0,0,0
9.5,0,42.0,0,42.0,0,42.0,0,0.0,0,0.0,83124779.81281096,0,83124779.81281096,0,0,0
9.5,0,54.0,0,54.0,0,54.0,0,0.0,0,0.0,83037126.43951178,0,83037126.43951178,0,0,0
9.5,0,42.0,0,42.0,0,42.0,0,0.0,0,0.0,83128496.83839555,0,83128496.83839555,0,0,0
9.5,0,54.0,0,54.0,0,54.0,0,0.0,0,0.0,83067361.00519183,0,83067361.00519183,0,0,0
9.5,0,42.0,0,42.0,0,42.0,0,0.0,0,0.0,83128174.8323597,0,83128174.8323597,0,0,0
9.5,0,42.0,0,42.0,0,42.0,0,0.0,0,0.0,83482362.76362714,0,83482362.76362714,0,0,0
9.5,0,50.0,0,50.0,0,50.0,0,0.0,0,0.107831392288208,83101803.15966219,0,83101803.15966219,0,0,0
9.5,0,54.0,0,54.0,0,54.0,0,0.0,0,0.0,83093408.5087405,0,83093408.5087405,0,0,0
9.5,0,54.0,0,54.0,0,54.0,0,0.0,0,0.0,83072022.6199515,0,83072022.6199515,0,0,0
9.5,0,42.0,0,42.0,0,42.0,0,0.0,0,0.0,83150068.15441382,0,83150068.15441382,0,0,0
9.5,0,54.0,0,54.0,0,54.0,0,0.0,0,0.0,83093392.97830227,0,83093392.97830227,0,0,0
9.5,0,54.0,0,54.0,0,54.0,0,0.0,0,0.0,83090053.65799546,0,83090053.65799546,0,0,0
9.5,0,54.04,0,54.14390958628575,0,54.8,0,0.2382794995772457,0,0.091411120891571,83094143.81920226,0,83094143.81920226,0,0,0
9.5,0,54.0,0,54.0,0,54.0,0,0.0,0,0.0,83089272.26197928,0,83089272.26197928,0,0,0
9.5,0,50.27,0,50.5663897074288,0,54.86,0,1.473386622146409,0,0.0304823446273803,83102808.55435584,0,83102808.55435584,0,0,0
9.5,0,54.0,0,54.0,0,54.0,0,0.0,0,0.0,83037711.79600008,0,83037711.79600008,0,0,0
9.5,0,54.0,0,54.0,0,54.0,0,0.0,0,0.0,83076268.15519719,0,83076268.15519719,0,0,0
9.5,0,42.0,0,42.0,0,42.0,0,0.0,0,0.0,83149630.63472351,0,83149630.63472351,0,0,0
9.5,0,50.0,0,50.0,0,50.0,0,0.0,0,0.057461142539978,83101943.78082384,0,83101943.78082384,0,0,0
9.5,0,54.24,0,54.43345751771449,0,56.16,0,0.8339198581132717,0,0.1195232081413269,83089871.29064783,0,83089871.29064783,0,0,0
9.5,0,50.0,0,50.0,0,50.0,0,0.0,0,0.1543668508529663,83123489.06177919,0,83123489.06177919,0,0,0
9.5,0,42.24,0,42.372314660571625,0,45.72,0,1.0664343184580631,0,0.000147578716278,83132312.3666627,0,83132312.3666627,0,0,0
9.5,0,67.16,0,101.16506124731822,0,316.54,0,78.16838591850926,0,0.0008522009849548,83089862.26815341,0,83089862.26815341,0,0,0
9.5,0,50.0,0,50.0,0,50.0,0,0.0,0,0.0699905633926391,83098753.69730805,0,83098753.69730805,0,0,0
9.5,0,42.0,0,42.0,0,42.0,0,0.0,0,0.0,83132093.78482541,0,83132093.78482541,0,0,0
9.5,0,54.32,0,54.36727669028598,0,58.48,0,1.2095655265593372,0,0.0,83090153.97773968,0,83090153.97773968,0,0,0
9.5,0,42.16,0,42.242305011809655,0,44.56,0,0.7284112426796631,0,0.0398075199127197,83128742.53381538,0,83128742.53381538,0,0,0
9.5,0,161.79,0,165.44816422084105,0,203.07,0,28.756993202509467,0,0.0488432264328002,83089455.73103914,0,83089455.73103914,0,0,0
9.5,0,54.0,0,54.0,0,54.0,0,0.0,0,0.0,83076250.14736596,0,83076250.14736596,0,0,0
9.5,0,54.0,0,54.0,0,54.0,0,0.0,0,0.0,83033840.69569714,0,83033840.69569714,0,0,0
9.5,0,54.0,0,54.0,0,54.0,0,0.0,0,0.0,83089235.19338694,0,83089235.19338694,0,0,0
9.5,0,51.08,0,51.451389221545575,0,61.56,0,3.298562427093556,0,0.1083866643905639,83102047.01874785,0,83102047.01874785,0,0,0
9.5,0,50.0,0,50.0,0,50.0,0,0.0,0,0.0632206630706787,83102035.7406678,0,83102035.7406678,0,0,0
9.5,0,42.0,0,42.0,0,42.0,0,0.0,0,0.0,83128046.55798106,0,83128046.55798106,0,0,0
9.5,0,50.0,0,50.0,0,50.0,0,0.0,0,0.0656215047836303,83101879.88958079,0,83101879.88958079,0,0,0
9.5,0,42.0,0,42.0,0,42.0,0,0.0,0,0.0,83128969.80919287,0,83128969.80919287,0,0,0
9.5,0,42.0,0,42.0,0,42.0,0,0.0,0,0.0,83128817.44194233,0,83128817.44194233,0,0,0
9.5,0,42.0,0,42.0,0,42.0,0,0.0,0,0.0,83127772.99581026,0,83127772.99581026,0,0,0
9.5,0,54.0,0,54.0,0,54.0,0,0.0,0,0.0,83076440.81932127,0,83076440.81932127,0,0,0
9.5,0,54.0,0,54.0,0,54.0,0,0.0,0,0.0,83068288.60301624,0,83068288.60301624,0,0,0
9.5,0,42.24,0,42.067082559339525,0,43.2,0,0.2754381182104603,0,0.0005219006538391,83482361.76851816,0,83482361.76851816,0,0,0
9.5,0,54.0,0,54.0,0,54.0,0,0.0,0,0.1520563745498657,83093991.04392204,0,83093991.04392204,0,0,0
9.5,0,50.0,0,50.0,0,50.0,0,0.0,0,0.115431489944458,83106607.56887312,0,83106607.56887312,0,0,0
9.5,0,42.0,0,42.0,0,42.0,0,0.0,0,0.0,83150630.87769622,0,83150630.87769622,0,0,0
9.5,0,42.0,0,42.0,0,42.0,0,0.0,0,0.0,83482366.95936348,0,83482366.95936348,0,0,0
9.5,0,54.0,0,54.0,0,54.0,0,0.0,0,0.0,83094333.4547089,0,83094333.4547089,0,0,0
9.5,0,54.44,0,54.12298469212247,0,56.2,0,0.5049698833858439,0,0.0,83093508.76837966,0,83093508.76837966,0,0,0
9.5,0,54.0,0,54.0,0,54.0,0,0.0,0,0.0,83093362.87485324,0,83093362.87485324,0,0,0
9.5,0,42.0,0,42.0,0,42.0,0,0.0,0,0.0,83150122.56701586,0,83150122.56701586,0,0,0
9.5,0,42.0,0,42.0,0,42.0,0,0.0,0,0.0,83150009.0684263,0,83150009.0684263,0,0,0
9.5,0,42.0,0,42.0,0,42.0,0,0.0,0,0.0,83132487.78189279,0,83132487.78189279,0,0,0
9.5,0,50.0,0,50.0,0,50.0,0,0.0,0,0.0121084523200988,83123806.40780091,0,83123806.40780091,0,0,0
9.5,0,54.0,0,54.0,0,54.0,0,0.0,0,0.0,83093481.96464625,0,83093481.96464625,0,0,0
9.5,0,42.0,0,42.0,0,42.0,0,0.0,0,0.0,83483273.94822748,0,83483273.94822748,0,0,0
9.5,0,50.1,0,50.35977396571437,0,52.0,0,0.5956987489431146,0,0.0684606313705444,83101917.91804868,0,83101917.91804868,0,0,0
9.5,0,54.0,0,54.0,0,54.0,0,0.0,0,0.0,83037700.61063363,0,83037700.61063363,0,0,0
9.5,0,50.1,0,50.20977396571437,0,51.8,0,0.5456987489431144,0,0.1846660375595092,83495202.75780377,0,83495202.75780377,0,0,0
9.5,0,50.0,0,50.0,0,50.0,0,0.0,0,0.1466875720024109,83098372.60562015,0,83098372.60562015,0,0,0
9.5,0,54.0,0,54.0,0,54.0,0,0.0,0,0.0,83067440.3507781,0,83067440.3507781,0,0,0
9.5,0,42.84,0,42.25849225439163,0,45.72,0,0.8945077306356989,0,0.0008405089378356,83124132.81418352,0,83124132.81418352,0,0,0
9.5,0,54.0,0,54.0,0,54.0,0,0.0,0,0.0,83093495.4250548,0,83093495.4250548,0,0,0
9.5,0,55.96,0,57.018236394668286,0,82.36,0,8.043556400592433,0,0.0618413710594177,83067370.52656128,0,83067370.52656128,0,0,0
9.5,0,50.0,0,50.0,0,50.0,0,0.0,0,0.0924369215965271,83495226.92362647,0,83495226.92362647,0,0,0
9.5,0,42.18,0,42.05031191950464,0,42.9,0,0.2065785886578451,0,0.0,83149496.91668451,0,83149496.91668451,0,0,0
9.5,0,42.0,0,42.0,0,42.0,0,0.0,0,0.0,83129052.4033661,0,83129052.4033661,0,0,0
9.5,0,42.0,0,42.0,0,42.0,0,0.0,0,0.0,83150319.06561305,0,83150319.06561305,0,0,0
9.5,0,54.12,0,54.006,0,54.12,0,0.026153393661244,0,0.0012629914283752,83068412.90096317,0,83068412.90096317,0,0,0
9.5,0,54.0,0,54.0,0,54.0,0,0.0,0,0.0,83093123.32566355,0,83093123.32566355,0,0,0
9.5,0,42.16,0,42.57563834514298,0,45.2,0,0.9531179983089832,0,0.000964560508728,83124005.28720795,0,83124005.28720795,0,0,0
9.5,0,50.0,0,50.0,0,50.0,0,0.0,0,0.2293056488037109,83106177.30928436,0,83106177.30928436,0,0,0
9.5,0,50.0,0,50.0,0,50.0,0,0.0,0,0.0884920239448547,83101824.03178278,0,83101824.03178278,0,0,0
9.5,0,54.0,0,54.0,0,54.0,0,0.0,0,0.0,83076247.7455933,0,83076247.7455933,0,0,0
9.5,0,55.16,0,54.058,0,55.16,0,0.2528161387253591,0,0.0199345898628234,83034052.23808722,0,83034052.23808722,0,0,0
9.5,0,42.0,0,42.0,0,42.0,0,0.0,0,0.0,83124713.59848106,0,83124713.59848106,0,0,0
9.5,0,50.0,0,50.0,0,50.0,0,0.0,0,0.1311255431175232,83102397.69221558,0,83102397.69221558,0,0,0
9.5,0,42.0,0,42.0,0,42.0,0,0.0,0,0.0,83132288.27548803,0,83132288.27548803,0,0,0
9.5,0,54.0,0,54.0,0,54.0,0,0.0,0,0.0,83089200.0278657,0,83089200.0278657,0,0,0
9.5,0,42.18,0,42.08901521620793,0,43.44,0,0.345800049028434,0,0.0,83128041.77689658,0,83128041.77689658,0,0,0
9.5,0,42.0,0,42.0,0,42.0,0,0.0,0,0.0,83483209.9000813,0,83483209.9000813,0,0,0
9.5,0,50.0,0,50.0,0,50.0,0,0.0,0,0.1603139781951904,83098690.49665268,0,83098690.49665268,0,0,0
9.5,0,54.6,0,54.66424534306423,0,59.44,0,1.588079202973006,0,0.0006611704826354,83089053.14914215,0,83089053.14914215,0,0,0
9.5,0,42.0,0,42.0,0,42.0,0,0.0,0,0.0,83128165.01439591,0,83128165.01439591,0,0,0
9.5,0,50.0,0,50.0,0,50.0,0,0.0,0,0.0695877814292907,83101925.50013785,0,83101925.50013785,0,0,0
9.5,0,54.0,0,54.0,0,54.0,0,0.0,0,0.0,83089934.7554096,0,83089934.7554096,0,0,0
9.5,0,42.18,0,42.23659313828586,0,44.7,0,0.7474626480146207,0,0.0,83483224.37520558,0,83483224.37520558,0,0,0
9.5,0,54.0,0,54.0,0,54.0,0,0.0,0,0.0,83487478.80812326,0,83487478.80812326,0,0,0
9.5,0,50.4,0,50.34919762384158,0,52.5,0,0.8097508692934037,0,0.2838387107849121,83102028.4442767,0,83102028.4442767,0,0,0
9.5,0,50.0,0,50.0,0,50.0,0,0.0,0,0.0499648833274841,83106617.37542583,0,83106617.37542583,0,0,0
9.5,0,42.0,0,42.0,0,42.0,0,0.0,0,0.0,83150656.00473511,0,83150656.00473511,0,0,0
9.5,0,54.0,0,54.0,0,54.0,0,0.0,0,0.0,83076194.98954462,0,83076194.98954462,0,0,0
9.5,0,54.0,0,54.0,0,54.0,0,0.0,0,0.0,83089119.48859952,0,83089119.48859952,0,0,0
9.5,0,54.0,0,54.0,0,54.0,0,0.0,0,0.0,83076199.88417448,0,83076199.88417448,0,0,0
9.5,0,50.0,0,50.0,0,50.0,0,0.0,0,0.018226306438446,83106370.5192545,0,83106370.5192545,0,0,0
9.5,0,50.0,0,50.0,0,50.0,0,0.0,0,0.0662671470642089,83123490.68878397,0,83123490.68878397,0,0,0
9.5,0,42.0,0,42.0,0,42.0,0,0.0,0,0.0,83132194.5600837,0,83132194.5600837,0,0,0
9.5,0,54.06,0,54.0527929508572,0,54.72,0,0.1859547750301783,0,0.0,83071576.84248309,0,83071576.84248309,0,0,0
9.5,0,54.0,0,54.0,0,54.0,0,0.0,0,0.0,83064226.15147397,0,83064226.15147397,0,0,0
9.5,0,71.56,0,63.43289423802892,0,165.16,0,29.19128585357432,0,0.0,83075915.69852504,0,83075915.69852504,0,0,0
9.5,0,42.12,0,42.21172875885724,0,44.04,0,0.5982699562368136,0,0.0032312393188476,83124651.76846254,0,83124651.76846254,0,0,0
9.5,0,54.0,0,54.0,0,54.0,0,0.0,0,0.0,83089853.50052263,0,83089853.50052263,0,0,0
9.5,0,50.16,0,50.282305011809655,0,52.72,0,0.797693274982418,0,0.068759753704071,83123608.49470279,0,83123608.49470279,0,0,0
9.5,0,131.26,0,137.32298742979586,0,343.8,0,85.58629953462012,0,0.2617260360717773,83089450.26387528,0,83089450.26387528,0,0,0
9.5,0,50.0,0,50.0,0,50.0,0,0.0,0,0.082322359085083,83097866.32382911,0,83097866.32382911,0,0,0
9.5,0,50.0,0,50.0,0,50.0,0,0.0,0,0.083893859386444,83106934.16865729,0,83106934.16865729,0,0,0
9.5,0,42.0,0,42.0,0,42.0,0,0.0,0,0.0,83150006.72199684,0,83150006.72199684,0,0,0
9.5,0,54.2,0,54.06923546611628,0,55.2,0,0.2794205303323694,0,0.0062474203109741,83072065.83003193,0,83072065.83003193,0,0,0
9.5,0,42.0,0,42.0,0,42.0,0,0.0,0,0.0,83127718.5422468,0,83127718.5422468,0,0,0
9.5,0,50.0,0,50.0,0,50.0,0,0.0,0,0.0370760941505432,83102143.10139787,0,83102143.10139787,0,0,0
9.5,0,50.0,0,50.0,0,50.0,0,0.0,0,0.0954183912277221,83102332.55702204,0,83102332.55702204,0,0,0
9.5,0,54.0,0,54.0,0,54.0,0,0.0,0,0.0,83068266.4400588,0,83068266.4400588,0,0,0
9.5,0,42.0,0,42.0,0,42.0,0,0.0,0,0.0,83124414.74524683,0,83124414.74524683,0,0,0
9.5,0,54.0,0,54.0,0,54.0,0,0.0,0,0.0,83033928.2674809,0,83033928.2674809,0,0,0
9.5,0,54.44,0,54.66633878247656,0,61.04,0,2.003130917369073,0,0.0,83094350.75896983,0,83094350.75896983,0,0,0
9.5,0,50.28,0,50.16180144743457,0,52.52,0,0.6152990991525233,0,0.1991522336006164,83097801.6384769,0,83097801.6384769,0,0,0
9.5,0,54.0,0,54.0,0,54.0,0,0.0,0,0.0,83034047.60650311,0,83034047.60650311,0,0,0
9.5,0,54.0,0,54.0,0,54.0,0,0.0,0,0.0,83093398.37926514,0,83093398.37926514,0,0,0
9.5,0,50.2,0,50.09890579578661,0,51.6,0,0.38422227669826,0,0.0764927339553833,83102383.2341507,0,83102383.2341507,0,0,0
9.5,0,42.0,0,42.0,0,42.0,0,0.0,0,0.0,83150246.73041265,0,83150246.73041265,0,0,0
9.5,0,50.0,0,50.0,0,50.0,0,0.0,0,0.2001026678085327,83101815.4774979,0,83101815.4774979,0,0,0
9.5,0,54.0,0,54.0,0,54.0,0,0.0,0,0.0,83033922.0608816,0,83033922.0608816,0,0,0
9.5,0,42.0,0,42.0,0,42.0,0,0.0,0,0.0,83128116.71310493,0,83128116.71310493,0,0,0
9.5,0,50.0,0,50.0,0,50.0,0,0.0,0,0.1883095574378967,83106691.4086373,0,83106691.4086373,0,0,0
9.5,0,50.0,0,50.0,0,50.0,0,0.0,0,0.196552927494049,83106935.277624,0,83106935.277624,0,0,0
9.5,0,50.0,0,50.0,0,50.0,0,0.0,0,0.1511837458610534,83106926.3691072,0,83106926.3691072,0,0,0
9.5,0,50.0,0,50.0,0,50.0,0,0.0,0,0.0495245623588562,83107461.51959537,0,83107461.51959537,0,0,0
9.5,0,42.0,0,42.0,0,42.0,0,0.0,0,0.0,83128681.61198878,0,83128681.61198878,0,0,0
9.5,0,42.0,0,42.0,0,42.0,0,0.0,0,0.0,83153717.61474171,0,83153717.61474171,0,0,0
9.5,0,54.2,0,54.51954793142873,0,57.8,0,1.1913974978862287,0,0.0018302488327026,83076170.86042234,0,83076170.86042234,0,0,0
9.5,0,42.0,0,42.0,0,42.0,0,0.0,0,0.0,83132210.12663843,0,83132210.12663843,0,0,0
9.5,0,42.0,0,42.0,0,42.0,0,0.0,0,0.0,83124412.67193086,0,83124412.67193086,0,0,0
9.5,0,42.0,0,42.0,0,42.0,0,0.0,0,0.0,83149579.52383816,0,83149579.52383816,0,0,0
9.5,0,42.0,0,42.0,0,42.0,0,0.0,0,0.0,83483210.92190617,0,83483210.92190617,0,0,0
9.5,0,54.0,0,54.0,0,54.0,0,0.0,0,0.0,83067259.70055635,0,83067259.70055635,0,0,0
9.5,0,54.06,0,54.01302063983488,0,54.24,0,0.0543358420043372,0,0.0,83089926.1313979,0,83089926.1313979,0,0,0
9.5,0,42.0,0,42.0,0,42.0,0,0.0,0,0.0,83150263.77368063,0,83150263.77368063,0,0,0
9.5,0,50.0,0,50.0,0,50.0,0,0.0,0,0.1058980846405029,83098917.70966564,0,83098917.70966564,0,0,0
9.5,0,42.0,0,42.0,0,42.0,0,0.0,0,0.0,83128819.74667943,0,83128819.74667943,0,0,0
9.5,0,50.0,0,50.0,0,50.0,0,0.0,0,0.0894351124763488,83098373.46572809,0,83098373.46572809,0,0,0
9.5,0,42.0,0,42.0,0,42.0,0,0.0,0,0.0,83149451.48865277,0,83149451.48865277,0,0,0
9.5,0,42.0,0,42.0,0,42.0,0,0.0,0,0.0,83124535.9465104,0,83124535.9465104,0,0,0
9.5,0,54.48,0,54.23737390988785,0,57.84,0,0.922133464075824,0,0.0199846100807189,83064122.49087453,0,83064122.49087453,0,0,0
9.5,0,54.0,0,54.0,0,54.0,0,0.0,0,0.0,83064133.74289994,0,83064133.74289994,0,0,0
9.5,0,42.0,0,42.0,0,42.0,0,0.0,0,0.0,83128992.8322488,0,83128992.8322488,0,0,0
9.5,0,42.0,0,42.0,0,42.0,0,0.0,0,0.0,83149821.89784127,0,83149821.89784127,0,0,0
9.5,0,54.0,0,54.0,0,54.0,0,0.0,0,0.0,83089107.60464254,0,83089107.60464254,0,0,0
9.5,0,42.0,0,42.0,0,42.0,0,0.0,0,0.0,83149634.66539687,0,83149634.66539687,0,0,0
9.5,0,42.6,0,42.03,0,42.6,0,0.1307669683062202,0,3.222942352294922e-05,83127983.44519699,0,83127983.44519699,0,0,0
9.5,0,42.0,0,42.0,0,42.0,0,0.0,0,0.0,83127793.44948277,0,83127793.44948277,0,0,0
9.5,0,54.0,0,54.0,0,54.0,0,0.0,0,0.0,83076367.94457917,0,83076367.94457917,0,0,0
9.5,0,42.0,0,42.0,0,42.0,0,0.0,0,0.0,83150255.91669044,0,83150255.91669044,0,0,0
9.5,0,54.0,0,54.0,0,54.0,0,0.0,0,0.0,83067440.04776892,0,83067440.04776892,0,0,0
9.5,0,50.0,0,50.0,0,50.0,0,0.0,0,0.0424771475791931,83102360.90041398,0,83102360.90041398,0,0,0
9.5,0,50.0,0,50.0,0,50.0,0,0.0,0,0.006206669807434,83097867.04929115,0,83097867.04929115,0,0,0
9.5,0,42.0,0,42.0,0,42.0,0,0.0,0,0.0,83132744.9434379,0,83132744.9434379,0,0,0
9.5,0,42.0,0,42.0,0,42.0,0,0.0,0,0.0,83149406.9535628,0,83149406.9535628,0,0,0
9.5,0,50.44,0,50.57833878247655,0,56.6,0,1.827130917369073,0,0.1162991905212402,83123614.24463527,0,83123614.24463527,0,0,0
9.5,0,42.0,0,42.0,0,42.0,0,0.0,0,0.0,83150562.6852331,0,83150562.6852331,0,0,0
9.5,0,49.78,0,43.70834296525628,0,72.16,0,6.822765213852283,0,0.0042548704147338,83132490.83011107,0,83132490.83011107,0,0,0
9.5,0,54.0,0,54.0,0,54.0,0,0.0,0,0.0,83094409.36652052,0,83094409.36652052,0,0,0
9.5,0,42.0,0,42.0,0,42.0,0,0.0,0,0.0,83128038.0923146,0,83128038.0923146,0,0,0
9.5,0,54.04,0,54.011180426556585,0,54.2,0,0.0459063530350767,0,0.0013361001014709,83090062.08723347,0,83090062.08723347,0,0,0
9.5,0,42.0,0,42.0,0,42.0,0,0.0,0,0.0,83124756.73826924,0,83124756.73826924,0,0,0
9.5,0,54.06,0,54.04012628419053,0,54.6,0,0.149098594198537,0,0.0,83034045.95785455,0,83034045.95785455,0,0,0
9.5,0,42.0,0,42.0,0,42.0,0,0.0,0,0.0,83129068.3209935,0,83129068.3209935,0,0,0
9.5,0,42.18,0,42.05031191950464,0,42.9,0,0.2065785886578451,0,0.0,83127969.63696998,0,83127969.63696998,0,0,0
9.5,0,50.2,0,50.38621459809539,0,53.5,0,1.044257045807126,0,0.1291973829269409,83098803.88176301,0,83098803.88176301,0,0,0
9.5,0,54.0,0,54.0,0,54.0,0,0.0,0,0.0,99707648.34442522,0,99707648.34442522,0,0,0
9.5,0,42.0,0,42.0,0,42.0,0,0.0,0,0.0,83149410.10697894,0,83149410.10697894,0,0,0
9.5,0,50.0,0,50.0,0,50.0,0,0.0,0,0.0619797945022583,83102796.647452,0,83102796.647452,0,0,0
9.5,0,42.0,0,42.0,0,42.0,0,0.0,0,0.0,83124141.97000316,0,83124141.97000316,0,0,0
9.5,0,50.24,0,50.36345751771449,0,53.84,0,1.0926168640194946,0,0.0407993054389953,83098531.28085533,0,83098531.28085533,0,0,0
9.5,0,50.0,0,50.0,0,50.0,0,0.0,0,0.0112734174728393,83102205.13978817,0,83102205.13978817,0,0,0
9.5,0,50.0,0,50.0,0,50.0,0,0.0,0,0.2123771286010742,83102218.33028118,0,83102218.33028118,0,0,0
9.5,0,50.0,0,50.0,0,50.0,0,0.0,0,0.0965879106521606,83106965.89560874,0,83106965.89560874,0,0,0
9.5,0,54.0,0,54.0,0,54.0,0,0.0,0,0.0,83076522.88208579,0,83076522.88208579,0,0,0
9.5,0,42.0,0,42.0,0,42.0,0,0.0,0,0.0,83132735.13795535,0,83132735.13795535,0,0,0
9.5,0,42.31,0,42.10731497248023,0,43.86,0,0.4331018220151725,0,0.0493381190299987,83150107.99693088,0,83150107.99693088,0,0,0
9.5,0,54.0,0,54.0,0,54.0,0,0.0,0,0.0,83076046.49814634,0,83076046.49814634,0,0,0
9.5,0,42.0,0,42.0,0,42.0,0,0.0,0,0.0,83128872.56428832,0,83128872.56428832,0,0,0
9.5,0,54.0,0,54.0,0,54.0,0,0.0,0,0.0,83090061.84258278,0,83090061.84258278,0,0,0
9.5,0,50.0,0,50.0,0,50.0,0,0.0,0,0.1421918749809265,83107448.46046723,0,83107448.46046723,0,0,0
9.5,0,42.97,0,42.25987534399725,0,45.95,0,0.91579217227711,0,0.019608449935913,83149693.6647997,0,83149693.6647997,0,0,0
9.5,0,54.0,0,54.0,0,54.0,0,0.0,0,0.2912073755264282,83093368.84944117,0,83093368.84944117,0,0,0
9.5,0,42.0,0,42.0,0,42.0,0,0.0,0,0.0,83483276.56073232,0,83483276.56073232,0,0,0
9.5,0,52.72,0,54.38118520076415,0,71.08,0,7.946032548349978,0,0.2446434998512268,83098893.02834694,0,83098893.02834694,0,0,0
9.5,0,42.0,0,42.0,0,42.0,0,0.0,0,0.0,83124837.20062417,0,83124837.20062417,0,0,0
9.5,0,50.0,0,50.0,0,50.0,0,0.0,0,0.0686934494972229,83102464.64614655,0,83102464.64614655,0,0,0
9.5,0,169.69,0,173.17637521499827,0,174.0,0,1.9068409322772728,0,0.0038024020195007,83064052.78733772,0,83064052.78733772,0,0,0
9.5,0,42.0,0,42.0,0,42.0,0,0.0,0,0.0,83128574.93319416,0,83128574.93319416,0,0,0
9.5,0,50.0,0,50.0,0,50.0,0,0.0,0,0.1506193327903747,83106934.45379035,0,83106934.45379035,0,0,0
9.5,0,42.0,0,42.0,0,42.0,0,0.0,0,0.0,83128030.07727818,0,83128030.07727818,0,0,0
9.5,0,54.06,0,54.09086437942861,0,54.96,0,0.2731542160048735,0,0.0,83076920.47101898,0,83076920.47101898,0,0,0
9.5,0,42.0,0,42.0,0,42.0,0,0.0,0,0.0,83124628.29806691,0,83124628.29806691,0,0,0
9.5,0,50.2,0,50.11557246245327,0,51.8,0,0.4394993565375166,0,0.0838093852996826,83106962.67169993,0,83106962.67169993,0,0,0
9.5,0,50.0,0,50.0,0,50.0,0,0.0,0,0.334198956489563,83098581.41466394,0,83098581.41466394,0,0,0
9.5,0,55.83,0,54.34326597654152,0,59.26,0,1.251463541902046,0,0.0,83093990.46252578,0,83093990.46252578,0,0,0
9.5,0,50.0,0,50.0,0,50.0,0,0.0,0,0.1213443922996521,83098915.52538714,0,83098915.52538714,0,0,0
9.5,0,54.32,0,54.24600684901614,0,57.52,0,0.8911925023921977,0,0.0,83067561.26394033,0,83067561.26394033,0,0,0
9.5,0,42.0,0,42.0,0,42.0,0,0.0,0,0.0,83128639.97985153,0,83128639.97985153,0,0,0
9.5,0,54.0,0,54.0,0,54.0,0,0.0,0,0.0,83067236.20859909,0,83067236.20859909,0,0,0
9.5,0,54.12,0,54.31172875885724,0,56.28,0,0.7148384987317372,0,0.0383907508850097,83033930.92091197,0,83033930.92091197,0,0,0
9.5,0,54.32,0,54.23472875885725,0,56.18,0,0.6278017750311511,0,0.0002634000778198,83077040.60070215,0,83077040.60070215,0,0,0
9.5,0,42.0,0,42.0,0,42.0,0,0.0,0,0.0,83128668.75687629,0,83128668.75687629,0,0,0
9.5,0,54.0,0,54.0,0,54.0,0,0.0,0,0.0,83094081.70369692,0,83094081.70369692,0,0,0
9.5,0,54.0,0,54.0,0,54.0,0,0.0,0,0.0,83068547.90166539,0,83068547.90166539,0,0,0
9.5,0,50.0,0,50.0,0,50.0,0,0.0,0,0.1565802645683288,83495222.78746323,0,83495222.78746323,0,0,0
9.5,0,42.0,0,42.0,0,42.0,0,0.0,0,0.0,83149992.71091497,0,83149992.71091497,0,0,0
9.5,0,54.0,0,54.0,0,54.0,0,0.0,0,0.0,83089809.77236348,0,83089809.77236348,0,0,0
9.5,0,54.0,0,54.0,0,54.0,0,0.0,0,0.0,83089991.06053208,0,83089991.06053208,0,0,0
9.5,0,50.0,0,50.0,0,50.0,0,0.0,0,0.0307853651046752,83097813.71674637,0,83097813.71674637,0,0,0
9.5,0,50.0,0,50.0,0,50.0,0,0.0,0,0.0911073470115661,83097825.76316246,0,83097825.76316246,0,0,0
9.5,0,50.0,0,50.0,0,50.0,0,0.0,0,0.2174666786193847,83123880.41326524,0,83123880.41326524,0,0,0
9.5,0,43.26,0,43.3782993206484,0,51.02,0,3.144397040728533,0,3.5190582275390624e-06,83124890.89676036,0,83124890.89676036,0,0,0
9.5,0,54.0,0,54.0,0,54.0,0,0.0,0,0.0,83033413.48429033,0,83033413.48429033,0,0,0
9.5,0,42.0,0,42.0,0,42.0,0,0.0,0,0.0,83128490.2439983,0,83128490.2439983,0,0,0
9.5,0,50.2,0,50.719547931428735,0,54.0,0,1.1913974978862287,0,0.0409497022628784,83102410.50321463,0,83102410.50321463,0,0,0
9.5,0,42.0,0,42.0,0,42.0,0,0.0,0,0.0,83149815.52097155,0,83149815.52097155,0,0,0
9.5,0,42.0,0,42.0,0,42.0,0,0.0,0,0.0,83149502.23781653,0,83149502.23781653,0,0,0
9.5,0,50.0,0,50.0,0,50.0,0,0.0,0,0.1118858098983764,83106914.58794282,0,83106914.58794282,0,0,0
9.5,0,42.0,0,42.0,0,42.0,0,0.0,0,0.0,83124825.42371461,0,83124825.42371461,0,0,0
9.5,0,54.0,0,54.0,0,54.0,0,0.0,0,0.0,83089902.3976809,0,83089902.3976809,0,0,0
9.5,0,50.23,0,50.04991245270038,0,50.92,0,0.2082873943499594,0,1.2079792213439942,83098599.91905175,0,83098599.91905175,0,0,0
9.5,0,42.0,0,42.0,0,42.0,0,0.0,0,0.0,83150319.68852405,0,83150319.68852405,0,0,0
9.5,0,50.0,0,50.0,0,50.0,0,0.0,0,0.1141470074653625,83106310.15662336,0,83106310.15662336,0,0,0
9.5,0,54.0,0,54.0,0,54.0,0,0.0,0,0.0,83089713.19220984,0,83089713.19220984,0,0,0
9.5,0,50.0,0,50.0,0,50.0,0,0.0,0,0.0817088198661804,83103114.36834721,0,83103114.36834721,0,0,0
9.5,0,43.88,0,42.52548004815961,0,51.4,0,2.157598592648605,0,0.0,83124647.68898976,0,83124647.68898976,0,0,0
9.5,0,54.0,0,54.0,0,54.0,0,0.0,0,0.0,83495274.83177832,0,83495274.83177832,0,0,0
9.5,0,54.0,0,54.0,0,54.0,0,0.0,0,0.0,83090190.28805771,0,83090190.28805771,0,0,0
9.5,0,42.18,0,42.37759313828587,0,45.24,0,0.982257748097606,0,0.0,83483285.92901509,0,83483285.92901509,0,0,0
9.5,0,54.0,0,54.0,0,54.0,0,0.0,0,0.0,83089300.89732812,0,83089300.89732812,0,0,0
9.5,0,54.06,0,54.03467173873598,0,54.54,0,0.131849806961255,0,0.0,83094334.3760257,0,83094334.3760257,0,0,0
9.5,0,50.0,0,50.0,0,50.0,0,0.0,0,0.0412755537033081,83495214.86777812,0,83495214.86777812,0,0,0
9.5,0,54.0,0,54.0,0,54.0,0,0.0,0,0.0,83076248.43863277,0,83076248.43863277,0,0,0
9.5,0,54.0,0,54.0,0,54.0,0,0.0,0,0.0,83093505.14226532,0,83093505.14226532,0,0,0
9.5,0,50.0,0,50.0,0,50.0,0,0.0,0,0.2833380341529846,83102231.62241656,0,83102231.62241656,0,0,0
9.5,0,42.0,0,42.0,0,42.0,0,0.0,0,0.0,83128805.58460158,0,83128805.58460158,0,0,0
9.5,0,42.0,0,42.0,0,42.0,0,0.0,0,0.0,83150709.89270334,0,83150709.89270334,0,0,0
9.5,0,54.0,0,54.0,0,54.0,0,0.0,0,0.0,83034061.4655947,0,83034061.4655947,0,0,0
9.5,0,54.0,0,54.0,0,54.0,0,0.0,0,0.0,83093973.37758768,0,83093973.37758768,0,0,0
9.5,0,42.0,0,42.0,0,42.0,0,0.0,0,0.0,83124890.30315433,0,83124890.30315433,0,0,0
9.5,0,42.0,0,42.0,0,42.0,0,0.0,0,0.0,83150050.13059671,0,83150050.13059671,0,0,0
9.5,0,54.06,0,54.046126284190535,0,54.66,0,0.167098594198537,0,0.0,83093140.58833507,0,83093140.58833507,0,0,0
9.5,0,54.0,0,54.0,0,54.0,0,0.0,0,0.0,83089823.79229517,0,83089823.79229517,0,0,0
9.5,0,42.0,0,42.0,0,42.0,0,0.0,0,0.0,83150330.73080724,0,83150330.73080724,0,0,0
9.5,0,42.0,0,42.0,0,42.0,0,0.0,0,0.0,83127735.39518958,0,83127735.39518958,0,0,0
9.5,0,42.0,0,42.0,0,42.0,0,0.0,0,0.0,83124718.1177858,0,83124718.1177858,0,0,0
9.5,0,54.0,0,54.0,0,54.0,0,0.0,0,0.0,83033412.17609102,0,83033412.17609102,0,0,0
9.5,0,42.0,0,42.0,0,42.0,0,0.0,0,0.0,83150630.57177375,0,83150630.57177375,0,0,0
9.5,0,54.0,0,54.0,0,54.0,0,0.0,0,0.0,83033830.95963663,0,83033830.95963663,0,0,0
9.5,0,50.0,0,50.0,0,50.0,0,0.0,0,0.2878951787948608,83106988.2408575,0,83106988.2408575,0,0,0
9.5,0,50.0,0,50.0,0,50.0,0,0.0,0,0.093897705078125,83123874.08790544,0,83123874.08790544,0,0,0
9.5,0,42.0,0,42.0,0,42.0,0,0.0,0,0.0,83129061.08645795,0,83129061.08645795,0,0,0
9.5,0,42.32,0,43.151276690285975,0,48.4,0,1.9062359966179665,0,0.0127823495864868,83128751.02090214,0,83128751.02090214,0,0,0
9.5,0,50.0,0,50.0,0,50.0,0,0.0,0,0.0387788820266723,83106328.79182382,0,83106328.79182382,0,0,0
9.5,0,54.0,0,54.0,0,54.0,0,0.0,0,0.0,83089176.4132722,0,83089176.4132722,0,0,0
9.5,0,54.64,0,54.25811026812884,0,57.32,0,0.8644606192774595,0,0.0975603199005127,83076980.85475618,0,83076980.85475618,0,0,0
9.5,0,42.0,0,42.0,0,42.0,0,0.0,0,0.0,83124138.3774851,0,83124138.3774851,0,0,0
9.5,0,54.16,0,54.20237050187514,0,54.76,0,0.3257332177975318,0,0.0004751181602478,83093294.80874479,0,83093294.80874479,0,0,0
9.5,0,50.0,0,50.0,0,50.0,0,0.0,0,0.0785765194892883,83103098.3361584,0,83103098.3361584,0,0,0
9.5,0,50.0,0,50.0,0,50.0,0,0.0,0,0.0185973834991455,83123757.71509865,0,83123757.71509865,0,0,0
9.5,0,54.13,0,54.07512210059463,0,55.17,0,0.2856745817493858,0,0.0,83089359.2213962,0,83089359.2213962,0,0,0
9.5,0,50.0,0,50.0,0,50.0,0,0.0,0,0.15715092420578,83102348.54682875,0,83102348.54682875,0,0,0
9.5,0,54.0,0,54.0,0,54.0,0,0.0,0,0.0,83071589.07458407,0,83071589.07458407,0,0,0
9.5,0,50.0,0,50.0,0,50.0,0,0.0,0,0.1704441618919372,83106604.0020298,0,83106604.0020298,0,0,0
9.5,0,50.0,0,50.0,0,50.0,0,0.0,0,0.1885212874412536,83097605.2703971,0,83097605.2703971,0,0,0
9.5,0,54.0,0,54.0,0,54.0,0,0.0,0,0.0,83093510.8682412,0,83093510.8682412,0,0,0
9.5,0,50.0,0,50.0,0,50.0,0,0.0,0,0.0361596083641052,83098631.95668373,0,83098631.95668373,0,0,0
9.5,0,50.0,0,50.0,0,50.0,0,0.0,0,0.1739995789527893,83102266.2854284,0,83102266.2854284,0,0,0
9.5,0,42.0,0,42.0,0,42.0,0,0.0,0,0.0,83150124.10933878,0,83150124.10933878,0,0,0
9.5,0,61.33,0,56.537479833161335,0,97.98,0,10.240762436681338,0,0.0039999103546142,83094161.5628794,0,83094161.5628794,0,0,0
9.5,0,50.0,0,50.0,0,50.0,0,0.0,0,0.1351938343048095,83102884.38674995,0,83102884.38674995,0,0,0
9.5,0,42.24,0,42.623457517714485,0,46.56,0,1.4296769974634749,0,0.1435133099555969,83153727.10982962,0,83153727.10982962,0,0,0
9.5,0,42.0,0,42.0,0,42.0,0,0.0,0,0.0,83124158.99849458,0,83124158.99849458,0,0,0
9.5,0,50.0,0,50.0,0,50.0,0,0.0,0,0.0588552641868591,83123623.64016344,0,83123623.64016344,0,0,0
9.5,0,54.06,0,54.046126284190535,0,54.66,0,0.167098594198537,0,0.0,83089801.0577442,0,83089801.0577442,0,0,0
9.5,0,42.0,0,42.0,0,42.0,0,0.0,0,0.0,83483201.26624075,0,83483201.26624075,0,0,0
9.5,0,42.0,0,42.0,0,42.0,0,0.0,0,0.0,83127995.53409289,0,83127995.53409289,0,0,0
9.5,0,42.0,0,42.0,0,42.0,0,0.0,0,0.0,83127978.84115548,0,83127978.84115548,0,0,0
9.5,0,42.0,0,42.0,0,42.0,0,0.0,0,0.0,83128161.12330554,0,83128161.12330554,0,0,0
9.5,0,54.06,0,54.09086437942862,0,54.96,0,0.2731542160048736,0,0.0,83093219.79971632,0,83093219.79971632,0,0,0
9.5,0,54.0,0,54.0,0,54.0,0,0.0,0,0.0,83076985.37957296,0,83076985.37957296,0,0,0
9.5,0,54.0,0,54.0,0,54.0,0,0.0,0,0.0,83068400.5026233,0,83068400.5026233,0,0,0
9.5,0,42.0,0,42.0,0,42.0,0,0.0,0,0.0,83132187.14443184,0,83132187.14443184,0,0,0
9.5,0,54.12,0,54.21172875885724,0,56.04,0,0.5982699562368136,0,0.0404095602035522,83088891.8629611,0,83088891.8629611,0,0,0
9.5,0,43.88,0,42.52548004815961,0,51.4,0,2.157598592648605,0,0.0,83132313.0294508,0,83132313.0294508,0,0,0
9.5,0,42.0,0,42.0,0,42.0,0,0.0,0,0.0,83132069.59380005,0,83132069.59380005,0,0,0
9.5,0,42.16,0,42.12300342450807,0,43.76,0,0.4455962511960988,0,0.0376264595985412,83124058.85975222,0,83124058.85975222,0,0,0
9.5,0,50.1,0,50.027951066391466,0,50.5,0,0.1147658825876917,0,0.2101270008087158,83123702.72673331,0,83123702.72673331,0,0,0
9.5,0,55.34,0,55.30743542628683,0,69.49,0,4.073768567529175,0,0.0025036597251892,83077036.41900702,0,83077036.41900702,0,0,0
9.5,0,54.0,0,54.0,0,54.0,0,0.0,0,0.0,83037123.46618944,0,83037123.46618944,0,0,0
9.5,0,42.0,0,42.0,0,42.0,0,0.0,0,0.0,83124426.94312696,0,83124426.94312696,0,0,0
9.5,0,54.0,0,54.0,0,54.0,0,0.0,0,0.0,83076514.4003367,0,83076514.4003367,0,0,0
9.5,0,54.0,0,54.0,0,54.0,0,0.0,0,0.0,83076245.14484002,0,83076245.14484002,0,0,0
9.5,0,54.0,0,54.0,0,54.0,0,0.0,0,0.0,83487479.62050217,0,83487479.62050217,0,0,0
9.5,0,54.0,0,54.0,0,54.0,0,0.0,0,0.0,83076249.21934651,0,83076249.21934651,0,0,0
9.5,0,54.51,0,50.80263318587157,0,62.18,0,2.9210483107515715,0,0.0369210982322692,83123812.85952632,0,83123812.85952632,0,0,0
9.5,0,54.0,0,54.0,0,54.0,0,0.0,0,0.0,83033995.94744171,0,83033995.94744171,0,0,0
9.5,0,54.06,0,54.09086437942862,0,54.96,0,0.2731542160048736,0,0.0,83093210.4866385,0,83093210.4866385,0,0,0
9.5,0,42.0,0,42.0,0,42.0,0,0.0,0,0.0,83128685.08007236,0,83128685.08007236,0,0,0
9.5,0,42.18,0,42.01847368421052,0,42.36,0,0.0794235285803645,0,0.0,83124154.7237409,0,83124154.7237409,0,0,0
9.5,0,50.0,0,50.0,0,50.0,0,0.0,0,0.0212438750267028,83106677.61865243,0,83106677.61865243,0,0,0
9.5,0,54.0,0,54.0,0,54.0,0,0.0,0,0.0,83034133.93310207,0,83034133.93310207,0,0,0
9.5,0,54.0,0,54.0,0,54.0,0,0.0,0,0.0,83089901.54320861,0,83089901.54320861,0,0,0
9.5,0,42.0,0,42.0,0,42.0,0,0.0,0,0.0,83124718.29131734,0,83124718.29131734,0,0,0
9.5,0,50.0,0,50.0,0,50.0,0,0.0,0,0.6412759304046631,83106177.11457278,0,83106177.11457278,0,0,0
9.5,0,42.0,0,42.0,0,42.0,0,0.0,0,0.0,83482380.18769538,0,83482380.18769538,0,0,0
9.5,0,42.0,0,42.0,0,42.0,0,0.0,0,0.0,83150336.07789107,0,83150336.07789107,0,0,0
9.5,0,43.33,0,44.96122175386534,0,59.0,0,5.004166967046116,0,0.154045341014862,83483226.65525463,0,83483226.65525463,0,0,0
9.5,0,54.0,0,54.0,0,54.0,0,0.0,0,0.0,83072478.29420406,0,83072478.29420406,0,0,0
9.5,0,42.0,0,42.0,0,42.0,0,0.0,0,0.0,83150697.45872937,0,83150697.45872937,0,0,0
9.5,0,54.23,0,54.85874827352729,0,104.9,0,14.754459000307106,0,0.1994724059104919,83097603.42399497,0,83097603.42399497,0,0,0
9.5,0,50.2,0,50.04340213278294,0,50.8,0,0.1811194733477908,0,0.0243785905838012,83102293.35416134,0,83102293.35416134,0,0,0
9.5,0,50.0,0,50.0,0,50.0,0,0.0,0,0.0351821303367614,83102856.53416349,0,83102856.53416349,0,0,0
9.5,0,42.0,0,42.0,0,42.0,0,0.0,0,0.0,83128986.13953057,0,83128986.13953057,0,0,0
9.5,0,42.0,0,42.0,0,42.0,0,0.0,0,0.0,83150654.618501,0,83150654.618501,0,0,0
9.5,0,54.0,0,54.0,0,54.0,0,0.0,0,0.0,83093233.33616279,0,83093233.33616279,0,0,0
9.5,0,50.0,0,50.0,0,50.0,0,0.0,0,0.0344067645072937,83106317.47386293,0,83106317.47386293,0,0,0
9.5,0,42.18,0,42.06231191950464,0,43.08,0,0.2514784772991325,0,0.0,83149694.43829389,0,83149694.43829389,0,0,0
9.5,0,50.0,0,50.0,0,50.0,0,0.0,0,0.0306879258155822,83098909.03128958,0,83098909.03128958,0,0,0
9.5,0,42.0,0,42.0,0,42.0,0,0.0,0,0.0,83128890.50143798,0,83128890.50143798,0,0,0
9.5,0,54.0,0,54.0,0,54.0,0,0.0,0,0.0,83089809.35245994,0,83089809.35245994,0,0,0
9.5,0,50.0,0,50.0,0,50.0,0,0.0,0,0.1119350981712341,83102404.9994985,0,83102404.9994985,0,0,0
9.5,0,42.0,0,42.0,0,42.0,0,0.0,0,0.0,83124517.42715186,0,83124517.42715186,0,0,0
9.5,0,54.0,0,54.0,0,54.0,0,0.0,0,0.0,83089733.44376221,0,83089733.44376221,0,0,0
9.5,0,42.24,0,42.86345751771448,0,46.8,0,1.4296769974634749,0,0.0121694016456604,83129056.70396899,0,83129056.70396899,0,0,0
9.5,0,42.0,0,42.0,0,42.0,0,0.0,0,0.0,83150184.47674674,0,83150184.47674674,0,0,0
9.5,0,42.0,0,42.0,0,42.0,0,0.0,0,0.0,83124134.87641053,0,83124134.87641053,0,0,0
9.5,0,54.0,0,54.0,0,54.0,0,0.0,0,0.0,83088961.98116995,0,83088961.98116995,0,0,0
9.5,0,43.88,0,44.47108388876346,0,70.2,0,7.806832101486041,0,0.0,83132198.84459515,0,83132198.84459515,0,0,0
9.5,0,50.24,0,50.08308255933952,0,51.44,0,0.3353046363988433,0,0.1941998863220214,83106618.06218785,0,83106618.06218785,0,0,0
9.5,0,54.0,0,54.0,0,54.0,0,0.0,0,7.092489967346191,83089360.5778993,0,83089360.5778993,0,0,0
9.5,0,54.0,0,54.0,0,54.0,0,0.0,0,0.0,83033387.74565193,0,83033387.74565193,0,0,0
9.5,0,42.24,0,42.13868695494392,0,44.16,0,0.52739922784502,0,0.0040356087684631,83124882.43330438,0,83124882.43330438,0,0,0
9.5,0,53.0,0,51.50947771268979,0,66.0,0,4.585701329902884,0,0.1759017729759216,83107437.62104714,0,83107437.62104714,0,0,0
9.5,0,50.0,0,50.0,0,50.0,0,0.0,0,0.0456694507598876,83101864.63980053,0,83101864.63980053,0,0,0
9.5,0,42.0,0,42.0,0,42.0,0,0.0,0,0.0,83124144.01073183,0,83124144.01073183,0,0,0
9.5,0,42.0,0,42.0,0,42.0,0,0.0,0,0.0,83128829.7935944,0,83128829.7935944,0,0,0
9.5,0,42.0,0,42.0,0,42.0,0,0.0,0,0.0,83128984.8581035,0,83128984.8581035,0,0,0
9.5,0,54.52,0,54.35977330718817,0,56.2,0,0.7838711841200083,0,0.0275272917747497,83094412.77972063,0,83094412.77972063,0,0,0
9.5,0,54.0,0,54.0,0,54.0,0,0.0,0,0.0,83075919.3702913,0,83075919.3702913,0,0,0
9.5,0,54.25,0,54.1200964055724,0,55.42,0,0.3722538728101892,0,0.0049412083625793,83089922.67395721,0,83089922.67395721,0,0,0
9.5,0,42.0,0,42.0,0,42.0,0,0.0,0,0.0,83150185.14236411,0,83150185.14236411,0,0,0
9.5,0,50.0,0,50.0,0,50.0,0,0.0,0,0.0142406773567199,83487434.46879746,0,83487434.46879746,0,0,0
9.5,0,42.18,0,42.236593138285855,0,44.7,0,0.7474626480146207,0,0.0,83483213.35361461,0,83483213.35361461,0,0,0
9.5,0,42.0,0,42.0,0,42.0,0,0.0,0,0.0,83150625.53364678,0,83150625.53364678,0,0,0
9.5,0,54.0,0,54.0,0,54.0,0,0.0,0,0.0,83076385.99520247,0,83076385.99520247,0,0,0
9.5,0,42.0,0,42.0,0,42.0,0,0.0,0,0.0,83128171.52532168,0,83128171.52532168,0,0,0
9.5,0,54.0,0,54.0,0,54.0,0,0.0,0,0.0,83034118.30844654,0,83034118.30844654,0,0,0
9.5,0,54.2,0,54.05590213278294,0,55.0,0,0.2295317651753835,0,0.0,83093302.1190323,0,83093302.1190323,0,0,0
9.5,0,42.0,0,42.0,0,42.0,0,0.0,0,0.0,83128747.6435986,0,83128747.6435986,0,0,0
9.5,0,42.0,0,42.0,0,42.0,0,0.0,0,0.0,83127714.79360051,0,83127714.79360051,0,0,0
9.5,0,54.0,0,54.0,0,54.0,0,0.0,0,0.0,83067371.93042383,0,83067371.93042383,0,0,0
9.5,0,54.06,0,54.0250563541206,0,54.42,0,0.0992785217088422,0,0.0,83075967.32334882,0,83075967.32334882,0,0,0
9.5,0,50.0,0,50.0,0,50.0,0,0.0,0,0.0079232501983642,83102878.31691593,0,83102878.31691593,0,0,0
9.5,0,54.0,0,54.0,0,54.0,0,0.0,0,0.0,83075980.56561531,0,83075980.56561531,0,0,0
9.5,0,42.0,0,42.0,0,42.0,0,0.0,0,0.0,83128620.24836244,0,83128620.24836244,0,0,0
9.5,0,54.72,0,54.55218082742851,0,54.72,0,0.2806527779620685,0,0.0,83076992.1389986,0,83076992.1389986,0,0,0
9.5,0,50.0,0,50.0,0,50.0,0,0.0,0,0.0426011514663696,83102452.87799715,0,83102452.87799715,0,0,0
9.5,0,42.0,0,42.0,0,42.0,0,0.0,0,0.0,83128048.16797005,0,83128048.16797005,0,0,0
9.5,0,54.0,0,54.0,0,54.0,0,0.0,0,0.0,83093275.14971097,0,83093275.14971097,0,0,0
9.5,0,50.08,0,50.004,0,50.08,0,0.0174355957741626,0,0.1773879957199096,83098805.13398659,0,83098805.13398659,0,0,0
9.5,0,50.0,0,50.0,0,50.0,0,0.0,0,0.0583430528640747,83098802.32540959,0,83098802.32540959,0,0,0
9.5,0,42.0,0,42.0,0,42.0,0,0.0,0,0.0,83124509.64953715,0,83124509.64953715,0,0,0
9.5,0,42.18,0,42.12037885257158,0,43.8,0,0.4472957825956112,0,0.0,83124896.18906255,0,83124896.18906255,0,0,0
9.5,0,54.0,0,54.0,0,54.0,0,0.0,0,0.0,83034116.12259282,0,83034116.12259282,0,0,0
9.5,0,52.28,0,54.07617975162093,0,86.2,0,10.56582017219039,0,0.3457794642448425,83101817.99539292,0,83101817.99539292,0,0,0
9.5,0,50.0,0,50.0,0,50.0,0,0.0,0,0.0277064990997314,83098362.94386172,0,83098362.94386172,0,0,0
9.5,0,42.0,0,42.0,0,42.0,0,0.0,0,0.0,83128824.35093458,0,83128824.35093458,0,0,0
9.5,0,42.0,0,42.0,0,42.0,0,0.0,0,0.0,83124026.07980978,0,83124026.07980978,0,0,0
9.5,0,54.43,0,55.547028052571775,0,62.6,0,2.5615046204553926,0,0.0011130094528198,83094160.0279738,0,83094160.0279738,0,0,0
9.5,0,54.44,0,54.20220813534591,0,55.92,0,0.5643518010747678,0,0.0001725792884826,83093434.55837949,0,83093434.55837949,0,0,0
9.5,0,54.36,0,54.25675770514315,0,56.16,0,0.661297514132639,0,0.0,83068394.66677791,0,83068394.66677791,0,0,0
9.5,0,54.0,0,54.0,0,54.0,0,0.0,0,0.0,83093512.7935626,0,83093512.7935626,0,0,0
9.5,0,57.71,0,57.28448256512151,0,97.67,0,11.37916757159183,0,0.064420621395111,83033920.10564227,0,83033920.10564227,0,0,0
9.5,0,42.18,0,42.206593138285854,0,44.52,0,0.6803806086896271,0,0.0,83149643.87231389,0,83149643.87231389,0,0,0
9.5,0,54.2,0,54.26288126476207,0,57.0,0,0.8305140533495787,0,0.0,83067440.50856428,0,83067440.50856428,0,0,0
9.5,0,54.06,0,54.03467173873598,0,54.54,0,0.131849806961255,0,0.0,83093166.07890321,0,83093166.07890321,0,0,0
9.5,0,42.18,0,42.27259313828586,0,44.88,0,0.8194626480146209,0,0.0,83124880.63205224,0,83124880.63205224,0,0,0
9.5,0,50.24,0,50.05208255933952,0,50.96,0,0.217343368017349,0,0.0380568218231201,83106431.41888647,0,83106431.41888647,0,0,0
9.5,0,54.0,0,54.0,0,54.0,0,0.0,0,0.0,83034135.24404375,0,83034135.24404375,0,0,0
9.5,0,54.0,0,54.0,0,54.0,0,0.0,0,0.0,83076269.066104,0,83076269.066104,0,0,0
9.5,0,54.0,0,54.0,0,54.0,0,0.0,0,0.0,83072069.75294466,0,83072069.75294466,0,0,0
9.5,0,54.0,0,54.0,0,54.0,0,0.0,0,0.0,83033392.63157472,0,83033392.63157472,0,0,0
9.5,0,54.0,0,54.0,0,54.0,0,0.0,0,0.0,83089760.3099257,0,83089760.3099257,0,0,0
9.5,0,56.06,0,54.2225321637427,0,58.32,0,0.9547704451488128,0,0.0101073098182678,83076520.84328572,0,83076520.84328572,0,0,0
9.5,0,42.0,0,42.0,0,42.0,0,0.0,0,0.0,83124152.94988084,0,83124152.94988084,0,0,0
9.5,0,54.0,0,54.0,0,54.0,0,0.0,0,0.0,83068389.24099688,0,83068389.24099688,0,0,0
9.5,0,42.0,0,42.0,0,42.0,0,0.0,0,0.0,83149686.66727237,0,83149686.66727237,0,0,0
9.5,0,50.5,0,50.17785057005258,0,52.56,0,0.6166374036442392,0,0.1874570035934448,83102232.80030654,0,83102232.80030654,0,0,0
9.5,0,54.0,0,54.0,0,54.0,0,0.0,0,0.0,83075895.1392662,0,83075895.1392662,0,0,0
9.5,0,50.0,0,50.0,0,50.0,0,0.0,0,0.0395644688606262,83097807.13035718,0,83097807.13035718,0,0,0
9.5,0,42.0,0,42.0,0,42.0,0,0.0,0,0.0,83128152.72854193,0,83128152.72854193,0,0,0
9.5,0,42.0,0,42.0,0,42.0,0,0.0,0,0.0,83128511.17623767,0,83128511.17623767,0,0,0
9.5,0,54.0,0,54.0,0,54.0,0,0.0,0,0.0,83067530.56361714,0,83067530.56361714,0,0,0
9.5,0,54.0,0,54.0,0,54.0,0,0.0,0,0.0,83094105.64129473,0,83094105.64129473,0,0,0
9.5,0,42.0,0,42.0,0,42.0,0,0.0,0,0.0,83124876.52256498,0,83124876.52256498,0,0,0
9.5,0,54.0,0,54.0,0,54.0,0,0.0,0,0.0,83093206.94880544,0,83093206.94880544,0,0,0
9.5,0,50.0,0,50.0,0,50.0,0,0.0,0,0.1446843719482421,83102330.74980883,0,83102330.74980883,0,0,0
9.5,0,54.0,0,54.0,0,54.0,0,0.0,0,0.0,83093110.83631727,0,83093110.83631727,0,0,0
9.5,0,54.0,0,54.0,0,54.0,0,0.0,0,0.0,83076370.10860874,0,83076370.10860874,0,0,0
9.5,0,42.18,0,42.317593138285865,0,45.06,0,0.8974049343552204,0,0.0,83128361.87139724,0,83128361.87139724,0,0,0
9.5,0,50.24,0,50.05208255933952,0,50.96,0,0.217343368017349,0,0.0489102458953857,83098686.0025935,0,83098686.0025935,0,0,0
9.5,0,42.34,0,42.3473743405717,0,44.52,0,0.8377753542831473,0,0.0,83129000.4925105,0,83129000.4925105,0,0,0
9.5,0,54.06,0,54.12586437942862,0,55.08,0,0.3274192493658687,0,0.0,83094136.44174324,0,83094136.44174324,0,0,0
9.5,0,50.0,0,50.0,0,50.0,0,0.0,0,0.0275910115242004,83097794.96580331,0,83097794.96580331,0,0,0
9.5,0,42.0,0,42.0,0,42.0,0,0.0,0,0.0,83129044.3814683,0,83129044.3814683,0,0,0
9.5,0,54.0,0,54.0,0,54.0,0,0.0,0,0.0,83093202.4361371,0,83093202.4361371,0,0,0
9.5,0,54.23,0,54.348313454476376,0,57.68,0,1.0470911613520155,0,0.0011973309516906,83076455.13392368,0,83076455.13392368,0,0,0
9.5,0,50.0,0,50.0,0,50.0,0,0.0,0,0.1405159306526184,83097847.55746955,0,83097847.55746955,0,0,0
9.5,0,54.0,0,54.0,0,54.0,0,0.0,0,0.0,83037249.57855912,0,83037249.57855912,0,0,0
9.5,0,54.0,0,54.0,0,54.0,0,0.0,0,0.0,83072481.04331104,0,83072481.04331104,0,0,0
9.5,0,50.0,0,50.0,0,50.0,0,0.0,0,0.0944075083732604,83101806.75522032,0,83101806.75522032,0,0,0
9.5,0,50.0,0,50.0,0,50.0,0,0.0,0,0.0585258626937866,83106165.55241878,0,83106165.55241878,0,0,0
9.5,0,42.0,0,42.0,0,42.0,0,0.0,0,0.0,83149625.23510064,0,83149625.23510064,0,0,0
9.5,0,42.0,0,42.0,0,42.0,0,0.0,0,0.0,83483202.18371047,0,83483202.18371047,0,0,0
9.5,0,50.28,0,50.09692965256278,0,51.68,0,0.3911887424653171,0,0.1150764632225036,83098363.83533198,0,83098363.83533198,0,0,0
9.5,0,174.0,0,174.0,0,174.0,0,0.0,0,0.0,83064032.65963331,0,83064032.65963331,0,0,0
9.5,0,54.0,0,54.0,0,54.0,0,0.0,0,0.0,83089851.51740853,0,83089851.51740853,0,0,0
9.5,0,54.2,0,54.30288126476207,0,57.2,0,0.9105140533495788,0,0.0,83034141.47678694,0,83034141.47678694,0,0,0
9.5,0,42.0,0,42.0,0,42.0,0,0.0,0,0.0,83150123.65173563,0,83150123.65173563,0,0,0
9.5,0,54.0,0,54.0,0,54.0,0,0.0,0,0.0,83033934.12221184,0,83033934.12221184,0,0,0
9.5,0,50.24,0,50.03796491228071,0,50.72,0,0.1608727797820549,0,0.156217336654663,83123809.65257533,0,83123809.65257533,0,0,0
9.5,0,54.0,0,54.0,0,54.0,0,0.0,0,0.0,83075983.12686619,0,83075983.12686619,0,0,0
9.5,0,54.0,0,54.0,0,54.0,0,0.0,0,0.0,83068275.35791402,0,83068275.35791402,0,0,0
9.5,0,50.6,0,50.99731046095287,0,54.2,0,1.4521057949270388,0,0.0519176197052001,83101941.14920525,0,83101941.14920525,0,0,0
9.5,0,42.0,0,42.0,0,42.0,0,0.0,0,0.0,83153711.39625064,0,83153711.39625064,0,0,0
9.5,0,42.0,0,42.0,0,42.0,0,0.0,0,0.0,83149812.34755512,0,83149812.34755512,0,0,0
9.5,0,42.0,0,42.0,0,42.0,0,0.0,0,0.0,83149626.3430376,0,83149626.3430376,0,0,0
9.5,0,54.0,0,54.0,0,54.0,0,0.0,0,0.0,83089798.85375695,0,83089798.85375695,0,0,0
9.5,0,42.0,0,42.0,0,42.0,0,0.0,0,0.0,83124653.5092969,0,83124653.5092969,0,0,0
9.5,0,50.24,0,50.42345751771449,0,54.08,0,1.1965399124736271,0,0.1388661694526672,83098683.69707999,0,83098683.69707999,0,0,0
9.5,0,42.18,0,42.37759313828587,0,45.24,0,0.982257748097606,0,0.0,83150626.05082175,0,83150626.05082175,0,0,0
9.5,0,50.0,0,50.0,0,50.0,0,0.0,0,0.0195427274703979,83106500.08207919,0,83106500.08207919,0,0,0
9.5,0,54.0,0,54.0,0,54.0,0,0.0,0,0.0,83495257.30539604,0,83495257.30539604,0,0,0
9.5,0,54.0,0,54.0,0,54.0,0,0.0,0,0.0013783288002014,83076908.58554287,0,83076908.58554287,0,0,0
9.5,0,42.24,0,42.1605051367621,0,44.4,0,0.5963943767941484,0,0.0087239503860473,83132497.40058415,0,83132497.40058415,0,0,0
9.5,0,54.0,0,54.0,0,54.0,0,0.0,0,0.0,83067261.2741964,0,83067261.2741964,0,0,0
9.5,0,50.0,0,50.0,0,50.0,0,0.0,0,0.0413825368881225,83123638.48446299,0,83123638.48446299,0,0,0
9.5,0,54.0,0,54.0,0,54.0,0,0.0,0,0.0,83076451.57988115,0,83076451.57988115,0,0,0
9.5,0,42.0,0,42.0,0,42.0,0,0.0,0,0.0,83483255.5879024,0,83483255.5879024,0,0,0
9.5,0,54.0,0,54.0,0,54.0,0,0.0,0,0.0,83075923.5421732,0,83075923.5421732,0,0,0
9.5,0,54.0,0,54.0,0,54.0,0,0.0,0,0.0,83072469.61555353,0,83072469.61555353,0,0,0
9.5,0,54.0,0,54.0,0,54.0,0,0.0,0,0.0,83093261.34542936,0,83093261.34542936,0,0,0
9.5,0,50.0,0,50.0,0,50.0,0,0.0,0,0.2914908146858215,83106604.73683247,0,83106604.73683247,0,0,0
9.5,0,50.28,0,50.58736710400024,0,55.04,0,1.5279564970407205,0,0.3186506581306457,83097844.64259686,0,83097844.64259686,0,0,0
9.5,0,50.1,0,50.13144063238104,0,51.5,0,0.4152570266747893,0,0.3626772308349609,83106310.79598373,0,83106310.79598373,0,0,0
9.5,0,54.0,0,54.0,0,54.0,0,0.0,0,0.0,83089693.43205403,0,83089693.43205403,0,0,0
9.5,0,42.0,0,42.0,0,42.0,0,0.0,0,0.0,83149514.72451338,0,83149514.72451338,0,0,0
9.5,0,50.0,0,50.0,0,50.0,0,0.0,0,0.0544521737098693,83103096.54133101,0,83103096.54133101,0,0,0
9.5,0,54.0,0,54.0,0,54.0,0,0.0,0,0.0,83067299.29801853,0,83067299.29801853,0,0,0
9.5,0,42.0,0,42.0,0,42.0,0,0.0,0,0.0,83149642.1460444,0,83149642.1460444,0,0,0
9.5,0,54.0,0,54.0,0,54.0,0,0.0,0,0.0,83064118.50892447,0,83064118.50892447,0,0,0
9.5,0,54.0,0,54.0,0,54.0,0,0.0,0,0.0,83089900.83903648,0,83089900.83903648,0,0,0
9.5,0,54.0,0,54.0,0,54.0,0,0.0,0,0.0,83072306.46117693,0,83072306.46117693,0,0,0
9.5,0,50.39,0,50.16286630178387,0,52.73,0,0.6453103911074742,0,0.0377527618408203,83098732.654879,0,83098732.654879,0,0,0
9.5,0,42.0,0,42.0,0,42.0,0,0.0,0,0.0,83150646.40734135,0,83150646.40734135,0,0,0
9.5,0,54.0,0,54.0,0,54.0,0,0.0,0,0.0,83033934.78611675,0,83033934.78611675,0,0,0
9.5,0,54.0,0,54.0,0,54.0,0,0.0,0,0.0,83093452.30015804,0,83093452.30015804,0,0,0
9.5,0,54.2,0,54.35288126476208,0,57.4,0,0.9971165937280224,0,0.001775050163269,83072065.2215265,0,83072065.2215265,0,0,0
9.5,0,54.0,0,54.0,0,54.0,0,0.0,0,0.0,83033546.73640789,0,83033546.73640789,0,0,0
9.5,0,50.0,0,50.0,0,50.0,0,0.0,0,0.0929580664634704,83102852.5384338,0,83102852.5384338,0,0,0
9.5,0,54.06,0,54.0250563541206,0,54.42,0,0.0992785217088422,0,0.0,83089224.4620506,0,83089224.4620506,0,0,0
9.5,0,42.0,0,42.0,0,42.0,0,0.0,0,0.0,83149589.01207064,0,83149589.01207064,0,0,0
9.5,0,54.0,0,54.0,0,54.0,0,0.0,0,0.0,83094032.7749701,0,83094032.7749701,0,0,0
9.5,0,54.0,0,54.0,0,54.0,0,0.0,0,0.0,83067593.88399658,0,83067593.88399658,0,0,0
9.5,0,42.0,0,42.0,0,42.0,0,0.0,0,0.0,83149826.67822579,0,83149826.67822579,0,0,0
9.5,0,54.0,0,54.0,0,54.0,0,0.0,0,0.0,83088965.32714969,0,83088965.32714969,0,0,0
9.5,0,42.18,0,42.23659313828586,0,44.7,0,0.7474626480146207,0,0.0,83150321.26944208,0,83150321.26944208,0,0,0
9.5,0,54.0,0,54.0,0,54.0,0,0.0,0,0.0,83076360.4720763,0,83076360.4720763,0,0,0
9.5,0,50.0,0,50.0,0,50.0,0,0.0,0,0.0348732638359069,83098591.13254711,0,83098591.13254711,0,0,0
9.5,0,42.0,0,42.0,0,42.0,0,0.0,0,0.0,83124012.86286175,0,83124012.86286175,0,0,0
9.5,0,50.0,0,50.0,0,50.0,0,0.0,0,0.1069156837463378,83123465.30948873,0,83123465.30948873,0,0,0
9.5,0,50.1,0,50.005,0,50.1,0,0.0217944947177033,0,0.1286458468437195,83102981.43383525,0,83102981.43383525,0,0,0
9.5,0,54.0,0,54.0,0,54.0,0,0.0,0,0.0,83075925.22647433,0,83075925.22647433,0,0,0
9.5,0,54.0,0,54.0,0,54.0,0,0.0,0,0.0,83067302.75453253,0,83067302.75453253,0,0,0
9.5,0,42.0,0,42.0,0,42.0,0,0.0,0,0.0,83483265.64784199,0,83483265.64784199,0,0,0
9.5,0,54.0,0,54.0,0,54.0,0,0.0,0,0.0,83033408.32510477,0,83033408.32510477,0,0,0
9.5,0,54.0,0,54.0,0,54.0,0,0.0,0,0.0,83089067.0768721,0,83089067.0768721,0,0,0
9.5,0,54.0,0,54.0,0,54.0,0,0.0,0,0.0,83067260.56373955,0,83067260.56373955,0,0,0
9.5,0,42.0,0,42.0,0,42.0,0,0.0,0,0.0,83150129.78963353,0,83150129.78963353,0,0,0
9.5,0,42.0,0,42.0,0,42.0,0,0.0,0,0.0,83149763.87076087,0,83149763.87076087,0,0,0
9.5,0,50.0,0,50.0,0,50.0,0,0.0,0,0.0925086236000061,83123494.26782793,0,83123494.26782793,0,0,0
9.5,0,50.1,0,50.11477396571436,0,51.4,0,0.3779892270497929,0,0.0656999468803405,83102390.38619766,0,83102390.38619766,0,0,0
9.5,0,54.0,0,54.0,0,54.0,0,0.0,0,0.0,83089292.44434044,0,83089292.44434044,0,0,0
9.5,0,42.0,0,42.0,0,42.0,0,0.0,0,0.0,83150254.7759233,0,83150254.7759233,0,0,0
9.5,0,54.0,0,54.0,0,54.0,0,0.0,0,0.0,83076271.98119362,0,83076271.98119362,0,0,0
9.5,0,54.69,0,54.149737358101135,0,56.76,0,0.6248621830498784,0,0.0011469388008117,83076244.7394348,0,83076244.7394348,0,0,0
9.5,0,54.0,0,54.0,0,54.0,0,0.0,0,0.0,83093212.57796964,0,83093212.57796964,0,0,0
9.5,0,54.0,0,54.0,0,54.0,0,0.0,0,0.0,83075980.63364324,0,83075980.63364324,0,0,0
9.5,0,50.0,0,50.0,0,50.0,0,0.0,0,0.2915506792068481,83098755.11102937,0,83098755.11102937,0,0,0
9.5,0,54.0,0,54.0,0,54.0,0,0.0,0,0.0,83089742.78693065,0,83089742.78693065,0,0,0
9.5,0,50.0,0,50.0,0,50.0,0,0.0,0,0.1241963982582092,83101923.93201296,0,83101923.93201296,0,0,0
9.5,0,50.0,0,50.0,0,50.0,0,0.0,0,0.1020128726959228,83097804.65290153,0,83097804.65290153,0,0,0
9.5,0,42.0,0,42.0,0,42.0,0,0.0,0,0.0,83127788.10782343,0,83127788.10782343,0,0,0
9.5,0,54.0,0,54.0,0,54.0,0,0.0,0,0.0,83071572.35295933,0,83071572.35295933,0,0,0
9.5,0,42.0,0,42.0,0,42.0,0,0.0,0,0.0,83150188.12623002,0,83150188.12623002,0,0,0
9.5,0,50.0,0,50.0,0,50.0,0,0.0,0,0.0564412069320678,83106438.64358453,0,83106438.64358453,0,0,0
9.5,0,42.0,0,42.0,0,42.0,0,0.0,0,0.0,83150009.7542174,0,83150009.7542174,0,0,0
9.5,0,50.0,0,50.0,0,50.0,0,0.0,0,0.0181808614730834,83103086.91543609,0,83103086.91543609,0,0,0
9.5,0,54.0,0,54.0,0,54.0,0,0.0,0,0.0,83068520.71237896,0,83068520.71237896,0,0,0
9.5,0,50.28,0,50.4240337706669,0,54.48,0,1.2747196746894105,0,0.1072455024719238,83487413.04242796,0,83487413.04242796,0,0,0
9.5,0,50.0,0,50.0,0,50.0,0,0.0,0,0.1360269355773925,83102275.54603316,0,83102275.54603316,0,0,0
9.5,0,50.0,0,50.0,0,50.0,0,0.0,0,0.0596945214271545,83123818.53946735,0,83123818.53946735,0,0,0
9.5,0,50.8,0,50.200177158582726,0,51.2,0,0.436960989577577,0,0.2063864779472351,83102439.57089372,0,83102439.57089372,0,0,0
9.5,0,42.0,0,42.0,0,42.0,0,0.0,0,0.0,83149648.71114452,0,83149648.71114452,0,0,0
9.5,0,54.0,0,54.0,0,54.0,0,0.0,0,0.0,83093400.93901177,0,83093400.93901177,0,0,0
9.5,0,54.16,0,54.05538837289301,0,54.96,0,0.2235364242658955,0,0.0012687015533447,83076453.41291782,0,83076453.41291782,0,0,0
9.5,0,42.0,0,42.0,0,42.0,0,0.0,0,0.0,83124644.40391624,0,83124644.40391624,0,0,0
9.5,0,54.43,0,54.068412624699,0,54.69,0,0.1849615706880507,0,0.0085331916809082,83076237.77438004,0,83076237.77438004,0,0,0
9.5,0,50.0,0,50.0,0,50.0,0,0.0,0,0.2194081687927246,83123811.13782507,0,83123811.13782507,0,0,0
9.5,0,42.48,0,42.25317180342877,0,45.36,0,0.8754984267751391,0,0.0054834604263305,83124764.98563033,0,83124764.98563033,0,0,0
9.5,0,42.0,0,42.0,0,42.0,0,0.0,0,0.0,83128029.33053374,0,83128029.33053374,0,0,0
9.5,0,54.16,0,54.091094333598974,0,54.58,0,0.1989270096779097,0,0.0163890480995178,83094045.86746854,0,83094045.86746854,0,0,0
9.5,0,42.0,0,42.0,0,42.0,0,0.0,0,0.0,83132074.8227928,0,83132074.8227928,0,0,0
9.5,0,50.0,0,50.0,0,50.0,0,0.0,0,0.2631460428237915,83102438.47949757,0,83102438.47949757,0,0,0
9.5,0,50.0,0,50.0,0,50.0,0,0.0,0,0.0227558326721191,83102860.81707421,0,83102860.81707421,0,0,0
9.5,0,45.36,0,43.27475134823897,0,56.32,0,3.58180677608565,0,0.0435616040229797,83124072.24557224,0,83124072.24557224,0,0,0
9.5,0,42.0,0,42.0,0,42.0,0,0.0,0,0.0,83127791.02043852,0,83127791.02043852,0,0,0
9.5,0,42.0,0,42.0,0,42.0,0,0.0,0,0.0,83150270.95890106,0,83150270.95890106,0,0,0
9.5,0,54.0,0,54.0,0,54.0,0,0.0,0,0.0,83072233.41650389,0,83072233.41650389,0,0,0
9.5,0,54.0,0,54.0,0,54.0,0,0.0,0,0.0,83094168.53531961,0,83094168.53531961,0,0,0
9.5,0,54.0,0,54.0,0,54.0,0,0.0,0,0.0,83076909.21832213,0,83076909.21832213,0,0,0
9.5,0,54.0,0,54.0,0,54.0,0,0.0,0,0.0,83094406.43620595,0,83094406.43620595,0,0,0
9.5,0,42.0,0,42.0,0,42.0,0,0.0,0,0.0,83149512.49042636,0,83149512.49042636,0,0,0
9.5,0,42.0,0,42.0,0,42.0,0,0.0,0,0.0,83128149.78892751,0,83128149.78892751,0,0,0
9.5,0,50.0,0,50.0,0,50.0,0,0.0,0,0.0333929800987243,83102797.84618221,0,83102797.84618221,0,0,0
9.5,0,42.0,0,42.0,0,42.0,0,0.0,0,0.0,83124830.99582641,0,83124830.99582641,0,0,0
9.5,0,54.0,0,54.0,0,54.0,0,0.0,0,0.0,83068408.57020181,0,83068408.57020181,0,0,0
9.5,0,68.2,0,63.49655392509108,0,196.0,0,35.28666729365377,0,0.010198438167572,83072010.16305472,0,83072010.16305472,0,0,0
9.5,0,51.23,0,50.25530546955624,0,53.84,0,0.8795809664848833,0,0.0997500872611999,83101922.44680946,0,83101922.44680946,0,0,0
9.5,0,50.0,0,50.0,0,50.0,0,0.0,0,0.2619854068756103,83098546.53250706,0,83098546.53250706,0,0,0
9.5,0,42.0,0,42.0,0,42.0,0,0.0,0,0.0,83128762.61118223,0,83128762.61118223,0,0,0
9.5,0,50.0,0,50.0,0,50.0,0,0.0,0,0.1653096580505371,83123871.73573853,0,83123871.73573853,0,0,0
9.5,0,54.06,0,54.025056354120586,0,54.42,0,0.0992785217088422,0,0.0,83089963.24540538,0,83089963.24540538,0,0,0
9.5,0,42.56,0,42.37451198577824,0,47.6,0,1.391586879186346,0,0.0,83150319.756657,0,83150319.756657,0,0,0
9.5,0,54.0,0,54.0,0,54.0,0,0.0,0,0.0,83089191.54777792,0,83089191.54777792,0,0,0
9.5,0,54.0,0,54.0,0,54.0,0,0.0,0,0.0,83037236.86631058,0,83037236.86631058,0,0,0
9.5,0,54.0,0,54.0,0,54.0,0,0.0,0,0.0,83089858.76292017,0,83089858.76292017,0,0,0
9.5,0,50.0,0,50.0,0,50.0,0,0.0,0,0.1564618945121765,83097621.32459337,0,83097621.32459337,0,0,0
9.5,0,54.0,0,54.0,0,54.0,0,0.0,0,0.0,83495258.34594697,0,83495258.34594697,0,0,0
9.5,0,42.48,0,42.72691503542897,0,49.68,0,2.1852337280389893,0,0.0,83128895.49819775,0,83128895.49819775,0,0,0
9.5,0,50.0,0,50.0,0,50.0,0,0.0,0,0.145789828300476,83123740.40713936,0,83123740.40713936,0,0,0
9.5,0,54.0,0,54.0,0,54.0,0,0.0,0,0.0,83072312.02123253,0,83072312.02123253,0,0,0
9.5,0,42.0,0,42.0,0,42.0,0,0.0,0,0.0,83128377.54939958,0,83128377.54939958,0,0,0
9.5,0,55.56,0,54.10363427336337,0,57.2,0,0.8880897313842675,0,0.0057552099227905,83094389.95570233,0,83094389.95570233,0,0,0
9.5,0,42.0,0,42.0,0,42.0,0,0.0,0,0.0,83124785.3839582,0,83124785.3839582,0,0,0
9.5,0,54.0,0,54.0,0,54.0,0,0.0,0,0.0,83072000.14480974,0,83072000.14480974,0,0,0
9.5,0,42.0,0,42.0,0,42.0,0,0.0,0,0.0,83124870.4831645,0,83124870.4831645,0,0,0
9.5,0,42.24,0,42.067082559339525,0,43.2,0,0.2754381182104603,0,0.0082424712181091,83149827.17403702,0,83149827.17403702,0,0,0
9.5,0,44.06,0,49.41134369371599,0,83.2,0,12.27139422822816,0,0.0008080291748046,83149493.68980478,0,83149493.68980478,0,0,0
9.5,0,55.64,0,54.47173082215343,0,61.4,0,1.7048164512120847,0,0.4193206906318664,83067231.4546938,0,83067231.4546938,0,0,0
9.5,0,50.0,0,50.0,0,50.0,0,0.0,0,0.1302364444732666,83123868.55251904,0,83123868.55251904,0,0,0
9.5,0,50.0,0,50.0,0,50.0,0,0.0,0,0.2183243942260742,83123881.55104665,0,83123881.55104665,0,0,0
9.5,0,42.0,0,42.0,0,42.0,0,0.0,0,0.0,83124432.75946717,0,83124432.75946717,0,0,0
9.5,0,54.0,0,54.0,0,54.0,0,0.0,0,0.0,83072071.23070389,0,83072071.23070389,0,0,0
9.5,0,50.0,0,50.0,0,50.0,0,0.0,0,0.0399762654304504,83098690.31094198,0,83098690.31094198,0,0,0
9.5,0,50.44,0,50.94697869811648,0,56.2,0,1.7606054031596152,0,0.068256995677948,83123563.00386797,0,83123563.00386797,0,0,0
9.5,0,54.0,0,54.0,0,54.0,0,0.0,0,0.0,83089234.99208975,0,83089234.99208975,0,0,0
9.5,0,54.0,0,54.0,0,54.0,0,0.0,0,0.0,83089134.1987328,0,83089134.1987328,0,0,0
9.5,0,42.0,0,42.0,0,42.0,0,0.0,0,0.0,83149676.98150986,0,83149676.98150986,0,0,0
9.5,0,54.0,0,54.0,0,54.0,0,0.0,0,0.0,83090040.67538802,0,83090040.67538802,0,0,0
9.5,0,54.06,0,54.009491228070175,0,54.18,0,0.0402181949455137,0,0.0,83064127.53285235,0,83064127.53285235,0,0,0
9.5,0,50.0,0,50.0,0,50.0,0,0.0,0,0.1839725852012634,83102448.18832377,0,83102448.18832377,0,0,0
9.5,0,54.0,0,54.0,0,54.0,0,0.0,0,0.0,83076977.4656394,0,83076977.4656394,0,0,0
9.5,0,54.06,0,54.003,0,54.06,0,0.013076696830622,0,0.0,83495279.47797433,0,83495279.47797433,0,0,0
9.5,0,42.0,0,42.0,0,42.0,0,0.0,0,0.0,83150692.11533774,0,83150692.11533774,0,0,0
9.5,0,50.0,0,50.0,0,50.0,0,0.0,0,0.0885715246200561,83098600.4578473,0,83098600.4578473,0,0,0
9.5,0,42.0,0,42.0,0,42.0,0,0.0,0,0.0,83150635.42506474,0,83150635.42506474,0,0,0
9.5,0,50.71,0,50.814895156572014,0,59.94,0,2.683723512053529,0,0.0269994330406188,83106368.35507149,0,83106368.35507149,0,0,0
9.5,0,42.0,0,42.0,0,42.0,0,0.0,0,0.0,83150707.67107628,0,83150707.67107628,0,0,0
9.5,0,42.0,0,42.0,0,42.0,0,0.0,0,0.0,83124693.17834419,0,83124693.17834419,0,0,0
9.5,0,54.0,0,54.0,0,54.0,0,0.0,0,0.0,83495264.96083425,0,83495264.96083425,0,0,0
9.5,0,54.0,0,54.0,0,54.0,0,0.0,0,0.0,83072375.6323808,0,83072375.6323808,0,0,0
9.5,0,42.0,0,42.0,0,42.0,0,0.0,0,0.0,83483262.499636,0,83483262.499636,0,0,0
9.5,0,44.8,0,42.607629858961126,0,53.2,0,2.535672626869072,0,0.0313360595703125,83149584.91618246,0,83149584.91618246,0,0,0
9.5,0,54.0,0,54.0,0,54.0,0,0.0,0,0.0,83089242.53259218,0,83089242.53259218,0,0,0
9.5,0,50.0,0,50.0,0,50.0,0,0.0,0,0.2061821579933166,83102469.49938902,0,83102469.49938902,0,0,0
9.5,0,42.0,0,42.0,0,42.0,0,0.0,0,0.0,83483209.76824963,0,83483209.76824963,0,0,0
9.5,0,54.0,0,54.0,0,54.0,0,0.0,0,0.0,83033994.36474562,0,83033994.36474562,0,0,0
9.5,0,42.0,0,42.0,0,42.0,0,0.0,0,0.0,83124764.25122486,0,83124764.25122486,0,0,0
9.5,0,50.0,0,50.0,0,50.0,0,0.0,0,0.1732299423217773,83106631.16032477,0,83106631.16032477,0,0,0
9.5,0,50.0,0,50.0,0,50.0,0,0.0,0,0.1633742475509643,83106604.82083969,0,83106604.82083969,0,0,0
9.5,0,42.0,0,42.0,0,42.0,0,0.0,0,0.0,83150636.06077853,0,83150636.06077853,0,0,0
9.5,0,42.0,0,42.0,0,42.0,0,0.0,0,0.0,83150108.41002119,0,83150108.41002119,0,0,0
9.5,0,54.0,0,54.0,0,54.0,0,0.0,0,0.0,83072387.44978763,0,83072387.44978763,0,0,0
9.5,0,54.0,0,54.0,0,54.0,0,0.0,0,0.0,83090038.24457625,0,83090038.24457625,0,0,0
9.5,0,54.0,0,54.0,0,54.0,0,0.0,0,0.0,83064242.782234,0,83064242.782234,0,0,0
9.5,0,42.0,0,42.0,0,42.0,0,0.0,0,0.0,83127988.69924285,0,83127988.69924285,0,0,0
9.5,0,54.0,0,54.0,0,54.0,0,0.0,0,0.0,83076374.32889777,0,83076374.32889777,0,0,0
9.5,0,42.0,0,42.0,0,42.0,0,0.0,0,0.0,83128801.79010494,0,83128801.79010494,0,0,0
9.5,0,42.0,0,42.0,0,42.0,0,0.0,0,0.0,83149383.36873376,0,83149383.36873376,0,0,0
9.5,0,42.0,0,42.0,0,42.0,0,0.0,0,0.0,83149587.93014963,0,83149587.93014963,0,0,0
9.5,0,50.24,0,50.10022541648238,0,51.68,0,0.3971140868353688,0,0.1661661505699157,83103088.00525749,0,83103088.00525749,0,0,0
9.5,0,54.0,0,54.0,0,54.0,0,0.0,0,0.0,83064140.48222378,0,83064140.48222378,0,0,0
9.5,0,50.0,0,50.0,0,50.0,0,0.0,0,0.0300397181510925,83123490.65426198,0,83123490.65426198,0,0,0
9.5,0,50.0,0,50.0,0,50.0,0,0.0,0,0.1077835202217102,83103004.40923597,0,83103004.40923597,0,0,0
9.5,0,50.78,0,50.45096694817051,0,53.44,0,0.920512827084714,0,0.0478537201881408,83123609.89619754,0,83123609.89619754,0,0,0
9.5,0,54.0,0,54.0,0,54.0,0,0.0,0,0.0,83037118.86102694,0,83037118.86102694,0,0,0
9.5,0,50.0,0,50.0,0,50.0,0,0.0,0,0.070328631401062,83102439.0114498,0,83102439.0114498,0,0,0
9.5,0,42.16,0,42.09245796996261,0,43.44,0,0.3515994852300133,0,0.0303199195861816,83124514.92036894,0,83124514.92036894,0,0,0
9.5,0,42.18,0,42.05031191950464,0,42.9,0,0.2065785886578451,0,0.0,83127801.4432005,0,83127801.4432005,0,0,0
9.5,0,50.0,0,50.0,0,50.0,0,0.0,0,0.148477087020874,83098684.31378229,0,83098684.31378229,0,0,0
9.5,0,45.16,0,45.17542874514547,0,83.08,0,10.838689919459904,0,0.0014911818504333,83149513.55992359,0,83149513.55992359,0,0,0
9.5,0,42.18,0,42.317593138285865,0,45.06,0,0.8974049343552204,0,0.0,83128630.15382996,0,83128630.15382996,0,0,0
9.5,0,54.0,0,54.0,0,54.0,0,0.0,0,0.0,83072375.89443696,0,83072375.89443696,0,0,0
9.5,0,50.8,0,51.77421625673947,0,55.8,0,1.9010027261616167,0,0.1541062712669372,83101854.3650439,0,83101854.3650439,0,0,0
9.5,0,50.2,0,50.133754280635095,0,52.0,0,0.4969953139951236,0,0.1328438019752502,83102056.33385453,0,83102056.33385453,0,0,0
9.5,0,54.0,0,54.0,0,54.0,0,0.0,0,0.0,83093511.55721435,0,83093511.55721435,0,0,0
9.5,0,54.0,0,54.0,0,54.0,0,0.0,0,0.0,83076198.05685131,0,83076198.05685131,0,0,0
9.5,0,42.31,0,42.10731497248022,0,43.86,0,0.4331018220151726,0,0.0199543499946594,83128809.75615817,0,83128809.75615817,0,0,0
9.5,0,42.0,0,42.0,0,42.0,0,0.0,0,0.0,83127982.72653918,0,83127982.72653918,0,0,0
9.5,0,54.0,0,54.0,0,54.0,0,0.0,0,0.0,83094341.43751918,0,83094341.43751918,0,0,0
9.5,0,42.0,0,42.0,0,42.0,0,0.0,0,0.0,83128051.68301192,0,83128051.68301192,0,0,0
9.5,0,54.35,0,54.38742316571457,0,57.23,0,0.974579598923492,0,0.0024315595626831,83090196.70608014,0,83090196.70608014,0,0,0
9.5,0,54.06,0,54.21586437942862,0,55.2,0,0.3574192493658687,0,0.0,83072248.19441412,0,83072248.19441412,0,0,0
9.5,0,54.0,0,54.0,0,54.0,0,0.0,0,0.0,83089708.37546596,0,83089708.37546596,0,0,0
9.5,0,42.6,0,42.69104927863674,0,46.08,0,1.1979728571335468,0,3.181934356689453e-05,83127711.73509218,0,83127711.73509218,0,0,0
9.5,0,54.0,0,54.0,0,54.0,0,0.0,0,0.0,83068403.74036339,0,83068403.74036339,0,0,0
9.5,0,54.0,0,54.0,0,54.0,0,0.0,0,0.0738079786300659,83037246.84003522,0,83037246.84003522,0,0,0
9.5,0,54.06,0,54.0602929508572,0,54.78,0,0.2057979098631627,0,0.0,83067447.66472457,0,83067447.66472457,0,0,0
9.5,0,50.0,0,50.0,0,50.0,0,0.0,0,0.0885031175613403,83098797.62865749,0,83098797.62865749,0,0,0
9.5,0,42.0,0,42.0,0,42.0,0,0.0,0,0.0,83124756.81359726,0,83124756.81359726,0,0,0
9.5,0,54.0,0,54.0,0,54.0,0,0.0,0,0.0,83037268.59359728,0,83037268.59359728,0,0,0
9.5,0,54.0,0,54.0,0,54.0,0,0.0,0,0.0,83033404.0170322,0,83033404.0170322,0,0,0
9.5,0,54.73,0,51.32288165880387,0,70.71,0,4.746236531216843,0,0.0574310612678527,83106698.6191697,0,83106698.6191697,0,0,0
9.5,0,54.5,0,54.7339506921527,0,58.4,0,1.5671120623761945,0,0.0304901981353759,83076985.98098709,0,83076985.98098709,0,0,0
9.5,0,54.0,0,54.0,0,54.0,0,0.0,0,0.0,83072077.2629058,0,83072077.2629058,0,0,0
9.5,0,42.0,0,42.0,0,42.0,0,0.0,0,0.0,83124769.26710978,0,83124769.26710978,0,0,0
9.5,0,42.0,0,42.0,0,42.0,0,0.0,0,0.0,83483196.84075737,0,83483196.84075737,0,0,0
9.5,0,54.0,0,54.0,0,54.0,0,0.0,0,0.0,83089170.16569231,0,83089170.16569231,0,0,0
9.5,0,50.92,0,50.89245442448848,0,57.26,0,2.1224844990721463,0,0.1311591458320617,83097870.81032483,0,83097870.81032483,0,0,0
9.5,0,50.0,0,50.0,0,50.0,0,0.0,0,0.0419126987457275,83106172.31255752,0,83106172.31255752,0,0,0
9.5,0,54.0,0,54.0,0,54.0,0,0.0,0,0.0,83075976.49477567,0,83075976.49477567,0,0,0
9.5,0,42.0,0,42.0,0,42.0,0,0.0,0,0.0,83149626.46276435,0,83149626.46276435,0,0,0
9.5,0,54.0,0,54.0,0,54.0,0,0.0,0,0.0,83495280.2779152,0,83495280.2779152,0,0,0
9.5,0,42.0,0,42.0,0,42.0,0,0.0,0,0.0,83150305.80209194,0,83150305.80209194,0,0,0
9.5,0,42.0,0,42.0,0,42.0,0,0.0,0,0.0,83149565.04249178,0,83149565.04249178,0,0,0
9.5,0,42.0,0,42.0,0,42.0,0,0.0,0,0.0,83150313.4028153,0,83150313.4028153,0,0,0
9.5,0,50.0,0,50.0,0,50.0,0,0.0,0,0.1837689733505249,83102388.10021181,0,83102388.10021181,0,0,0
9.5,0,50.0,0,50.0,0,50.0,0,0.0,0,0.1003032708168029,83123460.85381249,0,83123460.85381249,0,0,0
9.5,0,42.56,0,42.23385930512556,0,45.92,0,0.926599535949194,0,0.0,83124419.1086627,0,83124419.1086627,0,0,0
9.5,0,50.0,0,50.0,0,50.0,0,0.0,0,0.2125776720046997,83098913.24172229,0,83098913.24172229,0,0,0
9.5,0,44.32,0,46.469069238724806,0,56.4,0,4.847132275894546,0,0.0,83128172.91759297,0,83128172.91759297,0,0,0
9.5,0,42.0,0,42.0,0,42.0,0,0.0,0,0.0,83128970.54695676,0,83128970.54695676,0,0,0
9.5,0,42.0,0,42.0,0,42.0,0,0.0,0,0.0,83124011.83150007,0,83124011.83150007,0,0,0
9.5,0,54.0,0,54.0,0,54.0,0,0.0,0,0.0,83076493.72649308,0,83076493.72649308,0,0,0
9.5,0,54.06,0,54.04012628419053,0,54.6,0,0.149098594198537,0,0.0,83093269.14303459,0,83093269.14303459,0,0,0
9.5,0,54.0,0,54.0,0,54.0,0,0.0,0,0.0,83089199.70187084,0,83089199.70187084,0,0,0
9.5,0,42.0,0,42.0,0,42.0,0,0.0,0,0.0,83124753.28381716,0,83124753.28381716,0,0,0
9.5,0,50.0,0,50.0,0,50.0,0,0.0,0,0.1797550630569458,83106983.94435471,0,83106983.94435471,0,0,0
9.5,0,50.0,0,50.0,0,50.0,0,0.0,0,0.0929829716682434,83098785.42294256,0,83098785.42294256,0,0,0
9.5,0,54.0,0,54.0,0,54.0,0,0.0,0,0.0,83089796.1920279,0,83089796.1920279,0,0,0
9.5,0,54.0,0,54.0,0,54.0,0,0.0,0,0.0,83093410.71252073,0,83093410.71252073,0,0,0
9.5,0,54.0,0,54.0,0,54.0,0,0.0,0,0.0,83033395.84336579,0,83033395.84336579,0,0,0
9.5,0,42.0,0,42.0,0,42.0,0,0.0,0,0.0,83150564.48723714,0,83150564.48723714,0,0,0
9.5,0,54.0,0,54.0,0,54.0,0,0.0,0,0.0,83063992.49863705,0,83063992.49863705,0,0,0
9.5,0,54.0,0,54.0,0,54.0,0,0.0,0,0.0,83037121.38432017,0,83037121.38432017,0,0,0
9.5,0,42.0,0,42.0,0,42.0,0,0.0,0,0.0,83150694.0367408,0,83150694.0367408,0,0,0
9.5,0,50.0,0,50.0,0,50.0,0,0.0,0,0.077100601196289,83098360.70237638,0,83098360.70237638,0,0,0
9.5,0,42.24,0,42.03796491228069,0,42.72,0,0.1608727797820549,0,0.0027239918708801,83124126.71024024,0,83124126.71024024,0,0,0
9.5,0,42.0,0,42.0,0,42.0,0,0.0,0,0.0,83124148.59413654,0,83124148.59413654,0,0,0
9.5,0,54.0,0,54.0,0,54.0,0,0.0,0,0.0,83088886.89169821,0,83088886.89169821,0,0,0
9.5,0,42.0,0,42.0,0,42.0,0,0.0,0,0.0,83482385.74771357,0,83482385.74771357,0,0,0
9.5,0,42.0,0,42.0,0,42.0,0,0.0,0,0.0,83150101.13855669,0,83150101.13855669,0,0,0
9.5,0,54.2,0,54.11557246245327,0,55.8,0,0.4394993565375166,0,0.040331859588623,83093367.20281832,0,83093367.20281832,0,0,0
9.5,0,42.0,0,42.0,0,42.0,0,0.0,0,0.0,83127783.87431973,0,83127783.87431973,0,0,0
9.5,0,42.18,0,42.15837885257158,0,44.16,0,0.557864325090535,0,0.0,83150331.45023495,0,83150331.45023495,0,0,0
9.5,0,42.18,0,42.46759313828586,0,45.42,0,1.072257748097606,0,0.0,83483216.45509015,0,83483216.45509015,0,0,0
9.5,0,50.0,0,50.0,0,50.0,0,0.0,0,0.0099978327751159,83123486.32893509,0,83123486.32893509,0,0,0
9.5,0,54.0,0,54.0,0,54.0,0,0.0,0,0.0,83037707.39803559,0,83037707.39803559,0,0,0
9.5,0,50.1,0,50.13144063238104,0,51.5,0,0.4152570266747893,0,0.0529580998420715,83101808.78813823,0,83101808.78813823,0,0,0
9.5,0,54.0,0,54.0,0,54.0,0,0.0,0,0.0,83089050.67665413,0,83089050.67665413,0,0,0
9.5,0,54.0,0,54.0,0,54.0,0,0.0,0,0.0,83088905.52311806,0,83088905.52311806,0,0,0
9.5,0,54.0,0,54.0,0,54.0,0,0.0,0,0.0,83067355.83648673,0,83067355.83648673,0,0,0
9.5,0,50.0,0,50.0,0,50.0,0,0.0,0,0.0992157077789306,83102390.45285422,0,83102390.45285422,0,0,0
9.5,0,42.0,0,42.0,0,42.0,0,0.0,0,0.0,83124409.04201594,0,83124409.04201594,0,0,0
9.5,0,50.0,0,50.0,0,50.0,0,0.0,0,0.352248318195343,83106446.85579309,0,83106446.85579309,0,0,0
9.5,0,54.0,0,54.0,0,54.0,0,0.0,0,0.0,83071582.51582165,0,83071582.51582165,0,0,0
9.5,0,50.0,0,50.0,0,50.0,0,0.0,0,0.0275189399719238,83106910.50611967,0,83106910.50611967,0,0,0
9.5,0,54.64,0,54.45638377240235,0,60.48,0,1.643088880553677,0,0.0187841510772705,83090113.43967633,0,83090113.43967633,0,0,0
9.5,0,50.0,0,50.0,0,50.0,0,0.0,0,0.0718542242050171,83103034.63263233,0,83103034.63263233,0,0,0
9.5,0,54.0,0,54.0,0,54.0,0,0.0,0,0.0,83072364.67225009,0,83072364.67225009,0,0,0
9.5,0,50.0,0,50.0,0,50.0,0,0.0,0,0.076431758403778,83101796.5755238,0,83101796.5755238,0,0,0
9.5,0,54.0,0,54.0,0,54.0,0,0.0,0,0.0,83093262.28790063,0,83093262.28790063,0,0,0
9.5,0,50.0,0,50.0,0,50.0,0,0.0,0,0.463482608795166,83102235.7009938,0,83102235.7009938,0,0,0
9.5,0,54.0,0,54.0,0,54.0,0,0.0,0,0.0,83034054.93953829,0,83034054.93953829,0,0,0
9.5,0,56.75,0,54.60427932576539,0,64.64,0,2.406997882824269,0,0.0029553198814392,83076197.73325543,0,83076197.73325543,0,0,0
9.5,0,42.0,0,42.0,0,42.0,0,0.0,0,0.0,83128372.82157306,0,83128372.82157306,0,0,0
9.5,0,50.0,0,50.0,0,50.0,0,0.0,0,0.1371958875656128,83107462.0657918,0,83107462.0657918,0,0,0
9.5,0,54.62,0,52.47722388267047,0,70.79,0,6.701584638101435,0,0.2900338268280029,83102277.51981065,0,83102277.51981065,0,0,0
9.5,0,54.12,0,54.041541279669765,0,54.72,0,0.1676523181994216,0,0.0037927818298339,83089928.09523441,0,83089928.09523441,0,0,0
9.5,0,42.0,0,42.0,0,42.0,0,0.0,0,0.0,83128623.97721468,0,83128623.97721468,0,0,0
9.5,0,42.0,0,42.0,0,42.0,0,0.0,0,0.0,83150273.44139527,0,83150273.44139527,0,0,0
9.5,0,50.0,0,50.0,0,50.0,0,0.0,0,0.0573836421966552,83106696.5205362,0,83106696.5205362,0,0,0
9.5,0,54.0,0,54.0,0,54.0,0,0.0,0,0.0,83495267.3109041,0,83495267.3109041,0,0,0
9.5,0,50.0,0,50.0,0,50.0,0,0.0,0,0.1179951167106628,83098802.89540923,0,83098802.89540923,0,0,0
9.5,0,54.0,0,54.0,0,54.0,0,0.0,0,0.0,83072326.56548725,0,83072326.56548725,0,0,0
9.5,0,54.12,0,54.0501127082412,0,54.84,0,0.1985570434176844,0,0.0649948692321777,83094393.49934675,0,83094393.49934675,0,0,0
9.5,0,42.0,0,42.0,0,42.0,0,0.0,0,0.0,83150107.61006396,0,83150107.61006396,0,0,0
9.5,0,54.44,0,54.25425941739719,0,57.96,0,0.9668985843825368,0,0.0,83089913.30377087,0,83089913.30377087,0,0,0
9.5,0,50.0,0,50.0,0,50.0,0,0.0,0,0.0704725909233093,83487435.0146146,0,83487435.0146146,0,0,0
9.5,0,54.0,0,54.0,0,54.0,0,0.0,0,0.0,83089746.97492452,0,83089746.97492452,0,0,0
9.5,0,50.0,0,50.0,0,50.0,0,0.0,0,0.2719079375267029,83102349.06879555,0,83102349.06879555,0,0,0
9.5,0,42.0,0,42.0,0,42.0,0,0.0,0,0.0,83128519.77577224,0,83128519.77577224,0,0,0
9.5,0,50.0,0,50.0,0,50.0,0,0.0,0,0.1176429009437561,83098351.2795554,0,83098351.2795554,0,0,0
9.5,0,54.0,0,54.0,0,54.0,0,0.0,0,0.0,83093345.59463674,0,83093345.59463674,0,0,0
9.5,0,50.0,0,50.0,0,50.0,0,0.0,0,0.1474805998802185,83106434.51325388,0,83106434.51325388,0,0,0
9.5,0,54.0,0,54.0,0,54.0,0,0.0,0,0.0,83068528.59391569,0,83068528.59391569,0,0,0
9.5,0,54.0,0,54.0,0,54.0,0,0.0,0,0.0,83076370.25238562,0,83076370.25238562,0,0,0
9.5,0,54.0,0,54.0,0,54.0,0,0.0,0,0.0,83076270.29231171,0,83076270.29231171,0,0,0
9.5,0,42.0,0,42.0,0,42.0,0,0.0,0,0.0,83483267.03236347,0,83483267.03236347,0,0,0
9.5,0,50.2,0,50.36477396571436,0,52.1,0,0.6174932436608179,0,0.3637575888633728,83102267.84407204,0,83102267.84407204,0,0,0
9.5,0,42.0,0,42.0,0,42.0,0,0.0,0,0.0,83128765.51352847,0,83128765.51352847,0,0,0
9.5,0,42.0,0,42.0,0,42.0,0,0.0,0,0.0,83150051.99002162,0,83150051.99002162,0,0,0
9.5,0,50.04,0,50.035195300571466,0,50.48,0,0.1239698500201188,0,0.1030792737007141,83106435.62598848,0,83106435.62598848,0,0,0
9.5,0,42.0,0,42.0,0,42.0,0,0.0,0,0.0,83127976.94379461,0,83127976.94379461,0,0,0
9.5,0,54.0,0,54.0,0,54.0,0,0.0,0,0.0,83089690.14169912,0,83089690.14169912,0,0,0
9.5,0,50.2,0,50.17597650285731,0,52.4,0,0.6198492501005944,0,0.1572065639495849,83102449.88453901,0,83102449.88453901,0,0,0
9.5,0,42.39,0,42.19286630178387,0,45.12,0,0.7492334395616069,0,0.0319134402275085,83124754.56348592,0,83124754.56348592,0,0,0
9.5,0,42.0,0,42.0,0,42.0,0,0.0,0,0.0,83150040.14214024,0,83150040.14214024,0,0,0
9.5,0,50.0,0,50.0,0,50.0,0,0.0,0,0.1268848919868469,83102393.14874671,0,83102393.14874671,0,0,0
9.5,0,54.0,0,54.0,0,54.0,0,0.0,0,0.0,83072467.43696855,0,83072467.43696855,0,0,0
9.5,0,54.0,0,54.0,0,54.0,0,0.0,0,0.0,83093974.50753334,0,83093974.50753334,0,0,0
9.5,0,50.0,0,50.0,0,50.0,0,0.0,0,0.1475416684150695,83123759.09703706,0,83123759.09703706,0,0,0
9.5,0,50.0,0,50.0,0,50.0,0,0.0,0,0.2113260006904602,83123820.43746264,0,83123820.43746264,0,0,0
9.5,0,54.0,0,54.0,0,54.0,0,0.0,0,0.0,83089352.88879792,0,83089352.88879792,0,0,0
9.5,0,68.2,0,54.71,0,68.2,0,3.0948182499138785,0,0.0178419709205627,83076238.30797258,0,83076238.30797258,0,0,0
9.5,0,54.31,0,54.133484594524845,0,55.6,0,0.4236809648167141,0,0.002797212600708,83072240.16142963,0,83072240.16142963,0,0,0
9.5,0,54.0,0,54.0,0,54.0,0,0.0,0,0.0,83076927.73722866,0,83076927.73722866,0,0,0
9.5,0,42.0,0,42.0,0,42.0,0,0.0,0,0.0,83149355.44098194,0,83149355.44098194,0,0,0
9.5,0,42.0,0,42.0,0,42.0,0,0.0,0,0.0,83132210.48093837,0,83132210.48093837,0,0,0
9.5,0,54.79,0,54.69510718628637,0,63.48,0,2.448404537897348,0,0.0,83064142.51749964,0,83064142.51749964,0,0,0
9.5,0,42.29,0,42.51167783390501,0,46.93,0,1.4458190609056327,0,0.0011087703704833,83150121.20926231,0,83150121.20926231,0,0,0
9.5,0,42.32,0,42.67127669028598,0,47.76,0,1.7462359966179664,0,0.0,83124053.11240293,0,83124053.11240293,0,0,0
9.5,0,42.0,0,42.0,0,42.0,0,0.0,0,0.0,83124126.66525614,0,83124126.66525614,0,0,0
9.5,0,42.44,0,43.14300544914322,0,50.36,0,2.621074495349704,0,0.0,83124812.32203193,0,83124812.32203193,0,0,0
9.5,0,42.0,0,42.0,0,42.0,0,0.0,0,0.0,83128744.54545075,0,83128744.54545075,0,0,0
9.5,0,42.16,0,42.03472170622636,0,42.64,0,0.1448955786782326,0,0.0,83132143.84701598,0,83132143.84701598,0,0,0
9.5,0,42.0,0,42.0,0,42.0,0,0.0,0,0.0,83150002.56962632,0,83150002.56962632,0,0,0
9.5,0,54.0,0,54.0,0,54.0,0,0.0,0,0.0,83089979.76780342,0,83089979.76780342,0,0,0
9.5,0,50.0,0,50.0,0,50.0,0,0.0,0,0.3824869346618652,83123762.94380765,0,83123762.94380765,0,0,0
9.5,0,50.0,0,50.0,0,50.0,0,0.0,0,0.1007205390930175,83102152.16475016,0,83102152.16475016,0,0,0
9.5,0,42.0,0,42.0,0,42.0,0,0.0,0,0.0,83124897.64087637,0,83124897.64087637,0,0,0
9.5,0,42.0,0,42.0,0,42.0,0,0.0,0,0.0,83124135.62443691,0,83124135.62443691,0,0,0
9.5,0,42.0,0,42.0,0,42.0,0,0.0,0,0.0,83149485.52631302,0,83149485.52631302,0,0,0
9.5,0,54.0,0,54.0,0,54.0,0,0.0,0,0.0,83071564.4180505,0,83071564.4180505,0,0,0
9.5,0,42.0,0,42.0,0,42.0,0,0.0,0,0.0,83128802.80401082,0,83128802.80401082,0,0,0
9.5,0,42.0,0,42.0,0,42.0,0,0.0,0,0.0,83132300.01780172,0,83132300.01780172,0,0,0
9.5,0,50.0,0,50.0,0,50.0,0,0.0,0,0.0725676393508911,83098790.36336416,0,83098790.36336416,0,0,0
9.5,0,54.0,0,54.0,0,54.0,0,0.0,0,0.0,83093439.88746868,0,83093439.88746868,0,0,0
9.5,0,54.0,0,54.0,0,54.0,0,0.0,0,0.0,83034015.24894911,0,83034015.24894911,0,0,0
9.5,0,42.0,0,42.0,0,42.0,0,0.0,0,0.0,83128492.94662006,0,83128492.94662006,0,0,0
9.5,0,42.0,0,42.0,0,42.0,0,0.0,0,0.0,83149348.66245705,0,83149348.66245705,0,0,0
9.5,0,54.0,0,54.0,0,54.0,0,0.0,0,0.0,83072383.04604338,0,83072383.04604338,0,0,0
9.5,0,54.0,0,54.0,0,54.0,0,0.0,0,0.0,83076187.23573896,0,83076187.23573896,0,0,0
9.5,0,43.91,0,44.24322387068556,0,56.19,0,4.548736515667625,0,0.0427753567695617,83149436.01238628,0,83149436.01238628,0,0,0
9.5,0,54.0,0,54.0,0,54.0,0,0.0,0,0.0,83089360.12730053,0,83089360.12730053,0,0,0
9.5,0,42.0,0,42.0,0,42.0,0,0.0,0,0.0,83150698.34020722,0,83150698.34020722,0,0,0
9.5,0,54.0,0,54.0,0,54.0,0,0.0,0,0.0,83072369.22194742,0,83072369.22194742,0,0,0
9.5,0,42.0,0,42.0,0,42.0,0,0.0,0,0.0,83124076.52218814,0,83124076.52218814,0,0,0
9.5,0,42.0,0,42.0,0,42.0,0,0.0,0,0.0,83150253.81656376,0,83150253.81656376,0,0,0
9.5,0,42.0,0,42.0,0,42.0,0,0.0,0,0.0,83128050.09119767,0,83128050.09119767,0,0,0
9.5,0,54.06,0,54.04012628419053,0,54.6,0,0.149098594198537,0,0.0,83033994.50262824,0,83033994.50262824,0,0,0
9.5,0,54.0,0,54.0,0,54.0,0,0.0,0,0.0,83093448.49502446,0,83093448.49502446,0,0,0
9.5,0,54.0,0,54.0,0,54.0,0,0.0,0,0.0,83076502.96560103,0,83076502.96560103,0,0,0
9.5,0,54.0,0,54.0,0,54.0,0,0.0,0,0.0,83089228.54272062,0,83089228.54272062,0,0,0
9.5,0,50.0,0,50.0,0,50.0,0,0.0,0,0.1482672500610351,83123830.12514502,0,83123830.12514502,0,0,0
9.5,0,54.12,0,54.10558590171439,0,55.44,0,0.3719095500603567,0,0.0027560997009277,83037701.05811799,0,83037701.05811799,0,0,0
9.5,0,54.0,0,54.0,0,54.0,0,0.0,0,0.0,83037694.63003308,0,83037694.63003308,0,0,0
9.5,0,56.11,0,55.043456145548646,0,70.88,0,4.053545019166643,0,0.0,83037117.32491453,0,83037117.32491453,0,0,0
9.5,0,42.0,0,42.0,0,42.0,0,0.0,0,0.0,83124066.76014525,0,83124066.76014525,0,0,0
9.5,0,50.0,0,50.0,0,50.0,0,0.0,0,0.1493791055679321,83101827.21214548,0,83101827.21214548,0,0,0
9.5,0,54.24,0,54.260814660571626,0,54.9,0,0.4010360068186298,0,0.0,83088816.19460855,0,83088816.19460855,0,0,0
9.5,0,42.0,0,42.0,0,42.0,0,0.0,0,0.0,83149342.2608887,0,83149342.2608887,0,0,0
9.5,0,42.0,0,42.0,0,42.0,0,0.0,0,0.0,83149802.75485525,0,83149802.75485525,0,0,0
9.5,0,105.86,0,97.85121021930424,0,229.14,0,50.01077779994452,0,30.134707388877867,83090034.59207147,0,83090034.59207147,0,0,0
9.5,0,42.0,0,42.0,0,42.0,0,0.0,0,0.0,83129061.72737707,0,83129061.72737707,0,0,0
9.5,0,54.0,0,54.0,0,54.0,0,0.0,0,0.0,83089342.6568442,0,83089342.6568442,0,0,0
9.5,0,42.0,0,42.0,0,42.0,0,0.0,0,0.0,83482368.51299196,0,83482368.51299196,0,0,0
9.5,0,54.0,0,54.0,0,54.0,0,0.0,0,0.0,83075927.95072423,0,83075927.95072423,0,0,0
9.5,0,50.1,0,50.027951066391466,0,50.5,0,0.1147658825876917,0,0.0265111899375915,83106902.89605907,0,83106902.89605907,0,0,0
9.5,0,42.56,0,42.05747368421053,0,43.12,0,0.247095422250023,0,0.0,83150644.03285865,0,83150644.03285865,0,0,0
9.5,0,54.0,0,54.0,0,54.0,0,0.0,0,0.0,83090054.25427645,0,83090054.25427645,0,0,0
9.5,0,54.0,0,54.0,0,54.0,0,0.0,0,0.0,83076506.70283815,0,83076506.70283815,0,0,0
9.5,0,54.0,0,54.0,0,54.0,0,0.0,0,0.0,83094047.56482391,0,83094047.56482391,0,0,0
9.5,0,42.79,0,42.081078947368425,0,43.58,0,0.348581042102711,0,0.0002282404899597,83149701.96114613,0,83149701.96114613,0,0,0
9.5,0,42.0,0,42.0,0,42.0,0,0.0,0,0.0,83132307.15862079,0,83132307.15862079,0,0,0
9.5,0,54.0,0,54.0,0,54.0,0,0.0,0,0.0,83068384.94680403,0,83068384.94680403,0,0,0
9.5,0,54.0,0,54.0,0,54.0,0,0.0,0,0.0,83093435.02059168,0,83093435.02059168,0,0,0
9.5,0,42.91,0,43.6367872438449,0,52.45,0,3.465310625614667,0,0.0220182204246521,83149380.4362344,0,83149380.4362344,0,0,0
9.5,0,50.0,0,50.0,0,50.0,0,0.0,0,0.1065645122528076,83106314.42738736,0,83106314.42738736,0,0,0
9.5,0,55.76,0,54.381938768489846,0,61.04,0,1.5938513654605595,0,0.040426959991455,83072066.33809,0,83072066.33809,0,0,0
9.5,0,42.0,0,42.0,0,42.0,0,0.0,0,0.0,83149644.95365019,0,83149644.95365019,0,0,0
9.5,0,42.0,0,42.0,0,42.0,0,0.0,0,0.0,83149976.06953269,0,83149976.06953269,0,0,0
9.5,0,52.64,0,51.5526912324002,0,55.2,0,1.922623654156476,0,0.0860301685333252,83106314.39719568,0,83106314.39719568,0,0,0
9.5,0,42.0,0,42.0,0,42.0,0,0.0,0,0.0,83124867.70708014,0,83124867.70708014,0,0,0
9.5,0,42.0,0,42.0,0,42.0,0,0.0,0,0.0,83127712.55871193,0,83127712.55871193,0,0,0
9.5,0,54.0,0,54.0,0,54.0,0,0.0,0,0.0,83093179.35147886,0,83093179.35147886,0,0,0
9.5,0,42.0,0,42.0,0,42.0,0,0.0,0,0.0,83128503.78738491,0,83128503.78738491,0,0,0
9.5,0,146.16,0,148.1664016568227,0,170.52,0,29.69659886925712,0,0.0,83089458.65575565,0,83089458.65575565,0,0,0
9.5,0,42.0,0,42.0,0,42.0,0,0.0,0,0.0,83150711.74741194,0,83150711.74741194,0,0,0
9.5,0,42.0,0,42.0,0,42.0,0,0.0,0,0.0,83482376.74455805,0,83482376.74455805,0,0,0
9.5,0,42.0,0,42.0,0,42.0,0,0.0,0,0.0,83483267.94347152,0,83483267.94347152,0,0,0
9.5,0,50.63,0,50.48432598400051,0,56.93,0,1.754535239084639,0,0.0589593625068664,83123630.04216911,0,83123630.04216911,0,0,0
9.5,0,42.0,0,42.0,0,42.0,0,0.0,0,0.0,83149479.1767317,0,83149479.1767317,0,0,0
9.5,0,54.0,0,54.0,0,54.0,0,0.0,0,0.0,83076180.33024316,0,83076180.33024316,0,0,0
9.5,0,54.06,0,54.0602929508572,0,54.78,0,0.2057979098631627,0,0.0,83075913.75772007,0,83075913.75772007,0,0,0
9.5,0,54.0,0,54.0,0,54.0,0,0.0,0,0.0,83094327.17382303,0,83094327.17382303,0,0,0
9.5,0,42.0,0,42.0,0,42.0,0,0.0,0,0.0,83124823.99142756,0,83124823.99142756,0,0,0
9.5,0,50.0,0,50.0,0,50.0,0,0.0,0,0.0287604522705078,83106674.09055366,0,83106674.09055366,0,0,0
9.5,0,42.0,0,42.0,0,42.0,0,0.0,0,0.0,83124811.3169562,0,83124811.3169562,0,0,0
9.5,0,54.0,0,54.0,0,54.0,0,0.0,0,0.0,83089354.1043527,0,83089354.1043527,0,0,0
9.5,0,42.0,0,42.0,0,42.0,0,0.0,0,0.0,83149452.6043799,0,83149452.6043799,0,0,0
9.5,0,50.0,0,50.0,0,50.0,0,0.0,0,0.0326145315170288,83123491.9653207,0,83123491.9653207,0,0,0
9.5,0,54.0,0,54.0,0,54.0,0,0.0,0,0.0,83072026.97232145,0,83072026.97232145,0,0,0
9.5,0,54.0,0,54.0,0,54.0,0,0.0,0,0.0,83076374.91729228,0,83076374.91729228,0,0,0
9.5,0,50.0,0,50.0,0,50.0,0,0.0,0,0.0580009317398071,83495227.78663848,0,83495227.78663848,0,0,0
9.5,0,50.2,0,50.03751977984176,0,50.4,0,0.1156456003166271,0,0.101722559928894,83123484.19795375,0,83123484.19795375,0,0,0
9.5,0,42.0,0,42.0,0,42.0,0,0.0,0,0.0,83127799.79281406,0,83127799.79281406,0,0,0
9.5,0,42.0,0,42.0,0,42.0,0,0.0,0,0.0,83127984.88665232,0,83127984.88665232,0,0,0
9.5,0,55.3,0,54.64288767261291,0,64.4,0,2.49744479853869,0,0.0006558799743652,83088967.91427317,0,83088967.91427317,0,0,0
9.5,0,56.44,0,57.20715143009725,0,90.6,0,10.13227145086486,0,0.0005788588523864,83037112.82300547,0,83037112.82300547,0,0,0
9.5,0,54.0,0,54.0,0,54.0,0,0.0,0,0.0,83033542.27059054,0,83033542.27059054,0,0,0
9.5,0,50.0,0,50.0,0,50.0,0,0.0,0,0.1494477987289428,83098690.672126,0,83098690.672126,0,0,0
9.5,0,52.89,0,51.49880413373177,0,66.2,0,4.001586304510711,0,0.0722403168678283,83102059.90375559,0,83102059.90375559,0,0,0
9.5,0,50.0,0,50.0,0,50.0,0,0.0,0,0.2245356774330139,83123551.91416487,0,83123551.91416487,0,0,0
9.5,0,54.0,0,54.0,0,54.0,0,0.0,0,0.0,83072393.47815375,0,83072393.47815375,0,0,0
9.5,0,50.0,0,50.0,0,50.0,0,0.0,0,0.0748023509979248,83106910.42491002,0,83106910.42491002,0,0,0
9.5,0,54.0,0,54.0,0,54.0,0,0.0,0,0.0,83089734.45090643,0,83089734.45090643,0,0,0
9.5,0,50.0,0,50.0,0,50.0,0,0.0,0,0.4444406104087829,83123733.87328218,0,83123733.87328218,0,0,0
9.5,0,50.0,0,50.0,0,50.0,0,0.0,0,0.0697194910049438,83102060.70662473,0,83102060.70662473,0,0,0
9.5,0,50.0,0,50.0,0,50.0,0,0.0,0,0.0655381751060485,83106426.5161743,0,83106426.5161743,0,0,0
9.5,0,50.0,0,50.0,0,50.0,0,0.0,0,0.0559534454345703,83123486.56072637,0,83123486.56072637,0,0,0
9.5,0,50.1,0,50.03461773305813,0,50.6,0,0.1397102651661847,0,0.1105176925659179,83123764.69666098,0,83123764.69666098,0,0,0
9.5,0,54.0,0,54.0,0,54.0,0,0.0,0,0.0,83075895.46185082,0,83075895.46185082,0,0,0
9.5,0,50.0,0,50.0,0,50.0,0,0.0,0,0.0612986278533935,83103059.76660746,0,83103059.76660746,0,0,0
9.5,0,42.0,0,42.0,0,42.0,0,0.0,0,0.0,83124685.62375493,0,83124685.62375493,0,0,0
9.5,0,42.0,0,42.0,0,42.0,0,0.0,0,0.0,83150694.0080962,0,83150694.0080962,0,0,0
9.5,0,50.2,0,50.08352118040199,0,51.4,0,0.3309284056961407,0,0.1344602298736572,83106955.87111771,0,83106955.87111771,0,0,0
9.5,0,54.0,0,54.0,0,54.0,0,0.0,0,0.0,83072487.3031556,0,83072487.3031556,0,0,0
9.5,0,54.0,0,54.0,0,54.0,0,0.0,0,0.0,83093359.76483446,0,83093359.76483446,0,0,0
9.5,0,42.0,0,42.0,0,42.0,0,0.0,0,0.0,83124817.66817187,0,83124817.66817187,0,0,0
9.5,0,42.0,0,42.0,0,42.0,0,0.0,0,0.0,83150339.53411736,0,83150339.53411736,0,0,0
9.5,0,54.06,0,54.02967173873598,0,54.48,0,0.115266683009478,0,0.0,83072058.33896989,0,83072058.33896989,0,0,0
9.5,0,81.96,0,93.6680525040405,0,347.95,0,86.44832997417423,0,38.41719948291779,83067559.7033696,0,83067559.7033696,0,0,0
9.5,0,54.0,0,54.0,0,54.0,0,0.0,0,0.0,83094077.7322477,0,83094077.7322477,0,0,0
9.5,0,54.0,0,54.0,0,54.0,0,0.0,0,0.0,83089904.30547108,0,83089904.30547108,0,0,0
9.5,0,42.0,0,42.0,0,42.0,0,0.0,0,0.0,83124419.21524148,0,83124419.21524148,0,0,0
9.5,0,42.0,0,42.0,0,42.0,0,0.0,0,0.0,83132217.329518,0,83132217.329518,0,0,0
9.5,0,50.0,0,50.0,0,50.0,0,0.0,0,0.0413840341567993,83106372.09103924,0,83106372.09103924,0,0,0
9.5,0,54.0,0,54.0,0,54.0,0,0.0,0,0.0,83089704.3021091,0,83089704.3021091,0,0,0
9.5,0,54.0,0,54.0,0,54.0,0,0.0,0,0.0,83034132.70372996,0,83034132.70372996,0,0,0
9.5,0,42.0,0,42.0,0,42.0,0,0.0,0,0.0,83150249.5393422,0,83150249.5393422,0,0,0
9.5,0,50.0,0,50.0,0,50.0,0,0.0,0,0.0282284784317016,83103103.55910188,0,83103103.55910188,0,0,0
9.5,0,54.1,0,54.04085216529256,0,54.68,0,0.1611730360445547,0,0.045536949634552,83072364.29885523,0,83072364.29885523,0,0,0
9.5,0,54.0,0,54.0,0,54.0,0,0.0,0,0.0,83089130.60715735,0,83089130.60715735,0,0,0
9.5,0,42.0,0,42.0,0,42.0,0,0.0,0,0.0,83124418.90775992,0,83124418.90775992,0,0,0
9.5,0,42.0,0,42.0,0,42.0,0,0.0,0,0.0,83124520.81061436,0,83124520.81061436,0,0,0
9.5,0,42.86,0,42.2690458376333,0,44.58,0,0.7841111769053388,0,9.5367431640625e-09,83132142.97717382,0,83132142.97717382,0,0,0
9.5,0,42.0,0,42.0,0,42.0,0,0.0,0,0.0,83150692.18849438,0,83150692.18849438,0,0,0
9.5,0,50.0,0,50.0,0,50.0,0,0.0,0,0.0937907171249389,83487434.58888721,0,83487434.58888721,0,0,0
9.5,0,54.0,0,54.0,0,54.0,0,0.0,0,0.0,83071567.91196404,0,83071567.91196404,0,0,0
9.5,0,50.0,0,50.0,0,50.0,0,0.0,0,0.0894084191322326,83123635.61111131,0,83123635.61111131,0,0,0
9.5,0,54.42,0,54.35122778442747,0,57.16,0,0.9536995961645957,0,0.0,83075920.38656001,0,83075920.38656001,0,0,0
9.5,0,44.75,0,45.15628405714513,0,80.5,0,10.394703743869304,0,0.0014839911460876,83124412.03187977,0,83124412.03187977,0,0,0
9.5,0,50.0,0,50.0,0,50.0,0,0.0,0,0.118654465675354,83102284.21115455,0,83102284.21115455,0,0,0
9.5,0,50.0,0,50.0,0,50.0,0,0.0,0,0.0879873824119567,83123874.39884092,0,83123874.39884092,0,0,0
9.5,0,42.0,0,42.0,0,42.0,0,0.0,0,0.0,83128121.36675775,0,83128121.36675775,0,0,0
9.5,0,42.0,0,42.0,0,42.0,0,0.0,0,0.0,83149466.62325138,0,83149466.62325138,0,0,0
9.5,0,54.0,0,54.0,0,54.0,0,0.0,0,0.0,83089805.20829292,0,83089805.20829292,0,0,0
9.5,0,51.65,0,52.28549149122291,0,56.55,0,2.1911939211017155,0,0.1057101464271545,83102410.6143365,0,83102410.6143365,0,0,0
9.5,0,54.0,0,54.0,0,54.0,0,0.0,0,0.0244252800941467,83094040.48775929,0,83094040.48775929,0,0,0
9.5,0,54.0,0,54.0,0,54.0,0,0.0,0,0.0,83093430.42557937,0,83093430.42557937,0,0,0
9.5,0,54.06,0,54.02967173873598,0,54.48,0,0.115266683009478,0,0.0,83037135.37103693,0,83037135.37103693,0,0,0
9.5,0,42.0,0,42.0,0,42.0,0,0.0,0,0.0,83127727.42100771,0,83127727.42100771,0,0,0
9.5,0,42.0,0,42.0,0,42.0,0,0.0,0,0.0,83149685.31609169,0,83149685.31609169,0,0,0
9.5,0,50.0,0,50.0,0,50.0,0,0.0,0,0.2203801846504211,83101864.55881393,0,83101864.55881393,0,0,0
9.5,0,50.0,0,50.0,0,50.0,0,0.0,0,0.0605450797080993,83098379.18332817,0,83098379.18332817,0,0,0
9.5,0,50.0,0,50.0,0,50.0,0,0.0,0,0.0453849816322326,83101942.18210465,0,83101942.18210465,0,0,0
9.5,0,42.0,0,42.0,0,42.0,0,0.0,0,0.0,83128731.85759531,0,83128731.85759531,0,0,0
9.5,0,42.0,0,42.0,0,42.0,0,0.0,0,0.0,83123994.0898607,0,83123994.0898607,0,0,0
9.5,0,42.0,0,42.0,0,42.0,0,0.0,0,0.0,83128032.3492065,0,83128032.3492065,0,0,0
9.5,0,54.0,0,54.0,0,54.0,0,0.0,0,0.0,83075919.25528625,0,83075919.25528625,0,0,0
9.5,0,42.0,0,42.0,0,42.0,0,0.0,0,0.0,83128880.64695835,0,83128880.64695835,0,0,0
9.5,0,54.0,0,54.0,0,54.0,0,0.0,0,0.0,83090107.06587724,0,83090107.06587724,0,0,0
9.5,0,54.12,0,54.2583954255239,0,54.76,0,0.3311568547564614,0,0.0492329120635986,83089111.14726107,0,83089111.14726107,0,0,0
9.5,0,42.0,0,42.0,0,42.0,0,0.0,0,0.0,83149451.74656613,0,83149451.74656613,0,0,0
9.5,0,51.39,0,50.38851982284142,0,56.95,0,1.5952457679689156,0,0.0624958848953247,83106671.65337448,0,83106671.65337448,0,0,0
9.5,0,54.24,0,54.10330233955929,0,55.44,0,0.3439639094002852,0,0.039803991317749,83088944.50204055,0,83088944.50204055,0,0,0
9.5,0,53.2,0,52.40514160761839,0,57.0,0,2.58617391883988,0,0.0155863070487976,83101875.5652191,0,83101875.5652191,0,0,0
9.5,0,54.0,0,54.0,0,54.0,0,0.0,0,0.0,83072234.49445726,0,83072234.49445726,0,0,0
9.5,0,50.0,0,50.0,0,50.0,0,0.0,0,0.0301591658592224,83123615.91433436,0,83123615.91433436,0,0,0
9.5,0,42.0,0,42.0,0,42.0,0,0.0,0,0.0,83124890.51117711,0,83124890.51117711,0,0,0
9.5,0,42.0,0,42.0,0,42.0,0,0.0,0,0.0,83128737.44660832,0,83128737.44660832,0,0,0
9.5,0,50.0,0,50.0,0,50.0,0,0.0,0,0.1271962785720825,83102390.79574232,0,83102390.79574232,0,0,0
9.5,0,54.06,0,54.01302063983488,0,54.24,0,0.0543358420043372,0,0.0,83089337.22404057,0,83089337.22404057,0,0,0
9.5,0,42.0,0,42.0,0,42.0,0,0.0,0,0.0,83150636.67927293,0,83150636.67927293,0,0,0
9.5,0,54.0,0,54.0,0,54.0,0,0.0,0,0.0,83067293.82697777,0,83067293.82697777,0,0,0
9.5,0,54.12,0,54.006,0,54.12,0,0.026153393661244,0,0.0043683886528015,83034046.17027341,0,83034046.17027341,0,0,0
9.5,0,102.46,0,79.5921008541682,0,352.54,0,99.0666254904922,0,0.0082346606254577,83124435.15978958,0,83124435.15978958,0,0,0
9.5,0,54.0,0,54.0,0,54.0,0,0.0,0,0.0,83089683.19871019,0,83089683.19871019,0,0,0
9.5,0,42.74,0,42.29406682249639,0,45.82,0,0.9945580702646438,0,0.0,83149692.71600051,0,83149692.71600051,0,0,0
9.5,0,54.0,0,54.0,0,54.0,0,0.0,0,0.0,83034074.08665124,0,83034074.08665124,0,0,0
9.5,0,54.0,0,54.0,0,54.0,0,0.0,0,0.0,83089252.93093832,0,83089252.93093832,0,0,0
9.5,0,50.72,0,50.41606086483176,0,56.48,0,1.5821976835350602,0,0.1098850059509277,83106678.22054003,0,83106678.22054003,0,0,0
9.5,0,54.32,0,54.61794335695264,0,56.88,0,1.1226111118482738,0,0.0095082879066467,83076194.40042864,0,83076194.40042864,0,0,0
9.5,0,42.0,0,42.0,0,42.0,0,0.0,0,0.0,83132156.8989411,0,83132156.8989411,0,0,0
9.5,0,54.0,0,54.0,0,54.0,0,0.0,0,0.0,83037132.04705307,0,83037132.04705307,0,0,0
9.5,0,54.0,0,54.0,0,54.0,0,0.0,0,0.0,83072491.43960819,0,83072491.43960819,0,0,0
9.5,0,42.0,0,42.0,0,42.0,0,0.0,0,0.0,83128115.2192195,0,83128115.2192195,0,0,0
9.5,0,50.0,0,50.0,0,50.0,0,0.0,0,0.0214876365661621,83101917.17160548,0,83101917.17160548,0,0,0
9.5,0,96.98,0,77.31988422868841,0,294.22,0,67.8793316060276,0,0.0695286035537719,83094407.88509916,0,83094407.88509916,0,0,0
9.5,0,42.0,0,42.0,0,42.0,0,0.0,0,0.0,83150317.79757313,0,83150317.79757313,0,0,0
9.5,0,42.0,0,42.0,0,42.0,0,0.0,0,0.0,83128973.43519379,0,83128973.43519379,0,0,0
9.5,0,42.0,0,42.0,0,42.0,0,0.0,0,0.0,83483269.04143578,0,83483269.04143578,0,0,0
9.5,0,50.08,0,50.07039060114292,0,50.96,0,0.2479397000402377,0,0.0106218123435974,83106976.91885033,0,83106976.91885033,0,0,0
9.5,0,50.0,0,50.0,0,50.0,0,0.0,0,0.0409959983825683,83101926.20583956,0,83101926.20583956,0,0,0
9.5,0,54.0,0,54.0,0,54.0,0,0.0,0,0.0,83093975.20728128,0,83093975.20728128,0,0,0
9.5,0,53.0,0,52.63964754285962,0,86.0,0,9.297738751508916,0,0.0420030641555786,83106970.15183252,0,83106970.15183252,0,0,0
9.5,0,54.0,0,54.0,0,54.0,0,0.0,0,0.0,83089690.85700725,0,83089690.85700725,0,0,0
9.5,0,50.0,0,50.0,0,50.0,0,0.0,0,0.1204049110412597,83106634.57049619,0,83106634.57049619,0,0,0
9.5,0,54.06,0,54.078864379428616,0,54.9,0,0.2491542160048736,0,0.0,83072061.08785307,0,83072061.08785307,0,0,0
9.5,0,50.0,0,50.0,0,50.0,0,0.0,0,0.0645163202285766,83123490.15506962,0,83123490.15506962,0,0,0
9.5,0,54.0,0,54.0,0,54.0,0,0.0,0,5.755685338973999,83088957.04504117,0,83088957.04504117,0,0,0
9.5,0,42.0,0,42.0,0,42.0,0,0.0,0,0.0,83149761.3895548,0,83149761.3895548,0,0,0
9.5,0,79.24,0,67.08495663693033,0,194.72,0,46.075019501579526,0,0.0326556539535522,83123816.68209524,0,83123816.68209524,0,0,0
9.5,0,42.0,0,42.0,0,42.0,0,0.0,0,0.0,83128731.91307871,0,83128731.91307871,0,0,0
9.5,0,54.0,0,54.0,0,54.0,0,0.0,0,0.0,83089752.16893174,0,83089752.16893174,0,0,0
9.5,0,54.0,0,54.0,0,54.0,0,0.0,0,0.0,83033832.95080805,0,83033832.95080805,0,0,0
9.5,0,42.0,0,42.0,0,42.0,0,0.0,0,0.0,83150683.50772749,0,83150683.50772749,0,0,0
9.5,0,57.55,0,59.923767744768135,0,163.25,0,31.3519055139466,0,0.1343509840965271,83106184.01498796,0,83106184.01498796,0,0,0
9.5,0,54.0,0,54.0,0,54.0,0,0.0,0,0.0,83037114.89152808,0,83037114.89152808,0,0,0
9.5,0,50.0,0,50.0,0,50.0,0,0.0,0,0.0208748197555542,83103112.95090389,0,83103112.95090389,0,0,0
9.5,0,42.0,0,42.0,0,42.0,0,0.0,0,0.0,83124886.56292252,0,83124886.56292252,0,0,0
9.5,0,42.0,0,42.0,0,42.0,0,0.0,0,0.0,83153717.41877146,0,83153717.41877146,0,0,0
9.5,0,54.0,0,54.0,0,54.0,0,0.0,0,0.0,83076258.7940915,0,83076258.7940915,0,0,0
9.5,0,54.48,0,54.84691503542896,0,62.16,0,2.3930798249472547,0,0.0001712894439697,83089965.05668706,0,83089965.05668706,0,0,0
9.5,0,54.0,0,54.0,0,54.0,0,0.0,0,0.3638705372810363,83076906.38651814,0,83076906.38651814,0,0,0
9.5,0,54.0,0,54.0,0,54.0,0,0.0,0,0.0,83068391.3820244,0,83068391.3820244,0,0,0
9.5,0,54.0,0,54.0,0,54.0,0,0.0,0,0.0,83067247.6181057,0,83067247.6181057,0,0,0
9.5,0,54.0,0,54.0,0,54.0,0,0.0,0,0.0,83067306.84270321,0,83067306.84270321,0,0,0
9.5,0,54.0,0,54.0,0,54.0,0,0.0,0,0.0,83037118.22371365,0,83037118.22371365,0,0,0
9.5,0,50.0,0,50.0,0,50.0,0,0.0,0,0.1481264519691467,83102147.36465953,0,83102147.36465953,0,0,0
9.5,0,42.0,0,42.0,0,42.0,0,0.0,0,0.0,83124883.27648723,0,83124883.27648723,0,0,0
9.5,0,54.0,0,54.0,0,54.0,0,0.0,0,0.0523952507972717,83094319.06856477,0,83094319.06856477,0,0,0
9.5,0,54.2,0,54.05590213278294,0,55.0,0,0.2295317651753835,0,0.0,83089188.81832954,0,83089188.81832954,0,0,0
9.5,0,54.0,0,54.0,0,54.0,0,0.0,0,0.0,83072321.46258913,0,83072321.46258913,0,0,0
9.5,0,54.0,0,54.0,0,54.0,0,0.0,0,0.0,83068398.92244293,0,83068398.92244293,0,0,0
9.5,0,54.0,0,54.0,0,54.0,0,0.0,0,0.0,83067422.70441759,0,83067422.70441759,0,0,0
9.5,0,54.0,0,54.0,0,54.0,0,0.0,0,0.0,83093427.56140544,0,83093427.56140544,0,0,0
9.5,0,54.16,0,54.04472170622636,0,54.8,0,0.1836254121403068,0,0.0,83033817.45158844,0,83033817.45158844,0,0,0
9.5,0,42.0,0,42.0,0,42.0,0,0.0,0,0.0,83132199.25412627,0,83132199.25412627,0,0,0
9.5,0,42.81,0,43.06466912228639,0,54.15,0,3.3635819160657934,0,0.0329234194755554,83128639.38644329,0,83128639.38644329,0,0,0
9.5,0,42.95,0,43.41919093733064,0,55.91,0,4.045859065080392,0,0.0001358199119567,83128098.49528843,0,83128098.49528843,0,0,0
9.5,0,42.0,0,42.0,0,42.0,0,0.0,0,0.0,83150311.87292422,0,83150311.87292422,0,0,0
9.5,0,54.0,0,54.0,0,54.0,0,0.0,0,0.0,83034048.02367955,0,83034048.02367955,0,0,0
9.5,0,54.0,0,54.0,0,54.0,0,0.0,0,0.0,83075899.42863823,0,83075899.42863823,0,0,0
9.5,0,54.0,0,54.0,0,54.0,0,0.0,0,0.0,83089957.29116762,0,83089957.29116762,0,0,0
9.5,0,42.81,0,43.42916912228638,0,55.77,0,4.038322204598491,0,0.0,83124645.7336524,0,83124645.7336524,0,0,0
9.5,0,42.0,0,42.0,0,42.0,0,0.0,0,0.0,83150685.07596065,0,83150685.07596065,0,0,0
9.5,0,42.0,0,42.0,0,42.0,0,0.0,0,0.0,83127774.57845984,0,83127774.57845984,0,0,0
9.5,0,50.2,0,50.01,0,50.2,0,0.0435889894354067,0,0.0680590271949768,83123577.43151006,0,83123577.43151006,0,0,0
9.5,0,42.0,0,42.0,0,42.0,0,0.0,0,0.0,83127719.16694327,0,83127719.16694327,0,0,0
9.5,0,168.32,0,171.1235112138463,0,174.0,0,6.689490879752769,0,0.031653835773468,83064023.78813262,0,83064023.78813262,0,0,0
9.5,0,50.0,0,50.0,0,50.0,0,0.0,0,0.0941032695770263,83098683.20288262,0,83098683.20288262,0,0,0
9.5,0,42.18,0,42.23659313828586,0,44.7,0,0.7474626480146207,0,0.0,83128669.5143235,0,83128669.5143235,0,0,0
9.5,0,97.8,0,69.23209088898717,0,156.2,0,35.96561255193951,0,0.1288833475112915,83089732.7843462,0,83089732.7843462,0,0,0
9.5,0,42.0,0,42.0,0,42.0,0,0.0,0,0.0,83483279.5810813,0,83483279.5810813,0,0,0
9.5,0,54.0,0,54.0,0,54.0,0,0.0,0,0.0,83093351.54366921,0,83093351.54366921,0,0,0
9.5,0,50.2,0,50.22954793142873,0,52.8,0,0.7559784540995858,0,0.0942803692817688,83102389.2738649,0,83102389.2738649,0,0,0
9.5,0,50.0,0,50.0,0,50.0,0,0.0,0,0.0054796385765075,83106617.33209538,0,83106617.33209538,0,0,0
9.5,0,42.0,0,42.0,0,42.0,0,0.0,0,0.0,83483270.39199603,0,83483270.39199603,0,0,0
9.5,0,54.0,0,54.0,0,54.0,0,0.0,0,3.984009265899658,83068528.44026266,0,83068528.44026266,0,0,0
9.5,0,42.0,0,42.0,0,42.0,0,0.0,0,0.0,83483265.78048886,0,83483265.78048886,0,0,0
9.5,0,50.9,0,46.87120301739884,0,75.82,0,11.745023660303191,0,0.0908883213996887,83124821.12300596,0,83124821.12300596,0,0,0
9.5,0,54.06,0,54.01677063983489,0,54.3,0,0.068859529552615,0,0.0,83067423.84159131,0,83067423.84159131,0,0,0
9.5,0,54.0,0,54.0,0,54.0,0,0.0,0,0.0,83033816.0957416,0,83033816.0957416,0,0,0
9.5,0,42.0,0,42.0,0,42.0,0,0.0,0,0.0,83128094.31076847,0,83128094.31076847,0,0,0
9.5,0,50.16,0,50.01642105263158,0,50.32,0,0.0705986920714351,0,0.1031370258331298,83103031.07994063,0,83103031.07994063,0,0,0
9.5,0,42.0,0,42.0,0,42.0,0,0.0,0,0.0,83128055.8513784,0,83128055.8513784,0,0,0
9.5,0,54.0,0,54.0,0,54.0,0,0.0,0,0.0,83089919.36620134,0,83089919.36620134,0,0,0
9.5,0,42.0,0,42.0,0,42.0,0,0.0,0,0.0,83150271.32513449,0,83150271.32513449,0,0,0
9.5,0,54.0,0,54.0,0,54.0,0,0.0,0,8.061576828956603,83090140.05060168,0,83090140.05060168,0,0,0
9.5,0,54.0,0,54.0,0,54.0,0,0.0,0,0.0,83067294.4262431,0,83067294.4262431,0,0,0
9.5,0,42.6,0,42.78864379428621,0,51.0,0,2.491542160048736,0,0.0,83127720.35418452,0,83127720.35418452,0,0,0
9.5,0,42.0,0,42.0,0,42.0,0,0.0,0,0.0,83149328.21345845,0,83149328.21345845,0,0,0
9.5,0,42.18,0,42.12037885257158,0,43.8,0,0.4472957825956112,0,0.0,83124785.77114302,0,83124785.77114302,0,0,0
9.5,0,42.0,0,42.0,0,42.0,0,0.0,0,0.0,83128806.57693724,0,83128806.57693724,0,0,0
9.5,0,42.0,0,42.0,0,42.0,0,0.0,0,0.0,83124135.79245211,0,83124135.79245211,0,0,0
9.5,0,54.0,0,54.0,0,54.0,0,0.0,0,0.0,83068385.99003458,0,83068385.99003458,0,0,0
9.5,0,50.4,0,50.46385776761938,0,55.6,0,1.5165070862267882,0,0.3406611466407775,83101868.18277794,0,83101868.18277794,0,0,0
9.5,0,50.0,0,50.0,0,50.0,0,0.0,0,0.1200799298286438,83487428.33351265,0,83487428.33351265,0,0,0
9.5,0,54.06,0,54.09086437942862,0,54.96,0,0.2731542160048736,0,0.0,83067588.47697252,0,83067588.47697252,0,0,0
9.5,0,54.0,0,54.0,0,54.0,0,0.0,0,0.0,83037684.10403374,0,83037684.10403374,0,0,0
9.5,0,54.0,0,54.0,0,54.0,0,0.0,0,0.0,83076173.17621368,0,83076173.17621368,0,0,0
9.5,0,42.0,0,42.0,0,42.0,0,0.0,0,0.0,83150187.90371838,0,83150187.90371838,0,0,0
9.5,0,50.0,0,50.0,0,50.0,0,0.0,0,0.072779312133789,83123495.99378105,0,83123495.99378105,0,0,0
9.5,0,54.12,0,54.31172875885724,0,56.28,0,0.7148384987317374,0,0.0,83037127.52177846,0,83037127.52177846,0,0,0
9.5,0,42.0,0,42.0,0,42.0,0,0.0,0,0.0,83129051.80809578,0,83129051.80809578,0,0,0
9.5,0,54.2,0,54.01,0,54.2,0,0.0435889894354067,0,0.0,83033912.95183936,0,83033912.95183936,0,0,0
9.5,0,54.06,0,54.04012628419053,0,54.6,0,0.149098594198537,0,0.0,83076380.38017844,0,83076380.38017844,0,0,0
9.5,0,54.0,0,54.0,0,54.0,0,0.0,0,0.0,83071567.9371938,0,83071567.9371938,0,0,0
9.5,0,54.0,0,54.0,0,54.0,0,0.0,0,0.0,83093246.63343355,0,83093246.63343355,0,0,0
9.5,0,50.0,0,50.0,0,50.0,0,0.0,0,0.0769981718063354,83098711.39503464,0,83098711.39503464,0,0,0
9.5,0,54.0,0,54.0,0,54.0,0,0.0,0,0.0,83033910.4791395,0,83033910.4791395,0,0,0
9.5,0,54.0,0,54.0,0,54.0,0,0.0,0,0.0,83089983.89028713,0,83089983.89028713,0,0,0
9.5,0,54.0,0,54.0,0,54.0,0,0.0,0,0.0,83089961.81582583,0,83089961.81582583,0,0,0
9.5,0,54.2,0,54.02052631578948,0,54.4,0,0.0882483650892939,0,0.0,83076507.28149247,0,83076507.28149247,0,0,0
9.5,0,46.47,0,47.136110553146544,0,98.1,0,15.059555770723646,0,0.0058917689323425,83124416.76080947,0,83124416.76080947,0,0,0
9.5,0,42.0,0,42.0,0,42.0,0,0.0,0,0.0,83124536.94231752,0,83124536.94231752,0,0,0
9.5,0,50.0,0,50.0,0,50.0,0,0.0,0,0.0628819942474365,83106689.50303455,0,83106689.50303455,0,0,0
9.5,0,54.0,0,54.0,0,54.0,0,0.0,0,0.0,83076242.47751412,0,83076242.47751412,0,0,0
9.5,0,54.0,0,54.0,0,54.0,0,0.0,0,0.0,83094342.58403,0,83094342.58403,0,0,0
9.5,0,54.0,0,54.0,0,54.0,0,0.0,0,0.0,83033942.21709758,0,83033942.21709758,0,0,0
9.5,0,51.2,0,50.38260413477132,0,51.6,0,0.6599091744271081,0,0.3643635535240173,83101862.23367423,0,83101862.23367423,0,0,0
9.5,0,54.0,0,54.0,0,54.0,0,0.0,0,0.0,83076514.30683161,0,83076514.30683161,0,0,0
9.5,0,53.07,0,59.69704744391315,0,105.0,0,16.275332424728326,0,0.1306882834434509,83106931.88954386,0,83106931.88954386,0,0,0
9.5,0,54.44,0,54.18374659688437,0,57.08,0,0.7280424925315095,0,0.0,83034137.12879364,0,83034137.12879364,0,0,0
9.5,0,42.0,0,42.0,0,42.0,0,0.0,0,0.0,83149754.32086387,0,83149754.32086387,0,0,0
9.5,0,54.0,0,54.0,0,54.0,0,0.0,0,0.0,83072299.35171083,0,83072299.35171083,0,0,0
9.5,0,54.0,0,54.0,0,54.0,0,0.0,0,0.0,83089354.28288768,0,83089354.28288768,0,0,0
9.5,0,42.0,0,42.0,0,42.0,0,0.0,0,0.0,83128374.08164343,0,83128374.08164343,0,0,0
9.5,0,54.0,0,54.0,0,54.0,0,0.0,0,0.0,83089286.01219597,0,83089286.01219597,0,0,0
9.5,0,54.32,0,54.42061002361931,0,58.8,0,1.328822485359326,0,0.0,83033541.49729764,0,83033541.49729764,0,0,0
9.5,0,54.0,0,54.0,0,54.0,0,0.0,0,0.0,83037249.06703368,0,83037249.06703368,0,0,0
9.5,0,42.0,0,42.0,0,42.0,0,0.0,0,0.0,83128039.31921868,0,83128039.31921868,0,0,0
9.5,0,54.08,0,54.08332710907943,0,55.04,0,0.2775018734689404,0,0.0014896321296691,83076965.96409607,0,83076965.96409607,0,0,0
9.5,0,42.0,0,42.0,0,42.0,0,0.0,0,0.0,83127798.21397667,0,83127798.21397667,0,0,0
9.5,0,54.0,0,54.0,0,54.0,0,0.0,0,0.0,83089920.21710873,0,83089920.21710873,0,0,0
9.5,0,42.0,0,42.0,0,42.0,0,0.0,0,0.0,83128029.82069595,0,83128029.82069595,0,0,0
9.5,0,50.0,0,50.0,0,50.0,0,0.0,0,0.0699722266197204,83103105.15345225,0,83103105.15345225,0,0,0
9.5,0,54.06,0,54.006157894736845,0,54.12,0,0.0264745095267881,0,0.0,83064127.14822851,0,83064127.14822851,0,0,0
9.5,0,54.0,0,54.0,0,54.0,0,0.0,0,0.0,83089347.4570702,0,83089347.4570702,0,0,0
9.5,0,54.02,0,54.04195479314287,0,54.36,0,0.1091397497886228,0,9.5367431640625e-09,83076270.67466184,0,83076270.67466184,0,0,0
9.5,0,56.05,0,55.24722709587455,0,72.7,0,4.640795643890299,0,0.0201691818237304,83064237.43368277,0,83064237.43368277,0,0,0
9.5,0,54.0,0,54.0,0,54.0,0,0.0,0,0.0,83068295.37105235,0,83068295.37105235,0,0,0
9.5,0,54.12,0,54.157728758857246,0,55.8,0,0.4983084320097473,0,0.0281420493125915,83033379.18414636,0,83033379.18414636,0,0,0
9.5,0,42.0,0,42.0,0,42.0,0,0.0,0,0.0,83132290.34843764,0,83132290.34843764,0,0,0
9.5,0,43.53,0,45.92954167542984,0,57.3,0,4.429735939163183,0,0.0417891407012939,83127773.9527861,0,83127773.9527861,0,0,0
9.5,0,54.0,0,54.0,0,54.0,0,0.0,0,0.0,83093431.32877378,0,83093431.32877378,0,0,0
9.5,0,42.0,0,42.0,0,42.0,0,0.0,0,0.0,83128892.05586325,0,83128892.05586325,0,0,0
9.5,0,54.0,0,54.0,0,54.0,0,0.0,0,0.0,83094397.4068646,0,83094397.4068646,0,0,0
9.5,0,54.67,0,54.267760240060944,0,58.51,0,1.0636674793775662,0,0.0,83072483.4762007,0,83072483.4762007,0,0,0
9.5,0,54.0,0,54.0,0,54.0,0,0.0,0,0.0,83076966.6155302,0,83076966.6155302,0,0,0
9.5,0,42.0,0,42.0,0,42.0,0,0.0,0,0.0,83128999.376745,0,83128999.376745,0,0,0
9.5,0,42.18,0,42.37759313828587,0,45.24,0,0.982257748097606,0,0.0,83149638.35398835,0,83149638.35398835,0,0,0
9.5,0,42.0,0,42.0,0,42.0,0,0.0,0,0.0,83149500.47958624,0,83149500.47958624,0,0,0
9.5,0,42.0,0,42.0,0,42.0,0,0.0,0,0.0,83128174.67795071,0,83128174.67795071,0,0,0
9.5,0,54.0,0,54.0,0,54.0,0,0.0,0,0.0,83063971.65055002,0,83063971.65055002,0,0,0
9.5,0,42.0,0,42.0,0,42.0,0,0.0,0,0.0,83483222.85165897,0,83483222.85165897,0,0,0
9.5,0,42.18,0,42.104015216207934,0,43.62,0,0.395549420883765,0,0.0,83482358.84596205,0,83482358.84596205,0,0,0
9.5,0,42.0,0,42.0,0,42.0,0,0.0,0,0.0,83132144.87216066,0,83132144.87216066,0,0,0
9.5,0,54.0,0,54.0,0,54.0,0,0.0,0,0.0,83093209.41174607,0,83093209.41174607,0,0,0
9.5,0,54.0,0,54.0,0,54.0,0,0.0,0,0.0,83067514.96920367,0,83067514.96920367,0,0,0
9.5,0,54.0,0,54.0,0,54.0,0,0.0,0,0.0,83064124.25198026,0,83064124.25198026,0,0,0
9.5,0,42.0,0,42.0,0,42.0,0,0.0,0,0.0,83124004.79299422,0,83124004.79299422,0,0,0
9.5,0,42.0,0,42.0,0,42.0,0,0.0,0,0.0,83127719.19249485,0,83127719.19249485,0,0,0
9.5,0,54.67,0,56.41048557028628,0,67.4,0,3.991181617918867,0,0.0,83089966.74086607,0,83089966.74086607,0,0,0
9.5,0,50.0,0,50.0,0,50.0,0,0.0,0,0.0753312397003173,83098904.52721642,0,83098904.52721642,0,0,0
9.5,0,42.0,0,42.0,0,42.0,0,0.0,0,0.0,83483266.05885412,0,83483266.05885412,0,0,0
9.5,0,54.0,0,54.0,0,54.0,0,0.0,0,0.0,83076025.5619771,0,83076025.5619771,0,0,0
9.5,0,54.0,0,54.0,0,54.0,0,0.0,0,0.0,83093318.88681017,0,83093318.88681017,0,0,0
9.5,0,54.5,0,54.943776088978105,0,62.28,0,2.4849006544494143,0,0.0,83093994.81095451,0,83093994.81095451,0,0,0
9.5,0,50.0,0,50.0,0,50.0,0,0.0,0,0.1186578035354614,83098923.03969221,0,83098923.03969221,0,0,0
9.5,0,50.0,0,50.0,0,50.0,0,0.0,0,0.0187430691719055,83102391.32895538,0,83102391.32895538,0,0,0
9.5,0,42.0,0,42.0,0,42.0,0,0.0,0,0.0,83124054.37967274,0,83124054.37967274,0,0,0
9.5,0,51.78,0,52.4925956373348,0,70.1,0,6.164765858313417,0,0.1668797516822815,83102437.86135961,0,83102437.86135961,0,0,0
9.5,0,54.0,0,54.0,0,54.0,0,0.0,0,0.0,83088962.60668501,0,83088962.60668501,0,0,0
9.5,0,42.0,0,42.0,0,42.0,0,0.0,0,0.0,83127716.30828784,0,83127716.30828784,0,0,0
9.5,0,54.0,0,54.0,0,54.0,0,0.0,0,0.0,83076379.36484562,0,83076379.36484562,0,0,0
9.5,0,50.0,0,50.0,0,50.0,0,0.0,0,0.0766759324073791,83107448.93977575,0,83107448.93977575,0,0,0
9.5,0,54.0,0,54.0,0,54.0,0,0.0,0,0.0,83089793.52947071,0,83089793.52947071,0,0,0
9.5,0,54.0,0,54.0,0,54.0,0,0.0,0,0.0,83094095.31229448,0,83094095.31229448,0,0,0
9.5,0,54.0,0,54.0,0,54.0,0,0.0,0,0.0,83093302.2529964,0,83093302.2529964,0,0,0
9.5,0,54.2,0,54.719547931428735,0,58.0,0,1.1913974978862287,0,0.000375919342041,83088897.66434194,0,83088897.66434194,0,0,0
9.5,0,54.0,0,54.0,0,54.0,0,0.0,0,0.0,83072465.14186998,0,83072465.14186998,0,0,0
9.5,0,54.0,0,54.0,0,54.0,0,0.0,0,0.0,83089754.61842835,0,83089754.61842835,0,0,0
9.5,0,54.0,0,54.0,0,54.0,0,0.0,0,0.0,83033410.15146376,0,83033410.15146376,0,0,0
9.5,0,54.0,0,54.0,0,54.0,0,0.0,0,0.0,83072299.62185314,0,83072299.62185314,0,0,0
9.5,0,50.0,0,50.0,0,50.0,0,0.0,0,0.0904826116561889,83101941.78309609,0,83101941.78309609,0,0,0
9.5,0,42.0,0,42.0,0,42.0,0,0.0,0,0.0,83150690.91430148,0,83150690.91430148,0,0,0
9.5,0,42.0,0,42.0,0,42.0,0,0.0,0,0.0,83483255.48467101,0,83483255.48467101,0,0,0
9.5,0,42.0,0,42.0,0,42.0,0,0.0,0,0.0,83124630.40540856,0,83124630.40540856,0,0,0
9.5,0,42.0,0,42.0,0,42.0,0,0.0,0,0.0,83128884.88728552,0,83128884.88728552,0,0,0
9.5,0,54.2,0,54.20097650285731,0,56.6,0,0.6859930328772091,0,0.0,83067384.03488286,0,83067384.03488286,0,0,0
9.5,0,42.0,0,42.0,0,42.0,0,0.0,0,0.0,83149644.94044833,0,83149644.94044833,0,0,0
9.5,0,59.07,0,71.64054006171847,0,152.36,0,29.16546624371896,0,0.0,83094399.86353691,0,83094399.86353691,0,0,0
9.5,0,42.0,0,42.0,0,42.0,0,0.0,0,0.0,83149393.06680757,0,83149393.06680757,0,0,0
9.5,0,42.0,0,42.0,0,42.0,0,0.0,0,0.0,83129074.64955676,0,83129074.64955676,0,0,0
9.5,0,54.0,0,54.0,0,54.0,0,0.0,0,0.0,83067235.1412314,0,83067235.1412314,0,0,0
9.5,0,54.0,0,54.0,0,54.0,0,0.0,0,0.0,83089758.40877947,0,83089758.40877947,0,0,0
9.5,0,50.2,0,50.09890579578661,0,51.6,0,0.38422227669826,0,0.1117616009712219,83106966.19638246,0,83106966.19638246,0,0,0
9.5,0,54.0,0,54.0,0,54.0,0,0.0,0,0.0,83072465.59140272,0,83072465.59140272,0,0,0
9.5,0,54.2,0,54.11557246245327,0,55.8,0,0.4394993565375166,0,0.0315363216400146,83068407.36931276,0,83068407.36931276,0,0,0
9.5,0,54.0,0,54.0,0,54.0,0,0.0,0,0.0,83076120.19923058,0,83076120.19923058,0,0,0
9.5,0,42.0,0,42.0,0,42.0,0,0.0,0,0.0,83149634.9800338,0,83149634.9800338,0,0,0
9.5,0,54.31,0,54.26105723022247,0,57.59,0,0.9230376787237802,0,0.0002651691436767,83089804.0617774,0,83089804.0617774,0,0,0
9.5,0,50.0,0,50.0,0,50.0,0,0.0,0,0.0094783902168273,83106989.94759287,0,83106989.94759287,0,0,0
9.5,0,50.0,0,50.0,0,50.0,0,0.0,0,0.0667339515686035,83123489.29800236,0,83123489.29800236,0,0,0
9.5,0,50.0,0,50.0,0,50.0,0,0.0,0,0.2312945580482482,83102412.6594606,0,83102412.6594606,0,0,0
9.5,0,86.16,0,80.07766089294262,0,410.0,0,109.7183044013572,0,0.1231701374053955,83124629.54406518,0,83124629.54406518,0,0,0
9.5,0,42.0,0,42.0,0,42.0,0,0.0,0,0.0,83483224.57775265,0,83483224.57775265,0,0,0
9.5,0,42.48,0,43.24691503542896,0,51.12,0,2.8593539949269497,0,0.0002016186714172,83128111.51873471,0,83128111.51873471,0,0,0
9.5,0,54.0,0,54.0,0,54.0,0,0.0,0,0.0,83033411.69743171,0,83033411.69743171,0,0,0
9.5,0,191.13,0,219.44808381139848,0,620.27,0,169.03153960462726,0,0.424760525226593,83128059.39919306,0,83128059.39919306,0,0,0
9.5,0,54.43,0,54.45354454833093,0,56.71,0,0.7894331826922047,0,0.0041936469078063,83067240.45299113,0,83067240.45299113,0,0,0
9.5,0,54.0,0,54.0,0,54.0,0,0.0,0,0.0,83093124.79559098,0,83093124.79559098,0,0,0
9.5,0,55.63,0,54.0815,0,55.63,0,0.3552502638985648,0,0.0130902218818664,83089729.5889574,0,83089729.5889574,0,0,0
9.5,0,42.0,0,42.0,0,42.0,0,0.0,0,0.0,83128153.69421546,0,83128153.69421546,0,0,0
9.5,0,42.0,0,42.0,0,42.0,0,0.0,0,0.0,83150325.972318,0,83150325.972318,0,0,0
9.5,0,50.0,0,50.0,0,50.0,0,0.0,0,0.0631762290000915,83123822.77873455,0,83123822.77873455,0,0,0
9.5,0,42.0,0,42.0,0,42.0,0,0.0,0,0.0,83129067.45549828,0,83129067.45549828,0,0,0
9.5,0,54.12,0,54.09496468959317,0,54.78,0,0.2537927921823088,0,0.0,83067285.35550745,0,83067285.35550745,0,0,0
9.5,0,54.0,0,54.0,0,54.0,0,0.0,0,0.0,83072382.69441086,0,83072382.69441086,0,0,0
9.5,0,54.0,0,54.0,0,54.0,0,0.0,0,0.0,83076385.12887636,0,83076385.12887636,0,0,0
9.5,0,54.0,0,54.0,0,54.0,0,0.0,0,0.0,83068283.3520043,0,83068283.3520043,0,0,0
9.5,0,42.0,0,42.0,0,42.0,0,0.0,0,0.0,83149644.74010813,0,83149644.74010813,0,0,0
9.5,0,54.0,0,54.0,0,54.0,0,0.0,0,0.0,83090066.36854663,0,83090066.36854663,0,0,0
9.5,0,54.0,0,54.0,0,54.0,0,0.0,0,0.0,83067587.0496949,0,83067587.0496949,0,0,0
9.5,0,42.0,0,42.0,0,42.0,0,0.0,0,0.0,83124643.05670801,0,83124643.05670801,0,0,0
9.5,0,42.0,0,42.0,0,42.0,0,0.0,0,0.0,83132154.59248579,0,83132154.59248579,0,0,0
9.5,0,42.0,0,42.0,0,42.0,0,0.0,0,0.0,83132498.77645017,0,83132498.77645017,0,0,0
9.5,0,50.0,0,50.0,0,50.0,0,0.0,0,0.1876607084274292,83101889.8337141,0,83101889.8337141,0,0,0
9.5,0,50.0,0,50.0,0,50.0,0,0.0,0,0.1588698863983154,83103034.89543705,0,83103034.89543705,0,0,0
9.5,0,50.0,0,50.0,0,50.0,0,0.0,0,0.3450388789176941,83123579.31440671,0,83123579.31440671,0,0,0
9.5,0,54.0,0,54.0,0,54.0,0,0.0,0,0.0,83089749.49653745,0,83089749.49653745,0,0,0
9.5,0,54.36,0,54.75518627657172,0,60.48,0,1.9645154961952125,0,0.0140618109703063,83076452.04094647,0,83076452.04094647,0,0,0
9.5,0,54.04,0,54.070576252952414,0,54.68,0,0.1994233187456045,0,0.0,83067448.29975376,0,83067448.29975376,0,0,0
9.5,0,54.0,0,54.0,0,54.0,0,0.0,0,0.0,83034119.61271448,0,83034119.61271448,0,0,0
9.5,0,50.0,0,50.0,0,50.0,0,0.0,0,0.0445846080780029,83102272.643617,0,83102272.643617,0,0,0
9.5,0,50.0,0,50.0,0,50.0,0,0.0,0,0.0493278932571411,83102982.8483507,0,83102982.8483507,0,0,0
9.5,0,42.0,0,42.0,0,42.0,0,0.0,0,0.0,83149556.41548517,0,83149556.41548517,0,0,0
9.5,0,50.0,0,50.0,0,50.0,0,0.0,0,0.0479400277137756,83106508.91981693,0,83106508.91981693,0,0,0
9.5,0,42.0,0,42.0,0,42.0,0,0.0,0,0.0,83128609.09892905,0,83128609.09892905,0,0,0
9.5,0,54.0,0,54.0,0,54.0,0,0.0,0,0.0,83067359.19305216,0,83067359.19305216,0,0,0
9.5,0,50.1,0,50.041760590200994,0,50.7,0,0.1654642028480703,0,0.0701270151138305,83101921.34673412,0,83101921.34673412,0,0,0
9.5,0,54.0,0,54.0,0,54.0,0,0.0,0,0.0,83089747.02328575,0,83089747.02328575,0,0,0
9.5,0,42.0,0,42.0,0,42.0,0,0.0,0,0.0,83149510.30836521,0,83149510.30836521,0,0,0
9.5,0,50.27,0,50.027710526315786,0,50.54,0,0.1191352928705468,0,0.0929825258255004,83102980.88290632,0,83102980.88290632,0,0,0
9.5,0,50.16,0,50.03472170622635,0,50.64,0,0.1448955786782326,0,0.1341280722618103,83106429.55441369,0,83106429.55441369,0,0,0
9.5,0,42.0,0,42.0,0,42.0,0,0.0,0,0.0,83124540.50120233,0,83124540.50120233,0,0,0
9.5,0,50.0,0,50.0,0,50.0,0,0.0,0,0.1355754828453064,83102355.57273749,0,83102355.57273749,0,0,0
9.5,0,42.0,0,42.0,0,42.0,0,0.0,0,0.0,83124813.57991993,0,83124813.57991993,0,0,0
9.5,0,54.0,0,54.0,0,54.0,0,0.0,0,0.0,83093367.30947235,0,83093367.30947235,0,0,0
9.5,0,51.2,0,51.52514473142956,0,53.4,0,1.6401849116228695,0,0.0194545578956604,83102467.63628866,0,83102467.63628866,0,0,0
9.5,0,50.0,0,50.0,0,50.0,0,0.0,0,0.067637619972229,83101824.20990574,0,83101824.20990574,0,0,0
9.5,0,50.0,0,50.0,0,50.0,0,0.0,0,0.1445431566238403,83101829.5854846,0,83101829.5854846,0,0,0
9.5,0,50.0,0,50.0,0,50.0,0,0.0,0,0.2044720578193664,83106966.80403142,0,83106966.80403142,0,0,0
9.5,0,52.73,0,52.13846301612904,0,75.32,0,6.497137337745215,0,0.426988365650177,83102344.25462541,0,83102344.25462541,0,0,0
9.5,0,42.0,0,42.0,0,42.0,0,0.0,0,0.0,83132098.74375872,0,83132098.74375872,0,0,0
9.5,0,56.64,0,56.16253938184279,0,80.48,0,6.836057383788554,0,0.1664979767799377,83089109.4350754,0,83089109.4350754,0,0,0
9.5,0,54.0,0,54.0,0,54.0,0,0.0,0,0.0,83089272.10412647,0,83089272.10412647,0,0,0
9.5,0,68.4,0,91.407451062869,0,327.6,0,85.78061984780848,0,0.0053316092491149,83076258.2068181,0,83076258.2068181,0,0,0
9.5,0,54.99,0,53.15047088914697,0,86.19,0,8.864431820808521,0,0.2759307146072388,83123609.35817465,0,83123609.35817465,0,0,0
9.5,0,54.0,0,54.0,0,54.0,0,0.0,0,0.0,83067302.75679237,0,83067302.75679237,0,0,0
9.5,0,42.0,0,42.0,0,42.0,0,0.0,0,0.0,83124710.34772776,0,83124710.34772776,0,0,0
9.5,0,54.0,0,54.0,0,54.0,0,0.0,0,0.0,83034064.9368568,0,83034064.9368568,0,0,0
9.5,0,42.74,0,42.19558789129688,0,44.8,0,0.6592458470847776,0,0.0,83149985.52778527,0,83149985.52778527,0,0,0
9.5,0,42.81,0,43.22666912228638,0,54.96,0,3.687581916065793,0,0.000714259147644,83150061.63885182,0,83150061.63885182,0,0,0
9.5,0,42.0,0,42.0,0,42.0,0,0.0,0,0.0,83150690.18236223,0,83150690.18236223,0,0,0
9.5,0,54.06,0,54.078864379428616,0,54.9,0,0.2491542160048735,0,0.0,83063972.01835488,0,83063972.01835488,0,0,0
9.5,0,55.44,0,54.22445614035088,0,58.26,0,0.9514929932736038,0,0.0025340890884399,83067257.61636604,0,83067257.61636604,0,0,0
9.5,0,42.0,0,42.0,0,42.0,0,0.0,0,0.0,83123995.3115409,0,83123995.3115409,0,0,0
9.5,0,50.0,0,50.0,0,50.0,0,0.0,0,0.1364538288116455,83098516.79418975,0,83098516.79418975,0,0,0
9.5,0,42.0,0,42.0,0,42.0,0,0.0,0,0.0,83150125.17932563,0,83150125.17932563,0,0,0
9.5,0,54.06,0,54.01302063983488,0,54.24,0,0.0543358420043372,0,0.0,83089241.87557383,0,83089241.87557383,0,0,0
9.5,0,69.52,0,69.73256233601282,0,161.24,0,37.298780403838585,0,0.2588782501220703,83064223.67172618,0,83064223.67172618,0,0,0
9.5,0,50.0,0,50.0,0,50.0,0,0.0,0,0.0570004153251648,83098361.55424187,0,83098361.55424187,0,0,0
9.5,0,50.0,0,50.0,0,50.0,0,0.0,0,0.0864735054969787,83106324.0489801,0,83106324.0489801,0,0,0
9.5,0,42.0,0,42.0,0,42.0,0,0.0,0,0.0,83132130.96325952,0,83132130.96325952,0,0,0
9.5,0,42.0,0,42.0,0,42.0,0,0.0,0,0.0,83128798.6373659,0,83128798.6373659,0,0,0
9.5,0,55.34,0,57.09097114057253,0,72.68,0,5.428513192272574,0,0.0335350704193115,83077018.1791221,0,83077018.1791221,0,0,0
9.5,0,42.0,0,42.0,0,42.0,0,0.0,0,0.0,83132741.62365675,0,83132741.62365675,0,0,0
9.5,0,54.0,0,54.0,0,54.0,0,0.0,0,0.0,83072321.56750841,0,83072321.56750841,0,0,0
9.5,0,50.9,0,50.12681286549708,0,51.86,0,0.436036291630037,0,0.0847155523300171,83097683.66710633,0,83097683.66710633,0,0,0
9.5,0,50.0,0,50.0,0,50.0,0,0.0,0,0.2446927332878112,83106957.29591678,0,83106957.29591678,0,0,0
9.5,0,50.0,0,50.0,0,50.0,0,0.0,0,0.0141194176673889,83495201.29692717,0,83495201.29692717,0,0,0
9.5,0,50.0,0,50.0,0,50.0,0,0.0,0,0.1345004224777221,83106677.0276006,0,83106677.0276006,0,0,0
9.5,0,50.0,0,50.0,0,50.0,0,0.0,0,0.1542794895172119,83106607.78497572,0,83106607.78497572,0,0,0
9.5,0,107.52,0,151.61351322516492,0,615.96,0,165.24119200363486,0,4.74781955242157,83072017.58581507,0,83072017.58581507,0,0,0
9.5,0,42.18,0,42.02847368421053,0,42.54,0,0.1206545848365411,0,0.0,83124510.0425542,0,83124510.0425542,0,0,0
9.5,0,42.0,0,42.0,0,42.0,0,0.0,0,0.0,83124692.0185117,0,83124692.0185117,0,0,0
9.5,0,174.0,0,174.0,0,174.0,0,0.0,0,0.0,83064042.5437511,0,83064042.5437511,0,0,0
9.5,0,42.0,0,42.0,0,42.0,0,0.0,0,0.0,83124531.62544273,0,83124531.62544273,0,0,0
9.5,0,50.0,0,50.0,0,50.0,0,0.0,0,0.1585312700271606,83102468.7569617,0,83102468.7569617,0,0,0
9.5,0,54.0,0,54.0,0,54.0,0,0.0,0,0.0,83089234.08006306,0,83089234.08006306,0,0,0
9.5,0,50.0,0,50.0,0,50.0,0,0.0,0,0.0080030465126037,83106504.20698246,0,83106504.20698246,0,0,0
9.5,0,54.0,0,54.0,0,54.0,0,0.0,0,0.0,83089241.3037123,0,83089241.3037123,0,0,0
9.5,0,42.0,0,42.0,0,42.0,0,0.0,0,0.0,83128865.25147998,0,83128865.25147998,0,0,0
9.5,0,42.0,0,42.0,0,42.0,0,0.0,0,0.0,83483261.45555653,0,83483261.45555653,0,0,0
9.5,0,50.0,0,50.0,0,50.0,0,0.0,0,0.1696078014373779,83102225.2537567,0,83102225.2537567,0,0,0
9.5,0,54.0,0,54.0,0,54.0,0,0.0,0,0.0,83033934.1802474,0,83033934.1802474,0,0,0
9.5,0,54.0,0,54.0,0,54.0,0,0.0,0,0.0,83076371.65600574,0,83076371.65600574,0,0,0
9.5,0,50.32,0,50.051142758857935,0,50.96,0,0.2154942707496678,0,0.118608386516571,83123461.11834848,0,83123461.11834848,0,0,0
9.5,0,54.0,0,54.0,0,54.0,0,0.0,0,0.0,83495259.18548265,0,83495259.18548265,0,0,0
9.5,0,42.0,0,42.0,0,42.0,0,0.0,0,0.0,83129002.45031705,0,83129002.45031705,0,0,0
9.5,0,50.0,0,50.0,0,50.0,0,0.0,0,0.0178668403625488,83101822.28840677,0,83101822.28840677,0,0,0
9.5,0,54.0,0,54.0,0,54.0,0,0.0,0,0.0,83076124.52253109,0,83076124.52253109,0,0,0
9.5,0,54.0,0,54.0,0,54.0,0,0.0,0,0.0,83033934.95288093,0,83033934.95288093,0,0,0
9.5,0,54.0,0,54.0,0,54.0,0,0.0,0,0.0,83089817.39554884,0,83089817.39554884,0,0,0
9.5,0,42.0,0,42.0,0,42.0,0,0.0,0,0.0,83128639.27268414,0,83128639.27268414,0,0,0
9.5,0,50.16,0,50.04472170622636,0,50.8,0,0.1836254121403068,0,0.127247474193573,83106333.08931047,0,83106333.08931047,0,0,0
9.5,0,54.0,0,54.0,0,54.0,0,0.0,0,0.0,83067378.90833811,0,83067378.90833811,0,0,0
9.5,0,54.0,0,54.0,0,54.0,0,0.0,0,0.0,83094019.22632974,0,83094019.22632974,0,0,0
9.5,0,54.0,0,54.0,0,54.0,0,0.0,0,0.0,83088885.84365807,0,83088885.84365807,0,0,0
9.5,0,54.0,0,54.0,0,54.0,0,0.0,0,0.0,83072491.53276226,0,83072491.53276226,0,0,0
9.5,0,50.0,0,50.0,0,50.0,0,0.0,0,0.0748247170448303,83106328.0538857,0,83106328.0538857,0,0,0
9.5,0,42.0,0,42.0,0,42.0,0,0.0,0,0.0,83124130.68599623,0,83124130.68599623,0,0,0
9.5,0,54.0,0,54.0,0,54.0,0,0.0,0,0.0,83089753.65255956,0,83089753.65255956,0,0,0
9.5,0,42.0,0,42.0,0,42.0,0,0.0,0,0.0,83132497.84257805,0,83132497.84257805,0,0,0
9.5,0,54.0,0,54.0,0,54.0,0,0.0,0,0.0,83033401.19283243,0,83033401.19283243,0,0,0
9.5,0,42.0,0,42.0,0,42.0,0,0.0,0,0.0,83150279.61165999,0,83150279.61165999,0,0,0
9.5,0,50.0,0,50.0,0,50.0,0,0.0,0,0.0009144353866577,83107464.42737529,0,83107464.42737529,0,0,0
9.5,0,50.0,0,50.0,0,50.0,0,0.0,0,0.3137722110748291,83123735.77964392,0,83123735.77964392,0,0,0
9.5,0,54.0,0,54.0,0,54.0,0,0.0,0,0.0,83089112.38469483,0,83089112.38469483,0,0,0
9.5,0,51.54,0,54.00051907200126,0,79.26,0,9.17376073372396,0,0.0470738291740417,83487407.5147335,0,83487407.5147335,0,0,0
9.5,0,42.0,0,42.0,0,42.0,0,0.0,0,0.0,83124838.57796517,0,83124838.57796517,0,0,0
9.5,0,42.0,0,42.0,0,42.0,0,0.0,0,0.0,83128168.97292174,0,83128168.97292174,0,0,0
9.5,0,42.0,0,42.0,0,42.0,0,0.0,0,0.0,83149337.65474612,0,83149337.65474612,0,0,0
9.5,0,50.38,0,50.31013313320666,0,51.48,0,0.5297980346186028,0,0.1451990818977356,83098687.04226339,0,83098687.04226339,0,0,0
9.5,0,54.0,0,54.0,0,54.0,0,0.0,0,0.0,83075978.25645477,0,83075978.25645477,0,0,0
9.5,0,54.0,0,54.0,0,54.0,0,0.0,0,0.0,83090041.02717337,0,83090041.02717337,0,0,0
9.5,0,54.0,0,54.0,0,54.0,0,0.0,0,0.0,83067302.93605888,0,83067302.93605888,0,0,0
9.5,0,54.0,0,54.0,0,54.0,0,0.0,0,0.0,83072010.61658257,0,83072010.61658257,0,0,0
9.5,0,50.0,0,50.0,0,50.0,0,0.0,0,0.0646278238296508,83102450.11889213,0,83102450.11889213,0,0,0
9.5,0,42.12,0,42.01898245614035,0,42.36,0,0.0804363898910274,0,0.0005041313171386,83149380.97404264,0,83149380.97404264,0,0,0
9.5,0,54.0,0,54.0,0,54.0,0,0.0,0,0.0,83064130.13526703,0,83064130.13526703,0,0,0
9.5,0,42.0,0,42.0,0,42.0,0,0.0,0,0.0,83124536.99011269,0,83124536.99011269,0,0,0
9.5,0,42.0,0,42.0,0,42.0,0,0.0,0,0.0,83132129.6375444,0,83132129.6375444,0,0,0
9.5,0,42.0,0,42.0,0,42.0,0,0.0,0,0.0,83124639.15747982,0,83124639.15747982,0,0,0
9.5,0,50.0,0,50.0,0,50.0,0,0.0,0,0.1488928842544555,83106449.81704774,0,83106449.81704774,0,0,0
9.5,0,50.0,0,50.0,0,50.0,0,0.0,0,0.0045175075531005,83097599.18953414,0,83097599.18953414,0,0,0
9.5,0,42.0,0,42.0,0,42.0,0,0.0,0,0.0,83124414.36306244,0,83124414.36306244,0,0,0
9.5,0,50.0,0,50.0,0,50.0,0,0.0,0,0.1379517674446106,83106608.61298388,0,83106608.61298388,0,0,0
9.5,0,54.24,0,54.25831466057164,0,55.68,0,0.5978142736286725,0,0.0054928374290466,83093216.70381391,0,83093216.70381391,0,0,0
9.5,0,54.0,0,54.0,0,54.0,0,0.0,0,0.0,83076014.30459705,0,83076014.30459705,0,0,0
9.5,0,50.0,0,50.0,0,50.0,0,0.0,0,0.0948691964149475,83102873.57678725,0,83102873.57678725,0,0,0
9.5,0,42.0,0,42.0,0,42.0,0,0.0,0,0.0,83149700.20358068,0,83149700.20358068,0,0,0
9.5,0,42.0,0,42.0,0,42.0,0,0.0,0,0.0,83483259.16559228,0,83483259.16559228,0,0,0
9.5,0,42.0,0,42.0,0,42.0,0,0.0,0,0.0,83124133.27861628,0,83124133.27861628,0,0,0
9.5,0,42.0,0,42.0,0,42.0,0,0.0,0,0.0,83149403.68894917,0,83149403.68894917,0,0,0
9.5,0,42.0,0,42.0,0,42.0,0,0.0,0,0.0,83132744.0303348,0,83132744.0303348,0,0,0
9.5,0,42.0,0,42.0,0,42.0,0,0.0,0,0.0,83150268.41436917,0,83150268.41436917,0,0,0
9.5,0,54.0,0,54.0,0,54.0,0,0.0,0,0.0,83094088.26768562,0,83094088.26768562,0,0,0
9.5,0,54.2,0,54.22954793142873,0,56.8,0,0.7559784540995858,0,0.0,83094397.971607,0,83094397.971607,0,0,0
9.5,0,42.0,0,42.0,0,42.0,0,0.0,0,0.0,83127972.48476288,0,83127972.48476288,0,0,0
9.5,0,50.0,0,50.0,0,50.0,0,0.0,0,0.0333109736442565,83103041.89992858,0,83103041.89992858,0,0,0
9.5,0,54.0,0,54.0,0,54.0,0,0.0,0,0.0,83067529.03281353,0,83067529.03281353,0,0,0
9.5,0,50.0,0,50.0,0,50.0,0,0.0,0,0.0908884692192077,83106455.59943344,0,83106455.59943344,0,0,0
9.5,0,42.0,0,42.0,0,42.0,0,0.0,0,0.0,83150646.5378395,0,83150646.5378395,0,0,0
9.5,0,42.0,0,42.0,0,42.0,0,0.0,0,0.0,83132203.1492989,0,83132203.1492989,0,0,0
9.5,0,50.0,0,50.0,0,50.0,0,0.0,0,0.1134420323371887,83102993.13493022,0,83102993.13493022,0,0,0
9.5,0,58.99,0,57.8361693018454,0,108.89,0,13.897033084178334,0,0.0001840686798095,83088836.96436396,0,83088836.96436396,0,0,0
9.5,0,42.18,0,42.01847368421053,0,42.36,0,0.0794235285803645,0,0.0,83124159.00279623,0,83124159.00279623,0,0,0
9.5,0,42.0,0,42.0,0,42.0,0,0.0,0,0.0,83128618.39257726,0,83128618.39257726,0,0,0
9.5,0,54.0,0,53.920817460317465,0,54.94,0,0.7615880798272514,0,0.2485895729064941,83089195.64567056,0,83089195.64567056,0,0,0
9.5,0,54.0,0,54.0,0,54.0,0,0.0,0,0.0,83093204.4475488,0,83093204.4475488,0,0,0
9.5,0,54.0,0,54.0,0,54.0,0,0.0,0,0.0,83089123.30914164,0,83089123.30914164,0,0,0
9.5,0,42.0,0,42.0,0,42.0,0,0.0,0,0.0,83124413.96189743,0,83124413.96189743,0,0,0
9.5,0,42.0,0,42.0,0,42.0,0,0.0,0,0.0,83129062.66605689,0,83129062.66605689,0,0,0
9.5,0,54.0,0,54.0,0,54.0,0,0.0,0,0.0,83089198.35784128,0,83089198.35784128,0,0,0
9.5,0,54.0,0,54.0,0,54.0,0,0.0,0,0.0,83064148.43471295,0,83064148.43471295,0,0,0
9.5,0,54.2,0,54.17597650285731,0,56.4,0,0.6198492501005944,0,0.0,83088895.4625914,0,83088895.4625914,0,0,0
9.5,0,42.0,0,42.0,0,42.0,0,0.0,0,0.0,83149621.47949737,0,83149621.47949737,0,0,0
9.5,0,54.0,0,54.0,0,54.0,0,0.0,0,0.0,83067257.29635116,0,83067257.29635116,0,0,0
9.5,0,54.0,0,54.0,0,54.0,0,0.0,0,2.55213518857956,83094162.28218798,0,83094162.28218798,0,0,0
9.5,0,54.0,0,54.0,0,54.0,0,0.0,0,0.0,83089806.87533905,0,83089806.87533905,0,0,0
9.5,0,42.24,0,42.86345751771449,0,46.8,0,1.4296769974634749,0,0.0006127882003784,83124690.06503104,0,83124690.06503104,0,0,0
9.5,0,42.0,0,42.0,0,42.0,0,0.0,0,0.0,83128386.27991909,0,83128386.27991909,0,0,0
9.5,0,42.0,0,42.0,0,42.0,0,0.0,0,0.0,83149753.52422515,0,83149753.52422515,0,0,0
9.5,0,42.0,0,42.0,0,42.0,0,0.0,0,0.0,83127733.18786891,0,83127733.18786891,0,0,0
9.5,0,50.4,0,50.08680426556588,0,51.6,0,0.3622389466955816,0,0.0799202036857605,83106673.65492682,0,83106673.65492682,0,0,0
9.5,0,42.0,0,42.0,0,42.0,0,0.0,0,0.0,83482385.02480587,0,83482385.02480587,0,0,0
9.5,0,172.86,0,173.88299999999998,0,174.0,0,0.5030156810089755,0,0.0,83064055.7212378,0,83064055.7212378,0,0,0
9.5,0,50.0,0,50.0,0,50.0,0,0.0,0,0.2136720156669616,83123485.16377082,0,83123485.16377082,0,0,0
9.5,0,54.0,0,54.0,0,54.0,0,0.0,0,0.0,83088899.56315158,0,83088899.56315158,0,0,0
9.5,0,42.0,0,42.0,0,42.0,0,0.0,0,0.0,83127728.50764677,0,83127728.50764677,0,0,0
9.5,0,50.0,0,50.0,0,50.0,0,0.0,0,0.246761085987091,83106496.35254014,0,83106496.35254014,0,0,0
9.5,0,58.11,0,55.717019597920135,0,81.21,0,6.417753337517229,0,0.0092586469650268,83072087.92617294,0,83072087.92617294,0,0,0
9.5,0,50.92,0,50.5752696909214,0,54.8,0,1.5182975040063014,0,0.0799474596977233,83123889.56508419,0,83123889.56508419,0,0,0
9.5,0,54.0,0,54.0,0,54.0,0,0.0,0,0.0,83034054.59304,0,83034054.59304,0,0,0
9.5,0,54.2,0,54.11557246245327,0,55.8,0,0.4394993565375166,0,0.0011449408531188,83093162.89954334,0,83093162.89954334,0,0,0
9.5,0,42.0,0,42.0,0,42.0,0,0.0,0,0.0,83149631.58352828,0,83149631.58352828,0,0,0
9.5,0,54.0,0,54.0,0,54.0,0,0.0,0,0.0,83089730.97740358,0,83089730.97740358,0,0,0
9.5,0,42.0,0,42.0,0,42.0,0,0.0,0,0.0,83124443.38090168,0,83124443.38090168,0,0,0
9.5,0,42.63,0,42.302322487497015,0,46.08,0,0.9903598472402976,0,0.0783785510063171,83124811.13243991,0,83124811.13243991,0,0,0
9.5,0,50.0,0,50.0,0,50.0,0,0.0,0,0.1036491870880127,83106631.14003338,0,83106631.14003338,0,0,0
9.5,0,54.06,0,54.078864379428616,0,54.9,0,0.2491542160048736,0,0.0,83033413.97664154,0,83033413.97664154,0,0,0
9.5,0,54.0,0,54.0,0,54.0,0,0.0,0,0.0,83072056.37991698,0,83072056.37991698,0,0,0
9.5,0,42.0,0,42.0,0,42.0,0,0.0,0,0.0,83149501.5414798,0,83149501.5414798,0,0,0
9.5,0,50.0,0,50.0,0,50.0,0,0.0,0,0.020154321193695,83097689.66910686,0,83097689.66910686,0,0,0
9.5,0,50.0,0,50.0,0,50.0,0,0.0,0,0.0227067852020263,83097599.79321097,0,83097599.79321097,0,0,0
9.5,0,42.0,0,42.0,0,42.0,0,0.0,0,0.0,83124751.58768584,0,83124751.58768584,0,0,0
9.5,0,42.0,0,42.0,0,42.0,0,0.0,0,0.0,83150251.15328255,0,83150251.15328255,0,0,0
9.5,0,54.0,0,54.0,0,54.0,0,0.0,0,0.0,83067587.13223153,0,83067587.13223153,0,0,0
9.5,0,54.0,0,54.0,0,54.0,0,0.0,0,0.0,83076524.99408822,0,83076524.99408822,0,0,0
9.5,0,50.0,0,50.0,0,50.0,0,0.0,0,0.2931848788261413,83106366.54212171,0,83106366.54212171,0,0,0
9.5,0,44.59,0,42.56205761953905,0,52.36,0,2.345497179853892,0,0.0154686594009399,83150001.04487346,0,83150001.04487346,0,0,0
9.5,0,176.86,0,120.88099628072308,0,728.78,0,182.224948628288,0,1.658916473388672e-05,83128669.2621996,0,83128669.2621996,0,0,0
9.5,0,54.0,0,54.0,0,54.0,0,0.0,0,0.0,83072084.94008404,0,83072084.94008404,0,0,0
9.5,0,54.0,0,54.0,0,54.0,0,0.0,0,0.0,83088821.38046497,0,83088821.38046497,0,0,0
9.5,0,54.0,0,54.0,0,54.0,0,0.0,0,0.0,83072070.46343072,0,83072070.46343072,0,0,0
9.5,0,50.0,0,50.0,0,50.0,0,0.0,0,0.0889121055603027,83102999.6701779,0,83102999.6701779,0,0,0
9.5,0,50.0,0,50.0,0,50.0,0,0.0,0,0.099107928276062,83103006.31551826,0,83103006.31551826,0,0,0
9.5,0,42.0,0,42.0,0,42.0,0,0.0,0,0.0,83150253.48184949,0,83150253.48184949,0,0,0
9.5,0,50.0,0,50.0,0,50.0,0,0.0,0,0.0375787258148193,83106931.07565455,0,83106931.07565455,0,0,0
9.5,0,42.0,0,42.0,0,42.0,0,0.0,0,0.0,83124651.36615738,0,83124651.36615738,0,0,0
9.5,0,42.0,0,42.0,0,42.0,0,0.0,0,0.0,83150688.96061072,0,83150688.96061072,0,0,0
9.5,0,42.0,0,42.0,0,42.0,0,0.0,0,0.0,83132299.42214245,0,83132299.42214245,0,0,0
9.5,0,42.0,0,42.0,0,42.0,0,0.0,0,0.0,83123995.55224314,0,83123995.55224314,0,0,0
9.5,0,54.0,0,54.0,0,54.0,0,0.0,0,0.0,83089290.6759316,0,83089290.6759316,0,0,0
9.5,0,42.0,0,42.0,0,42.0,0,0.0,0,0.0,83124772.3341749,0,83124772.3341749,0,0,0
9.5,0,42.0,0,42.0,0,42.0,0,0.0,0,0.0,83132098.4232115,0,83132098.4232115,0,0,0
9.5,0,59.68,0,45.6450132868937,0,102.15,0,14.021835975758664,0,0.0301741099357604,83150052.56115474,0,83150052.56115474,0,0,0
9.5,0,54.0,0,54.0,0,54.0,0,0.0,0,0.0,83076926.690421,0,83076926.690421,0,0,0
9.5,0,54.06,0,54.02077063983487,0,54.36,0,0.0838261590997108,0,0.0,83067507.06963776,0,83067507.06963776,0,0,0
9.5,0,42.0,0,42.0,0,42.0,0,0.0,0,0.0,83128506.71306372,0,83128506.71306372,0,0,0
9.5,0,54.0,0,54.0,0,54.0,0,0.0,0,0.0,83076266.22679082,0,83076266.22679082,0,0,0
9.5,0,42.0,0,42.0,0,42.0,0,0.0,0,0.0,83483260.4343033,0,83483260.4343033,0,0,0
9.5,0,54.12,0,54.05472809285658,0,54.48,0,0.1518240980683923,0,0.0,83072475.20153922,0,83072475.20153922,0,0,0
9.5,0,50.68,0,50.16899442989072,0,52.64,0,0.6425705630314512,0,0.1230558991432189,83102267.44112036,0,83102267.44112036,0,0,0
9.5,0,54.0,0,54.0,0,54.0,0,0.0,0,0.0,83034072.99465853,0,83034072.99465853,0,0,0
9.5,0,54.0,0,54.0,0,54.0,0,0.0,0,0.0,83034015.13078497,0,83034015.13078497,0,0,0
9.5,0,54.0,0,54.0,0,54.0,0,0.0,0,0.0,83072301.48689784,0,83072301.48689784,0,0,0
9.5,0,54.0,0,54.0,0,54.0,0,0.0,0,0.0,83034147.86942226,0,83034147.86942226,0,0,0
9.5,0,50.58,0,50.984701266655605,0,55.22,0,1.903666346041169,0,0.2960289907455444,83097843.30858544,0,83097843.30858544,0,0,0
9.5,0,54.0,0,54.0,0,54.0,0,0.0,0,0.0,83089285.3747568,0,83089285.3747568,0,0,0
9.5,0,54.0,0,54.0,0,54.0,0,0.0,0,0.0,83033399.60323353,0,83033399.60323353,0,0,0
9.5,0,42.0,0,42.0,0,42.0,0,0.0,0,0.0,83149579.90000205,0,83149579.90000205,0,0,0
9.5,0,54.0,0,54.0,0,54.0,0,0.0,0,0.0,83089291.5045736,0,83089291.5045736,0,0,0
9.5,0,54.0,0,54.0,0,54.0,0,0.0,0,0.0,83093385.45630781,0,83093385.45630781,0,0,0
9.5,0,54.0,0,54.0,0,54.0,0,0.0,0,0.0,83075903.9284262,0,83075903.9284262,0,0,0
9.5,0,54.0,0,54.0,0,54.0,0,0.0,0,0.0,83037699.67435919,0,83037699.67435919,0,0,0
9.5,0,173.37,0,173.63594674327223,0,174.0,0,1.3844229730931774,0,0.0060136079788208,83064034.16299945,0,83064034.16299945,0,0,0
9.5,0,42.0,0,42.0,0,42.0,0,0.0,0,0.0,83483210.66878887,0,83483210.66878887,0,0,0
9.5,0,54.0,0,54.0,0,54.0,0,0.0,0,0.0,83093447.36682284,0,83093447.36682284,0,0,0
9.5,0,50.3,0,50.07135319917441,0,51.3,0,0.2958853559354826,0,0.1112079787254333,83106689.11870414,0,83106689.11870414,0,0,0
9.5,0,50.0,0,50.0,0,50.0,0,0.0,0,0.0050983905792236,83103100.05140918,0,83103100.05140918,0,0,0
9.5,0,42.0,0,42.0,0,42.0,0,0.0,0,0.0,83149996.35662836,0,83149996.35662836,0,0,0
9.5,0,42.0,0,42.0,0,42.0,0,0.0,0,0.0,83128873.68338893,0,83128873.68338893,0,0,0
9.5,0,54.0,0,54.0,0,54.0,0,0.0,0,0.0,83093967.11663803,0,83093967.11663803,0,0,0
9.5,0,42.0,0,42.0,0,42.0,0,0.0,0,0.0,83124835.92813487,0,83124835.92813487,0,0,0
9.5,0,50.0,0,50.0,0,50.0,0,0.0,0,0.0650116443634033,83097840.03281534,0,83097840.03281534,0,0,0
9.5,0,42.0,0,42.0,0,42.0,0,0.0,0,0.0,83149387.49836633,0,83149387.49836633,0,0,0
9.5,0,50.36,0,50.47318627657173,0,55.4,0,1.4949252960292414,0,0.0776400542259216,83123883.00582333,0,83123883.00582333,0,0,0
9.5,0,50.0,0,50.0,0,50.0,0,0.0,0,0.0638307929039001,83123512.82898517,0,83123512.82898517,0,0,0
9.5,0,54.0,0,54.0,0,54.0,0,0.0,0,0.0366379690170288,83090112.32367949,0,83090112.32367949,0,0,0
9.5,0,54.0,0,54.0,0,54.0,0,0.0,0,0.0,83093174.77491465,0,83093174.77491465,0,0,0
9.5,0,42.0,0,42.0,0,42.0,0,0.0,0,0.0,83150008.0344077,0,83150008.0344077,0,0,0
9.5,0,50.0,0,50.0,0,50.0,0,0.0,0,0.1190374279022216,83097620.03234334,0,83097620.03234334,0,0,0
9.5,0,55.76,0,56.31335512990621,0,80.4,0,7.308523669476292,0,0.0,83075977.75068976,0,83075977.75068976,0,0,0
9.5,0,42.0,0,42.0,0,42.0,0,0.0,0,0.0,83150336.99610363,0,83150336.99610363,0,0,0
9.5,0,50.0,0,50.0,0,50.0,0,0.0,0,0.0725887298583984,83123879.96385759,0,83123879.96385759,0,0,0
9.5,0,42.0,0,42.0,0,42.0,0,0.0,0,0.0,83483216.28016399,0,83483216.28016399,0,0,0
9.5,0,54.0,0,54.0,0,54.0,0,0.0,0,0.0,83033987.86371164,0,83033987.86371164,0,0,0
9.5,0,50.47,0,50.074347953216375,0,51.41,0,0.3150425270731908,0,0.3208332633972168,83098785.18620998,0,83098785.18620998,0,0,0
9.5,0,42.0,0,42.0,0,42.0,0,0.0,0,0.0,83128053.49026278,0,83128053.49026278,0,0,0
9.5,0,54.0,0,54.0,0,54.0,0,0.0,0,0.0,83067530.55488746,0,83067530.55488746,0,0,0
9.5,0,42.0,0,42.0,0,42.0,0,0.0,0,0.0,83123994.53992389,0,83123994.53992389,0,0,0
9.5,0,54.0,0,54.0,0,54.0,0,0.0,0,0.0,83089243.17810945,0,83089243.17810945,0,0,0
9.5,0,50.4,0,50.65576252952414,0,53.4,0,1.29558552603058,0,0.0971282029151916,83101881.86832747,0,83101881.86832747,0,0,0
9.5,0,42.0,0,42.0,0,42.0,0,0.0,0,0.0,83149619.09473686,0,83149619.09473686,0,0,0
9.5,0,54.79,0,55.08871432914352,0,59.74,0,1.7795968861289873,0,0.0007946181297302,83076498.42913356,0,83076498.42913356,0,0,0
9.5,0,54.0,0,54.0,0,54.0,0,0.0,0,0.0,83072363.21296619,0,83072363.21296619,0,0,0
9.5,0,54.0,0,54.0,0,54.0,0,0.0,0,0.0,83094405.92301013,0,83094405.92301013,0,0,0
9.5,0,42.0,0,42.0,0,42.0,0,0.0,0,0.0,83128510.170971,0,83128510.170971,0,0,0
9.5,0,42.0,0,42.0,0,42.0,0,0.0,0,0.0,83483258.47653624,0,83483258.47653624,0,0,0
9.5,0,56.69,0,61.62625871217705,0,98.17,0,12.979040196357714,0,0.003707537651062,83088893.47278973,0,83088893.47278973,0,0,0
9.5,0,50.0,0,50.0,0,50.0,0,0.0,0,0.2532105493545532,83106676.4338312,0,83106676.4338312,0,0,0
9.5,0,54.2,0,54.719547931428735,0,58.0,0,1.1913974978862287,0,0.0112996697425842,83072370.90118434,0,83072370.90118434,0,0,0
9.5,0,54.06,0,54.03467173873598,0,54.54,0,0.131849806961255,0,0.0,83088963.15023829,0,83088963.15023829,0,0,0
9.5,0,54.0,0,54.0,0,54.0,0,0.0,0,0.0,83088953.9788018,0,83088953.9788018,0,0,0
9.5,0,54.06,0,54.06886437942862,0,54.84,0,0.2267935362298757,0,0.0,83072251.40233998,0,83072251.40233998,0,0,0
9.5,0,54.0,0,54.0,0,54.0,0,0.0,0,0.0,83076265.67957215,0,83076265.67957215,0,0,0
9.5,0,42.0,0,42.0,0,42.0,0,0.0,0,0.0,83150265.34736247,0,83150265.34736247,0,0,0
9.5,0,42.0,0,42.0,0,42.0,0,0.0,0,0.0,83149500.74241629,0,83149500.74241629,0,0,0
9.5,0,42.56,0,42.23385930512556,0,45.92,0,0.926599535949194,0,0.0,83128799.2567803,0,83128799.2567803,0,0,0
9.5,0,54.0,0,54.0,0,54.0,0,0.0,0,0.0,83089706.38928524,0,83089706.38928524,0,0,0
9.5,0,44.65,0,44.2827733359262,0,51.67,0,3.1076681749218698,0,0.3973466634750366,83149345.0811602,0,83149345.0811602,0,0,0
9.5,0,57.3,0,55.10678995282324,0,69.9,0,3.703392763078055,0,0.0029643082618713,83093429.01397151,0,83093429.01397151,0,0,0
9.5,0,42.0,0,42.0,0,42.0,0,0.0,0,0.0,83150273.12483744,0,83150273.12483744,0,0,0
9.5,0,42.44,0,42.29425941739719,0,46.4,0,1.0933896907892715,0,8.2550048828125e-05,83124653.30714683,0,83124653.30714683,0,0,0
9.5,0,54.0,0,54.0,0,54.0,0,0.0,0,0.0,83067532.28527193,0,83067532.28527193,0,0,0
9.5,0,42.0,0,42.0,0,42.0,0,0.0,0,0.0,83128375.66372837,0,83128375.66372837,0,0,0
9.5,0,54.48,0,54.60891503542896,0,60.36,0,1.7426797772704463,0,0.0,83076523.86968301,0,83076523.86968301,0,0,0
9.5,0,50.0,0,50.0,0,50.0,0,0.0,0,0.3575883150100708,83106903.34467508,0,83106903.34467508,0,0,0
9.5,0,42.0,0,42.0,0,42.0,0,0.0,0,0.0,83150318.03830685,0,83150318.03830685,0,0,0
9.5,0,42.0,0,42.0,0,42.0,0,0.0,0,0.0,83124532.42358516,0,83124532.42358516,0,0,0
9.5,0,50.0,0,50.0,0,50.0,0,0.0,0,0.0679345107078552,83097844.9986574,0,83097844.9986574,0,0,0
9.5,0,42.0,0,42.0,0,42.0,0,0.0,0,0.0,83153722.64414886,0,83153722.64414886,0,0,0
9.5,0,54.0,0,54.0,0,54.0,0,0.0,0,0.0,83089991.4704945,0,83089991.4704945,0,0,0
9.5,0,54.0,0,54.0,0,54.0,0,0.0,0,0.0,83093482.6147677,0,83093482.6147677,0,0,0
9.5,0,50.1,0,50.15144063238104,0,51.6,0,0.4552570266747894,0,0.2038007593154907,83098535.28821263,0,83098535.28821263,0,0,0
9.5,0,42.0,0,42.0,0,42.0,0,0.0,0,0.0,83124835.04016584,0,83124835.04016584,0,0,0
9.5,0,54.0,0,54.0,0,54.0,0,0.0,0,0.0,83093293.5496466,0,83093293.5496466,0,0,0
9.5,0,54.0,0,54.0,0,54.0,0,0.0,0,0.0,83072461.88799396,0,83072461.88799396,0,0,0
9.5,0,54.0,0,54.0,0,54.0,0,0.0,0,0.0,83033987.3410163,0,83033987.3410163,0,0,0
9.5,0,54.44,0,54.57833878247655,0,60.6,0,1.827130917369073,0,0.0,83067250.19393353,0,83067250.19393353,0,0,0
9.5,0,54.16,0,54.282305011809655,0,56.72,0,0.797693274982418,0,0.0,83089863.04224022,0,83089863.04224022,0,0,0
9.5,0,50.0,0,50.0,0,50.0,0,0.0,0,0.1002666783332824,83097613.98430768,0,83097613.98430768,0,0,0
9.5,0,50.0,0,50.0,0,50.0,0,0.0,0,0.1327523231506347,83102332.45991099,0,83102332.45991099,0,0,0
9.5,0,50.8,0,50.69493963896441,0,56.0,0,1.7821535286022223,0,0.1259233355522155,83102275.65200256,0,83102275.65200256,0,0,0
9.5,0,42.0,0,42.0,0,42.0,0,0.0,0,0.0,83128368.10481216,0,83128368.10481216,0,0,0
9.5,0,42.0,0,42.0,0,42.0,0,0.0,0,0.0,83150035.9686873,0,83150035.9686873,0,0,0
9.5,0,42.18,0,42.02847368421053,0,42.54,0,0.1206545848365411,0,0.0,83149743.27451265,0,83149743.27451265,0,0,0
9.5,0,54.0,0,54.0,0,54.0,0,0.0,0,0.0,83067423.04224172,0,83067423.04224172,0,0,0
9.5,0,42.0,0,42.0,0,42.0,0,0.0,0,0.0,83128178.8636558,0,83128178.8636558,0,0,0
9.5,0,50.0,0,50.0,0,50.0,0,0.0,0,0.1089978551864624,83123485.18355301,0,83123485.18355301,0,0,0
9.5,0,54.0,0,54.0,0,54.0,0,0.0,0,0.0,83067570.22157994,0,83067570.22157994,0,0,0
9.5,0,42.0,0,42.0,0,42.0,0,0.0,0,0.0,83124689.84490965,0,83124689.84490965,0,0,0
9.5,0,42.0,0,42.0,0,42.0,0,0.0,0,0.0,83149559.13202295,0,83149559.13202295,0,0,0
9.5,0,42.0,0,42.0,0,42.0,0,0.0,0,0.0,83124822.12203743,0,83124822.12203743,0,0,0
9.5,0,52.98,0,53.91693084495484,0,94.7,0,12.374659394908722,0,0.1481415009498596,83097871.33983795,0,83097871.33983795,0,0,0
9.5,0,50.0,0,50.0,0,50.0,0,0.0,0,0.1734940481185913,83102449.9548271,0,83102449.9548271,0,0,0
9.5,0,42.0,0,42.0,0,42.0,0,0.0,0,0.0,83132065.6590948,0,83132065.6590948,0,0,0
9.5,0,42.0,0,42.0,0,42.0,0,0.0,0,0.0,83128053.07746658,0,83128053.07746658,0,0,0
9.5,0,42.0,0,42.0,0,42.0,0,0.0,0,0.0,83149488.31636928,0,83149488.31636928,0,0,0
9.5,0,50.0,0,50.0,0,50.0,0,0.0,0,0.0349903607368469,83106494.12402542,0,83106494.12402542,0,0,0
9.5,0,42.18,0,42.23659313828586,0,44.7,0,0.7474626480146207,0,0.0,83149493.38045146,0,83149493.38045146,0,0,0
9.5,0,42.0,0,42.0,0,42.0,0,0.0,0,0.0,83127976.96705697,0,83127976.96705697,0,0,0
9.5,0,54.0,0,54.0,0,54.0,0,0.0,0,0.0,83072001.3161248,0,83072001.3161248,0,0,0
9.5,0,42.0,0,42.0,0,42.0,0,0.0,0,0.0,83124000.038934,0,83124000.038934,0,0,0
9.5,0,50.0,0,50.0,0,50.0,0,0.0,0,0.0554549121856689,83106679.91617583,0,83106679.91617583,0,0,0
9.5,0,50.0,0,50.0,0,50.0,0,0.0,0,0.2654088497161865,83123749.19910385,0,83123749.19910385,0,0,0
9.5,0,54.0,0,54.0,0,54.0,0,0.0,0,0.0,83037246.85737757,0,83037246.85737757,0,0,0
9.5,0,54.44,0,54.1523180254558,0,56.64,0,0.6147251667312128,0,0.0,83037699.81410897,0,83037699.81410897,0,0,0
9.5,0,50.0,0,50.0,0,50.0,0,0.0,0,0.0908149790763855,83106490.71871156,0,83106490.71871156,0,0,0
9.5,0,42.0,0,42.0,0,42.0,0,0.0,0,0.0,83149623.98768976,0,83149623.98768976,0,0,0
9.5,0,50.65,0,50.984364110476726,0,60.4,0,2.959170673386131,0,0.0035005784034729,83102147.87459476,0,83102147.87459476,0,0,0
9.5,0,54.0,0,54.0,0,54.0,0,0.0,0,0.0,83068524.38360465,0,83068524.38360465,0,0,0
9.5,0,54.0,0,54.0,0,54.0,0,0.0,0,0.0,83093304.31621629,0,83093304.31621629,0,0,0
9.5,0,42.32,0,43.151276690285975,0,48.4,0,1.9062359966179665,0,0.0265516805648803,83124695.80623043,0,83124695.80623043,0,0,0
9.5,0,54.0,0,54.0,0,54.0,0,0.0,0,0.0,83067438.77358074,0,83067438.77358074,0,0,0
9.5,0,42.37,0,42.24744541917491,0,45.7,0,0.9194413308909783,0,0.0,83132199.11725383,0,83132199.11725383,0,0,0
9.5,0,42.0,0,42.0,0,42.0,0,0.0,0,0.0,83149410.43897763,0,83149410.43897763,0,0,0
9.5,0,42.0,0,42.0,0,42.0,0,0.0,0,0.0,83124525.88212664,0,83124525.88212664,0,0,0
9.5,0,54.0,0,54.0,0,54.0,0,0.0,0,0.0,83076182.39456697,0,83076182.39456697,0,0,0
9.5,0,54.0,0,54.0,0,54.0,0,0.0,0,0.0,83076427.56725746,0,83076427.56725746,0,0,0
9.5,0,50.1,0,50.13144063238104,0,51.5,0,0.4152570266747893,0,0.2737035322189331,83097602.90721516,0,83097602.90721516,0,0,0
9.5,0,54.0,0,54.0,0,54.0,0,0.0,0,0.0,83076265.28507216,0,83076265.28507216,0,0,0
9.5,0,50.0,0,50.0,0,50.0,0,0.0,0,0.1672713756561279,83097825.81263189,0,83097825.81263189,0,0,0
9.5,0,50.0,0,50.0,0,50.0,0,0.0,0,0.1359824442863464,83106685.34773682,0,83106685.34773682,0,0,0
9.5,0,42.0,0,42.0,0,42.0,0,0.0,0,0.0,83149571.6026071,0,83149571.6026071,0,0,0
9.5,0,42.36,0,42.12937885257157,0,43.98,0,0.4865258730874772,0,0.0,83128572.61791234,0,83128572.61791234,0,0,0
9.5,0,54.0,0,54.0,0,54.0,0,0.0,0,0.0,83093512.29969768,0,83093512.29969768,0,0,0
9.5,0,42.0,0,42.0,0,42.0,0,0.0,0,0.0,83482360.70875932,0,83482360.70875932,0,0,0
9.5,0,42.0,0,42.0,0,42.0,0,0.0,0,0.0,83153727.84660323,0,83153727.84660323,0,0,0
9.5,0,42.0,0,42.0,0,42.0,0,0.0,0,0.0,83150688.89220642,0,83150688.89220642,0,0,0
9.5,0,54.0,0,54.0,0,54.0,0,0.0,0,0.0,83034065.65302539,0,83034065.65302539,0,0,0
9.5,0,54.2,0,54.719547931428735,0,58.0,0,1.191397497886229,0,0.0238432812690734,83077020.41136232,0,83077020.41136232,0,0,0
9.5,0,54.12,0,54.01231578947369,0,54.24,0,0.0529490190535763,0,0.0,83068534.55969809,0,83068534.55969809,0,0,0
9.5,0,54.0,0,54.0,0,54.0,0,0.0,0,0.0,83034134.94909929,0,83034134.94909929,0,0,0
9.5,0,42.18,0,42.05031191950464,0,42.9,0,0.2065785886578451,0,0.0,83127782.12258738,0,83127782.12258738,0,0,0
9.5,0,54.0,0,54.0,0,54.0,0,0.0,0,0.0,83094100.13197069,0,83094100.13197069,0,0,0
9.5,0,42.0,0,42.0,0,42.0,0,0.0,0,0.0,83149820.30266218,0,83149820.30266218,0,0,0
9.5,0,42.0,0,42.0,0,42.0,0,0.0,0,0.0,83127973.0193182,0,83127973.0193182,0,0,0
9.5,0,50.0,0,50.0,0,50.0,0,0.0,0,0.2116508913040161,83123882.77857947,0,83123882.77857947,0,0,0
9.5,0,54.0,0,54.0,0,54.0,0,0.0,0,0.0,83072319.20601588,0,83072319.20601588,0,0,0
9.5,0,50.0,0,50.0,0,50.0,0,0.0,0,0.1585995364189148,83098896.39036089,0,83098896.39036089,0,0,0
9.5,0,42.0,0,42.0,0,42.0,0,0.0,0,0.0,83149816.4891818,0,83149816.4891818,0,0,0
9.5,0,174.0,0,174.0,0,174.0,0,0.0,0,0.0,83089452.93545444,0,83089452.93545444,0,0,0
9.5,0,42.0,0,42.0,0,42.0,0,0.0,0,0.0,83128166.49534531,0,83128166.49534531,0,0,0
9.5,0,54.36,0,54.08812383900929,0,55.6,0,0.3647448854880977,0,0.0,83072374.6019997,0,83072374.6019997,0,0,0
9.5,0,54.0,0,54.0,0,54.0,0,0.0,0,0.0,83089791.17972429,0,83089791.17972429,0,0,0
9.5,0,50.0,0,50.0,0,50.0,0,0.0,0,0.194963743686676,83101817.10553014,0,83101817.10553014,0,0,0
9.5,0,54.0,0,54.0,0,54.0,0,0.0,0,0.0,83064118.19348522,0,83064118.19348522,0,0,0
9.5,0,54.0,0,54.0,0,54.0,0,0.0,0,0.0,83071579.23210067,0,83071579.23210067,0,0,0
9.5,0,54.0,0,54.0,0,54.0,0,0.0,0,0.0,83037137.20917906,0,83037137.20917906,0,0,0
9.5,0,42.18,0,42.05031191950464,0,42.9,0,0.2065785886578451,0,0.0,83128548.31497014,0,83128548.31497014,0,0,0
9.5,0,42.18,0,42.23659313828586,0,44.7,0,0.7474626480146207,0,0.0,83149439.38124552,0,83149439.38124552,0,0,0
9.5,0,54.0,0,54.0,0,54.0,0,0.0,0,0.0,83093158.42183451,0,83093158.42183451,0,0,0
9.5,0,54.0,0,54.0,0,54.0,0,0.0,0,0.0,83093223.422204,0,83093223.422204,0,0,0
9.5,0,50.0,0,50.0,0,50.0,0,0.0,0,0.020227735042572,83098528.31301977,0,83098528.31301977,0,0,0
9.5,0,42.0,0,42.0,0,42.0,0,0.0,0,0.0,83149989.82604136,0,83149989.82604136,0,0,0
9.5,0,54.0,0,54.0,0,54.0,0,0.0,0,0.0,83093303.20606107,0,83093303.20606107,0,0,0
9.5,0,54.04,0,54.023114492490656,0,54.36,0,0.0878998713075033,0,0.0387609601020813,83072478.3912177,0,83072478.3912177,0,0,0
9.5,0,54.0,0,54.0,0,54.0,0,0.0,0,0.0,83089914.3216591,0,83089914.3216591,0,0,0
9.5,0,56.68,0,59.0269009097198,0,144.8,0,26.219687256091994,0,0.0854754972457885,83106971.00118537,0,83106971.00118537,0,0,0
9.5,0,50.0,0,50.0,0,50.0,0,0.0,0,0.2897376084327698,83102388.34967396,0,83102388.34967396,0,0,0
9.5,0,50.0,0,50.0,0,50.0,0,0.0,0,0.1762762475013733,83102334.60745119,0,83102334.60745119,0,0,0
9.5,0,54.0,0,54.0,0,54.0,0,0.0,0,0.0,83075956.60872667,0,83075956.60872667,0,0,0
9.5,0,54.0,0,54.0,0,54.0,0,0.0,0,0.0,83037123.03851396,0,83037123.03851396,0,0,0
9.5,0,42.0,0,42.0,0,42.0,0,0.0,0,0.0,83127986.18901005,0,83127986.18901005,0,0,0
9.5,0,54.0,0,54.0,0,54.0,0,0.0,0,0.0,83076025.00507912,0,83076025.00507912,0,0,0
9.5,0,54.0,0,54.0,0,54.0,0,0.0,0,0.0,83037252.00453693,0,83037252.00453693,0,0,0
9.5,0,42.0,0,42.0,0,42.0,0,0.0,0,0.0,83124886.60641403,0,83124886.60641403,0,0,0
9.5,0,50.0,0,50.0,0,50.0,0,0.0,0,0.1232799839973449,83101814.71245952,0,83101814.71245952,0,0,0
9.5,0,54.0,0,54.0,0,54.0,0,0.0,0,0.0,83067291.76264153,0,83067291.76264153,0,0,0
9.5,0,50.56,0,51.07274647351272,0,57.48,0,2.217145966613117,0,0.0780949831008911,83106931.9643009,0,83106931.9643009,0,0,0
9.5,0,91.28,0,57.2499649122807,0,186.08,0,30.55011812251344,0,0.1940752792358398,83106162.00183897,0,83106162.00183897,0,0,0
9.5,0,54.0,0,54.0,0,54.0,0,0.0,0,0.0,83076115.31387685,0,83076115.31387685,0,0,0
9.5,0,42.0,0,42.0,0,42.0,0,0.0,0,0.0,83129055.691402,0,83129055.691402,0,0,0
9.5,0,52.97,0,50.54990479876161,0,58.3,0,1.886967376074556,0,0.2275386238098144,83101920.92490523,0,83101920.92490523,0,0,0
9.5,0,54.0,0,54.0,0,54.0,0,0.0,0,0.0,83076246.6567916,0,83076246.6567916,0,0,0
9.5,0,42.0,0,42.0,0,42.0,0,0.0,0,0.0,83150267.69708683,0,83150267.69708683,0,0,0
9.5,0,42.0,0,42.0,0,42.0,0,0.0,0,0.0,83150316.52328323,0,83150316.52328323,0,0,0
9.5,0,50.0,0,50.0,0,50.0,0,0.0,0,0.0409556102752685,83123703.35763255,0,83123703.35763255,0,0,0
9.5,0,69.16,0,80.50839986896489,0,308.8,0,74.55942495007966,0,0.0,83076511.60609077,0,83076511.60609077,0,0,0
9.5,0,54.0,0,54.0,0,54.0,0,0.0,0,0.0,83094043.30720034,0,83094043.30720034,0,0,0
9.5,0,54.0,0,54.0,0,54.0,0,0.0,0,0.0,83089179.94173677,0,83089179.94173677,0,0,0
9.5,0,54.0,0,54.0,0,54.0,0,0.0,0,0.0,83076186.56619328,0,83076186.56619328,0,0,0
9.5,0,42.0,0,42.0,0,42.0,0,0.0,0,0.0,83150633.02156916,0,83150633.02156916,0,0,0
9.5,0,42.0,0,42.0,0,42.0,0,0.0,0,0.0,83132135.67103413,0,83132135.67103413,0,0,0
9.5,0,50.34,0,50.21829136798873,0,52.4,0,0.6260217115722027,0,0.1071386361122131,83123580.43164687,0,83123580.43164687,0,0,0
9.5,0,42.0,0,42.0,0,42.0,0,0.0,0,0.0,83128825.09244567,0,83128825.09244567,0,0,0
9.5,0,42.0,0,42.0,0,42.0,0,0.0,0,0.0,83128556.02927946,0,83128556.02927946,0,0,0
9.5,0,42.0,0,42.0,0,42.0,0,0.0,0,0.0,83124532.63806097,0,83124532.63806097,0,0,0
9.5,0,54.0,0,54.0,0,54.0,0,0.0,0,0.0,83067510.43997015,0,83067510.43997015,0,0,0
9.5,0,54.26,0,54.254770175215214,0,56.74,0,0.7416415260641287,0,0.0,83093437.01915698,0,83093437.01915698,0,0,0
9.5,0,50.0,0,50.0,0,50.0,0,0.0,0,0.0295776844024658,83103096.37934455,0,83103096.37934455,0,0,0
9.5,0,50.0,0,50.0,0,50.0,0,0.0,0,0.1873114895820617,83098378.4309886,0,83098378.4309886,0,0,0
9.5,0,50.72,0,50.1523424492604,0,51.44,0,0.4207135163809231,0,0.2193159222602844,83101927.30461143,0,83101927.30461143,0,0,0
9.5,0,54.0,0,54.0,0,54.0,0,0.0,0,0.0,83088955.4572721,0,83088955.4572721,0,0,0
9.5,0,54.32,0,54.13363388864318,0,56.24,0,0.5294854491138251,0,0.0001927804946899,83033817.69000773,0,83033817.69000773,0,0,0
9.5,0,54.0,0,54.0,0,54.0,0,0.0,0,0.0,83072249.14471298,0,83072249.14471298,0,0,0
9.5,0,42.0,0,42.0,0,42.0,0,0.0,0,0.0,83149483.16431503,0,83149483.16431503,0,0,0
9.5,0,42.0,0,42.0,0,42.0,0,0.0,0,0.0,83150056.78486855,0,83150056.78486855,0,0,0
9.5,0,54.0,0,54.0,0,54.0,0,0.0,0,0.0,83089693.28067333,0,83089693.28067333,0,0,0
9.5,0,42.0,0,42.0,0,42.0,0,0.0,0,0.0,83132736.56121199,0,83132736.56121199,0,0,0
9.5,0,54.06,0,54.02967173873598,0,54.48,0,0.115266683009478,0,0.0,83075961.49668156,0,83075961.49668156,0,0,0
9.5,0,50.0,0,50.0,0,50.0,0,0.0,0,0.0875287055969238,83106700.4419529,0,83106700.4419529,0,0,0
9.5,0,54.6,0,54.52792950857192,0,61.2,0,1.859547750301784,0,0.0024045300483703,83034124.8599154,0,83034124.8599154,0,0,0
9.5,0,50.0,0,50.0,0,50.0,0,0.0,0,0.0548818445205688,83103092.0348654,0,83103092.0348654,0,0,0
9.5,0,42.0,0,42.0,0,42.0,0,0.0,0,0.0,83128829.31527106,0,83128829.31527106,0,0,0
9.5,0,42.0,0,42.0,0,42.0,0,0.0,0,0.0,83128981.03767973,0,83128981.03767973,0,0,0
9.5,0,43.72,0,43.51339792457286,0,62.64,0,5.330703550865112,0,0.0,83483212.81020384,0,83483212.81020384,0,0,0
9.5,0,54.0,0,54.0,0,54.0,0,0.0,0,0.0,83034068.30719198,0,83034068.30719198,0,0,0
9.5,0,50.0,0,50.0,0,50.0,0,0.0,0,0.023075315952301,83098541.20940346,0,83098541.20940346,0,0,0
9.5,0,54.06,0,54.003,0,54.06,0,0.013076696830622,0,0.0,83089797.30886124,0,83089797.30886124,0,0,0
9.5,0,54.0,0,54.0,0,54.0,0,0.0,0,0.0,83089957.25574893,0,83089957.25574893,0,0,0
9.5,0,50.0,0,50.0,0,50.0,0,0.0,0,0.0779342126846313,83123819.58379705,0,83123819.58379705,0,0,0
9.5,0,42.0,0,42.0,0,42.0,0,0.0,0,0.0,83128828.79661685,0,83128828.79661685,0,0,0
9.5,0,42.0,0,42.0,0,42.0,0,0.0,0,0.0,83149451.22644506,0,83149451.22644506,0,0,0
9.5,0,44.16,0,43.17328748960019,0,60.36,0,4.470788086332828,0,0.0013163781166076,83149812.07216826,0,83149812.07216826,0,0,0
9.5,0,42.0,0,42.0,0,42.0,0,0.0,0,0.0,83128745.92718472,0,83128745.92718472,0,0,0
9.5,0,54.0,0,54.0,0,54.0,0,0.0,0,0.0,83037257.96736163,0,83037257.96736163,0,0,0
9.5,0,42.0,0,42.0,0,42.0,0,0.0,0,0.0,83128999.09673382,0,83128999.09673382,0,0,0
9.5,0,54.2,0,54.30288126476207,0,57.2,0,0.9105140533495788,0,0.0093481302261352,83037692.22902119,0,83037692.22902119,0,0,0
9.5,0,54.0,0,54.0,0,54.0,0,0.0,0,0.0,83089804.00671846,0,83089804.00671846,0,0,0
9.5,0,54.0,0,54.0,0,54.0,0,0.0,0,0.0,83089687.33844414,0,83089687.33844414,0,0,0
9.5,0,42.0,0,42.0,0,42.0,0,0.0,0,0.0,83129000.03759319,0,83129000.03759319,0,0,0
9.5,0,50.0,0,50.0,0,50.0,0,0.0,0,0.1362985491752624,83102219.40040095,0,83102219.40040095,0,0,0
9.5,0,54.0,0,54.0,0,54.0,0,0.0,0,0.0,83064231.72886752,0,83064231.72886752,0,0,0
9.5,0,42.0,0,42.0,0,42.0,0,0.0,0,0.0,83132087.9043333,0,83132087.9043333,0,0,0
9.5,0,54.0,0,54.0,0,54.0,0,0.0,0,0.0,83033811.66443302,0,83033811.66443302,0,0,0
9.5,0,42.0,0,42.0,0,42.0,0,0.0,0,0.0,83149745.64047392,0,83149745.64047392,0,0,0
9.5,0,54.0,0,54.0,0,54.0,0,0.0,0,0.0,83034047.63644016,0,83034047.63644016,0,0,0
9.5,0,42.0,0,42.0,0,42.0,0,0.0,0,0.0,83150191.01471987,0,83150191.01471987,0,0,0
9.5,0,42.0,0,42.0,0,42.0,0,0.0,0,0.0,83149387.21095544,0,83149387.21095544,0,0,0
9.5,0,50.0,0,50.0,0,50.0,0,0.0,0,0.2454620575904846,83103090.29358774,0,83103090.29358774,0,0,0
9.5,0,42.36,0,42.21994077207621,0,44.34,0,0.6781894961175406,0,0.0,83128364.3775875,0,83128364.3775875,0,0,0
9.5,0,52.72,0,53.57518520076415,0,90.8,0,11.29499112555427,0,0.0764749383926391,83107452.82518162,0,83107452.82518162,0,0,0
9.5,0,42.0,0,42.0,0,42.0,0,0.0,0,0.0,83150266.73895755,0,83150266.73895755,0,0,0
9.5,0,42.0,0,42.0,0,42.0,0,0.0,0,0.0,83153709.65381573,0,83153709.65381573,0,0,0
9.5,0,50.0,0,50.0,0,50.0,0,0.0,0,0.0748008608818054,83097599.28800632,0,83097599.28800632,0,0,0
9.5,0,54.0,0,54.0,0,54.0,0,0.0,0,0.0,83034042.02494708,0,83034042.02494708,0,0,0
9.5,0,54.0,0,54.0,0,54.0,0,0.0,0,0.0,83033922.76281159,0,83033922.76281159,0,0,0
9.5,0,50.0,0,50.0,0,50.0,0,0.0,0,0.0592443823814392,83098747.57700048,0,83098747.57700048,0,0,0
9.5,0,54.0,0,54.0,0,54.0,0,0.0,0,0.0,83034001.836524,0,83034001.836524,0,0,0
9.5,0,42.0,0,42.0,0,42.0,0,0.0,0,0.0,83128973.67398316,0,83128973.67398316,0,0,0
9.5,0,54.5,0,55.35886982857184,0,62.42,0,2.557893951011536,0,0.0,83094103.89571528,0,83094103.89571528,0,0,0
9.5,0,50.0,0,50.0,0,50.0,0,0.0,0,0.0230595803260803,83098546.20527452,0,83098546.20527452,0,0,0
9.5,0,42.0,0,42.0,0,42.0,0,0.0,0,0.0,83129073.49096428,0,83129073.49096428,0,0,0
9.5,0,54.0,0,54.0,0,54.0,0,0.0,0,0.0,83076270.14832641,0,83076270.14832641,0,0,0
9.5,0,54.0,0,54.0,0,54.0,0,0.0,0,0.0,83089299.06909321,0,83089299.06909321,0,0,0
9.5,0,54.0,0,54.0,0,54.0,0,0.0,0,0.0,83093411.2754846,0,83093411.2754846,0,0,0
9.5,0,54.0,0,54.0,0,54.0,0,0.0,0,0.0,83072059.6196605,0,83072059.6196605,0,0,0
9.5,0,55.76,0,56.66535512990621,0,82.16,0,8.012523669476293,0,0.0,83037687.38223869,0,83037687.38223869,0,0,0
9.5,0,54.0,0,54.0,0,54.0,0,0.0,0,0.0,83089684.36145937,0,83089684.36145937,0,0,0
9.5,0,42.36,0,42.150338124723575,0,44.52,0,0.5956711302530533,0,0.0220782303810119,83150624.40827708,0,83150624.40827708,0,0,0
9.5,0,54.36,0,54.20803043241588,0,57.24,0,0.7910988417675299,0,0.0,83093451.22921818,0,83093451.22921818,0,0,0
9.5,0,42.18,0,42.23659313828586,0,44.7,0,0.7474626480146207,0,0.0,83128363.2750004,0,83128363.2750004,0,0,0
9.5,0,64.8,0,76.1665469257265,0,299.04,0,72.95998006743113,0,0.1096352815628051,83106610.98032312,0,83106610.98032312,0,0,0
9.5,0,54.0,0,54.0,0,54.0,0,0.0,0,0.0,83033414.89327697,0,83033414.89327697,0,0,0
9.5,0,54.44,0,54.25425941739719,0,57.96,0,0.9668985843825368,0,5.474256963729858,83090080.54532507,0,83090080.54532507,0,0,0
9.5,0,50.24,0,50.27545751771448,0,53.36,0,0.9071741449195032,0,0.1274487614631652,83123883.74839361,0,83123883.74839361,0,0,0
9.5,0,54.0,0,54.0,0,54.0,0,0.0,0,0.0,83089124.89780061,0,83089124.89780061,0,0,0
9.5,0,42.16,0,42.02530994152046,0,42.48,0,0.1072485198547032,0,0.0,83128673.64606573,0,83128673.64606573,0,0,0
9.5,0,50.0,0,50.0,0,50.0,0,0.0,0,0.0923580002784729,83102806.42108639,0,83102806.42108639,0,0,0
9.5,0,54.0,0,54.0,0,54.0,0,0.0,0,0.0,83075906.55979025,0,83075906.55979025,0,0,0
9.5,0,54.0,0,54.0,0,54.0,0,0.0,0,0.0,83487478.13378745,0,83487478.13378745,0,0,0
9.5,0,54.0,0,54.0,0,54.0,0,0.0,0,0.0,83089069.80196539,0,83089069.80196539,0,0,0
9.5,0,50.0,0,50.0,0,50.0,0,0.0,0,0.0072087478637695,83123630.51538737,0,83123630.51538737,0,0,0
9.5,0,42.0,0,42.0,0,42.0,0,0.0,0,0.0,83127800.07727505,0,83127800.07727505,0,0,0
9.5,0,42.0,0,42.0,0,42.0,0,0.0,0,0.0,83150122.06277229,0,83150122.06277229,0,0,0
9.5,0,44.53,0,45.31518251472471,0,76.1,0,9.70685585390709,0,0.0,83132136.79110213,0,83132136.79110213,0,0,0
9.5,0,54.12,0,54.14772875885725,0,54.9,0,0.3273774273097787,0,0.0,83089984.91250025,0,83089984.91250025,0,0,0
9.5,0,54.06,0,54.025056354120586,0,54.42,0,0.0992785217088422,0,0.0,83093218.2236545,0,83093218.2236545,0,0,0
9.5,0,42.0,0,42.0,0,42.0,0,0.0,0,0.0,83132292.9178248,0,83132292.9178248,0,0,0
9.5,0,50.0,0,50.0,0,50.0,0,0.0,0,0.1153560972213745,83106704.4473577,0,83106704.4473577,0,0,0
9.5,0,50.0,0,50.0,0,50.0,0,0.0,0,0.0875527548789978,83106611.31132224,0,83106611.31132224,0,0,0
9.5,0,50.0,0,50.0,0,50.0,0,0.0,0,0.146606388092041,83097631.85455759,0,83097631.85455759,0,0,0
9.5,0,42.0,0,42.0,0,42.0,0,0.0,0,0.0,83124814.38168487,0,83124814.38168487,0,0,0
9.5,0,75.57,0,80.02041107125588,0,265.37,0,60.77922668061407,0,0.1033339977264404,83076495.68568735,0,83076495.68568735,0,0,0
9.5,0,54.0,0,54.0,0,54.0,0,0.0,0,0.0,83037238.98141195,0,83037238.98141195,0,0,0
9.5,0,50.0,0,50.0,0,50.0,0,0.0,0,0.0596102404594421,83123765.57102522,0,83123765.57102522,0,0,0
9.5,0,50.1,0,50.15144063238104,0,51.6,0,0.4552570266747894,0,0.2351385998725891,83107454.68231279,0,83107454.68231279,0,0,0
9.5,0,50.0,0,50.0,0,50.0,0,0.0,0,0.0985376214981079,83106482.48142914,0,83106482.48142914,0,0,0
9.5,0,54.44,0,54.18374659688437,0,57.08,0,0.7280424925315095,0,0.0,83089078.68274398,0,83089078.68274398,0,0,0
9.5,0,54.0,0,54.0,0,54.0,0,0.0,0,0.0,83089224.06627403,0,83089224.06627403,0,0,0
9.5,0,42.0,0,42.0,0,42.0,0,0.0,0,0.0,83483263.2603026,0,83483263.2603026,0,0,0
9.5,0,54.0,0,54.0,0,54.0,0,0.0,0,0.0,83093451.67684393,0,83093451.67684393,0,0,0
9.5,0,50.0,0,50.0,0,50.0,0,0.0,0,0.0352489328384399,83106685.41819869,0,83106685.41819869,0,0,0
9.5,0,50.2,0,50.20097650285731,0,52.6,0,0.6859930328772093,0,0.0326498866081237,83102450.48940612,0,83102450.48940612,0,0,0
9.5,0,50.97,0,50.33579201066393,0,55.82,0,1.3551895721119918,0,0.1109380102157592,83106485.88234375,0,83106485.88234375,0,0,0
9.5,0,50.0,0,50.0,0,50.0,0,0.0,0,0.0335353875160217,83106435.32425892,0,83106435.32425892,0,0,0
9.5,0,50.0,0,50.0,0,50.0,0,0.0,0,0.0087119555473327,83106322.65143102,0,83106322.65143102,0,0,0
9.5,0,42.0,0,42.0,0,42.0,0,0.0,0,0.0,83124637.44499356,0,83124637.44499356,0,0,0
9.5,0,54.0,0,54.0,0,54.0,0,0.0,0,0.0,83090106.89222375,0,83090106.89222375,0,0,0
9.5,0,56.99,0,56.57438840025643,0,88.7,0,8.983978784853871,0,0.1481723666191101,83093275.30536926,0,83093275.30536926,0,0,0
9.5,0,54.0,0,54.0,0,54.0,0,0.0,0,0.0004511070251464,83093298.80638558,0,83093298.80638558,0,0,0
9.5,0,54.0,0,54.0,0,54.0,0,0.0,0,0.0,83033926.8308434,0,83033926.8308434,0,0,0
9.5,0,50.0,0,50.0,0,50.0,0,0.0,0,0.0543682765960693,83102471.96848267,0,83102471.96848267,0,0,0
9.5,0,54.0,0,54.0,0,54.0,0,0.0,0,0.0,83068409.84480959,0,83068409.84480959,0,0,0
9.5,0,54.0,0,54.0,0,54.0,0,0.0,0,0.0,83075969.28266084,0,83075969.28266084,0,0,0
9.5,0,54.0,0,54.0,0,54.0,0,0.0,0,0.0,83093295.53241351,0,83093295.53241351,0,0,0
9.5,0,54.0,0,54.0,0,54.0,0,0.0,0,0.0,83037115.92856258,0,83037115.92856258,0,0,0
9.5,0,54.0,0,54.0,0,54.0,0,0.0,0,0.0,83076374.32373954,0,83076374.32373954,0,0,0
9.5,0,54.06,0,54.12586437942862,0,55.08,0,0.3274192493658687,0,0.0,83077022.52174139,0,83077022.52174139,0,0,0
9.5,0,58.11,0,54.65054127966977,0,65.73,0,2.616934902638685,0,0.0037496852874755,83089300.9841305,0,83089300.9841305,0,0,0
9.5,0,54.0,0,54.0,0,54.0,0,0.0,0,0.0,83067524.7182659,0,83067524.7182659,0,0,0
9.5,0,54.0,0,54.0,0,54.0,0,0.0,0,0.0,83090152.95266886,0,83090152.95266886,0,0,0
9.5,0,54.0,0,54.0,0,54.0,0,0.0,0,0.0,83089875.25289886,0,83089875.25289886,0,0,0
9.5,0,50.0,0,50.0,0,50.0,0,0.0,0,0.0138225984573364,83123860.50584629,0,83123860.50584629,0,0,0
9.5,0,55.76,0,55.548593225144295,0,75.12,0,5.4546734008852304,0,0.0,83093249.24766032,0,83093249.24766032,0,0,0
9.5,0,54.0,0,54.0,0,54.0,0,0.0,0,0.0,83072470.6189099,0,83072470.6189099,0,0,0
9.5,0,42.0,0,42.0,0,42.0,0,0.0,0,0.0,83128766.34696805,0,83128766.34696805,0,0,0
9.5,0,50.0,0,50.0,0,50.0,0,0.0,0,0.1735152220726013,83101809.45298032,0,83101809.45298032,0,0,0
9.5,0,54.3,0,54.26088811523874,0,55.44,0,0.4483744582345915,0,0.0311882019042968,83093389.47863035,0,83093389.47863035,0,0,0
9.5,0,42.0,0,42.0,0,42.0,0,0.0,0,0.0,83150188.0573813,0,83150188.0573813,0,0,0
9.5,0,42.0,0,42.0,0,42.0,0,0.0,0,0.0,83150247.40113631,0,83150247.40113631,0,0,0
9.5,0,42.0,0,42.0,0,42.0,0,0.0,0,0.0,83149378.78473458,0,83149378.78473458,0,0,0
9.5,0,54.0,0,54.0,0,54.0,0,0.0,0,0.0,83094087.02085082,0,83094087.02085082,0,0,0
9.5,0,56.7,0,56.209271810662685,0,78.94,0,6.273662507088061,0,0.0119976186752319,83088911.42305815,0,83088911.42305815,0,0,0
9.5,0,54.0,0,54.0,0,54.0,0,0.0,0,0.0,83093456.64518239,0,83093456.64518239,0,0,0
9.5,0,56.2,0,56.36770639834881,0,56.4,0,0.0711049741793834,0,0.0,83089127.2665518,0,83089127.2665518,0,0,0
9.5,0,54.0,0,54.0,0,54.0,0,0.0,0,0.0,83072071.4011182,0,83072071.4011182,0,0,0
9.5,0,54.0,0,54.0,0,54.0,0,0.0,0,0.0,83033914.14496373,0,83033914.14496373,0,0,0
9.5,0,51.3,0,52.268728220953456,0,70.4,0,5.948028245634514,0,0.2848367810249329,83123581.45256089,0,83123581.45256089,0,0,0
9.5,0,50.0,0,50.0,0,50.0,0,0.0,0,0.0150398278236389,83106924.09020516,0,83106924.09020516,0,0,0
9.5,0,42.0,0,42.0,0,42.0,0,0.0,0,0.0,83150259.82063739,0,83150259.82063739,0,0,0
9.5,0,42.0,0,42.0,0,42.0,0,0.0,0,0.0,83128102.71477337,0,83128102.71477337,0,0,0
9.5,0,42.0,0,42.0,0,42.0,0,0.0,0,0.0,83124883.11365126,0,83124883.11365126,0,0,0
9.5,0,50.0,0,50.0,0,50.0,0,0.0,0,0.0483776831626892,83123764.46800762,0,83123764.46800762,0,0,0
9.5,0,50.0,0,50.0,0,50.0,0,0.0,0,0.0059191918373107,83098633.10238174,0,83098633.10238174,0,0,0
9.5,0,42.0,0,42.0,0,42.0,0,0.0,0,0.0,83128813.68462943,0,83128813.68462943,0,0,0
9.5,0,51.41,0,52.74114624990592,0,55.87,0,1.7007284616426372,0,0.1689881610870361,83106695.46765697,0,83106695.46765697,0,0,0
9.5,0,54.0,0,54.0,0,54.0,0,0.0,0,0.0,83094106.01191206,0,83094106.01191206,0,0,0
9.5,0,54.0,0,54.0,0,54.0,0,0.0,0,0.0,83075922.75751302,0,83075922.75751302,0,0,0
9.5,0,54.0,0,54.0,0,54.0,0,0.0,0,0.0,83089795.81855509,0,83089795.81855509,0,0,0
9.5,0,54.0,0,54.0,0,54.0,0,0.0,0,0.0,83075897.7672692,0,83075897.7672692,0,0,0
9.5,0,42.0,0,42.0,0,42.0,0,0.0,0,0.0,83149675.73507492,0,83149675.73507492,0,0,0
9.5,0,42.0,0,42.0,0,42.0,0,0.0,0,0.0,83149984.4905489,0,83149984.4905489,0,0,0
9.5,0,42.0,0,42.0,0,42.0,0,0.0,0,0.0,83127728.48726773,0,83127728.48726773,0,0,0
9.5,0,241.41,0,244.2815834325204,0,678.05,0,232.49975032061923,0,1.1674295592308044,83072256.52555321,0,83072256.52555321,0,0,0
9.5,0,54.0,0,54.0,0,54.0,0,0.0,0,0.0,83093451.90966004,0,83093451.90966004,0,0,0
9.5,0,54.69,0,54.79194036342913,0,63.66,0,2.608125666643572,0,0.0,83094141.72581388,0,83094141.72581388,0,0,0
9.5,0,50.0,0,50.0,0,50.0,0,0.0,0,0.1291549777984619,83102344.78891534,0,83102344.78891534,0,0,0
9.5,0,54.35,0,54.38733572864184,0,58.47,0,1.2307198868836773,0,0.0,83071566.80099438,0,83071566.80099438,0,0,0
9.5,0,54.0,0,54.0,0,54.0,0,0.0,0,0.0,83064230.72097552,0,83064230.72097552,0,0,0
9.5,0,54.0,0,54.0,0,54.0,0,0.0,0,0.0121706867218017,83089073.32602815,0,83089073.32602815,0,0,0
9.5,0,50.0,0,50.0,0,50.0,0,0.0,0,0.0640096759796142,83495222.08544028,0,83495222.08544028,0,0,0
9.5,0,54.56,0,54.028,0,54.56,0,0.1220491704191388,0,0.0058317995071411,83076266.37541677,0,83076266.37541677,0,0,0
9.5,0,42.0,0,42.0,0,42.0,0,0.0,0,0.0,83132495.88069311,0,83132495.88069311,0,0,0
9.5,0,54.0,0,54.0,0,54.0,0,0.0,0,0.0,83076452.10583161,0,83076452.10583161,0,0,0
9.5,0,50.0,0,50.0,0,50.0,0,0.0,0,0.0898700428009033,83102982.4418346,0,83102982.4418346,0,0,0
9.5,0,54.0,0,54.0,0,54.0,0,0.0,0,0.0,83076022.51806067,0,83076022.51806067,0,0,0
9.5,0,54.0,0,54.0,0,54.0,0,0.0,0,0.0,83034136.65459032,0,83034136.65459032,0,0,0
9.5,0,54.0,0,54.0,0,54.0,0,0.0,0,0.0357022762298584,83094024.75736804,0,83094024.75736804,0,0,0
9.5,0,54.0,0,54.0,0,54.0,0,0.0,0,0.0,83037685.6294621,0,83037685.6294621,0,0,0
9.5,0,42.0,0,42.0,0,42.0,0,0.0,0,0.0,83132285.08068801,0,83132285.08068801,0,0,0
9.5,0,54.0,0,54.0,0,54.0,0,0.0,0,0.0,83037270.00943264,0,83037270.00943264,0,0,0
9.5,0,54.0,0,54.0,0,54.0,0,0.0,0,0.0,83075912.48704132,0,83075912.48704132,0,0,0
9.5,0,54.06,0,54.06886437942862,0,54.84,0,0.2267935362298757,0,0.0,83033924.69892809,0,83033924.69892809,0,0,0
9.5,0,54.0,0,54.0,0,54.0,0,0.0,0,0.0,83093247.0705931,0,83093247.0705931,0,0,0
9.5,0,50.0,0,50.0,0,50.0,0,0.0,0,0.1260556149482727,83102293.52329402,0,83102293.52329402,0,0,0
9.5,0,42.0,0,42.0,0,42.0,0,0.0,0,0.0,83128042.88777548,0,83128042.88777548,0,0,0
9.5,0,54.0,0,54.0,0,54.0,0,0.0,0,0.0,83068398.61360379,0,83068398.61360379,0,0,0
9.5,0,50.16,0,50.16078120228585,0,52.08,0,0.5487944263017674,0,0.073855459690094,83101919.25925966,0,83101919.25925966,0,0,0
9.5,0,54.0,0,54.0,0,54.0,0,0.0,0,0.0,83089126.14321667,0,83089126.14321667,0,0,0
9.5,0,52.3,0,52.68798594499757,0,76.74,0,7.361609256593811,0,0.1025782442092895,83102045.63557333,0,83102045.63557333,0,0,0
9.5,0,54.0,0,54.0,0,54.0,0,0.0,0,0.0,83089738.78406543,0,83089738.78406543,0,0,0
9.5,0,54.08,0,54.01736085311317,0,54.32,0,0.0724477893391163,0,0.013084909915924,83072022.49964228,0,83072022.49964228,0,0,0
9.5,0,54.0,0,54.0,0,54.0,0,0.0,0,0.0,83093982.6726602,0,83093982.6726602,0,0,0
9.5,0,42.0,0,42.0,0,42.0,0,0.0,0,0.0,83124830.15934367,0,83124830.15934367,0,0,0
9.5,0,54.0,0,54.0,0,54.0,0,0.0,0,0.0,83089818.88905865,0,83089818.88905865,0,0,0
9.5,0,50.0,0,50.0,0,50.0,0,0.0,0,0.0622760248184204,83098522.39964208,0,83098522.39964208,0,0,0
9.5,0,50.0,0,50.0,0,50.0,0,0.0,0,0.0125790548324584,83123483.89688355,0,83123483.89688355,0,0,0
9.5,0,42.18,0,42.647593138285856,0,45.6,0,1.072257748097606,0,0.0,83128377.27736261,0,83128377.27736261,0,0,0
9.5,0,54.0,0,54.0,0,54.0,0,0.0,0,0.0,83094147.36681314,0,83094147.36681314,0,0,0
9.5,0,42.0,0,42.0,0,42.0,0,0.0,0,0.0,83150191.61633445,0,83150191.61633445,0,0,0
9.5,0,54.0,0,54.0,0,54.0,0,0.0,0,0.0,83067381.22829074,0,83067381.22829074,0,0,0
9.5,0,42.0,0,42.0,0,42.0,0,0.0,0,0.0,83149434.26780379,0,83149434.26780379,0,0,0
9.5,0,54.08,0,54.1878191725715,0,54.76,0,0.3006527779620684,0,0.0571178698539733,83089056.2046205,0,83089056.2046205,0,0,0
9.5,0,42.0,0,42.0,0,42.0,0,0.0,0,0.0,83124694.33201165,0,83124694.33201165,0,0,0
9.5,0,50.0,0,50.0,0,50.0,0,0.0,0,0.0342650127410888,83101872.43688461,0,83101872.43688461,0,0,0
9.5,0,50.0,0,50.0,0,50.0,0,0.0,0,0.0671735477447509,83101795.74065202,0,83101795.74065202,0,0,0
9.5,0,54.0,0,54.0,0,54.0,0,0.0,0,0.0,83076446.10723695,0,83076446.10723695,0,0,0
9.5,0,54.06,0,54.078864379428616,0,54.9,0,0.2491542160048736,0,0.0,83089227.96887597,0,83089227.96887597,0,0,0
9.5,0,50.0,0,50.0,0,50.0,0,0.0,0,0.1271184062957763,83097823.90505522,0,83097823.90505522,0,0,0
9.5,0,50.0,0,50.0,0,50.0,0,0.0,0,0.0292086935043334,83097866.81104642,0,83097866.81104642,0,0,0
9.5,0,42.36,0,42.19303043241588,0,43.62,0,0.5222014003715404,0,0.0,83149497.63811181,0,83149497.63811181,0,0,0
9.5,0,50.0,0,50.0,0,50.0,0,0.0,0,0.0191074275970459,83097811.3986759,0,83097811.3986759,0,0,0
9.5,0,54.57,0,55.33746954107984,0,60.4,0,2.0125984706683733,0,0.0007949113845825,83077029.76487507,0,83077029.76487507,0,0,0
9.5,0,54.0,0,54.0,0,54.0,0,0.0,0,0.0,83089173.20998675,0,83089173.20998675,0,0,0
9.5,0,70.03,0,56.559236498108014,0,98.7,0,9.973949567469214,0,7.006166472434997,83067571.13411604,0,83067571.13411604,0,0,0
9.5,0,54.0,0,54.0,0,54.0,0,0.0,0,0.0,83037708.35072318,0,83037708.35072318,0,0,0
9.5,0,50.0,0,50.0,0,50.0,0,0.0,0,0.0325186085700988,83106307.57578939,0,83106307.57578939,0,0,0
9.5,0,42.0,0,42.0,0,42.0,0,0.0,0,0.0,83149503.3685617,0,83149503.3685617,0,0,0
9.5,0,50.0,0,50.0,0,50.0,0,0.0,0,0.057208411693573,83098907.98687136,0,83098907.98687136,0,0,0
9.5,0,54.0,0,54.0,0,54.0,0,0.0,0,0.0,83090112.08557862,0,83090112.08557862,0,0,0
9.5,0,42.32,0,42.42061002361931,0,46.8,0,1.328822485359326,0,0.0,83149625.16156864,0,83149625.16156864,0,0,0
9.5,0,54.44,0,54.09548469212246,0,55.76,0,0.3984628413651399,0,0.0,83076197.9095533,0,83076197.9095533,0,0,0
9.5,0,50.16,0,50.01642105263158,0,50.32,0,0.0705986920714351,0,0.1238766503334045,83123757.45000295,0,83123757.45000295,0,0,0
9.5,0,54.0,0,54.0,0,54.0,0,0.0,0,0.0,83076031.1633895,0,83076031.1633895,0,0,0
9.5,0,50.0,0,50.0,0,50.0,0,0.0,0,0.0900984358787536,83495207.67735367,0,83495207.67735367,0,0,0
9.5,0,54.0,0,54.0,0,54.0,0,0.0,0,0.0,83072319.55028565,0,83072319.55028565,0,0,0
9.5,0,54.0,0,54.0,0,54.0,0,0.0,0,0.0,83077024.12323889,0,83077024.12323889,0,0,0
9.5,0,50.0,0,50.0,0,50.0,0,0.0,0,0.0446558237075805,83123489.26612453,0,83123489.26612453,0,0,0
9.5,0,54.0,0,54.0,0,54.0,0,0.0,0,0.0,83067532.49223775,0,83067532.49223775,0,0,0
9.5,0,54.0,0,54.0,0,54.0,0,0.0,0,0.0,83089698.80264014,0,83089698.80264014,0,0,0
9.5,0,42.0,0,42.0,0,42.0,0,0.0,0,0.0,83132207.09641284,0,83132207.09641284,0,0,0
9.5,0,42.0,0,42.0,0,42.0,0,0.0,0,0.0,83124144.89370292,0,83124144.89370292,0,0,0
9.5,0,54.86,0,54.7144767400642,0,59.76,0,1.7903791531856783,0,0.0,83075983.84188129,0,83075983.84188129,0,0,0
9.5,0,42.62,0,42.46231736864787,0,47.28,0,1.4043984098878997,0,0.0,83124530.0735235,0,83124530.0735235,0,0,0
9.5,0,54.68,0,54.08867836257309,0,55.02,0,0.2842242337366764,0,0.0003764009475708,83093260.78637268,0,83093260.78637268,0,0,0
9.5,0,42.0,0,42.0,0,42.0,0,0.0,0,0.0,83124431.42821568,0,83124431.42821568,0,0,0
9.5,0,54.0,0,54.0,0,54.0,0,0.0,0,0.0314414644241333,83088972.35450804,0,83088972.35450804,0,0,0
9.5,0,42.0,0,42.0,0,42.0,0,0.0,0,0.0,83132488.80084713,0,83132488.80084713,0,0,0
9.5,0,50.0,0,50.0,0,50.0,0,0.0,0,0.0996432876586914,83102801.9482543,0,83102801.9482543,0,0,0
9.5,0,42.0,0,42.0,0,42.0,0,0.0,0,0.0,83128380.92090295,0,83128380.92090295,0,0,0
9.5,0,50.0,0,50.0,0,50.0,0,0.0,0,0.1165117406845092,83123482.88344584,0,83123482.88344584,0,0,0
9.5,0,42.0,0,42.0,0,42.0,0,0.0,0,0.0,83127789.49165797,0,83127789.49165797,0,0,0
9.5,0,42.0,0,42.0,0,42.0,0,0.0,0,0.0,83124695.18868332,0,83124695.18868332,0,0,0
9.5,0,54.0,0,54.0,0,54.0,0,0.0,0,0.0,83094335.13709216,0,83094335.13709216,0,0,0
9.5,0,42.0,0,42.0,0,42.0,0,0.0,0,0.0,83128178.67351887,0,83128178.67351887,0,0,0
9.5,0,52.94,0,51.96618792533576,0,79.4,0,7.305831115728315,0,0.046186192035675,83103090.44412991,0,83103090.44412991,0,0,0
9.5,0,54.24,0,54.24072835798532,0,56.8,0,0.7578337322659117,0,0.0326925706863403,83067562.85067229,0,83067562.85067229,0,0,0
9.5,0,54.98,0,55.48411819733414,0,69.68,0,4.461518861412936,0,0.0001980686187744,83089129.65136087,0,83089129.65136087,0,0,0
9.5,0,54.0,0,54.0,0,54.0,0,0.0,0,0.0,83093110.41392839,0,83093110.41392839,0,0,0
9.5,0,54.49,0,54.634059098667066,0,60.45,0,1.779792763276162,0,9.345625944137574,83089222.67158589,0,83089222.67158589,0,0,0
9.5,0,42.0,0,42.0,0,42.0,0,0.0,0,0.0,83149488.47846629,0,83149488.47846629,0,0,0
9.5,0,42.0,0,42.0,0,42.0,0,0.0,0,0.0,83128821.77338715,0,83128821.77338715,0,0,0
9.5,0,50.0,0,50.0,0,50.0,0,0.0,0,0.0617557334899902,83097842.35592656,0,83097842.35592656,0,0,0
9.5,0,54.0,0,54.0,0,54.0,0,0.0,0,0.9136961197853088,83088947.1535924,0,83088947.1535924,0,0,0
9.5,0,50.0,0,50.0,0,50.0,0,0.0,0,0.0067247176170349,83123751.30465312,0,83123751.30465312,0,0,0
9.5,0,50.0,0,50.0,0,50.0,0,0.0,0,0.0582229685783386,83102867.9986981,0,83102867.9986981,0,0,0
9.5,0,54.0,0,54.0,0,54.0,0,0.0,0,0.0,83067572.55487823,0,83067572.55487823,0,0,0
9.5,0,54.0,0,54.0,0,54.0,0,0.0,0,0.0161476421356201,83072305.68501572,0,83072305.68501572,0,0,0
9.5,0,42.0,0,42.0,0,42.0,0,0.0,0,0.0,83127981.23342536,0,83127981.23342536,0,0,0
9.5,0,42.0,0,42.0,0,42.0,0,0.0,0,0.0,83149584.97967003,0,83149584.97967003,0,0,0
9.5,0,42.0,0,42.0,0,42.0,0,0.0,0,0.0,83132141.69778575,0,83132141.69778575,0,0,0
9.5,0,50.0,0,50.0,0,50.0,0,0.0,0,0.0716297888755798,83106447.72125931,0,83106447.72125931,0,0,0
9.5,0,50.0,0,50.0,0,50.0,0,0.0,0,0.0886490130424499,83106910.55294897,0,83106910.55294897,0,0,0
9.5,0,42.0,0,42.0,0,42.0,0,0.0,0,0.0,83127805.92707066,0,83127805.92707066,0,0,0
9.5,0,50.0,0,50.0,0,50.0,0,0.0,0,0.0309015130996704,83106422.00981031,0,83106422.00981031,0,0,0
9.5,0,54.36,0,54.1860048468903,0,54.48,0,0.2242893782012467,0,0.0,83089055.37454012,0,83089055.37454012,0,0,0
9.5,0,54.0,0,54.0,0,54.0,0,0.0,0,0.0,83076129.02613235,0,83076129.02613235,0,0,0
9.5,0,42.0,0,42.0,0,42.0,0,0.0,0,0.0,83150636.79193988,0,83150636.79193988,0,0,0
9.5,0,42.0,0,42.0,0,42.0,0,0.0,0,0.0,83149825.13049442,0,83149825.13049442,0,0,0
9.5,0,42.72,0,42.76351541028631,0,51.64,0,2.5675545080692803,0,7.920265197753906e-06,83124628.28028221,0,83124628.28028221,0,0,0
9.5,0,57.28,0,55.2277281000733,0,62.76,0,2.8727825449058626,0,0.0085534524917602,83076016.92739803,0,83076016.92739803,0,0,0
9.5,0,54.0,0,54.0,0,54.0,0,0.0,0,0.0,83075982.94048509,0,83075982.94048509,0,0,0
9.5,0,42.18,0,42.00899999999999,0,42.18,0,0.039230090491866,0,0.0,83132217.54532932,0,83132217.54532932,0,0,0
9.5,0,50.24,0,50.118686954943904,0,51.92,0,0.4610667320379121,0,0.109932951927185,83098354.24356313,0,83098354.24356313,0,0,0
9.5,0,109.52,0,120.20940262163018,0,508.88,0,139.9119002747619,0,0.3001013350486755,83098591.78920177,0,83098591.78920177,0,0,0
9.5,0,50.0,0,50.0,0,50.0,0,0.0,0,0.1480088329315185,83106919.0755661,0,83106919.0755661,0,0,0
9.5,0,50.0,0,50.0,0,50.0,0,0.0,0,0.0858383274078369,83106684.19391389,0,83106684.19391389,0,0,0
9.5,0,42.18,0,42.20659313828586,0,44.52,0,0.6803806086896271,0,0.0,83124704.50557768,0,83124704.50557768,0,0,0
9.5,0,42.0,0,42.0,0,42.0,0,0.0,0,0.0,83149443.82883814,0,83149443.82883814,0,0,0
9.5,0,42.0,0,42.0,0,42.0,0,0.0,0,0.0,83128563.87602562,0,83128563.87602562,0,0,0
9.5,0,50.1,0,50.076877140317535,0,51.1,0,0.2784976569975618,0,0.1780708050727844,83102380.58816902,0,83102380.58816902,0,0,0
9.5,0,42.0,0,42.0,0,42.0,0,0.0,0,0.0,83128105.78048271,0,83128105.78048271,0,0,0
9.5,0,42.0,0,42.0,0,42.0,0,0.0,0,0.0,83127784.65040886,0,83127784.65040886,0,0,0
9.5,0,54.0,0,54.0,0,54.0,0,0.0,0,0.0,83094137.32240607,0,83094137.32240607,0,0,0
9.5,0,42.0,0,42.0,0,42.0,0,0.0,0,0.0,83150190.60804461,0,83150190.60804461,0,0,0
9.5,0,42.41,0,42.62090659276224,0,48.56,0,1.8665538093666365,0,0.0,83128562.9831082,0,83128562.9831082,0,0,0
9.5,0,54.0,0,54.0,0,54.0,0,0.0,0,0.0,83089704.99654704,0,83089704.99654704,0,0,0
9.5,0,54.0,0,54.0,0,54.0,0,0.0,0,0.0,83089354.30370776,0,83089354.30370776,0,0,0
9.5,0,50.0,0,50.0,0,50.0,0,0.0,0,0.0541349411010742,83102346.31256647,0,83102346.31256647,0,0,0
9.5,0,50.91,0,50.14791761265909,0,52.18,0,0.5232561731467201,0,0.4287217473983765,83102798.58739862,0,83102798.58739862,0,0,0
9.5,0,54.0,0,54.0,0,54.0,0,0.0,0,0.0,83076433.41571425,0,83076433.41571425,0,0,0
9.5,0,42.18,0,42.00899999999999,0,42.18,0,0.039230090491866,0,0.0,83149574.68152137,0,83149574.68152137,0,0,0
9.5,0,42.0,0,42.0,0,42.0,0,0.0,0,0.0,83124628.38513699,0,83124628.38513699,0,0,0
9.5,0,50.0,0,50.0,0,50.0,0,0.0,0,0.0975712537765502,83098711.06709033,0,83098711.06709033,0,0,0
9.5,0,42.8,0,42.27694186446508,0,46.8,0,1.1176821213294776,0,0.0030147218704223,83124436.96274248,0,83124436.96274248,0,0,0
9.5,0,42.36,0,42.08937383900928,0,42.9,0,0.2673743551858974,0,0.0,83128634.1903722,0,83128634.1903722,0,0,0
9.5,0,50.0,0,50.0,0,50.0,0,0.0,0,0.0709293103218078,83098798.77237202,0,83098798.77237202,0,0,0
9.5,0,54.0,0,54.0,0,54.0,0,0.0,0,0.0,83088904.07364404,0,83088904.07364404,0,0,0
9.5,0,72.23,0,72.01240812799172,0,79.35,0,9.898710001705972,0,2.905845642089844e-05,83089457.00702637,0,83089457.00702637,0,0,0
9.5,0,166.04,0,165.09698694563093,0,172.92,0,15.354929295699415,0,0.0532627844810485,83089459.41197477,0,83089459.41197477,0,0,0
9.5,0,54.0,0,54.0,0,54.0,0,0.0,0,0.0,83093441.46385223,0,83093441.46385223,0,0,0
9.5,0,121.8,0,123.33635083268986,0,142.68,0,20.9220910347672,0,0.1808851957321167,83089452.73480192,0,83089452.73480192,0,0,0
9.5,0,42.0,0,42.0,0,42.0,0,0.0,0,0.0,83150007.39104214,0,83150007.39104214,0,0,0
9.5,0,54.26,0,54.03001754385965,0,54.46,0,0.1044951495153492,0,0.000747468471527,83076902.05224514,0,83076902.05224514,0,0,0
9.5,0,54.68,0,54.99107950477456,0,55.6,0,0.3899820652209253,0,0.4371472358703613,83076909.72025825,0,83076909.72025825,0,0,0
9.5,0,48.0,0,43.91989731682147,0,75.24,0,7.740641758598314,0,0.0001316404342651,83128812.35450403,0,83128812.35450403,0,0,0
9.5,0,50.0,0,50.0,0,50.0,0,0.0,0,0.0432928895950317,83098910.42030218,0,83098910.42030218,0,0,0
9.5,0,54.0,0,54.0,0,54.0,0,0.0,0,0.0,83034011.72843136,0,83034011.72843136,0,0,0
9.5,0,42.0,0,42.0,0,42.0,0,0.0,0,0.0,83127991.43670723,0,83127991.43670723,0,0,0
9.5,0,42.0,0,42.0,0,42.0,0,0.0,0,0.0,83124011.75064214,0,83124011.75064214,0,0,0
9.5,0,54.0,0,54.0,0,54.0,0,0.0,0,0.0,83495282.80018286,0,83495282.80018286,0,0,0
9.5,0,42.0,0,42.0,0,42.0,0,0.0,0,0.0,83149588.23222011,0,83149588.23222011,0,0,0
9.5,0,50.2,0,50.1648653917462,0,52.3,0,0.5884222820478591,0,0.2776852655410766,83097689.92011212,0,83097689.92011212,0,0,0
9.5,0,42.0,0,42.0,0,42.0,0,0.0,0,0.0,83132499.42761703,0,83132499.42761703,0,0,0
9.5,0,58.56,0,67.49534208000462,0,108.96,0,20.290811500988813,0,0.1361574983596801,83123753.57544945,0,83123753.57544945,0,0,0
9.5,0,54.0,0,54.0,0,54.0,0,0.0,0,0.0,83072053.23870784,0,83072053.23870784,0,0,0
9.5,0,50.0,0,50.0,0,50.0,0,0.0,0,0.01659588098526,83103028.41623163,0,83103028.41623163,0,0,0
9.5,0,42.0,0,42.0,0,42.0,0,0.0,0,0.0,83127984.01237836,0,83127984.01237836,0,0,0
9.5,0,50.0,0,50.0,0,50.0,0,0.0,0,0.1064983868598938,83098364.4639165,0,83098364.4639165,0,0,0
9.5,0,54.0,0,54.0,0,54.0,0,0.0,0,0.0,83067378.13629407,0,83067378.13629407,0,0,0
9.5,0,50.0,0,50.0,0,50.0,0,0.0,0,0.0369233655929565,83123860.59526856,0,83123860.59526856,0,0,0
9.5,0,54.0,0,54.0,0,54.0,0,0.0,0,0.0,83072305.80019642,0,83072305.80019642,0,0,0
9.5,0,93.86,0,123.6451946956552,0,537.72,0,152.9070655996966,0,0.1239756870269775,83098369.61893548,0,83098369.61893548,0,0,0
9.5,0,54.43,0,54.179570537864265,0,57.01,0,0.7114960722467025,0,0.0498566102981567,83089989.52629168,0,83089989.52629168,0,0,0
9.5,0,54.0,0,54.0,0,54.0,0,0.0,0,0.0,83089976.59232825,0,83089976.59232825,0,0,0
9.5,0,42.0,0,42.0,0,42.0,0,0.0,0,0.0,83150257.52450308,0,83150257.52450308,0,0,0
9.5,0,43.32,0,44.70901634742966,0,62.52,0,6.1688544040528335,0,0.0,83132097.96734244,0,83132097.96734244,0,0,0
9.5,0,55.74,0,55.92519362680663,0,73.29,0,5.430703924720363,0,0.1020030713081359,83093278.85163607,0,83093278.85163607,0,0,0
9.5,0,42.0,0,42.0,0,42.0,0,0.0,0,0.0,83149827.29253452,0,83149827.29253452,0,0,0
9.5,0,50.0,0,50.0,0,50.0,0,0.0,0,0.0735211658477783,83102266.36877489,0,83102266.36877489,0,0,0
9.5,0,42.0,0,42.0,0,42.0,0,0.0,0,0.0,83128893.33360668,0,83128893.33360668,0,0,0
9.5,0,42.0,0,42.0,0,42.0,0,0.0,0,0.0,83124714.39717142,0,83124714.39717142,0,0,0
9.5,0,54.0,0,54.0,0,54.0,0,0.0,0,0.0,83072473.16232346,0,83072473.16232346,0,0,0
9.5,0,54.0,0,54.0,0,54.0,0,0.0,0,0.0,83034118.78521615,0,83034118.78521615,0,0,0
9.5,0,54.2,0,54.06923546611627,0,55.2,0,0.2794205303323694,0,0.0211877179145812,83089170.39956473,0,83089170.39956473,0,0,0
9.5,0,54.42,0,54.88105065600036,0,61.56,0,2.291934745561081,0,0.000235800743103,83089988.95522012,0,83089988.95522012,0,0,0
9.5,0,42.0,0,42.0,0,42.0,0,0.0,0,0.0,83124066.80158187,0,83124066.80158187,0,0,0
9.5,0,42.0,0,42.0,0,42.0,0,0.0,0,0.0,83149355.8509913,0,83149355.8509913,0,0,0
9.5,0,54.0,0,54.0,0,54.0,0,0.0,0,0.0,83034148.50079945,0,83034148.50079945,0,0,0
9.5,0,54.0,0,54.0,0,54.0,0,0.0,0,0.0,83495259.47270644,0,83495259.47270644,0,0,0
9.5,0,55.22,0,55.27689430753286,0,57.24,0,0.7978785360694922,0,0.2309444832801818,83076902.9980535,0,83076902.9980535,0,0,0
9.5,0,42.0,0,42.0,0,42.0,0,0.0,0,0.0,83128027.33052579,0,83128027.33052579,0,0,0
9.5,0,50.0,0,50.0,0,50.0,0,0.0,0,0.6426177453994751,83097800.94419383,0,83097800.94419383,0,0,0
9.5,0,50.0,0,50.0,0,50.0,0,0.0,0,0.0338818192481994,83107450.61139403,0,83107450.61139403,0,0,0
9.5,0,42.0,0,42.0,0,42.0,0,0.0,0,0.0,83128370.84184134,0,83128370.84184134,0,0,0
9.5,0,50.0,0,50.0,0,50.0,0,0.0,0,0.5678374290466308,83102207.2916892,0,83102207.2916892,0,0,0
9.5,0,42.0,0,42.0,0,42.0,0,0.0,0,0.0,83150311.24215788,0,83150311.24215788,0,0,0
9.5,0,54.0,0,54.0,0,54.0,0,0.0,0,0.0,83072307.38908686,0,83072307.38908686,0,0,0
9.5,0,54.0,0,54.0,0,54.0,0,0.0,0,0.0,83076188.43002716,0,83076188.43002716,0,0,0
9.5,0,54.12,0,54.17663501926349,0,55.5,0,0.4412454084655796,0,0.0,83093225.16090837,0,83093225.16090837,0,0,0
9.5,0,52.83,0,51.90862307098647,0,76.86,0,6.665671104017467,0,0.0604167556762695,83123702.81791626,0,83123702.81791626,0,0,0
9.5,0,54.0,0,54.0,0,54.0,0,0.0,0,0.0,83089741.69902079,0,83089741.69902079,0,0,0
9.5,0,42.0,0,42.0,0,42.0,0,0.0,0,0.0,83149336.98761156,0,83149336.98761156,0,0,0
9.5,0,50.0,0,50.0,0,50.0,0,0.0,0,0.1520533800125122,83106488.40604463,0,83106488.40604463,0,0,0
9.5,0,42.18,0,42.46759313828586,0,45.42,0,1.072257748097606,0,0.0,83132154.66871843,0,83132154.66871843,0,0,0
9.5,0,42.0,0,42.0,0,42.0,0,0.0,0,0.0,83150648.73077351,0,83150648.73077351,0,0,0
9.5,0,54.0,0,54.0,0,54.0,0,0.0,0,0.0,83034052.09640907,0,83034052.09640907,0,0,0
9.5,0,50.0,0,50.0,0,50.0,0,0.0,0,0.1256031441688537,83487427.98720464,0,83487427.98720464,0,0,0
9.5,0,50.0,0,50.0,0,50.0,0,0.0,0,0.0493175530433654,83106679.90066937,0,83106679.90066937,0,0,0
9.5,0,55.58,0,54.082157894736845,0,55.58,0,0.3442436982682856,0,0.0301662397384643,83094331.0685625,0,83094331.0685625,0,0,0
9.5,0,50.0,0,50.0,0,50.0,0,0.0,0,0.160281069278717,83123741.01503497,0,83123741.01503497,0,0,0
9.5,0,54.0,0,54.0,0,54.0,0,0.0,0,0.0,83093268.85167739,0,83093268.85167739,0,0,0
9.5,0,54.2,0,54.30288126476207,0,57.2,0,0.9105140533495788,0,0.0624882197380065,83088887.54864569,0,83088887.54864569,0,0,0
9.5,0,54.0,0,54.0,0,54.0,0,0.0,0,0.0,83033815.77682194,0,83033815.77682194,0,0,0
9.5,0,54.4,0,54.22620014746176,0,54.52,0,0.2464246809179179,0,0.1588528990745544,83094326.55808687,0,83094326.55808687,0,0,0
9.5,0,54.0,0,54.0,0,54.0,0,0.0,0,0.0,83037131.98256755,0,83037131.98256755,0,0,0
9.5,0,54.0,0,54.0,0,54.0,0,0.0,0,0.0,83033393.54634668,0,83033393.54634668,0,0,0
9.5,0,50.0,0,50.0,0,50.0,0,0.0,0,0.021087110042572,83102039.96581489,0,83102039.96581489,0,0,0
9.5,0,42.0,0,42.0,0,42.0,0,0.0,0,0.0,83150262.90106365,0,83150262.90106365,0,0,0
9.5,0,54.0,0,54.0,0,54.0,0,0.0,0,0.0,83071570.72998011,0,83071570.72998011,0,0,0
9.5,0,54.16,0,54.575638345143,0,57.2,0,0.9531179983089832,0,0.0,83089753.43283635,0,83089753.43283635,0,0,0
9.5,0,42.0,0,42.0,0,42.0,0,0.0,0,0.0,83128037.07463893,0,83128037.07463893,0,0,0
9.5,0,42.0,0,42.0,0,42.0,0,0.0,0,0.0,83128975.07463415,0,83128975.07463415,0,0,0
9.5,0,42.0,0,42.0,0,42.0,0,0.0,0,0.0,83150007.64630291,0,83150007.64630291,0,0,0
9.5,0,50.0,0,50.0,0,50.0,0,0.0,0,0.1393156099319458,83123486.26055375,0,83123486.26055375,0,0,0
9.5,0,53.22,0,52.571878039659005,0,78.64,0,7.417722152475358,0,0.0396411633491516,83103043.8271887,0,83103043.8271887,0,0,0
9.5,0,42.0,0,42.0,0,42.0,0,0.0,0,0.0,83150317.99493118,0,83150317.99493118,0,0,0
9.5,0,42.0,0,42.0,0,42.0,0,0.0,0,0.0,83149826.44911447,0,83149826.44911447,0,0,0
9.5,0,54.0,0,54.0,0,54.0,0,0.0,0,0.0,83034010.99813733,0,83034010.99813733,0,0,0
9.5,0,54.0,0,54.0,0,54.0,0,0.0,0,0.6564307570457458,83089117.6212,0,83089117.6212,0,0,0
9.5,0,50.0,0,50.0,0,50.0,0,0.0,0,0.0435102581977844,83101914.72326155,0,83101914.72326155,0,0,0
9.5,0,50.0,0,50.0,0,50.0,0,0.0,0,0.129830527305603,83123740.9981849,0,83123740.9981849,0,0,0
9.5,0,42.18,0,42.37759313828587,0,45.24,0,0.982257748097606,0,0.0,83128980.43853015,0,83128980.43853015,0,0,0
9.5,0,54.0,0,54.0,0,54.0,0,0.0,0,0.0,83076366.54983425,0,83076366.54983425,0,0,0
9.5,0,54.0,0,54.0,0,54.0,0,0.0,0,0.0,83072016.63313797,0,83072016.63313797,0,0,0
9.5,0,42.0,0,42.0,0,42.0,0,0.0,0,0.0,83128575.336523,0,83128575.336523,0,0,0
9.5,0,50.0,0,50.0,0,50.0,0,0.0,0,0.0830292749404907,83098602.1916945,0,83098602.1916945,0,0,0
9.5,0,42.18,0,42.46759313828586,0,45.42,0,1.072257748097606,0,0.0,83483263.81159872,0,83483263.81159872,0,0,0
9.5,0,50.0,0,50.0,0,50.0,0,0.0,0,0.0831379556655883,83098802.21175587,0,83098802.21175587,0,0,0
9.5,0,42.0,0,42.0,0,42.0,0,0.0,0,0.0,83124687.77285177,0,83124687.77285177,0,0,0
9.5,0,42.48,0,43.178915035428965,0,46.8,0,1.766264208572951,0,0.004164650440216,83124651.14877233,0,83124651.14877233,0,0,0
9.5,0,42.0,0,42.0,0,42.0,0,0.0,0,0.0,83127974.66976795,0,83127974.66976795,0,0,0
9.5,0,50.56,0,50.14239949043045,0,51.6,0,0.4325656147271277,0,0.0952441763877868,83123820.07580136,0,83123820.07580136,0,0,0
9.5,0,42.0,0,42.0,0,42.0,0,0.0,0,0.0,83483201.22479317,0,83483201.22479317,0,0,0
9.5,0,50.0,0,50.0,0,50.0,0,0.0,0,0.2323328518867492,83097801.18464683,0,83097801.18464683,0,0,0
9.5,0,54.0,0,54.0,0,54.0,0,0.0,0,0.0,83093509.22437483,0,83093509.22437483,0,0,0
9.5,0,51.4,0,52.15758948825513,0,61.38,0,3.463777578899991,0,0.1974473977088928,83101928.51379508,0,83101928.51379508,0,0,0
9.5,0,50.0,0,50.0,0,50.0,0,0.0,0,0.0418797636032104,83123745.4611864,0,83123745.4611864,0,0,0
9.5,0,54.0,0,54.0,0,54.0,0,0.0,0,0.0,83067525.89770731,0,83067525.89770731,0,0,0
9.5,0,42.0,0,42.0,0,42.0,0,0.0,0,0.0,83128868.11232933,0,83128868.11232933,0,0,0
9.5,0,54.0,0,54.30398956049112,0,59.4,0,2.752953128721121,0,0.0554043340682983,83101873.37487304,0,83101873.37487304,0,0,0
9.5,0,50.2,0,50.719547931428735,0,54.0,0,1.1913974978862287,0,0.3089793419837952,83102218.29553704,0,83102218.29553704,0,0,0
9.5,0,54.0,0,54.0,0,54.0,0,0.0,0,0.0,83033840.32592756,0,83033840.32592756,0,0,0
9.5,0,54.0,0,54.0,0,54.0,0,0.0,0,0.0,83071558.81152575,0,83071558.81152575,0,0,0
9.5,0,54.0,0,54.0,0,54.0,0,0.0,0,0.0,83093335.7881291,0,83093335.7881291,0,0,0
9.5,0,54.0,0,54.0,0,54.0,0,0.0,0,0.0,83076897.0566122,0,83076897.0566122,0,0,0
9.5,0,51.31,0,45.61310880377792,0,83.52,0,10.123786461936517,0,0.1646650624275207,83132152.45821637,0,83132152.45821637,0,0,0
9.5,0,54.0,0,54.0,0,54.0,0,0.0,0,0.0,83072368.10557568,0,83072368.10557568,0,0,0
9.5,0,54.0,0,54.0,0,54.0,0,0.0,0,0.0,83089912.92141445,0,83089912.92141445,0,0,0
9.5,0,42.0,0,42.0,0,42.0,0,0.0,0,0.0,83128889.91542488,0,83128889.91542488,0,0,0
9.5,0,54.64,0,53.56709931073399,0,101.04,0,12.92229128468687,0,0.0477017569541931,83123563.872199,0,83123563.872199,0,0,0
9.5,0,56.82,0,55.8899353569547,0,81.84,0,6.913670621339106,0,0.0486473393440246,83076977.3005566,0,83076977.3005566,0,0,0
9.5,0,42.18,0,42.20659313828586,0,44.52,0,0.6803806086896271,0,0.0,83124878.99584237,0,83124878.99584237,0,0,0
9.5,0,42.0,0,42.0,0,42.0,0,0.0,0,0.0,83149327.69572431,0,83149327.69572431,0,0,0
9.5,0,54.0,0,54.0,0,54.0,0,0.0,0,0.0,83093974.67487866,0,83093974.67487866,0,0,0
9.5,0,54.0,0,54.0,0,54.0,0,0.0,0,0.0,83037255.40937975,0,83037255.40937975,0,0,0
9.5,0,50.0,0,50.0,0,50.0,0,0.0,0,0.0651703572273254,83106321.55311675,0,83106321.55311675,0,0,0
9.5,0,44.09,0,45.64260921676363,0,74.47,0,9.464512920316576,0,0.019723789691925,83132294.90169159,0,83132294.90169159,0,0,0
9.5,0,42.18,0,42.12037885257158,0,43.8,0,0.4472957825956112,0,0.0,83128876.50445499,0,83128876.50445499,0,0,0
9.5,0,42.0,0,42.0,0,42.0,0,0.0,0,0.0,83483225.01149902,0,83483225.01149902,0,0,0
9.5,0,55.63,0,54.35372738218094,0,60.52,0,1.4761237077844953,0,0.0,83076252.52875993,0,83076252.52875993,0,0,0
9.5,0,50.0,0,50.0,0,50.0,0,0.0,0,0.0437681221961975,83495219.43017937,0,83495219.43017937,0,0,0
9.5,0,42.0,0,42.0,0,42.0,0,0.0,0,0.0,83124621.7205628,0,83124621.7205628,0,0,0
9.5,0,42.36,0,42.16418427856973,0,43.44,0,0.455472294205177,0,0.0,83128982.66944627,0,83128982.66944627,0,0,0
9.5,0,42.0,0,42.0,0,42.0,0,0.0,0,0.0,83124711.91762123,0,83124711.91762123,0,0,0
9.5,0,50.0,0,50.0,0,50.0,0,0.0,0,0.3314180564880371,83106619.64914326,0,83106619.64914326,0,0,0
9.5,0,42.0,0,42.0,0,42.0,0,0.0,0,0.0,83124884.71878353,0,83124884.71878353,0,0,0
9.5,0,42.0,0,42.0,0,42.0,0,0.0,0,0.0,83149407.58089772,0,83149407.58089772,0,0,0
9.5,0,54.0,0,54.0,0,54.0,0,0.0,0,0.0,83075961.88188238,0,83075961.88188238,0,0,0
9.5,0,55.13,0,54.3158470502236,0,59.65,0,1.2968544732409168,0,0.0,83088835.53484878,0,83088835.53484878,0,0,0
9.5,0,54.0,0,54.0,0,54.0,0,0.0,0,0.0,83034055.65204397,0,83034055.65204397,0,0,0
9.5,0,54.73,0,54.10601109004514,0,55.86,0,0.428426709578183,0,0.0405748295783996,83076438.39448468,0,83076438.39448468,0,0,0
9.5,0,50.0,0,50.0,0,50.0,0,0.0,0,0.1178251981735229,83123868.62132034,0,83123868.62132034,0,0,0
9.5,0,54.0,0,54.0,0,54.0,0,0.0,0,0.0,83071583.72246435,0,83071583.72246435,0,0,0
9.5,0,174.17,0,172.782163360762,0,229.86,0,19.65156289936685,0,0.0145235061645507,83064039.5024568,0,83064039.5024568,0,0,0
9.5,0,50.0,0,50.0,0,50.0,0,0.0,0,0.0172966623306274,83106311.02473195,0,83106311.02473195,0,0,0
9.5,0,58.42,0,57.871520480207785,0,98.96,0,12.217690522695658,0,0.0182733106613159,83093994.11347996,0,83093994.11347996,0,0,0
9.5,0,42.0,0,42.0,0,42.0,0,0.0,0,0.0,83132294.63688669,0,83132294.63688669,0,0,0
9.5,0,54.56,0,54.23385930512556,0,57.92,0,0.926599535949194,0,0.0013714098930358,83094159.15100975,0,83094159.15100975,0,0,0
9.5,0,42.0,0,42.0,0,42.0,0,0.0,0,0.0,83128375.11322714,0,83128375.11322714,0,0,0
9.5,0,42.0,0,42.0,0,42.0,0,0.0,0,0.0,83124641.11123444,0,83124641.11123444,0,0,0
9.5,0,42.0,0,42.0,0,42.0,0,0.0,0,0.0,83128992.2971986,0,83128992.2971986,0,0,0
9.5,0,50.0,0,50.0,0,50.0,0,0.0,0,0.1154445433616638,83495222.85356827,0,83495222.85356827,0,0,0
9.5,0,50.28,0,50.09692965256278,0,51.68,0,0.3911887424653171,0,0.101846911907196,83097617.02436186,0,83097617.02436186,0,0,0
9.5,0,174.0,0,174.0,0,174.0,0,0.0,0,0.0,83064023.04729174,0,83064023.04729174,0,0,0
9.5,0,54.0,0,54.0,0,54.0,0,0.0,0,0.0,83068524.14776476,0,83068524.14776476,0,0,0
9.5,0,50.34,0,50.83323148342885,0,56.36,0,1.9753757464065893,0,0.1560689616203308,83106934.05167967,0,83106934.05167967,0,0,0
9.5,0,54.0,0,54.0,0,54.0,0,0.0,0,0.2260812282562256,83076958.48406214,0,83076958.48406214,0,0,0
9.5,0,54.0,0,54.0,0,54.0,0,0.0,0,0.0,83094019.52894002,0,83094019.52894002,0,0,0
9.5,0,50.0,0,50.0,0,50.0,0,0.0,0,0.2828777980804443,83106926.48078105,0,83106926.48078105,0,0,0
9.5,0,50.0,0,50.0,0,50.0,0,0.0,0,0.1349011492729187,83101886.70894112,0,83101886.70894112,0,0,0
9.5,0,42.0,0,42.0,0,42.0,0,0.0,0,0.0,83149586.0562195,0,83149586.0562195,0,0,0
9.5,0,54.0,0,54.0,0,54.0,0,0.0,0,0.0,83089855.63727762,0,83089855.63727762,0,0,0
9.5,0,55.52,0,56.68189761219173,0,79.84,0,7.578086112332971,0,0.0321232819557189,83033836.37949243,0,83033836.37949243,0,0,0
9.5,0,42.0,0,42.0,0,42.0,0,0.0,0,0.0,83150635.59496292,0,83150635.59496292,0,0,0
9.5,0,54.06,0,54.105864379428624,0,55.02,0,0.2991349781184068,0,0.0,83090061.8124211,0,83090061.8124211,0,0,0
9.5,0,50.56,0,50.9055675413338,0,59.19,0,2.649032270814031,0,0.1249114537239074,83106929.06171586,0,83106929.06171586,0,0,0
9.5,0,53.84,0,53.938897341392696,0,54.0,0,0.1737235640135666,0,0.1020424604415893,83089069.29783669,0,83089069.29783669,0,0,0
9.5,0,54.0,0,54.0,0,54.0,0,0.0,0,0.0,83076505.79377812,0,83076505.79377812,0,0,0
9.5,0,50.0,0,50.0,0,50.0,0,0.0,0,0.0300756239891052,83106175.33890603,0,83106175.33890603,0,0,0
9.5,0,50.0,0,50.0,0,50.0,0,0.0,0,0.1059409761428833,83106614.88453265,0,83106614.88453265,0,0,0
9.5,0,42.0,0,42.0,0,42.0,0,0.0,0,0.0,83128360.67165168,0,83128360.67165168,0,0,0
9.5,0,42.0,0,42.0,0,42.0,0,0.0,0,0.0,83124017.73375998,0,83124017.73375998,0,0,0
9.5,0,42.0,0,42.0,0,42.0,0,0.0,0,0.0,83128624.40337154,0,83128624.40337154,0,0,0
9.5,0,56.32,0,79.19963189029751,0,314.08,0,85.30406084865399,0,0.0,83482358.40641035,0,83482358.40641035,0,0,0
9.5,0,42.24,0,42.315457517714485,0,45.6,0,0.9966168640194946,0,0.0150897192955017,83128153.93876146,0,83128153.93876146,0,0,0
9.5,0,42.16,0,42.18363834514299,0,44.24,0,0.6047827632796686,0,0.0320242404937744,83483207.40458511,0,83483207.40458511,0,0,0
9.5,0,42.0,0,42.0,0,42.0,0,0.0,0,0.0,83128485.62360615,0,83128485.62360615,0,0,0
9.5,0,54.0,0,54.0,0,54.0,0,0.0,0,0.0,83089367.02837323,0,83089367.02837323,0,0,0
9.5,0,54.0,0,54.0,0,54.0,0,0.0,0,0.0,83071558.295259,0,83071558.295259,0,0,0
9.5,0,50.0,0,50.0,0,50.0,0,0.0,0,0.1463004541397094,83106164.37181619,0,83106164.37181619,0,0,0
9.5,0,50.0,0,50.0,0,50.0,0,0.0,0,0.0697940397262573,83102990.94854112,0,83102990.94854112,0,0,0
9.5,0,50.0,0,50.0,0,50.0,0,0.0,0,0.0796164989471435,83106161.5100062,0,83106161.5100062,0,0,0
9.5,0,50.0,0,50.0,0,50.0,0,0.0,0,0.4504286170005798,83123869.78972548,0,83123869.78972548,0,0,0
9.5,0,42.0,0,42.0,0,42.0,0,0.0,0,0.0,83128883.29405122,0,83128883.29405122,0,0,0
9.5,0,42.0,0,42.0,0,42.0,0,0.0,0,0.0,83150129.43888074,0,83150129.43888074,0,0,0
9.5,0,54.0,0,54.0,0,54.0,0,0.0,0,0.0,83094081.8860659,0,83094081.8860659,0,0,0
9.5,0,54.0,0,54.0,0,54.0,0,0.0,0,0.0,83067507.91581003,0,83067507.91581003,0,0,0
9.5,0,54.0,0,54.0,0,54.0,0,0.0,0,0.0,83090057.71404278,0,83090057.71404278,0,0,0
9.5,0,50.27,0,50.112753593542685,0,51.89,0,0.4467533476897899,0,0.0525601744651794,83495201.60344063,0,83495201.60344063,0,0,0
9.5,0,54.0,0,54.0,0,54.0,0,0.0,0,0.0,83071569.68298222,0,83071569.68298222,0,0,0
9.5,0,46.65,0,43.10705805056656,0,53.82,0,2.88389182509798,0,0.0049140810966491,83124129.30751225,0,83124129.30751225,0,0,0
9.5,0,54.0,0,54.0,0,54.0,0,0.0,0,0.0,83072475.55857438,0,83072475.55857438,0,0,0
9.5,0,42.0,0,42.0,0,42.0,0,0.0,0,0.0,83149451.77759837,0,83149451.77759837,0,0,0
9.5,0,42.0,0,42.0,0,42.0,0,0.0,0,0.0,83128044.09294389,0,83128044.09294389,0,0,0
9.5,0,42.0,0,42.0,0,42.0,0,0.0,0,0.0,83149825.2295084,0,83149825.2295084,0,0,0
9.5,0,54.0,0,54.0,0,54.0,0,0.0,0,0.0,83072237.40602164,0,83072237.40602164,0,0,0
9.5,0,42.0,0,42.0,0,42.0,0,0.0,0,0.0,83128893.7240892,0,83128893.7240892,0,0,0
9.5,0,50.0,0,50.0,0,50.0,0,0.0,0,0.0223777389526367,83106424.32188629,0,83106424.32188629,0,0,0
9.5,0,56.78,0,56.14385116749436,0,83.98,0,7.582912621344843,0,0.0010341191291809,83072298.9999742,0,83072298.9999742,0,0,0
9.5,0,50.0,0,50.0,0,50.0,0,0.0,0,0.3885187816619873,83106366.47638737,0,83106366.47638737,0,0,0
9.5,0,52.28,0,50.620843809784986,0,59.92,0,2.320901812540344,0,0.1071328830718994,83106979.33451158,0,83106979.33451158,0,0,0
9.5,0,57.44,0,57.274295849145695,0,79.74,0,7.97352228794884,0,0.0051462793350219,83034127.56430662,0,83034127.56430662,0,0,0
9.5,0,42.0,0,42.0,0,42.0,0,0.0,0,0.0,83150185.16529001,0,83150185.16529001,0,0,0
9.5,0,54.0,0,54.0,0,54.0,0,0.0,0,0.0,83067295.21972549,0,83067295.21972549,0,0,0
9.5,0,50.1,0,50.35977396571437,0,52.0,0,0.5956987489431146,0,0.0496908378601074,83123875.02087557,0,83123875.02087557,0,0,0
9.5,0,54.0,0,54.0,0,54.0,0,0.0,0,0.0,83076181.47682567,0,83076181.47682567,0,0,0
9.5,0,54.0,0,54.0,0,54.0,0,0.0,0,0.0,83077043.36951533,0,83077043.36951533,0,0,0
9.5,0,50.2,0,50.02052631578948,0,50.4,0,0.0882483650892939,0,0.1540077447891235,83101935.69160488,0,83101935.69160488,0,0,0
9.5,0,55.76,0,56.31335512990621,0,80.4,0,7.308523669476292,0,0.0,83076519.04338364,0,83076519.04338364,0,0,0
9.5,0,50.0,0,50.0,0,50.0,0,0.0,0,0.0393583726882934,83102392.06839626,0,83102392.06839626,0,0,0
9.5,0,54.0,0,54.0,0,54.0,0,0.0,0,0.0,83089070.5005072,0,83089070.5005072,0,0,0
9.5,0,54.0,0,54.0,0,54.0,0,0.0,0,0.0,83076376.96795486,0,83076376.96795486,0,0,0
9.5,0,50.1,0,50.35977396571437,0,52.0,0,0.5956987489431146,0,0.4130265760421753,83102271.43515834,0,83102271.43515834,0,0,0
9.5,0,42.0,0,42.0,0,42.0,0,0.0,0,0.0,83483274.8726812,0,83483274.8726812,0,0,0
9.5,0,54.0,0,54.0,0,54.0,0,0.0,0,0.0,83067566.18355487,0,83067566.18355487,0,0,0
9.5,0,42.81,0,42.46806847293573,0,49.29,0,1.7799723939769423,0,0.0246636009216308,83132199.62254569,0,83132199.62254569,0,0,0
9.5,0,54.0,0,54.0,0,54.0,0,0.0,0,0.0,83094104.1911755,0,83094104.1911755,0,0,0
9.5,0,42.0,0,42.0,0,42.0,0,0.0,0,0.0,83150313.90710859,0,83150313.90710859,0,0,0
9.5,0,42.0,0,42.0,0,42.0,0,0.0,0,0.0,83128682.17211767,0,83128682.17211767,0,0,0
9.5,0,54.5,0,54.16908866529067,0,56.64,0,0.6153280378595043,0,0.0,83089920.74689274,0,83089920.74689274,0,0,0
9.5,0,42.0,0,42.0,0,42.0,0,0.0,0,0.0,83150560.84211072,0,83150560.84211072,0,0,0
9.5,0,50.28,0,50.02873684210526,0,50.56,0,0.1235477111250115,0,0.1126340389251709,83097801.90281992,0,83097801.90281992,0,0,0
9.5,0,42.0,0,42.0,0,42.0,0,0.0,0,0.0,83149748.70621347,0,83149748.70621347,0,0,0
9.5,0,42.0,0,42.0,0,42.0,0,0.0,0,0.0,83132127.00189658,0,83132127.00189658,0,0,0
9.5,0,50.0,0,50.0,0,50.0,0,0.0,0,0.0960104727745056,83102388.93007062,0,83102388.93007062,0,0,0
9.5,0,42.0,0,42.0,0,42.0,0,0.0,0,0.0,83124151.90658867,0,83124151.90658867,0,0,0
9.5,0,42.0,0,42.0,0,42.0,0,0.0,0,0.0,83128031.96445256,0,83128031.96445256,0,0,0
9.5,0,54.0,0,54.0,0,54.0,0,0.0,0,0.0,83093292.73414662,0,83093292.73414662,0,0,0
9.5,0,54.0,0,54.0,0,54.0,0,0.0,0,0.0,83067524.47606719,0,83067524.47606719,0,0,0
9.5,0,43.88,0,45.94375055543011,0,75.84,0,10.259136480130554,0,0.0,83128548.38516949,0,83128548.38516949,0,0,0
9.5,0,42.24,0,42.13868695494392,0,44.16,0,0.52739922784502,0,0.0020832204818725,83149639.8160058,0,83149639.8160058,0,0,0
9.5,0,42.0,0,42.0,0,42.0,0,0.0,0,0.0,83128824.99206066,0,83128824.99206066,0,0,0
9.5,0,50.0,0,50.0,0,50.0,0,0.0,0,0.1749274563789367,83123828.56992888,0,83123828.56992888,0,0,0
9.5,0,50.0,0,50.0,0,50.0,0,0.0,0,0.0231618690490722,83487429.03856266,0,83487429.03856266,0,0,0
9.5,0,54.2,0,54.449089611970415,0,56.72,0,0.7872862880708535,0,0.0052669692039489,83076910.36395705,0,83076910.36395705,0,0,0
9.5,0,54.0,0,54.0,0,54.0,0,0.0,0,0.0,83067589.44476095,0,83067589.44476095,0,0,0
9.5,0,54.56,0,54.18917066043692,0,56.52,0,0.8760126148467777,0,1.3494491577148438e-06,83089922.34192486,0,83089922.34192486,0,0,0
9.5,0,54.0,0,54.0,0,54.0,0,0.0,0,0.0,83089691.66760549,0,83089691.66760549,0,0,0
9.5,0,42.0,0,42.0,0,42.0,0,0.0,0,0.0,83149564.64284149,0,83149564.64284149,0,0,0
9.5,0,42.0,0,42.0,0,42.0,0,0.0,0,0.0,83150309.94098638,0,83150309.94098638,0,0,0
9.5,0,54.0,0,54.0,0,54.0,0,0.0,0,0.0,83071566.38758163,0,83071566.38758163,0,0,0
9.5,0,54.0,0,54.0,0,54.0,0,0.0,0,0.0,83094385.12029508,0,83094385.12029508,0,0,0
9.5,0,42.0,0,42.0,0,42.0,0,0.0,0,0.0,83149483.72127017,0,83149483.72127017,0,0,0
9.5,0,54.0,0,54.0,0,54.0,0,0.0,0,0.0,83072028.94746616,0,83072028.94746616,0,0,0
9.5,0,42.0,0,42.0,0,42.0,0,0.0,0,0.0,83128733.40959457,0,83128733.40959457,0,0,0
9.5,0,50.4,0,50.35878339754501,0,54.2,0,1.1400458185249622,0,0.3775294971466064,83102348.97044814,0,83102348.97044814,0,0,0
9.5,0,42.0,0,42.0,0,42.0,0,0.0,0,0.0,83128375.76987949,0,83128375.76987949,0,0,0
9.5,0,42.48,0,42.2942543627683,0,46.32,0,1.0791237365195567,0,0.0054835700988769,83124632.27483697,0,83124632.27483697,0,0,0
9.5,0,42.0,0,42.0,0,42.0,0,0.0,0,0.0,83128160.40434751,0,83128160.40434751,0,0,0
9.5,0,54.0,0,54.0,0,54.0,0,0.0,0,0.0,83089065.49568255,0,83089065.49568255,0,0,0
9.5,0,54.0,0,54.0,0,54.0,0,0.0,0,0.0,83037254.01174963,0,83037254.01174963,0,0,0
9.5,0,54.0,0,54.0,0,54.0,0,0.0,0,0.0,83075983.32598598,0,83075983.32598598,0,0,0
9.5,0,50.0,0,50.0,0,50.0,0,0.0,0,0.1125687885284423,83123461.29848592,0,83123461.29848592,0,0,0
9.5,0,54.0,0,54.0,0,54.0,0,0.0,0,0.0,83067561.91300693,0,83067561.91300693,0,0,0
9.5,0,54.2,0,54.35288126476208,0,57.4,0,0.9971165937280224,0,0.0,83067234.92110579,0,83067234.92110579,0,0,0
9.5,0,149.64,0,152.78705056914188,0,174.0,0,12.164400562303568,0,0.0754915690422058,83089453.17588425,0,83089453.17588425,0,0,0
9.5,0,50.0,0,50.0,0,50.0,0,0.0,0,0.0981112813949584,83123638.24242145,0,83123638.24242145,0,0,0
9.5,0,42.0,0,42.0,0,42.0,0,0.0,0,0.0,83128115.9655419,0,83128115.9655419,0,0,0
9.5,0,50.0,0,50.0,0,50.0,0,0.0,0,0.0264237213134765,83106976.3999355,0,83106976.3999355,0,0,0
9.5,0,42.0,0,42.0,0,42.0,0,0.0,0,0.0,83150127.76822227,0,83150127.76822227,0,0,0
9.5,0,54.0,0,54.0,0,54.0,0,0.0,0,0.0,83068288.68437034,0,83068288.68437034,0,0,0
9.5,0,50.0,0,50.0,0,50.0,0,0.0,0,0.0843973755836486,83106613.22261131,0,83106613.22261131,0,0,0
9.5,0,54.0,0,54.0,0,54.0,0,0.0,0,0.0,83068275.68249078,0,83068275.68249078,0,0,0
9.5,0,42.36,0,42.41097199085743,0,46.86,0,1.3207584306102322,0,0.0,83124824.1776174,0,83124824.1776174,0,0,0
9.5,0,50.0,0,50.0,0,50.0,0,0.0,0,0.4865460753440856,83106972.01307288,0,83106972.01307288,0,0,0
9.5,0,54.06,0,54.12586437942862,0,55.08,0,0.3274192493658687,0,0.0,83033914.4236354,0,83033914.4236354,0,0,0
9.5,0,50.0,0,50.0,0,50.0,0,0.0,0,0.0980466651916504,83123750.38890631,0,83123750.38890631,0,0,0
9.5,0,54.64,0,55.04922004723862,0,59.44,0,2.072936841648928,0,0.0017350482940673,83089343.60571033,0,83089343.60571033,0,0,0
9.5,0,50.0,0,50.0,0,50.0,0,0.0,0,0.1098113822937011,83123487.9663001,0,83123487.9663001,0,0,0
9.5,0,50.0,0,50.0,0,50.0,0,0.0,0,0.1643347430229187,83098748.2437273,0,83098748.2437273,0,0,0
9.5,0,50.38,0,50.76380773638126,0,55.04,0,1.548320150368844,0,0.1274350428581238,83123867.22734982,0,83123867.22734982,0,0,0
9.5,0,42.0,0,42.0,0,42.0,0,0.0,0,0.0,83483209.92025599,0,83483209.92025599,0,0,0
9.5,0,54.0,0,54.0,0,54.0,0,0.0,0,0.0,83094388.95783913,0,83094388.95783913,0,0,0
9.5,0,54.0,0,54.0,0,54.0,0,0.0,0,0.0,83076446.86850828,0,83076446.86850828,0,0,0
9.5,0,54.0,0,54.0,0,54.0,0,0.0,0,0.0,83037712.7092039,0,83037712.7092039,0,0,0
9.5,0,42.0,0,42.0,0,42.0,0,0.0,0,0.0,83150048.19932157,0,83150048.19932157,0,0,0
9.5,0,54.0,0,54.0,0,54.0,0,0.0,0,0.0,83067259.06861429,0,83067259.06861429,0,0,0
9.5,0,54.1,0,54.10620253714294,0,54.82,0,0.251055676190586,0,0.0011932301521301,83090045.19756612,0,83090045.19756612,0,0,0
9.5,0,42.0,0,42.0,0,42.0,0,0.0,0,0.0,83129043.13129522,0,83129043.13129522,0,0,0
9.5,0,42.0,0,42.0,0,42.0,0,0.0,0,0.0,83124823.45032343,0,83124823.45032343,0,0,0
9.5,0,42.73,0,42.11547660818714,0,44.19,0,0.4893213718370836,0,0.0021718692779541,83128813.93483551,0,83128813.93483551,0,0,0
9.5,0,42.0,0,42.0,0,42.0,0,0.0,0,0.0,83149460.61090924,0,83149460.61090924,0,0,0
9.5,0,54.06,0,54.21586437942862,0,55.2,0,0.3574192493658687,0,0.0,83033994.45296681,0,83033994.45296681,0,0,0
9.5,0,50.2,0,50.02052631578948,0,50.4,0,0.0882483650892939,0,0.1048867583274841,83106681.44130759,0,83106681.44130759,0,0,0
9.5,0,42.0,0,42.0,0,42.0,0,0.0,0,0.0,83149764.29707839,0,83149764.29707839,0,0,0
9.5,0,54.0,0,54.0,0,54.0,0,0.0,0,0.0,83072301.22223616,0,83072301.22223616,0,0,0
9.5,0,42.0,0,42.0,0,42.0,0,0.0,0,0.0,83128671.89917855,0,83128671.89917855,0,0,0
9.5,0,42.18,0,42.64759313828586,0,45.6,0,1.072257748097606,0,0.0,83132144.99619122,0,83132144.99619122,0,0,0
9.5,0,42.0,0,42.0,0,42.0,0,0.0,0,0.0,83128755.04973005,0,83128755.04973005,0,0,0
9.5,0,54.0,0,54.0,0,54.0,0,0.0,0,1.3296561288833617,83076990.37205109,0,83076990.37205109,0,0,0
9.5,0,42.54,0,42.31340928498744,0,43.8,0,0.6763919112061864,0,0.0,83150562.62586324,0,83150562.62586324,0,0,0
9.5,0,42.0,0,42.0,0,42.0,0,0.0,0,0.0,83124064.81331275,0,83124064.81331275,0,0,0
9.5,0,54.0,0,54.0,0,54.0,0,0.0,0,0.0,83064141.81739801,0,83064141.81739801,0,0,0
9.5,0,50.0,0,50.0,0,50.0,0,0.0,0,0.0843388199806213,83106159.06732452,0,83106159.06732452,0,0,0
9.5,0,42.55,0,43.42875681142903,0,52.45,0,3.2763431191871293,0,0.0,83128688.70478691,0,83128688.70478691,0,0,0
9.5,0,42.0,0,42.0,0,42.0,0,0.0,0,0.0,83127733.7903995,0,83127733.7903995,0,0,0
9.5,0,54.76,0,53.32624870451186,0,98.4,0,12.125689565029496,0,0.0570556569099426,83106188.57387899,0,83106188.57387899,0,0,0
9.5,0,54.0,0,54.0,0,54.0,0,0.0,0,0.0,83076040.33489719,0,83076040.33489719,0,0,0
9.5,0,50.0,0,50.0,0,50.0,0,0.0,0,0.1201720976829528,83102820.21040174,0,83102820.21040174,0,0,0
9.5,0,54.61,0,55.27962119085764,0,64.98,0,3.328762368552998,0,0.0,83076507.80764234,0,83076507.80764234,0,0,0
9.5,0,54.0,0,54.0,0,54.0,0,0.0,0,0.0,83089698.31621449,0,83089698.31621449,0,0,0
9.5,0,42.0,0,42.0,0,42.0,0,0.0,0,0.0,83149758.36637495,0,83149758.36637495,0,0,0
9.5,0,54.0,0,54.0,0,54.0,0,0.0,0,0.0,83076184.75188482,0,83076184.75188482,0,0,0
9.5,0,50.0,0,50.0,0,50.0,0,0.0,0,0.1469669914245605,83101829.7928607,0,83101829.7928607,0,0,0
9.5,0,42.0,0,42.0,0,42.0,0,0.0,0,0.0,83127803.79842219,0,83127803.79842219,0,0,0
9.5,0,54.0,0,54.0,0,54.0,0,0.0,0,0.0,83093166.743079,0,83093166.743079,0,0,0
9.5,0,68.6,0,62.43678975908851,0,185.4,0,32.08345302723872,0,0.0,83093434.30011372,0,83093434.30011372,0,0,0
9.5,0,50.0,0,50.0,0,50.0,0,0.0,0,0.182191686630249,83097628.28525697,0,83097628.28525697,0,0,0
9.5,0,50.0,0,50.0,0,50.0,0,0.0,0,0.1704314231872558,83101911.19785267,0,83101911.19785267,0,0,0
9.5,0,42.0,0,42.0,0,42.0,0,0.0,0,0.0,83483259.85909557,0,83483259.85909557,0,0,0
9.5,0,54.0,0,54.0,0,54.0,0,0.0,0,0.0,83068289.29563507,0,83068289.29563507,0,0,0
9.5,0,42.12,0,42.03354127966976,0,42.6,0,0.1377190591052301,0,0.0,83124782.67175125,0,83124782.67175125,0,0,0
9.5,0,42.18,0,42.01847368421053,0,42.36,0,0.0794235285803645,0,0.0,83128031.47477102,0,83128031.47477102,0,0,0
9.5,0,42.0,0,42.0,0,42.0,0,0.0,0,0.0,83132497.04415177,0,83132497.04415177,0,0,0
9.5,0,50.16,0,50.06681694432158,0,51.12,0,0.2647427245569125,0,0.300264286994934,83098526.76582947,0,83098526.76582947,0,0,0
9.5,0,50.2,0,50.22954793142873,0,52.8,0,0.7559784540995858,0,0.0181741833686828,83102442.09718914,0,83102442.09718914,0,0,0
9.5,0,42.0,0,42.0,0,42.0,0,0.0,0,0.0,83132735.66321719,0,83132735.66321719,0,0,0
9.5,0,50.0,0,50.0,0,50.0,0,0.0,0,0.1078460836410522,83102414.9124494,0,83102414.9124494,0,0,0
9.5,0,51.8,0,50.28473684210527,0,55.4,0,1.2065458483654117,0,0.1737451219558715,83106443.76612285,0,83106443.76612285,0,0,0
9.5,0,55.37,0,54.916216822350336,0,67.7,0,3.4044179008665965,0,0.1159409117698669,83072381.14233193,0,83072381.14233193,0,0,0
9.5,0,42.0,0,42.0,0,42.0,0,0.0,0,0.0,83149740.07045726,0,83149740.07045726,0,0,0
9.5,0,42.0,0,42.0,0,42.0,0,0.0,0,0.0,83127778.78269204,0,83127778.78269204,0,0,0
9.5,0,54.0,0,54.0,0,54.0,0,0.0,0,0.0,83076992.6697099,0,83076992.6697099,0,0,0
9.5,0,42.0,0,42.0,0,42.0,0,0.0,0,0.0,83149560.77624315,0,83149560.77624315,0,0,0
9.5,0,42.0,0,42.0,0,42.0,0,0.0,0,0.0,83149987.26602682,0,83149987.26602682,0,0,0
9.5,0,42.0,0,42.0,0,42.0,0,0.0,0,0.0,83124015.59854929,0,83124015.59854929,0,0,0
9.5,0,54.06,0,54.06886437942862,0,54.84,0,0.2267935362298757,0,0.0,83034011.49016891,0,83034011.49016891,0,0,0
9.5,0,54.0,0,54.0,0,54.0,0,0.0,0,0.0,83064130.01591882,0,83064130.01591882,0,0,0
9.5,0,50.0,0,50.0,0,50.0,0,0.0,0,0.0256733226776123,83102411.00958012,0,83102411.00958012,0,0,0
9.5,0,51.8,0,52.36593138285863,0,77.0,0,7.474626480146208,0,0.3739602422714233,83106615.19157133,0,83106615.19157133,0,0,0
9.5,0,54.0,0,54.0,0,54.0,0,0.0,0,0.0,83093447.26114675,0,83093447.26114675,0,0,0
9.5,0,174.0,0,174.0,0,174.0,0,0.0,0,0.0,83089460.43856607,0,83089460.43856607,0,0,0
9.5,0,54.24,0,54.24117180342877,0,57.12,0,0.8231916394526512,0,0.0372120213508605,83068397.7108915,0,83068397.7108915,0,0,0
9.5,0,54.32,0,54.18537048537977,0,55.86,0,0.4742668280857052,0,0.0047420501708984,83076370.78183012,0,83076370.78183012,0,0,0
9.5,0,54.0,0,54.0,0,54.0,0,0.0,0,0.0,83089912.13883877,0,83089912.13883877,0,0,0
9.5,0,42.18,0,42.06231191950464,0,43.08,0,0.2514784772991325,0,0.0,83124535.558647,0,83124535.558647,0,0,0
9.5,0,50.0,0,50.0,0,50.0,0,0.0,0,0.0678251338005065,83123763.74581419,0,83123763.74581419,0,0,0
9.5,0,50.94,0,50.85351940422839,0,54.58,0,1.4612604856378295,0,0.0905392122268676,83106679.40047756,0,83106679.40047756,0,0,0
9.5,0,54.0,0,54.0,0,54.0,0,0.0,0,0.0,83093392.05943246,0,83093392.05943246,0,0,0
9.5,0,54.0,0,54.0,0,54.0,0,0.0,0,0.0,83089199.96146679,0,83089199.96146679,0,0,0
9.5,0,54.0,0,54.0,0,54.0,0,0.0,0,0.0,83064138.57159735,0,83064138.57159735,0,0,0
9.5,0,54.0,0,54.0,0,54.0,0,0.0,0,0.0,83067248.57680336,0,83067248.57680336,0,0,0
9.5,0,54.0,0,54.0,0,54.0,0,0.0,0,0.0,83067418.27889758,0,83067418.27889758,0,0,0
9.5,0,50.0,0,50.0,0,50.0,0,0.0,0,0.1495174765586853,83102801.38966754,0,83102801.38966754,0,0,0
9.5,0,42.0,0,42.0,0,42.0,0,0.0,0,0.0,83124655.93653347,0,83124655.93653347,0,0,0
9.5,0,42.41,0,42.11459937220502,0,44.05,0,0.4705401186095363,0,0.0,83483273.12200874,0,83483273.12200874,0,0,0
9.5,0,54.0,0,54.0,0,54.0,0,0.0,0,0.0,83071997.31176811,0,83071997.31176811,0,0,0
9.5,0,55.45,0,55.66422250285834,0,74.3,0,5.480843792221997,0,0.0,83093977.34913771,0,83093977.34913771,0,0,0
9.5,0,50.0,0,50.0,0,50.0,0,0.0,0,0.0342608428001403,83106913.1814569,0,83106913.1814569,0,0,0
9.5,0,54.0,0,54.0,0,54.0,0,0.0,0,9.166030690670013,83072373.76735553,0,83072373.76735553,0,0,0
9.5,0,42.0,0,42.0,0,42.0,0,0.0,0,0.0,83482372.91661637,0,83482372.91661637,0,0,0
9.5,0,50.0,0,50.0,0,50.0,0,0.0,0,0.0605711483955383,83102327.28886953,0,83102327.28886953,0,0,0
9.5,0,42.0,0,42.0,0,42.0,0,0.0,0,0.0,83123996.101676,0,83123996.101676,0,0,0
9.5,0,54.0,0,54.0,0,54.0,0,0.0,0,0.0,83037126.084444,0,83037126.084444,0,0,0
9.5,0,42.0,0,42.0,0,42.0,0,0.0,0,0.0,83132314.48392397,0,83132314.48392397,0,0,0
9.5,0,54.0,0,54.0,0,54.0,0,0.0,0,0.0,83033937.13244115,0,83033937.13244115,0,0,0
9.5,0,42.0,0,42.0,0,42.0,0,0.0,0,0.0,83150626.80200043,0,83150626.80200043,0,0,0
9.5,0,54.0,0,54.0,0,54.0,0,0.0,0,0.0,83033928.37246895,0,83033928.37246895,0,0,0
9.5,0,42.0,0,42.0,0,42.0,0,0.0,0,0.0,83124012.31762397,0,83124012.31762397,0,0,0
9.5,0,42.0,0,42.0,0,42.0,0,0.0,0,0.0,83149384.99399343,0,83149384.99399343,0,0,0
9.5,0,42.0,0,42.0,0,42.0,0,0.0,0,0.0,83150109.51963581,0,83150109.51963581,0,0,0
9.5,0,50.0,0,50.0,0,50.0,0,0.0,0,0.0476420378684997,83123832.01306464,0,83123832.01306464,0,0,0
9.5,0,51.28,0,52.58510676114392,0,59.12,0,2.863292076336025,0,0.5120066285133362,83102354.51311569,0,83102354.51311569,0,0,0
9.5,0,50.0,0,50.0,0,50.0,0,0.0,0,0.0806153273582458,83495231.37789014,0,83495231.37789014,0,0,0
9.5,0,50.0,0,50.0,0,50.0,0,0.0,0,0.1622639775276184,83123709.0042511,0,83123709.0042511,0,0,0
9.5,0,54.0,0,54.0,0,54.0,0,0.0,0,0.0,83033987.16112103,0,83033987.16112103,0,0,0
9.5,0,54.49,0,54.88455909866707,0,61.37,0,2.1519736566549144,0,6.085044820308685,83093388.74778667,0,83093388.74778667,0,0,0
9.5,0,42.0,0,42.0,0,42.0,0,0.0,0,0.0,83128392.84334263,0,83128392.84334263,0,0,0
9.5,0,42.0,0,42.0,0,42.0,0,0.0,0,0.0,83132498.94410774,0,83132498.94410774,0,0,0
9.5,0,54.0,0,54.0,0,54.0,0,0.0,0,0.0,83089859.01551375,0,83089859.01551375,0,0,0
9.5,0,54.0,0,54.0,0,54.0,0,0.0,0,0.0,83487481.6090423,0,83487481.6090423,0,0,0
9.5,0,42.0,0,42.0,0,42.0,0,0.0,0,0.0,83127727.30089639,0,83127727.30089639,0,0,0
9.5,0,50.0,0,50.0,0,50.0,0,0.0,0,0.0901900768280029,83123490.5262238,0,83123490.5262238,0,0,0
9.5,0,54.06,0,54.078864379428616,0,54.9,0,0.2491542160048735,0,0.0,83075922.73042387,0,83075922.73042387,0,0,0
9.5,0,42.0,0,42.0,0,42.0,0,0.0,0,0.0,83129001.3466444,0,83129001.3466444,0,0,0
9.5,0,50.0,0,50.0,0,50.0,0,0.0,0,0.0951218509674072,83106901.3337269,0,83106901.3337269,0,0,0
9.5,0,50.28,0,50.215255992889126,0,53.08,0,0.779793439593173,0,0.478249454498291,83098921.17383625,0,83098921.17383625,0,0,0
9.5,0,54.0,0,54.0,0,54.0,0,0.0,0,0.0,83034014.10578476,0,83034014.10578476,0,0,0
9.5,0,54.0,0,54.0,0,54.0,0,0.0,0,0.0,83076239.28726828,0,83076239.28726828,0,0,0
9.5,0,50.0,0,50.0,0,50.0,0,0.0,0,0.0794957637786865,83102297.37062949,0,83102297.37062949,0,0,0
9.5,0,50.0,0,50.0,0,50.0,0,0.0,0,0.0747387146949768,83102328.66036783,0,83102328.66036783,0,0,0
9.5,0,54.0,0,54.0,0,54.0,0,0.0,0,0.0,83093278.22122212,0,83093278.22122212,0,0,0
9.5,0,54.06,0,54.105864379428624,0,55.02,0,0.2991349781184068,0,0.0,83076968.28781481,0,83076968.28781481,0,0,0
9.5,0,42.0,0,42.0,0,42.0,0,0.0,0,0.0,83132315.42732683,0,83132315.42732683,0,0,0
9.5,0,54.0,0,54.0,0,54.0,0,0.0,0,0.0,83075972.60050547,0,83075972.60050547,0,0,0
9.5,0,55.52,0,54.076,0,55.52,0,0.3312763197090912,0,0.0702370595932006,83089925.5169097,0,83089925.5169097,0,0,0
9.5,0,56.75,0,54.96055908767016,0,69.9,0,3.6987822220104527,0,0.0029637289047241,83089974.61389254,0,83089974.61389254,0,0,0
9.5,0,50.0,0,50.0,0,50.0,0,0.0,0,0.1349177408218383,83101809.53104424,0,83101809.53104424,0,0,0
9.5,0,54.0,0,54.0,0,54.0,0,0.0,0,0.0,83076384.14308262,0,83076384.14308262,0,0,0
9.5,0,54.0,0,54.0,0,54.0,0,0.0,0,0.0,83076262.46691151,0,83076262.46691151,0,0,0
9.5,0,42.0,0,42.0,0,42.0,0,0.0,0,0.0,83128685.08781959,0,83128685.08781959,0,0,0
9.5,0,50.0,0,50.0,0,50.0,0,0.0,0,0.052564480304718,83102025.75557472,0,83102025.75557472,0,0,0
9.5,0,54.0,0,54.0,0,54.0,0,0.0,0,0.0,83076896.02419545,0,83076896.02419545,0,0,0
9.5,0,50.0,0,50.0,0,50.0,0,0.0,0,0.0384426283836364,83102393.83717866,0,83102393.83717866,0,0,0
9.5,0,42.0,0,42.0,0,42.0,0,0.0,0,0.0,83149999.53446509,0,83149999.53446509,0,0,0
9.5,0,55.03,0,54.87288818530112,0,56.07,0,0.4640713504382396,0,0.3932619714736938,83094345.23156032,0,83094345.23156032,0,0,0
9.5,0,42.18,0,42.12037885257158,0,43.8,0,0.4472957825956112,0,0.0,83124025.63255815,0,83124025.63255815,0,0,0
9.5,0,54.0,0,54.0,0,54.0,0,0.0,0,0.0,83075991.0898286,0,83075991.0898286,0,0,0
9.5,0,54.0,0,54.0,0,54.0,0,0.0,0,0.0,83089356.73055393,0,83089356.73055393,0,0,0
9.5,0,42.0,0,42.0,0,42.0,0,0.0,0,0.0,83149461.35665208,0,83149461.35665208,0,0,0
9.5,0,50.0,0,50.0,0,50.0,0,0.0,0,0.0973608422279357,83123731.75283839,0,83123731.75283839,0,0,0
9.5,0,42.3,0,42.131314487885696,0,44.04,0,0.4972047144100859,0,0.0022276496887207,83132288.0711054,0,83132288.0711054,0,0,0
9.5,0,50.0,0,50.0,0,50.0,0,0.0,0,0.160967321395874,83106164.04169366,0,83106164.04169366,0,0,0
9.5,0,50.0,0,50.0,0,50.0,0,0.0,0,0.0427629494667053,83123637.0305503,0,83123637.0305503,0,0,0
9.5,0,42.0,0,42.0,0,42.0,0,0.0,0,0.0,83127721.32652073,0,83127721.32652073,0,0,0
9.5,0,50.0,0,50.0,0,50.0,0,0.0,0,0.0240418314933776,83098527.56428748,0,83098527.56428748,0,0,0
9.5,0,54.38,0,54.575474403047934,0,60.08,0,1.7299767013641998,0,0.0478795099258422,83033383.34217243,0,83033383.34217243,0,0,0
9.5,0,50.0,0,50.0,0,50.0,0,0.0,0,0.0598513460159301,83097814.85874315,0,83097814.85874315,0,0,0
9.5,0,42.0,0,42.0,0,42.0,0,0.0,0,0.0,83124784.5234773,0,83124784.5234773,0,0,0
9.5,0,54.0,0,54.0,0,54.0,0,0.0,0,0.0,83075922.2393786,0,83075922.2393786,0,0,0
9.5,0,42.0,0,42.0,0,42.0,0,0.0,0,0.0,83128817.72415693,0,83128817.72415693,0,0,0
9.5,0,42.0,0,42.0,0,42.0,0,0.0,0,0.0,83150330.33931835,0,83150330.33931835,0,0,0
9.5,0,54.0,0,54.0,0,54.0,0,0.0,0,0.0,83067366.31780511,0,83067366.31780511,0,0,0
9.5,0,50.0,0,50.0,0,50.0,0,0.0,0,0.1026388263702392,83102991.00790566,0,83102991.00790566,0,0,0
9.5,0,42.0,0,42.0,0,42.0,0,0.0,0,0.0,83127802.12065545,0,83127802.12065545,0,0,0
9.5,0,50.0,0,50.0,0,50.0,0,0.0,0,0.0155363392829895,83098542.90192413,0,83098542.90192413,0,0,0
9.5,0,43.46,0,42.93989326162315,0,49.16,0,2.2669602432680964,0,0.0,83482361.1489351,0,83482361.1489351,0,0,0
9.5,0,50.0,0,50.0,0,50.0,0,0.0,0,0.0463724303245544,83102396.14663737,0,83102396.14663737,0,0,0
9.5,0,54.0,0,54.0,0,56.4,0,2.236385462311499,0,0.0884226560592651,83123618.18646339,0,83123618.18646339,0,0,0
9.5,0,54.0,0,54.0,0,54.0,0,0.0,0,0.0,83072077.91239607,0,83072077.91239607,0,0,0
9.5,0,54.0,0,54.0,0,54.0,0,0.0,0,0.0,83076494.5718781,0,83076494.5718781,0,0,0
9.5,0,42.0,0,42.0,0,42.0,0,0.0,0,0.0,83149509.52973238,0,83149509.52973238,0,0,0
9.5,0,50.0,0,50.0,0,50.0,0,0.0,0,0.2300755929946899,83106935.51125461,0,83106935.51125461,0,0,0
9.5,0,50.0,0,50.0,0,50.0,0,0.0,0,0.0690171957015991,83097817.8841882,0,83097817.8841882,0,0,0
9.5,0,50.0,0,50.0,0,50.0,0,0.0,0,0.0360096454620361,83123831.54004996,0,83123831.54004996,0,0,0
9.5,0,42.0,0,42.0,0,42.0,0,0.0,0,0.0,83132072.93853109,0,83132072.93853109,0,0,0
9.5,0,42.0,0,42.0,0,42.0,0,0.0,0,0.0,83127987.01751423,0,83127987.01751423,0,0,0
9.5,0,54.0,0,54.0,0,54.0,0,0.0,0,0.0,83033993.24515814,0,83033993.24515814,0,0,0
9.5,0,54.0,0,54.0,0,54.0,0,0.0,0,0.0,83072077.46416885,0,83072077.46416885,0,0,0
9.5,0,42.0,0,42.0,0,42.0,0,0.0,0,0.0,83483263.60495122,0,83483263.60495122,0,0,0
9.620253164556962,0,42.0,0,42.0,0,42.0,0,0.0,0,0.0,63138375.04118304,0,63138375.04118304,0,0,0
9.5,0,42.0,0,42.0,0,42.0,0,0.0,0,0.0,83150319.29324143,0,83150319.29324143,0,0,0
9.5,0,50.0,0,50.0,0,50.0,0,0.0,0,0.0482145023345947,83107460.47451982,0,83107460.47451982,0,0,0
9.5,0,54.0,0,54.0,0,54.0,0,0.0,0,0.0,83093383.3915633,0,83093383.3915633,0,0,0
9.5,0,42.0,0,42.0,0,42.0,0,0.0,0,0.0,83149565.72061303,0,83149565.72061303,0,0,0
9.5,0,51.06,0,50.1676783625731,0,53.18,0,0.7105214440374091,0,0.3242496275901794,83102815.83134383,0,83102815.83134383,0,0,0
9.5,0,42.0,0,42.0,0,42.0,0,0.0,0,0.0,83124772.80900285,0,83124772.80900285,0,0,0
9.5,0,54.0,0,54.0,0,54.0,0,0.0,0,0.0,83093985.80022153,0,83093985.80022153,0,0,0
9.5,0,42.18,0,42.18087885257157,0,44.34,0,0.6173937295894883,0,0.0,83129052.55447377,0,83129052.55447377,0,0,0
9.5,0,42.0,0,42.0,0,42.0,0,0.0,0,0.0,83149383.12344214,0,83149383.12344214,0,0,0
9.5,0,50.0,0,50.0,0,50.0,0,0.0,0,0.1897353553771972,83103096.71812758,0,83103096.71812758,0,0,0
9.5,0,54.0,0,54.0,0,54.0,0,0.0,0,0.0,83089133.70436268,0,83089133.70436268,0,0,0
9.5,0,42.0,0,42.0,0,42.0,0,0.0,0,0.0,83150182.37433255,0,83150182.37433255,0,0,0
9.5,0,54.0,0,54.0,0,54.0,0,0.0,0,0.0,83089748.89852129,0,83089748.89852129,0,0,0
9.5,0,54.2,0,54.133754280635095,0,56.0,0,0.4969953139951236,0,0.0,83064146.17768484,0,83064146.17768484,0,0,0
9.5,0,54.0,0,54.0,0,54.0,0,0.0,0,0.0,83089197.43144612,0,83089197.43144612,0,0,0
9.5,0,50.16,0,50.57563834514299,0,53.2,0,0.9531179983089832,0,0.1843053603172302,83097689.49725759,0,83097689.49725759,0,0,0
9.5,0,54.0,0,54.0,0,54.0,0,0.0,0,0.0,83064234.61832851,0,83064234.61832851,0,0,0
9.5,0,42.18,0,42.647593138285856,0,45.6,0,1.072257748097606,0,0.0,83124131.42054705,0,83124131.42054705,0,0,0
9.5,0,50.0,0,50.0,0,50.0,0,0.0,0,0.0368334364891052,83098683.53228247,0,83098683.53228247,0,0,0
9.5,0,50.0,0,50.0,0,50.0,0,0.0,0,0.1970839238166809,83107457.91763243,0,83107457.91763243,0,0,0
9.5,0,54.0,0,54.0,0,54.0,0,0.0,0,0.0,83037713.25995225,0,83037713.25995225,0,0,0
9.5,0,50.0,0,50.0,0,50.0,0,0.0,0,0.0743911099433898,83102828.88903068,0,83102828.88903068,0,0,0
9.5,0,42.0,0,42.0,0,42.0,0,0.0,0,0.0,83483272.30222647,0,83483272.30222647,0,0,0
9.5,0,54.0,0,54.0,0,54.0,0,0.0,0,0.0,83076927.20702082,0,83076927.20702082,0,0,0
9.5,0,54.0,0,54.0,0,54.0,0,0.0,0,0.0,83033819.04046911,0,83033819.04046911,0,0,0
9.5,0,54.0,0,54.0,0,54.0,0,0.0,0,0.0,83093498.10288817,0,83093498.10288817,0,0,0
9.5,0,42.0,0,42.0,0,42.0,0,0.0,0,0.0,83124830.12607332,0,83124830.12607332,0,0,0
9.5,0,47.93,0,46.22045078446665,0,75.11,0,10.77035720721934,0,0.0770196795463562,83128992.30215622,0,83128992.30215622,0,0,0
9.5,0,54.0,0,54.0,0,54.0,0,0.0,0,0.0,83077046.87702869,0,83077046.87702869,0,0,0
9.5,0,54.0,0,54.0,0,54.0,0,0.0,0,0.0,83089172.73635711,0,83089172.73635711,0,0,0
9.5,0,50.0,0,50.0,0,50.0,0,0.0,0,0.0531879258155822,83123574.0221087,0,83123574.0221087,0,0,0
9.5,0,54.0,0,54.0,0,54.0,0,0.0,0,0.0,83067299.78406696,0,83067299.78406696,0,0,0
9.5,0,50.0,0,50.0,0,50.0,0,0.0,0,0.2299264931678772,83106169.58576638,0,83106169.58576638,0,0,0
9.5,0,54.0,0,54.0,0,54.0,0,0.0,0,0.0,83068400.97526388,0,83068400.97526388,0,0,0
9.5,0,42.0,0,42.0,0,42.0,0,0.0,0,0.0,83149703.45800388,0,83149703.45800388,0,0,0
9.5,0,54.0,0,54.0,0,54.0,0,0.0,0,0.0,83089747.95658252,0,83089747.95658252,0,0,0
9.5,0,42.0,0,42.0,0,42.0,0,0.0,0,0.0,83127787.67612803,0,83127787.67612803,0,0,0
9.5,0,50.0,0,50.0,0,50.0,0,0.0,0,0.049292414188385,83102273.07103366,0,83102273.07103366,0,0,0
9.5,0,50.0,0,50.0,0,50.0,0,0.0,0,0.0606585240364074,83123824.57780816,0,83123824.57780816,0,0,0
9.5,0,50.0,0,50.0,0,50.0,0,0.0,0,0.2254225087165832,83101880.77072759,0,83101880.77072759,0,0,0
9.5,0,42.18,0,42.13837885257158,0,43.98,0,0.5012957825956111,0,0.0,83149383.50620264,0,83149383.50620264,0,0,0
9.5,0,54.2,0,54.13375428063509,0,56.0,0,0.4969953139951236,0,0.0090419697761535,83067309.66451491,0,83067309.66451491,0,0,0
9.5,0,54.0,0,54.0,0,54.0,0,0.0,0,0.0,83064245.21630578,0,83064245.21630578,0,0,0
9.5,0,54.0,0,54.0,0,54.0,0,0.0,0,0.0,83072054.35892724,0,83072054.35892724,0,0,0
9.5,0,42.0,0,42.0,0,42.0,0,0.0,0,0.0,83149975.53362717,0,83149975.53362717,0,0,0
9.5,0,174.0,0,174.0,0,174.0,0,0.0,0,0.0,83064030.92983899,0,83064030.92983899,0,0,0
9.5,0,47.31,0,43.84663019681557,0,54.39,0,4.360214672392666,0,0.0020766520500183,83128893.73720972,0,83128893.73720972,0,0,0
9.5,0,54.0,0,54.0,0,54.0,0,0.0,0,0.0,83033815.7770827,0,83033815.7770827,0,0,0
9.5,0,54.0,0,54.0,0,54.0,0,0.0,0,0.0,83076032.95703726,0,83076032.95703726,0,0,0
9.5,0,56.09,0,54.33061111111111,0,60.27,0,1.4009337906020614,0,0.0059424686431884,83088806.03762792,0,83088806.03762792,0,0,0
9.5,0,42.0,0,42.0,0,42.0,0,0.0,0,0.0,83127972.78846909,0,83127972.78846909,0,0,0
9.5,0,42.0,0,42.0,0,42.0,0,0.0,0,0.0,83132318.41210419,0,83132318.41210419,0,0,0
9.5,0,50.0,0,50.0,0,50.0,0,0.0,0,0.1099682068824768,83102153.54524267,0,83102153.54524267,0,0,0
9.5,0,42.0,0,42.0,0,42.0,0,0.0,0,0.0,83149408.91715054,0,83149408.91715054,0,0,0
9.5,0,42.0,0,42.0,0,42.0,0,0.0,0,0.0,83149559.97903721,0,83149559.97903721,0,0,0
9.5,0,54.0,0,54.0,0,54.0,0,0.0,0,0.0,83076044.25704068,0,83076044.25704068,0,0,0
9.5,0,42.0,0,42.0,0,42.0,0,0.0,0,0.0,83124411.52776042,0,83124411.52776042,0,0,0
9.5,0,42.0,0,42.0,0,42.0,0,0.0,0,0.0,83128985.95912029,0,83128985.95912029,0,0,0
9.5,0,50.0,0,50.0,0,50.0,0,0.0,0,0.0594179964065551,83123495.25564587,0,83123495.25564587,0,0,0
9.5,0,52.24,0,52.55969549207244,0,56.96,0,2.255252415116724,0,0.0635333132743835,83101911.10419199,0,83101911.10419199,0,0,0
9.5,0,50.0,0,50.0,0,50.0,0,0.0,0,0.0633084726333618,83106614.84112594,0,83106614.84112594,0,0,0
9.5,0,42.0,0,42.0,0,42.0,0,0.0,0,0.0,83150654.68255916,0,83150654.68255916,0,0,0
9.5,0,42.18,0,42.104015216207934,0,43.62,0,0.395549420883765,0,0.0,83127714.69045232,0,83127714.69045232,0,0,0
9.5,0,54.0,0,54.0,0,54.0,0,0.0,0,0.0,83076515.54654254,0,83076515.54654254,0,0,0
9.5,0,44.2,0,44.49815278684164,0,71.64,0,8.0645543228822,0,0.0,83149344.57996435,0,83149344.57996435,0,0,0
9.5,0,55.91,0,55.79789703085872,0,77.73,0,6.203957822846806,0,0.0006412482261657,83088883.64056025,0,83088883.64056025,0,0,0
9.5,0,54.06,0,54.046126284190535,0,54.66,0,0.167098594198537,0,0.0,83088819.8818688,0,83088819.8818688,0,0,0
9.5,0,42.0,0,42.0,0,42.0,0,0.0,0,0.0,83150107.60346676,0,83150107.60346676,0,0,0
9.5,0,55.6,0,54.08,0,55.6,0,0.3487119154832539,0,0.3500791811943054,83090201.74698552,0,83090201.74698552,0,0,0
9.5,0,54.0,0,54.0,0,54.0,0,0.0,0,0.0,83072075.72518766,0,83072075.72518766,0,0,0
9.5,0,54.0,0,54.0,0,54.0,0,0.0,0,0.0,83067263.17484519,0,83067263.17484519,0,0,0
9.5,0,50.0,0,50.0,0,50.0,0,0.0,0,0.173735876083374,83495228.83085424,0,83495228.83085424,0,0,0
9.5,0,50.0,0,50.0,0,50.0,0,0.0,0,0.2470013189315796,83102992.39305341,0,83102992.39305341,0,0,0
9.5,0,42.0,0,42.0,0,42.0,0,0.0,0,0.0,83128754.7729586,0,83128754.7729586,0,0,0
9.5,0,54.0,0,54.0,0,54.0,0,0.0,0,0.0,83072064.06377617,0,83072064.06377617,0,0,0
9.5,0,54.0,0,54.0,0,54.0,0,0.0,0,0.0,83495282.4614337,0,83495282.4614337,0,0,0
9.5,0,54.0,0,54.0,0,54.0,0,0.0,0,0.0,83094024.0091067,0,83094024.0091067,0,0,0
9.5,0,42.0,0,42.0,0,42.0,0,0.0,0,0.0,83149464.67620867,0,83149464.67620867,0,0,0
9.5,0,50.0,0,50.0,0,50.0,0,0.0,0,0.0804070878028869,83103006.50526288,0,83103006.50526288,0,0,0
9.5,0,42.0,0,42.0,0,42.0,0,0.0,0,0.0,83150046.86796136,0,83150046.86796136,0,0,0
9.5,0,50.0,0,50.0,0,50.0,0,0.0,0,0.1065176725387573,83106305.11906387,0,83106305.11906387,0,0,0
9.5,0,42.0,0,42.0,0,42.0,0,0.0,0,0.0,83128158.53449143,0,83128158.53449143,0,0,0
9.5,0,42.0,0,42.0,0,42.0,0,0.0,0,0.0,83128026.96978903,0,83128026.96978903,0,0,0
9.5,0,56.22,0,63.53485792458316,0,269.52,0,64.73754919315505,0,0.0,83149825.2569812,0,83149825.2569812,0,0,0
9.5,0,54.0,0,54.0,0,54.0,0,0.0,0,0.0,83093482.8411778,0,83093482.8411778,0,0,0
9.5,0,42.0,0,42.0,0,42.0,0,0.0,0,0.0,83132145.70330162,0,83132145.70330162,0,0,0
9.5,0,54.06,0,54.078864379428616,0,54.9,0,0.2491542160048736,0,0.0,83089712.15736385,0,83089712.15736385,0,0,0
9.5,0,54.0,0,54.0,0,54.0,0,0.0,0,0.0,83093413.41553311,0,83093413.41553311,0,0,0
9.5,0,42.0,0,42.0,0,42.0,0,0.0,0,0.0,83150625.23949671,0,83150625.23949671,0,0,0
9.5,0,50.0,0,50.0,0,50.0,0,0.0,0,0.014241623878479,83487413.57093674,0,83487413.57093674,0,0,0
9.5,0,50.2,0,50.04340213278294,0,50.8,0,0.1811194733477908,0,0.0995869445800781,83102454.01678997,0,83102454.01678997,0,0,0
9.5,0,54.0,0,54.0,0,54.0,0,0.0,0,0.0,83076111.21367545,0,83076111.21367545,0,0,0
9.5,0,50.0,0,50.0,0,50.0,0,0.0,0,0.1303309369087219,83123879.2509201,0,83123879.2509201,0,0,0
9.5,0,54.12,0,54.02604127966976,0,54.48,0,0.1086716840086745,0,0.0310574913024902,83093385.188976,0,83093385.188976,0,0,0
9.5,0,54.0,0,54.0,0,54.0,0,0.0,0,0.0,83094331.06329666,0,83094331.06329666,0,0,0
9.5,0,54.0,0,54.0,0,54.0,0,0.0,0,0.0,83089362.866059,0,83089362.866059,0,0,0
9.5,0,42.0,0,42.0,0,42.0,0,0.0,0,0.0,83150098.58681391,0,83150098.58681391,0,0,0
9.5,0,54.0,0,54.0,0,54.0,0,0.0,0,0.0,83034132.13695629,0,83034132.13695629,0,0,0
9.5,0,42.0,0,42.0,0,42.0,0,0.0,0,0.0,83124529.7081814,0,83124529.7081814,0,0,0
9.5,0,54.0,0,54.0,0,54.0,0,0.0,0,0.0,83089813.6219757,0,83089813.6219757,0,0,0
9.5,0,54.0,0,54.0,0,54.0,0,0.0,0,0.0,83089904.45154636,0,83089904.45154636,0,0,0
9.5,0,54.0,0,54.0,0,54.0,0,0.0,0,0.0,83033810.3892786,0,83033810.3892786,0,0,0
9.5,0,50.0,0,50.0,0,50.0,0,0.0,0,0.0890239715576171,83097794.85803984,0,83097794.85803984,0,0,0
9.5,0,56.4,0,56.18866622266623,0,56.64,0,0.5056312004873967,0,2.7213531947135925,83076983.18043248,0,83076983.18043248,0,0,0
9.5,0,54.24,0,54.012,0,54.24,0,0.052306787322488,0,0.0141505289077758,83071577.16285604,0,83071577.16285604,0,0,0
9.5,0,42.0,0,42.0,0,42.0,0,0.0,0,0.0,83149756.94283138,0,83149756.94283138,0,0,0
9.5,0,42.0,0,42.0,0,42.0,0,0.0,0,0.0,83150069.43247987,0,83150069.43247987,0,0,0
9.5,0,42.0,0,42.0,0,42.0,0,0.0,0,0.0,83129065.76962306,0,83129065.76962306,0,0,0
9.5,0,54.0,0,54.0,0,54.0,0,0.0,0,0.0,83090042.65142545,0,83090042.65142545,0,0,0
9.5,0,42.0,0,42.0,0,42.0,0,0.0,0,0.0,83132491.40856306,0,83132491.40856306,0,0,0
9.5,0,54.0,0,54.0,0,54.0,0,0.0,0,0.0,83075920.52874647,0,83075920.52874647,0,0,0
9.5,0,50.76,0,51.46761547276254,0,54.36,0,1.6460919224155246,0,0.228119626045227,83103026.1730048,0,83103026.1730048,0,0,0
9.5,0,54.0,0,54.0,0,54.0,0,0.0,0,0.0,83088947.6304257,0,83088947.6304257,0,0,0
9.5,0,42.0,0,42.0,0,42.0,0,0.0,0,0.0,83128061.06725273,0,83128061.06725273,0,0,0
9.5,0,54.04,0,54.011180426556585,0,54.2,0,0.0459063530350767,0,0.0472876000404357,83072235.64416686,0,83072235.64416686,0,0,0
9.5,0,50.0,0,50.0,0,50.0,0,0.0,0,0.1170942306518554,83123756.38696764,0,83123756.38696764,0,0,0
9.5,0,54.0,0,54.0,0,54.0,0,0.0,0,0.8417708349227905,83089130.95210181,0,83089130.95210181,0,0,0
9.5,0,42.0,0,42.0,0,42.0,0,0.0,0,0.0,83128633.2956664,0,83128633.2956664,0,0,0
9.5,0,54.0,0,54.0,0,54.0,0,0.0,0,0.0,83076134.82583724,0,83076134.82583724,0,0,0
9.5,0,50.0,0,50.0,0,50.0,0,0.0,0,0.0206520295143127,83106610.00666647,0,83106610.00666647,0,0,0
9.5,0,54.0,0,54.0,0,54.0,0,0.0,0,0.0,83072480.19626123,0,83072480.19626123,0,0,0
9.5,0,50.0,0,50.0,0,50.0,0,0.0,0,0.024239592552185,83097613.09036463,0,83097613.09036463,0,0,0
9.5,0,42.0,0,42.0,0,42.0,0,0.0,0,0.0,83124810.91099757,0,83124810.91099757,0,0,0
9.5,0,145.0,0,156.22288220242092,0,172.84,0,29.01835892894721,0,0.0892526578903198,83089439.2399046,0,83089439.2399046,0,0,0
9.5,0,54.0,0,54.0,0,54.0,0,0.0,0,0.0,83088965.59853038,0,83088965.59853038,0,0,0
9.5,0,54.0,0,54.0,0,54.0,0,0.0,0,0.0,83089731.05006754,0,83089731.05006754,0,0,0
9.5,0,50.0,0,50.0,0,50.0,0,0.0,0,0.1160589218139648,83102998.9511665,0,83102998.9511665,0,0,0
9.5,0,54.0,0,54.0,0,54.0,0,0.0,0,0.0,83076442.80414207,0,83076442.80414207,0,0,0
9.5,0,57.16,0,64.66556597289879,0,173.76,0,37.371176060543405,0,0.006624960899353,83487417.01579031,0,83487417.01579031,0,0,0
9.5,0,54.0,0,54.0,0,54.0,0,0.0,0,0.0,83072239.89849791,0,83072239.89849791,0,0,0
9.5,0,54.0,0,54.0,0,54.0,0,0.0,0,0.0018406200408935,83089961.99655107,0,83089961.99655107,0,0,0
9.5,0,54.0,0,54.0,0,54.0,0,0.0,0,0.0,83075924.00471723,0,83075924.00471723,0,0,0
9.5,0,54.0,0,54.0,0,54.0,0,0.0,0,0.0691078305244445,83064224.0324466,0,83064224.0324466,0,0,0
9.5,0,50.0,0,50.0,0,50.0,0,0.0,0,0.0963959288597107,83106613.8515889,0,83106613.8515889,0,0,0
9.5,0,54.0,0,54.0,0,54.0,0,0.0,0,0.0,83076450.23685817,0,83076450.23685817,0,0,0
9.5,0,50.0,0,50.0,0,50.0,0,0.0,0,0.0389051270484924,83106962.60440806,0,83106962.60440806,0,0,0
9.5,0,50.0,0,50.0,0,50.0,0,0.0,0,0.3568880033493042,83102290.37430945,0,83102290.37430945,0,0,0
9.5,0,54.0,0,54.0,0,54.0,0,0.0,0,0.0,83067506.83412485,0,83067506.83412485,0,0,0
9.5,0,50.0,0,50.0,0,50.0,0,0.0,0,0.1274957275390625,83106307.13561733,0,83106307.13561733,0,0,0
9.5,0,54.0,0,54.0,0,54.0,0,0.0,0,0.0,83067566.6817048,0,83067566.6817048,0,0,0
9.5,0,42.0,0,42.0,0,42.0,0,0.0,0,0.0,83127982.21667087,0,83127982.21667087,0,0,0
9.5,0,50.0,0,50.0,0,50.0,0,0.0,0,0.2668044972419738,83106453.48272413,0,83106453.48272413,0,0,0
9.5,0,42.0,0,42.0,0,42.0,0,0.0,0,0.0,83128737.93419479,0,83128737.93419479,0,0,0
9.5,0,42.0,0,42.0,0,42.0,0,0.0,0,0.0,83150005.3038037,0,83150005.3038037,0,0,0
9.5,0,42.0,0,42.0,0,42.0,0,0.0,0,0.0,83128559.89014322,0,83128559.89014322,0,0,0
9.5,0,42.0,0,42.0,0,42.0,0,0.0,0,0.0,83149693.89025061,0,83149693.89025061,0,0,0
9.5,0,50.0,0,50.0,0,50.0,0,0.0,0,0.1363872599601745,83495224.62512837,0,83495224.62512837,0,0,0
9.5,0,54.0,0,54.0,0,54.0,0,0.0,0,0.0,83064123.59106907,0,83064123.59106907,0,0,0
9.5,0,54.0,0,54.0,0,54.0,0,0.0,0,0.0,83089190.22775663,0,83089190.22775663,0,0,0
9.5,0,42.0,0,42.0,0,42.0,0,0.0,0,0.0,83124419.32399087,0,83124419.32399087,0,0,0
9.5,0,42.0,0,42.0,0,42.0,0,0.0,0,0.0,83124072.53308786,0,83124072.53308786,0,0,0
9.5,0,42.0,0,42.0,0,42.0,0,0.0,0,0.0,83124818.20034921,0,83124818.20034921,0,0,0
9.5,0,42.0,0,42.0,0,42.0,0,0.0,0,0.0,83124651.27682292,0,83124651.27682292,0,0,0
9.5,0,42.0,0,42.0,0,42.0,0,0.0,0,0.0,83132143.98776674,0,83132143.98776674,0,0,0
9.5,0,42.0,0,42.0,0,42.0,0,0.0,0,0.0,83150181.91917776,0,83150181.91917776,0,0,0
9.5,0,42.18,0,42.37759313828585,0,45.24,0,0.982257748097606,0,0.0,83124703.78678137,0,83124703.78678137,0,0,0
9.5,0,54.0,0,54.0,0,54.0,0,0.0,0,0.0,83075964.75532629,0,83075964.75532629,0,0,0
9.5,0,54.0,0,54.0,0,54.0,0,0.0,0,0.0,83094137.30269818,0,83094137.30269818,0,0,0
9.5,0,50.0,0,50.0,0,50.0,0,0.0,0,0.3120228457450866,83106909.33095604,0,83106909.33095604,0,0,0
9.5,0,42.0,0,42.0,0,42.0,0,0.0,0,0.0,83124014.77540441,0,83124014.77540441,0,0,0
9.5,0,54.12,0,54.041541279669765,0,54.72,0,0.1676523181994216,0,0.0040106701850891,83089957.94246371,0,83089957.94246371,0,0,0
9.5,0,54.0,0,54.0,0,54.0,0,0.0,0,0.0,83033923.83793369,0,83033923.83793369,0,0,0
9.5,0,50.0,0,50.0,0,50.0,0,0.0,0,0.0152891898155212,83106327.0555257,0,83106327.0555257,0,0,0
9.5,0,50.0,0,50.0,0,50.0,0,0.0,0,0.0479218387603759,83102399.45651816,0,83102399.45651816,0,0,0
9.5,0,42.0,0,42.0,0,42.0,0,0.0,0,0.0,83128104.44341776,0,83128104.44341776,0,0,0
9.5,0,174.0,0,174.0,0,174.0,0,0.0,0,0.0,83064053.65594205,0,83064053.65594205,0,0,0
9.5,0,42.0,0,42.0,0,42.0,0,0.0,0,0.0,83128823.37527734,0,83128823.37527734,0,0,0
9.5,0,54.36,0,55.11518627657172,0,57.6,0,1.2629375008293082,0,0.0,83067376.62747397,0,83067376.62747397,0,0,0
9.5,0,50.0,0,50.0,0,50.0,0,0.0,0,0.2065694785118103,83103054.0202403,0,83103054.0202403,0,0,0
9.5,0,50.16,0,50.16078120228585,0,52.08,0,0.5487944263017674,0,0.1544906783103942,83098765.15258443,0,83098765.15258443,0,0,0
9.5,0,42.0,0,42.0,0,42.0,0,0.0,0,0.0,83124520.93683225,0,83124520.93683225,0,0,0
9.5,0,42.0,0,42.0,0,42.0,0,0.0,0,0.0,83483222.87187193,0,83483222.87187193,0,0,0
9.5,0,42.0,0,42.0,0,42.0,0,0.0,0,0.0,83128042.43822117,0,83128042.43822117,0,0,0
9.5,0,50.0,0,50.0,0,50.0,0,0.0,0,0.2356391215324401,83098591.83075918,0,83098591.83075918,0,0,0
9.5,0,42.0,0,42.0,0,42.0,0,0.0,0,0.0,83132497.36836801,0,83132497.36836801,0,0,0
9.5,0,54.0,0,54.0,0,54.0,0,0.0,0,0.0,83067292.61025959,0,83067292.61025959,0,0,0
9.5,0,54.0,0,54.0,0,54.0,0,0.0,0,0.0,83033986.47210468,0,83033986.47210468,0,0,0
9.5,0,54.0,0,54.0,0,54.0,0,0.0,0,0.0,83093992.53245665,0,83093992.53245665,0,0,0
9.5,0,50.0,0,50.0,0,50.0,0,0.0,0,0.0527468800544738,83103056.29851425,0,83103056.29851425,0,0,0
9.5,0,50.0,0,50.0,0,50.0,0,0.0,0,0.1462723040580749,83097614.50487547,0,83097614.50487547,0,0,0
9.5,0,54.2,0,54.02052631578948,0,54.4,0,0.0882483650892939,0,0.0,83072016.43582904,0,83072016.43582904,0,0,0
9.5,0,50.26,0,50.151044360180585,0,52.12,0,0.5400035826251225,0,0.0820816707611084,83103091.61266392,0,83103091.61266392,0,0,0
9.5,0,54.0,0,54.0,0,54.0,0,0.0,0,0.0,83094103.62618272,0,83094103.62618272,0,0,0
9.5,0,54.0,0,54.0,0,54.0,0,0.0,0,0.0,83072057.94480838,0,83072057.94480838,0,0,0
9.5,0,50.0,0,50.0,0,50.0,0,0.0,0,0.1557479810714721,83101799.99623965,0,83101799.99623965,0,0,0
9.5,0,54.0,0,54.0,0,54.0,0,0.0,0,0.0,83093304.92818457,0,83093304.92818457,0,0,0
9.5,0,42.0,0,42.0,0,42.0,0,0.0,0,0.0,83124015.80913648,0,83124015.80913648,0,0,0
9.5,0,54.0,0,54.0,0,54.0,0,0.0,0,0.0,83072230.35864383,0,83072230.35864383,0,0,0
9.5,0,43.88,0,42.094,0,43.88,0,0.4097365006928233,0,0.0351807403564453,83128799.27027296,0,83128799.27027296,0,0,0
9.5,0,42.0,0,42.0,0,42.0,0,0.0,0,0.0,83132136.03046286,0,83132136.03046286,0,0,0
9.5,0,54.0,0,54.0,0,54.0,0,0.0,0,0.0,83094337.77891873,0,83094337.77891873,0,0,0
9.5,0,54.2,0,54.11557246245327,0,55.8,0,0.4394993565375166,0,0.0312474012374877,83093297.03557712,0,83093297.03557712,0,0,0
9.5,0,54.24,0,54.74345751771449,0,56.4,0,0.8419583338862054,0,0.0329422712326049,83094394.74728851,0,83094394.74728851,0,0,0
9.5,0,42.0,0,42.0,0,42.0,0,0.0,0,0.0,83124647.12723403,0,83124647.12723403,0,0,0
9.5,0,42.0,0,42.0,0,42.0,0,0.0,0,0.0,83128697.07803085,0,83128697.07803085,0,0,0
9.5,0,54.0,0,54.0,0,54.0,0,0.0,0,0.0,83072236.72077566,0,83072236.72077566,0,0,0
9.5,0,50.0,0,50.0,0,50.0,0,0.0,0,0.2729846262931824,83098519.21238232,0,83098519.21238232,0,0,0
9.5,0,58.23,0,54.66005641623598,0,60.51,0,1.6203198405360035,0,0.0037481689453125,83034121.91614982,0,83034121.91614982,0,0,0
9.5,0,54.0,0,54.0,0,54.0,0,0.0,0,0.0,83089271.99189553,0,83089271.99189553,0,0,0
9.5,0,50.0,0,50.0,0,50.0,0,0.0,0,0.0558814001083374,83102285.70646383,0,83102285.70646383,0,0,0
9.5,0,42.18,0,42.18087885257157,0,44.34,0,0.6173937295894883,0,0.0,83128993.70005985,0,83128993.70005985,0,0,0
9.5,0,42.0,0,42.0,0,42.0,0,0.0,0,0.0,83128096.93379503,0,83128096.93379503,0,0,0
9.5,0,57.38,0,63.021318669720365,0,175.46,0,36.79360230856403,0,0.0393020892143249,83102992.17864247,0,83102992.17864247,0,0,0
9.5,0,42.0,0,42.0,0,42.0,0,0.0,0,0.0,83124780.84485947,0,83124780.84485947,0,0,0
9.5,0,54.0,0,54.0,0,54.0,0,0.0,0,0.0,83088832.93223627,0,83088832.93223627,0,0,0
9.5,0,42.0,0,42.0,0,42.0,0,0.0,0,0.0,83124137.66124733,0,83124137.66124733,0,0,0
9.5,0,54.36,0,54.10062383900929,0,55.8,0,0.4131571773156904,0,0.0,83089704.63379747,0,83089704.63379747,0,0,0
9.5,0,42.0,0,42.0,0,42.0,0,0.0,0,0.0,83128982.57782897,0,83128982.57782897,0,0,0
9.5,0,54.0,0,54.0,0,54.0,0,0.0,0,0.0,83076380.43372531,0,83076380.43372531,0,0,0
9.5,0,42.0,0,42.0,0,42.0,0,0.0,0,0.0,83128620.57691145,0,83128620.57691145,0,0,0
9.5,0,54.0,0,54.0,0,54.0,0,0.0,0,0.0,83033929.2421025,0,83033929.2421025,0,0,0
9.5,0,42.0,0,42.0,0,42.0,0,0.0,0,0.0,83150339.66051202,0,83150339.66051202,0,0,0
9.5,0,54.4,0,54.16704236080397,0,56.8,0,0.6618568113922814,0,0.0001036190986633,83089850.06376882,0,83089850.06376882,0,0,0
9.5,0,42.0,0,42.0,0,42.0,0,0.0,0,0.0,83124020.33921117,0,83124020.33921117,0,0,0
9.5,0,50.0,0,50.0,0,50.0,0,0.0,0,0.1373326897621155,83098629.86392637,0,83098629.86392637,0,0,0
9.5,0,50.24,0,50.36345751771447,0,53.84,0,1.0926168640194944,0,0.1154651737213134,83106476.5401039,0,83106476.5401039,0,0,0
9.5,0,54.0,0,54.0,0,54.0,0,0.0,0,0.0,83063991.25302692,0,83063991.25302692,0,0,0
9.5,0,54.0,0,54.0,0,54.0,0,0.0,0,0.0,83033392.06048134,0,83033392.06048134,0,0,0
9.5,0,42.0,0,42.0,0,42.0,0,0.0,0,0.0,83128756.41469294,0,83128756.41469294,0,0,0
9.5,0,54.0,0,54.0,0,54.0,0,0.0,0,0.0,83072020.63471405,0,83072020.63471405,0,0,0
9.5,0,50.0,0,50.0,0,50.0,0,0.0,0,0.0604296827316284,83106619.89200379,0,83106619.89200379,0,0,0
9.5,0,42.0,0,42.0,0,42.0,0,0.0,0,0.0,83128499.31348787,0,83128499.31348787,0,0,0
9.5,0,42.0,0,42.0,0,42.0,0,0.0,0,0.0,83127797.56473204,0,83127797.56473204,0,0,0
9.5,0,54.0,0,54.0,0,54.0,0,0.0,0,4.686201994419098,83072382.7596555,0,83072382.7596555,0,0,0
9.5,0,50.0,0,50.0,0,50.0,0,0.0,0,0.0770923519134521,83102867.21571936,0,83102867.21571936,0,0,0
9.5,0,42.0,0,42.0,0,42.0,0,0.0,0,0.0,83128816.14655687,0,83128816.14655687,0,0,0
9.5,0,54.0,0,54.0,0,54.0,0,0.0,0,0.0,83089741.23732218,0,83089741.23732218,0,0,0
9.5,0,42.0,0,42.0,0,42.0,0,0.0,0,0.0,83150255.67775372,0,83150255.67775372,0,0,0
9.5,0,42.0,0,42.0,0,42.0,0,0.0,0,0.0,83129065.97408503,0,83129065.97408503,0,0,0
9.5,0,50.1,0,50.11477396571436,0,51.4,0,0.3779892270497929,0,0.2024668312072753,83097629.14849415,0,83097629.14849415,0,0,0
9.5,0,54.0,0,54.0,0,54.0,0,0.0,0,0.0,83088903.64459553,0,83088903.64459553,0,0,0
9.5,0,54.2,0,54.03163742690059,0,54.6,0,0.134060649818379,0,0.01004487991333,83067249.76282261,0,83067249.76282261,0,0,0
9.5,0,42.0,0,42.0,0,42.0,0,0.0,0,0.0,83128556.42131391,0,83128556.42131391,0,0,0
9.5,0,54.0,0,54.0,0,54.0,0,0.0,0,0.0,83072300.99388137,0,83072300.99388137,0,0,0
9.5,0,42.0,0,42.0,0,42.0,0,0.0,0,0.0,83128103.95813978,0,83128103.95813978,0,0,0
9.5,0,50.0,0,50.0,0,50.0,0,0.0,0,0.0208326721191406,83106441.79961291,0,83106441.79961291,0,0,0
9.5,0,54.0,0,54.0,0,54.0,0,0.0,0,0.0,83068404.84654437,0,83068404.84654437,0,0,0
9.5,0,42.0,0,42.0,0,42.0,0,0.0,0,0.0,83124013.45441438,0,83124013.45441438,0,0,0
9.5,0,54.38,0,54.039,0,54.76,0,0.1676718936696585,0,0.0,83068280.09053083,0,83068280.09053083,0,0,0
9.5,0,54.0,0,54.0,0,54.0,0,0.0,0,0.0,83495262.1431893,0,83495262.1431893,0,0,0
9.5,0,50.0,0,50.0,0,50.0,0,0.0,0,0.1021082782745361,83106326.40243296,0,83106326.40243296,0,0,0
9.5,0,42.0,0,42.0,0,42.0,0,0.0,0,0.0,83150159.51135793,0,83150159.51135793,0,0,0
9.5,0,54.0,0,54.0,0,54.0,0,0.0,0,0.0,83093983.6110927,0,83093983.6110927,0,0,0
9.5,0,42.0,0,42.0,0,42.0,0,0.0,0,0.0,83128619.64868847,0,83128619.64868847,0,0,0
9.5,0,44.47,0,44.24973067657317,0,65.83,0,6.359281200787157,0,0.0010534882545471,83124053.70080261,0,83124053.70080261,0,0,0
9.5,0,54.0,0,54.0,0,54.0,0,0.0,0,0.0,83034064.43415497,0,83034064.43415497,0,0,0
9.5,0,50.0,0,50.0,0,50.0,0,0.0,0,0.0955699253082275,83123878.87459505,0,83123878.87459505,0,0,0
9.5,0,43.05,0,44.32262664000086,0,56.82,0,4.51106596351101,0,0.0004934406280517,83124018.21348275,0,83124018.21348275,0,0,0
9.5,0,54.0,0,54.0,0,54.0,0,0.0,0,0.0,83033413.1967979,0,83033413.1967979,0,0,0
9.5,0,54.0,0,54.0,0,54.0,0,0.0,0,0.0,83067422.23318143,0,83067422.23318143,0,0,0
9.5,0,50.0,0,50.0,0,50.0,0,0.0,0,0.0326542401313781,83103108.74143234,0,83103108.74143234,0,0,0
9.5,0,171.14,0,173.12080619157246,0,174.0,0,2.509699313035172,0,0.1159127831459045,83064029.04658118,0,83064029.04658118,0,0,0
9.5,0,42.0,0,42.0,0,42.0,0,0.0,0,0.0,83149998.94351466,0,83149998.94351466,0,0,0
9.5,0,54.0,0,54.0,0,54.0,0,0.0,0,0.0,83075963.89048639,0,83075963.89048639,0,0,0
9.5,0,50.0,0,50.0,0,50.0,0,0.0,0,0.0561602139472961,83123512.07957667,0,83123512.07957667,0,0,0
9.5,0,54.0,0,54.0,0,54.0,0,0.0,0,0.0,83076365.00670606,0,83076365.00670606,0,0,0
9.5,0,54.0,0,54.0,0,54.0,0,0.0,0,0.0,83495260.37336205,0,83495260.37336205,0,0,0
9.5,0,50.0,0,50.0,0,50.0,0,0.0,0,0.0830535984039306,83106924.0752542,0,83106924.0752542,0,0,0
9.5,0,54.0,0,54.0,0,54.0,0,0.0,0,0.0,83089979.96981886,0,83089979.96981886,0,0,0
9.5,0,42.0,0,42.0,0,42.0,0,0.0,0,0.0,83149494.98755242,0,83149494.98755242,0,0,0
9.5,0,42.0,0,42.0,0,42.0,0,0.0,0,0.0,83124686.1082213,0,83124686.1082213,0,0,0
9.5,0,42.7,0,42.07184210526316,0,43.4,0,0.3088692778125288,0,0.0371179604530334,83129042.82677479,0,83129042.82677479,0,0,0
9.5,0,50.08,0,50.01736085311317,0,50.32,0,0.0724477893391163,0,0.1840552711486816,83098897.12548697,0,83098897.12548697,0,0,0
9.5,0,42.0,0,42.0,0,42.0,0,0.0,0,0.0,83149760.2431289,0,83149760.2431289,0,0,0
9.5,0,50.0,0,50.0,0,50.0,0,0.0,0,0.2310434126853943,83102051.56489824,0,83102051.56489824,0,0,0
9.5,0,54.0,0,54.0,0,54.0,0,0.0,0,0.0,83033403.08579767,0,83033403.08579767,0,0,0
9.5,0,54.0,0,54.0,0,54.0,0,0.0,0,0.0,83089232.5466296,0,83089232.5466296,0,0,0
9.5,0,42.0,0,42.0,0,42.0,0,0.0,0,0.0,83128167.15878107,0,83128167.15878107,0,0,0
9.5,0,42.0,0,42.0,0,42.0,0,0.0,0,0.0,83124509.63867493,0,83124509.63867493,0,0,0
9.5,0,53.96,0,53.99589473684211,0,54.0,0,0.0176496730178587,0,0.0483320903778076,83093157.59120479,0,83093157.59120479,0,0,0
9.5,0,54.0,0,54.0,0,54.0,0,0.0,0,0.0,83067508.30099475,0,83067508.30099475,0,0,0
9.5,0,42.0,0,42.0,0,42.0,0,0.0,0,0.0,83128985.957306,0,83128985.957306,0,0,0
9.5,0,54.0,0,54.0,0,54.0,0,0.0,0,0.0,83093299.73336513,0,83093299.73336513,0,0,0
9.5,0,42.0,0,42.0,0,42.0,0,0.0,0,0.0,83128166.51396075,0,83128166.51396075,0,0,0
9.5,0,50.0,0,50.0,0,50.0,0,0.0,0,0.0631181216239929,83106488.1605259,0,83106488.1605259,0,0,0
9.5,0,54.0,0,54.0,0,54.0,0,0.0,0,0.0,83076453.78662524,0,83076453.78662524,0,0,0
9.5,0,54.0,0,54.0,0,54.0,0,0.0,0,0.0,83068412.11084461,0,83068412.11084461,0,0,0
9.5,0,50.0,0,50.0,0,50.0,0,0.0,0,0.0654656529426574,83101936.17987446,0,83101936.17987446,0,0,0
9.5,0,54.0,0,54.0,0,54.0,0,0.0,0,0.0,83093506.73524736,0,83093506.73524736,0,0,0
9.5,0,42.0,0,42.0,0,42.0,0,0.0,0,0.0,83128390.81481177,0,83128390.81481177,0,0,0
9.5,0,54.04,0,54.04019530057147,0,54.52,0,0.1371986065754418,0,0.0015133881568908,83075969.41064924,0,83075969.41064924,0,0,0
9.5,0,42.0,0,42.0,0,42.0,0,0.0,0,0.0,83129072.76964308,0,83129072.76964308,0,0,0
9.5,0,54.12,0,54.23172875885725,0,55.08,0,0.4209791669431027,0,0.0,83072383.94145878,0,83072383.94145878,0,0,0
9.5,0,50.0,0,50.0,0,50.0,0,0.0,0,0.094943413734436,83097681.97057347,0,83097681.97057347,0,0,0
9.5,0,54.0,0,54.0,0,54.0,0,0.0,0,0.0,83093138.29367146,0,83093138.29367146,0,0,0
9.5,0,42.0,0,42.0,0,42.0,0,0.0,0,0.0,83124160.13797541,0,83124160.13797541,0,0,0
9.5,0,44.04,0,42.71763032581453,0,53.44,0,2.6635058579112028,0,0.031188359260559,83128564.01175351,0,83128564.01175351,0,0,0
9.5,0,50.0,0,50.0,0,50.0,0,0.0,0,0.1323568296432495,83097687.29898596,0,83097687.29898596,0,0,0
9.5,0,51.43,0,50.385756395436346,0,113.95,0,20.260323227252,0,0.058695478439331,83128812.44772434,0,83128812.44772434,0,0,0
9.5,0,54.0,0,54.0,0,54.0,0,0.0,0,0.0,83037688.12131616,0,83037688.12131616,0,0,0
9.5,0,53.64,0,58.33062949486015,0,109.44,0,16.899955495140958,0,0.1365946912765503,83098532.09596115,0,83098532.09596115,0,0,0
9.5,0,56.5,0,59.0143491428592,0,98.31,0,13.317199604232052,0,0.1021624612808227,83076043.44004041,0,83076043.44004041,0,0,0
9.5,0,42.0,0,42.0,0,42.0,0,0.0,0,0.0,83124843.22614671,0,83124843.22614671,0,0,0
9.5,0,54.0,0,54.0,0,54.0,0,0.0,0,0.0,83076975.22189964,0,83076975.22189964,0,0,0
9.5,0,54.0,0,54.0,0,54.0,0,0.0,0,0.0,83089858.22061983,0,83089858.22061983,0,0,0
9.5,0,54.0,0,54.0,0,54.0,0,0.0,0,0.0,83034052.46100244,0,83034052.46100244,0,0,0
9.5,0,55.6,0,55.60781202285847,0,74.8,0,5.487944263017673,0,0.0634091091156005,83076962.30102071,0,83076962.30102071,0,0,0
9.5,0,54.06,0,54.03467173873598,0,54.54,0,0.131849806961255,0,0.0,83076035.39809486,0,83076035.39809486,0,0,0
9.5,0,64.44,0,71.86802731582144,0,281.04,0,65.73911465183959,0,0.1116992473602294,83123739.64187893,0,83123739.64187893,0,0,0
9.5,0,64.14,0,56.44301309079638,0,67.76,0,4.594527464140161,0,0.0234155559539794,83094155.72183853,0,83094155.72183853,0,0,0
9.5,0,42.0,0,42.0,0,42.0,0,0.0,0,0.0,83124775.78231421,0,83124775.78231421,0,0,0
9.5,0,50.32,0,50.34441954742884,0,52.24,0,0.7970856981715632,0,0.0149129199981689,83123702.72437099,0,83123702.72437099,0,0,0
9.5,0,54.0,0,54.0,0,54.0,0,0.0,0,0.0,83067565.81620368,0,83067565.81620368,0,0,0
9.5,0,54.0,0,54.0,0,54.0,0,0.0,0,0.0,83094147.7903966,0,83094147.7903966,0,0,0
9.5,0,50.0,0,50.0,0,50.0,0,0.0,0,0.0528424715995788,83107445.38223574,0,83107445.38223574,0,0,0
9.5,0,42.0,0,42.0,0,42.0,0,0.0,0,0.0,83124647.54867171,0,83124647.54867171,0,0,0
9.5,0,42.0,0,42.0,0,42.0,0,0.0,0,0.0,83124007.48865159,0,83124007.48865159,0,0,0
9.5,0,42.0,0,42.0,0,42.0,0,0.0,0,0.0,83149451.66723114,0,83149451.66723114,0,0,0
9.5,0,42.0,0,42.0,0,42.0,0,0.0,0,0.0,83128987.59265755,0,83128987.59265755,0,0,0
9.5,0,54.41,0,54.31519627530192,0,58.51,0,1.1418403936900032,0,0.0148513221740722,83090159.47354837,0,83090159.47354837,0,0,0
9.5,0,42.0,0,42.0,0,42.0,0,0.0,0,0.0,83153709.29998411,0,83153709.29998411,0,0,0
9.5,0,42.0,0,42.0,0,42.0,0,0.0,0,0.0,83128828.07083602,0,83128828.07083602,0,0,0
9.5,0,42.0,0,42.0,0,42.0,0,0.0,0,0.0,83128098.65315242,0,83128098.65315242,0,0,0
9.5,0,51.2,0,51.577287588572425,0,68.0,0,4.983084320097473,0,0.0196214032173156,83098701.28124352,0,83098701.28124352,0,0,0
9.5,0,50.0,0,50.0,0,50.0,0,0.0,0,0.3450827932357788,83098812.3789703,0,83098812.3789703,0,0,0
9.5,0,50.0,0,50.0,0,50.0,0,0.0,0,0.082533254623413,83123495.15555555,0,83123495.15555555,0,0,0
9.5,0,54.0,0,54.0,0,54.0,0,0.0,0,0.0,83072312.34597555,0,83072312.34597555,0,0,0
9.5,0,50.32,0,50.17720225491743,0,52.08,0,0.5752984870290295,0,0.1859855055809021,83097803.41301805,0,83097803.41301805,0,0,0
9.5,0,50.24,0,50.623457517714485,0,54.56,0,1.4296769974634749,0,0.2681470155715942,83102825.80455476,0,83102825.80455476,0,0,0
9.5,0,55.64,0,56.48362637104897,0,80.24,0,7.466215237466546,0,0.0606622099876403,83067510.74786137,0,83067510.74786137,0,0,0
9.5,0,54.36,0,54.02747368421053,0,54.36,0,0.0941934380884984,0,7.593154907226563e-05,83088967.01545866,0,83088967.01545866,0,0,0
9.5,0,50.08,0,50.12115250590483,0,51.28,0,0.3642056213398315,0,0.0390951323509216,83098901.62212078,0,83098901.62212078,0,0,0
9.5,0,42.0,0,42.0,0,42.0,0,0.0,0,0.0,83483214.74215768,0,83483214.74215768,0,0,0
9.5,0,50.0,0,50.0,0,50.0,0,0.0,0,0.0942146515846252,83102327.47267513,0,83102327.47267513,0,0,0
9.5,0,54.0,0,54.0,0,54.0,0,0.0,0,0.0,83033916.07633644,0,83033916.07633644,0,0,0
9.5,0,54.0,0,54.0,0,54.0,0,0.0,0,0.0,83094334.44083054,0,83094334.44083054,0,0,0
9.5,0,54.0,0,54.0,0,54.0,0,0.0,0,0.0,83076914.4979795,0,83076914.4979795,0,0,0
9.5,0,50.0,0,50.0,0,50.0,0,0.0,0,0.0873106670379638,83102057.31195036,0,83102057.31195036,0,0,0
9.5,0,57.02,0,57.02724519314535,0,92.48,0,10.139299691417516,0,0.0103908777236938,83067257.55927889,0,83067257.55927889,0,0,0
9.5,0,54.06,0,54.046126284190535,0,54.66,0,0.167098594198537,0,0.0,83089339.85522336,0,83089339.85522336,0,0,0
9.5,0,54.0,0,54.0,0,54.0,0,0.0,0,0.0,83076247.98266917,0,83076247.98266917,0,0,0
9.5,0,54.0,0,54.0,0,54.0,0,0.0,0,0.0,83093201.79265484,0,83093201.79265484,0,0,0
9.5,0,42.0,0,42.0,0,42.0,0,0.0,0,0.0,83150266.55610172,0,83150266.55610172,0,0,0
9.5,0,42.0,0,42.0,0,42.0,0,0.0,0,0.0,83124509.90422639,0,83124509.90422639,0,0,0
9.5,0,42.0,0,42.0,0,42.0,0,0.0,0,0.0,83124143.61828098,0,83124143.61828098,0,0,0
9.5,0,54.0,0,54.0,0,54.0,0,0.0,0,0.0,83089907.13003051,0,83089907.13003051,0,0,0
9.5,0,54.06,0,54.03467173873598,0,54.54,0,0.131849806961255,0,0.0,83064118.82172795,0,83064118.82172795,0,0,0
9.5,0,42.0,0,42.0,0,42.0,0,0.0,0,0.0,83128035.92116302,0,83128035.92116302,0,0,0
9.5,0,50.0,0,50.0,0,50.0,0,0.0,0,0.2712158703804016,83123876.17950411,0,83123876.17950411,0,0,0
9.5,0,54.42,0,54.48205065600035,0,59.88,0,1.58755475360913,0,7.858991622924805e-05,83072368.80351257,0,83072368.80351257,0,0,0
9.5,0,54.0,0,54.0,0,54.0,0,0.0,0,0.0,83072239.75853184,0,83072239.75853184,0,0,0
9.5,0,43.76,0,43.76859322514431,0,64.88,0,6.03673868931944,0,0.0,83149804.21017845,0,83149804.21017845,0,0,0
9.5,0,42.0,0,42.0,0,42.0,0,0.0,0,0.0,83149582.25109893,0,83149582.25109893,0,0,0
9.5,0,54.0,0,54.0,0,54.0,0,0.0,0,0.0,83088827.8922319,0,83088827.8922319,0,0,0
9.5,0,50.0,0,50.0,0,50.0,0,0.0,0,0.2125512862205505,83102344.5243365,0,83102344.5243365,0,0,0
9.5,0,50.0,0,50.0,0,50.0,0,0.0,0,0.040406150817871,83101939.42025608,0,83101939.42025608,0,0,0
9.5,0,50.0,0,50.0,0,50.0,0,0.0,0,0.0666713094711303,83106317.92174703,0,83106317.92174703,0,0,0
9.5,0,54.0,0,54.0,0,54.0,0,0.0,0,0.0,83094140.76788305,0,83094140.76788305,0,0,0
9.5,0,54.0,0,54.0,0,54.0,0,0.0,0,0.0,83094323.64007148,0,83094323.64007148,0,0,0
9.5,0,43.88,0,45.94375055543012,0,75.84,0,10.259136480130554,0,0.0,83128487.5108744,0,83128487.5108744,0,0,0
9.5,0,54.64,0,55.66255338057195,0,66.16,0,3.812471993235933,0,0.0102472400665283,83090055.30365315,0,83090055.30365315,0,0,0
9.5,0,50.0,0,50.0,0,50.0,0,0.0,0,0.1045468997955322,83123568.01983903,0,83123568.01983903,0,0,0
9.5,0,54.0,0,54.0,0,54.0,0,0.0,0,0.0,83094106.92899494,0,83094106.92899494,0,0,0
9.5,0,54.36,0,54.03694736842105,0,54.72,0,0.1588470571607291,0,0.0,83090100.64076713,0,83090100.64076713,0,0,0
9.5,0,42.0,0,42.0,0,42.0,0,0.0,0,0.0,83124006.01645458,0,83124006.01645458,0,0,0
9.5,0,54.0,0,54.0,0,54.0,0,0.0,0,0.0,83089964.79020008,0,83089964.79020008,0,0,0
9.5,0,54.26,0,54.87541231085736,0,58.0,0,1.1547230777681323,0,0.0201689004898071,83064223.46997434,0,83064223.46997434,0,0,0
9.5,0,42.0,0,42.0,0,42.0,0,0.0,0,0.0,83127993.11169228,0,83127993.11169228,0,0,0
9.5,0,50.75,0,50.31004966460269,0,52.27,0,0.6687952070315484,0,0.1545059418678283,83098603.91827619,0,83098603.91827619,0,0,0
9.5,0,54.0,0,54.0,0,54.0,0,0.0,0,0.0,83089793.72193767,0,83089793.72193767,0,0,0
9.5,0,50.0,0,50.0,0,50.0,0,0.0,0,0.0724245119094848,83102274.92912142,0,83102274.92912142,0,0,0
9.5,0,42.36,0,42.24075770514315,0,45.6,0,0.8945915651912224,0,0.0940864491462707,83124082.69949241,0,83124082.69949241,0,0,0
9.5,0,42.0,0,42.0,0,42.0,0,0.0,0,0.0,83129072.38585615,0,83129072.38585615,0,0,0
9.5,0,54.0,0,54.0,0,54.0,0,0.0,0,0.0,83072478.04875052,0,83072478.04875052,0,0,0
9.5,0,52.28,0,54.86284641828759,0,88.32,0,11.534276492699975,0,0.1914637088775634,83123747.36535148,0,83123747.36535148,0,0,0
9.5,0,54.0,0,54.0,0,54.0,0,0.0,0,0.0,83071576.81847714,0,83071576.81847714,0,0,0
9.5,0,42.0,0,42.0,0,42.0,0,0.0,0,0.0,83149556.98784514,0,83149556.98784514,0,0,0
9.5,0,54.0,0,54.0,0,54.0,0,0.0,0,0.0,83093978.17751692,0,83093978.17751692,0,0,0
9.5,0,50.0,0,50.0,0,50.0,0,0.0,0,0.0170374846458435,83123831.31224212,0,83123831.31224212,0,0,0
9.5,0,54.0,0,54.0,0,54.0,0,0.0,0,0.0,83064236.23048402,0,83064236.23048402,0,0,0
9.5,0,54.0,0,54.0,0,54.0,0,0.0,0,0.0,83094026.29369566,0,83094026.29369566,0,0,0
9.5,0,155.68,0,150.76513364585193,0,158.72,0,8.497962119706244,0,0.0598508214950561,83089450.50862584,0,83089450.50862584,0,0,0
9.5,0,42.0,0,42.0,0,42.0,0,0.0,0,0.0,83149589.69949952,0,83149589.69949952,0,0,0
9.5,0,42.0,0,42.0,0,42.0,0,0.0,0,0.0,83128160.36597967,0,83128160.36597967,0,0,0
9.5,0,54.0,0,54.0,0,54.0,0,0.0,0,0.0,83067252.94911242,0,83067252.94911242,0,0,0
9.5,0,55.6,0,55.60781202285845,0,74.8,0,5.487944263017674,0,0.0,83089931.97122301,0,83089931.97122301,0,0,0
9.5,0,54.0,0,54.0,0,54.0,0,0.0,0,0.0,83034060.43317261,0,83034060.43317261,0,0,0
9.5,0,54.0,0,54.0,0,54.0,0,0.0,0,0.0,83495260.54150859,0,83495260.54150859,0,0,0
9.5,0,54.06,0,54.04012628419053,0,54.6,0,0.149098594198537,0,0.0,83094140.76208322,0,83094140.76208322,0,0,0
9.5,0,42.0,0,42.0,0,42.0,0,0.0,0,0.0,83149699.36042304,0,83149699.36042304,0,0,0
9.5,0,54.0,0,54.0,0,54.0,0,0.0,0,0.0,83071997.67868067,0,83071997.67868067,0,0,0
9.5,0,54.0,0,54.0,0,54.0,0,0.0,0,0.0,83067368.9631728,0,83067368.9631728,0,0,0
9.5,0,54.0,0,54.0,0,54.0,0,0.0,0,0.0,83034016.0776524,0,83034016.0776524,0,0,0
9.5,0,54.0,0,54.0,0,54.0,0,0.0,0,0.0,83093298.39940147,0,83093298.39940147,0,0,0
9.5,0,42.0,0,42.0,0,42.0,0,0.0,0,0.0,83128620.08518255,0,83128620.08518255,0,0,0
9.5,0,54.0,0,54.0,0,54.0,0,0.0,0,0.0,83067508.66155586,0,83067508.66155586,0,0,0
9.5,0,42.0,0,42.0,0,42.0,0,0.0,0,0.0,83123992.36210546,0,83123992.36210546,0,0,0
9.5,0,50.0,0,50.0,0,50.0,0,0.0,0,0.0438259482383728,83098737.62202692,0,83098737.62202692,0,0,0
9.5,0,50.0,0,50.0,0,50.0,0,0.0,0,0.040820505619049,83098893.1498311,0,83098893.1498311,0,0,0
9.5,0,50.0,0,50.0,0,50.0,0,0.0,0,0.1169999885559082,83101938.31003834,0,83101938.31003834,0,0,0
9.5,0,50.0,0,50.0,0,50.0,0,0.0,0,0.0401855611801147,83107453.32810146,0,83107453.32810146,0,0,0
9.5,0,50.0,0,50.0,0,50.0,0,0.0,0,0.1978117847442627,83102271.68461147,0,83102271.68461147,0,0,0
9.5,0,42.0,0,42.0,0,42.0,0,0.0,0,0.0,83150162.31740732,0,83150162.31740732,0,0,0
9.5,0,42.0,0,42.0,0,42.0,0,0.0,0,0.0,83128054.78614405,0,83128054.78614405,0,0,0
9.5,0,54.0,0,54.0,0,54.0,0,0.0,0,0.0,83033995.56811321,0,83033995.56811321,0,0,0
9.5,0,54.0,0,54.0,0,54.0,0,0.0,0,0.0,83089901.91952068,0,83089901.91952068,0,0,0
9.5,0,50.0,0,50.0,0,50.0,0,0.0,0,0.0808150434494018,83107460.80397688,0,83107460.80397688,0,0,0
9.5,0,54.0,0,54.0,0,54.0,0,0.0,0,0.0,83072491.4551706,0,83072491.4551706,0,0,0
9.5,0,42.0,0,42.0,0,42.0,0,0.0,0,0.0,83124654.4736504,0,83124654.4736504,0,0,0
9.5,0,54.0,0,54.0,0,54.0,0,0.0,0,0.0,83037694.69174892,0,83037694.69174892,0,0,0
9.5,0,42.0,0,42.0,0,42.0,0,0.0,0,0.0,83124899.08895999,0,83124899.08895999,0,0,0
9.5,0,50.0,0,50.0,0,50.0,0,0.0,0,0.1078731346130371,83123823.04142639,0,83123823.04142639,0,0,0
9.5,0,42.0,0,42.0,0,42.0,0,0.0,0,0.0,83150249.60602275,0,83150249.60602275,0,0,0
9.5,0,54.0,0,54.0,0,54.0,0,0.0,0,0.0,83093141.40592557,0,83093141.40592557,0,0,0
9.5,0,42.0,0,42.0,0,42.0,0,0.0,0,0.0,83124129.14525288,0,83124129.14525288,0,0,0
9.5,0,54.06,0,54.03467173873598,0,54.54,0,0.131849806961255,0,0.0,83076508.45849028,0,83076508.45849028,0,0,0
9.5,0,54.0,0,54.0,0,54.0,0,0.0,0,0.0,83090057.71152075,0,83090057.71152075,0,0,0
9.5,0,54.2,0,54.41954793142873,0,57.6,0,1.0913974978862289,0,0.0016692399978637,83089183.85675238,0,83089183.85675238,0,0,0
9.5,0,50.0,0,50.0,0,50.0,0,0.0,0,0.0776298093795776,83097624.06241527,0,83097624.06241527,0,0,0
9.5,0,42.0,0,42.0,0,42.0,0,0.0,0,0.0,83149826.79253222,0,83149826.79253222,0,0,0
9.5,0,50.0,0,50.0,0,50.0,0,0.0,0,0.0808318972587585,83098900.38012138,0,83098900.38012138,0,0,0
9.5,0,42.0,0,42.0,0,42.0,0,0.0,0,0.0,83132293.89316186,0,83132293.89316186,0,0,0
9.5,0,54.0,0,54.0,0,54.0,0,0.0,0,0.0,83067235.35845616,0,83067235.35845616,0,0,0
9.5,0,50.0,0,50.0,0,50.0,0,0.0,0,0.1625998401641845,83101940.69984445,0,83101940.69984445,0,0,0
9.5,0,50.0,0,50.0,0,50.0,0,0.0,0,0.1573338222503662,83107451.44586997,0,83107451.44586997,0,0,0
9.5,0,54.12,0,54.01231578947369,0,54.24,0,0.0529490190535763,0,0.0,83037115.5225614,0,83037115.5225614,0,0,0
9.5,0,54.0,0,54.0,0,54.0,0,0.0,0,0.0,83089198.42178734,0,83089198.42178734,0,0,0
9.5,0,54.0,0,54.0,0,54.0,0,0.0,0,0.0,83033990.83153056,0,83033990.83153056,0,0,0
9.5,0,50.0,0,50.0,0,50.0,0,0.0,0,0.3191032552719116,83106449.74643938,0,83106449.74643938,0,0,0
9.5,0,42.0,0,42.0,0,42.0,0,0.0,0,0.0,83149486.29035231,0,83149486.29035231,0,0,0
9.5,0,56.26,0,56.59389162514472,0,85.64,0,8.54255653132532,0,0.0,83089295.09316446,0,83089295.09316446,0,0,0
9.5,0,42.0,0,42.0,0,42.0,0,0.0,0,0.0,83150314.95499061,0,83150314.95499061,0,0,0
9.5,0,50.0,0,50.0,0,50.0,0,0.0,0,0.0889856553077697,83123615.0336867,0,83123615.0336867,0,0,0
9.5,0,42.32,0,42.18491593992523,0,44.88,0,0.7031989704600267,0,0.0001779603958129,83124776.33665887,0,83124776.33665887,0,0,0
9.5,0,50.0,0,50.0,0,50.0,0,0.0,0,0.0587681436538696,83098355.40902314,0,83098355.40902314,0,0,0
9.5,0,50.0,0,50.0,0,50.0,0,0.0,0,0.0477763152122497,83103004.85813448,0,83103004.85813448,0,0,0
9.5,0,54.0,0,54.0,0,54.0,0,0.0,0,0.0,83093293.14627245,0,83093293.14627245,0,0,0
9.5,0,50.0,0,50.0,0,50.0,0,0.0,0,0.1319471907615661,83123571.55001229,0,83123571.55001229,0,0,0
9.5,0,54.0,0,54.0,0,54.0,0,0.0,0,0.0,83033993.81340955,0,83033993.81340955,0,0,0
9.5,0,54.0,0,54.0,0,54.0,0,0.0,0,0.0,83064240.41073786,0,83064240.41073786,0,0,0
9.5,0,42.0,0,42.0,0,42.0,0,0.0,0,0.0,83483260.54313967,0,83483260.54313967,0,0,0
9.5,0,50.0,0,50.0,0,50.0,0,0.0,0,0.1760624384880066,83102340.99897219,0,83102340.99897219,0,0,0
9.5,0,43.95,0,42.99355844864629,0,49.41,0,2.128999851505061,0,0.0667333316802978,83149438.94586615,0,83149438.94586615,0,0,0
9.5,0,54.12,0,54.06934347747196,0,55.08,0,0.26369961392251,0,0.0147285985946655,83072365.80757967,0,83072365.80757967,0,0,0
9.5,0,50.0,0,50.0,0,50.0,0,0.0,0,0.2758629393577576,83106976.29486544,0,83106976.29486544,0,0,0
9.5,0,42.0,0,42.0,0,42.0,0,0.0,0,0.0,83129057.47781171,0,83129057.47781171,0,0,0
9.5,0,54.0,0,54.0,0,54.0,0,0.0,0,0.0,83089345.06026383,0,83089345.06026383,0,0,0
9.5,0,50.0,0,50.0,0,50.0,0,0.0,0,0.0610889887809753,83103030.37279382,0,83103030.37279382,0,0,0
9.5,0,42.0,0,42.0,0,42.0,0,0.0,0,0.0,83129074.95061699,0,83129074.95061699,0,0,0
9.5,0,50.0,0,50.0,0,50.0,0,0.0,0,0.0767135071754455,83106495.38886522,0,83106495.38886522,0,0,0
9.5,0,54.0,0,54.0,0,54.0,0,0.0,0,0.0,83075982.00486775,0,83075982.00486775,0,0,0
9.5,0,42.18,0,42.03906191950464,0,42.72,0,0.1630075260130117,0,0.0,83124697.35080506,0,83124697.35080506,0,0,0
9.5,0,42.0,0,42.0,0,42.0,0,0.0,0,0.0,83127805.61043955,0,83127805.61043955,0,0,0
9.5,0,42.0,0,42.0,0,42.0,0,0.0,0,0.0,83124053.36076574,0,83124053.36076574,0,0,0
9.5,0,54.0,0,54.0,0,54.0,0,0.0,0,0.0,83089245.20369339,0,83089245.20369339,0,0,0
9.5,0,50.0,0,50.0,0,50.0,0,0.0,0,0.0261267828941345,83123494.63753073,0,83123494.63753073,0,0,0
9.5,0,42.0,0,42.0,0,42.0,0,0.0,0,0.0,83129046.17065288,0,83129046.17065288,0,0,0
9.5,0,42.18,0,42.00899999999999,0,42.18,0,0.039230090491866,0,0.0,83149647.14579366,0,83149647.14579366,0,0,0
9.5,0,50.0,0,50.0,0,50.0,0,0.0,0,0.0606553649902343,83097809.4021578,0,83097809.4021578,0,0,0
9.5,0,54.44,0,54.45929116342892,0,58.28,0,1.2838073065058817,0,0.0803871703147888,83072472.40580931,0,83072472.40580931,0,0,0
9.5,0,54.0,0,54.0,0,54.0,0,0.0,0,0.0,83037251.53248571,0,83037251.53248571,0,0,0
9.5,0,54.0,0,54.0,0,54.0,0,0.0,0,0.0,83064234.22265808,0,83064234.22265808,0,0,0
9.5,0,54.0,0,54.0,0,54.0,0,0.0,0,0.0,83068270.80429044,0,83068270.80429044,0,0,0
9.5,0,54.0,0,54.0,0,54.0,0,0.0,0,0.0,83068382.24432474,0,83068382.24432474,0,0,0
9.5,0,54.0,0,54.0,0,54.0,0,0.0,0,0.0,83089873.63579969,0,83089873.63579969,0,0,0
9.5,0,42.0,0,42.0,0,42.0,0,0.0,0,0.0,83128978.25462951,0,83128978.25462951,0,0,0
9.5,0,54.0,0,54.0,0,54.0,0,0.0,0,0.0,83067236.74853696,0,83067236.74853696,0,0,0
9.5,0,54.0,0,54.0,0,54.0,0,0.0,0,0.0,83072483.5228682,0,83072483.5228682,0,0,0
9.5,0,50.1,0,50.010263157894734,0,50.2,0,0.0441241825446469,0,0.1086412739753723,83097625.18398733,0,83097625.18398733,0,0,0
9.5,0,54.0,0,54.0,0,54.0,0,0.0,0,0.0,83034133.40300465,0,83034133.40300465,0,0,0
9.5,0,54.44,0,54.29425941739719,0,58.4,0,1.0933896907892715,0,0.0,83033927.14747028,0,83033927.14747028,0,0,0
9.5,0,50.0,0,50.0,0,50.0,0,0.0,0,0.1506710529327392,83102471.99683818,0,83102471.99683818,0,0,0
9.5,0,42.0,0,42.0,0,42.0,0,0.0,0,0.0,83128633.48135708,0,83128633.48135708,0,0,0
9.5,0,42.0,0,42.0,0,42.0,0,0.0,0,0.0,83128385.8650587,0,83128385.8650587,0,0,0
9.5,0,50.0,0,50.0,0,50.0,0,0.0,0,0.2043012595176696,83102213.69096482,0,83102213.69096482,0,0,0
9.5,0,54.0,0,54.0,0,54.0,0,0.0,0,0.0,83094397.83845717,0,83094397.83845717,0,0,0
9.5,0,50.2,0,50.30288126476207,0,53.2,0,0.9105140533495788,0,0.1639712691307067,83102292.31895034,0,83102292.31895034,0,0,0
9.5,0,42.0,0,42.0,0,42.0,0,0.0,0,0.0,83150117.78935066,0,83150117.78935066,0,0,0
9.5,0,50.0,0,50.0,0,50.0,0,0.0,0,0.0735596370697021,83106955.14319828,0,83106955.14319828,0,0,0
9.5,0,42.0,0,42.0,0,42.0,0,0.0,0,0.0,83483284.90252839,0,83483284.90252839,0,0,0
9.5,0,54.0,0,54.0,0,54.0,0,0.0,0,0.0,83093409.98789471,0,83093409.98789471,0,0,0
9.5,0,50.24,0,50.86345751771449,0,54.8,0,1.4296769974634749,0,0.0411584973335266,83123802.0725398,0,83123802.0725398,0,0,0
9.5,0,50.0,0,50.0,0,50.0,0,0.0,0,0.0333603930473327,83123504.60494038,0,83123504.60494038,0,0,0
9.5,0,54.69,0,54.90694036342913,0,64.35,0,2.865273484056047,0,0.0387313389778137,83093155.26364823,0,83093155.26364823,0,0,0
9.5,0,54.0,0,54.0,0,54.0,0,0.0,0,0.0,83094036.1137602,0,83094036.1137602,0,0,0
9.5,0,42.0,0,42.0,0,42.0,0,0.0,0,0.0,83124768.04507694,0,83124768.04507694,0,0,0
9.5,0,54.0,0,54.0,0,54.0,0,0.0,0,0.0,83093399.20167924,0,83093399.20167924,0,0,0
9.5,0,54.0,0,54.0,0,54.0,0,0.0,0,0.0,83093123.1076895,0,83093123.1076895,0,0,0
9.5,0,42.0,0,42.0,0,42.0,0,0.0,0,0.0,83124843.05241369,0,83124843.05241369,0,0,0
9.5,0,54.0,0,54.0,0,54.0,0,0.0,0,0.0,83076516.30152094,0,83076516.30152094,0,0,0
9.5,0,54.0,0,54.0,0,54.0,0,0.0,0,0.0,83064228.55512542,0,83064228.55512542,0,0,0
9.5,0,42.0,0,42.0,0,42.0,0,0.0,0,0.0,83150187.20959824,0,83150187.20959824,0,0,0
9.5,0,54.0,0,54.0,0,54.0,0,0.0,0,0.0,83089701.62627245,0,83089701.62627245,0,0,0
9.5,0,50.0,0,50.0,0,50.0,0,0.0,0,0.0273169136047363,83123492.1438553,0,83123492.1438553,0,0,0
9.5,0,50.0,0,50.0,0,50.0,0,0.0,0,0.0414872360229492,83123629.66101487,0,83123629.66101487,0,0,0
9.5,0,42.32,0,42.24600684901614,0,45.52,0,0.8911925023921977,0,0.0,83483200.50845256,0,83483200.50845256,0,0,0
9.5,0,88.56,0,82.98453152626529,0,94.88,0,12.819779169616082,0,0.0829691815376281,83089444.14161678,0,83089444.14161678,0,0,0
9.5,0,54.0,0,54.0,0,54.0,0,0.0,0,0.0,83068385.07033439,0,83068385.07033439,0,0,0
9.5,0,54.32,0,54.18491593992522,0,56.88,0,0.7031989704600267,0,0.0,83093507.85486424,0,83093507.85486424,0,0,0
9.5,0,50.86,0,51.1783894384769,0,59.54,0,2.75734693908366,0,0.0862868332862854,83103088.6095996,0,83103088.6095996,0,0,0
9.5,0,50.48,0,50.024,0,50.48,0,0.1046135746449761,0,0.1298133873939514,83098373.66195041,0,83098373.66195041,0,0,0
9.5,0,54.0,0,54.0,0,54.0,0,0.0,0,0.0,83067424.6447097,0,83067424.6447097,0,0,0
9.5,0,54.0,0,54.0,0,54.0,0,0.0,0,0.0,83034055.55259775,0,83034055.55259775,0,0,0
9.5,0,54.0,0,54.0,0,54.0,0,0.0,0,0.0,83072476.47968356,0,83072476.47968356,0,0,0
9.5,0,54.0,0,54.0,0,54.0,0,0.0,0,0.0,83088968.65240937,0,83088968.65240937,0,0,0
9.5,0,54.0,0,54.0,0,54.0,0,0.0,0,0.0,83076140.38597497,0,83076140.38597497,0,0,0
9.5,0,42.0,0,42.0,0,42.0,0,0.0,0,0.0,83124148.93318087,0,83124148.93318087,0,0,0
9.5,0,50.0,0,50.0,0,50.0,0,0.0,0,0.1048287391662597,83097687.54469971,0,83097687.54469971,0,0,0
9.5,0,54.2,0,54.15375428063509,0,56.2,0,0.5569953139951236,0,0.0401291108131408,83037257.6819355,0,83037257.6819355,0,0,0
9.5,0,50.0,0,50.0,0,50.0,0,0.0,0,0.2536125993728638,83123492.45468837,0,83123492.45468837,0,0,0
9.5,0,54.0,0,54.0,0,54.0,0,0.0,0,0.0,83089916.18644315,0,83089916.18644315,0,0,0
9.5,0,42.0,0,42.0,0,42.0,0,0.0,0,0.0,83149491.54724121,0,83149491.54724121,0,0,0
9.5,0,42.0,0,42.0,0,42.0,0,0.0,0,0.0,83128053.85972819,0,83128053.85972819,0,0,0
9.5,0,54.0,0,54.0,0,54.0,0,0.0,0,0.0,83076014.95402658,0,83076014.95402658,0,0,0
9.5,0,54.0,0,54.0,0,54.0,0,0.0,0,0.0,83067364.3973251,0,83067364.3973251,0,0,0
9.5,0,54.0,0,54.0,0,54.0,0,0.0,0,0.0,83033817.39844507,0,83033817.39844507,0,0,0
9.5,0,54.0,0,54.0,0,54.0,0,0.0,0,0.0,83093220.89027643,0,83093220.89027643,0,0,0
9.5,0,50.1,0,50.010263157894734,0,50.2,0,0.0441241825446469,0,0.06893070936203,83103053.4257382,0,83103053.4257382,0,0,0
9.5,0,42.0,0,42.0,0,42.0,0,0.0,0,0.0,83150561.03950147,0,83150561.03950147,0,0,0
9.5,0,54.0,0,54.0,0,54.0,0,0.0,0,0.054515905380249,83076905.47022225,0,83076905.47022225,0,0,0
9.5,0,42.0,0,42.0,0,42.0,0,0.0,0,0.0,83150687.4225448,0,83150687.4225448,0,0,0
9.5,0,54.84,0,54.291759986659365,0,56.88,0,1.20499765632483,0,7.238388061523437e-06,83076497.01688302,0,83076497.01688302,0,0,0
9.5,0,42.0,0,42.0,0,42.0,0,0.0,0,0.0,83128999.11012894,0,83128999.11012894,0,0,0
9.5,0,50.0,0,50.0,0,50.0,0,0.0,0,0.4518494129180908,83102811.6788187,0,83102811.6788187,0,0,0
9.5,0,42.99,0,42.092131578947374,0,43.62,0,0.3596853197749929,0,0.0492082118988037,83149740.03111686,0,83149740.03111686,0,0,0
9.5,0,50.0,0,50.0,0,50.0,0,0.0,0,0.0637212610244751,83103088.77690385,0,83103088.77690385,0,0,0
9.5,0,54.0,0,54.0,0,54.0,0,0.0,0,0.0,83033379.65432672,0,83033379.65432672,0,0,0
9.5,0,59.87,0,62.81156512076675,0,141.68,0,24.835816367612843,0,0.0471520948410034,83093319.71630196,0,83093319.71630196,0,0,0
9.5,0,54.0,0,54.0,0,54.0,0,0.0,0,0.0,83487478.24668312,0,83487478.24668312,0,0,0
9.5,0,42.18,0,42.15837885257158,0,44.16,0,0.557864325090535,0,0.0,83124018.23930115,0,83124018.23930115,0,0,0
9.5,0,54.0,0,54.0,0,54.0,0,0.0,0,0.0,83089853.04460199,0,83089853.04460199,0,0,0
9.5,0,52.83,0,52.20125799162139,0,79.74,0,7.588005440143883,0,0.0508580923080444,83106319.16563718,0,83106319.16563718,0,0,0
9.5,0,50.2,0,50.06923546611627,0,51.2,0,0.2794205303323694,0,0.1079893612861633,83102227.97371449,0,83102227.97371449,0,0,0
9.5,0,42.12,0,42.03354127966976,0,42.6,0,0.1377190591052301,0,0.0214795899391174,83149322.66935548,0,83149322.66935548,0,0,0
9.5,0,42.0,0,42.0,0,42.0,0,0.0,0,0.0,83149829.14758362,0,83149829.14758362,0,0,0
9.5,0,50.0,0,50.0,0,50.0,0,0.0,0,0.0432539987564086,83098632.69469847,0,83098632.69469847,0,0,0
9.5,0,50.0,0,50.0,0,50.0,0,0.0,0,0.393481957912445,83123816.00372934,0,83123816.00372934,0,0,0
9.5,0,64.64,0,72.17090858058351,0,284.24,0,66.64962870518917,0,0.0747805857658386,83106934.74304153,0,83106934.74304153,0,0,0
9.5,0,54.0,0,54.0,0,54.0,0,0.0,0,0.0,83037250.50424805,0,83037250.50424805,0,0,0
9.5,0,42.0,0,42.0,0,42.0,0,0.0,0,0.0,83150694.6163019,0,83150694.6163019,0,0,0
9.5,0,50.6,0,50.2086587793012,0,51.4,0,0.4926796239991712,0,0.0509358048439025,83102033.54478091,0,83102033.54478091,0,0,0
9.5,0,54.0,0,54.0,0,54.0,0,0.0,0,0.0,83089854.81074572,0,83089854.81074572,0,0,0
9.5,0,54.0,0,54.0,0,54.0,0,0.0,0,0.0,83071569.09044582,0,83071569.09044582,0,0,0
9.5,0,42.0,0,42.0,0,42.0,0,0.0,0,0.0,83483279.96438624,0,83483279.96438624,0,0,0
9.5,0,42.0,0,42.0,0,42.0,0,0.0,0,0.0,83124819.11634293,0,83124819.11634293,0,0,0
9.5,0,50.0,0,50.0,0,50.0,0,0.0,0,0.0830228161811828,83106911.41906425,0,83106911.41906425,0,0,0
9.5,0,50.0,0,50.0,0,50.0,0,0.0,0,0.3625317645072937,83123633.4757997,0,83123633.4757997,0,0,0
9.5,0,42.32,0,42.133633888643175,0,44.24,0,0.5294854491138251,0,0.0135961818695068,83149353.5296469,0,83149353.5296469,0,0,0
9.5,0,42.0,0,42.0,0,42.0,0,0.0,0,0.0,83132286.56742427,0,83132286.56742427,0,0,0
9.5,0,42.0,0,42.0,0,42.0,0,0.0,0,0.0,83483281.64276484,0,83483281.64276484,0,0,0
9.5,0,54.0,0,54.0,0,54.0,0,0.0,0,0.0,83033398.84587082,0,83033398.84587082,0,0,0
9.5,0,50.0,0,50.0,0,50.0,0,0.0,0,0.1084459781646728,83106674.02462505,0,83106674.02462505,0,0,0
9.5,0,54.6,0,54.72407236571478,0,57.0,0,1.084543024274218,0,0.0070983862876892,83033392.68245979,0,83033392.68245979,0,0,0
9.5,0,54.64,0,54.07679532163743,0,55.08,0,0.2546816135360756,0,0.0,83037702.86322969,0,83037702.86322969,0,0,0
9.5,0,50.0,0,50.0,0,50.0,0,0.0,0,0.5840231800079345,83102279.12039076,0,83102279.12039076,0,0,0
9.5,0,54.0,0,54.0,0,54.0,0,0.0,0,0.0,83089188.1635099,0,83089188.1635099,0,0,0
9.5,0,42.0,0,42.0,0,42.0,0,0.0,0,0.0,83128158.0758504,0,83128158.0758504,0,0,0
9.5,0,54.0,0,54.0,0,54.0,0,0.0,0,0.0,83071559.02293898,0,83071559.02293898,0,0,0
9.5,0,42.0,0,42.0,0,42.0,0,0.0,0,0.0,83149486.97400598,0,83149486.97400598,0,0,0
9.5,0,54.0,0,54.0,0,54.0,0,0.0,0,0.0,83033400.11625355,0,83033400.11625355,0,0,0
9.5,0,56.82,0,56.151519966016096,0,72.08,0,4.507916335251133,0,0.0322768473625183,83093972.86097957,0,83093972.86097957,0,0,0
9.5,0,54.0,0,54.0,0,54.0,0,0.0,0,0.0,83094089.32581964,0,83094089.32581964,0,0,0
9.5,0,54.0,0,54.0,0,54.0,0,0.0,0,0.0,83089164.87328334,0,83089164.87328334,0,0,0
9.5,0,54.0,0,54.0,0,54.0,0,0.0,0,0.0,83089699.87006658,0,83089699.87006658,0,0,0
9.5,0,54.0,0,54.0,0,54.0,0,0.0,0,0.0,83089817.3957639,0,83089817.3957639,0,0,0
9.5,0,42.18,0,42.00899999999999,0,42.18,0,0.039230090491866,0,0.0,83127714.23317844,0,83127714.23317844,0,0,0
9.5,0,50.0,0,50.0,0,50.0,0,0.0,0,0.152848994731903,83098370.82533437,0,83098370.82533437,0,0,0
9.5,0,42.0,0,42.0,0,42.0,0,0.0,0,0.0,83132204.4959525,0,83132204.4959525,0,0,0
9.5,0,50.0,0,50.0,0,50.0,0,0.0,0,0.071906566619873,83102984.2161473,0,83102984.2161473,0,0,0
9.5,0,42.0,0,42.0,0,42.0,0,0.0,0,0.0,83483226.51174544,0,83483226.51174544,0,0,0
9.5,0,58.11,0,54.89235500515996,0,69.6,0,3.5257638779261056,0,0.0037341570854187,83089354.80105916,0,83089354.80105916,0,0,0
9.5,0,50.0,0,50.0,0,50.0,0,0.0,0,0.4630007386207581,83097624.5601237,0,83097624.5601237,0,0,0
9.5,0,54.0,0,54.0,0,54.0,0,0.0,0,0.0,83089812.95143762,0,83089812.95143762,0,0,0
9.5,0,42.0,0,42.0,0,42.0,0,0.0,0,0.0,83124882.06600872,0,83124882.06600872,0,0,0
9.5,0,42.0,0,42.0,0,42.0,0,0.0,0,0.0,83124763.53346291,0,83124763.53346291,0,0,0
9.5,0,50.8,0,50.66903738332531,0,57.6,0,2.0891494063359155,0,0.063561246395111,83106441.4527613,0,83106441.4527613,0,0,0
9.5,0,54.0,0,54.0,0,54.0,0,0.0,0,0.0,83072063.65280998,0,83072063.65280998,0,0,0
9.5,0,54.0,0,54.0,0,54.0,0,0.0,0,0.0,83064226.53978421,0,83064226.53978421,0,0,0
9.5,0,50.3,0,50.15669202701324,0,51.7,0,0.4456003320243047,0,0.139141149520874,83102884.99979743,0,83102884.99979743,0,0,0
9.5,0,50.35,0,50.56754221333362,0,53.35,0,1.136448489935662,0,0.2400986242294311,83102266.53513017,0,83102266.53513017,0,0,0
9.5,0,42.0,0,42.0,0,42.0,0,0.0,0,0.0,83127981.24614911,0,83127981.24614911,0,0,0
9.5,0,54.0,0,54.0,0,54.0,0,0.0,0,0.0,83033916.47636357,0,83033916.47636357,0,0,0
9.5,0,50.0,0,50.0,0,50.0,0,0.0,0,0.1771823334693908,83107443.92712288,0,83107443.92712288,0,0,0
9.5,0,54.0,0,54.0,0,54.0,0,0.0,0,0.0,83088829.40620904,0,83088829.40620904,0,0,0
9.5,0,42.0,0,42.0,0,42.0,0,0.0,0,0.0,83149809.1439313,0,83149809.1439313,0,0,0
9.5,0,56.2,0,54.23245614035088,0,58.28,0,0.9439316233892124,0,0.0029568982124328,83076379.9363848,0,83076379.9363848,0,0,0
9.5,0,50.0,0,50.0,0,50.0,0,0.0,0,0.0872887277603149,83106911.84676622,0,83106911.84676622,0,0,0
9.5,0,54.0,0,54.0,0,54.0,0,0.0,0,0.0,83063981.56082186,0,83063981.56082186,0,0,0
9.5,0,54.0,0,54.0,0,54.0,0,0.0,0,0.0,83033543.67911161,0,83033543.67911161,0,0,0
9.5,0,54.0,0,54.0,0,54.0,0,0.0,0,0.0,83072241.91260391,0,83072241.91260391,0,0,0
9.5,0,54.0,0,54.0,0,54.0,0,0.0,0,0.0,83033924.12173392,0,83033924.12173392,0,0,0
9.5,0,54.0,0,54.0,0,54.0,0,0.0,0,0.0,83089863.1859226,0,83089863.1859226,0,0,0
9.5,0,54.0,0,54.0,0,54.0,0,0.0,0,0.0,83068535.23497885,0,83068535.23497885,0,0,0
9.5,0,54.0,0,54.0,0,54.0,0,0.0,0,0.0,83089060.4643598,0,83089060.4643598,0,0,0
9.5,0,50.4,0,50.65576252952414,0,53.4,0,1.29558552603058,0,0.2731815981864929,83102050.68486995,0,83102050.68486995,0,0,0
9.5,0,50.0,0,50.0,0,50.0,0,0.0,0,0.059818468093872,83101875.87644361,0,83101875.87644361,0,0,0
9.5,0,54.0,0,54.0,0,54.0,0,0.0,0,0.0,83075924.16890031,0,83075924.16890031,0,0,0
9.5,0,54.0,0,54.0,0,54.0,0,0.0,0,0.0,83089857.5978314,0,83089857.5978314,0,0,0
9.5,0,54.0,0,54.0,0,54.0,0,0.0,0,0.0,83076958.7761075,0,83076958.7761075,0,0,0
9.5,0,54.0,0,54.0,0,54.0,0,0.0,0,0.0,83034050.7250999,0,83034050.7250999,0,0,0
9.5,0,50.0,0,50.0,0,50.0,0,0.0,0,0.1557661151885986,83103089.85496077,0,83103089.85496077,0,0,0
9.5,0,50.0,0,50.0,0,50.0,0,0.0,0,0.232284460067749,83098747.42994407,0,83098747.42994407,0,0,0
9.5,0,54.0,0,54.0,0,54.0,0,0.0,0,0.0,83093412.24838834,0,83093412.24838834,0,0,0
9.5,0,50.0,0,50.0,0,50.0,0,0.0,0,0.1397040081024169,83106605.11042686,0,83106605.11042686,0,0,0
9.5,0,54.92,0,54.80949191314361,0,65.04,0,2.851306550462734,0,5.671024322509766e-05,83072364.73822817,0,83072364.73822817,0,0,0
9.5,0,42.0,0,42.0,0,42.0,0,0.0,0,0.0,83129064.27267034,0,83129064.27267034,0,0,0
9.5,0,42.0,0,42.0,0,42.0,0,0.0,0,0.0,83128373.84937344,0,83128373.84937344,0,0,0
9.5,0,54.0,0,54.0,0,54.0,0,0.0,0,0.0,83034012.90175079,0,83034012.90175079,0,0,0
9.5,0,50.0,0,50.0,0,50.0,0,0.0,0,0.0382231378555297,83106679.0311024,0,83106679.0311024,0,0,0
9.5,0,54.0,0,54.0,0,54.0,0,0.0,0,0.0,83093141.5975802,0,83093141.5975802,0,0,0
9.5,0,54.0,0,54.0,0,54.0,0,0.0,0,0.0,83093318.92395787,0,83093318.92395787,0,0,0
9.5,0,42.36,0,42.071311919504645,0,43.26,0,0.2907085677909986,0,0.0,83127796.52299652,0,83127796.52299652,0,0,0
9.5,0,50.0,0,50.0,0,50.0,0,0.0,0,0.0512224984169006,83097817.967319,0,83097817.967319,0,0,0
9.5,0,42.0,0,42.0,0,42.0,0,0.0,0,0.0,83127778.72655767,0,83127778.72655767,0,0,0
9.5,0,42.0,0,42.0,0,42.0,0,0.0,0,0.0,83124141.86205158,0,83124141.86205158,0,0,0
9.5,0,42.0,0,42.0,0,42.0,0,0.0,0,0.0,83129060.18480845,0,83129060.18480845,0,0,0
9.5,0,42.12,0,42.25172875885724,0,44.16,0,0.6548384987317374,0,0.0009135198593139,83150048.972144,0,83150048.972144,0,0,0
9.5,0,42.08,0,42.247819172571496,0,42.8,0,0.2806527779620685,0,0.0,83149435.6897747,0,83149435.6897747,0,0,0
9.5,0,42.0,0,42.0,0,42.0,0,0.0,0,0.0,83150307.4920332,0,83150307.4920332,0,0,0
9.5,0,42.0,0,42.0,0,42.0,0,0.0,0,0.0,83127995.81494215,0,83127995.81494215,0,0,0
9.5,0,42.56,0,42.028,0,42.56,0,0.1220491704191388,0,0.0,83132314.6366185,0,83132314.6366185,0,0,0
9.5,0,42.0,0,42.0,0,42.0,0,0.0,0,0.0,83124833.44707032,0,83124833.44707032,0,0,0
9.5,0,42.18,0,42.12037885257158,0,43.8,0,0.4472957825956112,0,0.0,83129048.57545568,0,83129048.57545568,0,0,0
9.5,0,50.1,0,50.10048825142865,0,51.3,0,0.3429965164386046,0,0.3599951982498169,83102798.41595908,0,83102798.41595908,0,0,0
9.5,0,42.56,0,42.05747368421053,0,43.12,0,0.247095422250023,0,0.0,83149623.49239226,0,83149623.49239226,0,0,0
9.5,0,55.44,0,56.08001628711845,0,58.72,0,1.6476575837457506,0,0.0393648886680603,83123622.80138795,0,83123622.80138795,0,0,0
9.5,0,54.0,0,54.0,0,54.0,0,0.0,0,0.0,83075895.47625925,0,83075895.47625925,0,0,0
9.5,0,42.0,0,42.0,0,42.0,0,0.0,0,0.0,83127969.41989084,0,83127969.41989084,0,0,0
9.5,0,42.0,0,42.0,0,42.0,0,0.0,0,0.0,83124876.20190361,0,83124876.20190361,0,0,0
9.5,0,42.0,0,42.0,0,42.0,0,0.0,0,0.0,83129063.28709352,0,83129063.28709352,0,0,0
9.5,0,54.44,0,54.505005449143226,0,60.16,0,1.6631525990190883,0,0.0,83072241.42122032,0,83072241.42122032,0,0,0
9.5,0,50.0,0,50.0,0,50.0,0,0.0,0,0.0419595050811767,83098780.40621397,0,83098780.40621397,0,0,0
9.5,0,54.0,0,54.0,0,54.0,0,0.0,0,0.0,83075915.28037974,0,83075915.28037974,0,0,0
9.5,0,42.46,0,42.35363484546069,0,47.06,0,1.2810892221887844,0,0.0021251392364501,83128751.14153057,0,83128751.14153057,0,0,0
9.5,0,42.0,0,42.0,0,42.0,0,0.0,0,0.0,83124712.7328092,0,83124712.7328092,0,0,0
9.5,0,54.0,0,54.0,0,54.0,0,0.0,0,0.0,83033406.8883537,0,83033406.8883537,0,0,0
9.5,0,54.0,0,54.0,0,54.0,0,0.0,0,0.0,83033386.92765382,0,83033386.92765382,0,0,0
9.5,0,54.0,0,54.0,0,54.0,0,0.0,0,0.0,83088964.61846216,0,83088964.61846216,0,0,0
9.5,0,54.0,0,54.0,0,54.0,0,0.0,0,0.0,83064120.51835968,0,83064120.51835968,0,0,0
9.5,0,54.0,0,54.0,0,54.0,0,0.0,0,0.0,83093972.5152691,0,83093972.5152691,0,0,0
9.5,0,50.0,0,50.0,0,50.0,0,0.0,0,0.0076147389411926,83102856.84482938,0,83102856.84482938,0,0,0
9.5,0,50.0,0,50.0,0,50.0,0,0.0,0,0.0202362442016601,83102234.22152613,0,83102234.22152613,0,0,0
9.5,0,50.0,0,50.0,0,50.0,0,0.0,0,0.2534675312042236,83123483.78941506,0,83123483.78941506,0,0,0
9.5,0,42.0,0,42.0,0,42.0,0,0.0,0,0.0,83149987.3012816,0,83149987.3012816,0,0,0
9.5,0,50.0,0,50.0,0,50.0,0,0.0,0,0.0476357960700988,83101930.57223146,0,83101930.57223146,0,0,0
9.5,0,54.0,0,54.0,0,54.0,0,0.0,0,0.0,83089224.85932028,0,83089224.85932028,0,0,0
9.5,0,50.0,0,50.0,0,50.0,0,0.0,0,0.0306605267524719,83106676.96786019,0,83106676.96786019,0,0,0
9.5,0,54.0,0,54.0,0,54.0,0,0.0,0,0.0,83093966.69623666,0,83093966.69623666,0,0,0
9.5,0,54.68,0,54.27978599105573,0,56.63,0,0.7878973055193588,0,0.0,83088962.6369836,0,83088962.6369836,0,0,0
9.5,0,42.0,0,42.0,0,42.0,0,0.0,0,0.0,83150246.2076649,0,83150246.2076649,0,0,0
9.5,0,51.44,0,52.211570809994974,0,63.2,0,4.235563035339523,0,0.1135333323478698,83107441.71059613,0,83107441.71059613,0,0,0
9.5,0,43.14,0,42.61126303598362,0,47.13,0,1.6536377678432117,0,0.0014415502548217,83149975.48791924,0,83149975.48791924,0,0,0
9.5,0,54.69,0,54.19286235810113,0,57.45,0,0.7918845898550732,0,0.0106577396392822,83068548.52447389,0,83068548.52447389,0,0,0
9.5,0,50.24,0,50.13868695494392,0,52.16,0,0.52739922784502,0,0.0592694425582885,83106906.44827743,0,83106906.44827743,0,0,0
9.5,0,50.4,0,50.07503955968352,0,50.8,0,0.2312912006332542,0,0.1261184048652649,83102454.05292861,0,83102454.05292861,0,0,0
9.5,0,42.0,0,42.0,0,42.0,0,0.0,0,0.0,83483256.76650062,0,83483256.76650062,0,0,0
9.5,0,50.0,0,50.0,0,50.0,0,0.0,0,0.0959661221504211,83102998.69880864,0,83102998.69880864,0,0,0
9.5,0,42.0,0,42.0,0,42.0,0,0.0,0,0.0,83124524.69603938,0,83124524.69603938,0,0,0
9.5,0,50.5,0,50.27232970203171,0,53.5,0,0.9079858213008536,0,0.0655787801742553,83123552.91623122,0,83123552.91623122,0,0,0
9.5,0,54.06,0,54.078864379428616,0,54.9,0,0.2491542160048735,0,0.0,83067263.32828231,0,83067263.32828231,0,0,0
9.5,0,54.0,0,54.0,0,54.0,0,0.0,0,0.0,83088819.38041216,0,83088819.38041216,0,0,0
9.5,0,54.0,0,54.0,0,54.0,0,0.0,0,0.0,83090088.0879348,0,83090088.0879348,0,0,0
9.5,0,42.0,0,42.0,0,42.0,0,0.0,0,0.0,83128367.138444,0,83128367.138444,0,0,0
9.5,0,42.0,0,42.0,0,42.0,0,0.0,0,0.0,83124654.47727647,0,83124654.47727647,0,0,0
9.5,0,42.0,0,42.0,0,42.0,0,0.0,0,0.0,83129049.59180354,0,83129049.59180354,0,0,0
9.5,0,42.0,0,42.0,0,42.0,0,0.0,0,0.0,83129061.74856792,0,83129061.74856792,0,0,0
9.5,0,54.93,0,54.33596369033444,0,59.24,0,1.2351149901486616,0,0.0298086309432983,83089982.10942824,0,83089982.10942824,0,0,0
9.5,0,50.0,0,50.0,0,50.0,0,0.0,0,0.1117840361595153,83102460.26101021,0,83102460.26101021,0,0,0
9.5,0,42.18,0,42.206593138285854,0,44.52,0,0.6803806086896271,0,0.0,83124770.86652802,0,83124770.86652802,0,0,0
9.5,0,50.0,0,50.0,0,50.0,0,0.0,0,0.1394926142692566,83097865.89567718,0,83097865.89567718,0,0,0
9.5,0,50.73,0,51.57848378809873,0,59.95,0,2.8696964571011256,0,0.0697482371330261,83102855.4691145,0,83102855.4691145,0,0,0
9.5,0,54.29,0,54.60834450057167,0,59.22,0,1.5825263719350318,0,0.0,83034132.48477973,0,83034132.48477973,0,0,0
9.5,0,54.0,0,54.0,0,54.0,0,0.0,0,0.0,83034016.07533179,0,83034016.07533179,0,0,0
9.5,0,54.0,0,54.0,0,54.0,0,0.0,0,0.0,83093500.28979063,0,83093500.28979063,0,0,0
9.5,0,42.0,0,42.0,0,42.0,0,0.0,0,0.0,83128811.9689618,0,83128811.9689618,0,0,0
9.5,0,42.0,0,42.0,0,42.0,0,0.0,0,0.0,83129041.92548932,0,83129041.92548932,0,0,0
9.5,0,42.0,0,42.0,0,42.0,0,0.0,0,0.0,83150102.62430331,0,83150102.62430331,0,0,0
9.5,0,42.0,0,42.0,0,42.0,0,0.0,0,0.0,83149404.11137778,0,83149404.11137778,0,0,0
9.5,0,54.06,0,54.01302063983488,0,54.24,0,0.0543358420043372,0,0.0,83093490.83240224,0,83093490.83240224,0,0,0
9.5,0,42.56,0,42.121525971792224,0,44.24,0,0.5071345253738143,0,0.0,83150254.44152105,0,83150254.44152105,0,0,0
9.5,0,50.0,0,50.0,0,50.0,0,0.0,0,0.0489519381523132,83097862.10393696,0,83097862.10393696,0,0,0
9.5,0,42.0,0,42.0,0,42.0,0,0.0,0,0.0,83150327.79696211,0,83150327.79696211,0,0,0
9.5,0,54.0,0,54.0,0,54.0,0,0.0,0,0.0,83089817.53488603,0,83089817.53488603,0,0,0
9.5,0,42.0,0,42.0,0,42.0,0,0.0,0,0.0,83128761.3516729,0,83128761.3516729,0,0,0
9.5,0,42.0,0,42.0,0,42.0,0,0.0,0,0.0,83149808.0326081,0,83149808.0326081,0,0,0
9.5,0,50.0,0,50.0,0,50.0,0,0.0,0,0.2184745073318481,83098361.43129984,0,83098361.43129984,0,0,0
9.5,0,50.2,0,50.15375428063509,0,52.2,0,0.5569953139951236,0,0.0363287377357482,83106957.9694399,0,83106957.9694399,0,0,0
9.5,0,50.0,0,50.0,0,50.0,0,0.0,0,0.2263230633735656,83106426.58497612,0,83106426.58497612,0,0,0
9.5,0,50.0,0,50.0,0,50.0,0,0.0,0,0.0992190599441528,83101797.17589183,0,83101797.17589183,0,0,0
9.5,0,42.0,0,42.0,0,42.0,0,0.0,0,0.0,83149619.97780015,0,83149619.97780015,0,0,0
9.5,0,54.0,0,54.0,0,54.0,0,0.0,0,0.0,83071589.47049038,0,83071589.47049038,0,0,0
9.5,0,42.0,0,42.0,0,42.0,0,0.0,0,0.0,83124417.09491634,0,83124417.09491634,0,0,0
9.5,0,50.0,0,50.0,0,50.0,0,0.0,0,0.3754946517944336,83098696.83471556,0,83098696.83471556,0,0,0
9.5,0,54.0,0,54.0,0,54.0,0,0.0,0,0.0,83037706.29558101,0,83037706.29558101,0,0,0
9.5,0,42.0,0,42.0,0,42.0,0,0.0,0,0.0,83132741.39501965,0,83132741.39501965,0,0,0
9.5,0,54.06,0,54.03467173873598,0,54.54,0,0.131849806961255,0,0.0,83076432.1227735,0,83076432.1227735,0,0,0
9.5,0,54.0,0,54.0,0,54.0,0,0.0,0,0.0,83089763.90186937,0,83089763.90186937,0,0,0
9.5,0,54.0,0,54.0,0,54.0,0,0.0,0,0.0,83037109.41959184,0,83037109.41959184,0,0,0
9.5,0,54.0,0,54.0,0,54.0,0,0.0,0,0.0,83034050.61566354,0,83034050.61566354,0,0,0
9.5,0,63.56,0,77.31335238497313,0,284.56,0,71.08736048852032,0,0.1800813460350036,83106492.27495028,0,83106492.27495028,0,0,0
9.5,0,43.5,0,42.41926599587203,0,49.5,0,1.7214882388153765,0,0.0,83128690.78936577,0,83128690.78936577,0,0,0
9.5,0,55.6,0,54.347217062263496,0,60.4,0,1.4489557867823266,0,0.0,83090202.29110985,0,83090202.29110985,0,0,0
9.5,0,42.0,0,42.0,0,42.0,0,0.0,0,0.0,83128110.75284636,0,83128110.75284636,0,0,0
9.5,0,42.0,0,42.0,0,42.0,0,0.0,0,0.0,83150698.48826489,0,83150698.48826489,0,0,0
9.5,0,50.0,0,50.0,0,50.0,0,0.0,0,0.066277596950531,83101802.25604782,0,83101802.25604782,0,0,0
9.5,0,50.1,0,50.005,0,50.1,0,0.0217944947177033,0,0.2008165693283081,83123707.31479241,0,83123707.31479241,0,0,0
9.5,0,42.18,0,42.06231191950464,0,43.08,0,0.2514784772991325,0,0.0,83128029.83814688,0,83128029.83814688,0,0,0
9.5,0,42.0,0,42.0,0,42.0,0,0.0,0,0.0,83150255.48100816,0,83150255.48100816,0,0,0
9.5,0,54.0,0,54.0,0,54.0,0,0.0,0,0.0,83067588.0792914,0,83067588.0792914,0,0,0
9.5,0,54.0,0,54.0,0,54.0,0,0.0,0,5.917139704227448,83089368.9717242,0,83089368.9717242,0,0,0
9.5,0,42.0,0,42.0,0,42.0,0,0.0,0,0.0,83129047.74525124,0,83129047.74525124,0,0,0
9.5,0,54.0,0,54.0,0,54.0,0,0.0,0,0.0,83089068.88079332,0,83089068.88079332,0,0,0
9.5,0,42.0,0,42.0,0,42.0,0,0.0,0,0.0,83129002.65928021,0,83129002.65928021,0,0,0
9.5,0,50.0,0,50.0,0,50.0,0,0.0,0,0.3007083082199097,83097872.93783364,0,83097872.93783364,0,0,0
9.5,0,54.2,0,54.15375428063509,0,56.2,0,0.5569953139951236,0,0.0,83076386.42678392,0,83076386.42678392,0,0,0
9.5,0,42.0,0,42.0,0,42.0,0,0.0,0,0.0,83149975.09879555,0,83149975.09879555,0,0,0
9.5,0,42.0,0,42.0,0,42.0,0,0.0,0,0.0,83128494.80208367,0,83128494.80208367,0,0,0
9.5,0,54.18,0,54.012157894736845,0,54.18,0,0.0420159887386745,0,0.0034355020523071,83089688.46412727,0,83089688.46412727,0,0,0
9.5,0,42.0,0,42.0,0,42.0,0,0.0,0,0.0,83150056.43337482,0,83150056.43337482,0,0,0
9.5,0,50.0,0,50.0,0,50.0,0,0.0,0,0.0090106844902038,83097865.13543932,0,83097865.13543932,0,0,0
9.5,0,50.0,0,50.0,0,50.0,0,0.0,0,0.2076783275604248,83487428.03515069,0,83487428.03515069,0,0,0
9.5,0,57.06,0,52.931154811047215,0,97.74,0,11.269904089475636,0,0.4703744196891785,83102266.76993924,0,83102266.76993924,0,0,0
9.5,0,54.0,0,54.0,0,54.0,0,0.0,0,0.0,83034059.9379088,0,83034059.9379088,0,0,0
9.5,0,50.0,0,50.0,0,50.0,0,0.0,0,0.084719066619873,83106312.7532756,0,83106312.7532756,0,0,0
9.5,0,50.0,0,50.0,0,50.0,0,0.0,0,0.1042444610595703,83106165.54885322,0,83106165.54885322,0,0,0
9.5,0,42.0,0,42.0,0,42.0,0,0.0,0,0.0,83128156.45896417,0,83128156.45896417,0,0,0
9.5,0,42.0,0,42.0,0,42.0,0,0.0,0,0.0,83483259.3452825,0,83483259.3452825,0,0,0
9.5,0,54.0,0,54.0,0,54.0,0,0.0,0,0.1322623109817504,83089108.1879672,0,83089108.1879672,0,0,0
9.5,0,42.0,0,42.0,0,42.0,0,0.0,0,0.0,83129001.51918444,0,83129001.51918444,0,0,0
9.5,0,54.0,0,54.0,0,54.0,0,0.0,0,0.0,83094083.92934164,0,83094083.92934164,0,0,0
9.5,0,42.0,0,42.0,0,42.0,0,0.0,0,0.0,83128160.6145751,0,83128160.6145751,0,0,0
9.5,0,42.18,0,42.15837885257158,0,44.16,0,0.557864325090535,0,0.0,83128366.2101665,0,83128366.2101665,0,0,0
9.5,0,50.0,0,50.0,0,50.0,0,0.0,0,0.069180257320404,83123818.12502518,0,83123818.12502518,0,0,0
9.5,0,54.18,0,54.13304551923824,0,55.32,0,0.3603349254178447,0,0.000379900932312,83076014.5767287,0,83076014.5767287,0,0,0
9.5,0,42.0,0,42.0,0,42.0,0,0.0,0,0.0,83124777.51200321,0,83124777.51200321,0,0,0
9.5,0,50.1,0,50.08798825142865,0,51.2,0,0.3099246250502972,0,0.136477530002594,83098354.00203468,0,83098354.00203468,0,0,0
9.5,0,54.0,0,54.0,0,54.0,0,0.0,0,0.0,83076123.92277752,0,83076123.92277752,0,0,0
9.5,0,54.0,0,54.0,0,54.0,0,0.0,0,0.0,83064238.03249678,0,83064238.03249678,0,0,0
9.5,0,42.0,0,42.0,0,42.0,0,0.0,0,0.0,83132741.22857153,0,83132741.22857153,0,0,0
9.5,0,50.0,0,50.0,0,50.0,0,0.0,0,0.0844899439811706,83102283.7838906,0,83102283.7838906,0,0,0
9.5,0,54.0,0,54.0,0,54.0,0,0.0,0,0.0,83093179.25243607,0,83093179.25243607,0,0,0
9.5,0,50.0,0,50.0,0,50.0,0,0.0,0,0.1687944030761718,83123868.24999586,0,83123868.24999586,0,0,0
9.5,0,54.0,0,54.0,0,54.0,0,0.0,0,0.0,83068524.3817169,0,83068524.3817169,0,0,0
9.5,0,42.0,0,42.0,0,42.0,0,0.0,0,0.0,83149814.88305975,0,83149814.88305975,0,0,0
9.5,0,42.0,0,42.0,0,42.0,0,0.0,0,0.0,83124025.50232849,0,83124025.50232849,0,0,0
9.5,0,50.0,0,50.0,0,50.0,0,0.0,0,0.124675133228302,83487428.51216826,0,83487428.51216826,0,0,0
9.5,0,42.0,0,42.0,0,42.0,0,0.0,0,0.0,83150182.96253563,0,83150182.96253563,0,0,0
9.5,0,54.0,0,54.0,0,54.0,0,0.0,0,0.0,83076025.20850901,0,83076025.20850901,0,0,0
9.5,0,54.0,0,54.0,0,54.0,0,0.0,0,6.161395316123962,83064148.07261856,0,83064148.07261856,0,0,0
9.5,0,54.0,0,54.0,0,54.0,0,0.0,0,0.0,83089790.704854,0,83089790.704854,0,0,0
9.5,0,54.0,0,54.0,0,54.0,0,0.0,0,0.0,83076527.29756147,0,83076527.29756147,0,0,0
9.5,0,50.44,0,50.65823488637264,0,55.96,0,1.718796725731249,0,0.0635940361022949,83123616.61775045,0,83123616.61775045,0,0,0
9.5,0,42.0,0,42.0,0,42.0,0,0.0,0,0.0,83124022.30285633,0,83124022.30285633,0,0,0
9.5,0,50.0,0,50.0,0,50.0,0,0.0,0,0.638429696559906,83102238.00395347,0,83102238.00395347,0,0,0
9.5,0,42.0,0,42.0,0,42.0,0,0.0,0,0.0,83128106.3961723,0,83128106.3961723,0,0,0
9.5,0,54.0,0,54.0,0,54.0,0,0.0,0,0.0,83089178.66083165,0,83089178.66083165,0,0,0
9.5,0,43.72,0,42.17652631578947,0,45.44,0,0.7589359397679281,0,0.0,83150623.79294057,0,83150623.79294057,0,0,0
9.5,0,50.0,0,50.0,0,50.0,0,0.0,0,0.2087433815002441,83123737.68307206,0,83123737.68307206,0,0,0
9.5,0,54.0,0,54.0,0,54.0,0,0.0,0,0.0,83068281.5786914,0,83068281.5786914,0,0,0
9.5,0,54.0,0,54.0,0,54.0,0,0.0,0,0.0,83034140.56842305,0,83034140.56842305,0,0,0
9.5,0,54.12,0,54.06934347747196,0,55.08,0,0.26369961392251,0,0.0,83089116.9607719,0,83089116.9607719,0,0,0
9.5,0,42.0,0,42.0,0,42.0,0,0.0,0,0.0,83149680.95652038,0,83149680.95652038,0,0,0
9.5,0,50.0,0,50.0,0,50.0,0,0.0,0,0.1400954890251159,83106181.79597352,0,83106181.79597352,0,0,0
9.5,0,54.0,0,54.0,0,54.0,0,0.0,0,0.0,83037250.13869187,0,83037250.13869187,0,0,0
9.5,0,52.25,0,51.88367616108521,0,75.88,0,6.661050075691519,0,0.082803316116333,83103006.39001544,0,83103006.39001544,0,0,0
9.5,0,50.0,0,50.0,0,50.0,0,0.0,0,0.0399378752708435,83102214.88210517,0,83102214.88210517,0,0,0
9.5,0,42.0,0,42.0,0,42.0,0,0.0,0,0.0,83128802.34734698,0,83128802.34734698,0,0,0
9.5,0,54.18,0,54.10102320821593,0,55.56,0,0.382023347496785,0,0.0027434396743774,83089681.54031536,0,83089681.54031536,0,0,0
9.5,0,43.88,0,42.094,0,43.88,0,0.4097365006928233,0,0.0,83150064.2598979,0,83150064.2598979,0,0,0
9.5,0,55.63,0,56.14248230781087,0,78.45,0,6.7686895347990665,0,0.0288271594047546,83068386.57024221,0,83068386.57024221,0,0,0
9.5,0,42.61,0,43.07628785752431,0,52.37,0,3.041205610870469,0,0.0015546703338623,83149625.07614599,0,83149625.07614599,0,0,0
9.5,0,54.0,0,54.0,0,54.0,0,0.0,0,0.0,83033835.03422235,0,83033835.03422235,0,0,0
9.5,0,42.0,0,42.0,0,42.0,0,0.0,0,0.0,83124142.24080434,0,83124142.24080434,0,0,0
9.5,0,50.0,0,50.0,0,50.0,0,0.0,0,0.1741565728187561,83101913.25533481,0,83101913.25533481,0,0,0
9.5,0,42.0,0,42.0,0,42.0,0,0.0,0,0.0,83128642.3946439,0,83128642.3946439,0,0,0
9.5,0,54.0,0,54.0,0,54.0,0,0.0,0,0.0,83089242.38203315,0,83089242.38203315,0,0,0
9.5,0,50.64,0,50.69550576152434,0,52.4,0,1.069429351516346,0,0.0407938694953918,83123750.06747064,0,83123750.06747064,0,0,0
9.5,0,54.25,0,54.25122062857163,0,58.68,0,1.6120836272614418,0,0.0001787900924682,83093260.83391263,0,83093260.83391263,0,0,0
9.5,0,54.0,0,54.0,0,54.0,0,0.0,0,0.0,83093447.00593573,0,83093447.00593573,0,0,0
9.5,0,42.0,0,42.0,0,42.0,0,0.0,0,0.0,83128489.27356538,0,83128489.27356538,0,0,0
9.5,0,136.7,0,78.96649198977838,0,243.08,0,52.14610262429609,0,0.0532887864112854,83088823.51551992,0,83088823.51551992,0,0,0
9.5,0,50.04,0,50.01670423608039,0,50.28,0,0.0661856811392281,0,0.1027824902534484,83102862.81227277,0,83102862.81227277,0,0,0
9.5,0,54.0,0,54.0,0,54.0,0,0.0,0,0.0,83076121.81979792,0,83076121.81979792,0,0,0
9.5,0,42.56,0,42.23385930512556,0,45.92,0,0.926599535949194,0,0.0,83127787.72618599,0,83127787.72618599,0,0,0
9.5,0,50.41,0,50.0205,0,50.41,0,0.0893574283425838,0,0.0660513305664062,83101813.07006873,0,83101813.07006873,0,0,0
9.5,0,54.0,0,54.0,0,54.0,0,0.0,0,0.0,83088811.91261242,0,83088811.91261242,0,0,0
9.5,0,54.0,0,54.0,0,54.0,0,0.0,0,0.0,83089277.11153738,0,83089277.11153738,0,0,0
9.5,0,42.0,0,42.0,0,42.0,0,0.0,0,0.0,83149618.02014764,0,83149618.02014764,0,0,0
9.5,0,42.0,0,42.0,0,42.0,0,0.0,0,0.0,83128116.19203953,0,83128116.19203953,0,0,0
9.5,0,54.0,0,54.0,0,54.0,0,0.0,0,0.0,83037268.57840505,0,83037268.57840505,0,0,0
9.5,0,50.0,0,50.0,0,50.0,0,0.0,0,0.0839753699302673,83123765.11959735,0,83123765.11959735,0,0,0
9.5,0,54.0,0,54.0,0,54.0,0,0.0,0,0.0,83089116.25994907,0,83089116.25994907,0,0,0
9.5,0,54.0,0,54.0,0,54.0,0,0.0,0,0.0,83033547.17594069,0,83033547.17594069,0,0,0
9.5,0,54.0,0,54.0,0,54.0,0,0.0,0,0.0,83033394.06879567,0,83033394.06879567,0,0,0
9.5,0,56.2,0,61.489298486858864,0,95.72,0,12.416687371678025,0,0.0029602575302124,83034052.45089716,0,83034052.45089716,0,0,0
9.5,0,54.0,0,54.0,0,54.0,0,0.0,0,0.0,83067524.72053596,0,83067524.72053596,0,0,0
9.5,0,54.0,0,54.0,0,54.0,0,0.0,0,0.0,83033383.59720148,0,83033383.59720148,0,0,0
9.5,0,42.24,0,42.13868695494392,0,44.16,0,0.52739922784502,0,0.011051058769226,83150042.38243943,0,83150042.38243943,0,0,0
9.5,0,54.0,0,54.0,0,54.0,0,0.0,0,0.0,83034068.79588224,0,83034068.79588224,0,0,0
9.5,0,54.0,0,54.0,0,54.0,0,0.0,0,0.0,83090060.12248787,0,83090060.12248787,0,0,0
9.5,0,42.0,0,42.0,0,42.0,0,0.0,0,0.0,83149343.90236947,0,83149343.90236947,0,0,0
9.5,0,50.0,0,50.0,0,50.0,0,0.0,0,0.1128049087524414,83123891.01500633,0,83123891.01500633,0,0,0
9.5,0,54.0,0,54.0,0,54.0,0,0.0,0,0.0,83089974.16224536,0,83089974.16224536,0,0,0
9.5,0,54.0,0,54.0,0,54.0,0,0.0,0,0.0712704253196716,83088824.42210755,0,83088824.42210755,0,0,0
9.5,0,54.0,0,54.0,0,54.0,0,0.0,0,0.0,83072379.22773783,0,83072379.22773783,0,0,0
9.5,0,50.1,0,50.03461773305813,0,50.6,0,0.1397102651661847,0,0.1077110886573791,83106692.04095683,0,83106692.04095683,0,0,0
9.5,0,50.0,0,50.0,0,50.0,0,0.0,0,0.3851674175262451,83101829.25238979,0,83101829.25238979,0,0,0
9.5,0,54.0,0,54.0,0,54.0,0,0.0,0,0.0,83094034.53220662,0,83094034.53220662,0,0,0
9.5,0,54.24,0,54.059582559339525,0,54.6,0,0.1782495701239316,0,0.0079624795913696,83034148.14192654,0,83034148.14192654,0,0,0
9.5,0,50.0,0,50.0,0,50.0,0,0.0,0,0.1116135883331298,83098732.25004137,0,83098732.25004137,0,0,0
9.5,0,54.2,0,54.02052631578948,0,54.4,0,0.0882483650892939,0,0.0,83034006.4340636,0,83034006.4340636,0,0,0
9.5,0,54.0,0,54.0,0,54.0,0,0.0,0,0.0,83094093.97310548,0,83094093.97310548,0,0,0
9.5,0,56.29,0,51.75812207602339,0,81.45,0,7.218774014765811,0,0.3206076812744141,83102992.85432099,0,83102992.85432099,0,0,0
9.5,0,42.0,0,42.0,0,42.0,0,0.0,0,0.0,83149829.24871543,0,83149829.24871543,0,0,0
9.5,0,42.0,0,42.0,0,42.0,0,0.0,0,0.0,83483211.39600164,0,83483211.39600164,0,0,0
9.5,0,54.24,0,54.13868695494391,0,56.16,0,0.52739922784502,0,0.2384547400474548,83090189.46373211,0,83090189.46373211,0,0,0
9.5,0,50.0,0,50.0,0,50.0,0,0.0,0,0.083333683013916,83106435.31930107,0,83106435.31930107,0,0,0
9.5,0,50.0,0,50.0,0,50.0,0,0.0,0,0.1289126801490783,83123879.13435589,0,83123879.13435589,0,0,0
9.5,0,54.08,0,54.05750171225404,0,54.44,0,0.1473242438370647,0,0.0959763526916503,83088892.02387407,0,83088892.02387407,0,0,0
9.5,0,54.0,0,54.0,0,54.0,0,0.0,0,0.0,83075912.06683442,0,83075912.06683442,0,0,0
9.5,0,50.48,0,50.024,0,50.48,0,0.1046135746449761,0,0.0304991245269775,83102991.06599109,0,83102991.06599109,0,0,0
9.5,0,50.0,0,50.0,0,50.0,0,0.0,0,0.035932650566101,83123515.04057369,0,83123515.04057369,0,0,0
9.5,0,54.0,0,54.0,0,54.0,0,0.0,0,0.0,83072014.44899128,0,83072014.44899128,0,0,0
9.5,0,42.0,0,42.0,0,42.0,0,0.0,0,0.0,83149828.54807371,0,83149828.54807371,0,0,0
9.5,0,50.0,0,50.0,0,50.0,0,0.0,0,0.1107489562034606,83098375.89810939,0,83098375.89810939,0,0,0
9.5,0,50.0,0,50.0,0,50.0,0,0.0,0,0.0638898968696594,83098897.31778081,0,83098897.31778081,0,0,0
9.5,0,42.0,0,42.0,0,42.0,0,0.0,0,0.0,83128893.51764767,0,83128893.51764767,0,0,0
9.5,0,50.0,0,50.0,0,50.0,0,0.0,0,0.0886080241203308,83106693.2116667,0,83106693.2116667,0,0,0
9.5,0,42.0,0,42.0,0,42.0,0,0.0,0,0.0,83128507.06184736,0,83128507.06184736,0,0,0
9.5,0,54.0,0,54.0,0,54.0,0,0.0,0,0.0,83067234.69078766,0,83067234.69078766,0,0,0
9.5,0,50.0,0,50.0,0,50.0,0,0.0,0,0.0994359874725341,83123824.44562145,0,83123824.44562145,0,0,0
9.5,0,54.0,0,54.0,0,54.0,0,0.0,0,0.0,83034071.64116746,0,83034071.64116746,0,0,0
9.5,0,42.0,0,42.0,0,42.0,0,0.0,0,0.0,83483207.98603623,0,83483207.98603623,0,0,0
9.5,0,54.18,0,54.35759313828586,0,57.18,0,0.953973476850144,0,0.0027368783950805,83090106.48473875,0,83090106.48473875,0,0,0
9.5,0,50.27,0,50.027710526315786,0,50.54,0,0.1191352928705468,0,0.036155560016632,83098892.37844147,0,83098892.37844147,0,0,0
9.5,0,42.0,0,42.0,0,42.0,0,0.0,0,0.0,83483280.86139071,0,83483280.86139071,0,0,0
9.5,0,54.0,0,54.0,0,54.0,0,0.0,0,0.0,83033810.18990527,0,83033810.18990527,0,0,0
9.5,0,42.18,0,42.18087885257157,0,44.34,0,0.6173937295894882,0,0.0,83150644.5531377,0,83150644.5531377,0,0,0
9.5,0,54.0,0,54.0,0,54.0,0,0.0,0,0.0,83089342.02632609,0,83089342.02632609,0,0,0
9.5,0,42.0,0,42.0,0,42.0,0,0.0,0,0.0,83150048.76960164,0,83150048.76960164,0,0,0
9.5,0,54.0,0,54.0,0,54.0,0,0.0,0,0.0,83076921.5618676,0,83076921.5618676,0,0,0
9.5,0,54.0,0,54.0,0,54.0,0,0.0,0,0.0,83072299.56186606,0,83072299.56186606,0,0,0
9.5,0,54.0,0,54.0,0,54.0,0,0.0,0,0.0,83088965.38749982,0,83088965.38749982,0,0,0
9.5,0,54.0,0,54.0,0,54.0,0,0.0,0,0.0,83076170.9907445,0,83076170.9907445,0,0,0
9.5,0,42.0,0,42.0,0,42.0,0,0.0,0,0.0,83127976.3848012,0,83127976.3848012,0,0,0
9.5,0,42.0,0,42.0,0,42.0,0,0.0,0,0.0,83149621.3813609,0,83149621.3813609,0,0,0
9.5,0,42.0,0,42.0,0,42.0,0,0.0,0,0.0,83128889.52543086,0,83128889.52543086,0,0,0
9.5,0,54.9,0,55.58796569142931,0,69.3,0,4.487024671776101,0,0.0701217103004455,83093131.48976664,0,83093131.48976664,0,0,0
9.5,0,50.0,0,50.0,0,50.0,0,0.0,0,0.0716702938079834,83097792.49155828,0,83097792.49155828,0,0,0
9.5,0,54.19,0,54.24973720152396,0,56.85,0,0.7889883506820999,0,0.0318045401573181,83076913.0865524,0,83076913.0865524,0,0,0
9.5,0,54.0,0,54.0,0,54.0,0,0.0,0,0.0,83033988.5406087,0,83033988.5406087,0,0,0
9.5,0,50.58,0,50.433720025674354,0,53.68,0,1.0622175328198455,0,0.1937884616851806,83106179.5515121,0,83106179.5515121,0,0,0
9.5,0,54.0,0,54.0,0,54.0,0,0.0,0,0.0,83094015.72012056,0,83094015.72012056,0,0,0
9.5,0,54.0,0,54.0,0,54.0,0,0.0,0,0.0,83037128.12133817,0,83037128.12133817,0,0,0
9.5,0,54.0,0,54.0,0,54.0,0,0.0,0,0.0,83072477.70675482,0,83072477.70675482,0,0,0
9.5,0,42.0,0,42.0,0,42.0,0,0.0,0,0.0,83482357.57741655,0,83482357.57741655,0,0,0
9.5,0,54.0,0,54.0,0,54.0,0,0.0,0,0.0,83089823.59002197,0,83089823.59002197,0,0,0
9.5,0,54.0,0,54.0,0,54.0,0,0.0,0,0.0,83072247.4744886,0,83072247.4744886,0,0,0
9.5,0,50.0,0,50.0,0,50.0,0,0.0,0,0.0880392122268676,83107465.38941474,0,83107465.38941474,0,0,0
9.5,0,50.0,0,50.0,0,50.0,0,0.0,0,0.1163008570671081,83098916.49177486,0,83098916.49177486,0,0,0
9.5,0,54.0,0,54.0,0,54.0,0,0.0,0,0.0,83090066.51872075,0,83090066.51872075,0,0,0
9.5,0,54.06,0,54.0602929508572,0,54.78,0,0.2057979098631627,0,0.0,83072487.10963506,0,83072487.10963506,0,0,0
9.5,0,54.0,0,54.0,0,54.0,0,0.0,0,0.0,83088947.13567714,0,83088947.13567714,0,0,0
9.5,0,50.0,0,50.0,0,50.0,0,0.0,0,0.2557930660247802,83102392.63677838,0,83102392.63677838,0,0,0
9.5,0,42.0,0,42.0,0,42.0,0,0.0,0,0.0,83149401.60568114,0,83149401.60568114,0,0,0
9.5,0,42.08,0,42.05350171225404,0,42.8,0,0.1987981255980494,0,0.0236502814292907,83128153.6317284,0,83128153.6317284,0,0,0
9.5,0,42.0,0,42.0,0,42.0,0,0.0,0,0.0,83128557.73692024,0,83128557.73692024,0,0,0
9.5,0,50.44,0,50.735005449143216,0,57.2,0,2.0880143619057234,0,0.3753548502922058,83102206.12836091,0,83102206.12836091,0,0,0
9.5,0,50.0,0,50.0,0,50.0,0,0.0,0,0.0678854608535766,83102856.08260722,0,83102856.08260722,0,0,0
9.5,0,50.24,0,50.31545751771448,0,53.6,0,0.9966168640194946,0,0.0211480164527893,83123619.61390649,0,83123619.61390649,0,0,0
9.5,0,42.0,0,42.0,0,42.0,0,0.0,0,0.0,83149401.92560658,0,83149401.92560658,0,0,0
9.5,0,56.42,0,54.28489358860954,0,58.96,0,1.3633868671909326,0,0.0042073535919189,83072492.85830353,0,83072492.85830353,0,0,0
9.5,0,54.0,0,54.0,0,54.0,0,0.0,0,0.0,83093425.83573864,0,83093425.83573864,0,0,0
9.5,0,42.0,0,42.0,0,42.0,0,0.0,0,0.0,83149447.29984646,0,83149447.29984646,0,0,0
9.5,0,53.39,0,50.19523099415204,0,53.39,0,0.7528918089293921,0,0.069172990322113,83123625.26538095,0,83123625.26538095,0,0,0
9.5,0,50.8,0,50.91819172571494,0,61.2,0,3.023913816398343,0,0.0708669447898864,83102386.60231858,0,83102386.60231858,0,0,0
9.5,0,55.6,0,54.4472170622635,0,62.0,0,1.8362541214030683,0,0.0,83093258.6377548,0,83093258.6377548,0,0,0
9.5,0,54.0,0,54.0,0,54.0,0,0.0,0,0.0,83037688.57795912,0,83037688.57795912,0,0,0
9.5,0,54.0,0,54.0,0,54.0,0,0.0,0,0.0,83090043.48387873,0,83090043.48387873,0,0,0
9.5,0,54.0,0,54.0,0,54.0,0,0.0,0,0.0,83089347.03615884,0,83089347.03615884,0,0,0
9.5,0,54.06,0,54.06886437942862,0,54.84,0,0.2267935362298757,0,0.0,83068264.99362808,0,83068264.99362808,0,0,0
9.5,0,42.0,0,42.0,0,42.0,0,0.0,0,0.0,83149644.20485856,0,83149644.20485856,0,0,0
9.5,0,50.0,0,50.0,0,50.0,0,0.0,0,0.0547388386726379,83101933.72517778,0,83101933.72517778,0,0,0
9.5,0,50.0,0,50.0,0,50.0,0,0.0,0,0.0273461771011352,83106625.49614783,0,83106625.49614783,0,0,0
9.5,0,54.0,0,54.0,0,54.0,0,0.0,0,0.0,83088834.29944742,0,83088834.29944742,0,0,0
9.5,0,42.0,0,42.0,0,42.0,0,0.0,0,0.0,83482374.58479379,0,83482374.58479379,0,0,0
9.5,0,54.0,0,54.0,0,54.0,0,0.0,0,0.0,83033383.73188853,0,83033383.73188853,0,0,0
9.5,0,42.0,0,42.0,0,42.0,0,0.0,0,0.0,83128368.10011984,0,83128368.10011984,0,0,0
9.5,0,42.0,0,42.0,0,42.0,0,0.0,0,0.0,83150655.38669886,0,83150655.38669886,0,0,0
9.5,0,50.0,0,50.0,0,50.0,0,0.0,0,0.0183437824249267,83103105.71728335,0,83103105.71728335,0,0,0
9.5,0,54.2,0,54.02052631578948,0,54.4,0,0.0882483650892939,0,0.0713504695892334,83089735.075124,0,83089735.075124,0,0,0
9.5,0,50.0,0,50.0,0,50.0,0,0.0,0,0.0097161507606506,83123515.07218276,0,83123515.07218276,0,0,0
9.5,0,54.0,0,54.0,0,54.0,0,0.0,0,0.0,83089918.45412529,0,83089918.45412529,0,0,0
9.5,0,50.0,0,50.0,0,50.0,0,0.0,0,0.0390517830848693,83106320.81689495,0,83106320.81689495,0,0,0
9.5,0,54.0,0,54.0,0,54.0,0,0.0,0,0.0,83089694.06300773,0,83089694.06300773,0,0,0
9.5,0,54.0,0,54.0,0,54.0,0,0.0,0,0.0,83089235.81816804,0,83089235.81816804,0,0,0
9.5,0,57.46,0,59.37332082133554,0,101.94,0,13.944185832406369,0,0.9397819542884828,83094346.3343946,0,83094346.3343946,0,0,0
9.5,0,50.0,0,50.0,0,50.0,0,0.0,0,0.1271751403808593,83123486.68983226,0,83123486.68983226,0,0,0
9.5,0,42.0,0,42.0,0,42.0,0,0.0,0,0.0,83149500.82762916,0,83149500.82762916,0,0,0
9.5,0,42.0,0,42.0,0,42.0,0,0.0,0,0.0,83149383.57620937,0,83149383.57620937,0,0,0
9.5,0,50.0,0,50.0,0,50.0,0,0.0,0,0.0771628022193908,83098687.79558592,0,83098687.79558592,0,0,0
9.5,0,50.0,0,50.0,0,50.0,0,0.0,0,0.0826687550544738,83106673.43194328,0,83106673.43194328,0,0,0
9.5,0,50.0,0,50.0,0,50.0,0,0.0,0,0.091245322227478,83487416.00347282,0,83487416.00347282,0,0,0
9.5,0,54.0,0,54.0,0,54.0,0,0.0,0,0.0,83089967.24540886,0,83089967.24540886,0,0,0
9.5,0,42.0,0,42.0,0,42.0,0,0.0,0,0.0,83124686.40607408,0,83124686.40607408,0,0,0
9.5,0,54.0,0,54.0,0,54.0,0,0.0,0,0.0,83068265.25136381,0,83068265.25136381,0,0,0
9.5,0,42.0,0,42.0,0,42.0,0,0.0,0,0.0,83124416.46398795,0,83124416.46398795,0,0,0
9.5,0,54.0,0,54.0,0,54.0,0,0.0,0,0.0,83077046.29614992,0,83077046.29614992,0,0,0
9.5,0,54.0,0,54.0,0,54.0,0,0.0,0,0.0,83067573.04933806,0,83067573.04933806,0,0,0
9.5,0,54.8,0,54.82360853113176,0,55.6,0,0.1977989495227668,0,0.0017610096931457,83088974.08178271,0,83088974.08178271,0,0,0
9.5,0,50.0,0,50.0,0,50.0,0,0.0,0,0.0642015647888183,83098794.96836706,0,83098794.96836706,0,0,0
9.5,0,42.51,0,42.51249008228613,0,48.63,0,1.7492822338368836,0,0.0,83149512.4850085,0,83149512.4850085,0,0,0
9.5,0,50.2,0,50.17597650285731,0,52.4,0,0.6198492501005944,0,0.0618194317817688,83102405.88240485,0,83102405.88240485,0,0,0
9.5,0,50.0,0,50.0,0,50.0,0,0.0,0,0.0903308224678039,83123503.25455017,0,83123503.25455017,0,0,0
9.5,0,54.0,0,54.0,0,54.0,0,0.0,0,0.0,83076257.61644515,0,83076257.61644515,0,0,0
9.5,0,42.0,0,42.0,0,42.0,0,0.0,0,0.0,83150254.26295862,0,83150254.26295862,0,0,0
9.5,0,54.12,0,54.157728758857246,0,55.8,0,0.4983084320097473,0,0.0033885097503662,83068410.79890451,0,83068410.79890451,0,0,0
9.5,0,42.0,0,42.0,0,42.0,0,0.0,0,0.0,83127975.13385922,0,83127975.13385922,0,0,0
9.5,0,54.0,0,54.0,0,54.0,0,0.0,0,0.0,83067449.4251497,0,83067449.4251497,0,0,0
9.5,0,42.0,0,42.0,0,42.0,0,0.0,0,0.0,83124822.11529343,0,83124822.11529343,0,0,0
9.5,0,54.04,0,54.01384709322325,0,54.24,0,0.0558841060664738,0,0.0470283102989196,83089795.64177924,0,83089795.64177924,0,0,0
9.5,0,42.56,0,42.028,0,42.56,0,0.1220491704191388,0,0.0,83128639.93991418,0,83128639.93991418,0,0,0
9.5,0,54.0,0,54.0,0,54.0,0,0.0,0,0.0,83075990.6072989,0,83075990.6072989,0,0,0
9.5,0,54.0,0,54.0,0,54.0,0,0.0,0,0.0,83076368.86471151,0,83076368.86471151,0,0,0
9.5,0,54.0,0,54.0,0,54.0,0,0.0,0,0.0,83076112.73284763,0,83076112.73284763,0,0,0
9.5,0,56.11,0,54.45789250086,0,62.44,0,1.9108104438191933,0,0.0294313406944274,83094041.44942608,0,83094041.44942608,0,0,0
9.5,0,42.18,0,42.05031191950464,0,42.9,0,0.2065785886578451,0,0.0,83124899.85173766,0,83124899.85173766,0,0,0
9.5,0,54.0,0,54.0,0,54.0,0,0.0,0,0.0,83072366.56280416,0,83072366.56280416,0,0,0
9.5,0,50.0,0,50.0,0,50.0,0,0.0,0,0.2946643424034119,83123483.43403368,0,83123483.43403368,0,0,0
9.5,0,54.0,0,54.0,0,54.0,0,0.0,0,0.0,83076191.19278102,0,83076191.19278102,0,0,0
9.5,0,50.4,0,50.37695300571461,0,52.6,0,0.9059129438902482,0,0.0764807367324829,83102327.10518694,0,83102327.10518694,0,0,0
9.5,0,50.0,0,50.0,0,50.0,0,0.0,0,0.1067390990257263,83123561.90197353,0,83123561.90197353,0,0,0
9.5,0,54.0,0,54.0,0,54.0,0,0.0,0,0.0,83076018.54004893,0,83076018.54004893,0,0,0
9.5,0,42.0,0,42.0,0,42.0,0,0.0,0,0.0,83128970.32378872,0,83128970.32378872,0,0,0
9.5,0,50.0,0,50.0,0,50.0,0,0.0,0,0.1775861692428589,83102817.5837768,0,83102817.5837768,0,0,0
9.5,0,50.0,0,50.0,0,50.0,0,0.0,0,0.1179926180839538,83098899.80103579,0,83098899.80103579,0,0,0
9.5,0,51.0,0,50.16146800825593,0,51.0,0,0.3555248708969173,0,0.0810813355445861,83101866.33584245,0,83101866.33584245,0,0,0
9.5,0,42.0,0,42.0,0,42.0,0,0.0,0,0.0,83124832.7947523,0,83124832.7947523,0,0,0
9.5,0,50.0,0,50.0,0,50.0,0,0.0,0,0.0884997606277465,83098796.49027431,0,83098796.49027431,0,0,0
9.5,0,173.12,0,173.32348116520555,0,174.0,0,2.450779381578544,0,0.0,83064053.31011042,0,83064053.31011042,0,0,0
9.5,0,54.0,0,54.0,0,54.0,0,0.0,0,0.0,83072247.19288367,0,83072247.19288367,0,0,0
9.5,0,42.24,0,42.10022541648238,0,43.68,0,0.3971140868353688,0,0.0008639192581176,83124636.110055,0,83124636.110055,0,0,0
9.5,0,54.2,0,54.20097650285731,0,56.6,0,0.6859930328772091,0,0.0038714385032653,83088834.67847212,0,83088834.67847212,0,0,0
9.5,0,50.0,0,50.0,0,50.0,0,0.0,0,0.1941651248931885,83487427.18708646,0,83487427.18708646,0,0,0
9.5,0,42.48,0,42.09004747162023,0,42.96,0,0.277549440759905,0,0.0054803586006164,83124156.14785223,0,83124156.14785223,0,0,0
9.5,0,50.0,0,50.0,0,50.0,0,0.0,0,0.1655305004119873,83106926.51100484,0,83106926.51100484,0,0,0
9.5,0,50.2,0,50.469547931428735,0,51.9,0,0.7516319449051712,0,0.092289400100708,83101909.94508095,0,83101909.94508095,0,0,0
9.5,0,50.3,0,50.75416566448688,0,54.6,0,1.3311077630524135,0,0.2459803342819214,83101856.10423921,0,83101856.10423921,0,0,0
9.5,0,54.0,0,54.0,0,54.0,0,0.0,0,0.0,83076428.27072832,0,83076428.27072832,0,0,0
9.5,0,54.0,0,54.0,0,54.0,0,0.0,0,0.0,83067381.4552288,0,83067381.4552288,0,0,0
9.5,0,42.0,0,42.0,0,42.0,0,0.0,0,0.0,83128053.70229168,0,83128053.70229168,0,0,0
9.5,0,58.11,0,68.24098123200329,0,131.52,0,22.919678448484493,0,0.0074438190460205,83089712.10178345,0,83089712.10178345,0,0,0
9.5,0,54.0,0,54.0,0,54.0,0,0.0,0,0.0,83067531.9337345,0,83067531.9337345,0,0,0
9.5,0,54.0,0,54.0,0,54.0,0,0.0,0,0.0,83094337.74782543,0,83094337.74782543,0,0,0
9.5,0,42.0,0,42.0,0,42.0,0,0.0,0,0.0,83127990.99750057,0,83127990.99750057,0,0,0
9.5,0,51.86,0,50.98564208263357,0,65.6,0,3.780594818050054,0,0.4738838267326355,83102460.4691605,0,83102460.4691605,0,0,0
9.5,0,54.0,0,54.0,0,54.0,0,0.0,0,0.0,83093251.01618794,0,83093251.01618794,0,0,0
9.5,0,54.0,0,54.0,0,54.0,0,0.0,0,0.0,83068386.66085392,0,83068386.66085392,0,0,0
9.5,0,50.0,0,50.0,0,50.0,0,0.0,0,0.2066626477241516,83123740.71403643,0,83123740.71403643,0,0,0
9.5,0,54.0,0,54.0,0,54.0,0,0.0,0,0.0,83093490.62722796,0,83093490.62722796,0,0,0
9.5,0,54.0,0,54.0,0,54.0,0,0.0,0,0.0,83089969.4938326,0,83089969.4938326,0,0,0
9.5,0,54.0,0,54.0,0,54.0,0,0.0,0,0.0,83072001.13645293,0,83072001.13645293,0,0,0
9.5,0,42.0,0,42.0,0,42.0,0,0.0,0,0.0,83132216.42553362,0,83132216.42553362,0,0,0
9.5,0,50.0,0,50.0,0,50.0,0,0.0,0,0.024173994064331,83123563.12025744,0,83123563.12025744,0,0,0
9.5,0,42.0,0,42.0,0,42.0,0,0.0,0,0.0,83149496.60701765,0,83149496.60701765,0,0,0
9.5,0,42.0,0,42.0,0,42.0,0,0.0,0,0.0,83150278.22202426,0,83150278.22202426,0,0,0
9.5,0,54.0,0,54.0,0,54.0,0,0.0,0,0.0,83072491.60852931,0,83072491.60852931,0,0,0
9.5,0,54.0,0,54.0,0,54.0,0,0.0,0,0.0,83076362.06537285,0,83076362.06537285,0,0,0
9.5,0,42.0,0,42.0,0,42.0,0,0.0,0,0.0,83149977.99389848,0,83149977.99389848,0,0,0
9.5,0,54.0,0,54.0,0,54.0,0,0.0,0,0.0,83093140.70912717,0,83093140.70912717,0,0,0
9.5,0,57.18,0,56.37684457724938,0,83.05,0,7.298383257982043,0,0.0075066566467285,83088824.56651077,0,83088824.56651077,0,0,0
9.5,0,50.1,0,50.10048825142865,0,51.3,0,0.3429965164386046,0,0.1123402428627014,83098531.10552537,0,83098531.10552537,0,0,0
9.5,0,58.11,0,64.69670999086054,0,127.65,0,22.81816339565983,0,0.0060240221023559,83089235.68660913,0,83089235.68660913,0,0,0
9.5,0,58.33,0,57.42330795352738,0,79.69,0,7.784524672852297,0,0.0033700203895568,83094109.70619124,0,83094109.70619124,0,0,0
9.5,0,42.0,0,42.0,0,42.0,0,0.0,0,0.0,83149998.06871235,0,83149998.06871235,0,0,0
9.5,0,50.0,0,50.0,0,50.0,0,0.0,0,0.0892108511924743,83101919.46950461,0,83101919.46950461,0,0,0
9.5,0,42.0,0,42.0,0,42.0,0,0.0,0,0.0,83149344.46896109,0,83149344.46896109,0,0,0
9.5,0,42.0,0,42.0,0,42.0,0,0.0,0,0.0,83128766.79976869,0,83128766.79976869,0,0,0
9.5,0,54.0,0,54.0,0,54.0,0,0.0,0,0.0,83089871.81502672,0,83089871.81502672,0,0,0
9.5,0,50.1,0,50.02170106639147,0,50.4,0,0.0905597366738954,0,0.0274006342887878,83102873.5970605,0,83102873.5970605,0,0,0
9.5,0,54.0,0,54.0,0,54.0,0,0.0,0,0.0,83064233.17975135,0,83064233.17975135,0,0,0
9.5,0,54.0,0,54.0,0,54.0,0,0.0,0,0.0,83093978.29323338,0,83093978.29323338,0,0,0
9.5,0,42.0,0,42.0,0,42.0,0,0.0,0,0.0,83124622.41087551,0,83124622.41087551,0,0,0
9.5,0,55.67,0,54.36240780873754,0,60.68,0,1.5123476024540536,0,0.0001497101783752,83089234.437354,0,83089234.437354,0,0,0
9.5,0,55.56,0,55.03928338895367,0,70.0,0,3.996471671429193,0,0.0328302216529846,83094394.37018985,0,83094394.37018985,0,0,0
9.5,0,54.0,0,54.0,0,54.0,0,0.0,0,0.0,83093505.8795266,0,83093505.8795266,0,0,0
9.5,0,50.0,0,50.0,0,50.0,0,0.0,0,0.0737323522567749,83098921.23821215,0,83098921.23821215,0,0,0
9.5,0,52.28,0,50.32458237187649,0,55.52,0,1.2612734226555566,0,0.0198788928985595,83107465.39249112,0,83107465.39249112,0,0,0
9.5,0,54.31,0,54.15330398346923,0,56.48,0,0.595544528882303,0,0.0007643294334411,83093449.69755939,0,83093449.69755939,0,0,0
9.5,0,42.0,0,42.0,0,42.0,0,0.0,0,0.0,83127979.77433357,0,83127979.77433357,0,0,0
9.5,0,42.0,0,42.0,0,42.0,0,0.0,0,0.0,83128828.45555092,0,83128828.45555092,0,0,0
9.5,0,42.0,0,42.0,0,42.0,0,0.0,0,0.0,83149380.7432174,0,83149380.7432174,0,0,0
9.5,0,42.0,0,42.0,0,42.0,0,0.0,0,0.0,83128030.33604737,0,83128030.33604737,0,0,0
9.5,0,54.19,0,54.33523720152396,0,57.23,0,0.9472607640416216,0,0.0212633204460144,83089690.67334516,0,83089690.67334516,0,0,0
9.5,0,54.0,0,54.0,0,54.0,0,0.0,0,0.0,83037687.69232838,0,83037687.69232838,0,0,0
9.5,0,54.0,0,54.0,0,54.0,0,0.0,0,0.0,83076441.25029603,0,83076441.25029603,0,0,0
9.5,0,42.36,0,42.08937383900928,0,42.9,0,0.2673743551858974,0,0.0,83149394.34337538,0,83149394.34337538,0,0,0
9.5,0,54.0,0,54.0,0,54.0,0,0.0,0,0.0,83089739.31934725,0,83089739.31934725,0,0,0
9.5,0,50.0,0,50.0,0,50.0,0,0.0,0,0.1302623081207275,83106326.3236236,0,83106326.3236236,0,0,0
9.5,0,50.0,0,50.0,0,50.0,0,0.0,0,0.1785695266723632,83102797.92778398,0,83102797.92778398,0,0,0
9.5,0,50.32,0,50.4230862140955,0,54.64,0,1.2935726750628935,0,0.1422885656356811,83106626.16504198,0,83106626.16504198,0,0,0
9.5,0,54.0,0,54.0,0,54.0,0,0.0,0,0.0,83076045.42524663,0,83076045.42524663,0,0,0
9.5,0,42.0,0,42.0,0,42.0,0,0.0,0,0.0,83128117.79664096,0,83128117.79664096,0,0,0
9.5,0,54.0,0,54.0,0,54.0,0,0.0,0,0.0,83067374.2170459,0,83067374.2170459,0,0,0
9.5,0,57.06,0,57.53694049371681,0,92.82,0,10.418890285366976,0,0.0057800388336181,83090180.31092684,0,83090180.31092684,0,0,0
9.5,0,54.0,0,54.0,0,54.0,0,0.0,0,0.0,83089231.70755394,0,83089231.70755394,0,0,0
9.5,0,50.2,0,50.02052631578948,0,50.4,0,0.0882483650892939,0,0.1578667187690735,83102463.989352,0,83102463.989352,0,0,0
9.5,0,42.0,0,42.0,0,42.0,0,0.0,0,0.0,83128375.4734855,0,83128375.4734855,0,0,0
9.5,0,50.0,0,50.0,0,50.0,0,0.0,0,0.0542114901542663,83123834.12636136,0,83123834.12636136,0,0,0
9.5,0,54.0,0,54.0,0,54.0,0,0.0,0,0.0,83094393.40465572,0,83094393.40465572,0,0,0
9.5,0,42.0,0,42.0,0,42.0,0,0.0,0,0.0,83128494.62727712,0,83128494.62727712,0,0,0
9.5,0,54.0,0,54.0,0,54.0,0,0.0,0,0.0,83068392.42826681,0,83068392.42826681,0,0,0
9.5,0,54.0,0,54.0,0,54.0,0,0.0,0,0.0,83076512.26504986,0,83076512.26504986,0,0,0
9.5,0,54.0,0,54.0,0,54.0,0,0.0,0,0.0,83090059.95828868,0,83090059.95828868,0,0,0
9.5,0,54.49,0,54.043973684210535,0,54.86,0,0.1894128690764378,0,0.0012462592124938,83067307.3618209,0,83067307.3618209,0,0,0
9.5,0,42.0,0,42.0,0,42.0,0,0.0,0,0.0,83124751.28080092,0,83124751.28080092,0,0,0
9.5,0,42.18,0,42.02847368421053,0,42.54,0,0.1206545848365411,0,0.0,83482371.31130272,0,83482371.31130272,0,0,0
9.5,0,50.0,0,50.0,0,50.0,0,0.0,0,0.075028338432312,83101920.01557899,0,83101920.01557899,0,0,0
9.5,0,42.0,0,42.0,0,42.0,0,0.0,0,0.0,83132290.02158423,0,83132290.02158423,0,0,0
9.5,0,42.0,0,42.0,0,42.0,0,0.0,0,0.0,83149511.13231122,0,83149511.13231122,0,0,0
9.5,0,54.06,0,54.06886437942862,0,54.84,0,0.2267935362298757,0,0.0,83093201.15146479,0,83093201.15146479,0,0,0
9.5,0,54.0,0,54.0,0,54.0,0,0.0,0,0.0,83072325.14376178,0,83072325.14376178,0,0,0
9.5,0,42.0,0,42.0,0,42.0,0,0.0,0,0.0,83124512.11015856,0,83124512.11015856,0,0,0
9.5,0,42.0,0,42.0,0,42.0,0,0.0,0,0.0,83128743.60421085,0,83128743.60421085,0,0,0
9.5,0,54.0,0,54.0,0,54.0,0,0.0,0,0.0,83067435.5525897,0,83067435.5525897,0,0,0
9.5,0,50.12,0,50.25172875885724,0,52.16,0,0.6548384987317373,0,0.0956198048591613,83106432.89530934,0,83106432.89530934,0,0,0
9.5,0,42.0,0,42.0,0,42.0,0,0.0,0,0.0,83149495.70336467,0,83149495.70336467,0,0,0
9.5,0,50.0,0,50.0,0,50.0,0,0.0,0,0.0252395677566528,83123867.26802602,0,83123867.26802602,0,0,0
9.5,0,54.0,0,54.0,0,54.0,0,0.0,0,0.0,83037267.95003301,0,83037267.95003301,0,0,0
9.5,0,54.0,0,54.0,0,54.0,0,0.0,0,0.0,83067586.83157578,0,83067586.83157578,0,0,0
9.5,0,54.0,0,54.0,0,54.0,0,0.0,0,0.0,83093451.98336668,0,83093451.98336668,0,0,0
9.5,0,50.0,0,50.0,0,50.0,0,0.0,0,0.1807383322715759,83123758.98619704,0,83123758.98619704,0,0,0
9.5,0,54.06,0,54.006157894736845,0,54.12,0,0.0264745095267881,0,0.0,83075961.08658083,0,83075961.08658083,0,0,0
9.5,0,50.0,0,50.0,0,50.0,0,0.0,0,0.0294613361358642,83123804.49599928,0,83123804.49599928,0,0,0
9.5,0,42.0,0,42.0,0,42.0,0,0.0,0,0.0,83128670.64346832,0,83128670.64346832,0,0,0
9.5,0,58.78,0,59.76390550153321,0,103.08,0,14.03788524414147,0,0.0637386083602905,83068386.30104534,0,83068386.30104534,0,0,0
9.5,0,42.0,0,42.0,0,42.0,0,0.0,0,0.0,83150008.94619322,0,83150008.94619322,0,0,0
9.5,0,42.0,0,42.0,0,42.0,0,0.0,0,0.0,83150332.21832648,0,83150332.21832648,0,0,0
9.5,0,45.05,0,42.72669870141039,0,50.15,0,2.039678717840591,0,0.0039780402183532,83128566.83683997,0,83128566.83683997,0,0,0
9.5,0,42.0,0,42.0,0,42.0,0,0.0,0,0.0,83124420.56029435,0,83124420.56029435,0,0,0
9.5,0,42.0,0,42.0,0,42.0,0,0.0,0,0.0,83127988.63383625,0,83127988.63383625,0,0,0
9.5,0,42.0,0,42.0,0,42.0,0,0.0,0,0.0,83127723.08629078,0,83127723.08629078,0,0,0
9.5,0,50.0,0,50.0,0,50.0,0,0.0,0,0.0024936628341674,83106972.44545053,0,83106972.44545053,0,0,0
9.5,0,54.0,0,54.0,0,54.0,0,0.0,0,0.0,83088821.35113303,0,83088821.35113303,0,0,0
9.5,0,54.0,0,54.0,0,54.0,0,0.0,0,0.0,83090171.58506462,0,83090171.58506462,0,0,0
9.5,0,54.19,0,54.33523720152396,0,57.23,0,0.9472607640416216,0,0.1200070428848266,83089116.00048734,0,83089116.00048734,0,0,0
9.5,0,54.0,0,54.0,0,54.0,0,0.0,0,0.0,83094031.18228877,0,83094031.18228877,0,0,0
9.5,0,50.04,0,50.03075085612701,0,50.44,0,0.1113990627990247,0,0.1363280057907104,83097619.55538931,0,83097619.55538931,0,0,0
9.5,0,42.0,0,42.0,0,42.0,0,0.0,0,0.0,83150643.08765285,0,83150643.08765285,0,0,0
9.5,0,50.0,0,50.0,0,50.0,0,0.0,0,0.1197755217552185,83098584.69141895,0,83098584.69141895,0,0,0
9.5,0,54.0,0,54.0,0,54.0,0,0.0,0,0.0,83089920.52373703,0,83089920.52373703,0,0,0
9.5,0,50.0,0,50.0,0,50.0,0,0.0,0,0.0358107995986938,83106310.05676338,0,83106310.05676338,0,0,0
9.5,0,54.0,0,54.0,0,54.0,0,0.0,0,0.0,83068383.18419075,0,83068383.18419075,0,0,0
9.5,0,43.4,0,42.809007237172864,0,54.6,0,3.0764954957626163,0,0.0,83149570.434183,0,83149570.434183,0,0,0
9.5,0,51.0,0,51.5983795727836,0,60.2,0,3.275633188828207,0,0.0481564497947692,83102355.24829477,0,83102355.24829477,0,0,0
9.5,0,54.0,0,54.0,0,54.0,0,0.0,0,0.0004129695892333,83090040.2392359,0,83090040.2392359,0,0,0
9.5,0,42.18,0,42.00899999999999,0,42.18,0,0.039230090491866,0,0.0,83150643.56488337,0,83150643.56488337,0,0,0
9.5,0,42.0,0,42.0,0,42.0,0,0.0,0,0.0,83127793.18716262,0,83127793.18716262,0,0,0
9.5,0,42.24,0,42.315457517714485,0,45.6,0,0.9966168640194946,0,0.0141215014457702,83124697.88351485,0,83124697.88351485,0,0,0
9.5,0,54.0,0,54.0,0,54.0,0,0.0,0,0.0,83076444.48752722,0,83076444.48752722,0,0,0
9.5,0,42.0,0,42.0,0,42.0,0,0.0,0,0.0,83149758.6974734,0,83149758.6974734,0,0,0
9.5,0,54.12,0,54.02604127966977,0,54.48,0,0.1086716840086745,0,0.0332336592674255,83076432.6710802,0,83076432.6710802,0,0,0
9.5,0,54.0,0,54.0,0,54.0,0,0.0,0,0.0,83093498.43436211,0,83093498.43436211,0,0,0
9.5,0,50.0,0,50.0,0,50.0,0,0.0,0,0.2560624933242797,83101817.41768658,0,83101817.41768658,0,0,0
9.5,0,54.0,0,54.0,0,54.0,0,0.0,0,0.0,83033983.36851352,0,83033983.36851352,0,0,0
9.5,0,54.0,0,54.0,0,54.0,0,0.0,0,0.0,83076013.51004651,0,83076013.51004651,0,0,0
9.5,0,54.0,0,54.0,0,54.0,0,0.0,0,0.0,83076040.6072482,0,83076040.6072482,0,0,0
9.5,0,42.0,0,42.0,0,42.0,0,0.0,0,0.0,83124149.25014094,0,83124149.25014094,0,0,0
9.5,0,54.0,0,54.0,0,54.0,0,0.0,0,0.0,83071585.06088169,0,83071585.06088169,0,0,0
9.5,0,50.0,0,50.0,0,50.0,0,0.0,0,0.1508635902404785,83107463.3999952,0,83107463.3999952,0,0,0
9.5,0,42.0,0,42.0,0,42.0,0,0.0,0,0.0,83149486.45772988,0,83149486.45772988,0,0,0
9.5,0,55.52,0,57.94856427885839,0,82.88,0,9.05462098393534,0,0.0033199906349182,83076912.98825343,0,83076912.98825343,0,0,0
9.5,0,54.0,0,54.0,0,54.0,0,0.0,0,0.0,83075971.59958225,0,83075971.59958225,0,0,0
9.5,0,50.0,0,50.0,0,50.0,0,0.0,0,0.3876735806465149,83097794.93799406,0,83097794.93799406,0,0,0
9.5,0,50.0,0,50.0,0,50.0,0,0.0,0,0.1695417284965515,83097624.53957736,0,83097624.53957736,0,0,0
9.5,0,50.0,0,50.0,0,50.0,0,0.0,0,0.1006685614585876,83123732.37896374,0,83123732.37896374,0,0,0
9.5,0,54.0,0,54.0,0,54.0,0,0.0,0,0.0,83094340.83394396,0,83094340.83394396,0,0,0
9.5,0,42.0,0,42.0,0,42.0,0,0.0,0,0.0,83128574.35635407,0,83128574.35635407,0,0,0
9.5,0,42.0,0,42.0,0,42.0,0,0.0,0,0.0,83124874.83666228,0,83124874.83666228,0,0,0
9.5,0,50.0,0,50.0,0,50.0,0,0.0,0,0.0212202811241149,83101795.53784554,0,83101795.53784554,0,0,0
9.5,0,54.0,0,54.0,0,54.0,0,0.0,0,2.636072130203248,83076924.977876,0,83076924.977876,0,0,0
9.5,0,50.0,0,50.0,0,50.0,0,0.0,0,0.0449629950523376,83495225.49997696,0,83495225.49997696,0,0,0
9.5,0,42.0,0,42.0,0,42.0,0,0.0,0,0.0,83124879.95599118,0,83124879.95599118,0,0,0
9.5,0,50.0,0,50.0,0,50.0,0,0.0,0,0.1141221213340759,83106500.83807878,0,83106500.83807878,0,0,0
9.5,0,54.0,0,54.0,0,54.0,0,0.0,0,0.0,83033838.84051168,0,83033838.84051168,0,0,0
9.5,0,50.0,0,50.0,0,50.0,0,0.0,0,0.048265528678894,83106958.42361939,0,83106958.42361939,0,0,0
9.5,0,54.0,0,54.0,0,54.0,0,0.0,0,0.0,83072056.27957802,0,83072056.27957802,0,0,0
9.5,0,50.0,0,50.0,0,50.0,0,0.0,0,0.2311179256439209,83102340.11889385,0,83102340.11889385,0,0,0
9.5,0,54.0,0,54.0,0,54.0,0,0.0,0,0.0,83067232.38861078,0,83067232.38861078,0,0,0
9.5,0,44.12,0,43.76074775568428,0,66.28,0,6.232372815573657,0,0.0076975417137146,83153706.94348082,0,83153706.94348082,0,0,0
9.5,0,42.0,0,42.0,0,42.0,0,0.0,0,0.0,83128155.37645262,0,83128155.37645262,0,0,0
9.5,0,54.67,0,54.10598538011696,0,56.01,0,0.4491031768915698,0,0.0079230594635009,83093451.71392448,0,83093451.71392448,0,0,0
9.5,0,50.0,0,50.0,0,50.0,0,0.0,0,0.0269006967544555,83097841.3942017,0,83097841.3942017,0,0,0
9.5,0,54.0,0,54.0,0,54.0,0,0.0,0,0.0,83072061.12931538,0,83072061.12931538,0,0,0
9.5,0,54.0,0,54.0,0,54.0,0,0.0,0,0.0,83076437.48406748,0,83076437.48406748,0,0,0
9.5,0,50.0,0,50.0,0,50.0,0,0.0,0,0.1627471446990966,83102297.98339674,0,83102297.98339674,0,0,0
9.5,0,42.41,0,42.0648567251462,0,43.23,0,0.2748243321276771,0,0.0002330112457275,83149332.23038806,0,83149332.23038806,0,0,0
9.5,0,55.28,0,55.268472588986526,0,56.0,0,0.764918954264279,0,0.5294225692749024,83076991.25802894,0,83076991.25802894,0,0,0
9.5,0,42.0,0,42.0,0,42.0,0,0.0,0,0.0,83124157.2529716,0,83124157.2529716,0,0,0
9.5,0,42.0,0,42.0,0,42.0,0,0.0,0,0.0,83128828.2538935,0,83128828.2538935,0,0,0
9.5,0,42.0,0,42.0,0,42.0,0,0.0,0,0.0,83149699.74264367,0,83149699.74264367,0,0,0
9.5,0,42.0,0,42.0,0,42.0,0,0.0,0,0.0,83129063.38828719,0,83129063.38828719,0,0,0
9.5,0,42.0,0,42.0,0,42.0,0,0.0,0,0.0,83128053.30647671,0,83128053.30647671,0,0,0
9.5,0,54.23,0,50.43459941520467,0,57.98,0,1.7583286360621615,0,0.0681839084625244,83106490.97585481,0,83106490.97585481,0,0,0
9.5,0,54.0,0,54.0,0,54.0,0,0.0,0,0.0,83088948.88875204,0,83088948.88875204,0,0,0
9.5,0,50.0,0,50.0,0,50.0,0,0.0,0,0.3354112243652343,83098538.31177795,0,83098538.31177795,0,0,0
9.5,0,54.0,0,54.0,0,54.0,0,0.0,0,0.0,83064232.54286145,0,83064232.54286145,0,0,0
9.5,0,63.42,0,60.31691223061424,0,197.62,0,37.37438556907279,0,0.0555737161636352,83102868.61191855,0,83102868.61191855,0,0,0
9.5,0,142.68,0,155.44780291861562,0,174.0,0,34.35038778357771,0,0.1010668206214904,83089442.51361689,0,83089442.51361689,0,0,0
9.5,0,54.0,0,54.0,0,54.0,0,0.0,0,0.0,83072055.11797169,0,83072055.11797169,0,0,0
9.5,0,50.0,0,50.0,0,50.0,0,0.0,0,0.0274197125434875,83102273.88713321,0,83102273.88713321,0,0,0
9.5,0,54.0,0,54.0,0,54.0,0,0.0,0,0.0,83067364.96371013,0,83067364.96371013,0,0,0
9.5,0,42.0,0,42.0,0,42.0,0,0.0,0,0.0,83149684.4183394,0,83149684.4183394,0,0,0
9.5,0,42.0,0,42.0,0,42.0,0,0.0,0,0.0,83124875.15619281,0,83124875.15619281,0,0,0
9.5,0,54.0,0,54.0,0,54.0,0,0.0,0,0.0,83093391.68740661,0,83093391.68740661,0,0,0
9.5,0,42.0,0,42.0,0,42.0,0,0.0,0,0.0,83149981.33635257,0,83149981.33635257,0,0,0
9.5,0,50.0,0,50.0,0,50.0,0,0.0,0,0.0262361097335815,83106449.25319007,0,83106449.25319007,0,0,0
9.5,0,54.0,0,54.0,0,54.0,0,0.0,0,0.0,83089910.73344356,0,83089910.73344356,0,0,0
9.5,0,50.47,0,50.76225845774453,0,54.81,0,1.3723793751410407,0,0.0491806674003601,83102205.46539345,0,83102205.46539345,0,0,0
9.5,0,42.0,0,42.0,0,42.0,0,0.0,0,0.0,83127978.0789047,0,83127978.0789047,0,0,0
9.5,0,54.0,0,54.0,0,54.0,0,0.0,0,0.0,83089920.81645276,0,83089920.81645276,0,0,0
9.5,0,42.18,0,42.23659313828586,0,44.7,0,0.7474626480146207,0,0.0,83149445.36715828,0,83149445.36715828,0,0,0
9.5,0,50.0,0,50.0,0,50.0,0,0.0,0,0.0735479974746704,83123703.45413113,0,83123703.45413113,0,0,0
9.5,0,50.1,0,50.11477396571436,0,51.4,0,0.3779892270497929,0,0.1016333866119384,83106426.08411354,0,83106426.08411354,0,0,0
9.5,0,199.4,0,144.45907297741817,0,692.44,0,184.96653378306,0,0.1217318964004516,83090108.33947279,0,83090108.33947279,0,0,0
9.5,0,50.0,0,50.0,0,50.0,0,0.0,0,0.0733819246292114,83097811.78624788,0,83097811.78624788,0,0,0
9.5,0,54.06,0,54.12586437942861,0,55.08,0,0.3274192493658686,0,0.0,83076907.12483251,0,83076907.12483251,0,0,0
9.5,0,42.0,0,42.0,0,42.0,0,0.0,0,0.0,83150710.0123031,0,83150710.0123031,0,0,0
9.5,0,57.7,0,59.64397745933118,0,106.82,0,14.637395488044564,0,0.0023416113853454,83067428.28956956,0,83067428.28956956,0,0,0
9.5,0,42.0,0,42.0,0,42.0,0,0.0,0,0.0,83128874.00458431,0,83128874.00458431,0,0,0
9.5,0,54.0,0,54.0,0,54.0,0,0.0,0,0.0,83094347.60769987,0,83094347.60769987,0,0,0
9.5,0,54.0,0,54.0,0,54.0,0,0.0,0,0.0,83034128.27092823,0,83034128.27092823,0,0,0
9.5,0,42.32,0,42.21400684901613,0,45.2,0,0.7951925023921976,0,0.0702250099182128,83132292.49275649,0,83132292.49275649,0,0,0
9.5,0,50.0,0,50.0,0,50.0,0,0.0,0,0.0869788527488708,83106328.89648739,0,83106328.89648739,0,0,0
9.5,0,54.72,0,54.29995896672986,0,58.92,0,1.1724587793941823,0,5.072583000659943,83072309.1143522,0,83072309.1143522,0,0,0
9.5,0,42.0,0,42.0,0,42.0,0,0.0,0,0.0,83482382.9567792,0,83482382.9567792,0,0,0
9.5,0,54.0,0,54.0,0,54.0,0,0.0,0,0.0402298498153686,83037265.27352877,0,83037265.27352877,0,0,0
9.5,0,54.0,0,54.0,0,54.0,0,0.0,0,0.0,83064130.40911981,0,83064130.40911981,0,0,0
9.5,0,42.0,0,42.0,0,42.0,0,0.0,0,0.0,83483207.85501799,0,83483207.85501799,0,0,0
9.5,0,50.0,0,50.0,0,50.0,0,0.0,0,0.0697190594673156,83123513.52030557,0,83123513.52030557,0,0,0
9.5,0,43.88,0,43.25729023796981,0,60.8,0,4.671755951554162,0,0.0,83128683.51792303,0,83128683.51792303,0,0,0
9.5,0,54.19,0,54.07934512138189,0,55.33,0,0.3143819854113336,0,0.00125825881958,83089293.62433867,0,83089293.62433867,0,0,0
9.5,0,42.0,0,42.0,0,42.0,0,0.0,0,0.0,83132218.76035115,0,83132218.76035115,0,0,0
9.5,0,42.13,0,42.27270615542868,0,44.34,0,0.7094083736260487,0,0.0,83150061.37576479,0,83150061.37576479,0,0,0
9.5,0,42.0,0,42.0,0,42.0,0,0.0,0,0.0,83124135.18052712,0,83124135.18052712,0,0,0
9.5,0,54.0,0,54.0,0,54.0,0,0.0,0,0.0,83034054.9287966,0,83034054.9287966,0,0,0
9.5,0,42.6,0,43.55864379428621,0,53.4,0,3.574192493658687,0,0.0211196398735046,83128373.9279882,0,83128373.9279882,0,0,0
9.5,0,54.0,0,54.0,0,54.0,0,0.0,0,0.0,83033839.00025529,0,83033839.00025529,0,0,0
9.5,0,54.0,0,54.0,0,54.0,0,0.0,0,0.0,83063992.74295181,0,83063992.74295181,0,0,0
9.5,0,50.0,0,50.0,0,50.0,0,0.0,0,0.0546969389915466,83097808.16784096,0,83097808.16784096,0,0,0
9.5,0,54.0,0,54.0,0,54.0,0,0.0,0,0.0,83033824.34836417,0,83033824.34836417,0,0,0
9.5,0,116.87,0,143.510350873198,0,617.93,0,192.6489122561225,0,0.1916970109939575,83106911.01013964,0,83106911.01013964,0,0,0
9.5,0,42.0,0,42.0,0,42.0,0,0.0,0,0.0,83150702.32694408,0,83150702.32694408,0,0,0
9.5,0,54.0,0,54.0,0,54.0,0,0.0,0,0.0,83034041.4327155,0,83034041.4327155,0,0,0
9.5,0,42.0,0,42.0,0,42.0,0,0.0,0,0.0,83150192.5785035,0,83150192.5785035,0,0,0
9.5,0,54.04,0,54.00632748538012,0,54.12,0,0.0268121299636758,0,0.0004504990577697,83089795.66578302,0,83089795.66578302,0,0,0
9.5,0,42.0,0,42.0,0,42.0,0,0.0,0,0.0,83129050.98666333,0,83129050.98666333,0,0,0
9.5,0,54.0,0,54.0,0,54.0,0,0.0,0,0.0,83067297.14761874,0,83067297.14761874,0,0,0
9.5,0,54.0,0,54.0,0,54.0,0,0.0,0,0.0,83034011.85577756,0,83034011.85577756,0,0,0
9.5,0,54.0,0,54.0,0,54.0,0,0.0,0,0.0,83089748.25989646,0,83089748.25989646,0,0,0
9.5,0,54.06,0,54.02967173873598,0,54.48,0,0.115266683009478,0,0.0,83076187.18107362,0,83076187.18107362,0,0,0
9.5,0,50.0,0,50.0,0,50.0,0,0.0,0,0.0464511013031005,83102460.15960123,0,83102460.15960123,0,0,0
9.5,0,50.0,0,50.0,0,50.0,0,0.0,0,0.1058491992950439,83098540.76714486,0,83098540.76714486,0,0,0
9.5,0,50.0,0,50.0,0,50.0,0,0.0,0,0.5977451062202453,83106171.63171653,0,83106171.63171653,0,0,0
9.5,0,54.0,0,54.0,0,54.0,0,0.0,0,0.0,83033540.76438665,0,83033540.76438665,0,0,0
9.5,0,54.0,0,54.0,0,54.0,0,0.0,0,0.0,83089248.31769629,0,83089248.31769629,0,0,0
9.5,0,50.0,0,50.0,0,50.0,0,0.0,0,0.1508363795280456,83123482.47321106,0,83123482.47321106,0,0,0
9.5,0,54.0,0,54.0,0,54.0,0,0.0,0,0.0,83076201.39853704,0,83076201.39853704,0,0,0
9.5,0,54.0,0,54.0,0,54.0,0,0.0,0,0.0,83034002.03770265,0,83034002.03770265,0,0,0
9.5,0,54.0,0,54.0,0,54.0,0,0.0,0,0.0,83089223.96807186,0,83089223.96807186,0,0,0
9.5,0,54.0,0,54.0,0,54.0,0,0.0,0,0.0,83076023.23955156,0,83076023.23955156,0,0,0
9.5,0,50.0,0,50.0,0,50.0,0,0.0,0,0.0104396963119506,83106604.5141486,0,83106604.5141486,0,0,0
9.5,0,50.6,0,50.5913349919774,0,54.6,0,1.475480367730856,0,0.0449629759788513,83102294.07652687,0,83102294.07652687,0,0,0
9.5,0,50.44,0,50.19605428919206,0,52.12,0,0.5613286268836898,0,0.2630083250999451,83097800.9083943,0,83097800.9083943,0,0,0
9.5,0,54.0,0,54.0,0,54.0,0,0.0,0,0.0,83067309.34364446,0,83067309.34364446,0,0,0
9.5,0,42.0,0,42.0,0,42.0,0,0.0,0,0.0,83128634.26722258,0,83128634.26722258,0,0,0
9.5,0,54.12,0,54.09225256838104,0,55.32,0,0.3341971883970741,0,0.0,83033810.15463577,0,83033810.15463577,0,0,0
9.5,0,42.0,0,42.0,0,42.0,0,0.0,0,0.0,83128810.02436036,0,83128810.02436036,0,0,0
9.5,0,50.0,0,50.0,0,50.0,0,0.0,0,0.0109740352630615,83106311.67714337,0,83106311.67714337,0,0,0
9.5,0,54.0,0,54.0,0,54.0,0,0.0,0,0.0,83068537.4717442,0,83068537.4717442,0,0,0
9.5,0,54.0,0,54.0,0,54.0,0,0.0,0,0.0,83072241.88073336,0,83072241.88073336,0,0,0
9.5,0,42.0,0,42.0,0,42.0,0,0.0,0,0.0,83150645.44149144,0,83150645.44149144,0,0,0
9.5,0,54.0,0,54.0,0,54.0,0,0.0,0,0.0,83089877.64071478,0,83089877.64071478,0,0,0
9.5,0,54.0,0,54.0,0,54.0,0,0.0,0,0.0,83093339.54660183,0,83093339.54660183,0,0,0
9.5,0,42.0,0,42.0,0,42.0,0,0.0,0,0.0,83150312.58836016,0,83150312.58836016,0,0,0
9.5,0,50.0,0,50.0,0,50.0,0,0.0,0,0.0310349869728088,83107463.23916323,0,83107463.23916323,0,0,0
9.5,0,42.18,0,42.18087885257157,0,44.34,0,0.6173937295894883,0,0.0,83150105.15316139,0,83150105.15316139,0,0,0
9.5,0,54.32,0,54.11077674578603,0,55.92,0,0.4470728485317912,0,0.0001907801628112,83037245.30991463,0,83037245.30991463,0,0,0
9.5,0,42.0,0,42.0,0,42.0,0,0.0,0,0.0,83128557.27627668,0,83128557.27627668,0,0,0
9.5,0,50.0,0,50.0,0,50.0,0,0.0,0,0.0937427353858947,83101827.98160653,0,83101827.98160653,0,0,0
9.5,0,54.56,0,55.574734208000464,0,62.48,0,2.53889478093422,0,0.0041222310066223,83072387.45311336,0,83072387.45311336,0,0,0
9.5,0,42.0,0,42.0,0,42.0,0,0.0,0,0.0,83127990.93996336,0,83127990.93996336,0,0,0
9.5,0,50.0,0,50.0,0,50.0,0,0.0,0,0.0465877842903137,83098542.07103153,0,83098542.07103153,0,0,0
9.5,0,50.0,0,50.0,0,50.0,0,0.0,0,0.0744125866889953,83098525.34095727,0,83098525.34095727,0,0,0
9.5,0,50.83,0,50.88500486781021,0,61.09,0,2.9591315966766034,0,0.0567237782478332,83102851.58042604,0,83102851.58042604,0,0,0
9.5,0,50.16,0,50.008,0,50.16,0,0.0348711915483253,0,0.267255413532257,83102820.45417523,0,83102820.45417523,0,0,0
9.5,0,42.0,0,42.0,0,42.0,0,0.0,0,0.0,83128874.73268095,0,83128874.73268095,0,0,0
9.5,0,54.0,0,54.0,0,54.0,0,0.0,0,0.0142471718788146,83090061.86775222,0,83090061.86775222,0,0,0
9.5,0,42.0,0,42.0,0,42.0,0,0.0,0,0.0,83124778.9857874,0,83124778.9857874,0,0,0
9.5,0,42.18,0,42.23659313828586,0,44.7,0,0.7474626480146207,0,0.0,83124008.29778874,0,83124008.29778874,0,0,0
9.5,0,50.0,0,50.0,0,50.0,0,0.0,0,0.1815685439109802,83102997.85203947,0,83102997.85203947,0,0,0
9.5,0,42.0,0,42.0,0,42.0,0,0.0,0,0.0,83128972.46087497,0,83128972.46087497,0,0,0
9.5,0,50.36,0,50.15033812472357,0,52.52,0,0.5956711302530533,0,0.0822996187210083,83102280.83311972,0,83102280.83311972,0,0,0
9.5,0,54.2,0,54.13375428063509,0,56.0,0,0.4969953139951236,0,0.0016825819015502,83089851.29423153,0,83089851.29423153,0,0,0
9.5,0,50.0,0,50.0,0,50.0,0,0.0,0,0.0518160438537597,83106626.3581955,0,83106626.3581955,0,0,0
9.5,0,42.0,0,42.0,0,42.0,0,0.0,0,0.0,83124023.07050663,0,83124023.07050663,0,0,0
9.5,0,50.0,0,50.0,0,50.0,0,0.0,0,0.0318741464614868,83107440.16348922,0,83107440.16348922,0,0,0
9.5,0,42.0,0,42.0,0,42.0,0,0.0,0,0.0,83127967.00210351,0,83127967.00210351,0,0,0
9.5,0,54.65,0,54.49970141206402,0,61.15,0,1.810234770484152,0,0.0,83068405.7182929,0,83068405.7182929,0,0,0
9.5,0,54.0,0,54.0,0,54.0,0,0.0,0,0.0,83072484.9783649,0,83072484.9783649,0,0,0
9.5,0,54.0,0,54.0,0,54.0,0,0.0,0,0.0,83093499.2163133,0,83093499.2163133,0,0,0
9.5,0,50.0,0,50.0,0,50.0,0,0.0,0,0.0632316374778747,83101802.86929378,0,83101802.86929378,0,0,0
9.5,0,50.0,0,50.0,0,50.0,0,0.0,0,0.0497112274169921,83123486.14023349,0,83123486.14023349,0,0,0
9.5,0,50.32,0,50.13451300952229,0,52.24,0,0.5309142456245035,0,0.0335166788101196,83123868.1590704,0,83123868.1590704,0,0,0
9.5,0,42.0,0,42.0,0,42.0,0,0.0,0,0.0,83149810.73461202,0,83149810.73461202,0,0,0
9.5,0,50.0,0,50.0,0,50.0,0,0.0,0,0.040889127254486,83106967.88997498,0,83106967.88997498,0,0,0
9.5,0,50.0,0,50.0,0,50.0,0,0.0,0,0.1290216374397277,83123582.6853056,0,83123582.6853056,0,0,0
9.5,0,55.76,0,56.31335512990621,0,80.4,0,7.308523669476292,0,0.0,83089793.83433208,0,83089793.83433208,0,0,0
9.5,0,54.0,0,54.0,0,54.0,0,0.0,0,0.0,83076196.17334068,0,83076196.17334068,0,0,0
9.5,0,54.0,0,54.0,0,54.0,0,0.0,0,0.8220831942558289,83076901.16420066,0,83076901.16420066,0,0,0
9.5,0,42.0,0,42.0,0,42.0,0,0.0,0,0.0,83150069.55277854,0,83150069.55277854,0,0,0
9.5,0,54.0,0,54.0,0,54.0,0,0.0,0,0.0004923486709594,83076927.41723952,0,83076927.41723952,0,0,0
9.5,0,50.0,0,50.0,0,50.0,0,0.0,0,0.0605490255355834,83098700.77379796,0,83098700.77379796,0,0,0
9.5,0,54.0,0,54.0,0,54.0,0,0.0,0,0.0,83072323.12043886,0,83072323.12043886,0,0,0
9.5,0,50.1,0,50.049452897893296,0,50.8,0,0.19211113834913,0,0.0418094587326049,83097827.29728001,0,83097827.29728001,0,0,0
9.5,0,50.0,0,50.0,0,50.0,0,0.0,0,0.04595379114151,83098534.24119876,0,83098534.24119876,0,0,0
9.5,0,50.2,0,50.02052631578948,0,50.4,0,0.0882483650892939,0,0.0349614167213439,83106698.09822929,0,83106698.09822929,0,0,0
9.5,0,54.0,0,54.0,0,54.0,0,0.0,0,0.0,83034045.32448153,0,83034045.32448153,0,0,0
9.5,0,50.0,0,50.0,0,50.0,0,0.0,0,0.0984688878059387,83106492.87142506,0,83106492.87142506,0,0,0
9.5,0,54.0,0,54.0,0,54.0,0,0.0,0,0.0,83076113.7251031,0,83076113.7251031,0,0,0
9.5,0,54.0,0,54.0,0,54.0,0,0.0,0,0.0,83072329.64040077,0,83072329.64040077,0,0,0
9.5,0,42.0,0,42.0,0,42.0,0,0.0,0,0.0,83150278.5315821,0,83150278.5315821,0,0,0
9.5,0,54.0,0,54.0,0,54.0,0,0.0,0,0.0,83093511.46025789,0,83093511.46025789,0,0,0
9.5,0,58.08,0,61.12952997028771,0,87.96,0,10.104997724311051,0,0.1768763661384582,83487478.60994928,0,83487478.60994928,0,0,0
9.5,0,50.0,0,50.0,0,50.0,0,0.0,0,0.0705947494506836,83097606.46915326,0,83097606.46915326,0,0,0
9.5,0,50.0,0,50.0,0,50.0,0,0.0,0,0.1375446081161499,83123462.2643521,0,83123462.2643521,0,0,0
9.5,0,50.0,0,50.0,0,50.0,0,0.0,0,0.0297088932991027,83097611.51551622,0,83097611.51551622,0,0,0
9.5,0,50.38,0,50.27304222411576,0,53.98,0,0.9995431178619312,0,0.0217928528785705,83106926.87082663,0,83106926.87082663,0,0,0
9.5,0,54.0,0,54.0,0,54.0,0,0.0,0,0.0,83033939.13858618,0,83033939.13858618,0,0,0
9.5,0,50.0,0,50.0,0,50.0,0,0.0,0,0.0824668765068054,83123813.88061048,0,83123813.88061048,0,0,0
9.5,0,50.1,0,50.13144063238104,0,51.5,0,0.4152570266747893,0,0.579146864414215,83106170.75368015,0,83106170.75368015,0,0,0
9.5,0,42.18,0,42.104015216207934,0,43.62,0,0.395549420883765,0,0.0,83149823.33630055,0,83149823.33630055,0,0,0
9.5,0,56.2,0,54.15411270824119,0,56.92,0,0.6518825335459144,0,0.0029651403427124,83076525.71870461,0,83076525.71870461,0,0,0
9.5,0,61.01,0,57.75543602110824,0,99.52,0,11.30281091113648,0,0.0720804524421692,83037116.76537555,0,83037116.76537555,0,0,0
9.5,0,54.0,0,54.0,0,54.0,0,0.0,0,0.0,83067422.82285066,0,83067422.82285066,0,0,0
9.5,0,54.0,0,54.0,0,54.0,0,0.0,0,0.0,83075912.01406245,0,83075912.01406245,0,0,0
9.5,0,42.0,0,42.0,0,42.0,0,0.0,0,0.0,83124428.57499272,0,83124428.57499272,0,0,0
9.5,0,50.0,0,50.0,0,50.0,0,0.0,0,0.3829069590568542,83098762.77253386,0,83098762.77253386,0,0,0
9.5,0,42.18,0,42.07516906236178,0,43.26,0,0.2978355651265266,0,0.0,83128750.95710374,0,83128750.95710374,0,0,0
9.5,0,54.0,0,54.0,0,54.0,0,0.0,0,0.0,83089303.66713871,0,83089303.66713871,0,0,0
9.5,0,42.0,0,42.0,0,42.0,0,0.0,0,0.0,83128038.23234062,0,83128038.23234062,0,0,0
9.5,0,50.0,0,50.0,0,50.0,0,0.0,0,0.0377460861206054,83106170.8440447,0,83106170.8440447,0,0,0
9.5,0,50.0,0,50.0,0,50.0,0,0.0,0,0.0577587270736694,83097824.53541656,0,83097824.53541656,0,0,0
9.5,0,50.0,0,50.0,0,50.0,0,0.0,0,0.0594722557067871,83098524.4337781,0,83098524.4337781,0,0,0
9.5,0,54.44,0,55.58300544914322,0,62.8,0,2.621074495349704,0,0.0,83089915.274007,0,83089915.274007,0,0,0
9.5,0,54.0,0,54.0,0,54.0,0,0.0,0,0.0,83075990.23096848,0,83075990.23096848,0,0,0
9.5,0,50.24,0,50.012,0,50.24,0,0.052306787322488,0,0.0628343677520752,83103089.97918883,0,83103089.97918883,0,0,0
9.5,0,42.0,0,42.0,0,42.0,0,0.0,0,0.0,83149558.77320072,0,83149558.77320072,0,0,0
9.5,0,42.57,0,44.05071160457189,0,53.4,0,3.395482868975752,0,0.0116604089736938,83150100.1791761,0,83150100.1791761,0,0,0
9.5,0,50.0,0,50.0,0,50.0,0,0.0,0,0.1727400708198547,83101806.26789142,0,83101806.26789142,0,0,0
9.5,0,50.0,0,50.0,0,50.0,0,0.0,0,0.0797436618804931,83098701.43884462,0,83098701.43884462,0,0,0
9.5,0,42.0,0,42.0,0,42.0,0,0.0,0,0.0,83128371.13585995,0,83128371.13585995,0,0,0
9.5,0,50.0,0,50.0,0,50.0,0,0.0,0,0.3577798819541931,83123865.80755998,0,83123865.80755998,0,0,0
9.5,0,54.0,0,54.0,0,54.0,0,0.0,0,0.0,83090067.4324937,0,83090067.4324937,0,0,0
9.5,0,42.0,0,42.0,0,42.0,0,0.0,0,0.0,83132744.01878819,0,83132744.01878819,0,0,0
9.5,0,51.0,0,50.89400949841352,0,52.8,0,1.282533104228311,0,0.0215057063102722,83101941.80984174,0,83101941.80984174,0,0,0
9.5,0,54.0,0,54.0,0,54.0,0,0.0,0,0.5475447940826416,83093505.36818852,0,83093505.36818852,0,0,0
9.5,0,42.0,0,42.0,0,42.0,0,0.0,0,0.0,83128047.53282772,0,83128047.53282772,0,0,0
9.5,0,54.0,0,54.0,0,54.0,0,0.0,0,0.0,83072231.84964836,0,83072231.84964836,0,0,0
9.5,0,50.0,0,50.0,0,50.0,0,0.0,0,0.0786958956718444,83107456.95088434,0,83107456.95088434,0,0,0
9.5,0,54.0,0,54.0,0,54.0,0,0.0,0,0.0,83037237.48367369,0,83037237.48367369,0,0,0
9.5,0,54.0,0,54.0,0,54.0,0,0.0,0,0.0,83089062.16129757,0,83089062.16129757,0,0,0
9.5,0,54.0,0,54.0,0,54.0,0,0.0,0,0.0,83067375.04619557,0,83067375.04619557,0,0,0
9.5,0,42.08,0,42.02875085612702,0,42.44,0,0.108116860686106,0,0.0,83128890.00005451,0,83128890.00005451,0,0,0
9.5,0,43.26,0,43.10865196800104,0,57.12,0,3.905050275633745,0,0.0297667717933654,83149563.09327434,0,83149563.09327434,0,0,0
9.5,0,50.0,0,50.0,0,50.0,0,0.0,0,0.0397720479965209,83098711.49270873,0,83098711.49270873,0,0,0
9.5,0,50.0,0,50.0,0,50.0,0,0.0,0,0.1043119835853576,83123746.45392454,0,83123746.45392454,0,0,0
9.5,0,43.08,0,43.36327311542946,0,49.44,0,2.661490915707505,0,0.0082090282440185,83124139.98329301,0,83124139.98329301,0,0,0
9.5,0,56.14,0,55.4178179889426,0,73.92,0,4.9282125573560425,0,0.0015515208244323,83089292.91075784,0,83089292.91075784,0,0,0
9.5,0,54.0,0,54.0,0,54.0,0,0.0,0,0.0,83076266.71253271,0,83076266.71253271,0,0,0
9.5,0,52.0,0,50.80621147428423,0,52.2,0,1.0087641423880789,0,0.0246956419944763,83106188.20993252,0,83106188.20993252,0,0,0
9.5,0,146.16,0,137.7966008518485,0,161.24,0,32.01663191217895,0,0.0883728194236755,83089435.29052821,0,83089435.29052821,0,0,0
9.5,0,42.0,0,42.0,0,42.0,0,0.0,0,0.0,83124150.2413552,0,83124150.2413552,0,0,0
9.5,0,50.0,0,50.0,0,50.0,0,0.0,0,0.1474642515182495,83097607.06645633,0,83097607.06645633,0,0,0
9.5,0,50.0,0,50.0,0,50.0,0,0.0,0,0.1065293979644775,83495227.58459039,0,83495227.58459039,0,0,0
9.5,0,42.0,0,42.0,0,42.0,0,0.0,0,0.0,83124411.25416967,0,83124411.25416967,0,0,0
9.5,0,54.12,0,54.12058590171439,0,55.56,0,0.4115958197263255,0,0.0383490991592407,83495273.22376472,0,83495273.22376472,0,0,0
9.5,0,50.0,0,50.0,0,50.0,0,0.0,0,0.023096957206726,83487409.39182219,0,83487409.39182219,0,0,0
9.5,0,54.0,0,54.0,0,54.0,0,0.0,0,0.0,83071588.96131313,0,83071588.96131313,0,0,0
9.5,0,42.0,0,42.0,0,42.0,0,0.0,0,0.0,83150006.87889291,0,83150006.87889291,0,0,0
9.5,0,54.0,0,54.0,0,54.0,0,0.0,0,0.0,83093125.72034752,0,83093125.72034752,0,0,0
9.5,0,54.12,0,54.21172875885724,0,56.04,0,0.5982699562368134,0,0.0014769196510314,83094334.28717764,0,83094334.28717764,0,0,0
9.5,0,54.0,0,54.0,0,54.0,0,0.0,0,0.0,83090146.52561599,0,83090146.52561599,0,0,0
9.5,0,50.0,0,50.0,0,50.0,0,0.0,0,0.0986141943931579,83101809.86085764,0,83101809.86085764,0,0,0
9.5,0,54.0,0,54.0,0,54.0,0,0.0,0,0.0,83093398.87538037,0,83093398.87538037,0,0,0
9.5,0,54.0,0,54.0,0,54.0,0,0.0,0,0.0,83037114.28813681,0,83037114.28813681,0,0,0
9.5,0,168.23,0,135.56012890484988,0,377.8,0,101.62381900709036,0,17.38232842206955,83093188.14975521,0,83093188.14975521,0,0,0
9.5,0,54.0,0,54.0,0,54.0,0,0.0,0,0.0,83093321.68878417,0,83093321.68878417,0,0,0
9.5,0,50.61,0,50.13149415204678,0,51.29,0,0.3573328892827511,0,0.0538634204864501,83106437.15773205,0,83106437.15773205,0,0,0
9.5,0,42.0,0,42.0,0,42.0,0,0.0,0,0.0,83149628.4471074,0,83149628.4471074,0,0,0
9.5,0,54.86,0,55.31705436836126,0,61.59,0,2.313300699571715,0,0.0295838093757629,83089811.93394858,0,83089811.93394858,0,0,0
9.5,0,50.6,0,51.658643794286206,0,54.0,0,1.4615033696241004,0,0.3148944354057312,83102333.70181617,0,83102333.70181617,0,0,0
9.5,0,42.0,0,42.0,0,42.0,0,0.0,0,0.0,83150123.70856528,0,83150123.70856528,0,0,0
9.5,0,50.0,0,50.0,0,50.0,0,0.0,0,0.1171445775032043,83106702.84017412,0,83106702.84017412,0,0,0
9.5,0,54.0,0,54.0,0,54.0,0,0.0,0,0.0,83090192.00430623,0,83090192.00430623,0,0,0
9.5,0,42.0,0,42.0,0,42.0,0,0.0,0,0.0,83128381.00303826,0,83128381.00303826,0,0,0
9.5,0,42.0,0,42.0,0,42.0,0,0.0,0,0.0,83150694.82349728,0,83150694.82349728,0,0,0
9.5,0,50.0,0,50.0,0,50.0,0,0.0,0,0.0731396603584289,83102211.34703201,0,83102211.34703201,0,0,0
9.5,0,54.0,0,54.0,0,54.0,0,0.0,0,0.0,83076265.95564842,0,83076265.95564842,0,0,0
9.5,0,50.0,0,50.0,0,50.0,0,0.0,0,0.1788988375663757,83102436.68720111,0,83102436.68720111,0,0,0
9.5,0,50.0,0,50.0,0,50.0,0,0.0,0,0.0487787270545959,83103047.47302078,0,83103047.47302078,0,0,0
9.5,0,54.0,0,54.0,0,54.0,0,0.0,0,0.0,83090184.32409464,0,83090184.32409464,0,0,0
9.5,0,50.0,0,50.0,0,50.0,0,0.0,0,0.2525274300575256,83102356.97702102,0,83102356.97702102,0,0,0
9.5,0,42.0,0,42.0,0,42.0,0,0.0,0,0.0,83128120.28952134,0,83128120.28952134,0,0,0
9.5,0,54.0,0,54.0,0,54.0,0,0.0,0,0.0,83033911.0982791,0,83033911.0982791,0,0,0
9.5,0,50.0,0,50.0,0,50.0,0,0.0,0,0.0435778045654296,83123752.5655981,0,83123752.5655981,0,0,0
9.5,0,42.0,0,42.0,0,42.0,0,0.0,0,0.0,83127709.63085477,0,83127709.63085477,0,0,0
9.5,0,42.0,0,42.0,0,42.0,0,0.0,0,0.0,83128157.23524813,0,83128157.23524813,0,0,0
9.5,0,149.64,0,146.7480954393044,0,160.08,0,18.786200530357647,0,0.080446343421936,83089439.65104075,0,83089439.65104075,0,0,0
9.5,0,174.0,0,174.0,0,174.0,0,0.0,0,0.0,83064038.65560213,0,83064038.65560213,0,0,0
9.5,0,50.0,0,50.0,0,50.0,0,0.0,0,0.0451819086074829,83123803.12229748,0,83123803.12229748,0,0,0
9.5,0,42.99,0,42.64894732550731,0,51.63,0,2.3973661235664308,0,0.0,83128611.13663132,0,83128611.13663132,0,0,0
9.5,0,54.0,0,54.0,0,54.0,0,0.0,0,0.0,83037681.47539538,0,83037681.47539538,0,0,0
9.5,0,42.0,0,42.0,0,42.0,0,0.0,0,0.0,83127974.01159826,0,83127974.01159826,0,0,0
9.5,0,54.0,0,54.0,0,54.0,0,0.0,0,0.0,83089222.48389706,0,83089222.48389706,0,0,0
9.5,0,54.0,0,54.0,0,54.0,0,0.0,0,0.0,83093260.38759388,0,83093260.38759388,0,0,0
9.5,0,54.44,0,54.41214830628607,0,57.08,0,0.9943816607698532,0,0.0616694784164428,83068387.6654715,0,83068387.6654715,0,0,0
9.5,0,42.0,0,42.0,0,42.0,0,0.0,0,0.0,83149819.0293385,0,83149819.0293385,0,0,0
9.5,0,50.0,0,50.0,0,50.0,0,0.0,0,0.0031698131561279,83098543.81163621,0,83098543.81163621,0,0,0
9.5,0,54.0,0,54.0,0,54.0,0,0.0,0,0.0,83089115.55113214,0,83089115.55113214,0,0,0
9.5,0,42.0,0,42.0,0,42.0,0,0.0,0,0.0,83128382.5754522,0,83128382.5754522,0,0,0
9.5,0,54.0,0,54.0,0,54.0,0,0.0,0,0.0,83034070.65902595,0,83034070.65902595,0,0,0
9.5,0,54.0,0,54.0,0,54.0,0,0.0,0,0.0,83034121.07259256,0,83034121.07259256,0,0,0
9.5,0,50.0,0,50.0,0,50.0,0,0.0,0,0.0310786771774292,83123860.78141369,0,83123860.78141369,0,0,0
9.5,0,42.16,0,42.14078120228584,0,43.92,0,0.4958794000804755,0,0.0009073400497436,83150315.76559116,0,83150315.76559116,0,0,0
9.5,0,42.0,0,42.0,0,42.0,0,0.0,0,0.0,83149991.89738119,0,83149991.89738119,0,0,0
9.5,0,42.0,0,42.0,0,42.0,0,0.0,0,0.0,83149699.71743155,0,83149699.71743155,0,0,0
9.5,0,42.0,0,42.0,0,42.0,0,0.0,0,0.0,83132314.10796607,0,83132314.10796607,0,0,0
9.5,0,50.0,0,50.0,0,50.0,0,0.0,0,0.1622449851036072,83098706.3022389,0,83098706.3022389,0,0,0
9.5,0,42.0,0,42.0,0,42.0,0,0.0,0,0.0,83149748.09220646,0,83149748.09220646,0,0,0
9.5,0,42.0,0,42.0,0,42.0,0,0.0,0,0.0,83128152.16831301,0,83128152.16831301,0,0,0
9.5,0,54.04,0,54.04019530057147,0,54.52,0,0.1371986065754418,0,2.813193225860596,83094166.26403266,0,83094166.26403266,0,0,0
9.5,0,42.0,0,42.0,0,42.0,0,0.0,0,0.0,83149807.15114807,0,83149807.15114807,0,0,0
9.5,0,42.0,0,42.0,0,42.0,0,0.0,0,0.0,83132497.57709342,0,83132497.57709342,0,0,0
9.5,0,50.0,0,50.0,0,50.0,0,0.0,0,0.0918756747245788,83123885.73382096,0,83123885.73382096,0,0,0
9.5,0,42.0,0,42.0,0,42.0,0,0.0,0,0.0,83128979.86682263,0,83128979.86682263,0,0,0
9.5,0,54.0,0,54.0,0,54.0,0,0.0,0,0.0,83089913.86474904,0,83089913.86474904,0,0,0
9.5,0,42.0,0,42.0,0,42.0,0,0.0,0,0.0,83149347.12209737,0,83149347.12209737,0,0,0
9.5,0,55.29,0,56.95108415771536,0,67.11,0,4.205350132442754,0,0.0,83089869.59916249,0,83089869.59916249,0,0,0
9.5,0,42.0,0,42.0,0,42.0,0,0.0,0,0.0,83483202.94248728,0,83483202.94248728,0,0,0
9.5,0,50.0,0,50.0,0,50.0,0,0.0,0,0.059442229270935,83106487.82890485,0,83106487.82890485,0,0,0
9.5,0,55.08,0,55.65755882971517,0,61.48,0,2.81791011648294,0,0.0517363595962524,83072388.62905456,0,83072388.62905456,0,0,0
9.5,0,54.0,0,54.0,0,54.0,0,0.0,0,0.0,83067243.42327826,0,83067243.42327826,0,0,0
9.5,0,50.0,0,50.0,0,50.0,0,0.0,0,0.0450804662704467,83102448.15971184,0,83102448.15971184,0,0,0
9.5,0,54.06,0,54.04012628419053,0,54.6,0,0.149098594198537,0,0.0,83077019.27961859,0,83077019.27961859,0,0,0
9.5,0,50.0,0,50.0,0,50.0,0,0.0,0,0.1547763752937317,83101812.97497049,0,83101812.97497049,0,0,0
9.5,0,50.0,0,50.0,0,50.0,0,0.0,0,0.0222262096405029,83098902.29323447,0,83098902.29323447,0,0,0
9.5,0,54.0,0,54.0,0,54.0,0,0.0,0,0.0,83089905.31731355,0,83089905.31731355,0,0,0
9.5,0,42.0,0,42.0,0,42.0,0,0.0,0,0.0,83149623.56991607,0,83149623.56991607,0,0,0
9.5,0,54.0,0,54.0,0,54.0,0,0.0,0,0.0,83076189.8332842,0,83076189.8332842,0,0,0
9.5,0,42.23,0,42.15381742273034,0,44.3,0,0.5715446110943921,0,0.0,83128732.35470895,0,83128732.35470895,0,0,0
9.5,0,54.0,0,54.0,0,54.0,0,0.0,0,0.0,83033545.21021283,0,83033545.21021283,0,0,0
9.5,0,50.1,0,50.027951066391466,0,50.5,0,0.1147658825876917,0,0.0472438073158264,83102140.41147874,0,83102140.41147874,0,0,0
9.5,0,42.0,0,42.0,0,42.0,0,0.0,0,0.0,83127805.2162429,0,83127805.2162429,0,0,0
9.5,0,54.0,0,54.0,0,54.0,0,0.0,0,0.0,83067310.85983321,0,83067310.85983321,0,0,0
9.5,0,50.0,0,50.0,0,50.0,0,0.0,0,0.1036077117919921,83495227.76629423,0,83495227.76629423,0,0,0
9.5,0,42.0,0,42.0,0,42.0,0,0.0,0,0.0,83149411.23567359,0,83149411.23567359,0,0,0
9.5,0,50.0,0,50.0,0,50.0,0,0.0,0,0.1473306560516357,83106181.42086981,0,83106181.42086981,0,0,0
9.5,0,54.0,0,54.0,0,54.0,0,0.0,0,0.0,83090149.85408774,0,83090149.85408774,0,0,0
9.5,0,42.0,0,42.0,0,42.0,0,0.0,0,0.0,83132305.81594451,0,83132305.81594451,0,0,0
9.5,0,50.0,0,50.0,0,50.0,0,0.0,0,0.3384118247032165,83101913.44826432,0,83101913.44826432,0,0,0
9.5,0,42.0,0,42.0,0,42.0,0,0.0,0,0.0,83150185.6300453,0,83150185.6300453,0,0,0
9.5,0,54.12,0,54.03354127966976,0,54.6,0,0.1377190591052301,0,0.002815990447998,83094399.54593247,0,83094399.54593247,0,0,0
9.5,0,42.0,0,42.0,0,42.0,0,0.0,0,0.0,83127981.05035831,0,83127981.05035831,0,0,0
9.5,0,54.0,0,54.0,0,54.0,0,0.0,0,0.0,83089749.59772633,0,83089749.59772633,0,0,0
9.5,0,42.0,0,42.0,0,42.0,0,0.0,0,0.0,83128033.86369479,0,83128033.86369479,0,0,0
9.5,0,54.0,0,54.0,0,54.0,0,0.0,0,0.0,83034014.53024462,0,83034014.53024462,0,0,0
9.5,0,42.0,0,42.0,0,42.0,0,0.0,0,0.0,83127803.35685244,0,83127803.35685244,0,0,0
9.5,0,55.25,0,54.76642994105997,0,63.16,0,2.437592101032064,0,0.0001811218261718,83072299.01353242,0,83072299.01353242,0,0,0
9.5,0,54.0,0,54.0,0,54.0,0,0.0,0,0.0,83037265.81006116,0,83037265.81006116,0,0,0
9.5,0,50.0,0,50.0,0,50.0,0,0.0,0,0.0395856928825378,83102992.59331495,0,83102992.59331495,0,0,0
9.5,0,54.0,0,54.0,0,54.0,0,0.0,0,0.0,83067296.42507188,0,83067296.42507188,0,0,0
9.5,0,54.0,0,54.0,0,54.0,0,0.0,0,0.0,83090040.17819887,0,83090040.17819887,0,0,0
9.5,0,42.0,0,42.0,0,42.0,0,0.0,0,0.0,83124839.97413544,0,83124839.97413544,0,0,0
9.5,0,42.0,0,42.0,0,42.0,0,0.0,0,0.0,83150003.19685625,0,83150003.19685625,0,0,0
9.5,0,42.0,0,42.0,0,42.0,0,0.0,0,0.0,83150628.48662478,0,83150628.48662478,0,0,0
9.5,0,42.0,0,42.0,0,42.0,0,0.0,0,0.0,83132194.6197299,0,83132194.6197299,0,0,0
9.5,0,43.11,0,42.90242716661564,0,51.72,0,2.524344551769272,0,0.0907184696197509,83149975.40689598,0,83149975.40689598,0,0,0
9.5,0,54.0,0,54.0,0,54.0,0,0.0,0,0.0,83089736.3338861,0,83089736.3338861,0,0,0
9.5,0,42.0,0,42.0,0,42.0,0,0.0,0,0.0,83150271.8384697,0,83150271.8384697,0,0,0
9.5,0,54.0,0,54.0,0,54.0,0,0.0,0,0.0,83076198.80467334,0,83076198.80467334,0,0,0
9.5,0,54.24,0,54.48184146709843,0,57.24,0,0.913395542149422,0,0.0054773902893066,83064149.39594555,0,83064149.39594555,0,0,0
9.5,0,42.0,0,42.0,0,42.0,0,0.0,0,0.0,83128553.87522477,0,83128553.87522477,0,0,0
9.5,0,54.12,0,54.12915733028581,0,54.84,0,0.2989071368143362,0,0.0,83072471.00360365,0,83072471.00360365,0,0,0
9.5,0,54.96,0,56.49383007085793,0,72.24,0,5.7187079898539,0,0.0,83068405.63206577,0,83068405.63206577,0,0,0
9.5,0,54.12,0,54.114990663619146,0,55.5,0,0.3938921304284127,0,0.0,83089191.25911942,0,83089191.25911942,0,0,0
9.5,0,54.0,0,54.0,0,54.0,0,0.0,0,0.0,83037244.83325467,0,83037244.83325467,0,0,0
9.5,0,42.18,0,42.20659313828586,0,44.52,0,0.6803806086896271,0,0.0,83128547.91685875,0,83128547.91685875,0,0,0
9.5,0,42.0,0,42.0,0,42.0,0,0.0,0,0.0,83128502.16737184,0,83128502.16737184,0,0,0
9.5,0,54.0,0,54.0,0,54.0,0,0.0,0,0.0,83067447.20312522,0,83067447.20312522,0,0,0
9.5,0,54.0,0,54.0,0,54.0,0,0.0,0,0.0,83093366.53555717,0,83093366.53555717,0,0,0
9.5,0,54.0,0,54.0,0,54.0,0,0.0,0,0.0,83072385.5655716,0,83072385.5655716,0,0,0
9.5,0,50.0,0,50.0,0,50.0,0,0.0,0,0.0114069581031799,83106695.00558443,0,83106695.00558443,0,0,0
9.5,0,42.0,0,42.0,0,42.0,0,0.0,0,0.0,83127717.10642597,0,83127717.10642597,0,0,0
9.5,0,42.0,0,42.0,0,42.0,0,0.0,0,0.0,83128502.15384467,0,83128502.15384467,0,0,0
9.5,0,54.0,0,54.0,0,54.0,0,0.0,0,0.0,83034136.2585985,0,83034136.2585985,0,0,0
9.5,0,42.0,0,42.0,0,42.0,0,0.0,0,0.0,83128497.08884436,0,83128497.08884436,0,0,0
9.5,0,42.0,0,42.0,0,42.0,0,0.0,0,0.0,83150330.2553061,0,83150330.2553061,0,0,0
9.5,0,50.55,0,50.05691520467836,0,50.62,0,0.1642605941278726,0,0.0561582350730896,83106495.98993604,0,83106495.98993604,0,0,0
9.5,0,50.0,0,50.0,0,50.0,0,0.0,0,0.0951391625404357,83106904.68219493,0,83106904.68219493,0,0,0
9.5,0,42.0,0,42.0,0,42.0,0,0.0,0,0.0,83128168.55123483,0,83128168.55123483,0,0,0
9.5,0,50.0,0,50.0,0,50.0,0,0.0,0,0.2290305662155151,83123818.99610384,0,83123818.99610384,0,0,0
9.5,0,42.0,0,42.0,0,42.0,0,0.0,0,0.0,83128875.4852375,0,83128875.4852375,0,0,0
9.5,0,54.0,0,54.0,0,54.0,0,0.0,0,0.0,83076379.64759447,0,83076379.64759447,0,0,0
9.5,0,54.0,0,54.0,0,54.0,0,0.0,0,0.0,83068543.52868319,0,83068543.52868319,0,0,0
9.5,0,42.12,0,42.05934347747196,0,42.96,0,0.230533366018956,0,0.0106508708000183,83150252.14856157,0,83150252.14856157,0,0,0
9.5,0,50.0,0,50.0,0,50.0,0,0.0,0,0.0262103629112243,83102390.2635659,0,83102390.2635659,0,0,0
9.5,0,54.0,0,54.0,0,54.0,0,0.0,0,0.0,83076494.3712506,0,83076494.3712506,0,0,0
9.5,0,50.0,0,50.0,0,50.0,0,0.0,0,0.0381822490692138,83101915.66268429,0,83101915.66268429,0,0,0
9.5,0,50.0,0,50.0,0,50.0,0,0.0,0,0.6505979013442993,83102390.22886306,0,83102390.22886306,0,0,0
9.5,0,42.18,0,42.104015216207934,0,43.62,0,0.395549420883765,0,0.0,83128980.81539352,0,83128980.81539352,0,0,0
9.5,0,50.12,0,50.08425256838105,0,50.84,0,0.2276524963908022,0,0.1146717691421508,83102212.98258832,0,83102212.98258832,0,0,0
9.5,0,54.44,0,54.38714830628607,0,59.28,0,1.3636683502213076,0,0.0,83089137.0219383,0,83089137.0219383,0,0,0
9.5,0,42.0,0,42.0,0,42.0,0,0.0,0,0.0,83150711.52663931,0,83150711.52663931,0,0,0
9.5,0,42.0,0,42.0,0,42.0,0,0.0,0,0.0,83150263.0579522,0,83150263.0579522,0,0,0
9.5,0,54.0,0,54.0,0,54.0,0,0.0,0,0.0,83093362.55250198,0,83093362.55250198,0,0,0
9.5,0,42.33,0,42.01649999999999,0,42.33,0,0.0719218325684211,0,0.0,83132736.95327973,0,83132736.95327973,0,0,0
9.5,0,54.59,0,54.67716639771477,0,62.26,0,2.230136439593778,0,0.0,83072330.13699152,0,83072330.13699152,0,0,0
9.5,0,42.0,0,42.0,0,42.0,0,0.0,0,0.0,83150043.97401544,0,83150043.97401544,0,0,0
9.5,0,54.21,0,54.54552532800017,0,57.99,0,1.2509673727805404,0,0.0008788204193115,83094399.78654714,0,83094399.78654714,0,0,0
9.5,0,50.0,0,50.0,0,50.0,0,0.0,0,0.0030682516098022,83098534.71251224,0,83098534.71251224,0,0,0
9.5,0,50.58,0,50.37161934857368,0,54.8,0,1.228095095377098,0,0.2653133249282837,83101871.12247242,0,83101871.12247242,0,0,0
9.5,0,50.3,0,50.187342765163976,0,52.5,0,0.6447887918501729,0,0.031628143787384,83102437.64656168,0,83102437.64656168,0,0,0
9.5,0,42.0,0,42.0,0,42.0,0,0.0,0,0.0,83132489.05577746,0,83132489.05577746,0,0,0
9.5,0,54.0,0,54.0,0,54.0,0,0.0,0,0.0,83090154.2177724,0,83090154.2177724,0,0,0
9.5,0,54.0,0,54.0,0,54.0,0,0.0,0,0.0004325795173645,83076365.88568778,0,83076365.88568778,0,0,0
9.5,0,42.0,0,42.0,0,42.0,0,0.0,0,0.0,83132095.6735814,0,83132095.6735814,0,0,0
9.5,0,50.0,0,50.0,0,50.0,0,0.0,0,0.0706440305709838,83098921.87039818,0,83098921.87039818,0,0,0
9.5,0,42.56,0,42.028,0,42.56,0,0.1220491704191388,0,0.0,83128621.19412665,0,83128621.19412665,0,0,0
9.5,0,50.0,0,50.0,0,50.0,0,0.0,0,0.037438485622406,83123824.8742836,0,83123824.8742836,0,0,0
9.5,0,42.0,0,42.0,0,42.0,0,0.0,0,0.0,83150559.43310492,0,83150559.43310492,0,0,0
9.5,0,63.36,0,51.01957894736843,0,63.36,0,3.4956231468398333,0,0.2798163437843323,83098784.33189052,0,83098784.33189052,0,0,0
9.5,0,50.5,0,50.18070771290974,0,51.4,0,0.4450960668062096,0,0.0509475660324096,83106315.25352317,0,83106315.25352317,0,0,0
9.5,0,53.98,0,54.00215789473685,0,54.12,0,0.0357361205998548,0,0.0,83089789.91175455,0,83089789.91175455,0,0,0
9.5,0,42.0,0,42.0,0,42.0,0,0.0,0,0.0,83129060.96611246,0,83129060.96611246,0,0,0
9.5,0,54.0,0,54.0,0,54.0,0,0.0,0,0.0,83076189.31548697,0,83076189.31548697,0,0,0
9.5,0,54.0,0,54.0,0,54.0,0,0.0,0,0.0,83076041.00942366,0,83076041.00942366,0,0,0
9.5,0,43.99,0,43.78096620343022,0,63.24,0,5.492937873044196,0,2.101898193359375e-05,83149818.00346918,0,83149818.00346918,0,0,0
9.5,0,50.0,0,50.0,0,50.0,0,0.0,0,0.0445637416839599,83123488.47288136,0,83123488.47288136,0,0,0
9.5,0,50.0,0,50.0,0,50.0,0,0.0,0,0.0217574334144592,83123554.48295094,0,83123554.48295094,0,0,0
9.5,0,42.0,0,42.0,0,42.0,0,0.0,0,0.0,83150642.0670963,0,83150642.0670963,0,0,0
9.5,0,54.0,0,54.0,0,54.0,0,0.0,0,0.0,83067423.4991181,0,83067423.4991181,0,0,0
9.5,0,50.0,0,50.0,0,50.0,0,0.0,0,0.2041496205329895,83098736.12057601,0,83098736.12057601,0,0,0
9.5,0,50.0,0,50.0,0,50.0,0,0.0,0,0.1247022104263305,83098696.84873512,0,83098696.84873512,0,0,0
9.5,0,42.2,0,42.15375428063509,0,44.2,0,0.5569953139951236,0,0.0200313305854797,83150061.84133278,0,83150061.84133278,0,0,0
9.5,0,54.45,0,54.516482845714656,0,60.3,0,1.7009515217240678,0,0.0,83075964.24022382,0,83075964.24022382,0,0,0
9.5,0,42.0,0,42.0,0,42.0,0,0.0,0,0.0,83124161.55784431,0,83124161.55784431,0,0,0
9.5,0,42.0,0,42.0,0,42.0,0,0.0,0,0.0,83124691.352907,0,83124691.352907,0,0,0
9.5,0,50.0,0,50.0,0,50.0,0,0.0,0,0.0394382619857788,83103101.57161905,0,83103101.57161905,0,0,0
9.5,0,42.0,0,42.0,0,42.0,0,0.0,0,0.0,83150699.0498206,0,83150699.0498206,0,0,0
9.5,0,42.93,0,44.11648491176007,0,57.63,0,4.878108885492804,0,0.0027340221405029,83132187.76730596,0,83132187.76730596,0,0,0
9.5,0,42.0,0,42.0,0,42.0,0,0.0,0,0.0,83127738.77619332,0,83127738.77619332,0,0,0
9.5,0,54.0,0,54.0,0,54.0,0,0.0,0,0.0,83072485.74315137,0,83072485.74315137,0,0,0
9.5,0,43.69,0,42.75961211625492,0,48.91,0,1.7018751112655286,0,0.0020267486572265,83132128.37564218,0,83132128.37564218,0,0,0
9.5,0,54.0,0,54.0,0,54.0,0,0.0,0,0.0,83495277.57609938,0,83495277.57609938,0,0,0
9.5,0,50.0,0,50.0,0,50.0,0,0.0,0,0.0946887350082397,83123489.15816374,0,83123489.15816374,0,0,0
9.5,0,54.67,0,56.410485570286255,0,67.4,0,3.991181617918867,0,0.0,83094329.44613978,0,83094329.44613978,0,0,0
9.5,0,54.0,0,54.0,0,54.0,0,0.0,0,0.0,83089164.81620738,0,83089164.81620738,0,0,0
9.5,0,54.0,0,54.0,0,54.0,0,0.0,0,0.0,83094413.21317464,0,83094413.21317464,0,0,0
9.5,0,42.0,0,42.0,0,42.0,0,0.0,0,0.0,83128097.32187137,0,83128097.32187137,0,0,0
9.5,0,54.0,0,54.0,0,54.0,0,0.0,0,0.0,83093985.59513812,0,83093985.59513812,0,0,0
9.5,0,42.47,0,42.13137001203992,0,44.35,0,0.5393996481621514,0,0.0,83149353.16874844,0,83149353.16874844,0,0,0
9.5,0,50.0,0,50.0,0,50.0,0,0.0,0,0.0878012633323669,83098681.77891529,0,83098681.77891529,0,0,0
9.5,0,54.0,0,54.0,0,54.0,0,0.0,0,0.0,83067260.11234142,0,83067260.11234142,0,0,0
9.5,0,54.0,0,54.0,0,54.0,0,0.0,0,0.0,83093169.45427172,0,83093169.45427172,0,0,0
9.5,0,50.0,0,50.0,0,50.0,0,0.0,0,0.2869168376922607,83123863.37145153,0,83123863.37145153,0,0,0
9.5,0,50.0,0,50.0,0,50.0,0,0.0,0,0.0092089819908142,83106672.18421304,0,83106672.18421304,0,0,0
9.5,0,42.0,0,42.0,0,42.0,0,0.0,0,0.0,83129065.98154986,0,83129065.98154986,0,0,0
9.5,0,50.0,0,50.0,0,50.0,0,0.0,0,0.1378720688819885,83123734.37397037,0,83123734.37397037,0,0,0
9.5,0,42.0,0,42.0,0,42.0,0,0.0,0,0.0,83150628.23233463,0,83150628.23233463,0,0,0
9.5,0,42.0,0,42.0,0,42.0,0,0.0,0,0.0,83149815.24987566,0,83149815.24987566,0,0,0
9.5,0,42.18,0,42.15837885257158,0,44.16,0,0.557864325090535,0,0.0,83128873.41439572,0,83128873.41439572,0,0,0
9.5,0,54.0,0,54.0,0,54.0,0,0.0,0,0.0,83071572.34670717,0,83071572.34670717,0,0,0
9.5,0,42.0,0,42.0,0,42.0,0,0.0,0,0.0,83128093.3631952,0,83128093.3631952,0,0,0
9.5,0,54.0,0,54.0,0,54.0,0,0.0,0,0.0,83064231.73048393,0,83064231.73048393,0,0,0
9.5,0,54.0,0,54.0,0,54.0,0,0.0,0,0.0,83037113.04109305,0,83037113.04109305,0,0,0
9.5,0,50.0,0,50.0,0,50.0,0,0.0,0,0.243970878124237,83102296.9044242,0,83102296.9044242,0,0,0
9.5,0,50.0,0,50.0,0,50.0,0,0.0,0,0.0543427681922912,83097803.07085368,0,83097803.07085368,0,0,0
9.5,0,50.0,0,50.0,0,50.0,0,0.0,0,0.040880262851715,83106905.9995298,0,83106905.9995298,0,0,0
9.5,0,42.18,0,42.07516906236178,0,43.26,0,0.2978355651265266,0,0.0,83149631.55238895,0,83149631.55238895,0,0,0
9.5,0,42.0,0,42.0,0,42.0,0,0.0,0,0.0,83132219.35553819,0,83132219.35553819,0,0,0
9.5,0,42.0,0,42.0,0,42.0,0,0.0,0,0.0,83128796.78482613,0,83128796.78482613,0,0,0
9.5,0,50.0,0,50.0,0,50.0,0,0.0,0,0.0546224331855773,83102468.58898127,0,83102468.58898127,0,0,0
9.5,0,54.0,0,54.0,0,54.0,0,0.0,0,0.0,83093369.62854691,0,83093369.62854691,0,0,0
9.5,0,50.0,0,50.0,0,50.0,0,0.0,0,0.0249857258796691,83106605.47401048,0,83106605.47401048,0,0,0
9.5,0,42.0,0,42.0,0,42.0,0,0.0,0,0.0,83124829.03206207,0,83124829.03206207,0,0,0
9.5,0,54.0,0,54.0,0,54.0,0,0.0,0,0.0,83034051.22164874,0,83034051.22164874,0,0,0
9.5,0,42.0,0,42.0,0,42.0,0,0.0,0,0.0,83482371.47376062,0,83482371.47376062,0,0,0
9.5,0,42.0,0,42.0,0,42.0,0,0.0,0,0.0,83150690.87987104,0,83150690.87987104,0,0,0
9.5,0,54.0,0,54.0,0,54.0,0,0.0,0,0.0,83075925.36633416,0,83075925.36633416,0,0,0
9.5,0,42.0,0,42.0,0,42.0,0,0.0,0,0.0,83128995.60867997,0,83128995.60867997,0,0,0
9.5,0,54.0,0,54.0,0,54.0,0,0.0,0,0.0,83033816.60732186,0,83033816.60732186,0,0,0
9.5,0,50.0,0,50.0,0,50.0,0,0.0,0,0.100109543800354,83102446.23502304,0,83102446.23502304,0,0,0
9.5,0,42.0,0,42.0,0,42.0,0,0.0,0,0.0,83128371.33306237,0,83128371.33306237,0,0,0
9.5,0,54.0,0,54.0,0,54.0,0,0.0,0,0.0,83093203.49583004,0,83093203.49583004,0,0,0
9.5,0,50.0,0,50.0,0,50.0,0,0.0,0,0.1144693613052368,83102399.80995065,0,83102399.80995065,0,0,0
9.5,0,54.0,0,54.0,0,54.0,0,0.0,0,0.0,83089276.61179492,0,83089276.61179492,0,0,0
9.5,0,54.2,0,54.02052631578948,0,54.4,0,0.0882483650892939,0,0.0299637508392334,83075983.15121329,0,83075983.15121329,0,0,0
9.5,0,50.0,0,50.0,0,50.0,0,0.0,0,0.1173070216178894,83098360.53995244,0,83098360.53995244,0,0,0
9.5,0,50.0,0,50.0,0,50.0,0,0.0,0,0.1273592567443847,83102470.16473752,0,83102470.16473752,0,0,0
9.5,0,50.0,0,50.0,0,50.0,0,0.0,0,0.0514071035385131,83102268.58335926,0,83102268.58335926,0,0,0
9.5,0,42.0,0,42.0,0,42.0,0,0.0,0,0.0,83149347.22946729,0,83149347.22946729,0,0,0
9.5,0,42.0,0,42.0,0,42.0,0,0.0,0,0.0,83128055.3042416,0,83128055.3042416,0,0,0
9.5,0,50.2,0,50.03163742690059,0,50.6,0,0.134060649818379,0,0.0308378267288208,83102026.49913532,0,83102026.49913532,0,0,0
9.5,0,54.2,0,54.05590213278294,0,55.0,0,0.2295317651753835,0,0.0642517709732055,83090179.83998576,0,83090179.83998576,0,0,0
9.5,0,54.0,0,54.0,0,54.0,0,0.0,0,0.0,83072065.6629508,0,83072065.6629508,0,0,0
9.5,0,42.0,0,42.0,0,42.0,0,0.0,0,0.0,83124135.03961726,0,83124135.03961726,0,0,0
9.5,0,51.0,0,50.35096670787074,0,51.6,0,0.645263511017179,0,0.0821147322654724,83106174.14050561,0,83106174.14050561,0,0,0
9.5,0,54.0,0,54.0,0,54.0,0,0.0,0,0.0,83037703.21860112,0,83037703.21860112,0,0,0
9.5,0,54.32,0,54.11077674578603,0,55.92,0,0.4470728485317911,0,0.000183789730072,83076243.60709897,0,83076243.60709897,0,0,0
9.5,0,54.0,0,54.0,0,54.0,0,0.0,0,0.0,83077025.27282047,0,83077025.27282047,0,0,0
9.5,0,42.0,0,42.0,0,42.0,0,0.0,0,0.0,83132130.69747691,0,83132130.69747691,0,0,0
9.5,0,70.7,0,63.34115992220713,0,184.8,0,31.97015502952741,0,7.4392414164543155,83076964.44346501,0,83076964.44346501,0,0,0
9.5,0,50.0,0,50.0,0,50.0,0,0.0,0,0.0582455325126647,83123682.65480183,0,83123682.65480183,0,0,0
9.5,0,54.0,0,54.0,0,54.0,0,0.0,0,0.0,83072467.1572287,0,83072467.1572287,0,0,0
9.5,0,86.34,0,83.44787195089053,0,262.8,0,85.76602447429454,0,0.0283678889274597,83129068.14350617,0,83129068.14350617,0,0,0
9.5,0,50.0,0,50.0,0,50.0,0,0.0,0,0.096444342136383,83106927.90807118,0,83106927.90807118,0,0,0
9.5,0,54.0,0,54.0,0,54.0,0,0.0,0,0.0,83089302.24043351,0,83089302.24043351,0,0,0
9.5,0,54.0,0,54.0,0,54.0,0,0.0,0,0.0,83067577.65267262,0,83067577.65267262,0,0,0
9.5,0,54.0,0,54.0,0,54.0,0,0.0,0,0.0,83094330.54291849,0,83094330.54291849,0,0,0
9.5,0,42.0,0,42.0,0,42.0,0,0.0,0,0.0,83124769.37585047,0,83124769.37585047,0,0,0
9.5,0,42.39,0,42.04002631578948,0,42.78,0,0.1720843119241232,0,0.0016556692123413,83149632.49172467,0,83149632.49172467,0,0,0
9.5,0,42.18,0,42.07516906236178,0,43.26,0,0.2978355651265266,0,0.0,83124822.1558286,0,83124822.1558286,0,0,0
9.5,0,42.0,0,42.0,0,42.0,0,0.0,0,0.0,83149578.26155458,0,83149578.26155458,0,0,0
9.5,0,54.0,0,54.0,0,54.0,0,0.0,0,0.7822809648513794,83093337.2392236,0,83093337.2392236,0,0,0
9.5,0,42.0,0,42.0,0,42.0,0,0.0,0,0.0,83150560.07506475,0,83150560.07506475,0,0,0
9.5,0,50.0,0,50.0,0,50.0,0,0.0,0,0.3695263195037842,83106180.68931043,0,83106180.68931043,0,0,0
9.5,0,50.0,0,50.0,0,50.0,0,0.0,0,0.057573697566986,83106914.09140414,0,83106914.09140414,0,0,0
9.5,0,54.0,0,54.0,0,54.0,0,0.0,0,0.0,83037242.64462012,0,83037242.64462012,0,0,0
9.5,0,54.0,0,54.0,0,54.0,0,0.0,0,0.0,83034145.03476717,0,83034145.03476717,0,0,0
9.5,0,54.8,0,54.41739224741546,0,57.8,0,1.1665868559362065,0,0.001013958454132,83089915.88816956,0,83089915.88816956,0,0,0
9.5,0,50.0,0,50.0,0,50.0,0,0.0,0,0.1285104441642761,83123633.6233603,0,83123633.6233603,0,0,0
9.5,0,54.0,0,54.0,0,54.0,0,0.0,0,0.0,83089804.20172706,0,83089804.20172706,0,0,0
9.5,0,42.0,0,42.0,0,42.0,0,0.0,0,0.0,83128156.91127267,0,83128156.91127267,0,0,0
9.5,0,54.0,0,54.0,0,54.0,0,0.0,0,0.0,83076510.38423355,0,83076510.38423355,0,0,0
9.5,0,50.2,0,50.03163742690059,0,50.6,0,0.134060649818379,0,1.3750517654418946,83103096.61341663,0,83103096.61341663,0,0,0
9.5,0,54.0,0,54.0,0,54.0,0,0.0,0,0.0,83093296.27972384,0,83093296.27972384,0,0,0
9.5,0,42.0,0,42.0,0,42.0,0,0.0,0,0.0,83124764.52947664,0,83124764.52947664,0,0,0
9.5,0,54.0,0,54.0,0,54.0,0,0.0,0,0.0,83072232.74452068,0,83072232.74452068,0,0,0
9.5,0,54.0,0,54.0,0,54.0,0,0.0,0,0.0,83033382.82498118,0,83033382.82498118,0,0,0
9.5,0,48.68,0,48.14115061486501,0,72.24,0,7.862090173460001,0,0.1145455002784729,83128173.96225141,0,83128173.96225141,0,0,0
9.5,0,42.0,0,42.0,0,42.0,0,0.0,0,0.0,83149999.61007181,0,83149999.61007181,0,0,0
9.5,0,42.0,0,42.0,0,42.0,0,0.0,0,0.0,83124512.15316564,0,83124512.15316564,0,0,0
9.5,0,51.05,0,50.84343219555642,0,57.24,0,2.231885232481286,0,0.0383962821960449,83102295.68862614,0,83102295.68862614,0,0,0
9.5,0,67.74,0,60.76977322548452,0,159.04,0,25.17163756347624,0,0.1207095599174499,83072461.05686142,0,83072461.05686142,0,0,0
9.5,0,50.0,0,50.0,0,50.0,0,0.0,0,0.0518399310111999,83123573.61233348,0,83123573.61233348,0,0,0
9.5,0,42.0,0,42.0,0,42.0,0,0.0,0,0.0,83124715.39351831,0,83124715.39351831,0,0,0
9.5,0,54.08,0,54.02236085311317,0,54.4,0,0.0918127060701534,0,0.0003235793113708,83076256.58703342,0,83076256.58703342,0,0,0
9.5,0,42.0,0,42.0,0,42.0,0,0.0,0,0.0,83128546.48536879,0,83128546.48536879,0,0,0
9.5,0,42.18,0,42.27259313828586,0,44.88,0,0.8194626480146209,0,0.0,83124878.09964366,0,83124878.09964366,0,0,0
9.5,0,54.32,0,54.48461002361932,0,59.12,0,1.456822485359326,0,0.0006060194969177,83076125.07150467,0,83076125.07150467,0,0,0
9.5,0,50.0,0,50.0,0,50.0,0,0.0,0,0.0712587761878967,83102153.8084289,0,83102153.8084289,0,0,0
9.5,0,50.0,0,50.0,0,50.0,0,0.0,0,0.133202633857727,83097821.32220253,0,83097821.32220253,0,0,0
9.5,0,54.0,0,54.0,0,54.0,0,0.0,0,0.0,83076963.3037301,0,83076963.3037301,0,0,0
9.5,0,42.0,0,42.0,0,42.0,0,0.0,0,0.0,83153705.12635478,0,83153705.12635478,0,0,0
9.5,0,50.0,0,50.0,0,50.0,0,0.0,0,0.1098223829269409,83102294.14563714,0,83102294.14563714,0,0,0
9.5,0,50.0,0,50.0,0,50.0,0,0.0,0,0.0684414744377136,83097814.98686315,0,83097814.98686315,0,0,0
9.5,0,54.6,0,54.74951681015922,0,60.4,0,2.007256552267801,0,0.0272523474693298,83033917.29506788,0,83033917.29506788,0,0,0
9.5,0,50.0,0,50.0,0,50.0,0,0.0,0,0.0774279689788818,83098540.54283395,0,83098540.54283395,0,0,0
9.5,0,42.0,0,42.0,0,42.0,0,0.0,0,0.0,83132290.88593988,0,83132290.88593988,0,0,0
9.5,0,50.0,0,50.0,0,50.0,0,0.0,0,0.0652455353736877,83098519.32235493,0,83098519.32235493,0,0,0
9.5,0,42.0,0,42.0,0,42.0,0,0.0,0,0.0,83127731.93390465,0,83127731.93390465,0,0,0
9.5,0,42.0,0,42.0,0,42.0,0,0.0,0,0.0,83128565.01704048,0,83128565.01704048,0,0,0
9.5,0,42.32,0,43.151276690285975,0,48.4,0,1.9062359966179665,0,0.0089978981018066,83150270.38687903,0,83150270.38687903,0,0,0
9.5,0,54.0,0,54.0,0,54.0,0,0.0,0,0.0,83072466.41335066,0,83072466.41335066,0,0,0
9.5,0,42.0,0,42.0,0,42.0,0,0.0,0,0.0,83149737.4106101,0,83149737.4106101,0,0,0
9.5,0,50.0,0,50.0,0,50.0,0,0.0,0,0.0620163249969482,83123817.77688833,0,83123817.77688833,0,0,0
9.5,0,42.69,0,42.60711893485772,0,50.28,0,2.138479912847051,0,0.0281245803833007,83150000.30815825,0,83150000.30815825,0,0,0
9.5,0,42.0,0,42.0,0,42.0,0,0.0,0,0.0,83483265.10864636,0,83483265.10864636,0,0,0
9.5,0,54.0,0,54.0,0,54.0,0,0.0,0,0.0,83033936.37518266,0,83033936.37518266,0,0,0
9.5,0,54.0,0,54.0,0,54.0,0,0.0,0,0.0,83094044.10526887,0,83094044.10526887,0,0,0
9.5,0,50.0,0,50.0,0,50.0,0,0.0,0,0.0513687133789062,83102447.40036036,0,83102447.40036036,0,0,0
9.5,0,54.06,0,54.003,0,54.06,0,0.013076696830622,0,0.0,83075989.03425306,0,83075989.03425306,0,0,0
9.5,0,54.0,0,54.0,0,54.0,0,0.0,0,0.0,83067514.80920419,0,83067514.80920419,0,0,0
9.5,0,54.0,0,54.0,0,54.0,0,0.0,0,0.0,83093398.75627907,0,83093398.75627907,0,0,0
9.5,0,54.0,0,54.0,0,54.0,0,0.0,0,0.0,83034139.14268972,0,83034139.14268972,0,0,0
9.5,0,50.0,0,50.0,0,50.0,0,0.0,0,0.1184926104545593,83106435.07882017,0,83106435.07882017,0,0,0
9.5,0,51.44,0,52.680745106286906,0,74.0,0,6.892761317560947,0,0.153037564754486,83098792.7464455,0,83098792.7464455,0,0,0
9.5,0,42.0,0,42.0,0,42.0,0,0.0,0,0.0,83128488.49780248,0,83128488.49780248,0,0,0
9.5,0,54.0,0,54.0,0,54.0,0,0.0,0,0.0,83033409.473234,0,83033409.473234,0,0,0
9.5,0,42.0,0,42.0,0,42.0,0,0.0,0,0.0,83127774.3595435,0,83127774.3595435,0,0,0
9.5,0,54.0,0,54.0,0,54.0,0,0.0,0,0.0,83034010.51171508,0,83034010.51171508,0,0,0
9.5,0,50.1,0,50.0158187134503,0,50.3,0,0.0670303249091895,0,0.080170350074768,83103107.87317401,0,83103107.87317401,0,0,0
9.5,0,50.0,0,50.0,0,50.0,0,0.0,0,0.4169496417045593,83495228.59743527,0,83495228.59743527,0,0,0
9.5,0,54.0,0,54.0,0,54.0,0,0.0,0,0.0,83064131.37316765,0,83064131.37316765,0,0,0
9.5,0,42.0,0,42.0,0,42.0,0,0.0,0,0.0,83150688.72192101,0,83150688.72192101,0,0,0
9.5,0,54.0,0,54.0,0,54.0,0,0.0,0,0.0,83072246.90135676,0,83072246.90135676,0,0,0
9.5,0,54.2,0,54.03163742690059,0,54.6,0,0.134060649818379,0,0.0011604714393615,83093277.16213962,0,83093277.16213962,0,0,0
9.5,0,50.4,0,50.65576252952414,0,53.4,0,1.29558552603058,0,0.0007008266448974,99722436.45956405,0,99722436.45956405,0,0,0
9.5,0,42.0,0,42.0,0,42.0,0,0.0,0,0.0,83153715.97802645,0,83153715.97802645,0,0,0
9.5,0,54.4,0,54.3573348893968,0,55.04,0,0.4635202844845169,0,0.0040780782699584,83093298.25658068,0,83093298.25658068,0,0,0
9.5,0,50.1,0,50.03461773305813,0,50.6,0,0.1397102651661847,0,0.289584949016571,83103103.61749727,0,83103103.61749727,0,0,0
9.5,0,54.0,0,54.0,0,54.0,0,0.0,0,0.0,83093356.36849217,0,83093356.36849217,0,0,0
9.5,0,43.05,0,44.90262664000086,0,49.0,0,2.557630896842176,0,0.0013705587387084,83149688.36082737,0,83149688.36082737,0,0,0
9.5,0,42.0,0,42.0,0,42.0,0,0.0,0,0.0,83149462.71967088,0,83149462.71967088,0,0,0
9.5,0,54.0,0,54.0,0,54.0,0,0.0,0,0.0,83037690.23681484,0,83037690.23681484,0,0,0
9.5,0,42.0,0,42.0,0,42.0,0,0.0,0,0.0,83128564.27799317,0,83128564.27799317,0,0,0
9.5,0,54.0,0,54.0,0,54.0,0,0.0,0,0.0,83034001.85432145,0,83034001.85432145,0,0,0
9.5,0,54.0,0,54.0,0,54.0,0,0.0,0,0.0,83072314.50593507,0,83072314.50593507,0,0,0
9.5,0,42.0,0,42.0,0,42.0,0,0.0,0,0.0,83124885.45991454,0,83124885.45991454,0,0,0
9.5,0,50.34,0,50.20032385021239,0,52.94,0,0.7354247017033378,0,0.0585664272308349,83098918.85039061,0,83098918.85039061,0,0,0
9.5,0,42.0,0,42.0,0,42.0,0,0.0,0,0.0,83132065.46147558,0,83132065.46147558,0,0,0
9.5,0,42.18,0,42.20659313828586,0,44.52,0,0.6803806086896271,0,0.0,83482371.84161733,0,83482371.84161733,0,0,0
9.5,0,50.0,0,50.0,0,50.0,0,0.0,0,0.1642490744590759,83107455.33092105,0,83107455.33092105,0,0,0
9.5,0,42.0,0,42.0,0,42.0,0,0.0,0,0.0,83149491.85895783,0,83149491.85895783,0,0,0
9.5,0,50.48,0,51.00691503542897,0,58.64,0,2.619353994926949,0,0.0560462880134582,83106434.4203198,0,83106434.4203198,0,0,0
9.5,0,54.0,0,54.0,0,54.0,0,0.0,0,0.0,83034012.71068718,0,83034012.71068718,0,0,0
9.5,0,54.19,0,54.24973720152397,0,56.85,0,0.7889883506820999,0,0.0189768981933593,83064146.69060689,0,83064146.69060689,0,0,0
9.5,0,54.06,0,54.009491228070175,0,54.18,0,0.0402181949455137,0,0.0,83089754.36019443,0,83089754.36019443,0,0,0
9.5,0,54.0,0,54.0,0,54.0,0,0.0,0,0.0,83089851.32252817,0,83089851.32252817,0,0,0
9.5,0,42.0,0,42.0,0,42.0,0,0.0,0,0.0,83124841.87613426,0,83124841.87613426,0,0,0
9.5,0,54.0,0,54.0,0,54.0,0,0.0,0,0.0,83075905.72434407,0,83075905.72434407,0,0,0
9.5,0,54.0,0,54.0,0,54.0,0,0.0,0,0.0,83068529.465827,0,83068529.465827,0,0,0
9.5,0,42.0,0,42.0,0,42.0,0,0.0,0,0.0,83149379.61941227,0,83149379.61941227,0,0,0
9.5,0,54.0,0,54.0,0,54.0,0,0.0,0,0.0,83090180.85657875,0,83090180.85657875,0,0,0
9.5,0,42.0,0,42.0,0,42.0,0,0.0,0,0.0,83149998.34493643,0,83149998.34493643,0,0,0
9.5,0,42.0,0,42.0,0,42.0,0,0.0,0,0.0,83124064.96126695,0,83124064.96126695,0,0,0
9.5,0,42.0,0,42.0,0,42.0,0,0.0,0,0.0,83124424.06372632,0,83124424.06372632,0,0,0
9.5,0,54.0,0,54.0,0,54.0,0,0.0,0,0.0,83089790.66587031,0,83089790.66587031,0,0,0
9.5,0,50.0,0,50.0,0,50.0,0,0.0,0,0.0502277135848999,83098806.15551566,0,83098806.15551566,0,0,0
9.5,0,42.16,0,42.06681694432158,0,43.12,0,0.2647427245569125,0,0.0050326991081237,83129000.62435175,0,83129000.62435175,0,0,0
9.5,0,54.0,0,54.0,0,54.0,0,0.0,0,0.0,83089195.41793418,0,83089195.41793418,0,0,0
9.5,0,50.0,0,50.0,0,50.0,0,0.0,0,0.0626767134666442,83098578.08136462,0,83098578.08136462,0,0,0
9.5,0,42.0,0,42.0,0,42.0,0,0.0,0,0.0,83128577.78067948,0,83128577.78067948,0,0,0
9.5,0,42.18,0,42.12037885257158,0,43.8,0,0.4472957825956112,0,0.0,83124421.25471759,0,83124421.25471759,0,0,0
9.5,0,54.32,0,55.151276690285975,0,60.4,0,1.9062359966179665,0,0.0,83033403.2203262,0,83033403.2203262,0,0,0
9.5,0,54.0,0,54.0,0,54.0,0,0.0,0,0.0,83076193.63773626,0,83076193.63773626,0,0,0
9.5,0,54.0,0,54.0,0,54.0,0,0.0,0,0.0,83094085.80408227,0,83094085.80408227,0,0,0
9.5,0,50.0,0,50.0,0,50.0,0,0.0,0,0.6344232988357544,83123572.33751895,0,83123572.33751895,0,0,0
9.5,0,50.0,0,50.0,0,50.0,0,0.0,0,0.0535149335861206,83098525.3164863,0,83098525.3164863,0,0,0
9.5,0,50.2,0,50.1648653917462,0,51.2,0,0.4097375776453974,0,0.0932565069198608,83123482.56212062,0,83123482.56212062,0,0,0
9.5,0,42.0,0,42.0,0,42.0,0,0.0,0,0.0,83129055.65044309,0,83129055.65044309,0,0,0
