srcNumPackets,dstNumPackets,srcPayloadSize,dstPayloadSize,srcAvgPayloadSize,dstAvgPayloadSize,srcMaxPayloadSize,dstMaxPayloadSize,srcStdDevPayloadSize,dstStdDevPayloadSize,flowDuration,srcAvgInterarrivalTime,dstAvgInterarrivalTime,avgInterarrivalTime,srcStdDevInterarrivalTime,dstStdDevInterarrivalTime,stdDevInterarrivalTime
9.5,0,592.0,0,592.0,0,592.0,0,0.0,0,0.0,83677463.1103366,0,83677463.1103366,0,0,0
9.5,0,536.76,0,561.6955590628842,0,578.0,0,23.03456446290145,0,0.0,83586025.83473629,0,83586025.83473629,0,0,0
9.5,0,554.0,0,554.0,0,554.0,0,0.0,0,2.4111230063438414,83784816.98059636,0,83784816.98059636,0,0,0
9.5,0,578.0,0,578.0,0,578.0,0,0.0,0,0.0,83647249.01446661,0,83647249.01446661,0,0,0
9.5,0,592.0,0,592.0,0,592.0,0,0.0,0,0.0,83702838.69770782,0,83702838.69770782,0,0,0
9.5,0,573.17,0,565.452917455996,0,578.0,0,28.77224957395244,0,4.06026840209961e-06,83663695.29727082,0,83663695.29727082,0,0,0
9.5,0,578.0,0,578.0,0,578.0,0,0.0,0,0.0,83663887.91824213,0,83663887.91824213,0,0,0
9.5,0,592.0,0,592.0,0,592.0,0,0.0,0,0.0,83677100.20204073,0,83677100.20204073,0,0,0
9.5,0,591.98,0,591.999,0,592.0,0,0.0043588989435406,0,0.0,83676907.06721991,0,83676907.06721991,0,0,0
9.5,0,547.7,0,548.6895650022922,0,572.82,0,40.56972969613602,0,0.0003398299217224,83573787.68058497,0,83573787.68058497,0,0,0
9.5,0,569.18,0,574.7520492776058,0,578.0,0,12.937718153950764,0,0.0,83647030.05113328,0,83647030.05113328,0,0,0
9.5,0,578.0,0,578.0,0,578.0,0,0.0,0,0.0,83573918.22305818,0,83573918.22305818,0,0,0
9.5,0,554.0,0,554.0,0,554.0,0,0.0,0,0.95522775888443,83784778.66564389,0,83784778.66564389,0,0,0
9.5,0,592.0,0,592.0,0,592.0,0,0.0,0,0.0,83677362.70502865,0,83677362.70502865,0,0,0
9.5,0,544.26,0,543.5067300251349,0,554.0,0,24.288572882194067,0,3.808106360435486,83784590.74017432,0,83784590.74017432,0,0,0
9.5,0,288.03,0,329.5700606508645,0,1511.14,0,460.2723345635207,0,1.581238362789154,83586098.99884127,0,83586098.99884127,0,0,0
9.5,0,557.58,0,558.9192362877061,0,578.0,0,46.80842313776726,0,0.0,83650863.65888315,0,83650863.65888315,0,0,0
9.5,0,592.0,0,592.0,0,592.0,0,0.0,0,0.0,83693805.08830562,0,83693805.08830562,0,0,0
9.5,0,554.0,0,554.0,0,554.0,0,0.0,0,0.3623116064071655,83767561.6528957,0,83767561.6528957,0,0,0
9.5,0,573.0,0,567.5113017142816,0,578.0,0,27.28493744715572,0,0.0142958402633666,83581720.60031204,0,83581720.60031204,0,0,0
9.5,0,586.98,0,588.6427675560593,0,592.0,0,12.4745823812776,0,0.0500064396858215,83694082.64100727,0,83694082.64100727,0,0,0
9.5,0,549.06,0,541.1671660937102,0,554.0,0,29.42751819778985,0,1.2638081979751588,83784705.29514484,0,83784705.29514484,0,0,0
9.5,0,554.0,0,554.0,0,554.0,0,0.0,0,1.3112209725379944,83759304.95550455,0,83759304.95550455,0,0,0
9.5,0,554.0,0,554.0,0,554.0,0,0.0,0,0.4281145215034485,83789299.52125606,0,83789299.52125606,0,0,0
9.5,0,572.82,0,575.8368014275886,0,578.0,0,8.571045707530043,0,0.0,83647252.01389469,0,83647252.01389469,0,0,0
9.5,0,578.0,0,578.0,0,578.0,0,0.0,0,0.0,83646764.99291003,0,83646764.99291003,0,0,0
9.5,0,578.0,0,578.0,0,578.0,0,0.0,0,0.0,83663869.51061316,0,83663869.51061316,0,0,0
9.5,0,554.0,0,554.0,0,554.0,0,0.0,0,2.9874998784065245,83707269.2453253,0,83707269.2453253,0,0,0
9.5,0,563.23,0,568.1310076974539,0,592.0,0,45.98779417099907,0,0.0808332586288452,83702406.36802723,0,83702406.36802723,0,0,0
9.5,0,578.0,0,578.0,0,578.0,0,0.0,0,0.0,83646622.25314514,0,83646622.25314514,0,0,0
9.5,0,554.0,0,554.0,0,554.0,0,0.0,0,0.1944310855865478,83784564.3300985,0,83784564.3300985,0,0,0
9.5,0,592.0,0,592.0,0,592.0,0,0.0,0,0.0,83693850.6677127,0,83693850.6677127,0,0,0
9.5,0,550.6,0,553.83,0,554.0,0,0.7410128204019145,0,3.1310573196411133,83789030.94001077,0,83789030.94001077,0,0,0
9.5,0,524.67,0,527.1174888704777,0,592.0,0,100.8702427428438,0,0.0004960417747497,83698525.03904672,0,83698525.03904672,0,0,0
9.5,0,554.0,0,554.0,0,554.0,0,0.0,0,2.689737584590912,83789119.49780926,0,83789119.49780926,0,0,0
9.5,0,578.0,0,578.0,0,578.0,0,0.0,0,0.0,83574167.86686656,0,83574167.86686656,0,0,0
9.5,0,534.71,0,530.7824722823186,0,549.12,0,42.34591825189912,0,0.1215316605567932,83789019.13436131,0,83789019.13436131,0,0,0
9.5,0,549.44,0,553.5319999999999,0,554.0,0,2.012062724035902,0,0.7372669363021851,83784624.93906923,0,83784624.93906923,0,0,0
9.5,0,592.0,0,592.0,0,592.0,0,0.0,0,0.0,83693898.9569933,0,83693898.9569933,0,0,0
9.5,0,554.0,0,554.0,0,554.0,0,0.0,0,0.8248279523849488,83763051.93448979,0,83763051.93448979,0,0,0
8.680851063829786,0,578.2553191489362,0,578.0713644248293,0,579.2765957446809,0,0.293019274691979,0,0.0,71126784.40411925,0,71126784.40411925,0,0,0
9.5,0,592.0,0,592.0,0,592.0,0,0.0,0,0.0,83693837.6370947,0,83693837.6370947,0,0,0
9.5,0,544.5,0,526.661473257135,0,549.06,0,54.311381149595874,0,38.44260686874389,83759151.2953792,0,83759151.2953792,0,0,0
9.5,0,554.0,0,554.0,0,554.0,0,0.0,0,3.860586211681366,83789196.49757563,0,83789196.49757563,0,0,0
9.5,0,582.67,0,586.6540503519958,0,592.0,0,18.446849667099777,0,0.000111448764801,83698549.41329311,0,83698549.41329311,0,0,0
9.5,0,586.68,0,588.9257724987431,0,592.0,0,11.690682883897944,0,0.0,83702654.0270091,0,83702654.0270091,0,0,0
9.5,0,546.2,0,545.2511926123412,0,554.0,0,25.668393805233126,0,3.8507153940200807,83759142.94051766,0,83759142.94051766,0,0,0
9.5,0,554.0,0,554.0,0,554.0,0,0.0,0,3.626162838935852,83759104.42788574,0,83759104.42788574,0,0,0
9.5,0,578.0,0,578.0,0,578.0,0,0.0,0,0.0,83581805.58784689,0,83581805.58784689,0,0,0
9.5,0,562.76,0,544.188060679087,0,586.66,0,88.56718552692777,0,0.0670459985733032,83681269.7916946,0,83681269.7916946,0,0,0
9.5,0,549.06,0,550.2022692683134,0,554.0,0,13.757784255679551,0,1.9139813208580017,83711504.92708719,0,83711504.92708719,0,0,0
9.5,0,554.28,0,554.5873671040004,0,559.04,0,1.5279564970407205,0,0.3762399435043335,83707376.86578052,0,83707376.86578052,0,0,0
9.055555555555555,0,578.0,0,578.0,0,578.0,0,0.0,0,0.0,46470698.95313919,0,46470698.95313919,0,0,0
9.5,0,554.0,0,554.0,0,554.0,0,0.0,0,1.2366478657722473,83784686.4134436,0,83784686.4134436,0,0,0
9.5,0,317.16,0,251.6040540976481,0,1234.83,0,328.49621592350223,0,11.07949734210968,83677345.1668321,0,83677345.1668321,0,0,0
9.5,0,554.28,0,554.0442923976608,0,554.84,0,0.1876849097457306,0,2.617994167804718,83784784.72518224,0,83784784.72518224,0,0,0
9.5,0,562.53,0,569.6189136134334,0,578.0,0,26.82031678289737,0,0.1326749801635742,83581895.74483323,0,83581895.74483323,0,0,0
9.5,0,544.82,0,547.5679512461222,0,554.0,0,14.758653824958468,0,4.442463281154633,83759104.47458929,0,83759104.47458929,0,0,0
9.5,0,592.0,0,592.0,0,592.0,0,0.0,0,0.0,83693812.88703766,0,83693812.88703766,0,0,0
9.5,0,562.91,0,543.2299220657653,0,567.84,0,38.45823653502062,0,0.0018796801567077,83647243.45643926,0,83647243.45643926,0,0,0
9.5,0,554.0,0,554.0,0,554.0,0,0.0,0,1.7818748879432678,83789188.77047299,0,83789188.77047299,0,0,0
9.5,0,592.0,0,592.0,0,592.0,0,0.0,0,0.0,83681534.5260997,0,83681534.5260997,0,0,0
9.5,0,592.0,0,592.0,0,592.0,0,0.0,0,0.0,83681565.03144474,0,83681565.03144474,0,0,0
9.5,0,586.66,0,584.9810702308528,0,592.0,0,22.17472522443375,0,0.0112698316574096,83694064.80673093,0,83694064.80673093,0,0,0
9.5,0,544.22,0,523.6141061531348,0,544.22,0,34.40816653421123,0,2.9189453291893006,83763328.02124247,0,83763328.02124247,0,0,0
9.5,0,592.0,0,592.0,0,592.0,0,0.0,0,0.0,83693974.33242765,0,83693974.33242765,0,0,0
9.5,0,554.0,0,554.0,0,554.0,0,0.0,0,0.8240625882148742,83711486.12512283,0,83711486.12512283,0,0,0
9.5,0,569.24,0,567.3391339367547,0,578.0,0,24.0047244973028,0,0.0003759384155273,83647397.22402516,0,83647397.22402516,0,0,0
9.5,0,554.0,0,554.0,0,554.0,0,0.0,0,2.3255239272117616,83767510.78442135,0,83767510.78442135,0,0,0
9.5,0,578.0,0,578.0,0,578.0,0,0.0,0,0.0,83650902.10466294,0,83650902.10466294,0,0,0
9.5,0,554.0,0,554.0,0,554.0,0,0.0,0,0.8597944784164429,83707331.21944904,0,83707331.21944904,0,0,0
9.5,0,581.89,0,560.7968520662773,0,582.12,0,35.59570483744622,0,0.0,83677400.2615305,0,83677400.2615305,0,0,0
9.5,0,562.58,0,563.3200113300013,0,580.16,0,44.94372230822857,0,0.0140073013305664,83646503.88664053,0,83646503.88664053,0,0,0
9.5,0,578.0,0,578.0,0,578.0,0,0.0,0,0.0,83647249.34608954,0,83647249.34608954,0,0,0
9.5,0,586.66,0,591.1552807017544,0,592.0,0,3.579419350150721,0,0.0,83677359.56974696,0,83677359.56974696,0,0,0
9.5,0,549.04,0,549.0157827291388,0,554.0,0,17.012627215354787,0,0.751366138458252,83759288.44890943,0,83759288.44890943,0,0,0
9.5,0,573.2,0,571.0828804485848,0,592.0,0,37.41887741411164,0,0.0100687503814697,83676859.40431778,0,83676859.40431778,0,0,0
9.5,0,572.8,0,564.4917537828529,0,578.0,0,30.97633494504195,0,0.0005632400512695,83663767.25765747,0,83663767.25765747,0,0,0
9.5,0,592.0,0,592.0,0,592.0,0,0.0,0,0.0,83702766.84331988,0,83702766.84331988,0,0,0
9.5,0,578.0,0,578.0,0,578.0,0,0.0,0,0.0,83586008.50036067,0,83586008.50036067,0,0,0
9.5,0,592.0,0,592.0,0,592.0,0,0.0,0,0.0,83702824.36920784,0,83702824.36920784,0,0,0
9.5,0,581.36,0,588.671339869281,0,592.0,0,9.701096421247447,0,0.0,83698423.84658995,0,83698423.84658995,0,0,0
9.5,0,578.0,0,578.0,0,578.0,0,0.0,0,0.0,83650863.99897224,0,83650863.99897224,0,0,0
9.5,0,592.0,0,592.0,0,592.0,0,0.0,0,0.0,83681070.03958733,0,83681070.03958733,0,0,0
9.5,0,551.46,0,567.4578615443725,0,592.0,0,52.19844932232617,0,0.009203929901123,83698528.32388943,0,83698528.32388943,0,0,0
9.5,0,560.49,0,566.4783336539192,0,578.0,0,35.05726855863627,0,0.2780906891822814,83581600.18637426,0,83581600.18637426,0,0,0
9.5,0,539.63,0,530.0517690333832,0,550.36,0,51.66507751555508,0,2.3998610186576843,83711433.50742188,0,83711433.50742188,0,0,0
9.5,0,581.34,0,586.1601880786912,0,592.0,0,21.32387999106183,0,0.0004375410079956,83681558.69154534,0,83681558.69154534,0,0,0
9.5,0,549.06,0,553.493,0,554.0,0,2.1797346177055603,0,3.722257223129272,83759012.39178306,0,83759012.39178306,0,0,0
9.5,0,544.45,0,544.0824201805677,0,554.0,0,26.23336036533212,0,0.3237177729606628,83763285.8042544,0,83763285.8042544,0,0,0
9.5,0,592.0,0,592.0,0,592.0,0,0.0,0,0.0,83676851.0727353,0,83676851.0727353,0,0,0
9.5,0,554.0,0,554.0,0,554.0,0,0.0,0,0.4242040920257568,83707370.8606358,0,83707370.8606358,0,0,0
9.5,0,554.0,0,554.0,0,554.0,0,0.0,0,0.7516773414611816,83784550.86730765,0,83784550.86730765,0,0,0
9.5,0,572.82,0,577.741,0,578.0,0,1.1289548263770346,0,0.0,83586221.75880828,0,83586221.75880828,0,0,0
9.5,0,592.0,0,592.0,0,592.0,0,0.0,0,0.0,83677327.08752576,0,83677327.08752576,0,0,0
9.5,0,592.0,0,592.0,0,592.0,0,0.0,0,0.0,83677115.85035305,0,83677115.85035305,0,0,0
9.5,0,554.0,0,554.0,0,554.0,0,0.0,0,0.1486317873001098,83784937.9725439,0,83784937.9725439,0,0,0
9.5,0,554.0,0,554.0,0,554.0,0,0.0,0,3.49309766292572,83784880.99049743,0,83784880.99049743,0,0,0
9.5,0,574.0,0,576.4208151976163,0,592.0,0,37.38681130503323,0,0.0,83681355.3127409,0,83681355.3127409,0,0,0
9.5,0,578.0,0,578.0,0,578.0,0,0.0,0,0.0,83647505.18621472,0,83647505.18621472,0,0,0
9.5,0,568.07,0,572.6539619381737,0,592.0,0,45.78650252116003,0,0.0553963899612426,83677493.26158614,0,83677493.26158614,0,0,0
9.5,0,578.0,0,578.0,0,578.0,0,0.0,0,0.0,83646624.9914297,0,83646624.9914297,0,0,0
9.5,0,544.5,0,534.6700661560661,0,571.02,0,51.31638595719284,0,0.0009359502792358,83681192.25166635,0,83681192.25166635,0,0,0
9.5,0,572.82,0,577.1805906432749,0,578.0,0,3.472170830296018,0,0.0,83647025.37074432,0,83647025.37074432,0,0,0
9.5,0,592.0,0,592.0,0,592.0,0,0.0,0,0.0,83702843.02772585,0,83702843.02772585,0,0,0
9.5,0,592.0,0,592.0,0,592.0,0,0.0,0,0.0,83702711.81132065,0,83702711.81132065,0,0,0
9.5,0,554.0,0,554.0,0,554.0,0,0.0,0,1.689049744606018,83759393.26229702,0,83759393.26229702,0,0,0
9.5,0,586.68,0,585.8940250239956,0,592.0,0,20.109026879048983,0,0.0,83693897.0813067,0,83693897.0813067,0,0,0
9.5,0,592.0,0,592.0,0,592.0,0,0.0,0,0.0,83677003.29073897,0,83677003.29073897,0,0,0
9.5,0,539.7,0,542.1549658873117,0,554.0,0,33.20500295226255,0,0.2383995676040649,83767537.85954142,0,83767537.85954142,0,0,0
9.5,0,588.38,0,578.9761824411398,0,588.38,0,21.564294711740743,0,0.0,83693834.1790325,0,83693834.1790325,0,0,0
9.5,0,592.0,0,592.0,0,592.0,0,0.0,0,0.0,83677268.13527018,0,83677268.13527018,0,0,0
9.5,0,588.53,0,591.4510906432748,0,592.0,0,2.325952274348877,0,0.0178516006469726,83677463.60511933,0,83677463.60511933,0,0,0
9.5,0,584.87,0,589.4302380361727,0,592.0,0,10.086642442663583,0,0.0115763092041015,83681316.30657189,0,83681316.30657189,0,0,0
9.5,0,563.72,0,572.0565877192982,0,578.0,0,13.615791454126498,0,0.0,83573903.85357341,0,83573903.85357341,0,0,0
9.5,0,569.58,0,562.3089447852628,0,578.0,0,32.271302699640856,0,0.0420019602775573,83574133.67647481,0,83574133.67647481,0,0,0
9.5,0,578.0,0,578.0,0,578.0,0,0.0,0,0.0,83646762.9923248,0,83646762.9923248,0,0,0
9.5,0,536.02,0,521.1817931273233,0,592.0,0,56.95528301160917,0,0.0108025503158569,83702701.06848837,0,83702701.06848837,0,0,0
9.5,0,578.0,0,578.0,0,578.0,0,0.0,0,0.0,83586770.43176912,0,83586770.43176912,0,0,0
9.5,0,571.2,0,582.7607450403914,0,592.0,0,29.62370969428702,0,0.0,83677619.40155216,0,83677619.40155216,0,0,0
9.5,0,541.52,0,547.2419999591912,0,554.0,0,17.36589415348859,0,2.296551277637482,83759338.85032342,0,83759338.85032342,0,0,0
9.5,0,578.0,0,578.0,0,578.0,0,0.0,0,0.0,83646761.39851364,0,83646761.39851364,0,0,0
9.5,0,592.0,0,592.0,0,592.0,0,0.0,0,0.0,83677263.36912633,0,83677263.36912633,0,0,0
9.5,0,549.67,0,549.6488587131394,0,554.0,0,14.85174916179158,0,0.6824259257316589,83767590.93467773,0,83767590.93467773,0,0,0
9.5,0,592.0,0,592.0,0,592.0,0,0.0,0,0.0,83698469.74974099,0,83698469.74974099,0,0,0
9.5,0,524.36,0,537.4466468890587,0,648.0,0,82.45566062522761,0,0.1382835221290588,83681068.24596901,0,83681068.24596901,0,0,0
9.5,0,587.06,0,587.0358803794245,0,592.0,0,16.944027912067067,0,0.0,83681143.75084744,0,83681143.75084744,0,0,0
9.5,0,578.0,0,578.0,0,578.0,0,0.0,0,0.0,83581714.26527652,0,83581714.26527652,0,0,0
9.5,0,572.82,0,559.3637085759956,0,572.82,0,30.857195195253325,0,0.0,83586008.52340372,0,83586008.52340372,0,0,0
9.5,0,537.75,0,533.3433460090391,0,568.16,0,62.37086485803171,0,0.0,83663575.8867171,0,83663575.8867171,0,0,0
9.5,0,583.48,0,587.2211915210692,0,592.0,0,14.813099453404114,0,1.703023910522461e-05,83681504.60269119,0,83681504.60269119,0,0,0
9.5,0,509.72,0,532.1939708186121,0,587.48,0,73.66177342529653,0,0.0361919593811035,83677150.83212286,0,83677150.83212286,0,0,0
9.5,0,554.0,0,554.0,0,554.0,0,0.0,0,3.197926630973816,83767590.20912325,0,83767590.20912325,0,0,0
9.5,0,563.8,0,570.0454033398662,0,578.0,0,25.782303045305,0,0.0,83651071.56447357,0,83651071.56447357,0,0,0
9.5,0,554.0,0,554.0,0,554.0,0,0.0,0,2.564691662788391,83784707.84096466,0,83784707.84096466,0,0,0
9.5,0,576.19,0,583.7702178867314,0,592.0,0,30.01092907553809,0,0.0003792095184326,83693793.46276024,0,83693793.46276024,0,0,0
9.5,0,592.0,0,592.0,0,592.0,0,0.0,0,0.0,83693816.31649202,0,83693816.31649202,0,0,0
9.5,0,554.43,0,563.7236843570945,0,578.0,0,28.894181964538053,0,0.0058491015434265,83581755.08170998,0,83581755.08170998,0,0,0
9.5,0,592.0,0,592.0,0,592.0,0,0.0,0,0.0,83693850.04552256,0,83693850.04552256,0,0,0
9.5,0,578.0,0,578.0,0,578.0,0,0.0,0,0.0,83646618.58971313,0,83646618.58971313,0,0,0
9.5,0,544.12,0,545.8556496477379,0,554.0,0,20.24103633568263,0,1.5804146122932434,83789349.47066711,0,83789349.47066711,0,0,0
9.5,0,554.0,0,554.0,0,554.0,0,0.0,0,1.364541802406311,83789306.67298445,0,83789306.67298445,0,0,0
9.5,0,554.56,0,554.3002695615359,0,556.52,0,0.8123132894668408,0,1.3858018040657043,83767498.80946703,0,83767498.80946703,0,0,0
9.5,0,557.52,0,535.8916251550306,0,578.0,0,67.91426220826446,0,0.0651765370368957,83586124.15752862,0,83586124.15752862,0,0,0
9.5,0,554.0,0,554.0,0,554.0,0,0.0,0,1.73653626203537,83788957.12340231,0,83788957.12340231,0,0,0
9.5,0,578.0,0,578.0,0,578.0,0,0.0,0,0.0,83651077.5446595,0,83651077.5446595,0,0,0
9.5,0,586.98,0,590.9106064671482,0,592.0,0,4.54609878102955,0,0.0399933791160583,83694073.41362141,0,83694073.41362141,0,0,0
9.5,0,578.0,0,578.0,0,578.0,0,0.0,0,0.0,83573849.2984709,0,83573849.2984709,0,0,0
9.5,0,578.0,0,578.0,0,578.0,0,0.0,0,0.0,83650905.074541,0,83650905.074541,0,0,0
9.5,0,554.0,0,554.0,0,554.0,0,0.0,0,3.426439471244812,83763116.80445383,0,83763116.80445383,0,0,0
9.5,0,549.06,0,551.937026844071,0,554.0,0,8.173931620694676,0,2.0957795763015747,83707377.15125304,0,83707377.15125304,0,0,0
9.5,0,549.72,0,545.161674267425,0,559.32,0,25.3243054399108,0,2.8324175333976744,83789353.17425112,0,83789353.17425112,0,0,0
9.5,0,578.0,0,578.0,0,578.0,0,0.0,0,0.0,83647400.52410397,0,83647400.52410397,0,0,0
9.5,0,554.0,0,554.0,0,554.0,0,0.0,0,8.924914979934693,83767612.48651494,0,83767612.48651494,0,0,0
9.5,0,579.44,0,569.8166681835537,0,586.68,0,38.50091567281951,0,0.0097296810150146,83677489.07336493,0,83677489.07336493,0,0,0
9.5,0,562.5,0,552.9819876952253,0,578.0,0,53.93477459380629,0,0.0101030421257019,83650790.03903753,0,83650790.03903753,0,0,0
9.5,0,521.18,0,519.5174982498581,0,554.0,0,64.27486530063392,0,0.9837178015708924,83784892.10164177,0,83784892.10164177,0,0,0
9.5,0,567.58,0,558.328434839842,0,572.76,0,34.686785274915216,0,0.0,83586824.6979126,0,83586824.6979126,0,0,0
9.5,0,592.0,0,592.0,0,592.0,0,0.0,0,0.0,83677467.65519035,0,83677467.65519035,0,0,0
9.5,0,544.75,0,551.0851930254559,0,554.0,0,8.531322945668224,0,3.132862491607666,83784660.23718624,0,83784660.23718624,0,0,0
9.5,0,539.24,0,544.7377047074015,0,554.0,0,29.04671755806593,0,3.0339887022972105,83711509.78692557,0,83711509.78692557,0,0,0
9.5,0,592.0,0,592.0,0,592.0,0,0.0,0,0.0,83681140.55602118,0,83681140.55602118,0,0,0
9.5,0,581.34,0,583.5596998724529,0,592.0,0,30.00669686171943,0,0.0,83702807.31324512,0,83702807.31324512,0,0,0
9.5,0,567.58,0,556.3357100597201,0,572.82,0,42.37207833653627,0,0.0,83663870.21771027,0,83663870.21771027,0,0,0
9.5,0,592.0,0,592.0,0,592.0,0,0.0,0,0.0,83677320.1936701,0,83677320.1936701,0,0,0
9.5,0,586.68,0,586.6540250239956,0,592.0,0,18.247414674533765,0,0.0,83677098.57776561,0,83677098.57776561,0,0,0
9.5,0,544.12,0,544.689260758849,0,554.0,0,22.37604971408913,0,0.4709657430648803,83767501.92528535,0,83767501.92528535,0,0,0
9.5,0,592.0,0,592.0,0,592.0,0,0.0,0,0.0,83681151.01386887,0,83681151.01386887,0,0,0
9.5,0,567.7,0,568.2327202038588,0,578.0,0,32.76149750911451,0,0.0053224420547485,83650808.88768974,0,83650808.88768974,0,0,0
9.5,0,592.0,0,592.0,0,592.0,0,0.0,0,0.0,83693740.2407742,0,83693740.2407742,0,0,0
9.5,0,529.61,0,552.2503207743839,0,586.83,0,43.70542101230665,0,0.0098379802703857,83694131.38053714,0,83694131.38053714,0,0,0
9.5,0,581.36,0,587.9366732026143,0,592.0,0,11.55261700690218,0,0.0,83693863.32457691,0,83693863.32457691,0,0,0
9.5,0,572.82,0,576.552134760922,0,578.0,0,5.944872718042434,0,0.0,83651407.91728432,0,83651407.91728432,0,0,0
9.5,0,572.82,0,571.1913752426623,0,578.0,0,21.510313981754088,0,0.0,83646713.74158816,0,83646713.74158816,0,0,0
9.5,0,592.0,0,592.0,0,592.0,0,0.0,0,0.0,83677423.99568535,0,83677423.99568535,0,0,0
9.5,0,583.04,0,568.6332526719926,0,586.66,0,45.49352321276481,0,0.0303979516029357,83677097.9965137,0,83677097.9965137,0,0,0
9.5,0,578.0,0,578.0,0,578.0,0,0.0,0,0.0,83574187.51974659,0,83574187.51974659,0,0,0
9.5,0,572.82,0,577.4683684210527,0,578.0,0,2.285632655812713,0,0.0,83574176.85432467,0,83574176.85432467,0,0,0
9.5,0,574.52,0,574.9380088502828,0,578.0,0,10.785376951750344,0,0.0,83650907.25402452,0,83650907.25402452,0,0,0
9.5,0,554.0,0,554.0,0,554.0,0,0.0,0,0.4453349733352661,83707237.46651012,0,83707237.46651012,0,0,0
9.5,0,496.98,0,528.1666627327781,0,556.24,0,29.510159281362256,0,1.5909211134910584,83711425.60848467,0,83711425.60848467,0,0,0
9.5,0,554.0,0,554.0,0,554.0,0,0.0,0,0.8553369426727295,83784869.36960615,0,83784869.36960615,0,0,0
9.5,0,592.0,0,592.0,0,592.0,0,0.0,0,0.0,83693948.7919283,0,83693948.7919283,0,0,0
9.5,0,587.06,0,591.2185555555556,0,592.0,0,3.311298050513962,0,0.0,83677494.39010987,0,83677494.39010987,0,0,0
9.5,0,592.0,0,592.0,0,592.0,0,0.0,0,0.0,83693728.26015349,0,83693728.26015349,0,0,0
9.5,0,549.06,0,551.1453601774043,0,554.0,0,10.85563410647666,0,1.9376799941062928,83759205.40117387,0,83759205.40117387,0,0,0
9.5,0,592.0,0,592.0,0,592.0,0,0.0,0,0.0,83693704.37328039,0,83693704.37328039,0,0,0
9.5,0,578.0,0,578.0,0,578.0,0,0.0,0,0.0,83646504.47866234,0,83646504.47866234,0,0,0
9.5,0,578.0,0,578.0,0,578.0,0,0.0,0,0.0,83573919.85069014,0,83573919.85069014,0,0,0
9.5,0,563.22,0,572.8859752444837,0,578.0,0,16.36828655885643,0,0.0,83573875.97690062,0,83573875.97690062,0,0,0
9.5,0,592.0,0,592.0,0,592.0,0,0.0,0,0.0,83698416.24402395,0,83698416.24402395,0,0,0
9.5,0,587.7,0,585.4880528076155,0,592.0,0,19.576052147015943,0,0.0,83694017.60542889,0,83694017.60542889,0,0,0
9.5,0,554.0,0,554.0,0,554.0,0,0.0,0,0.4822930097579956,83784939.9082584,0,83784939.9082584,0,0,0
8.928571428571429,0,578.0,0,578.0,0,578.0,0,0.0,0,0.0,71696997.1110858,0,71696997.1110858,0,0,0
9.5,0,586.68,0,591.4540000000001,0,592.0,0,2.347406511375219,0,0.0,83694166.14471656,0,83694166.14471656,0,0,0
9.5,0,592.0,0,592.0,0,592.0,0,0.0,0,0.0,83693984.52409273,0,83693984.52409273,0,0,0
9.5,0,592.0,0,592.0,0,592.0,0,0.0,0,0.0,83677365.6874191,0,83677365.6874191,0,0,0
9.5,0,554.28,0,554.3680337706669,0,558.2,0,1.1627196746894102,0,0.7238795804977417,83784620.01589848,0,83784620.01589848,0,0,0
9.5,0,549.04,0,553.752,0,554.0,0,1.081006937998087,0,2.4376261472702025,83784853.41132155,0,83784853.41132155,0,0,0
9.5,0,572.92,0,567.3434825417102,0,578.0,0,27.721496446310216,0,0.0,83646749.3666173,0,83646749.3666173,0,0,0
9.5,0,534.34,0,539.3660967099636,0,554.0,0,38.63962273401176,0,6.72573439359665,83784623.31905173,0,83784623.31905173,0,0,0
9.5,0,564.24,0,559.4937689843696,0,578.0,0,31.95541517149369,0,0.0,83586153.83983767,0,83586153.83983767,0,0,0
9.5,0,549.8,0,570.5561049498747,0,578.0,0,21.4088316088241,0,0.0125922298431396,83647267.30911815,0,83647267.30911815,0,0,0
9.5,0,586.68,0,580.8400250239956,0,592.0,0,29.031173443773685,0,0.0,83681065.58035134,0,83681065.58035134,0,0,0
9.5,0,592.0,0,592.0,0,592.0,0,0.0,0,0.0,83702649.85873511,0,83702649.85873511,0,0,0
9.5,0,550.42,0,551.247798376632,0,554.0,0,9.970216120512712,0,3.427730906009674,83784596.61702333,0,83784596.61702333,0,0,0
9.5,0,592.0,0,592.0,0,592.0,0,0.0,0,0.0,83698577.99367332,0,83698577.99367332,0,0,0
9.5,0,471.32,0,473.8877927870203,0,511.96,0,31.24405403724641,0,0.0,83651091.6112718,0,83651091.6112718,0,0,0
9.5,0,552.5,0,557.0204082383046,0,572.92,0,36.99933299352387,0,0.0,83647250.25547725,0,83647250.25547725,0,0,0
9.5,0,592.0,0,592.0,0,592.0,0,0.0,0,0.0,83693750.55315626,0,83693750.55315626,0,0,0
9.5,0,578.0,0,578.0,0,578.0,0,0.0,0,0.0,83581832.83954269,0,83581832.83954269,0,0,0
9.5,0,549.36,0,544.2664879908533,0,554.0,0,25.320421950960508,0,3.7357109880447386,83759306.73585233,0,83759306.73585233,0,0,0
9.5,0,592.0,0,592.0,0,592.0,0,0.0,0,0.0,83677004.67516047,0,83677004.67516047,0,0,0
9.5,0,557.42,0,553.2860586485239,0,578.0,0,61.09499048136188,0,0.0118382716178894,83646700.93986715,0,83646700.93986715,0,0,0
9.5,0,582.93,0,574.7135013097069,0,592.0,0,31.94201340165276,0,0.0078581500053405,83681146.92379119,0,83681146.92379119,0,0,0
9.5,0,592.0,0,592.0,0,592.0,0,0.0,0,0.0,83681194.2460989,0,83681194.2460989,0,0,0
9.5,0,588.38,0,587.2418491078065,0,592.0,0,15.032304365627374,0,0.0,83702807.62883046,0,83702807.62883046,0,0,0
9.5,0,549.19,0,549.1665151062817,0,554.0,0,16.49813244069688,0,0.995152144432068,83784632.54420729,0,83784632.54420729,0,0,0
9.5,0,554.0,0,554.0,0,554.0,0,0.0,0,0.0980300879478454,83711492.38548762,0,83711492.38548762,0,0,0
9.5,0,567.58,0,570.9175726970828,0,578.0,0,24.32517216289139,0,0.0016595792770385,83663584.0266239,0,83663584.0266239,0,0,0
9.5,0,586.68,0,578.1800250239957,0,592.0,0,31.691173443773685,0,0.0,83702394.31979072,0,83702394.31979072,0,0,0
9.5,0,554.0,0,554.0,0,554.0,0,0.0,0,0.2687329459190368,83711508.62832789,0,83711508.62832789,0,0,0
9.5,0,592.0,0,592.0,0,592.0,0,0.0,0,0.0,83694132.07029217,0,83694132.07029217,0,0,0
9.5,0,578.0,0,578.0,0,578.0,0,0.0,0,0.0,83573864.75601135,0,83573864.75601135,0,0,0
9.5,0,577.97,0,577.9804268959883,0,592.0,0,26.561149542605754,0,0.0431727695465087,83676856.59467295,0,83676856.59467295,0,0,0
9.5,0,586.68,0,590.1583366013072,0,592.0,0,7.432586106841026,0,0.0,83698417.6493285,0,83698417.6493285,0,0,0
9.5,0,550.57,0,552.8126117561059,0,554.0,0,4.792062095200135,0,3.665474271774292,83784793.89157832,0,83784793.89157832,0,0,0
9.5,0,576.42,0,586.5061949586361,0,592.0,0,19.20102280809462,0,0.0,83681541.79367565,0,83681541.79367565,0,0,0
9.5,0,554.0,0,554.0,0,554.0,0,0.0,0,0.5165505743026734,83789186.31306094,0,83789186.31306094,0,0,0
9.5,0,554.0,0,554.0,0,554.0,0,0.0,0,3.748009102344513,83789161.83672123,0,83789161.83672123,0,0,0
9.5,0,573.12,0,575.5866985828069,0,578.0,0,9.375023551437543,0,0.0011033797264099,83663771.17286925,0,83663771.17286925,0,0,0
9.5,0,563.57,0,579.1858884037789,0,592.0,0,24.95269942762173,0,0.0049508118629455,83702781.36151363,0,83702781.36151363,0,0,0
9.5,0,586.68,0,578.1800250239957,0,592.0,0,31.691173443773685,0,0.0,83677098.63682313,0,83677098.63682313,0,0,0
9.5,0,586.68,0,580.8400250239956,0,592.0,0,29.031173443773685,0,0.0,83702393.73336726,0,83702393.73336726,0,0,0
9.5,0,549.36,0,549.9173451337105,0,554.0,0,14.38050260233379,0,0.3227521729469299,83759190.02356446,0,83759190.02356446,0,0,0
9.5,0,554.0,0,554.0,0,554.0,0,0.0,0,8.400414083003998,83784673.41388063,0,83784673.41388063,0,0,0
9.5,0,578.0,0,578.0,0,578.0,0,0.0,0,0.0,83574174.30831693,0,83574174.30831693,0,0,0
9.5,0,562.19,0,550.7450686596685,0,592.0,0,78.4326565852808,0,0.1771978402137756,83677153.45886253,0,83677153.45886253,0,0,0
9.5,0,554.0,0,554.0,0,554.0,0,0.0,0,2.163635697364807,83711450.52895728,0,83711450.52895728,0,0,0
9.5,0,554.56,0,534.3458746840105,0,567.91,0,73.88385939269224,0,0.2219012713432312,83647313.29386526,0,83647313.29386526,0,0,0
9.5,0,550.42,0,552.9993518231854,0,554.0,0,4.108618596639365,0,2.612990186214447,83789017.59929852,0,83789017.59929852,0,0,0
9.5,0,588.26,0,591.6161578947368,0,592.0,0,1.6502444271697967,0,0.0,83681532.74471764,0,83681532.74471764,0,0,0
9.5,0,554.0,0,554.0,0,554.0,0,0.0,0,0.3318567728996276,83784943.18131086,0,83784943.18131086,0,0,0
9.5,0,484.18,0,520.6289874343494,0,817.84,0,225.14499203124825,0,4.87936086177826,83573957.02419043,0,83573957.02419043,0,0,0
9.5,0,586.91,0,591.1948274853801,0,592.0,0,3.4118435378777474,0,0.0,83677277.10805662,0,83677277.10805662,0,0,0
9.5,0,481.17,0,491.7817934237675,0,592.0,0,143.15039889015722,0,0.2996117401123047,83681015.96333702,0,83681015.96333702,0,0,0
9.5,0,592.0,0,592.0,0,592.0,0,0.0,0,0.0,83698585.25155556,0,83698585.25155556,0,0,0
9.5,0,578.0,0,578.0,0,578.0,0,0.0,0,0.0,83663886.94521558,0,83663886.94521558,0,0,0
9.5,0,587.06,0,583.2838327603769,0,592.0,0,24.62877986508216,0,0.0,83694064.91193476,0,83694064.91193476,0,0,0
9.5,0,549.06,0,547.5068327603768,0,554.0,0,20.51369711773459,0,0.1124165797233581,83767453.52869707,0,83767453.52869707,0,0,0
9.5,0,554.0,0,554.0,0,554.0,0,0.0,0,0.5563027930259704,83707275.86649832,0,83707275.86649832,0,0,0
9.5,0,592.0,0,592.0,0,592.0,0,0.0,0,0.0,83693969.55838427,0,83693969.55838427,0,0,0
9.5,0,581.88,0,575.3308746697061,0,592.0,0,47.17465634216374,0,0.0,83677421.78400876,0,83677421.78400876,0,0,0
9.5,0,563.18,0,578.3208266753027,0,592.0,0,31.025286896284005,0,0.000163357257843,83677443.18902618,0,83677443.18902618,0,0,0
9.5,0,549.48,0,538.7941554544527,0,578.0,0,44.46000900052537,0,0.0704719710350036,83650968.62402123,0,83650968.62402123,0,0,0
9.5,0,592.0,0,592.0,0,592.0,0,0.0,0,0.0,83681505.54865456,0,83681505.54865456,0,0,0
9.5,0,572.88,0,575.8618577817092,0,578.0,0,8.471767185821202,0,0.0002200317382812,83585925.90893553,0,83585925.90893553,0,0,0
9.5,0,524.48,0,521.4523299521256,0,544.24,0,39.517689712190446,0,0.6278367805480957,83767560.54112242,0,83767560.54112242,0,0,0
9.5,0,506.01,0,451.9756126943232,0,557.76,0,146.38636243239466,0,0.024453694820404,83581745.52774216,0,83581745.52774216,0,0,0
9.5,0,554.0,0,554.0,0,554.0,0,0.0,0,1.5916276359558106,83784604.87259586,0,83784604.87259586,0,0,0
9.5,0,572.82,0,575.8368014275885,0,578.0,0,8.571045707530043,0,0.0,83586777.25042725,0,83586777.25042725,0,0,0
9.5,0,592.0,0,592.0,0,592.0,0,0.0,0,0.0,83702714.77491282,0,83702714.77491282,0,0,0
9.5,0,586.66,0,589.3592152524977,0,592.0,0,10.258734787843542,0,0.0012839889526367,83676842.71400262,0,83676842.71400262,0,0,0
9.5,0,578.0,0,578.0,0,578.0,0,0.0,0,0.0,83581525.20372683,0,83581525.20372683,0,0,0
9.5,0,592.0,0,592.0,0,592.0,0,0.0,0,0.0,83681555.91162473,0,83681555.91162473,0,0,0
9.5,0,554.0,0,554.0,0,554.0,0,0.0,0,1.647661862373352,83784587.2142794,0,83784587.2142794,0,0,0
9.5,0,566.19,0,575.4722294855558,0,592.0,0,43.88048306869538,0,0.0027453899383544,83681344.29891863,0,83681344.29891863,0,0,0
9.5,0,577.18,0,570.8522681224005,0,592.0,0,37.25834738901586,0,0.0,83681556.98456335,0,83681556.98456335,0,0,0
9.5,0,514.48,0,524.5573792547323,0,554.0,0,33.16772226082416,0,3.230644474029541,83767452.2559664,0,83767452.2559664,0,0,0
9.5,0,554.0,0,554.0,0,554.0,0,0.0,0,0.6176589727401733,83784617.0271008,0,83784617.0271008,0,0,0
9.5,0,592.0,0,592.0,0,592.0,0,0.0,0,0.0,83677465.72554612,0,83677465.72554612,0,0,0
9.5,0,554.0,0,554.0,0,554.0,0,0.0,0,1.0770165872573854,83784787.17206381,0,83784787.17206381,0,0,0
9.5,0,531.2,0,517.0811072456955,0,554.0,0,58.35289183200644,0,1.824649648666382,83759191.10874127,0,83759191.10874127,0,0,0
9.5,0,592.0,0,592.0,0,592.0,0,0.0,0,0.0,83681303.36517975,0,83681303.36517975,0,0,0
9.5,0,524.96,0,491.6296403565474,0,524.96,0,31.856682228347253,0,2.551906564235688,83789298.18499334,0,83789298.18499334,0,0,0
9.5,0,581.36,0,591.188,0,592.0,0,3.5068736303570383,0,0.0,83676896.86468668,0,83676896.86468668,0,0,0
9.5,0,567.62,0,576.9346842105263,0,578.0,0,4.580090148134356,0,0.0009487795829772,83663877.19606839,0,83663877.19606839,0,0,0
9.5,0,588.38,0,589.2170475205049,0,592.0,0,10.081615183311737,0,0.0,83702825.71779382,0,83702825.71779382,0,0,0
9.5,0,586.68,0,589.7783366013072,0,592.0,0,8.802695591517342,0,0.0,83681502.13796085,0,83681502.13796085,0,0,0
9.5,0,496.72,0,482.80234716693695,0,511.96,0,18.769057037610487,0,0.0,83651079.56126405,0,83651079.56126405,0,0,0
9.5,0,589.07,0,587.5627894712356,0,592.0,0,13.339030881571327,0,0.0057850885391235,83677592.67255335,0,83677592.67255335,0,0,0
9.5,0,581.97,0,579.8179047969575,0,592.0,0,30.46172892886597,0,0.0,83693952.05413616,0,83693952.05413616,0,0,0
9.5,0,520.32,0,485.2966481736788,0,972.81,0,175.91013163376672,0,0.0282416820526123,83646702.65656048,0,83646702.65656048,0,0,0
9.5,0,528.99,0,511.2595543142788,0,542.48,0,53.3927742284606,0,2.3067218255996704,83784635.18490066,0,83784635.18490066,0,0,0
9.5,0,549.06,0,550.2022692683134,0,554.0,0,13.757784255679551,0,1.6288932752609253,83763115.60569818,0,83763115.60569818,0,0,0
9.5,0,554.0,0,554.0,0,554.0,0,0.0,0,1.6665225315093994,83707330.61711802,0,83707330.61711802,0,0,0
9.5,0,554.0,0,554.0,0,554.0,0,0.0,0,3.212665450572968,83759300.27992609,0,83759300.27992609,0,0,0
9.5,0,554.0,0,554.0,0,554.0,0,0.0,0,6.253825235366821,83707288.17783788,0,83707288.17783788,0,0,0
9.5,0,565.36,0,564.0702365747427,0,586.68,0,50.05119873127697,0,0.0291080784797668,83693842.77032652,0,83693842.77032652,0,0,0
9.5,0,562.76,0,558.8040992712138,0,572.88,0,33.16117453507117,0,7.152557373046876e-08,83573964.73084016,0,83573964.73084016,0,0,0
9.5,0,558.31,0,572.0875643797207,0,718.16,0,54.12364923762642,0,2.2069682693481445,83784565.61303632,0,83784565.61303632,0,0,0
9.5,0,544.27,0,538.9878264693253,0,554.0,0,44.51959144280457,0,1.7833953213691711,83784702.62929378,0,83784702.62929378,0,0,0
9.5,0,544.12,0,540.0256655207537,0,554.0,0,29.417783879737986,0,0.207959017753601,83789356.08757766,0,83789356.08757766,0,0,0
9.5,0,548.83,0,552.8350274089086,0,554.0,0,4.596929183075701,0,1.6073691272735595,83767449.00259216,0,83767449.00259216,0,0,0
9.5,0,592.0,0,592.0,0,592.0,0,0.0,0,0.0,83702780.65818676,0,83702780.65818676,0,0,0
9.5,0,592.0,0,592.0,0,592.0,0,0.0,0,0.0,83677115.07410923,0,83677115.07410923,0,0,0
9.5,0,549.06,0,551.9370268440709,0,554.0,0,8.173931620694676,0,2.3711967158317564,83759196.65495437,0,83759196.65495437,0,0,0
9.5,0,554.0,0,554.0,0,554.0,0,0.0,0,0.8929034280776977,83788972.54258864,0,83788972.54258864,0,0,0
9.5,0,554.0,0,554.0,0,554.0,0,0.0,0,1.6656343889236451,83789020.46491665,0,83789020.46491665,0,0,0
9.5,0,585.28,0,576.2231895039945,0,592.0,0,25.254833348813754,0,0.0205955386161804,83677050.11915155,0,83677050.11915155,0,0,0
9.5,0,567.68,0,573.2134206443711,0,578.0,0,18.61216461172512,0,0.0162966299057006,83581766.33447903,0,83581766.33447903,0,0,0
9.5,0,578.0,0,578.0,0,578.0,0,0.0,0,0.0,83647044.64246655,0,83647044.64246655,0,0,0
9.5,0,578.0,0,578.0,0,578.0,0,0.0,0,0.0,83586023.38504265,0,83586023.38504265,0,0,0
9.5,0,554.0,0,554.0,0,554.0,0,0.0,0,2.4973358154296874,83758961.0660752,0,83758961.0660752,0,0,0
9.5,0,578.0,0,578.0,0,578.0,0,0.0,0,0.0,83581752.20936419,0,83581752.20936419,0,0,0
9.5,0,581.68,0,588.0574499484005,0,592.0,0,15.752153337071938,0,0.00185555934906,83676848.64221577,0,83676848.64221577,0,0,0
9.5,0,554.0,0,554.0,0,554.0,0,0.0,0,4.4388002181053166,83759289.44648418,0,83759289.44648418,0,0,0
9.5,0,586.66,0,586.6339273737099,0,592.0,0,18.316013977821488,0,0.0010359597206115,83698528.86953448,0,83698528.86953448,0,0,0
9.5,0,549.06,0,549.6533803794244,0,554.0,0,15.31027647748468,0,2.337327327728272,83759347.06043012,0,83759347.06043012,0,0,0
9.5,0,549.58,0,551.0440303979645,0,554.0,0,10.98359643929223,0,1.403289556503296,83762974.39123629,0,83762974.39123629,0,0,0
9.5,0,582.14,0,577.8681004726267,0,592.0,0,31.82372688583398,0,0.0005537796020507,83677412.9567703,0,83677412.9567703,0,0,0
9.5,0,554.0,0,554.0,0,554.0,0,0.0,0,1.9005043363571168,83711447.81594446,0,83711447.81594446,0,0,0
9.5,0,577.62,0,579.8316584089285,0,592.0,0,34.70786557661167,0,0.0621662092208862,83681186.05515379,0,83681186.05515379,0,0,0
9.5,0,592.0,0,592.0,0,592.0,0,0.0,0,0.0,83677421.262411,0,83677421.262411,0,0,0
9.5,0,554.0,0,554.0,0,554.0,0,0.0,0,3.667497820854187,83763357.94480407,0,83763357.94480407,0,0,0
9.5,0,554.0,0,554.0,0,554.0,0,0.0,0,6.147067706584931,83763332.83329664,0,83763332.83329664,0,0,0
9.5,0,535.8,0,538.7834625545593,0,554.0,0,44.00230213088157,0,0.0078794908523559,100453819.94030006,0,100453819.94030006,0,0,0
9.5,0,563.22,0,562.9989078674164,0,578.0,0,28.175695657681032,0,0.2841809415817261,83646711.26002651,0,83646711.26002651,0,0,0
9.5,0,554.0,0,554.0,0,554.0,0,0.0,0,0.9844557476043702,83784677.02408274,0,83784677.02408274,0,0,0
9.5,0,550.42,0,553.821,0,554.0,0,0.7802429108937805,0,0.7915097498893737,83789305.50045446,0,83789305.50045446,0,0,0
9.5,0,592.0,0,592.0,0,592.0,0,0.0,0,0.0,83677485.30677095,0,83677485.30677095,0,0,0
9.5,0,544.12,0,541.9270500806383,0,554.0,0,33.85920529699938,0,1.655624399185181,83763050.40779291,0,83763050.40779291,0,0,0
9.5,0,578.24,0,578.128686954944,0,579.08,0,0.3481342669143603,0,0.0,83663763.24043044,0,83663763.24043044,0,0,0
9.5,0,549.06,0,552.9279673202615,0,554.0,0,4.473650991690433,0,0.1130645394325256,83789346.33407834,0,83789346.33407834,0,0,0
9.5,0,592.0,0,592.0,0,592.0,0,0.0,0,0.0,83676913.5656477,0,83676913.5656477,0,0,0
9.5,0,592.0,0,592.0,0,592.0,0,0.0,0,0.0,83677255.14058788,0,83677255.14058788,0,0,0
9.5,0,555.49,0,554.5482428718083,0,578.0,0,65.80690906827238,0,0.0554150986671447,83647438.8439132,0,83647438.8439132,0,0,0
9.5,0,592.0,0,592.0,0,592.0,0,0.0,0,0.0,83676896.53355536,0,83676896.53355536,0,0,0
9.5,0,520.13,0,490.32241159769023,0,524.84,0,33.715889120579256,0,3.947903673648834,83759389.00412692,0,83759389.00412692,0,0,0
9.5,0,592.0,0,592.0,0,592.0,0,0.0,0,0.0,83698576.68567061,0,83698576.68567061,0,0,0
9.5,0,549.24,0,550.8166481208849,0,554.0,0,11.82848847308394,0,1.1860050535202027,83784565.54814136,0,83784565.54814136,0,0,0
9.5,0,567.96,0,574.1500938866775,0,578.0,0,10.968244596911209,0,0.0043898701667785,83586057.15060474,0,83586057.15060474,0,0,0
9.5,0,552.95,0,546.3588217427138,0,572.82,0,68.36010602830696,0,0.0219503283500671,83647449.85473415,0,83647449.85473415,0,0,0
8.375,0,419.6875,0,317.3660922998892,0,423.75,0,77.36447879690465,0,3.0468610227108,52317043.4651165,0,52317043.4651165,0,0,0
9.5,0,570.23,0,570.6685619759926,0,578.0,0,21.61418242350119,0,0.0,83650900.3603368,0,83650900.3603368,0,0,0
9.5,0,592.0,0,592.0,0,592.0,0,0.0,0,0.0,83677471.5099325,0,83677471.5099325,0,0,0
9.5,0,544.44,0,536.999037449135,0,554.0,0,43.91750034944928,0,1.5928097081184387,83759203.73265016,0,83759203.73265016,0,0,0
9.5,0,573.0,0,571.4279683809482,0,578.0,0,20.76285133373947,0,0.0023932600021362,83663569.633973,0,83663569.633973,0,0,0
9.5,0,573.2,0,573.1765639314247,0,578.0,0,16.463832789053022,0,0.0,83647094.56514381,0,83647094.56514381,0,0,0
9.5,0,588.38,0,588.3623252982827,0,592.0,0,12.416473895077486,0,0.0,83698653.55969945,0,83698653.55969945,0,0,0
9.5,0,567.81,0,577.2268157894737,0,578.0,0,2.6474536846803187,0,0.0039583992958068,83646649.66309114,0,83646649.66309114,0,0,0
9.0,0,554.0,0,554.0,0,554.0,0,0.0,0,3.613395186031566,7.951960844152113e-05,0,7.951960844152113e-05,0,0,0
9.5,0,575.22,0,576.8390555924124,0,578.0,0,4.599904839176356,0,0.0094229197502136,83663595.10217361,0,83663595.10217361,0,0,0
9.5,0,572.8,0,575.4284493095485,0,578.0,0,9.98977919415476,0,0.0014264392852783,83663889.75603981,0,83663889.75603981,0,0,0
9.5,0,583.06,0,589.8336746646028,0,592.0,0,6.545665009957957,0,0.0,83677489.1518219,0,83677489.1518219,0,0,0
9.5,0,554.0,0,554.0,0,554.0,0,0.0,0,1.0848038840293883,83784676.261802,0,83784676.261802,0,0,0
9.5,0,566.92,0,577.073517964062,0,592.0,0,44.74806796257293,0,9.5367431640625e-09,83677363.36636142,0,83677363.36636142,0,0,0
9.5,0,554.0,0,554.0,0,554.0,0,0.0,0,0.0537218284606933,83763084.8068583,0,83763084.8068583,0,0,0
9.5,0,573.36,0,570.9731546575199,0,578.0,0,21.123926037710227,0,0.0398229384422302,83663770.68390222,0,83663770.68390222,0,0,0
9.5,0,548.76,0,550.3397496799726,0,554.0,0,11.059923461678904,0,4.684839277267456,83767554.61850585,0,83767554.61850585,0,0,0
9.5,0,554.0,0,554.0,0,554.0,0,0.0,0,2.635454454421997,83767419.23762758,0,83767419.23762758,0,0,0
9.5,0,592.0,0,592.0,0,592.0,0,0.0,0,0.0,83677257.89649351,0,83677257.89649351,0,0,0
9.5,0,586.68,0,583.943358357329,0,592.0,0,24.219673819098794,0,0.0,83702458.79793537,0,83702458.79793537,0,0,0
9.5,0,549.2,0,549.7765639314246,0,554.0,0,14.876382002414266,0,0.002657287120819,100510838.7706222,0,100510838.7706222,0,0,0
9.5,0,578.0,0,578.0,0,578.0,0,0.0,0,0.0,83646559.66329338,0,83646559.66329338,0,0,0
9.5,0,554.0,0,554.0,0,554.0,0,0.0,0,4.449262609481812,83759286.46602544,0,83759286.46602544,0,0,0
9.5,0,592.0,0,592.0,0,592.0,0,0.0,0,0.0,83677461.38206035,0,83677461.38206035,0,0,0
9.5,0,554.0,0,554.0,0,554.0,0,0.0,0,0.6390824723243713,83784697.72556478,0,83784697.72556478,0,0,0
9.5,0,572.8,0,577.4663157894737,0,578.0,0,2.2944574923216425,0,0.0122406196594238,83650806.85811453,0,83650806.85811453,0,0,0
9.5,0,534.97,0,518.5253703166029,0,576.04,0,84.39856249433141,0,0.0516595101356506,83694062.89921097,0,83694062.89921097,0,0,0
9.5,0,592.0,0,592.0,0,592.0,0,0.0,0,0.0,83694082.33020572,0,83694082.33020572,0,0,0
9.5,0,554.0,0,554.0,0,554.0,0,0.0,0,4.565624506473541,83711552.278049,0,83711552.278049,0,0,0
9.5,0,544.26,0,552.4113488132094,0,554.0,0,6.585410403263752,0,24.85935611486435,83759169.47483014,0,83759169.47483014,0,0,0
9.5,0,554.0,0,554.0,0,554.0,0,0.0,0,2.716846182346344,83784865.79246877,0,83784865.79246877,0,0,0
9.5,0,586.68,0,588.4421361351067,0,592.0,0,13.220075352270287,0,0.0,83677314.47799851,0,83677314.47799851,0,0,0
9.5,0,549.2,0,546.7308496457104,0,554.0,0,21.85233728038989,0,3.493791139125824,83789146.98234,0,83789146.98234,0,0,0
9.5,0,592.0,0,592.0,0,592.0,0,0.0,0,0.0,83693854.63754483,0,83693854.63754483,0,0,0
9.5,0,554.0,0,554.0,0,554.0,0,0.0,0,0.0860292267799377,83784538.13757193,0,83784538.13757193,0,0,0
9.5,0,554.0,0,554.0,0,554.0,0,0.0,0,0.5662829971313477,83759189.75530738,0,83759189.75530738,0,0,0
9.5,0,554.0,0,554.0,0,554.0,0,0.0,0,2.2396002221107483,83789335.93308951,0,83789335.93308951,0,0,0
9.5,0,586.68,0,591.734,0,592.0,0,1.159467118981819,0,0.0,83676906.09505461,0,83676906.09505461,0,0,0
9.5,0,544.5,0,551.0406486928105,0,554.0,0,8.621033260860226,0,0.4463706493377685,83767420.57706,0,83767420.57706,0,0,0
9.5,0,578.0,0,578.0,0,578.0,0,0.0,0,0.0,83663584.57999599,0,83663584.57999599,0,0,0
9.5,0,592.0,0,592.0,0,592.0,0,0.0,0,0.0,83677331.21138734,0,83677331.21138734,0,0,0
9.5,0,554.0,0,554.0,0,554.0,0,0.0,0,3.3462483525276183,83788979.64602529,0,83788979.64602529,0,0,0
9.5,0,587.1,0,589.168474669895,0,592.0,0,10.767734235169158,0,0.0,83677057.47695361,0,83677057.47695361,0,0,0
9.076923076923077,0,584.3956043956044,0,582.2558027515338,0,922.3516483516484,0,131.02919151892775,0,4.825828135668576,73660883.70566577,0,73660883.70566577,0,0,0
9.5,0,567.84,0,574.3853786143338,0,578.0,0,14.359680451169693,0,0.0,83581824.33815189,0,83581824.33815189,0,0,0
9.5,0,554.0,0,554.0,0,554.0,0,0.0,0,2.770214323997497,83707379.9371566,0,83707379.9371566,0,0,0
9.5,0,549.06,0,548.3301660937102,0,554.0,0,18.672667816259768,0,4.440686905384064,83759193.94585139,0,83759193.94585139,0,0,0
9.5,0,567.18,0,568.4271247313059,0,592.0,0,70.26026407868642,0,0.0,83677631.4285114,0,83677631.4285114,0,0,0
9.5,0,578.0,0,578.0,0,578.0,0,0.0,0,0.0,83651088.80567965,0,83651088.80567965,0,0,0
9.5,0,592.0,0,592.0,0,592.0,0,0.0,0,0.0,83693717.39766636,0,83693717.39766636,0,0,0
9.5,0,559.78,0,552.0714429651016,0,578.0,0,36.993305998220336,0,0.0076654481887817,83647284.87905341,0,83647284.87905341,0,0,0
9.5,0,581.78,0,580.7865855524764,0,592.0,0,36.10084629868544,0,0.0015383887290954,83677042.71718936,0,83677042.71718936,0,0,0
9.5,0,564.82,0,569.4675018289245,0,578.0,0,28.90149546803756,0,0.0602289915084838,83651196.60741241,0,83651196.60741241,0,0,0
9.5,0,549.06,0,550.6962692683134,0,554.0,0,12.27578425567955,0,4.541892547607421,83788963.48974809,0,83788963.48974809,0,0,0
9.5,0,554.0,0,554.0,0,554.0,0,0.0,0,0.388756160736084,83763023.97076415,0,83763023.97076415,0,0,0
9.5,0,530.0,0,531.6727814175848,0,554.0,0,57.26679361235652,0,2.935923628807068,83762941.18332593,0,83762941.18332593,0,0,0
9.5,0,554.0,0,554.0,0,554.0,0,0.0,0,2.289185390472412,83767558.5647092,0,83767558.5647092,0,0,0
9.5,0,574.02,0,576.0317746638467,0,578.0,0,7.646023306295373,0,0.0,83663869.18080169,0,83663869.18080169,0,0,0
9.5,0,592.0,0,592.0,0,592.0,0,0.0,0,0.0,83693947.51879163,0,83693947.51879163,0,0,0
9.5,0,554.0,0,554.0,0,554.0,0,0.0,0,3.132031512260437,83759102.76286648,0,83759102.76286648,0,0,0
9.5,0,578.0,0,578.0,0,578.0,0,0.0,0,0.0,83647335.72222824,0,83647335.72222824,0,0,0
9.5,0,578.0,0,578.0,0,578.0,0,0.0,0,0.0,83647082.51603597,0,83647082.51603597,0,0,0
9.5,0,592.0,0,592.0,0,592.0,0,0.0,0,0.0,83702793.20133016,0,83702793.20133016,0,0,0
9.5,0,573.27,0,573.2469057074246,0,578.0,0,16.223735227545998,0,0.0,83574185.2388236,0,83574185.2388236,0,0,0
9.5,0,539.41,0,539.1981490371943,0,557.19,0,28.31351600569071,0,0.2445274376869201,83767549.77077693,0,83767549.77077693,0,0,0
9.5,0,550.24,0,547.3658322224732,0,554.0,0,18.745791962086823,0,2.753092746734619,83763343.2174241,0,83763343.2174241,0,0,0
9.5,0,581.34,0,570.9464068321599,0,586.66,0,39.242899300403344,0,0.0742741799354553,83677533.94811817,0,83677533.94811817,0,0,0
9.5,0,581.36,0,578.9013833813245,0,592.0,0,29.027465221467047,0,0.0,83681499.84210016,0,83681499.84210016,0,0,0
9.5,0,530.9,0,543.694707494217,0,554.0,0,23.126535063579084,0,9.242704966068269,83762949.03295067,0,83762949.03295067,0,0,0
9.5,0,554.0,0,554.0,0,554.0,0,0.0,0,3.855737092494965,83789105.88448223,0,83789105.88448223,0,0,0
9.5,0,586.68,0,582.6133583573289,0,592.0,0,26.5233013931654,0,0.0,83677171.10518897,0,83677171.10518897,0,0,0
9.5,0,549.04,0,550.1868938402499,0,554.0,0,13.813483787079068,0,2.903659861087799,83784938.44247915,0,83784938.44247915,0,0,0
9.5,0,572.8,0,577.1774269005848,0,578.0,0,3.4855768952778554,0,0.0,83574017.39574203,0,83574017.39574203,0,0,0
9.5,0,578.0,0,578.0,0,578.0,0,0.0,0,0.0,83646557.7884242,0,83646557.7884242,0,0,0
9.5,0,570.92,0,557.5519345807272,0,581.56,0,44.49430651190914,0,0.0,83677504.62704933,0,83677504.62704933,0,0,0
9.054794520547944,0,547.2328767123288,0,543.7518256991464,0,554.0,0,30.80780427086931,0,4.083672020533314,68800570.77735464,0,68800570.77735464,0,0,0
9.5,0,586.78,0,586.7545132754242,0,592.0,0,17.90441815809516,0,0.0,83680999.28797239,0,83680999.28797239,0,0,0
9.5,0,554.0,0,554.0,0,554.0,0,0.0,0,3.14348925113678,83784875.54105596,0,83784875.54105596,0,0,0
9.5,0,554.0,0,554.0,0,554.0,0,0.0,0,1.2740317869186402,83789196.07313575,0,83789196.07313575,0,0,0
9.5,0,458.73,0,445.1214842742826,0,779.21,0,187.2859390844744,0,4.696067664623261,83663769.01745406,0,83663769.01745406,0,0,0
9.5,0,581.77,0,585.6421049091517,0,592.0,0,16.757439688340938,0,0.0061582708358764,83698490.76654457,0,83698490.76654457,0,0,0
9.5,0,587.07,0,584.5339768236149,0,592.0,0,22.44417141506712,0,0.0,83694037.01505144,0,83694037.01505144,0,0,0
9.5,0,573.03,0,553.4963351507884,0,581.49,0,65.04523285863667,0,0.0005571627616882,83681159.966277,0,83681159.966277,0,0,0
9.5,0,554.0,0,554.0,0,554.0,0,0.0,0,0.193795804977417,83759212.33486079,0,83759212.33486079,0,0,0
9.5,0,554.0,0,554.0,0,554.0,0,0.0,0,1.3873116636276246,83707352.49826908,0,83707352.49826908,0,0,0
9.5,0,543.31,0,563.7269255034611,0,578.0,0,37.34620060564921,0,0.0162632942199707,83573351.70941702,0,83573351.70941702,0,0,0
9.5,0,578.0,0,578.0,0,578.0,0,0.0,0,0.0,83663751.46416609,0,83663751.46416609,0,0,0
9.5,0,592.0,0,592.0,0,592.0,0,0.0,0,0.0,83681072.07882246,0,83681072.07882246,0,0,0
9.5,0,578.0,0,578.0,0,578.0,0,0.0,0,0.0,83647032.409663,0,83647032.409663,0,0,0
9.5,0,592.0,0,592.0,0,592.0,0,0.0,0,0.0,83677118.2888142,0,83677118.2888142,0,0,0
9.5,0,592.0,0,592.0,0,592.0,0,0.0,0,0.0,83677463.98487055,0,83677463.98487055,0,0,0
9.5,0,586.66,0,586.6339273737099,0,592.0,0,18.316013977821488,0,0.0013498210906982,83676858.72756204,0,83676858.72756204,0,0,0
9.5,0,592.0,0,592.0,0,592.0,0,0.0,0,0.0,83681137.75269541,0,83681137.75269541,0,0,0
9.5,0,572.82,0,564.5437085759957,0,578.0,0,30.857195195253325,0,0.0,83574030.81102969,0,83574030.81102969,0,0,0
9.5,0,554.0,0,554.0,0,554.0,0,0.0,0,0.9349646830558777,83819782.77765018,0,83819782.77765018,0,0,0
9.5,0,592.0,0,592.0,0,592.0,0,0.0,0,0.0,83677042.23567568,0,83677042.23567568,0,0,0
9.5,0,586.81,0,587.4334097508529,0,592.0,0,16.085088040110428,0,0.0037747406959533,83677103.6493318,0,83677103.6493318,0,0,0
9.5,0,592.0,0,592.0,0,592.0,0,0.0,0,0.0,83702409.41893497,0,83702409.41893497,0,0,0
9.5,0,554.0,0,554.0,0,554.0,0,0.0,0,4.81621663570404,83763329.1160515,0,83763329.1160515,0,0,0
9.5,0,554.0,0,554.0,0,554.0,0,0.0,0,3.2449138712883,83759126.4716982,0,83759126.4716982,0,0,0
9.5,0,554.0,0,554.0,0,554.0,0,0.0,0,0.5975126147270202,83784602.93608414,0,83784602.93608414,0,0,0
9.5,0,545.85,0,547.3377825446397,0,554.0,0,22.82004079070776,0,1.3777816653251649,83707275.13077433,0,83707275.13077433,0,0,0
9.5,0,554.0,0,554.0,0,554.0,0,0.0,0,3.814523618221283,83758961.49165027,0,83758961.49165027,0,0,0
9.5,0,578.0,0,578.0,0,578.0,0,0.0,0,0.0,83647087.64069657,0,83647087.64069657,0,0,0
9.5,0,547.65,0,548.457079039167,0,578.0,0,56.889124310653166,0,0.2082863974571228,83573723.69748399,0,83573723.69748399,0,0,0
9.5,0,592.0,0,592.0,0,592.0,0,0.0,0,0.0,83694124.1581821,0,83694124.1581821,0,0,0
9.5,0,571.25,0,540.5269021142686,0,573.24,0,38.6211844447464,0,0.0200349402427673,83694034.20155075,0,83694034.20155075,0,0,0
9.5,0,586.66,0,589.3537304040129,0,592.0,0,10.276012091573229,0,0.0,83677208.1191903,0,83677208.1191903,0,0,0
9.5,0,515.39,0,528.855482335518,0,554.0,0,35.81723654370609,0,10.67519740343094,83763081.27429293,0,83763081.27429293,0,0,0
9.5,0,592.0,0,592.0,0,592.0,0,0.0,0,0.0,83681445.3570599,0,83681445.3570599,0,0,0
9.5,0,549.06,0,550.6962692683134,0,554.0,0,12.27578425567955,0,1.4615573596954343,83788957.29509428,0,83788957.29509428,0,0,0
9.5,0,592.0,0,592.0,0,592.0,0,0.0,0,0.0,83693887.4620358,0,83693887.4620358,0,0,0
9.5,0,549.06,0,549.0358803794245,0,554.0,0,16.944027912067067,0,7.04383276462555,83767587.41228159,0,83767587.41228159,0,0,0
9.5,0,592.0,0,592.0,0,592.0,0,0.0,0,0.0,83702396.24694608,0,83702396.24694608,0,0,0
9.5,0,554.0,0,554.0,0,554.0,0,0.0,0,2.847133858203888,83789337.35548107,0,83789337.35548107,0,0,0
9.5,0,592.0,0,592.0,0,592.0,0,0.0,0,0.0,83694133.63037185,0,83694133.63037185,0,0,0
9.5,0,566.03,0,584.2890163753086,0,592.0,0,25.31295815426053,0,0.0004658699035644,83677498.6345697,0,83677498.6345697,0,0,0
9.5,0,592.0,0,592.0,0,592.0,0,0.0,0,0.0,83698677.0172341,0,83698677.0172341,0,0,0
9.5,0,578.0,0,578.0,0,578.0,0,0.0,0,0.0,83651095.94191565,0,83651095.94191565,0,0,0
9.5,0,592.0,0,592.0,0,592.0,0,0.0,0,0.0,83677111.93096457,0,83677111.93096457,0,0,0
9.5,0,592.0,0,592.0,0,592.0,0,0.0,0,0.0,100412407.77691568,0,100412407.77691568,0,0,0
9.5,0,571.42,0,564.7545397226613,0,721.36,0,81.43283648522117,0,0.0306455707550048,83573363.61297876,0,83573363.61297876,0,0,0
9.5,0,545.66,0,540.6315657116361,0,550.42,0,23.42632630128869,0,2.184269938468933,83789184.94903041,0,83789184.94903041,0,0,0
9.5,0,554.0,0,554.0,0,554.0,0,0.0,0,2.907190716266632,83767514.81831068,0,83767514.81831068,0,0,0
9.5,0,495.92,0,478.65625486037874,0,515.28,0,33.42102148947717,0,1.5525797486305235,83789287.51876898,0,83789287.51876898,0,0,0
9.5,0,554.0,0,554.0,0,554.0,0,0.0,0,0.8842622089385986,83707182.0070214,0,83707182.0070214,0,0,0
9.5,0,554.0,0,554.0,0,554.0,0,0.0,0,2.660462429523468,83784946.98785415,0,83784946.98785415,0,0,0
9.5,0,547.1,0,550.1042692683134,0,554.0,0,14.18495635214654,0,1.4840021514892578,83784815.01606858,0,83784815.01606858,0,0,0
9.5,0,592.0,0,592.0,0,592.0,0,0.0,0,0.0,83694036.54725295,0,83694036.54725295,0,0,0
9.5,0,572.8,0,572.0317537828528,0,578.0,0,19.65543980658923,0,0.0195612215995788,83573854.60525358,0,83573854.60525358,0,0,0
9.5,0,554.0,0,554.0,0,554.0,0,0.0,0,3.579739921092987,83759012.14205648,0,83759012.14205648,0,0,0
9.5,0,544.45,0,529.9332529409446,0,549.39,0,49.95140944401217,0,0.4368155336380004,83759028.34806181,0,83759028.34806181,0,0,0
9.5,0,578.0,0,578.0,0,578.0,0,0.0,0,0.0,83650865.39437295,0,83650865.39437295,0,0,0
9.5,0,573.2,0,567.9308496457103,0,578.0,0,26.193539949269493,0,0.0,83663588.6000042,0,83663588.6000042,0,0,0
9.5,0,578.0,0,578.0,0,578.0,0,0.0,0,0.0,83650905.90825106,0,83650905.90825106,0,0,0
9.5,0,592.0,0,592.0,0,592.0,0,0.0,0,0.0,83694133.80078624,0,83694133.80078624,0,0,0
9.5,0,582.25,0,584.3532719009577,0,592.0,0,25.194317741749856,0,0.0012069010734558,83702843.18350425,0,83702843.18350425,0,0,0
9.5,0,581.36,0,564.8033833813246,0,586.68,0,55.91084726287247,0,0.0,83676911.62116268,0,83676911.62116268,0,0,0
9.5,0,549.69,0,553.7845,0,554.0,0,0.9393427223330152,0,0.1063404536247253,83784786.22336908,0,83784786.22336908,0,0,0
9.5,0,554.0,0,554.0,0,554.0,0,0.0,0,3.111429786682129,83784675.79990275,0,83784675.79990275,0,0,0
9.5,0,544.44,0,549.2880376156351,0,554.0,0,16.976693091539463,0,3.3721505284309385,83789053.19240208,0,83789053.19240208,0,0,0
9.5,0,578.12,0,578.069343477472,0,579.08,0,0.26369961392251,0,0.0,83574018.8497629,0,83574018.8497629,0,0,0
9.5,0,592.0,0,592.0,0,592.0,0,0.0,0,0.0,83693772.05867282,0,83693772.05867282,0,0,0
9.5,0,554.0,0,554.0,0,554.0,0,0.0,0,1.266178240776062,83789028.72530058,0,83789028.72530058,0,0,0
9.5,0,572.82,0,564.5437085759957,0,578.0,0,30.857195195253325,0,0.0,83573865.45293663,0,83573865.45293663,0,0,0
9.5,0,588.22,0,587.661544095997,0,592.0,0,14.28799278248217,0,0.0,83693880.60661572,0,83693880.60661572,0,0,0
9.5,0,578.0,0,578.0,0,578.0,0,0.0,0,0.0,83646765.34724277,0,83646765.34724277,0,0,0
9.5,0,549.36,0,545.8131546575199,0,554.0,0,23.133104974490124,0,6.085279092788697,83759158.29649678,0,83759158.29649678,0,0,0
9.5,0,544.12,0,552.146522875817,0,554.0,0,5.712892655641379,0,1.473027422428131,83711540.9981708,0,83711540.9981708,0,0,0
9.5,0,554.0,0,554.0,0,554.0,0,0.0,0,4.177846248149872,83759298.72704607,0,83759298.72704607,0,0,0
9.5,0,587.1,0,574.371075679996,0,587.1,0,29.189238698212613,0,0.0089982008934021,83693971.03516082,0,83693971.03516082,0,0,0
9.5,0,581.36,0,577.2673833813245,0,592.0,0,32.917373978320896,0,0.0,83677169.64688005,0,83677169.64688005,0,0,0
9.5,0,539.18,0,544.0438987140311,0,554.0,0,20.828434889564104,0,2.056705451011658,83784934.81984349,0,83784934.81984349,0,0,0
9.5,0,558.66,0,557.9770382308611,0,678.8,0,40.06057081990036,0,0.0687456607818603,83784594.09324947,0,83784594.09324947,0,0,0
9.5,0,592.0,0,592.0,0,592.0,0,0.0,0,0.0,83698405.26129125,0,83698405.26129125,0,0,0
9.5,0,574.59,0,565.73170776914,0,574.59,0,20.313327338960203,0,0.0,83663527.70708829,0,83663527.70708829,0,0,0
9.5,0,582.24,0,582.698388257855,0,592.0,0,25.34657130853165,0,0.0321648001670837,83693790.81255226,0,83693790.81255226,0,0,0
9.5,0,586.68,0,587.3190250239957,0,592.0,0,16.487990052675812,0,0.0,83698679.197784,0,83698679.197784,0,0,0
9.5,0,554.0,0,554.0,0,554.0,0,0.0,0,0.9604414725303648,83784637.18573767,0,83784637.18573767,0,0,0
9.5,0,549.44,0,545.9543071634248,0,554.0,0,22.73425833699892,0,4.888339247703552,83707340.76749523,0,83707340.76749523,0,0,0
9.5,0,578.0,0,578.0,0,578.0,0,0.0,0,0.0,83650863.13855007,0,83650863.13855007,0,0,0
9.5,0,549.06,0,553.753,0,554.0,0,1.0766480390545463,0,2.373485114574432,83784936.64339425,0,83784936.64339425,0,0,0
9.5,0,586.68,0,590.5130032679739,0,592.0,0,6.105544953665202,0,0.0,83681521.1160381,0,83681521.1160381,0,0,0
9.5,0,500.32,0,516.5673337024173,0,554.0,0,36.228598442510176,0,4.952814302444458,83711427.94667974,0,83711427.94667974,0,0,0
9.5,0,586.98,0,591.749,0,592.0,0,1.094083634828709,0,0.0400173687934875,83694116.79747695,0,83694116.79747695,0,0,0
9.5,0,578.0,0,578.0,0,578.0,0,0.0,0,0.0,83663698.11930981,0,83663698.11930981,0,0,0
9.5,0,566.06,0,553.1958475794072,0,592.0,0,82.5499022421282,0,0.0010215210914611,83693755.71842022,0,83693755.71842022,0,0,0
9.5,0,556.76,0,572.2639716373237,0,592.0,0,33.570557794327485,0,0.0051284384727478,83677551.42730312,0,83677551.42730312,0,0,0
9.5,0,578.12,0,578.006,0,578.12,0,0.026153393661244,0,0.0,83574138.5511839,0,83574138.5511839,0,0,0
9.5,0,592.0,0,592.0,0,592.0,0,0.0,0,0.0,83677176.17456193,0,83677176.17456193,0,0,0
9.5,0,578.0,0,578.0,0,578.0,0,0.0,0,0.0,83647094.73939537,0,83647094.73939537,0,0,0
9.5,0,592.0,0,592.0,0,592.0,0,0.0,0,0.0,83676991.09259781,0,83676991.09259781,0,0,0
9.5,0,567.3,0,565.6139650284356,0,592.0,0,52.89700586977593,0,0.0,83677448.82871373,0,83677448.82871373,0,0,0
9.5,0,534.92,0,550.2066221620227,0,554.0,0,8.91189353780336,0,0.0459306764602661,83759300.60505776,0,83759300.60505776,0,0,0
9.5,0,578.0,0,578.0,0,578.0,0,0.0,0,0.0,83573920.82578057,0,83573920.82578057,0,0,0
9.5,0,578.0,0,578.0,0,578.0,0,0.0,0,0.0,83650900.52974948,0,83650900.52974948,0,0,0
9.5,0,562.46,0,573.6348209494324,0,578.0,0,10.648911773794923,0,0.0,83646617.40429465,0,83646617.40429465,0,0,0
9.5,0,592.0,0,592.0,0,592.0,0,0.0,0,0.0,83694164.99204746,0,83694164.99204746,0,0,0
9.5,0,592.0,0,592.0,0,592.0,0,0.0,0,0.0,83693860.29716128,0,83693860.29716128,0,0,0
9.5,0,587.06,0,587.0358803794245,0,592.0,0,16.944027912067067,0,0.0,83681540.67766842,0,83681540.67766842,0,0,0
9.5,0,587.04,0,589.5150720509281,0,592.0,0,9.599429984235645,0,0.0,83693908.87319192,0,83693908.87319192,0,0,0
9.5,0,592.0,0,592.0,0,592.0,0,0.0,0,0.0,83681557.84529167,0,83681557.84529167,0,0,0
9.5,0,558.85,0,557.025598336261,0,578.0,0,59.22354069264806,0,0.0342106795310974,83586062.85661608,0,83586062.85661608,0,0,0
9.5,0,578.0,0,578.0,0,578.0,0,0.0,0,0.0,83646769.7075804,0,83646769.7075804,0,0,0
9.5,0,592.0,0,592.0,0,592.0,0,0.0,0,0.0,83702393.38960442,0,83702393.38960442,0,0,0
9.5,0,550.76,0,550.2813235108545,0,554.0,0,12.246850956413288,0,2.9081218600273133,83763191.17723235,0,83763191.17723235,0,0,0
9.5,0,554.0,0,554.0,0,554.0,0,0.0,0,3.064100594520569,83707381.607272,0,83707381.607272,0,0,0
9.5,0,554.0,0,554.0,0,554.0,0,0.0,0,0.1683435416221618,83784796.82283928,0,83784796.82283928,0,0,0
9.5,0,554.0,0,554.0,0,554.0,0,0.0,0,2.319500787258148,83784624.61976635,0,83784624.61976635,0,0,0
9.5,0,545.39,0,532.0234615519929,0,549.71,0,45.22257988201051,0,2.193483221530914,83763342.56300177,0,83763342.56300177,0,0,0
9.5,0,578.46,0,578.5279602422861,0,584.44,0,1.7387504444290471,0,0.0128065085411071,83581837.50274524,0,83581837.50274524,0,0,0
9.5,0,578.0,0,578.0,0,578.0,0,0.0,0,0.0,83573869.19369861,0,83573869.19369861,0,0,0
9.5,0,554.0,0,554.0,0,554.0,0,0.0,0,0.011266016960144,83711445.07591909,0,83711445.07591909,0,0,0
9.5,0,554.0,0,554.0,0,554.0,0,0.0,0,1.2779868149757383,83789314.02879423,0,83789314.02879423,0,0,0
9.5,0,564.78,0,582.1970695482709,0,592.0,0,29.981466325970835,0,0.0100007700920104,83694030.88679393,0,83694030.88679393,0,0,0
9.5,0,592.0,0,592.0,0,592.0,0,0.0,0,0.0,83698469.69656736,0,83698469.69656736,0,0,0
9.5,0,572.76,0,576.535364121087,0,578.0,0,6.0137322475950485,0,0.0002222394943237,83647403.47924761,0,83647403.47924761,0,0,0
9.5,0,554.0,0,554.0,0,554.0,0,0.0,0,2.543220281600952,83788982.56060074,0,83788982.56060074,0,0,0
9.5,0,544.21,0,531.0681287565634,0,554.0,0,55.81890752153091,0,7.835210409164429,83759173.76576377,0,83759173.76576377,0,0,0
9.5,0,549.39,0,552.7114558393533,0,554.0,0,5.290707187292591,0,3.5127943921089173,83759026.18466197,0,83759026.18466197,0,0,0
9.5,0,592.0,0,592.0,0,592.0,0,0.0,0,0.0,83693943.43812522,0,83693943.43812522,0,0,0
9.5,0,591.98,0,591.9697118735238,0,592.0,0,0.0910514053349578,0,0.0,83677454.77921051,0,83677454.77921051,0,0,0
9.5,0,554.0,0,554.0,0,554.0,0,0.0,0,0.8589192271232605,83788958.44348392,0,83788958.44348392,0,0,0
9.5,0,554.0,0,554.0,0,554.0,0,0.0,0,0.0309029912948608,83784632.68274666,0,83784632.68274666,0,0,0
9.5,0,578.0,0,578.0,0,578.0,0,0.0,0,0.0,83573979.8482046,0,83573979.8482046,0,0,0
9.5,0,563.03,0,568.1260849460566,0,578.0,0,27.327574563763065,0,0.0,83663528.92940223,0,83663528.92940223,0,0,0
9.5,0,592.0,0,592.0,0,592.0,0,0.0,0,0.0,83677064.59269476,0,83677064.59269476,0,0,0
9.5,0,544.33,0,552.7331081871345,0,554.0,0,4.066658243355804,0,0.4629910063743591,83759209.26630633,0,83759209.26630633,0,0,0
9.5,0,592.0,0,592.0,0,592.0,0,0.0,0,0.0,83677362.30958596,0,83677362.30958596,0,0,0
9.5,0,554.0,0,554.0,0,554.0,0,0.0,0,1.098885214328766,83759127.5513815,0,83759127.5513815,0,0,0
9.5,0,592.0,0,592.0,0,592.0,0,0.0,0,0.0,83702745.28781301,0,83702745.28781301,0,0,0
9.5,0,576.91,0,582.1547496270929,0,592.0,0,30.29611314810539,0,0.0912929463386535,83693948.23615423,0,83693948.23615423,0,0,0
9.5,0,586.68,0,589.3691058320765,0,592.0,0,10.220312560173715,0,0.0,83677625.43139298,0,83677625.43139298,0,0,0
9.5,0,1893.83,0,1895.365734293184,0,3017.74,0,1086.8893589584952,0,1.5020804333686828,83581896.92757809,0,83581896.92757809,0,0,0
9.0,0,546.6,0,527.3767265371367,0,546.6,0,44.08170742179047,0,3.658647639934833,77268262.79748783,0,77268262.79748783,0,0,0
9.5,0,568.43,0,571.9230889680925,0,578.0,0,21.68711169124992,0,0.0011292099952697,83663870.52254675,0,83663870.52254675,0,0,0
9.5,0,549.43,0,544.4133297668534,0,554.0,0,24.93843282670033,0,1.4750319457054135,83784854.54086547,0,83784854.54086547,0,0,0
9.5,0,581.5,0,587.4779072596649,0,592.0,0,17.63555560194038,0,0.0,83698548.63357614,0,83698548.63357614,0,0,0
9.5,0,578.0,0,578.0,0,578.0,0,0.0,0,0.0,83646577.51617748,0,83646577.51617748,0,0,0
9.5,0,554.0,0,554.0,0,554.0,0,0.0,0,1.9531861209869383,83767462.43171665,0,83767462.43171665,0,0,0
9.5,0,587.13,0,588.7430832665357,0,592.0,0,12.10183589578126,0,0.0004161095619201,83694079.21939553,0,83694079.21939553,0,0,0
9.5,0,586.68,0,588.4421361351067,0,592.0,0,13.220075352270287,0,0.0,83702781.8440301,0,83702781.8440301,0,0,0
9.5,0,581.34,0,582.5440635088166,0,592.0,0,33.13208933009177,0,0.003128011226654,83677467.00665495,0,83677467.00665495,0,0,0
9.5,0,589.43,0,589.7387019382836,0,592.0,0,7.965062863792639,0,0.0100364685058593,83693833.4282386,0,83693833.4282386,0,0,0
9.5,0,110.75,0,106.19072123155482,0,223.51,0,55.01660527641001,0,35.437420058250424,83698485.76954451,0,83698485.76954451,0,0,0
9.5,0,554.0,0,554.0,0,554.0,0,0.0,0,3.329498720169068,83759032.06388277,0,83759032.06388277,0,0,0
9.5,0,587.42,0,556.4198649529005,0,610.44,0,63.48886961332752,0,0.0019150424003601,83676943.36685762,0,83676943.36685762,0,0,0
9.5,0,572.82,0,571.1913752426623,0,578.0,0,21.510313981754088,0,0.0186427497863769,83573914.50067353,0,83573914.50067353,0,0,0
9.5,0,549.06,0,547.5068327603768,0,554.0,0,20.51369711773459,0,1.3100281262397766,83767499.99788114,0,83767499.99788114,0,0,0
9.5,0,568.06,0,584.3185227945429,0,592.0,0,15.104742245806069,0,0.0196011185646057,83681067.580478,0,83681067.580478,0,0,0
9.5,0,549.67,0,550.1901087131394,0,554.0,0,13.419736264677873,0,3.9655945348739614,83784601.96763435,0,83784601.96763435,0,0,0
9.5,0,592.0,0,592.0,0,592.0,0,0.0,0,0.0,83677354.21319616,0,83677354.21319616,0,0,0
9.5,0,554.0,0,554.0,0,554.0,0,0.0,0,2.301942539215088,83759300.00539628,0,83759300.00539628,0,0,0
9.5,0,592.0,0,592.0,0,592.0,0,0.0,0,0.0,83677209.68561,0,83677209.68561,0,0,0
9.5,0,470.13,0,465.1907334569885,0,497.7,0,22.47527375835833,0,1.57584890127182,83759238.42255181,0,83759238.42255181,0,0,0
9.5,0,592.0,0,592.0,0,592.0,0,0.0,0,0.0,83676896.92367047,0,83676896.92367047,0,0,0
9.5,0,592.0,0,592.0,0,592.0,0,0.0,0,0.0,83702396.25210184,0,83702396.25210184,0,0,0
9.5,0,576.63,0,564.278574803035,0,592.0,0,40.4879297892832,0,0.0235733699798584,83698405.59842847,0,83698405.59842847,0,0,0
9.5,0,586.68,0,572.8600250239956,0,586.68,0,31.691173443773685,0,0.0,83694126.9730899,0,83694126.9730899,0,0,0
9.5,0,520.65,0,540.0891962170095,0,578.96,0,82.73589718728303,0,0.1076676535606384,83586206.58429588,0,83586206.58429588,0,0,0
9.5,0,592.0,0,592.0,0,592.0,0,0.0,0,0.0,83693849.40898174,0,83693849.40898174,0,0,0
9.5,0,586.68,0,589.7783366013072,0,592.0,0,8.802695591517342,0,0.0,83702790.27720954,0,83702790.27720954,0,0,0
9.5,0,530.34,0,545.1404611651678,0,554.0,0,29.731878725610407,0,0.8702821707725525,83789313.6975764,0,83789313.6975764,0,0,0
9.5,0,554.0,0,554.0,0,554.0,0,0.0,0,0.4722273802757263,83784790.82680221,0,83784790.82680221,0,0,0
9.5,0,138.32,0,109.15264155839004,0,436.86,0,109.86456113028908,0,11.228938620090483,83586113.80780402,0,83586113.80780402,0,0,0
9.5,0,525.78,0,515.3841088361243,0,592.0,0,87.96400816225508,0,0.0,83702666.49344312,0,83702666.49344312,0,0,0
9.5,0,592.0,0,592.0,0,592.0,0,0.0,0,0.0,83677642.94246101,0,83677642.94246101,0,0,0
9.5,0,582.67,0,563.5430889988494,0,583.56,0,33.389737268000815,0,0.021013867855072,83676908.9568814,0,83676908.9568814,0,0,0
9.5,0,576.02,0,570.5604318561556,0,592.0,0,58.86042345961342,0,0.0,83677161.93894996,0,83677161.93894996,0,0,0
9.5,0,540.96,0,536.0271891565607,0,626.6,0,60.24870068815308,0,3.613448400497437,83789253.891629,0,83789253.891629,0,0,0
9.5,0,586.68,0,590.8455032679739,0,592.0,0,4.817777991051235,0,0.0,83677354.45124465,0,83677354.45124465,0,0,0
9.5,0,544.12,0,552.7115555555555,0,554.0,0,4.129610925468181,0,5.943143103122711,83759243.81621097,0,83759243.81621097,0,0,0
9.5,0,578.0,0,578.0,0,578.0,0,0.0,0,0.0,83586221.82163984,0,83586221.82163984,0,0,0
9.5,0,586.91,0,590.2379573873409,0,592.0,0,7.111252496958802,0,0.0,83677172.16066906,0,83677172.16066906,0,0,0
9.5,0,554.0,0,554.0,0,554.0,0,0.0,0,2.206131658554077,83763115.20940895,0,83763115.20940895,0,0,0
9.5,0,592.0,0,592.0,0,592.0,0,0.0,0,0.0,83681349.39962398,0,83681349.39962398,0,0,0
9.5,0,554.0,0,554.0,0,554.0,0,0.0,0,1.721754322052002,83762974.4056656,0,83762974.4056656,0,0,0
9.5,0,592.0,0,592.0,0,592.0,0,0.0,0,0.0,83698679.30155241,0,83698679.30155241,0,0,0
9.5,0,578.0,0,578.0,0,578.0,0,0.0,0,0.0,83651089.23887716,0,83651089.23887716,0,0,0
9.5,0,578.0,0,578.0,0,578.0,0,0.0,0,0.0,83646763.87588915,0,83646763.87588915,0,0,0
9.5,0,592.0,0,592.0,0,592.0,0,0.0,0,0.0,83677279.87044077,0,83677279.87044077,0,0,0
9.5,0,549.04,0,553.2153918128655,0,554.0,0,3.324704115495801,0,1.6200033402442933,83784891.87638564,0,83784891.87638564,0,0,0
9.5,0,554.0,0,554.0,0,554.0,0,0.0,0,0.2011537718772888,83784775.10245493,0,83784775.10245493,0,0,0
9.5,0,559.1,0,555.9740740153379,0,578.0,0,52.732689495519054,0,0.0697650599479675,83585930.598103,0,83585930.598103,0,0,0
9.5,0,554.0,0,554.0,0,554.0,0,0.0,0,1.3315126991271973,83759390.06788541,0,83759390.06788541,0,0,0
9.5,0,592.0,0,592.0,0,592.0,0,0.0,0,0.0,83698671.89912483,0,83698671.89912483,0,0,0
9.5,0,528.96,0,503.6142133069029,0,544.64,0,86.86203404262767,0,1.8210420179367064,83784889.60048997,0,83784889.60048997,0,0,0
9.5,0,592.0,0,592.0,0,592.0,0,0.0,0,0.0,83698472.48859373,0,83698472.48859373,0,0,0
9.5,0,549.91,0,553.3530146198831,0,554.0,0,2.741540288785852,0,1.0012309765815737,83711432.63908169,0,83711432.63908169,0,0,0
9.5,0,554.0,0,554.0,0,554.0,0,0.0,0,0.060727801322937,83784552.57839769,0,83784552.57839769,0,0,0
9.5,0,581.56,0,587.176513064335,0,592.0,0,18.763809047304026,0,0.0,83693755.62458956,0,83693755.62458956,0,0,0
9.5,0,586.74,0,591.1679356725147,0,592.0,0,3.525795090223369,0,0.0006665205955505,83681501.29256377,0,83681501.29256377,0,0,0
9.5,0,586.68,0,585.0073583573289,0,592.0,0,22.0916738190988,0,0.0,83698663.1571333,0,83698663.1571333,0,0,0
9.5,0,578.0,0,578.0,0,578.0,0,0.0,0,0.0,83573868.26960458,0,83573868.26960458,0,0,0
9.5,0,592.0,0,592.0,0,592.0,0,0.0,0,0.0,83681319.63238503,0,83681319.63238503,0,0,0
9.5,0,569.34,0,556.6883840929452,0,572.82,0,33.17643669558934,0,0.0999635004997253,83651193.08257699,0,83651193.08257699,0,0,0
9.5,0,592.0,0,592.0,0,592.0,0,0.0,0,0.0,83676898.91155984,0,83676898.91155984,0,0,0
9.5,0,592.0,0,592.0,0,592.0,0,0.0,0,0.0,83676866.03918885,0,83676866.03918885,0,0,0
9.5,0,554.0,0,554.0,0,554.0,0,0.0,0,2.389546043872833,83789359.30013527,0,83789359.30013527,0,0,0
9.5,0,592.0,0,592.0,0,592.0,0,0.0,0,0.0,83702643.40301424,0,83702643.40301424,0,0,0
9.5,0,581.73,0,575.1203803878011,0,592.0,0,33.26177633392574,0,0.0012613677978515,83677070.85377148,0,83677070.85377148,0,0,0
9.5,0,572.82,0,574.5357641315512,0,578.0,0,12.872178632473702,0,0.0,83586825.78863741,0,83586825.78863741,0,0,0
9.5,0,554.0,0,554.0,0,554.0,0,0.0,0,2.3934193801879884,83789114.65578207,0,83789114.65578207,0,0,0
9.5,0,578.0,0,578.0,0,578.0,0,0.0,0,0.0,83650902.2989001,0,83650902.2989001,0,0,0
9.5,0,549.04,0,551.5471362644923,0,554.0,0,9.528712462116848,0,2.0075013852119445,83789338.20710848,0,83789338.20710848,0,0,0
9.5,0,568.41,0,575.9309633212933,0,578.0,0,8.600176033163127,0,0.0,83646489.0744014,0,83646489.0744014,0,0,0
9.5,0,539.24,0,550.781040247678,0,554.0,0,8.158543914713025,0,2.556661567687988,83711496.3892815,0,83711496.3892815,0,0,0
9.5,0,554.0,0,554.0,0,554.0,0,0.0,0,2.9077515244483947,83763028.94738305,0,83763028.94738305,0,0,0
9.5,0,592.0,0,592.0,0,592.0,0,0.0,0,0.0,83698668.62962553,0,83698668.62962553,0,0,0
9.5,0,567.4,0,586.6651553147574,0,592.0,0,11.008873818811868,0,0.0,83694028.13281174,0,83694028.13281174,0,0,0
9.5,0,572.8,0,576.8715445476437,0,578.0,0,4.709106307042561,0,0.0001158881187438,83647025.83527,0,83647025.83527,0,0,0
9.5,0,578.0,0,578.0,0,578.0,0,0.0,0,0.0,83647247.04079708,0,83647247.04079708,0,0,0
9.5,0,554.0,0,554.0,0,554.0,0,0.0,0,0.0314458107948303,83784562.98514253,0,83784562.98514253,0,0,0
9.5,0,586.68,0,580.8400250239956,0,592.0,0,29.031173443773685,0,0.0,83677263.24933183,0,83677263.24933183,0,0,0
9.5,0,544.12,0,549.4940536881419,0,554.0,0,12.500184074297636,0,0.9269159078598024,83784870.06187196,0,83784870.06187196,0,0,0
9.5,0,592.0,0,592.0,0,592.0,0,0.0,0,0.0,83698543.83221996,0,83698543.83221996,0,0,0
9.5,0,578.0,0,578.0,0,578.0,0,0.0,0,0.0,83647401.76483257,0,83647401.76483257,0,0,0
9.5,0,592.0,0,592.0,0,592.0,0,0.0,0,0.0,83693940.6276054,0,83693940.6276054,0,0,0
9.5,0,450.78,0,425.31911723750966,0,527.2,0,73.97903283774522,0,0.0117657208442688,83647251.33420834,0,83647251.33420834,0,0,0
9.5,0,544.28,0,550.7213135327006,0,554.0,0,12.718894338097032,0,1.7069138717651366,83789006.21550792,0,83789006.21550792,0,0,0
9.5,0,549.06,0,552.6192173202614,0,554.0,0,5.669434599831972,0,1.1875688743591308,83784705.29405066,0,83784705.29405066,0,0,0
9.5,0,550.76,0,549.7413235108545,0,554.0,0,13.454327664263174,0,2.1549325680732725,83784889.17545924,0,83784889.17545924,0,0,0
9.5,0,592.0,0,592.0,0,592.0,0,0.0,0,0.0,83677370.72451654,0,83677370.72451654,0,0,0
9.5,0,554.0,0,554.0,0,554.0,0,0.0,0,3.286970539093017,83789313.47579186,0,83789313.47579186,0,0,0
9.5,0,540.71,0,552.630529239766,0,554.0,0,4.031963147272888,0,3.683174388408661,83767548.12906855,0,83767548.12906855,0,0,0
9.5,0,572.82,0,567.1337085759957,0,578.0,0,28.26719519525333,0,0.0,83586770.3507241,0,83586770.3507241,0,0,0
9.5,0,586.68,0,580.8400250239956,0,592.0,0,29.031173443773685,0,0.0,83693703.4861746,0,83693703.4861746,0,0,0
9.5,0,578.0,0,578.0,0,578.0,0,0.0,0,0.0,83663545.20405513,0,83663545.20405513,0,0,0
9.5,0,554.0,0,554.0,0,554.0,0,0.0,0,0.564834189414978,83711450.44943024,0,83711450.44943024,0,0,0
9.5,0,592.0,0,592.0,0,592.0,0,0.0,0,0.0,83698584.03391977,0,83698584.03391977,0,0,0
9.5,0,554.0,0,554.0,0,554.0,0,0.0,0,4.880113453865051,83767469.68140239,0,83767469.68140239,0,0,0
9.5,0,592.0,0,592.0,0,592.0,0,0.0,0,0.0,83677484.15921104,0,83677484.15921104,0,0,0
9.5,0,588.03,0,590.8903426642587,0,592.0,0,4.556205538731363,0,0.0,83676864.34913428,0,83676864.34913428,0,0,0
9.5,0,554.0,0,554.0,0,554.0,0,0.0,0,2.177313756942749,83788999.5399698,0,83788999.5399698,0,0,0
9.5,0,570.76,0,578.0213626854742,0,797.02,0,69.06765881782867,0,4.305851628780365,83789255.15122283,0,83789255.15122283,0,0,0
9.5,0,554.0,0,554.0,0,554.0,0,0.0,0,0.7099217414855957,83784937.45068128,0,83784937.45068128,0,0,0
9.5,0,578.0,0,578.0,0,578.0,0,0.0,0,0.0,83663530.95382978,0,83663530.95382978,0,0,0
9.5,0,592.0,0,592.0,0,592.0,0,0.0,0,0.0,83694186.53066078,0,83694186.53066078,0,0,0
9.5,0,592.0,0,592.0,0,592.0,0,0.0,0,0.0,83694179.9333582,0,83694179.9333582,0,0,0
9.5,0,591.98,0,591.9770452068572,0,592.0,0,0.0755978454099585,0,0.0,83698595.48783666,0,83698595.48783666,0,0,0
9.5,0,578.0,0,578.0,0,578.0,0,0.0,0,0.0,83581518.05270538,0,83581518.05270538,0,0,0
9.5,0,592.0,0,592.0,0,592.0,0,0.0,0,0.0,83693708.24055663,0,83693708.24055663,0,0,0
9.5,0,572.82,0,577.1805906432749,0,578.0,0,3.472170830296018,0,0.0,83647296.83134902,0,83647296.83134902,0,0,0
9.5,0,552.81,0,546.590146689353,0,592.0,0,77.40729571621979,0,0.445316686630249,83702445.74738266,0,83702445.74738266,0,0,0
9.5,0,581.3,0,584.312145986023,0,592.0,0,19.69594720339659,0,0.0009720993041992,83693755.46219286,0,83693755.46219286,0,0,0
9.5,0,562.65,0,561.4484533415501,0,586.78,0,68.61064380211693,0,0.0,83681061.63002333,0,83681061.63002333,0,0,0
9.5,0,554.0,0,554.0,0,554.0,0,0.0,0,2.359431583881378,83707366.6316565,0,83707366.6316565,0,0,0
9.5,0,578.0,0,578.0,0,578.0,0,0.0,0,0.0,83663579.88966008,0,83663579.88966008,0,0,0
9.5,0,567.64,0,560.3250838186582,0,578.0,0,49.77750917700742,0,0.0,83573872.67891897,0,83573872.67891897,0,0,0
9.5,0,572.76,0,571.1125108632338,0,578.0,0,21.75946819775896,0,0.0109821486473083,83646758.17658186,0,83646758.17658186,0,0,0
9.5,0,549.06,0,549.6533803794244,0,554.0,0,15.31027647748468,0,5.91481609582901,83767409.54926184,0,83767409.54926184,0,0,0
9.5,0,583.0,0,585.8981037325678,0,592.0,0,19.549279703075047,0,0.0093663525581359,83676863.81884947,0,83676863.81884947,0,0,0
9.5,0,554.0,0,554.0,0,554.0,0,0.0,0,1.0872357058525086,83707377.87210684,0,83707377.87210684,0,0,0
9.5,0,592.0,0,592.0,0,592.0,0,0.0,0,0.0,83677453.8173113,0,83677453.8173113,0,0,0
9.5,0,583.93,0,580.3528957287552,0,592.0,0,34.7066879727839,0,0.0026258015632629,83677272.09249157,0,83677272.09249157,0,0,0
9.5,0,578.0,0,578.0,0,578.0,0,0.0,0,0.0,83650915.62110978,0,83650915.62110978,0,0,0
9.5,0,568.63,0,574.8710739461776,0,578.0,0,11.386917403253769,0,0.0128871059417724,83663888.56096525,0,83663888.56096525,0,0,0
9.5,0,550.7,0,551.0963877028544,0,554.0,0,10.227512626659808,0,0.8458349823951721,83784549.27468778,0,83784549.27468778,0,0,0
9.5,0,554.0,0,554.0,0,554.0,0,0.0,0,5.193905746936798,83759299.40638234,0,83759299.40638234,0,0,0
9.5,0,554.0,0,554.0,0,554.0,0,0.0,0,0.1642761421203613,83707372.28199022,0,83707372.28199022,0,0,0
9.5,0,592.0,0,592.0,0,592.0,0,0.0,0,0.0,83676904.87822863,0,83676904.87822863,0,0,0
9.5,0,592.0,0,592.0,0,592.0,0,0.0,0,0.0,83677472.8984163,0,83677472.8984163,0,0,0
9.5,0,578.0,0,578.0,0,578.0,0,0.0,0,0.0,83663585.57549468,0,83663585.57549468,0,0,0
9.5,0,554.0,0,554.0,0,554.0,0,0.0,0,5.880668876171112,83759114.08647984,0,83759114.08647984,0,0,0
9.5,0,550.56,0,553.2395602392104,0,556.52,0,5.758142783652635,0,0.4783580327033996,83707320.19504943,0,83707320.19504943,0,0,0
9.5,0,554.28,0,554.0607629858962,0,555.12,0,0.2535672626869071,0,1.206294798851013,83789026.08797875,0,83789026.08797875,0,0,0
9.5,0,535.84,0,539.3417100006976,0,554.0,0,37.28685062537505,0,3.576394007205963,83758948.07942162,0,83758948.07942162,0,0,0
9.5,0,456.04,0,457.2606198251783,0,665.02,0,113.71071578396864,0,2.9547456026077272,83646697.3086271,0,83646697.3086271,0,0,0
8.857142857142858,0,554.0,0,554.0,0,554.0,0,0.0,0,3.499586929593768,47879411.68088869,0,47879411.68088869,0,0,0
9.5,0,572.82,0,572.7947085759956,0,578.0,0,17.767219551519716,0,0.0,83581973.80083184,0,83581973.80083184,0,0,0
9.5,0,592.0,0,592.0,0,592.0,0,0.0,0,0.0,83693809.5647859,0,83693809.5647859,0,0,0
9.5,0,554.0,0,554.0,0,554.0,0,0.0,0,0.112515218257904,83707376.57184406,0,83707376.57184406,0,0,0
9.5,0,554.0,0,554.0,0,554.0,0,0.0,0,0.8576743221282959,83767550.67847863,0,83767550.67847863,0,0,0
9.5,0,554.0,0,554.0,0,554.0,0,0.0,0,1.0730210733413696,83762992.8602181,0,83762992.8602181,0,0,0
9.5,0,535.89,0,529.7530253574685,0,554.0,0,53.99444751685982,0,0.6397415661811828,83789185.9212523,0,83789185.9212523,0,0,0
9.5,0,535.94,0,551.4099657760111,0,586.68,0,73.55480074411287,0,0.1055986595153808,83677328.46707343,0,83677328.46707343,0,0,0
9.5,0,592.0,0,592.0,0,592.0,0,0.0,0,0.0,83693994.06564786,0,83693994.06564786,0,0,0
9.5,0,549.06,0,551.557026844071,0,554.0,0,9.490290234447022,0,3.926486580371857,83707232.99057707,0,83707232.99057707,0,0,0
9.5,0,539.48,0,522.734153511607,0,554.0,0,40.06997942553183,0,3.181630029678345,83784938.62227221,0,83784938.62227221,0,0,0
9.5,0,550.55,0,550.9644053257114,0,554.0,0,10.692399564235254,0,0.7025833582878113,83784776.82516398,0,83784776.82516398,0,0,0
9.5,0,554.0,0,554.0,0,554.0,0,0.0,0,2.521192901134491,83784889.63416678,0,83784889.63416678,0,0,0
9.5,0,540.88,0,544.3714901078453,0,662.81,0,72.61064560426973,0,8.39662663936615,83784568.25561687,0,83784568.25561687,0,0,0
9.5,0,587.17,0,590.649963493292,0,592.0,0,5.543192128985513,0,0.0,83693838.41315201,0,83693838.41315201,0,0,0
9.5,0,664.64,0,654.3826960834144,0,1228.4,0,200.5680487778692,0,4.884255559444427,83711426.3440619,0,83711426.3440619,0,0,0
9.5,0,554.0,0,554.0,0,554.0,0,0.0,0,0.2083878445625305,83784853.72188222,0,83784853.72188222,0,0,0
9.5,0,549.06,0,552.6192173202614,0,554.0,0,5.669434599831972,0,6.292735898494721,83758969.99791497,0,83758969.99791497,0,0,0
9.5,0,578.0,0,578.0,0,578.0,0,0.0,0,0.0,83650816.78406835,0,83650816.78406835,0,0,0
9.5,0,576.69,0,582.871113646888,0,592.0,0,26.0118249608757,0,0.0201546311378479,83676859.90482248,0,83676859.90482248,0,0,0
9.5,0,554.0,0,554.0,0,554.0,0,0.0,0,1.575585377216339,83759023.1185664,0,83759023.1185664,0,0,0
9.5,0,554.0,0,554.0,0,554.0,0,0.0,0,0.3244197368621826,83784932.86066152,0,83784932.86066152,0,0,0
9.5,0,592.0,0,592.0,0,592.0,0,0.0,0,0.0,83677117.2581858,0,83677117.2581858,0,0,0
9.5,0,592.0,0,592.0,0,592.0,0,0.0,0,0.0,83677050.1021756,0,83677050.1021756,0,0,0
9.5,0,592.0,0,592.0,0,592.0,0,0.0,0,0.0,83677004.33073029,0,83677004.33073029,0,0,0
9.5,0,549.04,0,547.4805446339008,0,554.0,0,20.59674852306956,0,1.409544711112976,83784602.10153674,0,83784602.10153674,0,0,0
9.5,0,526.76,0,516.7572247862216,0,542.4,0,37.30974691866248,0,2.239893066883087,83763042.43686995,0,83763042.43686995,0,0,0
9.5,0,534.61,0,554.2107693302569,0,698.0,0,71.68076722420308,0,0.18622474193573,83759171.28795101,0,83759171.28795101,0,0,0
9.5,0,554.0,0,554.0,0,554.0,0,0.0,0,1.7598068952560424,83784787.20359798,0,83784787.20359798,0,0,0
9.5,0,572.82,0,577.4683684210527,0,578.0,0,2.285632655812713,0,0.0,83646491.75397184,0,83646491.75397184,0,0,0
9.5,0,577.64,0,579.9410133574715,0,592.0,0,25.267457178245124,0,0.0013243603706359,83702636.83089218,0,83702636.83089218,0,0,0
9.5,0,554.0,0,554.0,0,554.0,0,0.0,0,2.421486096382141,83789046.48209208,0,83789046.48209208,0,0,0
9.5,0,586.86,0,587.4774038765672,0,592.0,0,15.930125727585276,0,0.0264421987533569,83693728.52669737,0,83693728.52669737,0,0,0
9.5,0,592.0,0,592.0,0,592.0,0,0.0,0,0.0,83677005.79278481,0,83677005.79278481,0,0,0
9.5,0,572.82,0,574.5357641315512,0,578.0,0,12.872178632473702,0,0.0,83573870.69134957,0,83573870.69134957,0,0,0
9.5,0,583.16,0,586.4171517050202,0,592.0,0,14.996457870964978,0,0.0,83694131.72307736,0,83694131.72307736,0,0,0
9.5,0,544.12,0,542.4291929377812,0,554.0,0,35.484413971558816,0,5.805947327613831,83762960.91739422,0,83762960.91739422,0,0,0
9.5,0,554.0,0,554.0,0,554.0,0,0.0,0,3.630460169315338,83784862.47984098,0,83784862.47984098,0,0,0
9.5,0,554.0,0,554.0,0,554.0,0,0.0,0,1.72345406293869,83789351.97512488,0,83789351.97512488,0,0,0
9.5,0,592.0,0,592.0,0,592.0,0,0.0,0,0.0,83677011.51416369,0,83677011.51416369,0,0,0
9.5,0,567.93,0,576.3808790849673,0,578.0,0,6.820805553663471,0,0.0,83586811.50919665,0,83586811.50919665,0,0,0
9.5,0,578.0,0,578.0,0,578.0,0,0.0,0,0.0,83586171.54553883,0,83586171.54553883,0,0,0
9.5,0,592.0,0,592.0,0,592.0,0,0.0,0,0.0,83677274.78300986,0,83677274.78300986,0,0,0
9.5,0,578.0,0,578.0,0,578.0,0,0.0,0,0.0,83574173.3170776,0,83574173.3170776,0,0,0
9.5,0,554.0,0,554.0,0,554.0,0,0.0,0,2.2811823153495787,83759080.41874276,0,83759080.41874276,0,0,0
9.5,0,578.0,0,578.0,0,578.0,0,0.0,0,0.0,83574130.69818968,0,83574130.69818968,0,0,0
9.5,0,571.96,0,574.2230651692648,0,678.76,0,37.090587989456,0,0.0320634078979492,83663527.33523384,0,83663527.33523384,0,0,0
9.5,0,554.0,0,554.0,0,554.0,0,0.0,0,1.5280866384506226,83763022.81439121,0,83763022.81439121,0,0,0
9.5,0,576.86,0,584.3400508383944,0,592.0,0,20.55491053946683,0,0.0,83693973.04831302,0,83693973.04831302,0,0,0
9.5,0,586.68,0,591.734,0,592.0,0,1.159467118981819,0,0.0,83702390.46525851,0,83702390.46525851,0,0,0
9.5,0,572.82,0,568.8603752426624,0,578.0,0,25.825319777555784,0,0.0,83585929.86160135,0,83585929.86160135,0,0,0
9.5,0,540.0,0,551.3010663914688,0,554.0,0,8.496331362547691,0,4.317490045229594,83789291.38233978,0,83789291.38233978,0,0,0
9.5,0,561.92,0,548.2641801316158,0,581.56,0,64.3472529370422,0,0.0096144604682922,83693747.06903921,0,83693747.06903921,0,0,0
9.5,0,592.0,0,592.0,0,592.0,0,0.0,0,0.0,83698580.3952759,0,83698580.3952759,0,0,0
9.5,0,578.0,0,578.0,0,578.0,0,0.0,0,0.0,83573707.27002314,0,83573707.27002314,0,0,0
9.5,0,554.0,0,554.0,0,554.0,0,0.0,0,0.1225814938545227,83711507.57071452,0,83711507.57071452,0,0,0
9.5,0,549.44,0,548.7663071634248,0,554.0,0,17.236308753470553,0,8.418588707447052,83763379.4005085,0,83763379.4005085,0,0,0
9.5,0,554.0,0,554.0,0,554.0,0,0.0,0,1.467182819843292,83789025.36829743,0,83789025.36829743,0,0,0
9.5,0,578.0,0,578.0,0,578.0,0,0.0,0,0.0,83581807.23983964,0,83581807.23983964,0,0,0
9.5,0,554.0,0,554.0,0,554.0,0,0.0,0,0.0739538121223449,83767583.32539965,0,83767583.32539965,0,0,0
9.5,0,554.0,0,554.0,0,554.0,0,0.0,0,0.5684046602249145,83784861.22563739,0,83784861.22563739,0,0,0
9.5,0,552.81,0,548.9000643244784,0,578.0,0,65.9621667656787,0,0.0092825984954833,83647393.14033714,0,83647393.14033714,0,0,0
9.5,0,554.0,0,554.0,0,554.0,0,0.0,0,0.7569437289237976,83711453.37098086,0,83711453.37098086,0,0,0
9.5,0,573.0,0,577.2090643274854,0,578.0,0,3.351516245459477,0,0.0,83574177.4000839,0,83574177.4000839,0,0,0
9.5,0,554.0,0,554.0,0,554.0,0,0.0,0,2.210204520225525,83707339.59868334,0,83707339.59868334,0,0,0
9.5,0,578.0,0,578.0,0,578.0,0,0.0,0,0.0,83573848.74773063,0,83573848.74773063,0,0,0
9.5,0,572.82,0,572.7947085759956,0,578.0,0,17.767219551519716,0,0.0,83663867.58618079,0,83663867.58618079,0,0,0
9.5,0,554.0,0,554.0,0,554.0,0,0.0,0,2.1044843196868896,83711445.86755915,0,83711445.86755915,0,0,0
8.115384615384615,0,554.0,0,554.0,0,554.0,0,0.0,0,3.2692234699542704,64393425.36189453,0,64393425.36189453,0,0,0
9.5,0,554.0,0,554.0,0,554.0,0,0.0,0,2.8222609615325926,83784831.54159613,0,83784831.54159613,0,0,0
9.5,0,592.0,0,592.0,0,592.0,0,0.0,0,0.0,83677010.41275181,0,83677010.41275181,0,0,0
9.5,0,592.0,0,592.0,0,592.0,0,0.0,0,0.0,83702652.2764435,0,83702652.2764435,0,0,0
9.5,0,534.28,0,559.0867873580238,0,592.0,0,42.472026221618655,0,0.000137619972229,83693858.17252778,0,83693858.17252778,0,0,0
9.5,0,554.0,0,554.0,0,554.0,0,0.0,0,1.0538492703437805,83784861.26003018,0,83784861.26003018,0,0,0
9.5,0,556.1,0,583.9451320968763,0,592.0,0,15.416384228166578,0,0.0006899905204772,83676895.72838432,0,83676895.72838432,0,0,0
9.5,0,587.06,0,591.2185555555556,0,592.0,0,3.311298050513962,0,0.0,83677258.43562481,0,83677258.43562481,0,0,0
9.5,0,554.0,0,554.0,0,554.0,0,0.0,0,0.9422602081298828,83789294.87260471,0,83789294.87260471,0,0,0
9.5,0,554.0,0,554.0,0,554.0,0,0.0,0,1.9400703263282777,83759305.22361018,0,83759305.22361018,0,0,0
9.5,0,562.46,0,550.8567570411185,0,572.82,0,54.081799677247474,0,0.0,83646761.73159921,0,83646761.73159921,0,0,0
9.5,0,589.52,0,589.8178913645694,0,592.0,0,7.686130701247371,0,0.0315859794616699,83693743.5051762,0,83693743.5051762,0,0,0
9.5,0,581.74,0,590.0864117647059,0,592.0,0,5.891535691118451,0,0.0,83677426.62044615,0,83677426.62044615,0,0,0
9.5,0,558.82,0,557.9373735780043,0,578.0,0,40.18827068681942,0,0.0,83663884.33041185,0,83663884.33041185,0,0,0
9.5,0,554.0,0,554.0,0,554.0,0,0.0,0,5.024852550029754,83763072.51685907,0,83763072.51685907,0,0,0
9.5,0,568.42,0,578.3434881034858,0,592.0,0,22.33896622665533,0,0.0,83698595.38084394,0,83698595.38084394,0,0,0
9.5,0,555.26,0,581.8118983136746,0,592.0,0,26.97387025793973,0,0.0009112906455993,83698552.06401306,0,83698552.06401306,0,0,0
9.5,0,578.0,0,578.0,0,578.0,0,0.0,0,0.0,83651090.52556607,0,83651090.52556607,0,0,0
9.5,0,567.5,0,571.444982509922,0,592.0,0,53.27300235729538,0,0.0179154205322265,83681253.32807598,0,83681253.32807598,0,0,0
9.5,0,554.0,0,554.0,0,554.0,0,0.0,0,0.0351770997047424,83784712.95674844,0,83784712.95674844,0,0,0
9.5,0,567.78,0,554.0411007039916,0,578.0,0,38.3782347945006,0,0.031326789855957,83651184.95165168,0,83651184.95165168,0,0,0
9.5,0,551.9,0,553.5442776057793,0,554.0,0,1.901754470151804,0,6.535011126995086,83767611.67372304,0,83767611.67372304,0,0,0
9.5,0,554.0,0,554.0,0,554.0,0,0.0,0,1.9128589129447937,83789048.39219594,0,83789048.39219594,0,0,0
9.5,0,592.0,0,592.0,0,592.0,0,0.0,0,0.0,83676886.587153,0,83676886.587153,0,0,0
9.5,0,543.83,0,536.2934502843647,0,574.08,0,82.9647484703275,0,0.0920119142532348,83663620.08442143,0,83663620.08442143,0,0,0
9.5,0,578.0,0,578.0,0,578.0,0,0.0,0,0.0,83651071.25224169,0,83651071.25224169,0,0,0
9.5,0,557.29,0,567.760392978066,0,592.0,0,60.04766625303741,0,0.0502580380439758,83681446.8607852,0,83681446.8607852,0,0,0
9.5,0,549.69,0,551.8685801007987,0,554.0,0,8.279990062847503,0,0.4328415441513061,83784954.67483217,0,83784954.67483217,0,0,0
9.5,0,549.06,0,536.2271660937101,0,549.06,0,29.42751819778985,0,3.4728149509429933,83707183.58557785,0,83707183.58557785,0,0,0
9.5,0,554.0,0,554.0,0,554.0,0,0.0,0,3.8876483726501454,83707312.72727598,0,83707312.72727598,0,0,0
9.5,0,581.32,0,577.7002212697863,0,592.0,0,33.259843566290286,0,0.0,83702666.38995036,0,83702666.38995036,0,0,0
9.5,0,554.0,0,554.0,0,554.0,0,0.0,0,0.7089609622955322,83784709.0964781,0,83784709.0964781,0,0,0
9.5,0,545.66,0,542.0498512594218,0,554.0,0,25.623726643947137,0,0.877943708896637,83767452.9331444,0,83767452.9331444,0,0,0
9.5,0,562.97,0,533.8359729531304,0,568.15,0,65.6465366257389,0,0.0067050099372863,83586823.03757322,0,83586823.03757322,0,0,0
9.5,0,591.98,0,591.948045206857,0,592.0,0,0.1191397497886228,0,0.0,83677051.67247285,0,83677051.67247285,0,0,0
9.5,0,592.0,0,592.0,0,592.0,0,0.0,0,0.0,83698416.63449542,0,83698416.63449542,0,0,0
9.5,0,582.84,0,584.0657761691353,0,592.0,0,20.85006687710001,0,0.0586236715316772,83677327.67649283,0,83677327.67649283,0,0,0
9.5,0,554.0,0,554.0,0,554.0,0,0.0,0,1.2344267988204956,83784912.4898448,0,83784912.4898448,0,0,0
9.5,0,563.98,0,573.0635938252494,0,578.0,0,15.475024423920653,0,3.355264663696289e-05,83663884.9329673,0,83663884.9329673,0,0,0
9.5,0,564.16,0,555.7957093300575,0,578.0,0,39.745666820525145,0,0.0018115711212158,83663577.1880436,0,83663577.1880436,0,0,0
9.5,0,591.94,0,591.9791341220699,0,592.0,0,0.0492679623999171,0,0.0,83693792.15788521,0,83693792.15788521,0,0,0
9.5,0,586.98,0,586.9554897782815,0,592.0,0,17.21842512521795,0,0.0049997091293334,83693990.59761964,0,83693990.59761964,0,0,0
9.5,0,544.06,0,536.7677535222775,0,554.0,0,34.98595383166504,0,0.5088291192054748,83707285.2599227,0,83707285.2599227,0,0,0
9.5,0,598.31,0,599.2991407497301,0,702.64,0,29.27721820983312,0,0.0,83681312.76064156,0,83681312.76064156,0,0,0
9.5,0,573.2,0,569.5308496457103,0,578.0,0,23.93079824947254,0,0.0,83581715.24119966,0,83581715.24119966,0,0,0
9.5,0,554.0,0,554.0,0,554.0,0,0.0,0,0.9330217099189758,83759266.2477964,0,83759266.2477964,0,0,0
9.5,0,592.0,0,592.0,0,592.0,0,0.0,0,0.0,83698532.15442826,0,83698532.15442826,0,0,0
9.5,0,554.0,0,554.0,0,554.0,0,0.0,0,1.8479097747802733,83759303.93349728,0,83759303.93349728,0,0,0
9.5,0,554.0,0,554.0,0,554.0,0,0.0,0,1.6354564332962036,83763036.1101763,0,83763036.1101763,0,0,0
9.5,0,578.0,0,578.0,0,578.0,0,0.0,0,0.0,83647521.4473971,0,83647521.4473971,0,0,0
9.5,0,578.0,0,578.0,0,578.0,0,0.0,0,0.0,83581792.9148651,0,83581792.9148651,0,0,0
9.5,0,578.0,0,578.0,0,578.0,0,0.0,0,0.0,83573731.24574758,0,83573731.24574758,0,0,0
9.5,0,578.0,0,578.0,0,578.0,0,0.0,0,0.0,83647255.31710702,0,83647255.31710702,0,0,0
9.5,0,550.42,0,547.683425360759,0,554.0,0,17.848387027731604,0,1.5446539163589477,83789196.5984056,0,83789196.5984056,0,0,0
9.5,0,578.0,0,578.0,0,578.0,0,0.0,0,0.0,83647525.99696076,0,83647525.99696076,0,0,0
9.5,0,592.0,0,592.0,0,592.0,0,0.0,0,0.0,83693801.96484423,0,83693801.96484423,0,0,0
9.5,0,549.06,0,553.2185555555556,0,554.0,0,3.311298050513962,0,7.656530709266662,83759112.7250066,0,83759112.7250066,0,0,0
9.5,0,554.0,0,554.0,0,554.0,0,0.0,0,2.674112627506256,83767473.18248896,0,83767473.18248896,0,0,0
9.5,0,545.66,0,540.1348512594217,0,554.0,0,27.8869274832124,0,0.955562572479248,83759012.46290645,0,83759012.46290645,0,0,0
9.5,0,544.04,0,548.9391034244393,0,554.0,0,19.354512002120853,0,7.36887218952179,83711529.35397208,0,83711529.35397208,0,0,0
9.5,0,586.62,0,590.1066309520373,0,592.0,0,7.540003411447546,0,0.0,83677260.31659093,0,83677260.31659093,0,0,0
9.5,0,578.0,0,578.0,0,578.0,0,0.0,0,0.0,83647505.45619735,0,83647505.45619735,0,0,0
9.5,0,592.0,0,592.0,0,592.0,0,0.0,0,0.0,83676853.47945896,0,83676853.47945896,0,0,0
9.5,0,554.0,0,554.0,0,554.0,0,0.0,0,4.091928250789643,83767586.90650529,0,83767586.90650529,0,0,0
9.5,0,591.98,0,591.958045206857,0,592.0,0,0.1091397497886228,0,0.0,83693904.5516504,0,83693904.5516504,0,0,0
9.5,0,549.06,0,536.2271660937101,0,549.06,0,29.42751819778985,0,2.044045555591583,83763031.256744,0,83763031.256744,0,0,0
9.5,0,544.18,0,542.9815860286944,0,554.0,0,29.941396998937947,0,1.4660867285728454,83789052.82314394,0,83789052.82314394,0,0,0
9.5,0,578.0,0,578.0,0,578.0,0,0.0,0,0.0,83574163.31482676,0,83574163.31482676,0,0,0
9.5,0,562.65,0,558.956136739035,0,578.0,0,34.20233539115178,0,0.0488597702980041,83586157.75299881,0,83586157.75299881,0,0,0
9.5,0,572.82,0,568.8603752426624,0,578.0,0,25.825319777555784,0,0.0,83663584.96542272,0,83663584.96542272,0,0,0
9.5,0,592.0,0,592.0,0,592.0,0,0.0,0,0.0,83677416.51420645,0,83677416.51420645,0,0,0
9.5,0,352.79,0,370.2284484687141,0,383.24,0,11.325085463792895,0,0.0094702291488647,83663539.42668436,0,83663539.42668436,0,0,0
9.5,0,534.76,0,529.2384630225296,0,554.0,0,44.56546055593594,0,1.163891956806183,83758958.88317072,0,83758958.88317072,0,0,0
9.5,0,554.0,0,554.0,0,554.0,0,0.0,0,4.650108613967896,83711426.33033887,0,83711426.33033887,0,0,0
9.5,0,578.0,0,578.0,0,578.0,0,0.0,0,0.0,83663548.43769291,0,83663548.43769291,0,0,0
9.5,0,545.64,0,550.9666315090138,0,554.0,0,12.10041407100163,0,0.917852132320404,83767461.63112426,0,83767461.63112426,0,0,0
9.5,0,544.0,0,543.8618891428489,0,554.0,0,34.395692605004506,0,1.5261277961730957,83784802.3655624,0,83784802.3655624,0,0,0
9.5,0,582.26,0,582.884944310849,0,592.0,0,22.02215458810331,0,0.0271443080902099,83693719.94117871,0,83693719.94117871,0,0,0
9.5,0,554.0,0,554.0,0,554.0,0,0.0,0,3.487162160873413,83759050.182641,0,83759050.182641,0,0,0
9.5,0,554.0,0,554.0,0,554.0,0,0.0,0,0.9034572291374208,83789122.54939204,0,83789122.54939204,0,0,0
9.5,0,567.64,0,573.2134746500491,0,578.0,0,18.62002506993005,0,0.0,83646498.31453836,0,83646498.31453836,0,0,0
9.5,0,549.06,0,550.2022692683134,0,554.0,0,13.757784255679551,0,2.236900315284729,83759014.30598122,0,83759014.30598122,0,0,0
9.5,0,578.0,0,578.0,0,578.0,0,0.0,0,0.0,83573970.71033935,0,83573970.71033935,0,0,0
9.5,0,549.69,0,553.5576578947368,0,554.0,0,1.9017522676742848,0,1.249444773197174,83789335.50989081,0,83789335.50989081,0,0,0
9.5,0,560.53,0,562.0792565195811,0,580.04,0,56.0591945165565,0,0.4941578531265259,83586199.03417465,0,83586199.03417465,0,0,0
9.5,0,586.68,0,586.6540250239956,0,592.0,0,18.247414674533765,0,0.0,83676906.19058147,0,83676906.19058147,0,0,0
9.5,0,576.16,0,579.3440044080446,0,592.0,0,37.36665355496993,0,0.0551045393943786,83681067.43502834,0,83681067.43502834,0,0,0
9.5,0,592.0,0,592.0,0,592.0,0,0.0,0,0.0,83693753.66948265,0,83693753.66948265,0,0,0
9.5,0,562.46,0,564.2546812835427,0,578.0,0,26.8358484442279,0,0.0,83585871.03163488,0,83585871.03163488,0,0,0
9.5,0,574.52,0,576.2790391533131,0,578.0,0,6.685467614549724,0,0.0,83650901.56372678,0,83650901.56372678,0,0,0
9.5,0,578.0,0,578.0,0,578.0,0,0.0,0,0.0,83647091.2147077,0,83647091.2147077,0,0,0
9.5,0,554.0,0,554.0,0,554.0,0,0.0,0,2.0265255784988403,83758958.92350975,0,83758958.92350975,0,0,0
9.5,0,586.74,0,588.4822624192973,0,592.0,0,13.07097675807175,0,0.0,83702696.72901577,0,83702696.72901577,0,0,0
9.5,0,572.96,0,576.90626625387,0,578.0,0,4.564210728364329,0,0.0025049996376037,83650905.08710086,0,83650905.08710086,0,0,0
9.5,0,550.08,0,554.8090826231731,0,580.64,0,49.84232850257181,0,0.029702877998352,83574135.41112703,0,83574135.41112703,0,0,0
9.41237113402062,0,578.0,0,578.0,0,578.0,0,0.0,0,0.0,68926995.06749499,0,68926995.06749499,0,0,0
9.5,0,457.2,0,457.2,0,457.2,0,0.0,0,2.342943751811981,83784953.32840388,0,83784953.32840388,0,0,0
9.5,0,569.67,0,572.901861484276,0,578.0,0,13.819714276223952,0,0.0,83647253.52708596,0,83647253.52708596,0,0,0
9.5,0,586.68,0,588.4421361351067,0,592.0,0,13.220075352270287,0,0.0,83698659.02701256,0,83698659.02701256,0,0,0
9.5,0,578.0,0,578.0,0,578.0,0,0.0,0,0.0,83573353.16136655,0,83573353.16136655,0,0,0
9.5,0,551.96,0,554.6113671040002,0,559.32,0,2.1735887744914386,0,1.9958585047721864,83767477.86999966,0,83767477.86999966,0,0,0
9.5,0,573.03,0,573.6269839039959,0,578.0,0,15.403253864999774,0,0.0102193903923034,83650818.5050185,0,83650818.5050185,0,0,0
9.5,0,544.71,0,546.4989777448644,0,554.0,0,21.08465769788781,0,3.227155530452728,83707181.57407953,0,83707181.57407953,0,0,0
9.5,0,572.82,0,575.4383398891271,0,578.0,0,9.951356966484934,0,0.0,83651435.3546024,0,83651435.3546024,0,0,0
9.5,0,568.7,0,573.0283804959231,0,578.0,0,13.450900188791342,0,0.0006606006622314,83574020.8207881,0,83574020.8207881,0,0,0
9.5,0,578.12,0,578.006,0,578.12,0,0.026153393661244,0,0.0,83585868.32060532,0,83585868.32060532,0,0,0
9.5,0,578.0,0,578.0,0,578.0,0,0.0,0,0.0,83581852.34859324,0,83581852.34859324,0,0,0
9.5,0,554.0,0,554.0,0,554.0,0,0.0,0,2.141924264431,83789122.71946895,0,83789122.71946895,0,0,0
9.5,0,568.08,0,568.6415654582776,0,578.0,0,22.496293772295445,0,0.0109554505348205,83647041.54865083,0,83647041.54865083,0,0,0
9.5,0,592.0,0,592.0,0,592.0,0,0.0,0,0.0,83698583.22107783,0,83698583.22107783,0,0,0
9.5,0,554.0,0,554.0,0,554.0,0,0.0,0,5.131701090335846,83759324.62326242,0,83759324.62326242,0,0,0
9.5,0,592.0,0,592.0,0,592.0,0,0.0,0,0.0,83677051.78886837,0,83677051.78886837,0,0,0
9.5,0,535.28,0,545.9438230671548,0,554.0,0,24.70368882632156,0,1.148157138824463,83759143.71560647,0,83759143.71560647,0,0,0
9.5,0,549.06,0,550.6962692683134,0,554.0,0,12.27578425567955,0,3.858278303146362,83763328.06385918,0,83763328.06385918,0,0,0
9.5,0,526.39,0,527.4781004572053,0,554.0,0,55.66134498115755,0,3.390968391895294,83759376.61662264,0,83759376.61662264,0,0,0
9.5,0,573.82,0,584.3175287395782,0,592.0,0,23.7138968570773,0,0.0264465808868408,83681344.64197028,0,83681344.64197028,0,0,0
9.5,0,592.0,0,592.0,0,592.0,0,0.0,0,0.0,83702654.21230859,0,83702654.21230859,0,0,0
9.5,0,586.68,0,586.6540250239956,0,592.0,0,18.247414674533765,0,0.0,83676993.70661625,0,83676993.70661625,0,0,0
9.5,0,592.0,0,592.0,0,592.0,0,0.0,0,0.0,83693988.85685596,0,83693988.85685596,0,0,0
9.5,0,578.0,0,578.0,0,578.0,0,0.0,0,0.0,83586007.98757043,0,83586007.98757043,0,0,0
9.5,0,592.0,0,592.0,0,592.0,0,0.0,0,0.0,83694118.49484296,0,83694118.49484296,0,0,0
9.5,0,578.0,0,578.0,0,578.0,0,0.0,0,0.0,83647402.66527143,0,83647402.66527143,0,0,0
9.5,0,554.0,0,554.0,0,554.0,0,0.0,0,2.5380513501167297,83784785.58868304,0,83784785.58868304,0,0,0
9.5,0,592.0,0,592.0,0,592.0,0,0.0,0,0.0,83693992.26010975,0,83693992.26010975,0,0,0
9.5,0,584.34,0,589.2165243217395,0,592.0,0,11.039552456899866,0,0.0081459403038024,83693706.91797811,0,83693706.91797811,0,0,0
9.5,0,572.76,0,577.738,0,578.0,0,1.1420315232076566,0,0.0235661911964416,83581519.05189122,0,83581519.05189122,0,0,0
9.5,0,592.0,0,592.0,0,592.0,0,0.0,0,0.0,83677334.26125488,0,83677334.26125488,0,0,0
9.5,0,554.0,0,554.0,0,554.0,0,0.0,0,3.270740466117859,83789048.50247003,0,83789048.50247003,0,0,0
9.5,0,554.0,0,554.0,0,554.0,0,0.0,0,2.2014457321167,83784928.86180797,0,83784928.86180797,0,0,0
9.5,0,554.0,0,554.0,0,554.0,0,0.0,0,4.73467276096344,83759395.87119693,0,83759395.87119693,0,0,0
9.5,0,539.94,0,545.4163771016565,0,554.0,0,25.83739444979093,0,2.78907621383667,83784608.1072029,0,83784608.1072029,0,0,0
9.5,0,591.9,0,591.897686351746,0,592.0,0,0.1394776420953651,0,0.0,83677248.87971587,0,83677248.87971587,0,0,0
9.5,0,544.24,0,523.7660609462778,0,544.24,0,34.23963891137236,0,1.2371227169036865,83759264.20050634,0,83759264.20050634,0,0,0
9.5,0,578.0,0,578.0,0,578.0,0,0.0,0,0.0,83651074.33480746,0,83651074.33480746,0,0,0
9.5,0,572.82,0,570.1553752426624,0,578.0,0,23.582313981754087,0,0.0,83574139.36676821,0,83574139.36676821,0,0,0
9.5,0,573.15,0,567.8259626628532,0,578.0,0,26.46638932374105,0,0.0,83651074.00888789,0,83651074.00888789,0,0,0
9.5,0,554.0,0,554.0,0,554.0,0,0.0,0,2.4634566640853883,83784593.48132962,0,83784593.48132962,0,0,0
9.5,0,578.0,0,578.0,0,578.0,0,0.0,0,0.0,83646749.89044985,0,83646749.89044985,0,0,0
9.5,0,575.96,0,579.8670430567025,0,592.0,0,26.215092389297823,0,0.0023850107192993,83698655.71292864,0,83698655.71292864,0,0,0
9.5,0,592.0,0,592.0,0,592.0,0,0.0,0,0.0,83693705.7327373,0,83693705.7327373,0,0,0
9.5,0,578.0,0,578.0,0,578.0,0,0.0,0,0.0,83663688.98380631,0,83663688.98380631,0,0,0
9.5,0,578.0,0,578.0,0,578.0,0,0.0,0,0.0,83586115.83692862,0,83586115.83692862,0,0,0
9.5,0,592.0,0,592.0,0,592.0,0,0.0,0,0.0,83681142.80759892,0,83681142.80759892,0,0,0
9.5,0,592.0,0,592.0,0,592.0,0,0.0,0,0.0,83702711.1554599,0,83702711.1554599,0,0,0
9.5,0,586.98,0,590.5968564671482,0,592.0,0,5.761247305902128,0,0.0400665187835693,83694073.20018385,0,83694073.20018385,0,0,0
9.5,0,549.48,0,544.5182167497105,0,554.0,0,24.66558345222877,0,3.0517709970474245,83767542.3385155,0,83767542.3385155,0,0,0
9.5,0,554.0,0,554.0,0,554.0,0,0.0,0,3.3240725564956666,83789051.45575137,0,83789051.45575137,0,0,0
9.5,0,570.82,0,576.9998272816795,0,592.0,0,37.19042999451801,0,0.0,83681190.07605387,0,83681190.07605387,0,0,0
9.5,0,544.5,0,529.321473257135,0,554.0,0,56.59138114959588,0,3.0385023951530457,83788970.64496115,0,83788970.64496115,0,0,0
9.5,0,554.0,0,554.0,0,554.0,0,0.0,0,2.650624399185181,83759143.10151255,0,83759143.10151255,0,0,0
9.5,0,592.0,0,592.0,0,592.0,0,0.0,0,0.0,83677369.2027947,0,83677369.2027947,0,0,0
9.5,0,574.52,0,577.826,0,578.0,0,0.7584484161760773,0,0.0,83663535.61706617,0,83663535.61706617,0,0,0
9.5,0,554.0,0,554.0,0,554.0,0,0.0,0,2.4963713479042053,83763066.09944047,0,83763066.09944047,0,0,0
9.5,0,592.0,0,592.0,0,592.0,0,0.0,0,0.0,83694114.81085564,0,83694114.81085564,0,0,0
9.5,0,539.4,0,550.3926824170842,0,578.0,0,74.69629037299029,0,0.086801700592041,83651179.421699,0,83651179.421699,0,0,0
9.5,0,592.0,0,592.0,0,592.0,0,0.0,0,0.0,83681350.0571663,0,83681350.0571663,0,0,0
9.5,0,575.71,0,580.2383835696038,0,638.1,0,29.015105046867085,0,0.0518941807746887,83677208.06217648,0,83677208.06217648,0,0,0
9.5,0,586.82,0,589.4383398891271,0,592.0,0,9.951356966484934,0,0.0021792697906494,83698589.42406875,0,83698589.42406875,0,0,0
9.5,0,542.32,0,566.914742676656,0,578.0,0,23.572865855884064,0,0.0,83651399.16669534,0,83651399.16669534,0,0,0
9.5,0,554.0,0,554.0,0,554.0,0,0.0,0,0.2642637252807617,83759312.90929495,0,83759312.90929495,0,0,0
9.5,0,554.0,0,554.0,0,554.0,0,0.0,0,1.878795835971832,83788979.34558012,0,83788979.34558012,0,0,0
9.5,0,592.0,0,592.0,0,592.0,0,0.0,0,0.0,83677629.04826115,0,83677629.04826115,0,0,0
9.5,0,592.0,0,592.0,0,592.0,0,0.0,0,0.0,83693767.84399222,0,83693767.84399222,0,0,0
9.5,0,554.0,0,554.0,0,554.0,0,0.0,0,0.2763938999176025,83711449.3141965,0,83711449.3141965,0,0,0
9.5,0,549.04,0,547.4805446339008,0,554.0,0,20.59674852306956,0,2.47951553106308,83763091.50220537,0,83763091.50220537,0,0,0
9.5,0,592.0,0,592.0,0,592.0,0,0.0,0,0.0,83677469.80968204,0,83677469.80968204,0,0,0
9.5,0,554.0,0,554.0,0,554.0,0,0.0,0,3.62484692811966,83784663.19179894,0,83784663.19179894,0,0,0
9.5,0,572.92,0,573.5301968274244,0,578.0,0,15.744170952555098,0,0.0,83581826.2834484,0,83581826.2834484,0,0,0
9.5,0,554.0,0,554.0,0,554.0,0,0.0,0,3.756893658638,83767539.0329696,0,83767539.0329696,0,0,0
9.5,0,549.06,0,546.5188327603769,0,554.0,0,22.4896971177346,0,0.34510422706604,83767561.64379841,0,83767561.64379841,0,0,0
9.5,0,592.0,0,592.0,0,592.0,0,0.0,0,0.0,83693847.76108614,0,83693847.76108614,0,0,0
9.5,0,547.44,0,561.5975008016579,0,578.0,0,39.51109975910248,0,0.0,83646608.134904,0,83646608.134904,0,0,0
9.5,0,592.0,0,592.0,0,592.0,0,0.0,0,0.0,83693881.40385391,0,83693881.40385391,0,0,0
9.5,0,592.0,0,592.0,0,592.0,0,0.0,0,0.0,83698569.9679448,0,83698569.9679448,0,0,0
9.5,0,554.0,0,554.0,0,554.0,0,0.0,0,2.684165053367615,83784802.24446596,0,83784802.24446596,0,0,0
9.5,0,554.0,0,554.0,0,554.0,0,0.0,0,0.0796083188056945,83707380.86287983,0,83707380.86287983,0,0,0
9.5,0,544.95,0,534.0496227695163,0,551.24,0,37.900890012512285,0,2.921832416057587,83789112.14825878,0,83789112.14825878,0,0,0
9.5,0,572.96,0,569.1073921279958,0,578.0,0,25.127338161946167,0,0.0,83651195.64862491,0,83651195.64862491,0,0,0
9.5,0,576.32,0,577.5639739220188,0,592.0,0,40.13043051912758,0,0.0098456692695617,83698659.12625478,0,83698659.12625478,0,0,0
9.5,0,586.89,0,573.6155503519958,0,586.89,0,30.44020607099315,0,0.0103526592254638,83677012.07341754,0,83677012.07341754,0,0,0
9.5,0,554.0,0,554.0,0,554.0,0,0.0,0,1.2415223002433775,83711506.31986456,0,83711506.31986456,0,0,0
9.5,0,544.06,0,548.7844643580105,0,554.0,0,14.678189259606892,0,1.3951425647735596,83707319.51532352,0,83707319.51532352,0,0,0
9.5,0,592.0,0,592.0,0,592.0,0,0.0,0,0.0,83677410.47601762,0,83677410.47601762,0,0,0
9.5,0,592.0,0,592.0,0,592.0,0,0.0,0,0.0,83677156.52777945,0,83677156.52777945,0,0,0
9.5,0,538.76,0,547.9098146641371,0,592.0,0,70.47861550848556,0,0.0512615156173706,83681180.11066969,0,83681180.11066969,0,0,0
9.5,0,592.0,0,592.0,0,592.0,0,0.0,0,0.0,83681143.36983764,0,83681143.36983764,0,0,0
9.5,0,566.83,0,575.2914701090963,0,578.0,0,8.099969609281663,0,0.0006401801109313,83574180.73869169,0,83574180.73869169,0,0,0
9.5,0,592.0,0,592.0,0,592.0,0,0.0,0,0.0,83681338.89807944,0,83681338.89807944,0,0,0
9.5,0,526.79,0,507.5742151345816,0,539.48,0,56.64244086009302,0,1.5506852388381958,83762959.67264709,0,83762959.67264709,0,0,0
9.5,0,567.97,0,571.6784545666322,0,578.0,0,22.58020376531476,0,0.0001381993293762,83647043.31079789,0,83647043.31079789,0,0,0
9.5,0,578.0,0,578.0,0,578.0,0,0.0,0,0.0,83646487.54271516,0,83646487.54271516,0,0,0
9.5,0,543.88,0,554.3427437773785,0,578.0,0,57.651320372686975,0,0.0594155597686767,83586028.01161297,0,83586028.01161297,0,0,0
9.5,0,511.74,0,504.09645827843474,0,572.34,0,79.8073048293187,0,0.0,83698523.11920236,0,83698523.11920236,0,0,0
9.5,0,554.0,0,554.0,0,554.0,0,0.0,0,0.1441007781028747,83767605.25088984,0,83767605.25088984,0,0,0
9.5,0,564.75,0,561.5369257333224,0,578.0,0,38.73686467123535,0,0.0206040501594543,83647083.52835172,0,83647083.52835172,0,0,0
9.5,0,554.0,0,554.0,0,554.0,0,0.0,0,1.2294261169433591,83784952.72782174,0,83784952.72782174,0,0,0
9.5,0,482.87,0,506.9748123182716,0,554.0,0,96.27803365448624,0,2.3068548893928527,83759246.81967093,0,83759246.81967093,0,0,0
9.5,0,578.0,0,578.0,0,578.0,0,0.0,0,0.0,83647398.3903731,0,83647398.3903731,0,0,0
9.5,0,509.68,0,507.6496420330615,0,554.0,0,65.81436815695125,0,2.2286672616004943,83784934.19287091,0,83784934.19287091,0,0,0
9.5,0,578.0,0,578.0,0,578.0,0,0.0,0,0.0,83574023.35821179,0,83574023.35821179,0,0,0
9.5,0,539.18,0,548.3487921441304,0,554.0,0,21.542733297883945,0,0.1710890865325927,83707353.1145518,0,83707353.1145518,0,0,0
9.5,0,578.0,0,578.0,0,578.0,0,0.0,0,0.0,83647263.52998918,0,83647263.52998918,0,0,0
9.5,0,544.69,0,546.3360715697702,0,554.0,0,19.04771133498772,0,4.14511084318161,83789244.49010879,0,83789244.49010879,0,0,0
9.5,0,592.0,0,592.0,0,592.0,0,0.0,0,0.0,83702402.40812364,0,83702402.40812364,0,0,0
9.5,0,588.22,0,590.4214496904025,0,592.0,0,6.254546867657059,0,0.0,83694041.47053477,0,83694041.47053477,0,0,0
9.5,0,549.06,0,549.6533803794244,0,554.0,0,15.31027647748468,0,1.1492788815498352,83707330.36159869,0,83707330.36159869,0,0,0
9.5,0,586.68,0,589.3691058320763,0,592.0,0,10.220312560173715,0,0.0,83702650.0772591,0,83702650.0772591,0,0,0
9.5,0,578.0,0,578.0,0,578.0,0,0.0,0,0.0,83586813.73824234,0,83586813.73824234,0,0,0
9.5,0,586.74,0,588.4822624192973,0,592.0,0,13.070976758071753,0,0.0,83693699.787441,0,83693699.787441,0,0,0
9.5,0,554.0,0,554.0,0,554.0,0,0.0,0,0.100754919052124,83763025.38042343,0,83763025.38042343,0,0,0
9.5,0,578.0,0,578.0,0,578.0,0,0.0,0,0.0,83650916.38508207,0,83650916.38508207,0,0,0
9.5,0,578.0,0,578.0,0,578.0,0,0.0,0,0.0,83573846.06450588,0,83573846.06450588,0,0,0
9.5,0,554.0,0,554.0,0,554.0,0,0.0,0,1.5922270369529723,83784850.91112788,0,83784850.91112788,0,0,0
9.5,0,583.0,0,590.2692569659444,0,592.0,0,5.4323665825524685,0,0.0,83693932.1757294,0,83693932.1757294,0,0,0
9.5,0,567.73,0,565.6019055570763,0,578.0,0,34.367338338780094,0,0.0222437691688537,83574175.8482502,0,83574175.8482502,0,0,0
9.5,0,554.0,0,554.0,0,554.0,0,0.0,0,2.480123608112335,83784564.50926584,0,83784564.50926584,0,0,0
9.5,0,572.82,0,572.0547085759957,0,578.0,0,19.57984196117927,0,0.0,83647400.87520042,0,83647400.87520042,0,0,0
9.5,0,559.58,0,551.7359212296991,0,578.0,0,55.18195968840512,0,0.0548953390121459,83585925.27192888,0,83585925.27192888,0,0,0
9.5,0,566.5,0,562.5076625523599,0,592.0,0,63.624736265261554,0,0.0006461572647094,83698423.92696129,0,83698423.92696129,0,0,0
9.5,0,549.16,0,552.6471683866529,0,554.0,0,5.554668717244282,0,0.2782989501953125,83763026.08019036,0,83763026.08019036,0,0,0
9.5,0,563.36,0,574.8050227038184,0,578.0,0,8.094177311992055,0,0.0779956889152526,83650858.35281868,0,83650858.35281868,0,0,0
9.5,0,551.68,0,552.448450344633,0,554.0,0,5.765145642343432,0,2.275739862918854,83763115.63264321,0,83763115.63264321,0,0,0
9.5,0,554.0,0,554.0,0,554.0,0,0.0,0,0.9579010915756224,83711543.2754975,0,83711543.2754975,0,0,0
9.5,0,578.12,0,578.0802525683811,0,579.2,0,0.2981971883970741,0,0.0,83573962.29752758,0,83573962.29752758,0,0,0
9.5,0,586.68,0,588.9257724987431,0,592.0,0,11.690682883897944,0,0.0,83676999.17540896,0,83676999.17540896,0,0,0
9.5,0,578.8,0,576.3260270018939,0,592.0,0,37.79047067615325,0,0.0009962201118469,83693951.82841891,0,83693951.82841891,0,0,0
9.5,0,592.0,0,592.0,0,592.0,0,0.0,0,0.0,83677010.2460052,0,83677010.2460052,0,0,0
9.5,0,546.04,0,544.4954209005649,0,554.0,0,29.650475252465203,0,1.9544014573097228,83707177.40332097,0,83707177.40332097,0,0,0
9.5,0,531.73,0,525.0876235496959,0,558.93,0,49.42804138351,0,2.558072159290313,83707232.51420885,0,83707232.51420885,0,0,0
9.5,0,522.64,0,489.0687176853075,0,525.12,0,38.93104138833196,0,1.205860824584961,83759124.3230966,0,83759124.3230966,0,0,0
9.5,0,529.64,0,532.7474400183579,0,556.24,0,67.25142688653472,0,2.7611546993255613,83759310.61074114,0,83759310.61074114,0,0,0
9.5,0,592.0,0,592.0,0,592.0,0,0.0,0,0.0,83693909.47753063,0,83693909.47753063,0,0,0
9.5,0,592.0,0,592.0,0,592.0,0,0.0,0,0.0,83681254.35481362,0,83681254.35481362,0,0,0
9.5,0,519.78,0,516.5822795199297,0,554.0,0,47.7656562066516,0,0.2883700180053711,83711427.24764737,0,83711427.24764737,0,0,0
9.5,0,592.0,0,592.0,0,592.0,0,0.0,0,0.0,83681134.32926676,0,83681134.32926676,0,0,0
9.5,0,578.0,0,578.0,0,578.0,0,0.0,0,0.0,83650912.02324031,0,83650912.02324031,0,0,0
9.5,0,581.36,0,586.2948783308195,0,592.0,0,15.433952499869973,0,0.0,83681352.74377552,0,83681352.74377552,0,0,0
9.5,0,561.66,0,558.6473322706704,0,578.0,0,51.021462108442186,0,0.0,83581713.23369871,0,83581713.23369871,0,0,0
9.5,0,544.24,0,533.1794260256428,0,549.12,0,41.196784609905,0,1.209305911064148,83767505.67522718,0,83767505.67522718,0,0,0
9.5,0,546.14,0,552.1795473059792,0,578.0,0,50.86417917869698,0,0.0898650693893432,83586010.91926928,0,83586010.91926928,0,0,0
9.5,0,567.58,0,576.0469841761266,0,578.0,0,6.018165905645823,0,0.1827619504928589,83581749.81192668,0,83581749.81192668,0,0,0
9.5,0,592.0,0,592.0,0,592.0,0,0.0,0,0.0,83694168.10688168,0,83694168.10688168,0,0,0
9.5,0,554.0,0,554.0,0,554.0,0,0.0,0,1.577299289703369,83784860.42881753,0,83784860.42881753,0,0,0
9.5,0,554.0,0,554.0,0,554.0,0,0.0,0,0.6545105481147766,83707370.13594049,0,83707370.13594049,0,0,0
9.5,0,578.0,0,578.0,0,578.0,0,0.0,0,0.0,83573923.8748013,0,83573923.8748013,0,0,0
9.5,0,592.0,0,592.0,0,592.0,0,0.0,0,0.0,83693880.08720326,0,83693880.08720326,0,0,0
9.5,0,576.65,0,583.1279953248936,0,592.0,0,33.69039442336944,0,0.0327035093307495,83681293.8915064,0,83681293.8915064,0,0,0
9.5,0,592.0,0,592.0,0,592.0,0,0.0,0,0.0,83702852.52918343,0,83702852.52918343,0,0,0
9.5,0,592.0,0,592.0,0,592.0,0,0.0,0,0.0,83698575.97989011,0,83698575.97989011,0,0,0
9.5,0,565.65,0,556.1423933675973,0,592.0,0,66.66291201034552,0,0.0,83681456.48543848,0,83681456.48543848,0,0,0
9.5,0,554.0,0,554.0,0,554.0,0,0.0,0,2.4418429040908816,83784710.46549752,0,83784710.46549752,0,0,0
9.5,0,589.09,0,591.5396754385964,0,592.0,0,1.9505824548574155,0,0.0139369702339172,83677016.22077604,0,83677016.22077604,0,0,0
9.5,0,566.57,0,545.0668138521695,0,592.0,0,44.45273354347465,0,0.0202588772773742,83680986.85507348,0,83680986.85507348,0,0,0
9.5,0,549.69,0,553.5576578947368,0,554.0,0,1.9017522676742848,0,2.1086133432388308,83767567.28061576,0,83767567.28061576,0,0,0
9.5,0,571.0,0,570.8008076373231,0,592.0,0,45.380218549163686,0,0.0,83677620.94018914,0,83677620.94018914,0,0,0
9.5,0,554.0,0,554.0,0,554.0,0,0.0,0,0.6582041215896607,83707268.71593346,0,83707268.71593346,0,0,0
9.5,0,592.0,0,592.0,0,592.0,0,0.0,0,0.0,83693942.9814315,0,83693942.9814315,0,0,0
9.5,0,592.0,0,592.0,0,592.0,0,0.0,0,0.0,83677414.4617924,0,83677414.4617924,0,0,0
9.5,0,578.0,0,578.0,0,578.0,0,0.0,0,0.0,83646758.03472024,0,83646758.03472024,0,0,0
9.5,0,592.0,0,592.0,0,592.0,0,0.0,0,0.0,83693803.35371841,0,83693803.35371841,0,0,0
9.5,0,578.0,0,578.0,0,578.0,0,0.0,0,0.0,83573963.36964251,0,83573963.36964251,0,0,0
9.5,0,578.0,0,578.0,0,578.0,0,0.0,0,0.0,83651096.34145768,0,83651096.34145768,0,0,0
9.5,0,539.46,0,544.2451547069202,0,554.0,0,20.40488899698148,0,0.0633171200752258,83759112.10448273,0,83759112.10448273,0,0,0
9.5,0,554.0,0,554.0,0,554.0,0,0.0,0,2.5360189962387083,83789360.75318983,0,83789360.75318983,0,0,0
9.5,0,572.6,0,552.9855173180792,0,592.0,0,42.88563650408924,0,0.0605902504920959,83693762.9613086,0,83693762.9613086,0,0,0
9.5,0,554.0,0,554.0,0,554.0,0,0.0,0,1.90480299949646,83784898.94115216,0,83784898.94115216,0,0,0
9.5,0,586.86,0,578.6476181622814,0,592.0,0,30.618915695676083,0,0.0,83698469.68276821,0,83698469.68276821,0,0,0
9.5,0,390.88,0,415.27225926107786,0,524.96,0,102.22368387098524,0,1.973168540000916,83789298.95310391,0,83789298.95310391,0,0,0
9.5,0,547.06,0,540.0383534460894,0,554.0,0,36.60103911519191,0,1.021634314060211,83767543.66487569,0,83767543.66487569,0,0,0
9.5,0,554.0,0,554.0,0,554.0,0,0.0,0,2.624369330406189,83707376.20542985,0,83707376.20542985,0,0,0
9.5,0,592.0,0,592.0,0,592.0,0,0.0,0,0.0,83698586.33590536,0,83698586.33590536,0,0,0
9.5,0,554.0,0,554.0,0,554.0,0,0.0,0,0.717300672531128,83763041.43771723,0,83763041.43771723,0,0,0
9.5,0,585.84,0,578.7069237119949,0,589.46,0,28.813958242357607,0,0.0200471687316894,83681547.6388377,0,83681547.6388377,0,0,0
9.5,0,578.0,0,578.0,0,578.0,0,0.0,0,0.0,83647255.14099222,0,83647255.14099222,0,0,0
9.5,0,545.01,0,549.9018767870846,0,554.0,0,16.06634985293889,0,2.912665162086487,83759164.50345083,0,83759164.50345083,0,0,0
9.5,0,578.0,0,578.0,0,578.0,0,0.0,0,0.0,83647392.33305635,0,83647392.33305635,0,0,0
9.5,0,592.0,0,592.0,0,592.0,0,0.0,0,0.0,83676848.59473841,0,83676848.59473841,0,0,0
9.5,0,583.48,0,585.4544968546246,0,592.0,0,20.91773146264825,0,0.0269732189178466,83694110.41300227,0,83694110.41300227,0,0,0
9.5,0,554.0,0,554.0,0,554.0,0,0.0,0,3.4632281637191773,83767592.33011541,0,83767592.33011541,0,0,0
9.5,0,592.0,0,592.0,0,592.0,0,0.0,0,0.0,83694133.95102294,0,83694133.95102294,0,0,0
9.5,0,581.74,0,587.3353634453782,0,592.0,0,12.939382506944426,0,0.0,83676867.28662764,0,83676867.28662764,0,0,0
9.5,0,592.0,0,592.0,0,592.0,0,0.0,0,0.0,83693977.27881457,0,83693977.27881457,0,0,0
9.5,0,578.0,0,578.0,0,578.0,0,0.0,0,0.0,83647403.11018933,0,83647403.11018933,0,0,0
9.5,0,554.0,0,554.0,0,554.0,0,0.0,0,1.5858498096466065,83767407.06074663,0,83767407.06074663,0,0,0
9.5,0,578.0,0,578.0,0,578.0,0,0.0,0,0.0,83573760.43098965,0,83573760.43098965,0,0,0
9.5,0,592.0,0,592.0,0,592.0,0,0.0,0,0.0,83677121.88115725,0,83677121.88115725,0,0,0
9.5,0,565.08,0,564.0972964812964,0,578.0,0,39.29685294845674,0,0.0,83581552.13688926,0,83581552.13688926,0,0,0
9.5,0,554.0,0,554.0,0,554.0,0,0.0,0,3.180065677165985,83763031.53496088,0,83763031.53496088,0,0,0
9.5,0,586.81,0,583.3002311794243,0,592.0,0,17.9851646816826,0,0.0376085400581359,83677325.74530736,0,83677325.74530736,0,0,0
9.5,0,578.0,0,578.0,0,578.0,0,0.0,0,0.0,83651444.25330906,0,83651444.25330906,0,0,0
9.5,0,592.0,0,592.0,0,592.0,0,0.0,0,0.0,83698652.41838,0,83698652.41838,0,0,0
9.5,0,592.0,0,592.0,0,592.0,0,0.0,0,0.0,83676863.25877795,0,83676863.25877795,0,0,0
9.5,0,573.1,0,569.371075679996,0,578.9,0,24.737379079408505,0,0.0,83574174.17793609,0,83574174.17793609,0,0,0
9.5,0,586.82,0,591.1805906432749,0,592.0,0,3.472170830296018,0,0.0,83681352.44627678,0,83681352.44627678,0,0,0
9.5,0,578.0,0,578.0,0,578.0,0,0.0,0,0.0,83651089.77714738,0,83651089.77714738,0,0,0
9.5,0,587.94,0,587.9201769919966,0,592.0,0,13.925658567407346,0,0.0006637215614318,83677364.60204004,0,83677364.60204004,0,0,0
9.5,0,592.0,0,592.0,0,592.0,0,0.0,0,0.0,83702847.0801654,0,83702847.0801654,0,0,0
9.5,0,586.68,0,591.1584444444445,0,592.0,0,3.566013285168883,0,0.0,83681105.27770463,0,83681105.27770463,0,0,0
9.5,0,549.06,0,548.3301660937102,0,554.0,0,18.672667816259768,0,3.335614712238312,83784671.76417705,0,83784671.76417705,0,0,0
9.5,0,578.0,0,578.0,0,578.0,0,0.0,0,0.0,83646621.98468111,0,83646621.98468111,0,0,0
9.5,0,554.84,0,554.9707679786674,0,558.2,0,1.7399666160992768,0,3.065310406684876,83759032.2492679,0,83759032.2492679,0,0,0
9.5,0,450.24,0,428.9615953589324,0,551.24,0,129.65193196748032,0,39.223906550407406,83759073.3664178,0,83759073.3664178,0,0,0
9.5,0,592.0,0,592.0,0,592.0,0,0.0,0,0.0,83677110.4566704,0,83677110.4566704,0,0,0
9.5,0,677.65,0,657.7876145905178,0,1743.48,0,399.44490249109725,0,0.5058325958251954,83702714.88230543,0,83702714.88230543,0,0,0
9.5,0,554.0,0,554.0,0,554.0,0,0.0,0,4.485495209693909,83759186.2787392,0,83759186.2787392,0,0,0
9.5,0,592.0,0,592.0,0,592.0,0,0.0,0,0.0,83694178.9006408,0,83694178.9006408,0,0,0
9.5,0,586.68,0,582.6133583573289,0,592.0,0,26.5233013931654,0,0.0,83693766.7824259,0,83693766.7824259,0,0,0
9.5,0,567.84,0,565.4922984167534,0,578.0,0,27.717955512227928,0,0.0,83581825.14781351,0,83581825.14781351,0,0,0
9.5,0,554.0,0,554.0,0,554.0,0,0.0,0,2.627283010482788,83759266.60702427,0,83759266.60702427,0,0,0
9.5,0,592.0,0,592.0,0,592.0,0,0.0,0,0.0,83677444.2772546,0,83677444.2772546,0,0,0
9.5,0,550.42,0,553.6325789473684,0,554.0,0,1.5796457350983617,0,0.0922995400428772,83789162.86479913,0,83789162.86479913,0,0,0
9.5,0,554.0,0,554.0,0,554.0,0,0.0,0,5.409000408649445,83763124.71907525,0,83763124.71907525,0,0,0
9.5,0,578.0,0,578.0,0,578.0,0,0.0,0,0.0,83647257.29179466,0,83647257.29179466,0,0,0
9.5,0,530.57,0,539.6776663561757,0,555.12,0,43.956187877594736,0,15.06274028301239,83758973.33624981,0,83758973.33624981,0,0,0
9.5,0,592.0,0,592.0,0,592.0,0,0.0,0,0.0,83698529.13617092,0,83698529.13617092,0,0,0
9.5,0,592.0,0,592.0,0,592.0,0,0.0,0,0.0,83677106.00686367,0,83677106.00686367,0,0,0
9.5,0,356.95,0,351.0357420203205,0,538.38,0,104.51949272881627,0,11.991025919914245,83759386.85372297,0,83759386.85372297,0,0,0
9.5,0,562.76,0,544.8802997338058,0,572.76,0,65.40840498530225,0,0.0,83647248.74472661,0,83647248.74472661,0,0,0
9.5,0,574.31,0,574.7532335222827,0,578.0,0,11.436218664355968,0,0.0,83663717.47179139,0,83663717.47179139,0,0,0
9.5,0,554.0,0,554.0,0,554.0,0,0.0,0,4.637454166412353,83763082.74493995,0,83763082.74493995,0,0,0
9.5,0,554.0,0,554.0,0,554.0,0,0.0,0,3.197616848945618,83784945.57567005,0,83784945.57567005,0,0,0
9.5,0,554.0,0,554.0,0,554.0,0,0.0,0,2.6610227179527284,83784952.44643822,0,83784952.44643822,0,0,0
9.5,0,554.0,0,554.0,0,554.0,0,0.0,0,0.029133722782135,83784631.83084291,0,83784631.83084291,0,0,0
9.5,0,576.5,0,582.269058335885,0,592.0,0,31.4665540156833,0,0.0003727793693542,83693749.03301042,0,83693749.03301042,0,0,0
9.5,0,578.85,0,589.1258367303062,0,592.0,0,11.837545769575932,0,0.1405559802055359,83693944.14789423,0,83693944.14789423,0,0,0
9.5,0,581.5,0,582.7612335999914,0,592.0,0,32.54208563028121,0,0.0,83677154.27237138,0,83677154.27237138,0,0,0
9.5,0,549.06,0,551.5570268440711,0,554.0,0,9.490290234447022,0,3.1267585229873656,83758965.33028261,0,83758965.33028261,0,0,0
9.5,0,592.0,0,592.0,0,592.0,0,0.0,0,0.0,83677643.78630298,0,83677643.78630298,0,0,0
9.5,0,567.77,0,569.5743574344042,0,578.0,0,20.93947432468709,0,0.0261291694641113,83581840.10235249,0,83581840.10235249,0,0,0
9.5,0,592.0,0,592.0,0,592.0,0,0.0,0,0.0,83677058.98356217,0,83677058.98356217,0,0,0
9.5,0,549.06,0,536.2271660937101,0,549.06,0,29.42751819778985,0,1.0513639664649963,83767501.06296861,0,83767501.06296861,0,0,0
9.5,0,581.32,0,571.3894737950388,0,592.0,0,37.449590989633286,0,0.0037391901016235,83681523.17542589,0,83681523.17542589,0,0,0
9.5,0,554.0,0,554.0,0,554.0,0,0.0,0,0.4663372254371643,83763066.69803952,0,83763066.69803952,0,0,0
9.5,0,554.0,0,554.0,0,554.0,0,0.0,0,1.5525730681419372,83784694.52295318,0,83784694.52295318,0,0,0
9.5,0,515.36,0,525.8912452978739,0,554.0,0,66.89191889862178,0,0.2402336835861206,83789099.54291867,0,83789099.54291867,0,0,0
9.5,0,592.0,0,592.0,0,592.0,0,0.0,0,0.0,83702799.45755425,0,83702799.45755425,0,0,0
9.5,0,511.01,0,448.7633013203256,0,545.75,0,106.74019416858978,0,0.3664635896682739,83646674.58048373,0,83646674.58048373,0,0,0
9.5,0,554.0,0,554.0,0,554.0,0,0.0,0,1.8773111653327943,83759349.08832958,0,83759349.08832958,0,0,0
9.5,0,552.37,0,562.6927912059131,0,578.0,0,37.51331081540292,0,0.031510751247406,83586768.93823282,0,83586768.93823282,0,0,0
9.5,0,592.0,0,592.0,0,592.0,0,0.0,0,0.0,83694081.4051353,0,83694081.4051353,0,0,0
9.5,0,549.2,0,551.9954916703523,0,554.0,0,7.942281736707377,0,1.6660009455680846,83767416.95012313,0,83767416.95012313,0,0,0
9.5,0,549.06,0,553.2185555555556,0,554.0,0,3.311298050513962,0,2.11669810295105,83784893.72280881,0,83784893.72280881,0,0,0
9.5,0,554.0,0,554.0,0,554.0,0,0.0,0,0.0093739795684814,100541847.1040819,0,100541847.1040819,0,0,0
9.5,0,581.36,0,587.9366732026143,0,592.0,0,11.55261700690218,0,0.0,83693809.16355717,0,83693809.16355717,0,0,0
9.5,0,568.17,0,557.3792191702777,0,578.0,0,53.64218702110816,0,0.0,83647392.12443681,0,83647392.12443681,0,0,0
9.5,0,574.52,0,576.7953028895769,0,578.0,0,4.861917227783228,0,0.0,83646512.01340073,0,83646512.01340073,0,0,0
9.5,0,550.6,0,541.7676851657114,0,550.6,0,20.25375746406589,0,0.7195231175422668,83707359.80170225,0,83707359.80170225,0,0,0
9.5,0,554.0,0,554.0,0,554.0,0,0.0,0,8.094302339553833,83759075.77431735,0,83759075.77431735,0,0,0
9.5,0,587.07,0,587.0459292045674,0,592.0,0,16.909728260423208,0,0.0019461011886596,83681251.24520935,0,83681251.24520935,0,0,0
9.5,0,549.12,0,552.9409879600963,0,554.0,0,4.419315149686096,0,2.047933433055878,83711451.19108573,0,83711451.19108573,0,0,0
3.5,0,592.0,0,592.0,0,592.0,0,0.0,0,0.0,0.0024693012237548,0,0.0024693012237548,0,0,0
9.5,0,472.98,0,488.0892106331061,0,544.32,0,71.73928682371846,0,0.1654839396476745,83789296.99941349,0,83789296.99941349,0,0,0
9.5,0,578.0,0,578.0,0,578.0,0,0.0,0,0.0,83647333.68182494,0,83647333.68182494,0,0,0
9.5,0,548.26,0,539.4589743679953,0,554.0,0,29.39886879217383,0,2.145050599575043,83784559.80475669,0,83784559.80475669,0,0,0
9.5,0,549.06,0,553.2185555555556,0,554.0,0,3.311298050513962,0,2.8415862631797792,83784588.09472996,0,83784588.09472996,0,0,0
9.5,0,503.18,0,503.46104037955513,0,555.46,0,58.39271251060586,0,0.0004852700233459,83694114.1883238,0,83694114.1883238,0,0,0
9.5,0,591.98,0,591.9697118735238,0,592.0,0,0.0910514053349578,0,0.0,83677045.8060888,0,83677045.8060888,0,0,0
9.5,0,592.0,0,592.0,0,592.0,0,0.0,0,0.0,83693793.97459832,0,83693793.97459832,0,0,0
9.5,0,586.82,0,590.552134760922,0,592.0,0,5.944872718042434,0,0.0193827509880065,83677347.58342971,0,83677347.58342971,0,0,0
9.5,0,582.9,0,587.5940170609405,0,592.0,0,12.519211576680554,0,0.0,83698656.65828282,0,83698656.65828282,0,0,0
9.5,0,592.0,0,592.0,0,592.0,0,0.0,0,0.0,83693988.3022801,0,83693988.3022801,0,0,0
9.5,0,578.0,0,578.0,0,578.0,0,0.0,0,0.0,83651074.78496492,0,83651074.78496492,0,0,0
9.5,0,549.06,0,547.5068327603768,0,554.0,0,20.51369711773459,0,0.1553526186943054,83759399.53475559,0,83759399.53475559,0,0,0
9.5,0,578.0,0,578.0,0,578.0,0,0.0,0,0.0,83650863.37868387,0,83650863.37868387,0,0,0
9.5,0,568.4,0,577.5042390523133,0,592.0,0,38.18048813940876,0,0.001548638343811,83694038.87850276,0,83694038.87850276,0,0,0
9.5,0,578.0,0,578.0,0,578.0,0,0.0,0,0.0,83651454.88540606,0,83651454.88540606,0,0,0
9.5,0,572.82,0,572.7947085759956,0,578.0,0,17.767219551519716,0,0.0,83646487.82825373,0,83646487.82825373,0,0,0
9.5,0,592.0,0,592.0,0,592.0,0,0.0,0,0.0,83677057.06438021,0,83677057.06438021,0,0,0
9.5,0,554.0,0,554.0,0,554.0,0,0.0,0,0.3362867546081542,83784697.92807066,0,83784697.92807066,0,0,0
9.5,0,592.0,0,592.0,0,592.0,0,0.0,0,0.0,83693985.52467266,0,83693985.52467266,0,0,0
9.5,0,496.54,0,463.5365727458815,0,562.56,0,143.7200708822527,0,0.0595133900642395,83581750.93793724,0,83581750.93793724,0,0,0
9.5,0,544.5,0,548.6069530551149,0,554.0,0,19.801997502125527,0,2.3395528769493104,83711540.37054445,0,83711540.37054445,0,0,0
9.5,0,549.35,0,547.8880105942819,0,554.0,0,19.309451740377707,0,1.603877949714661,83759183.94683988,0,83759183.94683988,0,0,0
9.5,0,578.0,0,578.0,0,578.0,0,0.0,0,0.0,83586776.53124395,0,83586776.53124395,0,0,0
9.5,0,557.42,0,569.6835305189308,0,592.0,0,50.80943995762758,0,0.117426118850708,83702449.60472278,0,83702449.60472278,0,0,0
9.5,0,550.31,0,543.2507168494132,0,592.0,0,83.01078911101241,0,0.0030347084999084,83698459.45286864,0,83698459.45286864,0,0,0
9.5,0,592.0,0,592.0,0,592.0,0,0.0,0,0.0,83681149.83071178,0,83681149.83071178,0,0,0
9.5,0,554.0,0,554.0,0,554.0,0,0.0,0,3.546736943721771,83707381.63736561,0,83707381.63736561,0,0,0
9.5,0,586.68,0,588.9257724987431,0,592.0,0,11.690682883897944,0,0.0,83702829.87998945,0,83702829.87998945,0,0,0
9.5,0,554.0,0,554.0,0,554.0,0,0.0,0,4.656916313171386,83784565.79762477,0,83784565.79762477,0,0,0
9.5,0,573.43,0,575.7400025662762,0,578.0,0,8.77947902255524,0,0.0,83581835.32758664,0,83581835.32758664,0,0,0
9.5,0,578.0,0,578.0,0,578.0,0,0.0,0,0.0,83647296.37987036,0,83647296.37987036,0,0,0
9.5,0,580.34,0,588.2601446697438,0,592.0,0,12.45106988328748,0,0.0237346482276916,83681536.35473152,0,83681536.35473152,0,0,0
9.5,0,578.0,0,578.0,0,578.0,0,0.0,0,0.0,83646570.77859627,0,83646570.77859627,0,0,0
9.5,0,592.0,0,592.0,0,592.0,0,0.0,0,0.0,83677488.83592032,0,83677488.83592032,0,0,0
9.5,0,581.36,0,586.3880250239956,0,592.0,0,19.406881793515584,0,0.0,83681511.01449901,0,83681511.01449901,0,0,0
9.5,0,532.87,0,545.2018179065946,0,555.68,0,21.131360390872672,0,0.4265453743934631,83762992.62989743,0,83762992.62989743,0,0,0
9.5,0,554.0,0,554.0,0,554.0,0,0.0,0,7.691344616413116,83763039.10845222,0,83763039.10845222,0,0,0
9.5,0,570.58,0,584.6891190424643,0,592.0,0,17.857351027017675,0,0.0412172317504882,83702389.81639878,0,83702389.81639878,0,0,0
9.5,0,533.84,0,547.6529661366326,0,578.0,0,61.23095104266158,0,0.1917604851722717,83581506.54769321,0,83581506.54769321,0,0,0
9.5,0,554.0,0,554.0,0,554.0,0,0.0,0,3.2202417206764222,83711445.69084953,0,83711445.69084953,0,0,0
9.5,0,578.0,0,578.0,0,578.0,0,0.0,0,0.0,83581796.6124857,0,83581796.6124857,0,0,0
9.5,0,476.17,0,499.25283457495374,0,1065.9,0,280.0062219116691,0,0.5487555074691772,83681076.86154407,0,83681076.86154407,0,0,0
9.5,0,592.0,0,592.0,0,592.0,0,0.0,0,0.0,83702779.41920336,0,83702779.41920336,0,0,0
9.5,0,592.0,0,592.0,0,592.0,0,0.0,0,0.0,83698547.97316346,0,83698547.97316346,0,0,0
9.5,0,540.88,0,547.958449922025,0,554.0,0,16.2274266315226,0,2.302587299346924,83711539.13172321,0,83711539.13172321,0,0,0
9.5,0,577.35,0,574.9368044990355,0,592.0,0,30.74649557578075,0,0.0002775502204895,100412240.94027232,0,100412240.94027232,0,0,0
9.5,0,555.16,0,549.6578894853856,0,586.78,0,68.73439326824487,0,0.002584159374237,83693740.94528806,0,83693740.94528806,0,0,0
9.5,0,588.38,0,590.9881713966288,0,592.0,0,4.154524949674442,0,0.0,83677445.14936799,0,83677445.14936799,0,0,0
9.5,0,592.0,0,592.0,0,592.0,0,0.0,0,0.0,83681509.85491598,0,83681509.85491598,0,0,0
9.5,0,592.0,0,592.0,0,592.0,0,0.0,0,0.0,83677064.67564422,0,83677064.67564422,0,0,0
9.5,0,578.0,0,578.0,0,578.0,0,0.0,0,0.0,83663871.91329671,0,83663871.91329671,0,0,0
9.5,0,592.0,0,592.0,0,592.0,0,0.0,0,0.0,83702639.24230249,0,83702639.24230249,0,0,0
9.5,0,549.0,0,550.1561429841229,0,554.0,0,13.924882849878088,0,4.395051040649414,83789264.47139959,0,83789264.47139959,0,0,0
9.5,0,562.4,0,547.3602812730784,0,572.82,0,63.86972059221878,0,0.0101077485084533,83647525.35853958,0,83647525.35853958,0,0,0
9.5,0,554.0,0,554.0,0,554.0,0,0.0,0,0.1027183985710144,83763363.31441775,0,83763363.31441775,0,0,0
9.5,0,554.0,0,554.0,0,554.0,0,0.0,0,3.6617953538894654,83784893.79892012,0,83784893.79892012,0,0,0
9.5,0,545.44,0,543.963209285211,0,554.0,0,29.244584946187764,0,1.6268584322929385,83789120.79929999,0,83789120.79929999,0,0,0
9.5,0,546.45,0,548.5473418123415,0,554.0,0,16.068630957652548,0,0.7769906902313233,83784539.38130163,0,83784539.38130163,0,0,0
9.5,0,592.0,0,592.0,0,592.0,0,0.0,0,0.0,83676912.43618064,0,83676912.43618064,0,0,0
9.5,0,554.0,0,554.0,0,554.0,0,0.0,0,1.8304211711883545,83784927.64618063,0,83784927.64618063,0,0,0
9.5,0,592.0,0,592.0,0,592.0,0,0.0,0,0.0,83694121.37670998,0,83694121.37670998,0,0,0
9.5,0,550.01,0,550.1171854346634,0,558.2,0,16.058418677635178,0,0.5060962057113647,83789357.56093307,0,83789357.56093307,0,0,0
9.5,0,554.0,0,554.0,0,554.0,0,0.0,0,1.843136842250824,83784936.0988801,0,83784936.0988801,0,0,0
9.5,0,572.82,0,568.8603752426624,0,578.0,0,25.825319777555787,0,0.0,83647082.09988643,0,83647082.09988643,0,0,0
9.5,0,554.0,0,554.0,0,554.0,0,0.0,0,6.887755694389344,83759350.77840906,0,83759350.77840906,0,0,0
9.5,0,554.0,0,554.0,0,554.0,0,0.0,0,1.904151496887207,83767588.63090631,0,83767588.63090631,0,0,0
9.5,0,554.28,0,554.3213671040003,0,557.92,0,1.05836983573942,0,2.825657947063446,83789120.44698557,0,83789120.44698557,0,0,0
9.5,0,554.0,0,554.0,0,554.0,0,0.0,0,1.80850035905838,83762990.77041675,0,83762990.77041675,0,0,0
9.5,0,549.44,0,544.4343071634247,0,554.0,0,24.883862951806023,0,0.9723732042312622,83759028.75386938,0,83759028.75386938,0,0,0
9.5,0,586.68,0,588.4421361351067,0,592.0,0,13.220075352270287,0,0.0,83677266.41071294,0,83677266.41071294,0,0,0
9.5,0,592.0,0,592.0,0,592.0,0,0.0,0,0.0,83698468.73998463,0,83698468.73998463,0,0,0
9.5,0,554.56,0,525.4014824365521,0,563.44,0,58.60521455851465,0,0.0292187786102294,83647332.84575105,0,83647332.84575105,0,0,0
9.5,0,578.0,0,578.0,0,578.0,0,0.0,0,0.0,83663570.98261635,0,83663570.98261635,0,0,0
9.5,0,592.0,0,592.0,0,592.0,0,0.0,0,0.0,83702650.52047712,0,83702650.52047712,0,0,0
9.5,0,578.0,0,578.0,0,578.0,0,0.0,0,0.0,83647404.40095235,0,83647404.40095235,0,0,0
9.5,0,586.68,0,590.1583366013072,0,592.0,0,7.432586106841026,0,0.0,83681252.04948692,0,83681252.04948692,0,0,0
9.5,0,536.04,0,544.492388399698,0,554.0,0,31.67838330830828,0,0.2162327146530151,83707334.52203457,0,83707334.52203457,0,0,0
9.5,0,521.0,0,542.4763938352669,0,554.0,0,18.10769351907716,0,6.590130138397217,83758951.08914332,0,83758951.08914332,0,0,0
9.5,0,554.0,0,554.0,0,554.0,0,0.0,0,1.7333688235282898,83784694.23809175,0,83784694.23809175,0,0,0
9.5,0,578.0,0,578.0,0,578.0,0,0.0,0,0.0,83647432.88956612,0,83647432.88956612,0,0,0
9.5,0,572.82,0,577.4683684210527,0,578.0,0,2.285632655812713,0,0.0,83586074.04448514,0,83586074.04448514,0,0,0
9.5,0,590.56,0,588.0152548937132,0,727.3,0,70.95461092741394,0,0.0084966897964477,83677501.77930118,0,83677501.77930118,0,0,0
9.5,0,562.86,0,573.7576967271635,0,592.0,0,36.39818945222865,0,0.0002028608322143,83694165.64359668,0,83694165.64359668,0,0,0
9.5,0,567.64,0,554.1584171519914,0,572.82,0,37.083002712378416,0,0.0,83586156.75575052,0,83586156.75575052,0,0,0
9.5,0,587.06,0,581.6371660937102,0,592.0,0,26.957518197789856,0,0.0,83677049.66959156,0,83677049.66959156,0,0,0
9.5,0,586.68,0,583.943358357329,0,592.0,0,24.219673819098794,0,0.0,83702743.82017882,0,83702743.82017882,0,0,0
9.5,0,578.0,0,578.0,0,578.0,0,0.0,0,0.0,83573858.10436226,0,83573858.10436226,0,0,0
9.5,0,591.98,0,591.9866245719364,0,592.0,0,0.0496995313995123,0,0.0,83702656.05906872,0,83702656.05906872,0,0,0
9.5,0,554.0,0,554.0,0,554.0,0,0.0,0,0.642353847026825,83784867.80768517,0,83784867.80768517,0,0,0
9.5,0,547.1,0,550.1877500453622,0,554.0,0,14.582318462232127,0,2.2474800038337706,83707202.31708235,0,83707202.31708235,0,0,0
9.5,0,578.0,0,578.0,0,578.0,0,0.0,0,0.0,83651444.24808861,0,83651444.24808861,0,0,0
9.5,0,549.06,0,545.2838327603769,0,554.0,0,24.62877986508216,0,1.0129980373382568,83707377.32498327,0,83707377.32498327,0,0,0
9.5,0,584.77,0,587.4907151559739,0,592.0,0,16.899854374864685,0,0.0009067392349243,83698597.93717843,0,83698597.93717843,0,0,0
9.5,0,520.02,0,490.6337270851784,0,529.8,0,59.99579639524332,0,6.606376175880432,83784910.11853291,0,83784910.11853291,0,0,0
9.5,0,554.0,0,554.0,0,554.0,0,0.0,0,1.194865779876709,83784546.1727256,0,83784546.1727256,0,0,0
9.5,0,592.0,0,592.0,0,592.0,0,0.0,0,0.0,83677490.09110129,0,83677490.09110129,0,0,0
9.5,0,544.56,0,542.3520043032304,0,554.0,0,25.830026327086543,0,3.686425340175629,83759310.59641236,0,83759310.59641236,0,0,0
9.5,0,575.7,0,572.0251987885696,0,578.0,0,13.701071225691631,0,0.0,83650850.86838588,0,83650850.86838588,0,0,0
9.5,0,549.06,0,551.9370268440709,0,554.0,0,8.173931620694676,0,1.0382889127731325,83784816.13926552,0,83784816.13926552,0,0,0
9.5,0,569.13,0,561.8166801935165,0,578.0,0,40.94343808329602,0,0.0122936606407165,83581700.05426855,0,83581700.05426855,0,0,0
9.5,0,370.31,0,365.8912241516223,0,398.58,0,15.019522403376984,0,0.2728136301040649,83767413.5300435,0,83767413.5300435,0,0,0
9.5,0,578.0,0,578.0,0,578.0,0,0.0,0,0.0,83651095.04041506,0,83651095.04041506,0,0,0
9.5,0,592.0,0,592.0,0,592.0,0,0.0,0,0.0,83681525.74085079,0,83681525.74085079,0,0,0
9.5,0,549.56,0,544.686035922282,0,554.0,0,24.22902445307428,0,4.822494304180145,83763359.53650609,0,83763359.53650609,0,0,0
9.5,0,572.82,0,559.3637085759957,0,572.82,0,30.857195195253325,0,0.0,100376445.1661482,0,100376445.1661482,0,0,0
9.5,0,592.0,0,592.0,0,592.0,0,0.0,0,0.0,83676902.88281856,0,83676902.88281856,0,0,0
9.5,0,545.48,0,550.4663539321875,0,554.0,0,13.281514171026677,0,0.5657034492492676,83784953.21526684,0,83784953.21526684,0,0,0
9.5,0,554.0,0,554.0,0,554.0,0,0.0,0,2.880101878643036,83767509.37715352,0,83767509.37715352,0,0,0
9.5,0,515.52,0,496.48165320682926,0,531.32,0,31.19257236726834,0,2.552309539318085,83711507.9412681,0,83711507.9412681,0,0,0
9.5,0,554.0,0,554.0,0,554.0,0,0.0,0,3.1069430780410765,83759025.15628734,0,83759025.15628734,0,0,0
9.5,0,541.74,0,518.3022446343647,0,557.28,0,61.73276347366222,0,0.0,83663868.34406336,0,83663868.34406336,0,0,0
9.5,0,554.0,0,554.0,0,554.0,0,0.0,0,4.868282889064989,44083795.01754897,0,44083795.01754897,0,0,0
9.5,0,554.0,0,554.0,0,554.0,0,0.0,0,1.220478880405426,83784782.77243605,0,83784782.77243605,0,0,0
9.5,0,549.12,0,553.4991578947369,0,554.0,0,2.153260108178772,0,4.399661338329315,83707330.52918258,0,83707330.52918258,0,0,0
9.5,0,573.28,0,575.6658232194362,0,578.0,0,9.067645730078937,0,0.0,83650800.12377486,0,83650800.12377486,0,0,0
9.5,0,581.34,0,574.0747857310389,0,592.0,0,37.03909503206339,0,0.0299874997138977,83677403.5353248,0,83677403.5353248,0,0,0
9.5,0,554.0,0,554.0,0,554.0,0,0.0,0,0.7342751216888428,83784625.8016796,0,83784625.8016796,0,0,0
9.5,0,592.0,0,592.0,0,592.0,0,0.0,0,0.0,83698459.26870228,0,83698459.26870228,0,0,0
9.5,0,586.68,0,591.734,0,592.0,0,1.159467118981819,0,0.0,83694164.26134054,0,83694164.26134054,0,0,0
9.5,0,554.0,0,554.0,0,554.0,0,0.0,0,3.5320843648910523,83789098.51131882,0,83789098.51131882,0,0,0
9.5,0,587.06,0,583.2838327603769,0,592.0,0,24.62877986508216,0,0.0,83694063.08547685,0,83694063.08547685,0,0,0
9.5,0,557.32,0,559.2900801096049,0,578.0,0,56.987480197404295,0,0.0018522119522094,83581730.32419796,0,83581730.32419796,0,0,0
9.5,0,554.0,0,554.0,0,554.0,0,0.0,0,2.472195975780487,83789021.42540559,0,83789021.42540559,0,0,0
9.5,0,573.95,0,577.7975,0,578.0,0,0.8826770360669864,0,0.0004443311691284,83663709.10314794,0,83663709.10314794,0,0,0
9.5,0,592.0,0,592.0,0,592.0,0,0.0,0,0.0,83681187.73525728,0,83681187.73525728,0,0,0
9.5,0,520.72,0,525.1156452251739,0,592.14,0,74.95806475729202,0,0.1000716304779052,83573352.5843751,0,83573352.5843751,0,0,0
9.5,0,578.0,0,578.0,0,578.0,0,0.0,0,0.0,83573876.65338817,0,83573876.65338817,0,0,0
9.5,0,467.83,0,452.6528875034065,0,574.32,0,87.44467964775632,0,13.113376650810242,83581667.58888476,0,83581667.58888476,0,0,0
9.5,0,550.21,0,541.8570666994254,0,688.4,0,57.46655890176751,0,1.4271804022789,83767591.38855374,0,83767591.38855374,0,0,0
9.5,0,549.85,0,553.7925,0,554.0,0,0.9044715307846896,0,2.67428231716156,83711501.5283143,0,83711501.5283143,0,0,0
9.5,0,535.94,0,545.2418671355305,0,554.0,0,26.391564547254493,0,1.7525066757202148,83784661.3828848,0,83784661.3828848,0,0,0
9.5,0,578.0,0,578.0,0,578.0,0,0.0,0,0.0,83581602.07747898,0,83581602.07747898,0,0,0
9.5,0,549.06,0,550.6962692683134,0,554.0,0,12.27578425567955,0,2.143205313682556,83767602.15103818,0,83767602.15103818,0,0,0
9.5,0,581.95,0,585.6355702308526,0,592.0,0,21.21114542566277,0,0.0349933195114135,83681503.6878449,0,83681503.6878449,0,0,0
9.5,0,608.2,0,539.7358358397709,0,791.89,0,133.06175842790006,0,0.5525910639762879,83698413.197941,0,83698413.197941,0,0,0
9.5,0,539.26,0,536.1789920568767,0,554.0,0,46.30118469213865,0,0.4311343908309936,83763085.40537369,0,83763085.40537369,0,0,0
9.5,0,567.78,0,571.4021935555844,0,578.0,0,24.19124681006502,0,0.0,83574132.47252876,0,83574132.47252876,0,0,0
9.5,0,586.66,0,590.8411630546956,0,592.0,0,4.835889938386015,0,0.0,83694116.89414851,0,83694116.89414851,0,0,0
9.5,0,554.0,0,554.0,0,554.0,0,0.0,0,1.9604683709144592,83789261.44712278,0,83789261.44712278,0,0,0
9.5,0,572.88,0,577.4745263157895,0,578.0,0,2.259158146285925,0,0.0022882294654846,83573981.40839387,0,83573981.40839387,0,0,0
9.5,0,536.69,0,551.6834473684211,0,554.0,0,5.891911046272577,0,0.1106160545349121,83789343.36525293,0,83789343.36525293,0,0,0
9.5,0,549.16,0,549.1363686308532,0,554.0,0,16.601031395628464,0,3.083038446903229,83762994.21028802,0,83762994.21028802,0,0,0
9.5,0,592.0,0,592.0,0,592.0,0,0.0,0,0.0,83693833.87529013,0,83693833.87529013,0,0,0
9.5,0,581.32,0,575.4319976045628,0,592.0,0,47.4563271713838,0,0.0006922006607055,83693942.53856635,0,83693942.53856635,0,0,0
9.5,0,587.06,0,579.1671660937102,0,592.0,0,29.42751819778985,0,0.0,83693810.98117551,0,83693810.98117551,0,0,0
9.5,0,562.46,0,563.0877504853248,0,578.0,0,31.975942781244,0,0.0,83586352.62932053,0,83586352.62932053,0,0,0
9.5,0,578.0,0,578.0,0,578.0,0,0.0,0,0.0,83650814.4413834,0,83650814.4413834,0,0,0
9.5,0,526.38,0,527.1626270144545,0,569.34,0,80.35555549555828,0,2.34247611284256,83585946.87306793,0,83585946.87306793,0,0,0
9.5,0,572.76,0,574.4956378473609,0,578.0,0,13.021277226672236,0,0.0,83647508.59743798,0,83647508.59743798,0,0,0
9.5,0,587.05,0,590.9257972136223,0,592.0,0,4.482706965357823,0,0.0,83693720.7504284,0,83693720.7504284,0,0,0
9.5,0,586.68,0,586.6540250239956,0,592.0,0,18.247414674533765,0,0.0,83693753.42606762,0,83693753.42606762,0,0,0
9.5,0,586.68,0,588.9257724987431,0,592.0,0,11.690682883897944,0,0.0,83677175.50445218,0,83677175.50445218,0,0,0
9.5,0,549.06,0,553.493,0,554.0,0,2.1797346177055603,0,1.1653347539901733,83707235.4282007,0,83707235.4282007,0,0,0
9.5,0,564.16,0,571.0692344141926,0,578.0,0,20.764416213057338,0,0.0,83650946.47988918,0,83650946.47988918,0,0,0
9.5,0,592.0,0,592.0,0,592.0,0,0.0,0,0.0,83693753.9682318,0,83693753.9682318,0,0,0
9.5,0,554.0,0,554.0,0,554.0,0,0.0,0,2.189472880363464,83789346.29025008,0,83789346.29025008,0,0,0
9.5,0,572.96,0,567.4273921279959,0,578.0,0,27.50321694673296,0,0.000724458694458,83574180.14448127,0,83574180.14448127,0,0,0
9.5,0,592.0,0,592.0,0,592.0,0,0.0,0,0.0,83677110.16391678,0,83677110.16391678,0,0,0
9.5,0,578.0,0,578.0,0,578.0,0,0.0,0,0.0,83647245.80000594,0,83647245.80000594,0,0,0
9.5,0,592.0,0,592.0,0,592.0,0,0.0,0,0.0,83681507.25361189,0,83681507.25361189,0,0,0
9.5,0,586.68,0,588.9257724987431,0,592.0,0,11.690682883897944,0,0.0,83681138.64722995,0,83681138.64722995,0,0,0
9.5,0,554.0,0,554.0,0,554.0,0,0.0,0,0.3506614255905151,83707359.35114859,0,83707359.35114859,0,0,0
9.5,0,578.0,0,578.0,0,578.0,0,0.0,0,0.0,83573771.3670964,0,83573771.3670964,0,0,0
9.5,0,592.0,0,592.0,0,592.0,0,0.0,0,0.0,83702850.03002085,0,83702850.03002085,0,0,0
9.5,0,592.0,0,592.0,0,592.0,0,0.0,0,0.0,83677155.68094875,0,83677155.68094875,0,0,0
9.5,0,592.0,0,592.0,0,592.0,0,0.0,0,0.0,83693861.02258323,0,83693861.02258323,0,0,0
9.5,0,539.19,0,543.0205804999524,0,580.64,0,69.07398236222403,0,0.0469495320320129,83586835.13239889,0,83586835.13239889,0,0,0
9.5,0,573.96,0,575.2981635311712,0,578.0,0,10.039305342701496,0,0.0,83651089.44630907,0,83651089.44630907,0,0,0
9.5,0,592.0,0,592.0,0,592.0,0,0.0,0,0.0,83677270.57922763,0,83677270.57922763,0,0,0
9.5,0,553.28,0,553.8861052631579,0,554.0,0,0.4826183393461646,0,1.4634694933891297,83784773.07796147,0,83784773.07796147,0,0,0
9.5,0,592.0,0,592.0,0,592.0,0,0.0,0,0.0,83677214.54660957,0,83677214.54660957,0,0,0
9.5,0,550.76,0,553.0943854489165,0,554.0,0,3.718414595841214,0,3.3925582575798034,83763367.2836017,0,83763367.2836017,0,0,0
9.5,0,539.38,0,551.3967158582731,0,554.0,0,8.902807782276277,0,1.944700784683228,83762973.82710421,0,83762973.82710421,0,0,0
9.5,0,554.0,0,554.0,0,554.0,0,0.0,0,1.8003312468528747,83784801.6813631,0,83784801.6813631,0,0,0
9.5,0,554.0,0,554.0,0,554.0,0,0.0,0,0.3808985662460327,83707362.81682685,0,83707362.81682685,0,0,0
9.5,0,528.98,0,520.9761017949199,0,544.12,0,42.984422790936144,0,3.85705589056015,83707229.09818847,0,83707229.09818847,0,0,0
9.5,0,554.0,0,554.0,0,554.0,0,0.0,0,0.9885263776779176,83767431.09262742,0,83767431.09262742,0,0,0
9.5,0,578.0,0,578.0,0,578.0,0,0.0,0,0.0,83647396.90368232,0,83647396.90368232,0,0,0
9.5,0,554.0,0,554.0,0,554.0,0,0.0,0,0.8712476563453674,83784850.42802495,0,83784850.42802495,0,0,0
9.5,0,573.01,0,571.4411124441864,0,578.0,0,20.72132563107199,0,0.0142861700057983,83573763.12805448,0,83573763.12805448,0,0,0
9.5,0,545.34,0,535.5985745691356,0,554.0,0,33.29514543313367,0,0.980686604976654,83759291.526156,0,83759291.526156,0,0,0
9.5,0,578.0,0,578.0,0,578.0,0,0.0,0,0.0,83581846.16230138,0,83581846.16230138,0,0,0
9.5,0,592.0,0,592.0,0,592.0,0,0.0,0,0.0,83693859.04990272,0,83693859.04990272,0,0,0
9.5,0,549.06,0,546.5188327603769,0,554.0,0,22.4896971177346,0,2.939622702598572,83711553.51810348,0,83711553.51810348,0,0,0
9.5,0,554.0,0,554.0,0,554.0,0,0.0,0,0.8173282766342163,83767453.827392,0,83767453.827392,0,0,0
9.5,0,560.05,0,555.5153269282747,0,578.0,0,45.33680193152672,0,0.0332552695274353,83586763.36985968,0,83586763.36985968,0,0,0
9.5,0,578.0,0,578.0,0,578.0,0,0.0,0,0.0,83646498.51490636,0,83646498.51490636,0,0,0
9.5,0,568.09,0,554.8463999977062,0,578.0,0,37.18241924801139,0,0.0049537301063537,83650946.5912859,0,83650946.5912859,0,0,0
9.5,0,587.1,0,583.3544090133292,0,592.0,0,24.42935654633656,0,0.0199753212928772,83694165.98824452,0,83694165.98824452,0,0,0
9.5,0,549.09,0,543.5370716202011,0,578.0,0,68.72840136981564,0,0.0524798989295959,83650802.62236963,0,83650802.62236963,0,0,0
9.5,0,586.62,0,589.3394340933405,0,592.0,0,10.335579243183192,0,0.0005860304832458,83694044.33551157,0,83694044.33551157,0,0,0
9.5,0,549.06,0,543.6371660937102,0,554.0,0,26.957518197789856,0,2.925637555122376,83767589.43215781,0,83767589.43215781,0,0,0
9.5,0,592.0,0,592.0,0,592.0,0,0.0,0,0.0,83681147.05444467,0,83681147.05444467,0,0,0
9.5,0,554.0,0,554.0,0,554.0,0,0.0,0,0.7624792098999024,83789314.32604799,0,83789314.32604799,0,0,0
9.5,0,535.6,0,537.31011411808,0,554.0,0,40.307171001351854,0,0.1278215813636779,83784578.14990252,0,83784578.14990252,0,0,0
9.5,0,579.8,0,582.100211103482,0,592.0,0,21.644515774796364,0,0.0306462693214416,83681538.93860066,0,83681538.93860066,0,0,0
9.5,0,554.0,0,554.0,0,554.0,0,0.0,0,1.513991696834564,83767562.24805027,0,83767562.24805027,0,0,0
9.5,0,549.24,0,544.0147592319961,0,554.0,0,25.975260449692247,0,2.3782269310951234,83759005.37289079,0,83759005.37289079,0,0,0
9.5,0,554.12,0,548.8674960239279,0,574.52,0,43.60984187084878,0,0.0003093218803405,83573914.56966634,0,83573914.56966634,0,0,0
9.5,0,540.96,0,544.2033253500886,0,578.0,0,50.602010424297816,0,0.1323046851158142,83650952.34633012,0,83650952.34633012,0,0,0
9.36065573770492,0,592.0,0,592.0,0,592.0,0,0.0,0,0.0,82326290.5480305,0,82326290.5480305,0,0,0
9.5,0,586.98,0,590.9106064671482,0,592.0,0,4.54609878102955,0,0.0,83676987.0686973,0,83676987.0686973,0,0,0
9.5,0,581.54,0,579.7245902114742,0,592.0,0,33.685943908811915,0,0.0122977185249328,83698398.00860628,0,83698398.00860628,0,0,0
9.5,0,545.02,0,562.4370942300734,0,586.78,0,48.57586158571403,0,0.0,83694112.54387167,0,83694112.54387167,0,0,0
9.5,0,548.92,0,562.0877788937067,0,578.0,0,47.54757908928123,0,0.0,83581785.11971253,0,83581785.11971253,0,0,0
9.5,0,554.0,0,554.0,0,554.0,0,0.0,0,3.3912710833549498,83763025.17342712,0,83763025.17342712,0,0,0
9.5,0,550.6,0,552.3186014716277,0,554.0,0,6.531778703870421,0,0.3176287150382995,83784866.05065447,0,83784866.05065447,0,0,0
9.5,0,558.4,0,559.0133880790693,0,578.0,0,44.92576081302004,0,0.0376594281196594,83586810.7894634,0,83586810.7894634,0,0,0
9.5,0,559.34,0,573.7285597695218,0,578.0,0,14.557105696050296,0,0.0001761293411254,83663870.34661755,0,83663870.34661755,0,0,0
9.5,0,578.0,0,578.0,0,578.0,0,0.0,0,0.0,83650843.00425582,0,83650843.00425582,0,0,0
9.5,0,554.0,0,554.0,0,554.0,0,0.0,0,0.2935408115386962,83788971.206842,0,83788971.206842,0,0,0
9.5,0,578.0,0,578.0,0,578.0,0,0.0,0,0.0,83585926.07611263,0,83585926.07611263,0,0,0
9.5,0,578.0,0,578.0,0,578.0,0,0.0,0,0.0,83663585.46152318,0,83663585.46152318,0,0,0
9.5,0,578.0,0,578.0,0,578.0,0,0.0,0,0.0,83647402.6622127,0,83647402.6622127,0,0,0
9.5,0,549.2,0,543.9308496457103,0,554.0,0,26.193539949269493,0,16.40653627157211,83763190.45645846,0,83763190.45645846,0,0,0
9.5,0,547.14,0,559.4463443746656,0,578.0,0,37.09608526346747,0,0.0,83646615.50166431,0,83646615.50166431,0,0,0
9.5,0,578.0,0,578.0,0,578.0,0,0.0,0,0.0,83586229.2054705,0,83586229.2054705,0,0,0
9.5,0,578.0,0,578.0,0,578.0,0,0.0,0,0.0,83586838.0709769,0,83586838.0709769,0,0,0
9.5,0,587.33,0,584.9277224678057,0,592.0,0,21.260503145712665,0,0.0577268004417419,83681090.67365797,0,83681090.67365797,0,0,0
9.5,0,578.0,0,578.0,0,578.0,0,0.0,0,0.0,83581831.98867486,0,83581831.98867486,0,0,0
9.5,0,588.38,0,587.2418491078066,0,592.0,0,15.032304365627374,0,0.0,83693810.41177073,0,83693810.41177073,0,0,0
9.5,0,575.26,0,577.4053907808737,0,578.0,0,2.4813367848647347,0,0.0011271286010742,83646767.79310589,0,83646767.79310589,0,0,0
9.5,0,572.82,0,575.8368014275886,0,578.0,0,8.571045707530043,0,0.0,83574188.15485568,0,83574188.15485568,0,0,0
9.5,0,578.0,0,578.0,0,578.0,0,0.0,0,0.0,83650817.14706911,0,83650817.14706911,0,0,0
9.5,0,554.0,0,554.0,0,554.0,0,0.0,0,2.0044781494140627,83789342.62708732,0,83789342.62708732,0,0,0
9.5,0,572.82,0,574.0177641315512,0,578.0,0,14.4261786324737,0,0.0,83651083.22357579,0,83651083.22357579,0,0,0
9.5,0,586.68,0,587.9101361351068,0,592.0,0,14.816075352270284,0,0.0,83677638.74541976,0,83677638.74541976,0,0,0
9.5,0,578.0,0,578.0,0,578.0,0,0.0,0,0.0,83574121.66676125,0,83574121.66676125,0,0,0
9.5,0,587.81,0,613.265167322229,0,995.47,0,194.41042214576407,0,0.0526007938385009,83663887.31429163,0,83663887.31429163,0,0,0
9.5,0,592.0,0,592.0,0,592.0,0,0.0,0,0.0,83681509.45304194,0,83681509.45304194,0,0,0
9.5,0,567.72,0,572.4962420965688,0,578.0,0,21.14200743423983,0,0.0013053917884826,83573730.99526083,0,83573730.99526083,0,0,0
9.5,0,572.96,0,573.5653921279959,0,578.0,0,15.62020110253498,0,0.0,83647514.1153101,0,83647514.1153101,0,0,0
9.5,0,592.0,0,592.0,0,592.0,0,0.0,0,0.0,83698525.82798871,0,83698525.82798871,0,0,0
9.5,0,556.83,0,554.7046319509953,0,636.8,0,35.61677757888899,0,2.547319824695588,83707312.91086614,0,83707312.91086614,0,0,0
9.5,0,586.68,0,590.5130032679739,0,592.0,0,6.105544953665202,0,0.0,83693744.6404564,0,83693744.6404564,0,0,0
9.5,0,554.0,0,554.0,0,554.0,0,0.0,0,3.401564939022064,83789057.98052707,0,83789057.98052707,0,0,0
9.5,0,549.06,0,549.0358803794246,0,554.0,0,16.944027912067067,0,2.056049492359161,83767411.38135938,0,83767411.38135938,0,0,0
9.5,0,557.77,0,560.7021437106926,0,632.72,0,69.92364121917257,0,0.0430758666992187,83694035.51182061,0,83694035.51182061,0,0,0
9.5,0,568.4,0,566.1816992914206,0,578.0,0,26.190194184782296,0,0.0,83647289.74292009,0,83647289.74292009,0,0,0
9.5,0,581.34,0,571.4114285881817,0,592.0,0,37.40177819475106,0,0.0008680391311645,83676898.10768157,0,83676898.10768157,0,0,0
9.5,0,550.42,0,550.4025205988542,0,554.0,0,12.279275288502044,0,2.172217919826508,83789026.75254181,0,83789026.75254181,0,0,0
9.5,0,578.0,0,578.0,0,578.0,0,0.0,0,0.0,83581839.08425258,0,83581839.08425258,0,0,0
9.5,0,1085.8,0,1089.4482040853022,0,2793.88,0,979.4715666689236,0,0.7603076124191284,83585935.24897069,0,83585935.24897069,0,0,0
9.5,0,578.0,0,578.0,0,578.0,0,0.0,0,0.0,83581839.75796755,0,83581839.75796755,0,0,0
9.5,0,592.0,0,592.0,0,592.0,0,0.0,0,0.0,83677167.03811872,0,83677167.03811872,0,0,0
9.5,0,592.0,0,592.0,0,592.0,0,0.0,0,0.0,83702783.94088021,0,83702783.94088021,0,0,0
9.5,0,572.82,0,574.0177641315512,0,578.0,0,14.4261786324737,0,0.0,83647520.18361917,0,83647520.18361917,0,0,0
9.5,0,554.0,0,554.0,0,554.0,0,0.0,0,3.3050624561309814,83762962.68854961,0,83762962.68854961,0,0,0
9.5,0,549.06,0,552.6192173202614,0,554.0,0,5.669434599831972,0,1.8822504353523253,83767500.63201708,0,83767500.63201708,0,0,0
9.5,0,592.0,0,592.0,0,592.0,0,0.0,0,0.0,83698526.86538456,0,83698526.86538456,0,0,0
9.5,0,584.66,0,580.678257583232,0,592.0,0,33.57867300896859,0,0.0026939892768859,83681148.27385513,0,83681148.27385513,0,0,0
9.5,0,592.0,0,592.0,0,592.0,0,0.0,0,0.0,83698414.89704041,0,83698414.89704041,0,0,0
9.5,0,554.0,0,554.0,0,554.0,0,0.0,0,0.4695311713218689,83707236.97025585,0,83707236.97025585,0,0,0
9.5,0,571.59,0,555.4590883908403,0,591.98,0,67.1712233207557,0,0.0245903897285461,83677208.6404118,0,83677208.6404118,0,0,0
9.5,0,554.0,0,554.0,0,554.0,0,0.0,0,3.5993824291229246,83759033.87019421,0,83759033.87019421,0,0,0
9.5,0,592.0,0,592.0,0,592.0,0,0.0,0,0.0,83677069.7399646,0,83677069.7399646,0,0,0
9.5,0,542.1,0,540.8554349320269,0,554.0,0,31.24919758887877,0,0.7346195268630982,83784937.0334499,0,83784937.0334499,0,0,0
9.5,0,574.25,0,574.7004405714255,0,578.0,0,11.622173439386149,0,0.0002618217468261,83647092.50422679,0,83647092.50422679,0,0,0
9.5,0,550.76,0,549.7413235108545,0,554.0,0,13.454327664263174,0,0.8724720573425293,83767422.68806301,0,83767422.68806301,0,0,0
9.5,0,592.0,0,592.0,0,592.0,0,0.0,0,0.0,83677365.18386792,0,83677365.18386792,0,0,0
9.5,0,554.0,0,554.0,0,554.0,0,0.0,0,0.5968312072753906,83707274.50485554,0,83707274.50485554,0,0,0
9.5,0,554.0,0,554.0,0,554.0,0,0.0,0,0.4349452495574951,83767518.66984236,0,83767518.66984236,0,0,0
9.5,0,544.25,0,523.7320383428491,0,544.25,0,34.27393394756139,0,2.9592336225509643,83707357.45953535,0,83707357.45953535,0,0,0
9.5,0,592.0,0,592.0,0,592.0,0,0.0,0,0.0,83698654.2256592,0,83698654.2256592,0,0,0
9.5,0,592.0,0,592.0,0,592.0,0,0.0,0,0.0,83681195.44740957,0,83681195.44740957,0,0,0
9.5,0,572.82,0,575.4383398891271,0,578.0,0,9.951356966484934,0,0.0,83646617.92762673,0,83646617.92762673,0,0,0
9.5,0,592.0,0,592.0,0,592.0,0,0.0,0,0.0,83693857.69062851,0,83693857.69062851,0,0,0
9.5,0,554.0,0,554.0,0,554.0,0,0.0,0,2.086733064651489,83767538.72597516,0,83767538.72597516,0,0,0
9.5,0,592.0,0,592.0,0,592.0,0,0.0,0,0.0,83681001.92985468,0,83681001.92985468,0,0,0
9.5,0,592.0,0,592.0,0,592.0,0,0.0,0,0.0,83702853.82165498,0,83702853.82165498,0,0,0
9.5,0,549.32,0,542.1225784045677,0,559.6,0,29.98356175176817,0,0.0117790794372558,83707366.03730628,0,83707366.03730628,0,0,0
9.5,0,554.0,0,554.0,0,554.0,0,0.0,0,1.815251903533936,83767495.10808326,0,83767495.10808326,0,0,0
9.5,0,588.38,0,582.5961824411398,0,592.0,0,21.564294711740743,0,0.0,83676945.06028047,0,83676945.06028047,0,0,0
9.5,0,576.04,0,583.131358357329,0,592.0,0,27.0036132114922,0,0.0,83677004.27281195,0,83677004.27281195,0,0,0
9.5,0,578.0,0,578.0,0,578.0,0,0.0,0,0.0,83650948.25149477,0,83650948.25149477,0,0,0
9.5,0,588.22,0,591.811,0,592.0,0,0.8238319003291873,0,0.0,83693716.13274565,0,83693716.13274565,0,0,0
9.5,0,554.0,0,554.0,0,554.0,0,0.0,0,1.6755388498306274,83784930.87650637,0,83784930.87650637,0,0,0
9.5,0,572.82,0,559.3637085759957,0,572.82,0,30.857195195253325,0,0.0,83647391.94711371,0,83647391.94711371,0,0,0
9.5,0,592.0,0,592.0,0,592.0,0,0.0,0,0.0,83681320.99520832,0,83681320.99520832,0,0,0
9.5,0,461.3,0,447.0955400907143,0,576.34,0,120.90278603159553,0,0.0,83698524.40492006,0,83698524.40492006,0,0,0
9.5,0,581.5,0,583.7308264515841,0,592.0,0,28.680072586579023,0,0.0,83698581.53523406,0,83698581.53523406,0,0,0
9.5,0,591.98,0,591.9799023497143,0,592.0,0,0.0685993032877209,0,0.0,83676905.98463435,0,83676905.98463435,0,0,0
9.5,0,549.39,0,553.2707573099416,0,554.0,0,3.0900979783136377,0,3.170612921714783,83707240.20772596,0,83707240.20772596,0,0,0
9.5,0,547.0,0,545.1424890666608,0,554.0,0,28.30027519496033,0,0.0554162192344665,83784665.4267685,0,83784665.4267685,0,0,0
9.5,0,549.2,0,552.9583488132096,0,554.0,0,4.34686736034698,0,1.7967211484909058,83789261.29925418,0,83789261.29925418,0,0,0
9.5,0,586.82,0,588.5357641315512,0,592.0,0,12.872178632473702,0,0.0189489078521728,83698569.53214559,0,83698569.53214559,0,0,0
9.5,0,592.0,0,592.0,0,592.0,0,0.0,0,0.0,83693854.56086059,0,83693854.56086059,0,0,0
9.5,0,534.69,0,536.1863542039316,0,554.0,0,37.17999486311508,0,5.038957259654999,83707270.67425115,0,83707270.67425115,0,0,0
9.5,0,578.0,0,578.0,0,578.0,0,0.0,0,0.0,83581523.21374828,0,83581523.21374828,0,0,0
9.5,0,578.0,0,578.0,0,578.0,0,0.0,0,0.0,83650945.60148166,0,83650945.60148166,0,0,0
9.5,0,572.82,0,577.4683684210527,0,578.0,0,2.285632655812713,0,0.0,83650793.3330168,0,83650793.3330168,0,0,0
9.5,0,554.0,0,554.0,0,554.0,0,0.0,0,0.1166601729393005,83784585.69298764,0,83784585.69298764,0,0,0
9.5,0,554.0,0,554.0,0,554.0,0,0.0,0,1.8570910692214968,83767425.12143128,0,83767425.12143128,0,0,0
9.5,0,592.0,0,592.0,0,592.0,0,0.0,0,0.0,83694026.19595833,0,83694026.19595833,0,0,0
9.5,0,530.96,0,540.5993553556866,0,554.0,0,21.82052147166185,0,0.8262778973579407,83789350.89709035,0,83789350.89709035,0,0,0
9.5,0,539.18,0,550.1169157329598,0,554.0,0,15.243580196045173,0,4.818860595226288,83759107.27417037,0,83759107.27417037,0,0,0
9.5,0,592.0,0,592.0,0,592.0,0,0.0,0,0.0,83681106.37818906,0,83681106.37818906,0,0,0
9.5,0,586.68,0,587.9101361351068,0,592.0,0,14.816075352270284,0,0.0,83677004.71842152,0,83677004.71842152,0,0,0
9.5,0,554.0,0,554.0,0,554.0,0,0.0,0,0.8609085965156555,83707381.09619379,0,83707381.09619379,0,0,0
9.5,0,578.0,0,578.0,0,578.0,0,0.0,0,0.0,83650819.30084196,0,83650819.30084196,0,0,0
9.5,0,554.0,0,554.0,0,554.0,0,0.0,0,2.227113199234009,83784893.98068458,0,83784893.98068458,0,0,0
9.5,0,602.42,0,622.6275881417345,0,740.8,0,64.02636370680503,0,0.0544313907623291,83647086.8501704,0,83647086.8501704,0,0,0
9.5,0,578.0,0,578.0,0,578.0,0,0.0,0,0.0,83650863.60598001,0,83650863.60598001,0,0,0
9.5,0,550.18,0,553.3957251461989,0,554.0,0,2.56055841153104,0,1.4560705208778382,83711447.96195458,0,83711447.96195458,0,0,0
9.5,0,578.0,0,578.0,0,578.0,0,0.0,0,0.0,83581841.74744706,0,83581841.74744706,0,0,0
9.5,0,545.96,0,529.8741731565648,0,547.52,0,29.738797145396376,0,0.2115810203552246,83763363.63924885,0,83763363.63924885,0,0,0
9.5,0,554.0,0,554.0,0,554.0,0,0.0,0,3.737865104675293,83767505.14790854,0,83767505.14790854,0,0,0
9.5,0,563.8,0,575.8115746474028,0,578.0,0,8.549126900068433,0,0.0028343772888183,83586157.02831668,0,83586157.02831668,0,0,0
9.5,0,571.99,0,573.3043696536952,0,592.0,0,56.87211253252666,0,0.0011874365806579,83681543.64870606,0,83681543.64870606,0,0,0
9.5,0,592.0,0,592.0,0,592.0,0,0.0,0,0.0,83693849.12626742,0,83693849.12626742,0,0,0
9.5,0,592.0,0,592.0,0,592.0,0,0.0,0,0.0,83698578.08187181,0,83698578.08187181,0,0,0
9.5,0,578.0,0,578.0,0,578.0,0,0.0,0,0.0,83663715.26646551,0,83663715.26646551,0,0,0
9.5,0,581.88,0,587.7543196871069,0,592.0,0,14.062552160040775,0,0.0,83677261.1334342,0,83677261.1334342,0,0,0
9.5,0,549.04,0,553.4909473684211,0,554.0,0,2.1885594542144897,0,2.762791862487793,83759202.68604378,0,83759202.68604378,0,0,0
9.5,0,578.0,0,578.0,0,578.0,0,0.0,0,0.0,83647297.37048025,0,83647297.37048025,0,0,0
9.5,0,550.12,0,553.157998624011,0,554.0,0,3.513717782947142,0,0.8049828124046325,83767550.88647348,0,83767550.88647348,0,0,0
9.5,0,572.76,0,575.408668150391,0,578.0,0,10.066623649494412,0,0.0085775208473205,83573859.70283599,0,83573859.70283599,0,0,0
9.5,0,586.68,0,587.9101361351068,0,592.0,0,14.816075352270284,0,0.0,83676893.4809357,0,83676893.4809357,0,0,0
9.5,0,578.0,0,578.0,0,578.0,0,0.0,0,0.0,83573708.31436118,0,83573708.31436118,0,0,0
9.5,0,578.0,0,578.0,0,578.0,0,0.0,0,0.0,83647255.38074055,0,83647255.38074055,0,0,0
9.5,0,554.0,0,554.0,0,554.0,0,0.0,0,2.91506343126297,83789015.8070937,0,83789015.8070937,0,0,0
9.5,0,534.24,0,522.6403321874204,0,544.12,0,37.24570465696648,0,2.857530326843262,83784945.03010407,0,83784945.03010407,0,0,0
9.5,0,554.0,0,554.0,0,554.0,0,0.0,0,4.140133037567138,83711486.66856271,0,83711486.66856271,0,0,0
9.5,0,554.0,0,554.0,0,554.0,0,0.0,0,2.821069233417511,83759079.65976728,0,83759079.65976728,0,0,0
9.5,0,584.18,0,584.0416996906602,0,592.0,0,26.84834923922064,0,0.0376515698432922,83702709.917769,0,83702709.917769,0,0,0
9.5,0,570.95,0,573.3009084053201,0,592.0,0,34.16870548701736,0,0.0,83677364.19261774,0,83677364.19261774,0,0,0
9.5,0,557.76,0,571.6020970195096,0,578.0,0,13.38716356513184,0,0.0,83581972.90153295,0,83581972.90153295,0,0,0
9.5,0,542.34,0,532.6544591608082,0,550.76,0,47.92327204489074,0,0.2364880061149597,83759114.44227377,0,83759114.44227377,0,0,0
9.5,0,549.06,0,553.2185555555556,0,554.0,0,3.311298050513962,0,1.8357505130767824,83759260.85599583,0,83759260.85599583,0,0,0
9.5,0,572.88,0,571.270239622091,0,578.0,0,21.261159765749216,0,0.0035283207893371,83586207.9344779,0,83586207.9344779,0,0,0
9.5,0,541.45,0,527.7200339695135,0,554.0,0,34.761323031208555,0,1.7845898151397706,83789000.19706406,0,83789000.19706406,0,0,0
9.5,0,592.0,0,592.0,0,592.0,0,0.0,0,0.0,83676899.94974749,0,83676899.94974749,0,0,0
9.5,0,554.0,0,554.0,0,554.0,0,0.0,0,1.879777286052704,83763042.08526725,0,83763042.08526725,0,0,0
9.5,0,549.44,0,551.3649478560656,0,554.0,0,10.02058532905538,0,0.2011067962646484,83788968.25713138,0,83788968.25713138,0,0,0
9.5,0,574.03,0,576.3421045690206,0,578.0,0,6.5689288530683925,0,0.0005446100234985,83574021.49678743,0,83574021.49678743,0,0,0
9.5,0,581.36,0,576.9507167146579,0,592.0,0,31.68069033202552,0,0.0,83677544.80015114,0,83677544.80015114,0,0,0
9.5,0,592.0,0,592.0,0,592.0,0,0.0,0,0.0,83677456.45808412,0,83677456.45808412,0,0,0
9.5,0,586.82,0,586.0547085759956,0,592.0,0,19.57984196117928,0,0.0110339283943176,83698531.45198025,0,83698531.45198025,0,0,0
9.5,0,505.42,0,490.7670215748304,0,537.09,0,39.8925276779596,0,8.730021979808807,83784673.46501453,0,83784673.46501453,0,0,0
9.5,0,540.66,0,522.0386053546558,0,544.68,0,34.842038334040225,0,0.2788947510719299,83784931.33729067,0,83784931.33729067,0,0,0
9.5,0,544.12,0,542.8408596044478,0,554.0,0,34.11907009952918,0,2.2251175451278686,83767473.53597194,0,83767473.53597194,0,0,0
9.5,0,554.0,0,554.0,0,554.0,0,0.0,0,3.572713463306427,83763051.6098058,0,83763051.6098058,0,0,0
9.5,0,578.0,0,578.0,0,578.0,0,0.0,0,0.0,83573978.06664449,0,83573978.06664449,0,0,0
9.5,0,582.05,0,579.8083237447537,0,592.0,0,27.09008504620566,0,0.0,83681509.1017418,0,83681509.1017418,0,0,0
9.5,0,549.72,0,553.5977984765493,0,559.04,0,5.657480489370352,0,2.1883783745765686,83789029.17053793,0,83789029.17053793,0,0,0
9.5,0,554.0,0,554.0,0,554.0,0,0.0,0,0.4031258869171142,83789296.58173157,0,83789296.58173157,0,0,0
9.5,0,592.0,0,592.0,0,592.0,0,0.0,0,0.0,83677256.39029253,0,83677256.39029253,0,0,0
9.5,0,554.0,0,554.0,0,554.0,0,0.0,0,2.572652657032013,83759026.51597334,0,83759026.51597334,0,0,0
9.5,0,554.0,0,554.0,0,554.0,0,0.0,0,2.7240205097198484,83784832.89352207,0,83784832.89352207,0,0,0
9.5,0,592.0,0,592.0,0,592.0,0,0.0,0,0.0,83681561.00410552,0,83681561.00410552,0,0,0
9.5,0,586.82,0,587.4422085759957,0,592.0,0,16.0540955776054,0,0.0043280005455017,83677447.83514884,0,83677447.83514884,0,0,0
9.5,0,578.0,0,578.0,0,578.0,0,0.0,0,0.0,83647250.33971673,0,83647250.33971673,0,0,0
9.5,0,586.68,0,580.8400250239956,0,592.0,0,29.031173443773685,0,0.0,83698669.16703427,0,83698669.16703427,0,0,0
9.5,0,592.0,0,592.0,0,592.0,0,0.0,0,0.0,83702409.81732339,0,83702409.81732339,0,0,0
9.5,0,554.0,0,554.0,0,554.0,0,0.0,0,0.3393783450126648,83784936.68912892,0,83784936.68912892,0,0,0
9.5,0,592.0,0,592.0,0,592.0,0,0.0,0,0.0,83694069.62455629,0,83694069.62455629,0,0,0
9.5,0,561.24,0,569.245913427302,0,578.0,0,16.905529064774004,0,0.0,83581519.40474573,0,83581519.40474573,0,0,0
9.5,0,525.81,0,523.4962589419094,0,549.0,0,50.39233428738628,0,1.061190083026886,83759293.75556606,0,83759293.75556606,0,0,0
9.5,0,592.0,0,592.0,0,592.0,0,0.0,0,0.0,83698470.90148781,0,83698470.90148781,0,0,0
9.5,0,554.0,0,554.0,0,554.0,0,0.0,0,2.8754092288017272,83784695.60384466,0,83784695.60384466,0,0,0
9.5,0,581.66,0,582.1064895497519,0,592.0,0,33.12310766819046,0,0.0016949915885925,83677249.77543394,0,83677249.77543394,0,0,0
9.5,0,578.0,0,578.0,0,578.0,0,0.0,0,0.0,83574173.32715032,0,83574173.32715032,0,0,0
9.5,0,524.66,0,530.405237040823,0,554.0,0,35.693604740273614,0,0.5007653999328613,83759054.10756923,0,83759054.10756923,0,0,0
9.5,0,544.12,0,551.855934640523,0,554.0,0,8.947301983380866,0,2.7443214535713194,83789290.29145223,0,83789290.29145223,0,0,0
9.5,0,554.0,0,554.0,0,554.0,0,0.0,0,2.1405085802078245,83759017.14354545,0,83759017.14354545,0,0,0
9.5,0,485.22,0,483.4141799464296,0,698.41,0,142.5722132355581,0,3.8186050629615775,83763181.40203387,0,83763181.40203387,0,0,0
9.5,0,544.12,0,549.4940536881419,0,554.0,0,12.500184074297636,0,0.2984749889373779,83711538.94490461,0,83711538.94490461,0,0,0
9.5,0,533.84,0,531.9485373524394,0,654.56,0,90.6312188205924,0,4.545200128555297,83789255.19154423,0,83789255.19154423,0,0,0
9.5,0,554.0,0,554.0,0,554.0,0,0.0,0,2.176987204551697,83759285.34038512,0,83759285.34038512,0,0,0
9.5,0,586.66,0,587.8947607070434,0,592.0,0,14.8717748836698,0,0.0,83693991.44676496,0,83693991.44676496,0,0,0
9.5,0,576.26,0,587.5762521499828,0,592.0,0,10.791241024892829,0,0.0417426991462707,83693747.57981369,0,83693747.57981369,0,0,0
9.5,0,538.35,0,550.1570796783626,0,554.0,0,8.429843262823917,0,0.9805612230300904,83784873.37278873,0,83784873.37278873,0,0,0
9.5,0,554.0,0,554.0,0,554.0,0,0.0,0,0.1134932541847229,83707201.63814574,0,83707201.63814574,0,0,0
9.5,0,578.3,0,581.7380823842051,0,589.5,0,19.953093281205387,0,0.0,83677314.44117804,0,83677314.44117804,0,0,0
9.5,0,592.0,0,592.0,0,592.0,0,0.0,0,0.0,83702851.87121417,0,83702851.87121417,0,0,0
9.5,0,592.0,0,592.0,0,592.0,0,0.0,0,0.0,83677362.49937114,0,83677362.49937114,0,0,0
9.5,0,592.0,0,592.0,0,592.0,0,0.0,0,0.0,83694125.85744333,0,83694125.85744333,0,0,0
9.5,0,527.2,0,518.3665483608239,0,578.0,0,41.69946622146453,0,0.0,83651093.11820605,0,83651093.11820605,0,0,0
9.5,0,554.0,0,554.0,0,554.0,0,0.0,0,2.5981123566627504,83784647.47304158,0,83784647.47304158,0,0,0
9.5,0,544.0,0,548.7585896645494,0,554.0,0,16.056941416049536,0,0.12921151638031,83763312.16798022,0,83763312.16798022,0,0,0
9.5,0,572.82,0,567.1337085759957,0,578.0,0,28.26719519525333,0,0.0,83646488.04446349,0,83646488.04446349,0,0,0
9.5,0,554.0,0,554.0,0,554.0,0,0.0,0,2.0082831382751465,83711448.85956354,0,83711448.85956354,0,0,0
9.5,0,379.66,0,427.6469547067141,0,1261.48,0,330.7663593301366,0,2.006754505634308,83586056.09341255,0,83586056.09341255,0,0,0
9.5,0,553.6,0,553.7324914387299,0,554.0,0,0.9939906279902472,0,3.519774444103241,83784850.16763242,0,83784850.16763242,0,0,0
9.5,0,587.63,0,590.1750622082167,0,592.0,0,7.230785664460675,0,0.0,83681148.65061827,0,83681148.65061827,0,0,0
9.5,0,557.8,0,563.8455091577239,0,578.0,0,40.742715560711616,0,0.0136295270919799,83573353.6998417,0,83573353.6998417,0,0,0
9.5,0,572.94,0,576.2191172170623,0,578.24,0,7.289940754661944,0,0.0,83646560.46404102,0,83646560.46404102,0,0,0
9.5,0,592.0,0,592.0,0,592.0,0,0.0,0,0.0,83698540.19818091,0,83698540.19818091,0,0,0
9.5,0,568.48,0,559.3924831104569,0,573.66,0,37.23635903845285,0,0.0,83651088.3558088,0,83651088.3558088,0,0,0
9.5,0,587.06,0,585.5068327603769,0,592.0,0,20.51369711773459,0,0.0,83698673.08894728,0,83698673.08894728,0,0,0
9.5,0,554.0,0,554.0,0,554.0,0,0.0,0,3.3762611174583435,83784696.05541092,0,83784696.05541092,0,0,0
9.5,0,554.0,0,554.0,0,554.0,0,0.0,0,0.5036171174049378,83767590.98120898,0,83767590.98120898,0,0,0
9.5,0,583.52,0,586.1453437535977,0,592.0,0,16.024156823903542,0,0.0014153289794921,83681309.30134161,0,83681309.30134161,0,0,0
9.5,0,592.0,0,592.0,0,592.0,0,0.0,0,0.0,83698543.75957546,0,83698543.75957546,0,0,0
9.5,0,568.09,0,568.6736595159657,0,578.0,0,30.10470306924758,0,0.0002955698966979,83573903.70424868,0,83573903.70424868,0,0,0
9.5,0,541.83,0,543.8132544924546,0,554.0,0,27.62535170491949,0,2.1665324473381045,83763023.42454956,0,83763023.42454956,0,0,0
9.5,0,549.12,0,553.4991578947369,0,554.0,0,2.153260108178772,0,2.014567079544068,83759308.15740219,0,83759308.15740219,0,0,0
9.5,0,592.0,0,592.0,0,592.0,0,0.0,0,0.0,83702649.97134766,0,83702649.97134766,0,0,0
9.5,0,578.0,0,578.0,0,578.0,0,0.0,0,0.0,83651088.50041345,0,83651088.50041345,0,0,0
9.5,0,554.0,0,554.0,0,554.0,0,0.0,0,3.115053148269653,83784595.79841657,0,83784595.79841657,0,0,0
9.5,0,524.21,0,538.1187385163425,0,554.0,0,42.12054016656956,0,0.4809902596473694,83763037.98000023,0,83763037.98000023,0,0,0
9.5,0,592.0,0,592.0,0,592.0,0,0.0,0,0.0,83694127.69750787,0,83694127.69750787,0,0,0
9.5,0,578.0,0,578.0,0,578.0,0,0.0,0,0.0,83647403.01934968,0,83647403.01934968,0,0,0
9.5,0,554.0,0,554.0,0,554.0,0,0.0,0,0.8367868208885193,83759028.37992582,0,83759028.37992582,0,0,0
9.5,0,578.0,0,578.0,0,578.0,0,0.0,0,0.0,83651088.44569287,0,83651088.44569287,0,0,0
9.5,0,576.34,0,573.601075423029,0,592.0,0,37.20997041510839,0,0.0,83693756.00571984,0,83693756.00571984,0,0,0
9.5,0,591.98,0,591.997947368421,0,592.0,0,0.0088248365089293,0,0.0,83677471.00305621,0,83677471.00305621,0,0,0
9.5,0,592.0,0,592.0,0,592.0,0,0.0,0,0.0,83702852.38420506,0,83702852.38420506,0,0,0
9.5,0,598.62,0,596.4272666890214,0,658.2,0,16.45054489323859,0,0.0,83677553.48934567,0,83677553.48934567,0,0,0
9.5,0,549.06,0,549.0358803794245,0,554.0,0,16.944027912067067,0,0.7793084192276001,83763353.89834388,0,83763353.89834388,0,0,0
9.5,0,588.38,0,591.819,0,592.0,0,0.7889607087808619,0,0.0,83677420.31782074,0,83677420.31782074,0,0,0
9.5,0,549.44,0,548.0063071634248,0,554.0,0,18.93572041637039,0,2.4850747418403625,83759025.656861,0,83759025.656861,0,0,0
9.5,0,549.06,0,552.6192173202614,0,554.0,0,5.669434599831972,0,2.5494261288642885,83711431.90766819,0,83711431.90766819,0,0,0
9.5,0,592.0,0,592.0,0,592.0,0,0.0,0,0.0,83694055.7341114,0,83694055.7341114,0,0,0
9.5,0,578.0,0,578.0,0,578.0,0,0.0,0,0.0,83646610.33893129,0,83646610.33893129,0,0,0
9.5,0,554.0,0,554.0,0,554.0,0,0.0,0,2.7397466564178465,83767468.24272126,0,83767468.24272126,0,0,0
9.5,0,572.82,0,576.552134760922,0,578.0,0,5.944872718042434,0,0.0,83586774.48852327,0,83586774.48852327,0,0,0
9.5,0,592.0,0,592.0,0,592.0,0,0.0,0,0.0,83677515.0701308,0,83677515.0701308,0,0,0
9.5,0,592.0,0,592.0,0,592.0,0,0.0,0,0.0,83677421.12119444,0,83677421.12119444,0,0,0
9.5,0,554.0,0,554.0,0,554.0,0,0.0,0,1.5427126002311706,83707187.75226945,0,83707187.75226945,0,0,0
9.5,0,554.28,0,554.1872559928892,0,556.8,0,0.695793439593173,0,3.888877124786377,83711514.16794087,0,83711514.16794087,0,0,0
9.5,0,578.0,0,578.0,0,578.0,0,0.0,0,0.0,83573758.22766809,0,83573758.22766809,0,0,0
9.5,0,557.98,0,560.5188589848404,0,579.8,0,51.64789590164213,0,0.1837755703926086,83574108.89907508,0,83574108.89907508,0,0,0
9.5,0,545.46,0,536.3456029140278,0,549.26,0,30.783273046452827,0,0.0658316421508789,83784953.19147588,0,83784953.19147588,0,0,0
9.5,0,567.78,0,567.3740653504562,0,578.0,0,27.18799568966577,0,0.0304627299308776,83581502.32035461,0,83581502.32035461,0,0,0
9.5,0,539.74,0,563.6430501549534,0,578.96,0,35.71831481704506,0,0.0043562340736389,83663630.35344188,0,83663630.35344188,0,0,0
9.5,0,592.0,0,592.0,0,592.0,0,0.0,0,0.0,83698588.63471386,0,83698588.63471386,0,0,0
9.5,0,554.0,0,554.0,0,554.0,0,0.0,0,1.975964982509613,83707273.8988345,0,83707273.8988345,0,0,0
9.5,0,536.44,0,538.7628656891355,0,554.0,0,43.63742374142686,0,1.6305509090423584,83763292.95731768,0,83763292.95731768,0,0,0
9.5,0,577.68,0,577.7047227273071,0,592.0,0,36.38370475112517,0,1.3887882232666016e-05,83698582.9849796,0,83698582.9849796,0,0,0
9.5,0,544.46,0,546.1359208137064,0,554.0,0,19.54448245368545,0,6.675456564426423,83707188.58367339,0,83707188.58367339,0,0,0
9.5,0,550.6,0,552.5801399331663,0,554.0,0,5.625782896834392,0,3.572049803733825,83707340.1532106,0,83707340.1532106,0,0,0
9.5,0,572.95,0,577.7475,0,578.0,0,1.10062198324402,0,0.0,83646615.16224991,0,83646615.16224991,0,0,0
9.5,0,554.0,0,554.0,0,554.0,0,0.0,0,2.066633746623993,83789347.57325193,0,83789347.57325193,0,0,0
9.5,0,554.28,0,554.7273671040003,0,559.32,0,1.6679564970407206,0,2.5942211627960203,83789029.82516825,0,83789029.82516825,0,0,0
9.5,0,549.06,0,549.6533803794244,0,554.0,0,15.31027647748468,0,0.1543286061286926,83758952.49299332,0,83758952.49299332,0,0,0
9.5,0,582.82,0,580.6470250239956,0,592.0,0,29.26792228229988,0,0.0,83677104.73534398,0,83677104.73534398,0,0,0
9.5,0,549.06,0,545.2838327603769,0,554.0,0,24.62877986508216,0,0.2640771794319153,83767476.91688752,0,83767476.91688752,0,0,0
9.5,0,576.82,0,582.9578208845678,0,592.0,0,28.37597557198348,0,0.0,83681523.08060186,0,83681523.08060186,0,0,0
9.5,0,546.74,0,545.72328310501,0,554.0,0,26.974842760078023,0,0.852521939277649,83707359.61830509,0,83707359.61830509,0,0,0
9.5,0,549.64,0,552.5106668386653,0,555.96,0,6.590454280492047,0,1.4214612793922423,83784597.8279527,0,83784597.8279527,0,0,0
9.5,0,554.0,0,554.0,0,554.0,0,0.0,0,3.5453345561027527,83784602.68788515,0,83784602.68788515,0,0,0
9.5,0,567.64,0,575.5778014275885,0,578.0,0,8.996090881153009,0,0.0,83651184.5502439,0,83651184.5502439,0,0,0
9.5,0,582.52,0,589.1082627156126,0,592.0,0,11.701088829530963,0,0.0,83698410.39047092,0,83698410.39047092,0,0,0
9.5,0,578.0,0,578.0,0,578.0,0,0.0,0,0.0,83650906.90746602,0,83650906.90746602,0,0,0
9.5,0,545.79,0,552.0058424492604,0,554.0,0,6.01073378270088,0,3.6931462812423694,83784593.55248088,0,83784593.55248088,0,0,0
9.5,0,529.8,0,513.1220833361684,0,539.48,0,37.9011384357273,0,2.043965857028961,83784886.68282023,0,83784886.68282023,0,0,0
9.5,0,539.97,0,548.0796047181663,0,592.0,0,88.33816578841302,0,0.2994094800949096,83681397.29132624,0,83681397.29132624,0,0,0
9.5,0,578.0,0,578.0,0,578.0,0,0.0,0,0.0,83647249.59146665,0,83647249.59146665,0,0,0
9.5,0,592.0,0,592.0,0,592.0,0,0.0,0,0.0,83702643.57520226,0,83702643.57520226,0,0,0
9.5,0,592.0,0,592.0,0,592.0,0,0.0,0,0.0,83693723.62693262,0,83693723.62693262,0,0,0
9.5,0,539.36,0,547.8682276165526,0,554.0,0,14.04196802941454,0,4.523738939762115,83763030.22250904,0,83763030.22250904,0,0,0
9.5,0,554.0,0,554.0,0,554.0,0,0.0,0,1.967361283302307,83784939.12349957,0,83784939.12349957,0,0,0
9.5,0,558.18,0,549.0060876521998,0,578.0,0,58.43733098077197,0,0.0,83651085.66376998,0,83651085.66376998,0,0,0
9.5,0,592.0,0,592.0,0,592.0,0,0.0,0,0.0,83677277.0801855,0,83677277.0801855,0,0,0
9.5,0,567.64,0,567.1982266758009,0,578.0,0,35.96384448816323,0,0.0012131404876708,83651098.35917917,0,83651098.35917917,0,0,0
9.5,0,592.0,0,592.0,0,592.0,0,0.0,0,0.0,83693749.96518195,0,83693749.96518195,0,0,0
9.5,0,573.08,0,559.0412328558954,0,573.08,0,31.56005695020418,0,0.0099962592124938,83574158.46492304,0,83574158.46492304,0,0,0
9.5,0,592.0,0,592.0,0,592.0,0,0.0,0,0.0,83681255.29277058,0,83681255.29277058,0,0,0
9.5,0,573.86,0,575.9526500272174,0,578.0,0,7.953401127653981,0,0.0,83663753.41477214,0,83663753.41477214,0,0,0
9.5,0,586.68,0,582.613358357329,0,592.0,0,26.5233013931654,0,0.0,83694165.14378315,0,83694165.14378315,0,0,0
9.5,0,554.28,0,554.3213671040003,0,557.92,0,1.05836983573942,0,2.562287783622742,83707353.82829957,0,83707353.82829957,0,0,0
9.5,0,574.36,0,577.2100811833506,0,578.0,0,3.296374414929793,0,0.0,83650896.25593384,0,83650896.25593384,0,0,0
9.5,0,553.38,0,541.163102022075,0,578.0,0,63.53444895197048,0,0.0056398487091064,83585866.6308671,0,83585866.6308671,0,0,0
9.5,0,549.06,0,543.6371660937102,0,554.0,0,26.957518197789856,0,0.7662080073356629,83789362.11558801,0,83789362.11558801,0,0,0
9.5,0,592.0,0,592.0,0,592.0,0,0.0,0,0.0,83677403.38240874,0,83677403.38240874,0,0,0
9.5,0,573.45,0,573.4277845599962,0,578.0,0,15.60634149795651,0,0.0,83651381.9728537,0,83651381.9728537,0,0,0
9.5,0,592.0,0,592.0,0,592.0,0,0.0,0,0.0,83693853.06406473,0,83693853.06406473,0,0,0
9.5,0,564.16,0,569.285972707547,0,578.0,0,21.34668096256929,0,0.0,83647284.52136734,0,83647284.52136734,0,0,0
9.5,0,572.82,0,568.8603752426624,0,578.0,0,25.825319777555787,0,0.0,83647383.25300838,0,83647383.25300838,0,0,0
9.5,0,591.98,0,591.9884427537546,0,592.0,0,0.0439499356537516,0,0.0,83677441.7499576,0,83677441.7499576,0,0,0
9.5,0,554.0,0,554.0,0,554.0,0,0.0,0,3.2614875721931456,83763365.53700393,0,83763365.53700393,0,0,0
9.5,0,586.99,0,586.9655386034244,0,592.0,0,17.184125473574092,0,0.0003058195114135,83677630.1718991,0,83677630.1718991,0,0,0
9.5,0,539.36,0,533.7574406257656,0,554.0,0,39.51035754668398,0,5.876409924030304,83789209.44975841,0,83789209.44975841,0,0,0
9.5,0,586.68,0,590.5130032679739,0,592.0,0,6.105544953665202,0,0.0,83681525.47612907,0,83681525.47612907,0,0,0
9.5,0,499.47,0,527.9281926302112,0,587.23,0,77.49318330655188,0,0.0037830114364624,83702836.89932582,0,83702836.89932582,0,0,0
9.5,0,554.0,0,554.0,0,554.0,0,0.0,0,3.2990077328681946,83784877.80700116,0,83784877.80700116,0,0,0
9.5,0,529.17,0,520.5582420741883,0,544.07,0,41.87744734698939,0,0.0608470702171325,83784890.80735636,0,83784890.80735636,0,0,0
9.5,0,586.68,0,591.734,0,592.0,0,1.159467118981819,0,0.0,83693864.38157554,0,83693864.38157554,0,0,0
9.5,0,554.0,0,554.0,0,554.0,0,0.0,0,0.2657040023803711,83763305.66743934,0,83763305.66743934,0,0,0
9.5,0,592.0,0,592.0,0,592.0,0,0.0,0,0.0,83698666.6731397,0,83698666.6731397,0,0,0
9.5,0,588.26,0,588.7092393965683,0,592.0,0,11.591180976881116,0,0.0611761593818664,83681139.57746305,0,83681139.57746305,0,0,0
9.5,0,544.84,0,544.1928834163772,0,558.76,0,27.434253346213502,0,3.741074650287628,83789109.18019733,0,83789109.18019733,0,0,0
9.5,0,578.0,0,578.0,0,578.0,0,0.0,0,0.0,83647261.41514453,0,83647261.41514453,0,0,0
9.5,0,586.62,0,591.731,0,592.0,0,1.1725438158124413,0,0.0355190706253051,83693892.37170692,0,83693892.37170692,0,0,0
9.5,0,581.66,0,581.9881835224459,0,592.0,0,29.8454044936246,0,0.0350062704086303,83694042.56152588,0,83694042.56152588,0,0,0
9.5,0,592.0,0,592.0,0,592.0,0,0.0,0,0.0,100412788.01542942,0,100412788.01542942,0,0,0
9.5,0,592.0,0,592.0,0,592.0,0,0.0,0,0.0,83677059.46903893,0,83677059.46903893,0,0,0
9.5,0,526.02,0,539.7084680207993,0,554.0,0,22.443285032615435,0,3.2489393043518064,83707201.81019662,0,83707201.81019662,0,0,0
9.5,0,592.0,0,592.0,0,592.0,0,0.0,0,0.0,83681511.56865612,0,83681511.56865612,0,0,0
9.5,0,574.36,0,576.9825811833506,0,578.0,0,4.17747812619198,0,0.0016302013397216,83663548.85934755,0,83663548.85934755,0,0,0
9.5,0,586.68,0,582.6133583573289,0,592.0,0,26.5233013931654,0,0.0,83677099.4638104,0,83677099.4638104,0,0,0
9.5,0,592.0,0,592.0,0,592.0,0,0.0,0,0.0,83693950.69546583,0,83693950.69546583,0,0,0
9.5,0,569.44,0,573.4101652736667,0,578.0,0,12.416788853278849,0,0.0,83647087.0207302,0,83647087.0207302,0,0,0
9.5,0,592.0,0,592.0,0,592.0,0,0.0,0,0.0,83681133.96573037,0,83681133.96573037,0,0,0
9.5,0,564.89,0,571.1549904188948,0,578.0,0,22.26669922993929,0,0.0001431417465209,83651196.36797136,0,83651196.36797136,0,0,0
9.5,0,554.0,0,554.0,0,554.0,0,0.0,0,2.641718389987945,83707185.31306806,0,83707185.31306806,0,0,0
9.5,0,592.0,0,592.0,0,592.0,0,0.0,0,0.0,83698650.99546577,0,83698650.99546577,0,0,0
9.5,0,549.59,0,550.6097181119964,0,554.0,0,12.281746673592474,0,0.8869624376296997,83767407.73377268,0,83767407.73377268,0,0,0
9.5,0,592.0,0,592.0,0,592.0,0,0.0,0,0.0,83677456.88172866,0,83677456.88172866,0,0,0
9.5,0,557.94,0,571.9568233860223,0,592.0,0,42.12873977106121,0,4.048347473144531e-06,83680989.10301028,0,83680989.10301028,0,0,0
9.5,0,586.66,0,588.4287607070432,0,592.0,0,13.269774883669802,0,0.0013953018188476,83693850.52533114,0,83693850.52533114,0,0,0
9.5,0,554.0,0,554.0,0,554.0,0,0.0,0,0.986232318878174,83758968.21687315,0,83758968.21687315,0,0,0
9.5,0,592.0,0,592.0,0,592.0,0,0.0,0,0.0,83677257.26102118,0,83677257.26102118,0,0,0
9.5,0,554.0,0,554.0,0,554.0,0,0.0,0,2.5107771825790404,83763168.4154121,0,83763168.4154121,0,0,0
9.5,0,578.0,0,578.0,0,578.0,0,0.0,0,0.0,83650867.85151999,0,83650867.85151999,0,0,0
9.5,0,554.0,0,554.0,0,554.0,0,0.0,0,2.3838451147079467,83789112.90649246,0,83789112.90649246,0,0,0
9.5,0,554.0,0,554.0,0,554.0,0,0.0,0,2.554260485172272,83759035.33427688,0,83759035.33427688,0,0,0
9.5,0,554.0,0,554.0,0,554.0,0,0.0,0,2.572532982826233,83759290.51878348,0,83759290.51878348,0,0,0
9.5,0,554.0,0,554.0,0,554.0,0,0.0,0,3.855000846385956,83784856.92895178,0,83784856.92895178,0,0,0
9.5,0,592.0,0,592.0,0,592.0,0,0.0,0,0.0,83681552.92380947,0,83681552.92380947,0,0,0
9.5,0,549.06,0,545.2838327603769,0,554.0,0,24.62877986508216,0,0.2067481160163879,83784867.11762992,0,83784867.11762992,0,0,0
9.5,0,554.28,0,554.7273671040003,0,559.32,0,1.6679564970407206,0,1.7449812865257264,83784636.11923967,0,83784636.11923967,0,0,0
9.5,0,586.97,0,583.1250361912339,0,592.0,0,25.07748233225977,0,0.0,83698461.38357842,0,83698461.38357842,0,0,0
9.5,0,586.68,0,585.8940250239956,0,592.0,0,20.109026879048983,0,0.0,83694126.12950289,0,83694126.12950289,0,0,0
9.5,0,579.13,0,588.3064596332459,0,592.0,0,14.738226516777868,0,0.0118870091438293,83693898.43271214,0,83693898.43271214,0,0,0
9.5,0,592.0,0,592.0,0,592.0,0,0.0,0,0.0,83698594.85403256,0,83698594.85403256,0,0,0
9.5,0,535.36,0,511.8667994575085,0,544.68,0,60.52463347284336,0,2.070523056983948,83763053.00950125,0,83763053.00950125,0,0,0
9.5,0,592.0,0,592.0,0,592.0,0,0.0,0,0.0,83681517.5281485,0,83681517.5281485,0,0,0
9.5,0,592.0,0,592.0,0,592.0,0,0.0,0,0.0,83681158.5204765,0,83681158.5204765,0,0,0
9.5,0,535.93,0,536.5805622886315,0,554.0,0,35.82160117953883,0,0.6488218331336975,83759104.01950428,0,83759104.01950428,0,0,0
9.5,0,521.32,0,531.5458013212278,0,554.0,0,28.552272636661424,0,3.5892861557006834,83759393.37453376,0,83759393.37453376,0,0,0
9.5,0,554.0,0,554.0,0,554.0,0,0.0,0,1.605008463859558,83759183.72975847,0,83759183.72975847,0,0,0
9.5,0,578.0,0,578.0,0,578.0,0,0.0,0,0.0,83586116.07525034,0,83586116.07525034,0,0,0
9.5,0,554.0,0,554.0,0,554.0,0,0.0,0,3.575602083206177,83789043.5476781,0,83789043.5476781,0,0,0
9.5,0,586.68,0,589.7783366013072,0,592.0,0,8.802695591517342,0,0.0,83676886.5222069,0,83676886.5222069,0,0,0
9.5,0,581.32,0,558.9161404617055,0,581.32,0,37.46714585793613,0,0.0033198118209838,83702399.81779452,0,83702399.81779452,0,0,0
9.5,0,572.76,0,577.738,0,578.0,0,1.1420315232076566,0,0.0,83586099.76356336,0,83586099.76356336,0,0,0
9.5,0,576.18,0,583.1206822836606,0,592.0,0,32.86966729628154,0,0.0,83698591.85520554,0,83698591.85520554,0,0,0
9.5,0,554.0,0,554.0,0,554.0,0,0.0,0,1.791408951282501,83789288.6165038,0,83789288.6165038,0,0,0
9.5,0,581.52,0,589.3923308777136,0,591.96,0,6.786579192908758,0,0.0661059165000915,83681291.15580681,0,83681291.15580681,0,0,0
9.5,0,562.46,0,545.3757855730441,0,567.64,0,36.93931007316091,0,0.0,83586770.98460355,0,83586770.98460355,0,0,0
9.5,0,578.0,0,578.0,0,578.0,0,0.0,0,0.0,83663687.6866549,0,83663687.6866549,0,0,0
9.5,0,592.0,0,592.0,0,592.0,0,0.0,0,0.0,83702642.70665774,0,83702642.70665774,0,0,0
9.5,0,592.0,0,592.0,0,592.0,0,0.0,0,0.0,83677452.50427476,0,83677452.50427476,0,0,0
9.5,0,581.36,0,590.6124444444445,0,592.0,0,4.447273304350348,0,0.0,83693946.85350399,0,83693946.85350399,0,0,0
9.5,0,574.36,0,570.3642276479972,0,578.0,0,19.86343446152937,0,0.0,83647394.72355585,0,83647394.72355585,0,0,0
9.5,0,592.0,0,592.0,0,592.0,0,0.0,0,0.0,83681132.1792641,0,83681132.1792641,0,0,0
9.5,0,578.0,0,578.0,0,578.0,0,0.0,0,0.0,83651071.8660128,0,83651071.8660128,0,0,0
9.5,0,554.0,0,554.0,0,554.0,0,0.0,0,1.9747469091415408,83763032.88068786,0,83763032.88068786,0,0,0
9.5,0,586.68,0,590.5130032679739,0,592.0,0,6.105544953665202,0,0.0,83681451.37897533,0,83681451.37897533,0,0,0
9.5,0,474.74,0,577.3230205147879,0,1968.1,0,524.3760592235325,0,5.124021649360657,83581871.88865285,0,83581871.88865285,0,0,0
9.5,0,554.0,0,554.0,0,554.0,0,0.0,0,1.7610779261589051,83707266.5795434,0,83707266.5795434,0,0,0
9.5,0,588.11,0,578.004792733711,0,588.11,0,23.172681333887155,0,0.0007111001014709,83677622.33722278,0,83677622.33722278,0,0,0
9.5,0,554.0,0,554.0,0,554.0,0,0.0,0,2.7689150738716126,83762958.35626608,0,83762958.35626608,0,0,0
9.5,0,578.12,0,578.0260412796697,0,578.48,0,0.1086716840086745,0,0.0,83573970.52109389,0,83573970.52109389,0,0,0
9.5,0,592.0,0,592.0,0,592.0,0,0.0,0,0.0,83694128.03484084,0,83694128.03484084,0,0,0
9.5,0,592.0,0,592.0,0,592.0,0,0.0,0,0.0,83681560.74664268,0,83681560.74664268,0,0,0
9.5,0,572.8,0,573.42461092571,0,578.0,0,16.116080502615457,0,0.0,83651098.35263951,0,83651098.35263951,0,0,0
9.5,0,576.14,0,580.5935490044012,0,592.0,0,25.41071996117648,0,0.0639736104011535,83681272.2851891,0,83681272.2851891,0,0,0
9.5,0,567.96,0,572.7607302857101,0,579.8,0,18.46790443665419,0,0.0264247179031372,83647506.56627922,0,83647506.56627922,0,0,0
9.5,0,592.0,0,592.0,0,592.0,0,0.0,0,0.0,83693974.28916612,0,83693974.28916612,0,0,0
9.5,0,567.62,0,562.5339623588485,0,578.0,0,34.05231189022219,0,0.0,83647027.50253467,0,83647027.50253467,0,0,0
9.5,0,592.0,0,592.0,0,592.0,0,0.0,0,0.0,83693904.57301413,0,83693904.57301413,0,0,0
9.5,0,539.53,0,545.2095074792768,0,554.0,0,23.15232209231822,0,4.380246036052704,83711515.91443652,0,83711515.91443652,0,0,0
9.5,0,541.34,0,539.1848738538723,0,578.51,0,74.0704766211445,0,0.0971288704872131,83586011.36120227,0,83586011.36120227,0,0,0
9.5,0,578.0,0,578.0,0,578.0,0,0.0,0,0.0,83573738.70354746,0,83573738.70354746,0,0,0
9.5,0,592.0,0,592.0,0,592.0,0,0.0,0,0.0,83698667.17444167,0,83698667.17444167,0,0,0
9.5,0,555.96,0,555.4423190167676,0,598.14,0,60.36247771992115,0,0.073348388671875,83586101.75273344,0,83586101.75273344,0,0,0
9.5,0,586.68,0,578.1800250239957,0,592.0,0,31.691173443773685,0,0.0,83677119.76328987,0,83677119.76328987,0,0,0
9.5,0,578.0,0,578.0,0,578.0,0,0.0,0,0.0,83663888.42876287,0,83663888.42876287,0,0,0
9.5,0,592.0,0,592.0,0,592.0,0,0.0,0,0.0,83693856.44694938,0,83693856.44694938,0,0,0
9.5,0,554.0,0,554.0,0,554.0,0,0.0,0,4.847502653598785,83759160.88461253,0,83759160.88461253,0,0,0
9.5,0,592.0,0,592.0,0,592.0,0,0.0,0,0.0,83676848.10934646,0,83676848.10934646,0,0,0
9.5,0,554.0,0,554.0,0,554.0,0,0.0,0,1.294637200832367,83784704.69210783,0,83784704.69210783,0,0,0
9.5,0,574.52,0,570.69986599314,0,578.0,0,18.990316463220385,0,0.0,83574187.24651313,0,83574187.24651313,0,0,0
9.5,0,573.15,0,571.6251293295198,0,578.0,0,20.139965793727285,0,0.0004342889785766,83647024.14538735,0,83647024.14538735,0,0,0
9.5,0,566.23,0,558.8383680830264,0,592.0,0,40.89866668261767,0,0.0391158604621887,83698530.78519425,0,83698530.78519425,0,0,0
9.5,0,578.0,0,578.0,0,578.0,0,0.0,0,0.0,83646748.24323234,0,83646748.24323234,0,0,0
9.5,0,592.0,0,592.0,0,592.0,0,0.0,0,0.0,83677006.27032019,0,83677006.27032019,0,0,0
9.5,0,592.0,0,592.0,0,592.0,0,0.0,0,0.0,83698404.90239954,0,83698404.90239954,0,0,0
9.5,0,592.0,0,592.0,0,592.0,0,0.0,0,0.0,83677213.92972274,0,83677213.92972274,0,0,0
9.5,0,586.68,0,587.3190250239957,0,592.0,0,16.487990052675812,0,0.0,83677356.114225,0,83677356.114225,0,0,0
9.5,0,592.0,0,592.0,0,592.0,0,0.0,0,0.0,83698575.88978457,0,83698575.88978457,0,0,0
9.5,0,586.62,0,589.3394340933405,0,592.0,0,10.335579243183192,0,0.0011866617202758,83677321.0444377,0,83677321.0444377,0,0,0
9.5,0,554.0,0,554.0,0,554.0,0,0.0,0,2.7274056220054628,83788952.92842597,0,83788952.92842597,0,0,0
9.5,0,586.85,0,589.0240090918284,0,592.0,0,11.317108430841053,0,0.0238949704170227,83698415.85896654,0,83698415.85896654,0,0,0
9.5,0,572.88,0,568.966239622091,0,578.0,0,25.526184799437377,0,0.0063176703453063,83647464.00028872,0,83647464.00028872,0,0,0
9.5,0,550.6,0,548.8510184990449,0,554.0,0,15.47873890694284,0,2.8634284567832946,83759006.04071772,0,83759006.04071772,0,0,0
9.5,0,572.82,0,572.0547085759957,0,578.0,0,19.57984196117927,0,0.0,83663891.62111607,0,83663891.62111607,0,0,0
9.5,0,572.82,0,567.1337085759957,0,578.0,0,28.26719519525333,0,0.0,83663577.58346753,0,83663577.58346753,0,0,0
9.5,0,592.0,0,592.0,0,592.0,0,0.0,0,0.0,83677105.57023601,0,83677105.57023601,0,0,0
9.5,0,592.0,0,592.0,0,592.0,0,0.0,0,0.0,83676891.86889581,0,83676891.86889581,0,0,0
9.5,0,592.0,0,592.0,0,592.0,0,0.0,0,0.0,83677176.12098505,0,83677176.12098505,0,0,0
9.5,0,570.98,0,583.9126418884692,0,592.0,0,16.288559348482995,0,0.0542641472816467,83702702.10260266,0,83702702.10260266,0,0,0
9.5,0,578.0,0,578.0,0,578.0,0,0.0,0,0.0,83663548.78293894,0,83663548.78293894,0,0,0
9.5,0,586.68,0,590.1583366013072,0,592.0,0,7.432586106841026,0,0.0,83693841.53742358,0,83693841.53742358,0,0,0
9.5,0,592.0,0,592.0,0,592.0,0,0.0,0,0.0,83681553.29164773,0,83681553.29164773,0,0,0
9.5,0,591.94,0,591.9702000561358,0,592.0,0,0.0662687324750403,0,0.0,83681319.50082363,0,83681319.50082363,0,0,0
9.5,0,554.0,0,554.0,0,554.0,0,0.0,0,2.631935963630676,83789301.35210592,0,83789301.35210592,0,0,0
9.5,0,592.0,0,592.0,0,592.0,0,0.0,0,0.0,83698673.94625172,0,83698673.94625172,0,0,0
9.5,0,554.28,0,554.0287368421053,0,554.56,0,0.1235477111250115,0,4.168147749900818,83784874.10453609,0,83784874.10453609,0,0,0
9.5,0,573.0,0,574.6561429841229,0,578.0,0,12.42488284987809,0,0.0046818113327026,83650870.79229146,0,83650870.79229146,0,0,0
9.5,0,569.2,0,565.5052243504689,0,578.0,0,26.342999887606474,0,2.023935317993164e-05,83586222.54526272,0,83586222.54526272,0,0,0
9.5,0,578.0,0,578.0,0,578.0,0,0.0,0,0.0,83663687.6280573,0,83663687.6280573,0,0,0
9.5,0,586.83,0,588.542451845583,0,592.0,0,12.847328866773946,0,0.0,83677115.40308948,0,83677115.40308948,0,0,0
9.5,0,544.64,0,552.2393684210526,0,554.0,0,7.394038411500141,0,5.479418067932129,83763363.91379336,0,83763363.91379336,0,0,0
9.5,0,573.01,0,577.7505,0,578.0,0,1.087545286413398,0,0.0,83581919.36462255,0,83581919.36462255,0,0,0
9.5,0,572.96,0,569.1073921279958,0,578.0,0,25.127338161946167,0,0.0014089703559875,83663894.19127683,0,83663894.19127683,0,0,0
9.5,0,549.06,0,543.6371660937102,0,554.0,0,26.957518197789856,0,3.422107253074646,83711516.3270102,0,83711516.3270102,0,0,0
9.5,0,544.24,0,545.472841360308,0,554.0,0,26.85467642541635,0,4.205554614067077,83789241.36541133,0,83789241.36541133,0,0,0
9.5,0,568.27,0,559.1056598026586,0,578.0,0,34.37134221775264,0,0.0,83663869.43887565,0,83663869.43887565,0,0,0
9.5,0,567.64,0,569.459972707547,0,578.0,0,21.224406522031583,0,0.0,83647395.78999428,0,83647395.78999428,0,0,0
9.5,0,554.0,0,554.0,0,554.0,0,0.0,0,1.955949363708496,83784619.1830156,0,83784619.1830156,0,0,0
9.5,0,578.0,0,578.0,0,578.0,0,0.0,0,0.0,83651457.6562137,0,83651457.6562137,0,0,0
9.5,0,554.0,0,554.0,0,554.0,0,0.0,0,2.70514244556427,83759243.3590541,0,83759243.3590541,0,0,0
9.5,0,586.68,0,586.6540250239956,0,592.0,0,18.247414674533765,0,0.0,83677458.08040482,0,83677458.08040482,0,0,0
9.5,0,549.06,0,551.557026844071,0,554.0,0,9.490290234447022,0,1.654191062450409,83767540.64508897,0,83767540.64508897,0,0,0
9.5,0,554.0,0,554.0,0,554.0,0,0.0,0,1.869519100189209,83767508.41381627,0,83767508.41381627,0,0,0
9.5,0,554.0,0,554.0,0,554.0,0,0.0,0,0.259877610206604,83759187.4391814,0,83759187.4391814,0,0,0
9.5,0,549.24,0,552.0121959064328,0,554.0,0,7.876096055568148,0,1.8820971870422365,83763305.13489576,0,83763305.13489576,0,0,0
9.5,0,569.21,0,571.7509024078347,0,589.58,0,26.24851919337488,0,0.010711326599121,83693841.79879545,0,83693841.79879545,0,0,0
9.5,0,554.56,0,554.7920675413338,0,558.48,0,1.6674047543171326,0,0.8272583866119385,83767457.61350371,0,83767457.61350371,0,0,0
9.5,0,572.82,0,573.4422085759957,0,578.0,0,16.054095577605395,0,0.0,83581807.53119974,0,83581807.53119974,0,0,0
9.5,0,567.82,0,584.9359321465429,0,592.0,0,13.817480399185342,0,7.777214050292968e-06,83681515.20839366,0,83681515.20839366,0,0,0
9.5,0,572.66,0,552.5863816975078,0,592.0,0,64.90264884660513,0,0.015850658416748,83694180.42755438,0,83694180.42755438,0,0,0
9.5,0,554.0,0,554.0,0,554.0,0,0.0,0,0.0297402286529541,83784783.89548427,0,83784783.89548427,0,0,0
9.5,0,550.6,0,553.46216374269,0,554.0,0,2.2790310469124444,0,0.8775942635536194,83767447.42302896,0,83767447.42302896,0,0,0
9.5,0,567.87,0,546.164292073123,0,581.64,0,62.43327374790536,0,0.0023349380493164,83676952.27771379,0,83676952.27771379,0,0,0
9.5,0,554.0,0,554.0,0,554.0,0,0.0,0,3.276957333087921,83789126.23218293,0,83789126.23218293,0,0,0
9.5,0,550.77,0,551.4802294788545,0,559.6,0,13.707134224035745,0,1.8591235446929928,83789118.38118112,0,83789118.38118112,0,0,0
9.5,0,592.0,0,592.0,0,592.0,0,0.0,0,0.0,83698668.55817583,0,83698668.55817583,0,0,0
9.5,0,574.52,0,576.5467314610055,0,578.0,0,5.758154259112848,0,0.0500218605995178,83663523.62157936,0,83663523.62157936,0,0,0
9.66101694915254,0,583.2033898305085,0,573.5470019990242,0,592.0,0,48.00299164431803,0,0.0364096285933155,56741502.27990212,0,56741502.27990212,0,0,0
9.5,0,554.0,0,554.0,0,554.0,0,0.0,0,0.7669739508628846,83788982.98613362,0,83788982.98613362,0,0,0
9.5,0,554.0,0,554.0,0,554.0,0,0.0,0,2.967354388237,83711446.62542295,0,83711446.62542295,0,0,0
9.5,0,554.0,0,554.0,0,554.0,0,0.0,0,0.0390968513488769,83759024.253054,0,83759024.253054,0,0,0
9.5,0,530.46,0,557.2690902823099,0,578.0,0,51.81265812868897,0,0.6732185196876526,83581574.88050139,0,83581574.88050139,0,0,0
9.5,0,592.0,0,592.0,0,592.0,0,0.0,0,0.0,83677621.40105571,0,83677621.40105571,0,0,0
9.5,0,561.6,0,571.292383085267,0,724.56,0,82.20629616508418,0,0.0461349487304687,83574080.47098885,0,83574080.47098885,0,0,0
9.5,0,556.85,0,564.834865813581,0,578.0,0,30.91408483544836,0,0.0655296635627746,83585870.76728895,0,83585870.76728895,0,0,0
9.5,0,586.62,0,578.0241606445669,0,592.0,0,32.04859269313956,0,0.0,83677376.84421238,0,83677376.84421238,0,0,0
9.5,0,592.0,0,592.0,0,592.0,0,0.0,0,0.0,83677157.95317702,0,83677157.95317702,0,0,0
9.5,0,554.0,0,554.0,0,554.0,0,0.0,0,1.3209273600578308,83784541.89079924,0,83784541.89079924,0,0,0
9.5,0,592.0,0,592.0,0,592.0,0,0.0,0,0.0,83694020.89327854,0,83694020.89327854,0,0,0
9.5,0,592.0,0,592.0,0,592.0,0,0.0,0,0.0,83677170.71989504,0,83677170.71989504,0,0,0
9.5,0,581.36,0,567.0200500479913,0,592.0,0,39.98681946895511,0,0.0,83676913.83742632,0,83676913.83742632,0,0,0
9.5,0,592.0,0,592.0,0,592.0,0,0.0,0,0.0,83702645.48277977,0,83702645.48277977,0,0,0
9.5,0,549.06,0,552.2898839869281,0,554.0,0,6.901687099209524,0,3.0443636083602907,83784641.24030568,0,83784641.24030568,0,0,0
9.5,0,554.0,0,554.0,0,554.0,0,0.0,0,2.1928645968437195,83789120.10716307,0,83789120.10716307,0,0,0
9.5,0,554.49,0,533.672140660552,0,578.0,0,67.89567999132733,0,0.0009815001487731,83581767.65575841,0,83581767.65575841,0,0,0
9.5,0,565.2,0,554.2826034285632,0,578.0,0,38.33221982446272,0,0.0293863606452941,83581810.19901942,0,83581810.19901942,0,0,0
9.5,0,586.68,0,588.4421361351067,0,592.0,0,13.220075352270287,0,0.0,83702655.57826363,0,83702655.57826363,0,0,0
9.5,0,554.0,0,554.0,0,554.0,0,0.0,0,6.035551061630249,83784680.78688602,0,83784680.78688602,0,0,0
9.5,0,589.92,0,589.1105423504085,0,611.5,0,15.229462012940443,0,0.0003554010391235,83681498.57484405,0,83681498.57484405,0,0,0
9.5,0,563.28,0,568.1120485816213,0,578.0,0,20.687857490726305,0,0.000909879207611,83581711.59414302,0,83581711.59414302,0,0,0
9.5,0,527.14,0,556.0939751699109,0,749.64,0,164.3016388131269,0,3.24130003452301,83574072.50158057,0,83574072.50158057,0,0,0
9.5,0,554.0,0,554.0,0,554.0,0,0.0,0,3.483694288730621,83784567.1466323,0,83784567.1466323,0,0,0
9.5,0,554.0,0,554.0,0,554.0,0,0.0,0,2.758340690135956,83759294.52621946,0,83759294.52621946,0,0,0
9.5,0,557.42,0,560.7132615015704,0,592.0,0,53.86204262321758,0,0.0,83677503.17034693,0,83677503.17034693,0,0,0
9.5,0,578.0,0,578.0,0,578.0,0,0.0,0,0.0,83646611.9921379,0,83646611.9921379,0,0,0
9.5,0,592.0,0,592.0,0,592.0,0,0.0,0,0.0,83681534.3547873,0,83681534.3547873,0,0,0
9.5,0,572.8,0,559.2917537828529,0,572.8,0,30.97633494504195,0,0.0,83586210.47628552,0,83586210.47628552,0,0,0
9.5,0,572.8,0,577.74,0,578.0,0,1.1333137253205752,0,0.0014560580253601,83650913.11962055,0,83650913.11962055,0,0,0
9.5,0,554.0,0,554.0,0,554.0,0,0.0,0,1.965517489910125,83707201.80294609,0,83707201.80294609,0,0,0
9.5,0,554.0,0,554.0,0,554.0,0,0.0,0,2.70587194442749,83767545.30435437,0,83767545.30435437,0,0,0
9.333333333333334,0,592.0,0,592.0,0,592.0,0,0.0,0,0.0,69730742.4001228,0,69730742.4001228,0,0,0
9.5,0,592.0,0,592.0,0,592.0,0,0.0,0,0.0,83693892.26285599,0,83693892.26285599,0,0,0
9.5,0,581.36,0,580.3263833813246,0,592.0,0,38.579663871774606,0,0.0,83677328.78276028,0,83677328.78276028,0,0,0
9.5,0,554.0,0,554.0,0,554.0,0,0.0,0,0.0256627750396728,83784881.7516115,0,83784881.7516115,0,0,0
9.5,0,553.13,0,560.3835890088583,0,578.0,0,41.56251440469183,0,0.0408598113059997,83581713.72213112,0,83581713.72213112,0,0,0
9.5,0,558.43,0,546.5781946741339,0,573.05,0,57.91184763833674,0,0.0002523112297058,83586106.90604837,0,83586106.90604837,0,0,0
9.5,0,539.16,0,551.6351826625387,0,554.0,0,6.292782064580589,0,3.4140437197685243,83767593.04250817,0,83767593.04250817,0,0,0
9.5,0,581.32,0,589.8844130546956,0,592.0,0,7.898702141948904,0,0.0007625007629394,83694071.01337346,0,83694071.01337346,0,0,0
9.5,0,586.68,0,585.8940250239956,0,592.0,0,20.109026879048983,0,0.0,83693759.39037287,0,83693759.39037287,0,0,0
9.5,0,591.98,0,591.9866245719364,0,592.0,0,0.0496995313995123,0,0.0,83677162.6479064,0,83677162.6479064,0,0,0
9.5,0,578.0,0,578.0,0,578.0,0,0.0,0,0.0,83573912.91261627,0,83573912.91261627,0,0,0
9.5,0,592.0,0,592.0,0,592.0,0,0.0,0,0.0,83677064.72682461,0,83677064.72682461,0,0,0
9.5,0,463.16,0,453.562302158282,0,557.36,0,126.2490017086424,0,0.1632691121101379,83581705.00564958,0,83581705.00564958,0,0,0
9.5,0,545.82,0,529.5104896045647,0,550.76,0,48.72815766354676,0,0.0114419341087341,100511028.70793957,0,100511028.70793957,0,0,0
9.5,0,586.62,0,585.825160644567,0,592.0,0,20.335820415278853,0,0.0,83693855.33313882,0,83693855.33313882,0,0,0
9.5,0,578.0,0,578.0,0,578.0,0,0.0,0,0.0,83646614.11558595,0,83646614.11558595,0,0,0
9.5,0,554.0,0,554.0,0,554.0,0,0.0,0,2.8784139823913573,83767513.04597121,0,83767513.04597121,0,0,0
9.5,0,592.0,0,592.0,0,592.0,0,0.0,0,0.0,83676843.85863353,0,83676843.85863353,0,0,0
9.5,0,592.0,0,592.0,0,592.0,0,0.0,0,0.0,83681525.27653679,0,83681525.27653679,0,0,0
9.5,0,592.0,0,592.0,0,592.0,0,0.0,0,0.0,83681159.03780065,0,83681159.03780065,0,0,0
9.5,0,574.39,0,568.6221598377113,0,578.0,0,21.50472483684643,0,0.0,83586056.18927264,0,83586056.18927264,0,0,0
9.5,0,554.0,0,554.0,0,554.0,0,0.0,0,1.0788204312324523,83784644.48303352,0,83784644.48303352,0,0,0
9.5,0,554.0,0,554.0,0,554.0,0,0.0,0,1.576377990245819,83789303.31953688,0,83789303.31953688,0,0,0
9.5,0,572.96,0,576.59126625387,0,578.0,0,5.784200482419666,0,0.0007228183746337,83646571.41937046,0,83646571.41937046,0,0,0
9.5,0,578.0,0,578.0,0,578.0,0,0.0,0,0.0,83574030.77688661,0,83574030.77688661,0,0,0
9.5,0,554.0,0,554.0,0,554.0,0,0.0,0,3.671286687850952,83784710.51788549,0,83784710.51788549,0,0,0
9.5,0,554.0,0,554.0,0,554.0,0,0.0,0,2.316796941757202,83784706.13198464,0,83784706.13198464,0,0,0
9.5,0,549.58,0,553.5463684210526,0,554.0,0,1.950288868473396,0,2.117922372817993,83789122.60090652,0,83789122.60090652,0,0,0
9.5,0,586.68,0,585.0073583573289,0,592.0,0,22.0916738190988,0,0.0,83694037.12490948,0,83694037.12490948,0,0,0
9.5,0,554.0,0,554.0,0,554.0,0,0.0,0,1.8219312572479247,83784947.5409096,0,83784947.5409096,0,0,0
9.5,0,535.07,0,537.7102764622289,0,554.0,0,40.27722117184092,0,6.858816392421723,83789252.61900228,0,83789252.61900228,0,0,0
9.5,0,576.96,0,572.0654381091045,0,592.0,0,37.50399700358295,0,0.0273936104774475,83693967.61517139,0,83693967.61517139,0,0,0
9.5,0,554.0,0,554.0,0,554.0,0,0.0,0,4.0934862351417545,83707203.95343605,0,83707203.95343605,0,0,0
9.5,0,592.0,0,592.0,0,592.0,0,0.0,0,0.0,83680993.91981925,0,83680993.91981925,0,0,0
9.5,0,592.0,0,592.0,0,592.0,0,0.0,0,0.0,83681537.239627,0,83681537.239627,0,0,0
9.5,0,578.0,0,578.0,0,578.0,0,0.0,0,0.0,83663580.02411436,0,83663580.02411436,0,0,0
9.5,0,192.84,0,193.74826762985896,0,194.0,0,1.0504929454171867,0,18.94762459516525,83763337.4103107,0,83763337.4103107,0,0,0
9.5,0,554.0,0,554.0,0,554.0,0,0.0,0,3.8110180354118346,83763083.78967305,0,83763083.78967305,0,0,0
9.5,0,581.46,0,576.9599351248166,0,592.0,0,43.30155004710086,0,0.0,83677503.59485005,0,83677503.59485005,0,0,0
9.5,0,556.48,0,539.7697379040808,0,593.36,0,90.65202799703718,0,0.17379812002182,83681444.83424324,0,83681444.83424324,0,0,0
9.5,0,539.28,0,544.1016849452577,0,554.0,0,20.71174292089988,0,1.3269755506515504,83784944.33188011,0,83784944.33188011,0,0,0
9.5,0,550.76,0,551.5091806537116,0,554.0,0,9.023324086721004,0,2.724943940639496,83789338.45096533,0,83789338.45096533,0,0,0
9.5,0,569.95,0,563.907621445419,0,580.52,0,36.24384920648246,0,0.0001916813850402,83573787.81998537,0,83573787.81998537,0,0,0
9.5,0,586.62,0,590.496232628139,0,592.0,0,6.174404483217817,0,0.0005155515670776,83681515.7856602,0,83681515.7856602,0,0,0
9.5,0,549.06,0,541.1671660937102,0,554.0,0,29.42751819778985,0,3.292853078842163,83784634.20288241,0,83784634.20288241,0,0,0
9.5,0,578.0,0,578.0,0,578.0,0,0.0,0,0.0,83581844.68940093,0,83581844.68940093,0,0,0
9.5,0,567.64,0,572.3725655591398,0,578.0,0,16.028302132559972,0,0.0,83646747.9346133,0,83646747.9346133,0,0,0
9.5,0,562.76,0,560.8222633290342,0,578.0,0,35.14938083444479,0,0.0,83581847.42242737,0,83581847.42242737,0,0,0
9.5,0,554.0,0,554.0,0,554.0,0,0.0,0,2.436681799888611,83789123.17034486,0,83789123.17034486,0,0,0
9.5,0,550.76,0,553.8380000000001,0,554.0,0,0.7061416288535891,0,1.3384813117980956,83789142.78103496,0,83789142.78103496,0,0,0
9.5,0,586.68,0,587.9101361351068,0,592.0,0,14.816075352270284,0,0.0,83681191.84157674,0,83681191.84157674,0,0,0
9.5,0,572.96,0,569.1073921279958,0,578.0,0,25.127338161946167,0,0.0,83663884.264088,0,83663884.264088,0,0,0
9.5,0,544.22,0,548.6030487660774,0,554.0,0,16.916971526042072,0,2.0977483868598936,83767588.38635951,0,83767588.38635951,0,0,0
9.5,0,552.7,0,602.1106224088089,0,783.65,0,128.16765256398065,0,0.1854465222358703,83698473.4640464,0,83698473.4640464,0,0,0
9.5,0,592.0,0,592.0,0,592.0,0,0.0,0,0.0,83681517.88922888,0,83681517.88922888,0,0,0
9.5,0,554.0,0,554.0,0,554.0,0,0.0,0,0.2353210592269897,83784551.06202222,0,83784551.06202222,0,0,0
9.5,0,578.0,0,578.0,0,578.0,0,0.0,0,0.0,83647333.62613995,0,83647333.62613995,0,0,0
9.5,0,578.0,0,578.0,0,578.0,0,0.0,0,0.0,83581843.08086888,0,83581843.08086888,0,0,0
9.5,0,572.82,0,576.875884760922,0,578.0,0,4.690994359707783,0,0.0,83574188.52304696,0,83574188.52304696,0,0,0
9.5,0,523.08,0,516.932691388419,0,554.0,0,53.88265024168639,0,5.518485133647919,83784666.9524226,0,83784666.9524226,0,0,0
9.5,0,549.0,0,545.1779683809483,0,554.0,0,24.92791484320056,0,2.8474870538711547,83759164.5244006,0,83759164.5244006,0,0,0
9.5,0,583.48,0,575.7605914544691,0,592.0,0,44.1836512580773,0,0.0408617401123046,83693841.30100277,0,83693841.30100277,0,0,0
9.5,0,554.0,0,554.0,0,554.0,0,0.0,0,1.4586375284194946,83784943.83231327,0,83784943.83231327,0,0,0
9.5,0,578.0,0,578.0,0,578.0,0,0.0,0,0.0,83586118.77804655,0,83586118.77804655,0,0,0
9.5,0,592.0,0,592.0,0,592.0,0,0.0,0,0.0,83681446.82711856,0,83681446.82711856,0,0,0
9.5,0,555.6,0,562.7883912537411,0,578.0,0,35.74496778392119,0,0.0195751214027404,83663627.95149969,0,83663627.95149969,0,0,0
9.5,0,567.64,0,572.0133464449208,0,578.0,0,22.76606666864336,0,0.0,83647261.19775598,0,83647261.19775598,0,0,0
9.5,0,554.0,0,554.0,0,554.0,0,0.0,0,1.38927303314209,83789335.71531355,0,83789335.71531355,0,0,0
9.5,0,564.52,0,565.6114021001359,0,578.0,0,34.97305240463818,0,0.0495029401779174,83647304.05183136,0,83647304.05183136,0,0,0
9.5,0,592.0,0,592.0,0,592.0,0,0.0,0,0.0,83681145.48068903,0,83681145.48068903,0,0,0
9.5,0,592.0,0,592.0,0,592.0,0,0.0,0,0.0,83698663.96841273,0,83698663.96841273,0,0,0
9.5,0,572.92,0,572.8951968274245,0,578.0,0,17.424223035081116,0,0.0,83586004.15018225,0,83586004.15018225,0,0,0
9.5,0,554.93,0,567.8432065283787,0,592.0,0,49.964090320704784,0,0.0002949094772338,83702707.44205162,0,83702707.44205162,0,0,0
9.5,0,578.0,0,578.0,0,578.0,0,0.0,0,0.0,83573870.31501298,0,83573870.31501298,0,0,0
9.5,0,459.0,0,414.386650687333,0,496.34,0,107.60527612672747,0,35.674522318840026,83789157.46421026,0,83789157.46421026,0,0,0
9.5,0,522.14,0,481.8142400573283,0,562.76,0,83.22575301478402,0,0.0750038385391235,83651393.86466838,0,83651393.86466838,0,0,0
9.5,0,588.26,0,586.3361203489493,0,592.0,0,17.02661279763712,0,0.0,83693974.75030406,0,83693974.75030406,0,0,0
9.5,0,572.82,0,572.0547085759957,0,578.0,0,19.57984196117927,0,0.0,83586223.4387996,0,83586223.4387996,0,0,0
9.5,0,578.0,0,578.0,0,578.0,0,0.0,0,0.0,83573726.99092053,0,83573726.99092053,0,0,0
9.5,0,563.18,0,543.244108670741,0,576.42,0,80.64726243160493,0,0.0,83663887.24880755,0,83663887.24880755,0,0,0
9.5,0,523.26,0,498.6537011933716,0,539.87,0,79.08357825366004,0,2.286872351169586,83784935.6065771,0,83784935.6065771,0,0,0
9.5,0,572.82,0,575.4383398891271,0,578.0,0,9.951356966484934,0,0.0,83647025.33017771,0,83647025.33017771,0,0,0
9.5,0,592.0,0,592.0,0,592.0,0,0.0,0,0.0,83677055.50050223,0,83677055.50050223,0,0,0
9.5,0,554.0,0,554.0,0,554.0,0,0.0,0,3.215400836467743,83759187.58811752,0,83759187.58811752,0,0,0
9.5,0,592.0,0,592.0,0,592.0,0,0.0,0,0.0,83698539.97011776,0,83698539.97011776,0,0,0
9.5,0,578.0,0,578.0,0,578.0,0,0.0,0,0.0,83651434.47949286,0,83651434.47949286,0,0,0
9.5,0,592.0,0,592.0,0,592.0,0,0.0,0,0.0,83694192.01697129,0,83694192.01697129,0,0,0
9.5,0,536.97,0,531.4891004209499,0,551.47,0,53.16942500778875,0,1.482633810043335,83707285.83546436,0,83707285.83546436,0,0,0
9.5,0,581.36,0,578.9013833813245,0,592.0,0,29.027465221467047,0,0.0,83681517.46765079,0,83681517.46765079,0,0,0
9.5,0,592.0,0,592.0,0,592.0,0,0.0,0,0.0,83681361.71671861,0,83681361.71671861,0,0,0
9.5,0,578.0,0,578.0,0,578.0,0,0.0,0,0.0,83646514.40603586,0,83646514.40603586,0,0,0
9.5,0,586.68,0,583.943358357329,0,592.0,0,24.219673819098794,0,0.0,83677402.55102335,0,83677402.55102335,0,0,0
9.5,0,370.59,0,320.0741655438215,0,1315.94,0,380.36915074720366,0,19.978713943958283,83789068.91580622,0,83789068.91580622,0,0,0
9.5,0,549.16,0,549.1363686308532,0,554.0,0,16.601031395628464,0,0.1507821798324585,83763091.00816745,0,83763091.00816745,0,0,0
9.5,0,576.12,0,576.6070105449247,0,592.0,0,42.54780980316573,0,0.0011683011054992,83677060.66471446,0,83677060.66471446,0,0,0
9.5,0,587.18,0,591.2375380116958,0,592.0,0,3.230861660622935,0,0.0002017378807067,83694070.95302144,0,83694070.95302144,0,0,0
9.5,0,544.12,0,542.4291929377812,0,554.0,0,35.484413971558816,0,0.0726619124412536,83707374.54695497,0,83707374.54695497,0,0,0
9.5,0,567.52,0,576.6333099415205,0,578.0,0,4.380397014059366,0,0.0025072479248046,83647434.39151444,0,83647434.39151444,0,0,0
9.5,0,424.73,0,434.75588195907136,0,567.64,0,149.7975500499878,0,0.2011721444129943,83646667.62660772,0,83646667.62660772,0,0,0
9.5,0,565.13,0,569.6301093062854,0,578.0,0,17.590031726340776,0,0.0775524592399597,83573910.88254279,0,83573910.88254279,0,0,0
9.5,0,586.74,0,590.8585239078087,0,592.0,0,4.763442149046899,0,9.49692726135254e-05,83693803.53437161,0,83693803.53437161,0,0,0
9.5,0,554.0,0,554.0,0,554.0,0,0.0,0,2.7926979994773866,83707329.23531453,0,83707329.23531453,0,0,0
9.5,0,557.83,0,569.8939768685477,0,578.0,0,21.73201403246558,0,0.0,83650865.35378952,0,83650865.35378952,0,0,0
9.5,0,592.0,0,592.0,0,592.0,0,0.0,0,0.0,83694060.07473113,0,83694060.07473113,0,0,0
9.5,0,549.16,0,549.7413686308532,0,554.0,0,15.000351852434386,0,3.842361278533936,83762974.50784709,0,83762974.50784709,0,0,0
9.5,0,554.0,0,554.0,0,554.0,0,0.0,0,2.5074757623672483,83759202.90605749,0,83759202.90605749,0,0,0
9.5,0,578.0,0,578.0,0,578.0,0,0.0,0,0.0,83663880.35589573,0,83663880.35589573,0,0,0
9.5,0,549.0,0,547.4279683809483,0,554.0,0,20.762851333739462,0,0.2066150999069214,83789104.83551906,0,83789104.83551906,0,0,0
9.5,0,592.0,0,592.0,0,592.0,0,0.0,0,0.0,83698469.01339264,0,83698469.01339264,0,0,0
9.5,0,554.0,0,554.0,0,554.0,0,0.0,0,2.7018304586410524,83788982.15439935,0,83788982.15439935,0,0,0
9.5,0,548.01,0,529.4107400632133,0,578.85,0,45.96657008385969,0,0.0483642125129699,83574171.77757162,0,83574171.77757162,0,0,0
9.5,0,572.82,0,571.1913752426623,0,578.0,0,21.510313981754088,0,0.0,83647074.67706965,0,83647074.67706965,0,0,0
9.5,0,549.19,0,553.7595,0,554.0,0,1.048315195921532,0,2.180847818851471,83707324.82157001,0,83707324.82157001,0,0,0
9.5,0,567.64,0,576.0564754041968,0,578.0,0,5.990442096401284,0,0.0,83574110.28815997,0,83574110.28815997,0,0,0
9.5,0,578.0,0,578.0,0,578.0,0,0.0,0,0.0,83647026.61841923,0,83647026.61841923,0,0,0
9.5,0,592.0,0,592.0,0,592.0,0,0.0,0,0.0,83677222.10649335,0,83677222.10649335,0,0,0
9.5,0,578.0,0,578.0,0,578.0,0,0.0,0,0.0,83573708.25801171,0,83573708.25801171,0,0,0
9.5,0,578.0,0,578.0,0,578.0,0,0.0,0,0.0,83573764.05704223,0,83573764.05704223,0,0,0
9.5,0,554.0,0,554.0,0,554.0,0,0.0,0,2.844843504428864,83789040.57030214,0,83789040.57030214,0,0,0
9.5,0,549.39,0,548.7089201805677,0,554.0,0,17.42530336699545,0,3.8710305166244505,83762960.56589997,0,83762960.56589997,0,0,0
9.5,0,549.06,0,552.9279673202615,0,554.0,0,4.473650991690433,0,4.809724700450897,83789158.87260258,0,83789158.87260258,0,0,0
9.5,0,578.0,0,578.0,0,578.0,0,0.0,0,0.0,83663894.95786746,0,83663894.95786746,0,0,0
9.5,0,592.0,0,592.0,0,592.0,0,0.0,0,0.0,83681533.18245918,0,83681533.18245918,0,0,0
9.5,0,545.75,0,550.0597613131192,0,556.8,0,15.4115569975846,0,0.4968738913536071,83789018.26223405,0,83789018.26223405,0,0,0
9.5,0,592.0,0,592.0,0,592.0,0,0.0,0,0.0,83681157.17729183,0,83681157.17729183,0,0,0
9.5,0,549.69,0,548.3349087443775,0,554.0,0,17.897577849683422,0,3.09930269241333,83767560.07145439,0,83767560.07145439,0,0,0
9.5,0,554.0,0,554.0,0,554.0,0,0.0,0,2.130851376056671,83711514.83974613,0,83711514.83974613,0,0,0
9.5,0,573.2,0,575.2262609011216,0,578.0,0,10.5479845569004,0,0.0,83651082.04258734,0,83651082.04258734,0,0,0
9.5,0,586.68,0,587.9101361351068,0,592.0,0,14.816075352270284,0,0.0,83693859.11342925,0,83693859.11342925,0,0,0
9.5,0,586.96,0,589.5091124077162,0,592.0,0,9.641928373191693,0,0.0,83677109.68173376,0,83677109.68173376,0,0,0
9.5,0,567.84,0,568.2332252317686,0,578.0,0,28.7319019860786,0,0.0,83581823.41378063,0,83581823.41378063,0,0,0
9.5,0,546.31,0,522.6179657352022,0,559.92,0,41.61155626076856,0,0.0450729894638061,83647517.09852122,0,83647517.09852122,0,0,0
9.5,0,554.0,0,554.0,0,554.0,0,0.0,0,1.5824664402008055,83784912.9940858,0,83784912.9940858,0,0,0
9.5,0,582.04,0,578.0777725608584,0,592.0,0,31.145982397248844,0,0.0,83694173.09293047,0,83694173.09293047,0,0,0
9.5,0,564.26,0,561.8195034981359,0,592.0,0,72.431095747581,0,0.0207301211357116,83677407.05133028,0,83677407.05133028,0,0,0
9.5,0,592.0,0,592.0,0,592.0,0,0.0,0,0.0,83677117.36731337,0,83677117.36731337,0,0,0
9.5,0,573.29,0,575.6707685092256,0,578.0,0,9.048434616244023,0,0.0,83573984.6318753,0,83573984.6318753,0,0,0
9.5,0,592.0,0,592.0,0,592.0,0,0.0,0,0.0,83680989.61359394,0,83680989.61359394,0,0,0
9.5,0,573.18,0,575.6801885033611,0,579.32,0,10.138492011046928,0,0.0,83574176.84667787,0,83574176.84667787,0,0,0
9.5,0,549.06,0,551.1453601774043,0,554.0,0,10.85563410647666,0,4.585407629013061,83707382.85833281,0,83707382.85833281,0,0,0
9.5,0,567.74,0,574.9561612080729,0,578.0,0,12.044878483948516,0,0.0,83581757.9138411,0,83581757.9138411,0,0,0
9.5,0,554.0,0,554.0,0,554.0,0,0.0,0,0.3924863648414611,83759032.96029577,0,83759032.96029577,0,0,0
9.5,0,592.0,0,592.0,0,592.0,0,0.0,0,0.0,83693856.57142518,0,83693856.57142518,0,0,0
9.5,0,592.0,0,592.0,0,592.0,0,0.0,0,0.0,83693905.27679762,0,83693905.27679762,0,0,0
9.5,0,698.32,0,653.9139978337366,0,900.1,0,91.96068882254268,0,0.1046124267578125,83694186.24389404,0,83694186.24389404,0,0,0
9.5,0,578.0,0,578.0,0,578.0,0,0.0,0,0.0,83650856.29784943,0,83650856.29784943,0,0,0
9.5,0,548.3,0,540.8087099553354,0,568.4,0,63.78634632049498,0,0.0023005700111389,83647077.83133525,0,83647077.83133525,0,0,0
9.5,0,545.8,0,553.4194736842105,0,554.0,0,2.5106304524446488,0,10.853077998161316,83759386.3465613,0,83759386.3465613,0,0,0
9.5,0,554.0,0,554.0,0,554.0,0,0.0,0,1.5156611251831054,83784540.80677275,0,83784540.80677275,0,0,0
9.5,0,496.52,0,530.69448698339,0,580.27,0,79.45907264768917,0,0.206300184726715,83681138.91457544,0,83681138.91457544,0,0,0
9.5,0,517.07,0,522.1055044991128,0,567.84,0,44.018073062055954,0,0.0001601505279541,83651081.89597592,0,83651081.89597592,0,0,0
9.5,0,592.0,0,592.0,0,592.0,0,0.0,0,0.0,83702655.68569233,0,83702655.68569233,0,0,0
9.5,0,586.62,0,588.4020098509161,0,592.0,0,13.369173946468823,0,0.001322009563446,83676859.57519574,0,83676859.57519574,0,0,0
9.5,0,554.0,0,554.0,0,554.0,0,0.0,0,0.0982556295394897,83789239.37082425,0,83789239.37082425,0,0,0
9.5,0,549.08,0,548.3531208868532,0,554.0,0,18.59706997084981,0,0.0641975617408752,83707202.45162544,0,83707202.45162544,0,0,0
9.5,0,592.0,0,592.0,0,592.0,0,0.0,0,0.0,83676883.8191847,0,83676883.8191847,0,0,0
9.5,0,565.71,0,581.6641090207523,0,592.0,0,27.79032481852542,0,0.0053811979293823,83681347.29035597,0,83681347.29035597,0,0,0
9.5,0,545.66,0,547.1771159571422,0,554.0,0,20.45958411685024,0,1.9123017978668213,83789296.44884576,0,83789296.44884576,0,0,0
9.5,0,581.64,0,579.2460838186581,0,592.0,0,28.263584557744224,0,0.0017629790306091,83702646.48237085,0,83702646.48237085,0,0,0
9.5,0,554.0,0,554.0,0,554.0,0,0.0,0,2.6633636426925658,83767519.8491774,0,83767519.8491774,0,0,0
9.5,0,592.0,0,592.0,0,592.0,0,0.0,0,0.0,83694173.94092855,0,83694173.94092855,0,0,0
9.5,0,578.0,0,578.0,0,578.0,0,0.0,0,0.0,83647260.41150975,0,83647260.41150975,0,0,0
9.5,0,507.85,0,530.2817356924982,0,572.88,0,85.0145031095374,0,0.4145177960395813,83586072.04515871,0,83586072.04515871,0,0,0
9.5,0,592.0,0,592.0,0,592.0,0,0.0,0,0.0,83694170.01472434,0,83694170.01472434,0,0,0
9.5,0,544.25,0,541.7515859618967,0,554.0,0,27.98243713214655,0,0.0767155528068542,83707316.2404279,0,83707316.2404279,0,0,0
9.5,0,586.68,0,589.7783366013072,0,592.0,0,8.802695591517342,0,0.0,83681350.81988777,0,83681350.81988777,0,0,0
9.5,0,507.54,0,495.858086957676,0,554.0,0,67.6735790492594,0,1.7841840267181397,83789146.40325908,0,83789146.40325908,0,0,0
9.5,0,582.52,0,575.802928050278,0,592.0,0,45.58843628096915,0,0.0194287490844726,83677358.30690211,0,83677358.30690211,0,0,0
9.5,0,592.0,0,592.0,0,592.0,0,0.0,0,0.0,83677051.09337547,0,83677051.09337547,0,0,0
9.5,0,554.0,0,554.0,0,554.0,0,0.0,0,3.206895577907562,83784879.08841656,0,83784879.08841656,0,0,0
9.5,0,549.06,0,553.2185555555556,0,554.0,0,3.311298050513962,0,1.213910722732544,83759013.26532161,0,83759013.26532161,0,0,0
9.5,0,544.75,0,545.0268084655712,0,554.0,0,28.51120954639716,0,4.0188930797576905,83763306.52183394,0,83763306.52183394,0,0,0
9.5,0,592.0,0,592.0,0,592.0,0,0.0,0,0.0,83677047.58808595,0,83677047.58808595,0,0,0
9.5,0,554.0,0,554.0,0,554.0,0,0.0,0,3.962015299797058,83784666.58336078,0,83784666.58336078,0,0,0
9.5,0,581.88,0,581.3172556220869,0,592.0,0,35.45956135498176,0,0.0,83693965.89847118,0,83693965.89847118,0,0,0
9.5,0,586.68,0,590.1583366013072,0,592.0,0,7.432586106841026,0,0.0,83693804.36067055,0,83693804.36067055,0,0,0
9.5,0,592.0,0,592.0,0,592.0,0,0.0,0,0.0,83693852.05965254,0,83693852.05965254,0,0,0
9.5,0,578.0,0,578.0,0,578.0,0,0.0,0,0.0,83663579.1343087,0,83663579.1343087,0,0,0
9.5,0,592.0,0,592.0,0,592.0,0,0.0,0,0.0,83681432.03005089,0,83681432.03005089,0,0,0
9.5,0,573.67,0,576.5010521585828,0,578.0,0,6.049454481695799,0,0.0,83573779.12916864,0,83573779.12916864,0,0,0
9.5,0,111.8,0,97.30909793650622,0,279.08,0,64.54619914919462,0,3.941061780452728,83762986.34735188,0,83762986.34735188,0,0,0
9.5,0,578.0,0,578.0,0,578.0,0,0.0,0,0.0,83573733.45303215,0,83573733.45303215,0,0,0
9.5,0,549.06,0,549.0358803794245,0,554.0,0,16.944027912067067,0,0.9242665028572082,83707198.83135442,0,83707198.83135442,0,0,0
9.5,0,586.66,0,572.7880702308528,0,586.66,0,31.810313193562315,0,0.0125955080986022,83681353.9603204,0,83681353.9603204,0,0,0
9.5,0,592.0,0,592.0,0,592.0,0,0.0,0,0.0,83693719.63309263,0,83693719.63309263,0,0,0
9.5,0,592.0,0,592.0,0,592.0,0,0.0,0,0.0,83693793.85450995,0,83693793.85450995,0,0,0
9.5,0,578.0,0,578.0,0,578.0,0,0.0,0,0.0,83581829.92854187,0,83581829.92854187,0,0,0
9.5,0,549.06,0,550.6962692683134,0,554.0,0,12.27578425567955,0,0.2163488435745239,83784778.84804897,0,83784778.84804897,0,0,0
9.5,0,554.0,0,554.0,0,554.0,0,0.0,0,3.156924068927765,83784870.75532137,0,83784870.75532137,0,0,0
9.5,0,554.0,0,554.0,0,554.0,0,0.0,0,4.907126576900482,83707370.09435332,0,83707370.09435332,0,0,0
9.5,0,592.0,0,592.0,0,592.0,0,0.0,0,0.0,83677413.6634022,0,83677413.6634022,0,0,0
9.5,0,554.0,0,554.0,0,554.0,0,0.0,0,1.107006857395172,83759293.74612515,0,83759293.74612515,0,0,0
9.5,0,592.0,0,592.0,0,592.0,0,0.0,0,0.0,83677263.30149737,0,83677263.30149737,0,0,0
9.5,0,592.0,0,592.0,0,592.0,0,0.0,0,0.0,83693978.50745098,0,83693978.50745098,0,0,0
9.5,0,554.0,0,554.0,0,554.0,0,0.0,0,0.0143958592414855,83711513.96302813,0,83711513.96302813,0,0,0
9.5,0,543.46,0,535.8712389089239,0,578.0,0,64.47237861036606,0,0.5919056415557862,83581605.77118546,0,83581605.77118546,0,0,0
9.5,0,554.0,0,554.0,0,554.0,0,0.0,0,2.291627812385559,83784686.48426042,0,83784686.48426042,0,0,0
9.5,0,592.0,0,592.0,0,592.0,0,0.0,0,0.0,83702394.31175414,0,83702394.31175414,0,0,0
9.5,0,589.43,0,589.0503090811408,0,592.0,0,9.714323135179676,0,0.0190906596183776,83677331.70215933,0,83677331.70215933,0,0,0
9.5,0,582.12,0,580.4291929377811,0,592.0,0,35.48441397155882,0,0.0,83694045.00485817,0,83694045.00485817,0,0,0
9.5,0,592.0,0,592.0,0,592.0,0,0.0,0,0.0,83677220.02663723,0,83677220.02663723,0,0,0
9.5,0,554.0,0,554.0,0,554.0,0,0.0,0,0.4913100814819336,83789110.00766975,0,83789110.00766975,0,0,0
9.5,0,592.0,0,592.0,0,592.0,0,0.0,0,0.0,83681348.6330418,0,83681348.6330418,0,0,0
9.5,0,231.94,0,229.95698838008403,0,893.25,0,258.59421725699326,0,2.589523766040802,83759269.53941351,0,83759269.53941351,0,0,0
9.5,0,572.8,0,572.0317537828529,0,578.0,0,19.65543980658923,0,0.0010335683822631,83581810.43329655,0,83581810.43329655,0,0,0
9.5,0,578.0,0,578.0,0,578.0,0,0.0,0,0.0,83651453.3285169,0,83651453.3285169,0,0,0
9.5,0,574.87,0,575.245967730283,0,578.0,0,9.700640764074302,0,0.0018642878532409,83650855.5164008,0,83650855.5164008,0,0,0
9.5,0,554.0,0,554.0,0,554.0,0,0.0,0,2.7986176466941832,83759124.40257643,0,83759124.40257643,0,0,0
9.5,0,578.0,0,578.0,0,578.0,0,0.0,0,0.0,83574015.34159853,0,83574015.34159853,0,0,0
9.5,0,578.0,0,578.0,0,578.0,0,0.0,0,0.0,83647525.98144804,0,83647525.98144804,0,0,0
9.5,0,586.62,0,591.731,0,592.0,0,1.1725438158124413,0,0.000698070526123,83698535.08137697,0,83698535.08137697,0,0,0
9.5,0,549.16,0,541.4269400594245,0,554.0,0,28.831819448846737,0,1.3248487186431883,83763002.75602835,0,83763002.75602835,0,0,0
9.5,0,578.0,0,578.0,0,578.0,0,0.0,0,0.0,83586104.80887775,0,83586104.80887775,0,0,0
9.5,0,590.82,0,589.9180005379038,0,592.0,0,5.882987902995333,0,0.0,83676935.3549506,0,83676935.3549506,0,0,0
9.5,0,554.0,0,554.0,0,554.0,0,0.0,0,1.1178211784362793,83784941.61645822,0,83784941.61645822,0,0,0
9.5,0,586.68,0,589.3691058320763,0,592.0,0,10.220312560173715,0,0.0,83677261.80652286,0,83677261.80652286,0,0,0
9.5,0,563.71,0,557.1421847956394,0,905.84,0,147.1643006627942,0,30.80623794317245,83759153.47685264,0,83759153.47685264,0,0,0
9.5,0,572.43,0,568.201923443043,0,578.0,0,19.82983891010413,0,0.0208578300476074,83663686.69097051,0,83663686.69097051,0,0,0
9.5,0,568.39,0,567.6902218948492,0,578.0,0,23.887005192293824,0,0.0007557606697082,83647394.65591337,0,83647394.65591337,0,0,0
9.5,0,586.66,0,591.4519473684211,0,592.0,0,2.3562313478841483,0,0.0,83698527.20705017,0,83698527.20705017,0,0,0
9.5,0,552.06,0,566.2613529400596,0,578.0,0,34.546062044169545,0,0.0610807585716247,83663577.21836475,0,83663577.21836475,0,0,0
9.5,0,312.08,0,288.84667075683177,0,590.96,0,152.2583761125134,0,4.852374584674835,83694137.6114333,0,83694137.6114333,0,0,0
9.5,0,554.0,0,554.0,0,554.0,0,0.0,0,0.6252509236335755,83758959.55717085,0,83758959.55717085,0,0,0
9.5,0,549.16,0,551.9787874342719,0,554.0,0,8.008467417846605,0,2.1602284359931945,83763047.34394702,0,83763047.34394702,0,0,0
9.5,0,578.0,0,578.0,0,578.0,0,0.0,0,0.0,83647258.14798039,0,83647258.14798039,0,0,0
9.5,0,540.48,0,550.2230158238734,0,554.0,0,9.200308186386302,0,1.1520967149734498,83763365.43961386,0,83763365.43961386,0,0,0
9.5,0,544.73,0,541.1456359179606,0,554.0,0,29.101337249103864,0,1.2411210775375363,83789196.07277638,0,83789196.07277638,0,0,0
9.5,0,573.43,0,577.7715000000001,0,578.0,0,0.996008408599044,0,0.0,83646494.33588612,0,83646494.33588612,0,0,0
9.5,0,568.56,0,571.168797954024,0,578.0,0,17.609854404986276,0,0.0015349197387695,83650851.88248475,0,83650851.88248475,0,0,0
9.5,0,578.0,0,578.0,0,578.0,0,0.0,0,0.0,83663709.40384442,0,83663709.40384442,0,0,0
9.5,0,592.0,0,592.0,0,592.0,0,0.0,0,0.0,83677067.4825247,0,83677067.4825247,0,0,0
9.5,0,549.12,0,553.756,0,554.0,0,1.0635713422239244,0,1.2096779322624207,83759098.45374912,0,83759098.45374912,0,0,0
9.5,0,554.31,0,546.7662621964809,0,578.0,0,64.06227544794137,0,0.1147005486488342,83650950.06105787,0,83650950.06105787,0,0,0
9.5,0,549.44,0,545.9543071634248,0,554.0,0,22.73425833699892,0,1.855914640426636,83707202.53274603,0,83707202.53274603,0,0,0
9.5,0,549.06,0,553.753,0,554.0,0,1.0766480390545463,0,2.770913960933685,83711449.85419835,0,83711449.85419835,0,0,0
9.5,0,554.0,0,554.0,0,554.0,0,0.0,0,2.449145677089691,83784607.63871539,0,83784607.63871539,0,0,0
9.5,0,592.0,0,592.0,0,592.0,0,0.0,0,0.0,83693886.27497938,0,83693886.27497938,0,0,0
9.5,0,491.68,0,508.1311401797377,0,578.0,0,35.931309549210845,0,0.0,83651089.98844768,0,83651089.98844768,0,0,0
9.5,0,578.0,0,578.0,0,578.0,0,0.0,0,0.0,83647260.34005569,0,83647260.34005569,0,0,0
9.5,0,554.0,0,554.0,0,554.0,0,0.0,0,4.0863875603675845,83789119.15996009,0,83789119.15996009,0,0,0
9.5,0,572.96,0,577.2027368421052,0,578.0,0,3.3783283754231523,0,0.0,83650812.51805276,0,83650812.51805276,0,0,0
9.5,0,549.06,0,546.5188327603769,0,554.0,0,22.4896971177346,0,2.250346205234528,83784714.05287576,0,83784714.05287576,0,0,0
9.5,0,592.0,0,592.0,0,592.0,0,0.0,0,0.0,83694081.35682039,0,83694081.35682039,0,0,0
9.5,0,592.0,0,592.0,0,592.0,0,0.0,0,0.0,83681507.26390482,0,83681507.26390482,0,0,0
9.5,0,572.82,0,567.1337085759957,0,578.0,0,28.26719519525333,0,0.0,83574182.19330658,0,83574182.19330658,0,0,0
9.5,0,544.64,0,552.7303488132094,0,554.0,0,5.340696319474254,0,2.423619887828827,83789244.97136219,0,83789244.97136219,0,0,0
9.5,0,592.0,0,592.0,0,592.0,0,0.0,0,0.0,83694173.55071674,0,83694173.55071674,0,0,0
9.5,0,572.82,0,564.5437085759957,0,578.0,0,30.857195195253325,0,0.0,83574158.19156326,0,83574158.19156326,0,0,0
9.5,0,545.08,0,551.2374315445477,0,554.0,0,8.06308293077381,0,2.2554093265533446,83759298.01418857,0,83759298.01418857,0,0,0
9.5,0,554.0,0,554.0,0,554.0,0,0.0,0,0.9528530359268188,83788952.83450599,0,83788952.83450599,0,0,0
9.5,0,578.0,0,578.0,0,578.0,0,0.0,0,0.0,83647399.39493845,0,83647399.39493845,0,0,0
9.5,0,562.64,0,543.0907744218287,0,568.0,0,38.948353461275794,0,0.0167494893074035,83647304.41154833,0,83647304.41154833,0,0,0
9.5,0,578.0,0,578.0,0,578.0,0,0.0,0,0.0,83574030.8636754,0,83574030.8636754,0,0,0
9.5,0,567.79,0,572.4201365143714,0,578.0,0,21.24484810822133,0,0.0135230708122253,83586813.80492297,0,83586813.80492297,0,0,0
9.5,0,550.52,0,553.4495087719298,0,554.0,0,2.332655306839796,0,0.004929039478302,100541942.9821406,0,100541942.9821406,0,0,0
9.5,0,591.98,0,591.9770452068572,0,592.0,0,0.0755978454099585,0,0.0,83677065.08094224,0,83677065.08094224,0,0,0
9.5,0,540.86,0,545.6989845920334,0,554.0,0,27.253098897754725,0,0.8559821820259095,83707181.78601657,0,83707181.78601657,0,0,0
9.5,0,534.68,0,533.7540248470141,0,549.24,0,32.8246273310972,0,2.053384506702423,83759101.71415906,0,83759101.71415906,0,0,0
9.5,0,572.82,0,577.741,0,578.0,0,1.1289548263770346,0,0.0,83586168.92041951,0,83586168.92041951,0,0,0
9.5,0,549.44,0,544.4343071634248,0,554.0,0,24.88386295180602,0,3.48739310503006,83763114.6286861,0,83763114.6286861,0,0,0
9.5,0,578.0,0,578.0,0,578.0,0,0.0,0,0.0,83573924.40513334,0,83573924.40513334,0,0,0
9.5,0,581.99,0,581.2331841127998,0,592.0,0,34.525933729903564,0,0.0375982189178466,83677203.07363379,0,83677203.07363379,0,0,0
9.5,0,573.57,0,573.5333704617105,0,579.44,0,15.641741078824015,0,0.050044891834259,83647495.96647796,0,83647495.96647796,0,0,0
9.5,0,586.62,0,586.5937320731384,0,592.0,0,18.45321258439693,0,0.0010860204696655,83677051.07076694,0,83677051.07076694,0,0,0
9.5,0,578.0,0,578.0,0,578.0,0,0.0,0,0.0,83647518.91397275,0,83647518.91397275,0,0,0
9.5,0,592.0,0,592.0,0,592.0,0,0.0,0,0.0,83698678.41933233,0,83698678.41933233,0,0,0
9.5,0,549.2,0,543.9308496457103,0,554.0,0,26.193539949269493,0,1.7072918319702148,83789102.93613371,0,83789102.93613371,0,0,0
9.5,0,554.0,0,554.0,0,554.0,0,0.0,0,0.369463083744049,83707379.1537194,0,83707379.1537194,0,0,0
9.5,0,588.22,0,589.094044095997,0,592.0,0,10.527211434507835,0,0.0,83681501.19712842,0,83681501.19712842,0,0,0
9.5,0,586.78,0,591.4642631578947,0,592.0,0,2.303282328830572,0,0.0,83698671.87202957,0,83698671.87202957,0,0,0
9.5,0,554.0,0,554.0,0,554.0,0,0.0,0,0.1746298336982727,83763031.16230734,0,83763031.16230734,0,0,0
9.5,0,581.74,0,588.0682205882352,0,592.0,0,11.196571468587909,0,0.0,83681311.34497201,0,83681311.34497201,0,0,0
9.5,0,592.0,0,592.0,0,592.0,0,0.0,0,0.0,83676910.399067,0,83676910.399067,0,0,0
9.5,0,554.0,0,554.0,0,554.0,0,0.0,0,0.7066917729377746,83784909.58417614,0,83784909.58417614,0,0,0
9.5,0,581.4,0,587.9605202958377,0,592.0,0,11.481222407461267,0,0.0125123405456542,83693722.40009691,0,83693722.40009691,0,0,0
9.5,0,578.0,0,578.0,0,578.0,0,0.0,0,0.0,83574173.64673276,0,83574173.64673276,0,0,0
9.5,0,592.0,0,592.0,0,592.0,0,0.0,0,0.0,83677268.9917114,0,83677268.9917114,0,0,0
9.5,0,586.62,0,580.7141606445671,0,592.0,0,29.358592693139563,0,0.0,83698673.04577617,0,83698673.04577617,0,0,0
9.5,0,592.0,0,592.0,0,592.0,0,0.0,0,0.0,83694126.95798555,0,83694126.95798555,0,0,0
9.5,0,567.64,0,556.8020484651228,0,572.82,0,40.80855216173826,0,0.0,83581551.93801153,0,83581551.93801153,0,0,0
9.5,0,554.0,0,554.0,0,554.0,0,0.0,0,0.0234816479682922,83784585.67833844,0,83784585.67833844,0,0,0
9.5,0,592.0,0,592.0,0,592.0,0,0.0,0,0.0,83702767.72505176,0,83702767.72505176,0,0,0
9.5,0,554.0,0,554.0,0,554.0,0,0.0,0,3.619189352989197,83788979.64408596,0,83788979.64408596,0,0,0
9.5,0,578.0,0,578.0,0,578.0,0,0.0,0,0.0,83651170.40797259,0,83651170.40797259,0,0,0
9.5,0,544.18,0,540.1165299001824,0,554.0,0,29.22776299017693,0,1.7058032655715942,83784659.68660843,0,83784659.68660843,0,0,0
9.5,0,578.0,0,578.0,0,578.0,0,0.0,0,0.0,83646759.87010613,0,83646759.87010613,0,0,0
9.5,0,592.0,0,592.0,0,592.0,0,0.0,0,0.0,83693908.26302835,0,83693908.26302835,0,0,0
9.5,0,550.76,0,551.1491806537117,0,554.0,0,10.04155785162963,0,4.645648601055146,83789256.74608536,0,83789256.74608536,0,0,0
9.5,0,570.93,0,572.3756933279568,0,578.0,0,17.915711657280575,0,0.0635465621948242,83573351.66958442,0,83573351.66958442,0,0,0
9.5,0,592.0,0,592.0,0,592.0,0,0.0,0,0.0,83693946.5128729,0,83693946.5128729,0,0,0
9.5,0,568.31,0,557.6222201825952,0,573.43,0,32.859690396467194,0,0.0229807901382446,83586184.96486199,0,83586184.96486199,0,0,0
9.5,0,584.11,0,579.5690855481378,0,592.0,0,33.96842969934633,0,0.0321210002899169,83677427.62644932,0,83677427.62644932,0,0,0
9.5,0,554.0,0,554.0,0,554.0,0,0.0,0,2.121767840385437,83784624.17310399,0,83784624.17310399,0,0,0
9.5,0,542.24,0,547.321460419869,0,554.0,0,14.606284995184984,0,2.2746865367889404,83784852.25043935,0,83784852.25043935,0,0,0
9.5,0,567.68,0,576.6475087719298,0,578.0,0,4.341951669431636,0,0.0026713895797729,83646763.54488355,0,83646763.54488355,0,0,0
9.5,0,586.86,0,590.5633151874786,0,592.0,0,5.8989663650073565,0,0.0017083501815795,83676945.9217368,0,83676945.9217368,0,0,0
9.5,0,553.25,0,552.8641952571422,0,554.0,0,3.41442770006092,0,0.0925255393981933,83789122.80428419,0,83789122.80428419,0,0,0
9.5,0,554.0,0,554.0,0,554.0,0,0.0,0,3.358307132720947,83767448.4369929,0,83767448.4369929,0,0,0
9.5,0,578.19,0,583.1094007605311,0,592.0,0,20.227179370131804,0,0.0165456891059875,83693988.09964243,0,83693988.09964243,0,0,0
9.5,0,578.0,0,578.0,0,578.0,0,0.0,0,0.0,83646754.10989374,0,83646754.10989374,0,0,0
9.5,0,584.24,0,589.3063525593773,0,592.0,0,8.45131493726636,0,6.384134292602539e-05,83681133.05945027,0,83681133.05945027,0,0,0
9.5,0,586.66,0,582.5780702308529,0,592.0,0,26.62301305253821,0,0.0,83698527.42589217,0,83698527.42589217,0,0,0
9.5,0,554.0,0,554.0,0,554.0,0,0.0,0,0.2124189209938049,83784872.6108086,0,83784872.6108086,0,0,0
9.5,0,592.0,0,592.0,0,592.0,0,0.0,0,0.0,83694115.11529855,0,83694115.11529855,0,0,0
9.5,0,554.0,0,554.0,0,554.0,0,0.0,0,0.4087951111793518,83784686.8278612,0,83784686.8278612,0,0,0
9.5,0,586.68,0,590.5130032679739,0,592.0,0,6.105544953665202,0,0.0,83694161.39851865,0,83694161.39851865,0,0,0
9.5,0,482.19,0,479.1244426983835,0,578.0,0,140.94634368729206,0,1.381390106678009,83585951.0902018,0,83585951.0902018,0,0,0
9.5,0,592.0,0,592.0,0,592.0,0,0.0,0,0.0,83698673.94092484,0,83698673.94092484,0,0,0
9.5,0,586.74,0,585.9628894034242,0,592.0,0,19.882233342819102,0,0.0008459997177124,83677365.27986962,0,83677365.27986962,0,0,0
9.5,0,586.82,0,586.0547085759957,0,592.0,0,19.57984196117927,0,0.0016360402107238,83677269.22912025,0,83677269.22912025,0,0,0
9.5,0,568.0,0,573.3380984890582,0,578.0,0,18.117068115331787,0,0.0,83647044.93167652,0,83647044.93167652,0,0,0
9.5,0,554.0,0,554.0,0,554.0,0,0.0,0,3.2917975091934206,83789004.3278274,0,83789004.3278274,0,0,0
9.5,0,578.0,0,578.0,0,578.0,0,0.0,0,0.0,83647027.81204732,0,83647027.81204732,0,0,0
9.5,0,578.0,0,578.0,0,578.0,0,0.0,0,0.0,83647044.48305982,0,83647044.48305982,0,0,0
9.5,0,554.0,0,554.0,0,554.0,0,0.0,0,0.9265687417984008,83759018.26260285,0,83759018.26260285,0,0,0
9.5,0,555.44,0,570.6830727554179,0,578.0,0,17.072148162447736,0,0.0197393822669982,83663528.18588068,0,83663528.18588068,0,0,0
9.5,0,563.05,0,567.6149802620411,0,578.0,0,33.547735907295035,0,0.0945870018005371,83586011.0943921,0,83586011.0943921,0,0,0
9.5,0,592.0,0,592.0,0,592.0,0,0.0,0,0.0,83694036.71667713,0,83694036.71667713,0,0,0
9.5,0,592.0,0,592.0,0,592.0,0,0.0,0,0.0,83676911.91994716,0,83676911.91994716,0,0,0
9.5,0,583.3,0,560.69966498285,0,583.3,0,51.82579115805096,0,0.0011822295188903,83693928.16418022,0,83693928.16418022,0,0,0
9.5,0,539.18,0,549.8370686274509,0,554.0,0,10.155525900105587,0,0.8908846521377564,83784928.17021883,0,83784928.17021883,0,0,0
9.5,0,589.56,0,583.2215152365694,0,589.56,0,14.535049474211991,0,0.0,83681142.59557089,0,83681142.59557089,0,0,0
9.5,0,554.0,0,554.0,0,554.0,0,0.0,0,3.212649729251861,83789172.92016228,0,83789172.92016228,0,0,0
9.5,0,592.0,0,592.0,0,592.0,0,0.0,0,0.0,83693931.44835229,0,83693931.44835229,0,0,0
9.5,0,586.68,0,591.734,0,592.0,0,1.159467118981819,0,0.0,83698567.19672126,0,83698567.19672126,0,0,0
9.5,0,568.36,0,573.603509873855,0,578.0,0,12.196535878160851,0,0.0,83581504.89278214,0,83581504.89278214,0,0,0
9.5,0,554.0,0,554.0,0,554.0,0,0.0,0,3.2309508466720582,83784803.32402356,0,83784803.32402356,0,0,0
9.5,0,587.31,0,587.2871010079961,0,592.0,0,16.086536620970556,0,0.009634211063385,83693704.39660752,0,83693704.39660752,0,0,0
9.5,0,586.62,0,584.9284939779004,0,592.0,0,22.34082803510367,0,0.0023995804786682,83698676.82461274,0,83698676.82461274,0,0,0
9.5,0,592.0,0,592.0,0,592.0,0,0.0,0,0.0,83677162.21019158,0,83677162.21019158,0,0,0
9.5,0,592.0,0,592.0,0,592.0,0,0.0,0,0.0,83677005.33541928,0,83677005.33541928,0,0,0
9.5,0,434.23,0,373.5435262773861,0,715.02,0,119.69936499801484,0,0.0346775937080383,83789023.91669999,0,83789023.91669999,0,0,0
9.5,0,554.28,0,554.7273671040003,0,559.32,0,1.6679564970407206,0,5.625472190380097,83711500.34921122,0,83711500.34921122,0,0,0
9.5,0,582.9,0,578.8149024533257,0,592.0,0,39.48856971454465,0,0.0,83676993.01843205,0,83676993.01843205,0,0,0
9.5,0,572.82,0,576.875884760922,0,578.0,0,4.690994359707783,0,0.0,83647042.26566824,0,83647042.26566824,0,0,0
9.5,0,586.68,0,587.9101361351068,0,592.0,0,14.816075352270284,0,0.0,83677511.8028596,0,83677511.8028596,0,0,0
9.5,0,588.22,0,586.2755440959969,0,592.0,0,17.20871560830704,0,0.0,83693706.57771221,0,83693706.57771221,0,0,0
9.5,0,578.0,0,578.0,0,578.0,0,0.0,0,0.0,100376726.31164873,0,100376726.31164873,0,0,0
9.5,0,554.0,0,554.0,0,554.0,0,0.0,0,1.8018084168434143,83767505.90557177,0,83767505.90557177,0,0,0
9.5,0,554.0,0,554.0,0,554.0,0,0.0,0,0.6410924625396729,83789290.40626127,0,83789290.40626127,0,0,0
9.5,0,592.0,0,592.0,0,592.0,0,0.0,0,0.0,83698532.50659949,0,83698532.50659949,0,0,0
9.5,0,570.72,0,566.7441421646809,0,578.0,0,24.24461893561549,0,0.0,83646617.47766131,0,83646617.47766131,0,0,0
9.5,0,591.17,0,591.5203742808189,0,592.0,0,1.8239223296306943,0,0.0292929100990295,83681204.65645759,0,83681204.65645759,0,0,0
9.5,0,516.59,0,539.0449914950032,0,554.0,0,31.69816189042868,0,3.941715245246887,83759128.25180519,0,83759128.25180519,0,0,0
9.5,0,592.0,0,592.0,0,592.0,0,0.0,0,0.0,83694037.40127265,0,83694037.40127265,0,0,0
9.5,0,554.0,0,554.0,0,554.0,0,0.0,0,2.3293362522125243,83767557.00069849,0,83767557.00069849,0,0,0
9.5,0,548.96,0,546.3673921279958,0,554.0,0,22.944954144409383,0,2.534456977844238,83759162.38259764,0,83759162.38259764,0,0,0
9.5,0,578.0,0,578.0,0,578.0,0,0.0,0,0.0,83586118.59083763,0,83586118.59083763,0,0,0
9.5,0,592.0,0,592.0,0,592.0,0,0.0,0,0.0,83698471.26358366,0,83698471.26358366,0,0,0
9.5,0,586.66,0,591.1552807017545,0,592.0,0,3.579419350150721,0,0.0,83677619.74933627,0,83677619.74933627,0,0,0
9.5,0,578.0,0,578.0,0,578.0,0,0.0,0,0.0,83651072.62573029,0,83651072.62573029,0,0,0
9.5,0,301.94,0,292.9982673219883,0,467.5,0,151.34328605534992,0,0.0710755968093872,83702824.21090974,0,83702824.21090974,0,0,0
9.5,0,586.82,0,587.4422085759957,0,592.0,0,16.054095577605395,0,0.0,83677424.58946931,0,83677424.58946931,0,0,0
9.5,0,592.0,0,592.0,0,592.0,0,0.0,0,0.0,83693858.30293377,0,83693858.30293377,0,0,0
9.5,0,578.0,0,578.0,0,578.0,0,0.0,0,0.0,83646609.29742745,0,83646609.29742745,0,0,0
9.5,0,572.42,0,586.6819283276063,0,592.0,0,20.2649841677654,0,0.0161236524581909,83698413.02689916,0,83698413.02689916,0,0,0
9.5,0,586.66,0,590.1514130546956,0,592.0,0,7.460528159874263,0,0.0125111699104309,83702393.01323047,0,83702393.01323047,0,0,0
9.5,0,578.28,0,576.046345237322,0,592.0,0,28.97990490119033,0,0.0031589174270629,83693704.34760267,0,83693704.34760267,0,0,0
9.5,0,578.0,0,578.0,0,578.0,0,0.0,0,0.0,83663518.43822122,0,83663518.43822122,0,0,0
9.5,0,592.0,0,592.0,0,592.0,0,0.0,0,0.0,83702781.28169066,0,83702781.28169066,0,0,0
9.5,0,549.44,0,553.5319999999999,0,554.0,0,2.012062724035902,0,2.787051875591278,83789025.7992704,0,83789025.7992704,0,0,0
9.5,0,592.0,0,592.0,0,592.0,0,0.0,0,0.0,83694174.30455984,0,83694174.30455984,0,0,0
9.5,0,592.0,0,592.0,0,592.0,0,0.0,0,0.0,83693903.45033994,0,83693903.45033994,0,0,0
9.5,0,578.0,0,578.0,0,578.0,0,0.0,0,0.0,83647264.385039,0,83647264.385039,0,0,0
9.5,0,576.34,0,584.8121074253404,0,592.0,0,23.68167880252505,0,0.0009595394134521,83677327.94757587,0,83677327.94757587,0,0,0
9.5,0,578.0,0,578.0,0,578.0,0,0.0,0,0.0,83650912.62165862,0,83650912.62165862,0,0,0
9.5,0,583.49,0,574.6517818354246,0,587.23,0,29.229944427028663,0,0.0379225420951843,83677358.17057876,0,83677358.17057876,0,0,0
9.5,0,583.02,0,576.1632000404137,0,592.0,0,43.96345656440797,0,0.0123815584182739,83702837.47084479,0,83702837.47084479,0,0,0
9.5,0,572.82,0,570.1553752426624,0,578.0,0,23.582313981754087,0,0.0,83646574.98410043,0,83646574.98410043,0,0,0
9.5,0,549.12,0,553.756,0,554.0,0,1.0635713422239244,0,0.4256381487846374,83759112.90951087,0,83759112.90951087,0,0,0
9.5,0,592.0,0,592.0,0,592.0,0,0.0,0,0.0,83693852.66313103,0,83693852.66313103,0,0,0
9.5,0,549.06,0,549.0358803794245,0,554.0,0,16.944027912067067,0,0.3100302505493164,83763028.32015528,0,83763028.32015528,0,0,0
9.5,0,554.0,0,554.0,0,554.0,0,0.0,0,1.7248470044136048,83762963.01461476,0,83762963.01461476,0,0,0
9.5,0,578.0,0,578.0,0,578.0,0,0.0,0,0.0,83663879.62879577,0,83663879.62879577,0,0,0
9.5,0,554.0,0,554.0,0,554.0,0,0.0,0,2.097552485466004,83707372.62642048,0,83707372.62642048,0,0,0
9.5,0,570.48,0,577.3559844031098,0,592.0,0,33.18705159148989,0,0.0159378552436828,83693888.57704589,0,83693888.57704589,0,0,0
9.5,0,549.06,0,549.6533803794246,0,554.0,0,15.31027647748468,0,1.2196135139465332,83711513.376203,0,83711513.376203,0,0,0
9.5,0,587.54,0,591.7769999999999,0,592.0,0,0.97203446440957,0,0.0014514398574829,83677209.94589081,0,83677209.94589081,0,0,0
9.5,0,592.0,0,592.0,0,592.0,0,0.0,0,0.0,83702459.81333284,0,83702459.81333284,0,0,0
9.5,0,72.4,0,78.44657643289801,0,227.24,0,54.08174169404087,0,9.889617791175842,83586124.89677599,0,83586124.89677599,0,0,0
9.5,0,581.36,0,587.1474424333835,0,592.0,0,13.461736695397454,0,0.0,83702780.00187367,0,83702780.00187367,0,0,0
9.5,0,578.0,0,578.0,0,578.0,0,0.0,0,0.0,83574178.16950633,0,83574178.16950633,0,0,0
9.5,0,545.57,0,547.3099742429483,0,554.0,0,18.70248128880669,0,1.900797300338745,83707274.1920411,0,83707274.1920411,0,0,0
9.5,0,592.0,0,592.0,0,592.0,0,0.0,0,0.0,83693965.39595884,0,83693965.39595884,0,0,0
9.5,0,576.46,0,550.7677923946538,0,581.64,0,40.29481269096175,0,0.0197038578987121,83693709.60902445,0,83693709.60902445,0,0,0
9.5,0,578.0,0,578.0,0,578.0,0,0.0,0,0.0,83647262.97800897,0,83647262.97800897,0,0,0
9.5,0,572.82,0,573.4422085759957,0,578.0,0,16.054095577605395,0,0.0,83650849.69757003,0,83650849.69757003,0,0,0
9.5,0,587.84,0,581.1934030262822,0,592.0,0,24.781067956033564,0,0.003528299331665,83681532.20474799,0,83681532.20474799,0,0,0
9.5,0,554.0,0,554.0,0,554.0,0,0.0,0,1.121128520965576,83789359.38369776,0,83789359.38369776,0,0,0
9.5,0,578.0,0,578.0,0,578.0,0,0.0,0,0.0,83663584.37067012,0,83663584.37067012,0,0,0
9.5,0,646.62,0,607.1586943078422,0,813.88,0,72.44639431977741,0,0.0649188613891601,83698473.77022554,0,83698473.77022554,0,0,0
9.5,0,567.64,0,566.633583818658,0,578.0,0,37.56440955935948,0,0.0,83586762.38628034,0,83586762.38628034,0,0,0
9.5,0,578.0,0,578.0,0,578.0,0,0.0,0,0.0,83663877.40945296,0,83663877.40945296,0,0,0
9.5,0,592.0,0,592.0,0,592.0,0,0.0,0,0.0,83681066.60299343,0,83681066.60299343,0,0,0
9.5,0,587.52,0,580.3621263359963,0,592.0,0,26.68730395265153,0,0.0297998690605163,83676848.67909154,0,83676848.67909154,0,0,0
9.5,0,576.34,0,572.4230621476048,0,586.78,0,32.25808249590718,0,0.0,83677488.20601839,0,83677488.20601839,0,0,0
9.5,0,567.64,0,574.7589361885105,0,578.0,0,9.445804410161989,0,0.0,83581809.06324375,0,83581809.06324375,0,0,0
9.5,0,66.44,0,68.67128640296752,0,123.34,0,21.862496142598523,0,36.52712855577469,83586364.58417173,0,83586364.58417173,0,0,0
9.5,0,592.0,0,592.0,0,592.0,0,0.0,0,0.0,83677636.50326267,0,83677636.50326267,0,0,0
9.5,0,554.0,0,554.0,0,554.0,0,0.0,0,0.2773633790016174,83767603.51469283,0,83767603.51469283,0,0,0
9.5,0,554.0,0,554.0,0,554.0,0,0.0,0,1.891154408454895,83767583.67301565,0,83767583.67301565,0,0,0
9.5,0,578.0,0,578.0,0,578.0,0,0.0,0,0.0,83573738.0256818,0,83573738.0256818,0,0,0
9.5,0,578.0,0,578.0,0,578.0,0,0.0,0,0.0,83647030.82347776,0,83647030.82347776,0,0,0
9.5,0,580.57,0,575.7043803408923,0,677.87,0,67.43708988491986,0,0.0244168710708618,83694165.26957312,0,83694165.26957312,0,0,0
9.5,0,564.12,0,564.5453248279068,0,576.76,0,25.06001788732832,0,0.0586545491218566,83650804.91884346,0,83650804.91884346,0,0,0
9.5,0,592.0,0,592.0,0,592.0,0,0.0,0,0.0,83677121.24224241,0,83677121.24224241,0,0,0
9.5,0,581.56,0,576.2598961812182,0,592.0,0,39.73270608349985,0,0.0,83677646.21728592,0,83677646.21728592,0,0,0
9.5,0,588.38,0,587.84518244114,0,592.0,0,13.683210019202502,0,0.0,83677218.21230625,0,83677218.21230625,0,0,0
9.5,0,565.86,0,555.6031964733753,0,592.0,0,46.40816760361704,0,0.0200761604309082,83698571.72257918,0,83698571.72257918,0,0,0
9.5,0,571.52,0,580.1546640167109,0,592.0,0,30.64388268991764,0,0.0,83677224.67686808,0,83677224.67686808,0,0,0
9.5,0,554.0,0,554.0,0,554.0,0,0.0,0,2.926483008861542,83763028.71429339,0,83763028.71429339,0,0,0
9.5,0,567.64,0,545.9074171519915,0,567.64,0,36.34453474608787,0,0.0,83646697.27781975,0,83646697.27781975,0,0,0
9.5,0,578.17,0,575.8824803562021,0,592.0,0,45.62580684302159,0,0.0,83693951.80583934,0,83693951.80583934,0,0,0
9.5,0,578.0,0,578.0,0,578.0,0,0.0,0,0.0,83651076.8464581,0,83651076.8464581,0,0,0
9.5,0,592.0,0,592.0,0,592.0,0,0.0,0,0.0,83676865.38969927,0,83676865.38969927,0,0,0
9.5,0,592.0,0,592.0,0,592.0,0,0.0,0,0.0,83698583.38163716,0,83698583.38163716,0,0,0
9.5,0,592.0,0,592.0,0,592.0,0,0.0,0,0.0,83677227.77857655,0,83677227.77857655,0,0,0
9.5,0,592.0,0,592.0,0,592.0,0,0.0,0,0.0,83681314.45575987,0,83681314.45575987,0,0,0
9.5,0,709.17,0,600.6866035169681,0,989.85,0,172.09709478012138,0,1.5710744261741638,83573956.26534866,0,83573956.26534866,0,0,0
9.5,0,586.62,0,590.832482628139,0,592.0,0,4.8721138330555736,0,0.0016732716560363,83693979.57240386,0,83693979.57240386,0,0,0
9.5,0,537.33,0,536.0814191252075,0,578.0,0,54.066998332888176,0,0.1696086025238037,83651173.10119058,0,83651173.10119058,0,0,0
9.5,0,567.78,0,568.5741935555844,0,578.0,0,25.68516128425609,0,0.0,83573909.22372815,0,83573909.22372815,0,0,0
9.5,0,578.0,0,578.0,0,578.0,0,0.0,0,0.0,83647393.24152671,0,83647393.24152671,0,0,0
9.5,0,549.44,0,547.0943071634248,0,554.0,0,20.759720416370392,0,1.2908584213256835,83759024.50656326,0,83759024.50656326,0,0,0
9.5,0,554.0,0,554.0,0,554.0,0,0.0,0,2.227811625003815,83707375.99283676,0,83707375.99283676,0,0,0
9.5,0,578.0,0,578.0,0,578.0,0,0.0,0,0.0,83585866.17193793,0,83585866.17193793,0,0,0
9.5,0,586.78,0,584.09479898971,0,592.0,0,23.764416792424004,0,0.0,83693699.74945167,0,83693699.74945167,0,0,0
9.5,0,554.0,0,554.0,0,554.0,0,0.0,0,2.6611897945404053,83789125.6038388,0,83789125.6038388,0,0,0
9.5,0,572.92,0,573.5301968274244,0,578.0,0,15.7441709525551,0,0.0,83646765.24750227,0,83646765.24750227,0,0,0
9.5,0,549.62,0,553.0009965600276,0,554.84,0,4.499131213998675,0,1.2244093418121338,83759021.22930798,0,83759021.22930798,0,0,0
9.5,0,578.0,0,578.0,0,578.0,0,0.0,0,0.0,83574024.97357118,0,83574024.97357118,0,0,0
9.5,0,576.38,0,579.4233238991831,0,592.0,0,42.127084652362775,0,0.0004977393150329,83677442.25213346,0,83677442.25213346,0,0,0
9.5,0,554.0,0,554.0,0,554.0,0,0.0,0,0.3572513437271118,83767539.36602983,0,83767539.36602983,0,0,0
9.5,0,549.24,0,553.5114736842105,0,554.0,0,2.100311089125196,0,3.4052914810180663,83784790.77174963,0,83784790.77174963,0,0,0
9.5,0,326.79,0,321.8941096544065,0,416.16,0,81.95948221368774,0,1.5586416411399842,83767497.44250153,0,83767497.44250153,0,0,0
9.5,0,592.0,0,592.0,0,592.0,0,0.0,0,0.0,83702717.21155338,0,83702717.21155338,0,0,0
9.5,0,578.0,0,578.0,0,578.0,0,0.0,0,0.0,83647334.73409846,0,83647334.73409846,0,0,0
9.5,0,592.0,0,592.0,0,592.0,0,0.0,0,0.0,83698569.52071814,0,83698569.52071814,0,0,0
9.5,0,586.68,0,590.1583366013072,0,592.0,0,7.432586106841026,0,0.0,83677355.88944593,0,83677355.88944593,0,0,0
9.5,0,554.0,0,554.0,0,554.0,0,0.0,0,1.3347868251800536,83759035.25655065,0,83759035.25655065,0,0,0
9.5,0,581.36,0,590.0039477124183,0,592.0,0,6.152345936844563,0,0.0,83693891.05301344,0,83693891.05301344,0,0,0
9.5,0,554.0,0,554.0,0,554.0,0,0.0,0,0.7458403062820435,83784850.56132172,0,83784850.56132172,0,0,0
9.5,0,592.0,0,592.0,0,592.0,0,0.0,0,0.0,83693792.33425465,0,83693792.33425465,0,0,0
9.5,0,589.43,0,585.3238090811407,0,592.0,0,15.309457847838042,0,0.0,83681504.57339773,0,83681504.57339773,0,0,0
9.5,0,549.81,0,546.6601826293331,0,580.04,0,69.57589336694522,0,0.0106233215332031,83647506.20376143,0,83647506.20376143,0,0,0
9.5,0,544.88,0,551.7000980392156,0,554.0,0,9.427370907437066,0,1.1278744792938231,83789057.18363059,0,83789057.18363059,0,0,0
9.5,0,572.95,0,577.4817105263159,0,578.0,0,2.228271218504672,0,0.0317635703086853,83574185.51297946,0,83574185.51297946,0,0,0
9.5,0,537.19,0,514.8898642683854,0,573.61,0,96.7687727386494,0,0.2645491099357605,83702437.3312567,0,83702437.3312567,0,0,0
9.5,0,554.0,0,554.0,0,554.0,0,0.0,0,0.8827857232093811,83707181.45497856,0,83707181.45497856,0,0,0
9.5,0,558.05,0,557.1135241828605,0,598.55,0,11.279155108401254,0,8.165382304191589,83763095.45351832,0,83763095.45351832,0,0,0
9.5,0,529.8,0,540.8611837997314,0,669.2,0,67.62389055005148,0,42.88210993051529,83763196.20286043,0,83763196.20286043,0,0,0
9.5,0,592.0,0,592.0,0,592.0,0,0.0,0,0.0,83681321.94402787,0,83681321.94402787,0,0,0
9.5,0,588.38,0,587.2418491078065,0,592.0,0,15.032304365627374,0,0.0,83698552.1343053,0,83698552.1343053,0,0,0
9.5,0,592.0,0,592.0,0,592.0,0,0.0,0,0.0,83693946.9660375,0,83693946.9660375,0,0,0
9.5,0,554.0,0,554.0,0,554.0,0,0.0,0,0.6236342525482178,83767407.19129746,0,83767407.19129746,0,0,0
9.5,0,592.0,0,592.0,0,592.0,0,0.0,0,0.0,83677398.23809122,0,83677398.23809122,0,0,0
9.5,0,552.22,0,551.9570234102843,0,554.0,0,6.728208241486313,0,1.7458068704605103,83707271.48295605,0,83707271.48295605,0,0,0
9.5,0,554.0,0,554.0,0,554.0,0,0.0,0,1.7034582257270814,83758959.62563181,0,83758959.62563181,0,0,0
9.5,0,592.0,0,592.0,0,592.0,0,0.0,0,0.0,83702760.05778915,0,83702760.05778915,0,0,0
9.5,0,550.64,0,545.2715947519972,0,554.0,0,20.01547796448865,0,2.088133728504181,83767592.50791419,0,83767592.50791419,0,0,0
9.5,0,587.31,0,586.6171010079961,0,592.0,0,17.727694748635287,0,0.0,83694162.16678756,0,83694162.16678756,0,0,0
9.5,0,549.4,0,553.1027894075308,0,556.52,0,5.034614248838619,0,3.5482578921318053,83711433.94561294,0,83711433.94561294,0,0,0
9.5,0,592.0,0,592.0,0,592.0,0,0.0,0,0.0,83693900.270399,0,83693900.270399,0,0,0
9.5,0,578.0,0,578.0,0,578.0,0,0.0,0,0.0,83647028.81242198,0,83647028.81242198,0,0,0
9.5,0,586.68,0,587.9101361351068,0,592.0,0,14.816075352270284,0,0.0,83677364.67444718,0,83677364.67444718,0,0,0
9.5,0,554.0,0,554.0,0,554.0,0,0.0,0,3.1787453627586366,83784714.09914465,0,83784714.09914465,0,0,0
9.5,0,549.06,0,536.2271660937101,0,549.06,0,29.42751819778985,0,0.8391579699516296,83767417.57564469,0,83767417.57564469,0,0,0
9.5,0,542.44,0,528.6048063633992,0,578.0,0,43.67786423031723,0,0.0,83647257.45136596,0,83647257.45136596,0,0,0
9.5,0,592.0,0,592.0,0,592.0,0,0.0,0,0.0,83693720.29897678,0,83693720.29897678,0,0,0
9.5,0,554.0,0,554.0,0,554.0,0,0.0,0,0.4933473372459411,83789306.84462056,0,83789306.84462056,0,0,0
9.5,0,544.35,0,531.4018123085634,0,554.0,0,36.22258078504664,0,2.370353121757508,83767603.62194444,0,83767603.62194444,0,0,0
9.5,0,586.66,0,591.1552807017544,0,592.0,0,3.579419350150721,0,0.0203493404388427,83693839.73550202,0,83693839.73550202,0,0,0
9.5,0,544.08,0,530.6704226011346,0,554.0,0,37.32746033205751,0,4.827166814804077,83759286.75179037,0,83759286.75179037,0,0,0
9.5,0,554.34,0,553.0503203713212,0,578.0,0,51.509684932818864,0,0.0942212581634521,83647308.4476033,0,83647308.4476033,0,0,0
9.5,0,554.0,0,554.0,0,554.0,0,0.0,0,2.516574206352234,83762936.12787607,0,83762936.12787607,0,0,0
9.5,0,578.0,0,578.0,0,578.0,0,0.0,0,0.0,83663528.08529729,0,83663528.08529729,0,0,0
9.5,0,572.96,0,564.9073921279959,0,578.0,0,30.02321694673297,0,0.1241598796844482,83646704.31404647,0,83646704.31404647,0,0,0
9.5,0,572.82,0,575.4383398891271,0,578.0,0,9.951356966484934,0,0.0,83646549.78192392,0,83646549.78192392,0,0,0
9.5,0,578.0,0,578.0,0,578.0,0,0.0,0,0.0,83586107.80230504,0,83586107.80230504,0,0,0
9.5,0,554.0,0,554.0,0,554.0,0,0.0,0,1.9654390335083007,83784793.56788751,0,83784793.56788751,0,0,0
9.5,0,578.0,0,578.0,0,578.0,0,0.0,0,0.0,83647243.9553982,0,83647243.9553982,0,0,0
9.5,0,571.74,0,547.6778085417334,0,650.8,0,53.3925814885963,0,2.7737737989425657,83759118.26361205,0,83759118.26361205,0,0,0
9.5,0,586.98,0,589.5174645257563,0,592.0,0,9.643979145126329,0,0.010001049041748,83693924.07091333,0,83693924.07091333,0,0,0
9.5,0,551.71,0,539.0266608590497,0,568.38,0,58.29175027082472,0,0.0258458399772644,83586207.34527753,0,83586207.34527753,0,0,0
9.5,0,554.0,0,554.0,0,554.0,0,0.0,0,3.991782834529877,83767604.36761238,0,83767604.36761238,0,0,0
9.5,0,550.26,0,553.6161578947368,0,554.0,0,1.6502444271697967,0,0.4978105020523071,83767467.31732512,0,83767467.31732512,0,0,0
9.5,0,586.68,0,583.943358357329,0,592.0,0,24.219673819098794,0,0.0,83702399.6932641,0,83702399.6932641,0,0,0
9.5,0,567.64,0,574.3889361885105,0,578.0,0,10.779858382083663,0,0.0,83581552.79926497,0,83581552.79926497,0,0,0
9.5,0,541.24,0,552.6127894736842,0,554.0,0,4.030901205394683,0,5.964638113975525,83763045.88043052,0,83763045.88043052,0,0,0
9.5,0,592.0,0,592.0,0,592.0,0,0.0,0,0.0,83698469.64201497,0,83698469.64201497,0,0,0
9.5,0,578.0,0,578.0,0,578.0,0,0.0,0,0.0,83646623.54255003,0,83646623.54255003,0,0,0
9.5,0,554.0,0,554.0,0,554.0,0,0.0,0,0.3722563624382019,83789355.75474942,0,83789355.75474942,0,0,0
9.5,0,592.0,0,592.0,0,592.0,0,0.0,0,0.0,83702767.19132428,0,83702767.19132428,0,0,0
9.5,0,578.0,0,578.0,0,578.0,0,0.0,0,0.0,83573861.60584463,0,83573861.60584463,0,0,0
9.5,0,573.0,0,577.2090643274854,0,578.0,0,3.351516245459477,0,0.0157223486900329,83574009.83070032,0,83574009.83070032,0,0,0
9.5,0,554.0,0,554.0,0,554.0,0,0.0,0,4.2968903517723085,83784717.08985575,0,83784717.08985575,0,0,0
9.5,0,592.0,0,592.0,0,592.0,0,0.0,0,0.0,83677360.10926013,0,83677360.10926013,0,0,0
9.5,0,592.0,0,592.0,0,592.0,0,0.0,0,0.0,83680986.72325069,0,83680986.72325069,0,0,0
9.5,0,578.0,0,578.0,0,578.0,0,0.0,0,0.0,83647397.25086579,0,83647397.25086579,0,0,0
9.5,0,554.0,0,554.0,0,554.0,0,0.0,0,0.4517534041404724,83784927.79045813,0,83784927.79045813,0,0,0
9.5,0,554.0,0,554.0,0,554.0,0,0.0,0,3.4927876210212707,83763027.78724498,0,83763027.78724498,0,0,0
9.5,0,592.0,0,592.0,0,592.0,0,0.0,0,0.0,83677424.44233303,0,83677424.44233303,0,0,0
9.5,0,558.65,0,548.8998584856406,0,578.0,0,52.15152531076374,0,0.0370551681518554,83650795.94763246,0,83650795.94763246,0,0,0
9.5,0,572.82,0,567.1337085759957,0,578.0,0,28.26719519525333,0,0.0,83586772.43843125,0,83586772.43843125,0,0,0
9.5,0,592.0,0,592.0,0,592.0,0,0.0,0,0.0,83677109.20761901,0,83677109.20761901,0,0,0
9.5,0,572.8,0,577.74,0,578.0,0,1.1333137253205752,0,0.0108166694641113,83586171.19590358,0,83586171.19590358,0,0,0
9.5,0,592.0,0,592.0,0,592.0,0,0.0,0,0.0,83676859.93737045,0,83676859.93737045,0,0,0
9.5,0,578.0,0,578.0,0,578.0,0,0.0,0,0.0,83586025.93212752,0,83586025.93212752,0,0,0
9.5,0,578.0,0,578.0,0,578.0,0,0.0,0,0.0,83647241.93373674,0,83647241.93373674,0,0,0
9.5,0,586.77,0,591.1776812865497,0,592.0,0,3.443556799682199,0,0.0126772594451904,83698591.03647716,0,83698591.03647716,0,0,0
9.5,0,586.62,0,589.3394340933405,0,592.0,0,10.335579243183192,0,9.5980167388916e-05,83677090.14415164,0,83677090.14415164,0,0,0
9.5,0,572.82,0,577.741,0,578.0,0,1.1289548263770346,0,0.0,83581792.1183518,0,83581792.1183518,0,0,0
9.5,0,529.44,0,546.5045037024379,0,554.0,0,22.267212914225222,0,2.179273841381073,83762960.24897213,0,83762960.24897213,0,0,0
9.5,0,549.04,0,550.6828938402499,0,554.0,0,12.325483787079063,0,1.7183377051353457,83767454.06249966,0,83767454.06249966,0,0,0
9.5,0,238.73,0,184.2963704054803,0,945.13,0,233.4720520900641,0,8.002766494750977,83647327.32173643,0,83647327.32173643,0,0,0
9.5,0,565.52,0,589.6789956237432,0,723.2,0,137.9924447291643,0,29.83546439170837,83759153.45155214,0,83759153.45155214,0,0,0
9.5,0,549.24,0,553.5114736842105,0,554.0,0,2.100311089125196,0,1.659395422935486,83789040.68011492,0,83789040.68011492,0,0,0
9.5,0,554.0,0,554.0,0,554.0,0,0.0,0,5.040166926383972,83759290.33181599,0,83759290.33181599,0,0,0
9.5,0,572.82,0,577.741,0,578.0,0,1.1289548263770346,0,0.0,83650864.91633292,0,83650864.91633292,0,0,0
9.5,0,586.68,0,589.3691058320763,0,592.0,0,10.220312560173715,0,0.0,83702653.8764919,0,83702653.8764919,0,0,0
9.5,0,592.0,0,592.0,0,592.0,0,0.0,0,0.0,83698463.13312379,0,83698463.13312379,0,0,0
9.5,0,576.13,0,569.5768716411297,0,592.0,0,55.04314403392936,0,0.0111031699180603,83693948.44530973,0,83693948.44530973,0,0,0
9.5,0,586.66,0,582.5780702308527,0,592.0,0,26.623013052538205,0,0.0001388216018676,83681138.16745508,0,83681138.16745508,0,0,0
9.5,0,554.0,0,554.0,0,554.0,0,0.0,0,2.021359848976135,83784803.29041275,0,83784803.29041275,0,0,0
9.5,0,554.0,0,554.0,0,554.0,0,0.0,0,2.2528077268600466,83784874.26383826,0,83784874.26383826,0,0,0
9.5,0,549.06,0,551.1453601774043,0,554.0,0,10.85563410647666,0,2.0096117949485777,83784645.22186355,0,83784645.22186355,0,0,0
9.5,0,578.0,0,578.0,0,578.0,0,0.0,0,0.0,83650867.02752598,0,83650867.02752598,0,0,0
9.5,0,537.14,0,526.4198546629669,0,562.76,0,67.2298661078541,0,0.0317076086997985,83581828.09669258,0,83581828.09669258,0,0,0
9.5,0,554.0,0,554.0,0,554.0,0,0.0,0,3.71481910467148,83767478.58555555,0,83767478.58555555,0,0,0
9.5,0,592.0,0,592.0,0,592.0,0,0.0,0,0.0,83702639.0933969,0,83702639.0933969,0,0,0
9.5,0,572.82,0,575.0066732224603,0,578.0,0,11.38303333432168,0,0.0,83574161.23378152,0,83574161.23378152,0,0,0
9.5,0,554.0,0,554.0,0,554.0,0,0.0,0,0.0492469072341918,83784695.30576217,0,83784695.30576217,0,0,0
9.5,0,549.51,0,553.5391842105263,0,554.0,0,1.9811757962546488,0,2.933685324192047,83759184.4033991,0,83759184.4033991,0,0,0
9.5,0,578.0,0,578.0,0,578.0,0,0.0,0,0.0,83651397.35628872,0,83651397.35628872,0,0,0
9.5,0,592.0,0,592.0,0,592.0,0,0.0,0,0.0,83681314.3927061,0,83681314.3927061,0,0,0
9.5,0,586.68,0,590.1583366013073,0,592.0,0,7.4325861068410255,0,0.0,83677368.99943583,0,83677368.99943583,0,0,0
9.5,0,572.82,0,576.875884760922,0,578.0,0,4.690994359707783,0,0.0,83650815.25581251,0,83650815.25581251,0,0,0
9.0625,0,570.609375,0,537.7431046106967,0,576.265625,0,58.344237419950176,0,0.0826870277523994,78451124.42711422,0,78451124.42711422,0,0,0
9.5,0,549.04,0,552.2829604403164,0,554.0,0,6.929629152242763,0,0.2625213694572448,83707230.64932223,0,83707230.64932223,0,0,0
9.5,0,555.4,0,522.8081547334674,0,560.68,0,34.94176556610838,0,0.0,83694063.50539105,0,83694063.50539105,0,0,0
9.5,0,587.16,0,580.5603176814585,0,623.8,0,10.512554845032566,0,0.0,83650903.49356605,0,83650903.49356605,0,0,0
9.5,0,581.99,0,588.743825755471,0,592.0,0,12.653666422179985,0,0.013952989578247,83677092.64207275,0,83677092.64207275,0,0,0
9.5,0,578.0,0,578.0,0,578.0,0,0.0,0,0.0,83663871.87340266,0,83663871.87340266,0,0,0
9.5,0,587.23,0,588.8099604068533,0,592.0,0,11.853338238783698,0,0.0012067985534667,83677219.32750727,0,83677219.32750727,0,0,0
9.5,0,570.23,0,571.429007308438,0,578.0,0,23.02467600920958,0,7.896184921264648e-05,83651070.17512886,0,83651070.17512886,0,0,0
9.5,0,568.36,0,573.5988944892397,0,578.0,0,12.213485046747351,0,0.0026048994064331,83650801.42130136,0,83650801.42130136,0,0,0
9.5,0,578.0,0,578.0,0,578.0,0,0.0,0,0.0,83650915.1154635,0,83650915.1154635,0,0,0
9.5,0,592.0,0,592.0,0,592.0,0,0.0,0,0.0,83698674.339282,0,83698674.339282,0,0,0
9.5,0,592.0,0,592.0,0,592.0,0,0.0,0,0.0,83702655.92536917,0,83702655.92536917,0,0,0
9.5,0,554.0,0,554.0,0,554.0,0,0.0,0,0.2106387710571289,83763074.96089773,0,83763074.96089773,0,0,0
9.5,0,588.22,0,588.6740440959969,0,592.0,0,11.715150826901237,0,0.0,83676938.01535237,0,83676938.01535237,0,0,0
9.5,0,718.32,0,671.0855249188378,0,723.2,0,88.01113770207361,0,1.5466179037094117,83763343.38324852,0,83763343.38324852,0,0,0
9.5,0,554.0,0,554.0,0,554.0,0,0.0,0,1.2335747623443605,83784603.43719317,0,83784603.43719317,0,0,0
9.5,0,554.0,0,554.0,0,554.0,0,0.0,0,3.729526083469391,83763045.7565053,0,83763045.7565053,0,0,0
9.5,0,592.0,0,592.0,0,592.0,0,0.0,0,0.0,83693888.22613816,0,83693888.22613816,0,0,0
9.5,0,578.0,0,578.0,0,578.0,0,0.0,0,0.0,83586171.57534888,0,83586171.57534888,0,0,0
9.5,0,554.0,0,554.0,0,554.0,0,0.0,0,5.882439911365509,83759209.94472738,0,83759209.94472738,0,0,0
9.263157894736842,0,554.0,0,554.0,0,554.0,0,0.0,0,6.728743262039988,70555638.73201844,0,70555638.73201844,0,0,0
9.5,0,581.36,0,584.7395282919695,0,592.0,0,24.926804870100217,0,0.0,83677107.26438405,0,83677107.26438405,0,0,0
9.5,0,592.0,0,592.0,0,592.0,0,0.0,0,0.0,83698412.75278914,0,83698412.75278914,0,0,0
9.5,0,549.53,0,547.2306037325677,0,554.0,0,20.349989092363085,0,0.4550634932518005,83763036.3067905,0,83763036.3067905,0,0,0
9.5,0,567.76,0,577.2185263157895,0,578.0,0,2.6792800167395128,0,0.0054971313476562,83663878.03541593,0,83663878.03541593,0,0,0
9.5,0,586.66,0,584.9810702308528,0,592.0,0,22.17472522443375,0,0.0,83677512.22401842,0,83677512.22401842,0,0,0
9.5,0,559.34,0,545.0745113310322,0,578.0,0,42.92527284839034,0,0.0,83585925.61071217,0,83585925.61071217,0,0,0
9.5,0,554.0,0,554.0,0,554.0,0,0.0,0,0.5207284426689148,83789015.31704405,0,83789015.31704405,0,0,0
9.5,0,549.06,0,550.6962692683134,0,554.0,0,12.27578425567955,0,1.5698440170288086,83767473.51399484,0,83767473.51399484,0,0,0
9.5,0,554.0,0,554.0,0,554.0,0,0.0,0,3.3639121651649475,83759165.22883125,0,83759165.22883125,0,0,0
9.5,0,620.33,0,643.8341530202254,0,1324.56,0,215.05017404734645,0,0.0177629685401916,83586761.99738313,0,83586761.99738313,0,0,0
9.5,0,554.0,0,554.0,0,554.0,0,0.0,0,0.3977756476402282,83789098.99334756,0,83789098.99334756,0,0,0
9.5,0,542.2,0,511.7428567821927,0,552.6,0,36.76363300213637,0,0.0041555571556091,83651405.06175996,0,83651405.06175996,0,0,0
9.5,0,592.0,0,592.0,0,592.0,0,0.0,0,0.0,83702663.45344913,0,83702663.45344913,0,0,0
9.5,0,592.0,0,592.0,0,592.0,0,0.0,0,0.0,83677333.0457252,0,83677333.0457252,0,0,0
9.5,0,557.86,0,563.4044721895751,0,578.0,0,45.28474502350021,0,0.0,83581719.97401135,0,83581719.97401135,0,0,0
9.5,0,549.06,0,551.9370268440709,0,554.0,0,8.173931620694676,0,0.1973290133476257,83767420.55802722,0,83767420.55802722,0,0,0
9.5,0,578.0,0,578.0,0,578.0,0,0.0,0,0.0,83647248.77370477,0,83647248.77370477,0,0,0
9.5,0,554.0,0,554.0,0,554.0,0,0.0,0,2.484249415397644,83759122.68837678,0,83759122.68837678,0,0,0
9.5,0,554.0,0,554.0,0,554.0,0,0.0,0,0.0023368430137634,100546815.70484738,0,100546815.70484738,0,0,0
9.5,0,554.0,0,554.0,0,554.0,0,0.0,0,3.988700985908508,83759170.33949159,0,83759170.33949159,0,0,0
9.5,0,567.88,0,571.4529239492018,0,592.0,0,64.1456137690244,0,0.0101136112213134,83694072.80238804,0,83694072.80238804,0,0,0
9.5,0,586.74,0,582.7192227367576,0,592.0,0,26.224166415047,0,0.0,83681273.76246539,0,83681273.76246539,0,0,0
9.5,0,578.0,0,578.0,0,578.0,0,0.0,0,0.0,83581830.86750339,0,83581830.86750339,0,0,0
9.5,0,567.94,0,561.507572382468,0,578.0,0,32.583975979669084,0,5.698204040527344e-07,83650945.75419316,0,83650945.75419316,0,0,0
9.5,0,549.19,0,536.6948722491388,0,549.19,0,28.653109824163803,0,3.049134504795074,83784620.1262525,0,83784620.1262525,0,0,0
9.5,0,592.0,0,592.0,0,592.0,0,0.0,0,0.0,83698461.89983091,0,83698461.89983091,0,0,0
9.5,0,586.54,0,591.4396315789473,0,592.0,0,2.4091803669377247,0,0.0001577591896057,83693922.41774045,0,83693922.41774045,0,0,0
9.5,0,576.4,0,584.9967453645427,0,592.0,0,21.0318448458844,0,0.0,83677363.95093217,0,83677363.95093217,0,0,0
9.5,0,582.52,0,584.7262888006386,0,592.0,0,25.33464252875527,0,0.0003597688674926,83698551.34128003,0,83698551.34128003,0,0,0
9.5,0,574.52,0,575.3246755169495,0,578.0,0,9.69171846351515,0,0.0,100288622.69821888,0,100288622.69821888,0,0,0
9.5,0,553.74,0,575.2367617830226,0,638.1,0,49.858892154768455,0,0.0,83698540.12096344,0,83698540.12096344,0,0,0
9.5,0,592.0,0,592.0,0,592.0,0,0.0,0,0.0,83702778.27918573,0,83702778.27918573,0,0,0
9.5,0,573.2,0,572.4908496457103,0,578.0,0,18.14348289839005,0,0.0,83650859.60906796,0,83650859.60906796,0,0,0
9.5,0,578.0,0,578.0,0,578.0,0,0.0,0,0.0,83650862.80907531,0,83650862.80907531,0,0,0
9.5,0,586.82,0,590.552134760922,0,592.0,0,5.944872718042434,0,0.0105245184898376,83676894.74828604,0,83676894.74828604,0,0,0
9.5,0,582.79,0,585.0875547706937,0,592.0,0,19.05787548399086,0,0.0,83693926.28395385,0,83693926.28395385,0,0,0
9.5,0,534.38,0,534.6303725215273,0,549.2,0,32.24837037112199,0,2.1550351333618165,83784677.31443714,0,83784677.31443714,0,0,0
9.5,0,554.0,0,554.0,0,554.0,0,0.0,0,3.6865175771713257,83767417.9281205,0,83767417.9281205,0,0,0
9.5,0,455.75,0,460.540608607165,0,557.8,0,98.93295355939428,0,1.0910245513916017,83663532.14335193,0,83663532.14335193,0,0,0
9.5,0,549.93,0,551.9872670557427,0,554.0,0,7.818923330809591,0,0.9722771000862122,83707273.85044822,0,83707273.85044822,0,0,0
9.5,0,554.0,0,554.0,0,554.0,0,0.0,0,0.3045071911811828,83711440.2802317,0,83711440.2802317,0,0,0
9.5,0,592.0,0,592.0,0,592.0,0,0.0,0,0.0,83677261.70508952,0,83677261.70508952,0,0,0
9.5,0,572.76,0,571.9858441965671,0,578.0,0,19.806635497409147,0,0.0039166808128356,83646661.7117274,0,83646661.7117274,0,0,0
9.5,0,550.76,0,553.4874736842106,0,554.0,0,2.171782527057741,0,5.698007895946502,83763335.13711287,0,83763335.13711287,0,0,0
9.5,0,592.0,0,592.0,0,592.0,0,0.0,0,0.0,83693931.97621424,0,83693931.97621424,0,0,0
9.5,0,554.0,0,554.0,0,554.0,0,0.0,0,0.5235008931159973,83767425.62671672,0,83767425.62671672,0,0,0
9.5,0,574.36,0,576.9825811833506,0,578.0,0,4.17747812619198,0,0.0999856281280517,83585872.33660549,0,83585872.33660549,0,0,0
9.5,0,578.0,0,578.0,0,578.0,0,0.0,0,0.0,83573861.35310178,0,83573861.35310178,0,0,0
9.5,0,572.96,0,577.2027368421052,0,578.0,0,3.3783283754231523,0,0.0099965691566467,83581791.09576955,0,83581791.09576955,0,0,0
9.5,0,567.76,0,573.3800835336833,0,579.92,0,16.271934801176947,0,0.0,83647036.00862533,0,83647036.00862533,0,0,0
9.5,0,544.24,0,535.1260609462777,0,554.0,0,34.28304676614655,0,1.9209222412109368,83784661.11707956,0,83784661.11707956,0,0,0
9.5,0,541.87,0,524.7557148479746,0,574.32,0,92.36137955326922,0,0.0017321681976318,83646712.96641165,0,83646712.96641165,0,0,0
9.5,0,591.98,0,591.9799023497143,0,592.0,0,0.0685993032877209,0,0.0,83677218.54288776,0,83677218.54288776,0,0,0
9.5,0,558.14,0,573.0311902734778,0,578.0,0,10.839703253782115,0,6.709098815917969e-06,83646511.99198176,0,83646511.99198176,0,0,0
9.5,0,592.0,0,592.0,0,592.0,0,0.0,0,0.0,83681338.64319381,0,83681338.64319381,0,0,0
9.5,0,586.76,0,586.0376025019871,0,592.0,0,19.624927632162283,0,0.0,83693797.66085748,0,83693797.66085748,0,0,0
9.5,0,554.0,0,554.0,0,554.0,0,0.0,0,2.8426856350898744,83707274.0596155,0,83707274.0596155,0,0,0
9.5,0,554.0,0,554.0,0,554.0,0,0.0,0,1.526479434967041,83707197.74002728,0,83707197.74002728,0,0,0
9.5,0,554.0,0,554.0,0,554.0,0,0.0,0,2.824287416934967,83789040.73721692,0,83789040.73721692,0,0,0
9.5,0,466.6,0,456.4863291454847,0,575.72,0,148.88073278416175,0,1.0495107698440551,83702442.60896589,0,83702442.60896589,0,0,0
9.5,0,587.21,0,587.1866127565676,0,592.0,0,16.429533137409166,0,0.0201604914665222,83693789.53853469,0,83693789.53853469,0,0,0
9.5,0,553.72,0,527.6305979358619,0,581.56,0,82.38782283751166,0,0.0593855714797973,83681088.88123842,0,83681088.88123842,0,0,0
9.5,0,586.68,0,583.943358357329,0,592.0,0,24.219673819098794,0,0.0,83693901.90777794,0,83693901.90777794,0,0,0
9.5,0,549.44,0,552.0957170868347,0,554.0,0,7.545167649872009,0,0.4410795402526855,83784551.07322192,0,83784551.07322192,0,0,0
9.5,0,544.26,0,542.5955149069197,0,554.0,0,31.30438555813684,0,29.94439880371094,83763197.7418193,0,83763197.7418193,0,0,0
9.5,0,563.78,0,575.6195982584667,0,592.0,0,39.494511384199065,0,0.0,83677483.12412451,0,83677483.12412451,0,0,0
9.5,0,592.0,0,592.0,0,592.0,0,0.0,0,0.0,83698595.4392726,0,83698595.4392726,0,0,0
9.5,0,578.0,0,578.0,0,578.0,0,0.0,0,0.0,83650895.93211363,0,83650895.93211363,0,0,0
9.5,0,586.68,0,590.8455032679739,0,592.0,0,4.817777991051235,0,0.0,83698668.18324448,0,83698668.18324448,0,0,0
9.5,0,554.0,0,554.0,0,554.0,0,0.0,0,2.6103833603858946,83711448.26523902,0,83711448.26523902,0,0,0
9.5,0,554.0,0,554.0,0,554.0,0,0.0,0,4.383074967861176,83711441.21561521,0,83711441.21561521,0,0,0
9.5,0,566.92,0,572.9345205121676,0,592.0,0,29.694387942640184,0,0.0475864386558532,83681342.9004917,0,83681342.9004917,0,0,0
9.5,0,578.0,0,578.0,0,578.0,0,0.0,0,0.0,83651453.94119133,0,83651453.94119133,0,0,0
9.5,0,554.0,0,554.0,0,554.0,0,0.0,0,0.2981335115432739,83784852.51779978,0,83784852.51779978,0,0,0
9.5,0,592.0,0,592.0,0,592.0,0,0.0,0,0.0,83702848.7235728,0,83702848.7235728,0,0,0
9.5,0,550.97,0,551.6706226483785,0,554.0,0,8.438479007026121,0,1.2935821080207826,83763125.29699868,0,83763125.29699868,0,0,0
9.5,0,545.92,0,547.7404918975075,0,554.0,0,20.30499638150745,0,4.517755274772644,83763026.88425927,0,83763026.88425927,0,0,0
9.5,0,587.07,0,589.5619721338603,0,592.0,0,9.471079120612108,0,0.0,83677153.80393717,0,83677153.80393717,0,0,0
9.5,0,573.86,0,575.6076500272173,0,578.0,0,9.097636680326596,0,0.0113146877288818,83586760.28829376,0,83586760.28829376,0,0,0
9.5,0,554.0,0,554.0,0,554.0,0,0.0,0,1.9033916044235228,83759283.34613892,0,83759283.34613892,0,0,0
9.5,0,581.36,0,584.8123616253029,0,592.0,0,25.6800007813748,0,0.0,83677397.4240075,0,83677397.4240075,0,0,0
9.5,0,550.6,0,552.5801399331663,0,554.0,0,5.625782896834392,0,0.2193431496620178,83711453.93324131,0,83711453.93324131,0,0,0
9.5,0,586.62,0,591.731,0,592.0,0,1.1725438158124413,0,0.0,83681553.351622,0,83681553.351622,0,0,0
9.5,0,586.68,0,582.6133583573289,0,592.0,0,26.5233013931654,0,0.0,83681318.39745857,0,83681318.39745857,0,0,0
9.5,0,581.38,0,571.4886715078007,0,592.0,0,37.2614521126849,0,0.0,83693849.03635675,0,83693849.03635675,0,0,0
9.5,0,578.0,0,578.0,0,578.0,0,0.0,0,0.0,83647335.82328406,0,83647335.82328406,0,0,0
9.5,0,573.2,0,576.3383488132094,0,578.0,0,6.706092727976865,0,0.0,83650860.36111224,0,83650860.36111224,0,0,0
9.5,0,549.06,0,536.2271660937101,0,549.06,0,29.42751819778985,0,2.574693579673767,83784855.59246507,0,83784855.59246507,0,0,0
9.5,0,554.0,0,554.0,0,554.0,0,0.0,0,2.954461164474487,83763178.19768873,0,83763178.19768873,0,0,0
9.5,0,554.0,0,554.0,0,554.0,0,0.0,0,0.93944167137146,83767477.65074895,0,83767477.65074895,0,0,0
9.5,0,592.0,0,592.0,0,592.0,0,0.0,0,0.0,83681521.02504845,0,83681521.02504845,0,0,0
9.5,0,467.3,0,463.94273632757,0,524.96,0,22.72350049265872,0,1.5461978816986084,83789304.69809534,0,83789304.69809534,0,0,0
9.5,0,557.6,0,554.537117510972,0,604.28,0,20.890632634014693,0,0.1250919866561889,83711436.50199752,0,83711436.50199752,0,0,0
9.5,0,554.0,0,554.0,0,554.0,0,0.0,0,0.6272756290435791,83784776.82408665,0,83784776.82408665,0,0,0
9.5,0,592.0,0,592.0,0,592.0,0,0.0,0,0.0,83681249.15487589,0,83681249.15487589,0,0,0
9.5,0,549.04,0,552.9236271069831,0,554.0,0,4.491762939025213,0,0.5112309193611145,83758962.38171712,0,83758962.38171712,0,0,0
9.5,0,578.0,0,578.0,0,578.0,0,0.0,0,0.0,83573855.2317449,0,83573855.2317449,0,0,0
9.5,0,549.62,0,567.5801613507751,0,578.0,0,28.24245783052584,0,0.0,83647447.74886754,0,83647447.74886754,0,0,0
9.5,0,269.02,0,323.55308470859205,0,427.33,0,74.31575611057963,0,1.937624626159668,83788967.00540133,0,83788967.00540133,0,0,0
9.5,0,572.82,0,574.5357641315512,0,578.0,0,12.872178632473702,0,0.0,83647044.18956204,0,83647044.18956204,0,0,0
9.5,0,554.0,0,554.0,0,554.0,0,0.0,0,0.480321295261383,83763047.85618837,0,83763047.85618837,0,0,0
9.5,0,582.14,0,583.8721361869124,0,592.0,0,20.20006257791809,0,0.00135183095932,83693839.46726413,0,83693839.46726413,0,0,0
9.5,0,578.0,0,578.0,0,578.0,0,0.0,0,0.0,83650905.0798633,0,83650905.0798633,0,0,0
9.5,0,549.36,0,551.7053855377509,0,554.0,0,8.913956819399631,0,2.994333233833313,83784627.9680145,0,83784627.9680145,0,0,0
9.5,0,554.0,0,554.0,0,554.0,0,0.0,0,0.1475293517112731,83759184.82085744,0,83759184.82085744,0,0,0
9.5,0,578.0,0,578.0,0,578.0,0,0.0,0,0.0,83574168.55866505,0,83574168.55866505,0,0,0
9.5,0,577.86,0,587.7887640301735,0,592.0,0,15.03703929230092,0,0.0124488115310668,83693993.20936072,0,83693993.20936072,0,0,0
9.5,0,578.0,0,578.0,0,578.0,0,0.0,0,0.0,83581846.07808365,0,83581846.07808365,0,0,0
9.5,0,572.82,0,574.5357641315512,0,578.0,0,12.872178632473702,0,0.0,83574019.59041838,0,83574019.59041838,0,0,0
9.5,0,476.3,0,468.8093752426623,0,481.48,0,24.68947431341342,0,0.0,83651083.37704031,0,83651083.37704031,0,0,0
9.5,0,544.73,0,537.0819533782781,0,554.0,0,44.46642364549663,0,1.2451455640792846,83707368.8565785,0,83707368.8565785,0,0,0
9.5,0,586.74,0,588.9604442374791,0,592.0,0,11.558833076936686,0,0.0014051294326782,83698651.79732788,0,83698651.79732788,0,0,0
9.5,0,554.0,0,554.0,0,554.0,0,0.0,0,2.0720477056503297,83767567.82774429,0,83767567.82774429,0,0,0
9.5,0,554.0,0,554.0,0,554.0,0,0.0,0,3.778340358734131,83759102.59589638,0,83759102.59589638,0,0,0
9.5,0,592.0,0,592.0,0,592.0,0,0.0,0,0.0,83693711.69006255,0,83693711.69006255,0,0,0
9.5,0,554.0,0,554.0,0,554.0,0,0.0,0,3.9274890756607057,83784872.95034827,0,83784872.95034827,0,0,0
9.5,0,578.0,0,578.0,0,578.0,0,0.0,0,0.0,83663877.03201129,0,83663877.03201129,0,0,0
9.5,0,578.0,0,578.0,0,578.0,0,0.0,0,0.0,83585998.37352858,0,83585998.37352858,0,0,0
9.5,0,554.0,0,554.0,0,554.0,0,0.0,0,0.6199507617950439,83759122.89728561,0,83759122.89728561,0,0,0
9.5,0,549.06,0,550.2022692683134,0,554.0,0,13.757784255679551,0,0.1509608650207519,83784643.17009884,0,83784643.17009884,0,0,0
9.5,0,534.2,0,546.2317140272868,0,554.0,0,25.07346436912274,0,2.71480712890625,83767549.92635791,0,83767549.92635791,0,0,0
9.5,0,578.0,0,578.0,0,578.0,0,0.0,0,0.0,83647258.8128064,0,83647258.8128064,0,0,0
9.5,0,586.68,0,586.6540250239956,0,592.0,0,18.247414674533765,0,0.0,83677277.62314922,0,83677277.62314922,0,0,0
9.5,0,586.68,0,583.943358357329,0,592.0,0,24.219673819098794,0,0.0,83693798.92606597,0,83693798.92606597,0,0,0
9.5,0,556.49,0,538.4775287049981,0,705.02,0,68.07687424409738,0,0.0016527199745178,83586108.30193661,0,83586108.30193661,0,0,0
9.5,0,578.0,0,578.0,0,578.0,0,0.0,0,0.0,83581551.0584723,0,83581551.0584723,0,0,0
9.5,0,581.42,0,580.6169144274198,0,592.0,0,26.343618525402498,0,0.0,83702848.98783758,0,83702848.98783758,0,0,0
9.5,0,573.37,0,574.4405884032977,0,578.0,0,12.89444151898711,0,0.0,83663692.91022035,0,83663692.91022035,0,0,0
9.5,0,541.37,0,551.236758255934,0,554.0,0,8.23300110644724,0,2.789208216667175,83784583.66215509,0,83784583.66215509,0,0,0
9.5,0,587.13,0,583.4073412030436,0,592.0,0,24.27978905727735,0,0.0012474989891052,83676843.1281105,0,83676843.1281105,0,0,0
9.5,0,561.5,0,552.5831210539546,0,690.32,0,58.04661217072586,0,0.1895436692237854,83573853.90512101,0,83573853.90512101,0,0,0
9.5,0,577.17,0,579.7014620267504,0,592.0,0,37.83704759455807,0,0.0241265106201171,83702748.45757037,0,83702748.45757037,0,0,0
9.5,0,572.82,0,568.8603752426624,0,578.0,0,25.825319777555787,0,0.0,83586096.65360418,0,83586096.65360418,0,0,0
9.5,0,572.72,0,573.3542203245671,0,578.0,0,16.364020202655695,0,0.0,83573981.02370371,0,83573981.02370371,0,0,0
9.5,0,592.0,0,592.0,0,592.0,0,0.0,0,0.0,83681522.32080442,0,83681522.32080442,0,0,0
9.5,0,554.0,0,554.0,0,554.0,0,0.0,0,0.1661464810371399,83707184.13580927,0,83707184.13580927,0,0,0
9.5,0,586.68,0,590.5130032679739,0,592.0,0,6.105544953665202,0,0.0,83676904.32465626,0,83676904.32465626,0,0,0
9.5,0,586.68,0,590.8455032679739,0,592.0,0,4.817777991051235,0,0.0,83676907.06303094,0,83676907.06303094,0,0,0
9.5,0,556.07,0,557.5728926868196,0,572.93,0,35.636715859696494,0,0.0586490702629089,83573846.02170894,0,83573846.02170894,0,0,0
9.5,0,562.58,0,557.5945273189143,0,572.96,0,37.28630605365966,0,0.0204840087890625,83647337.79079108,0,83647337.79079108,0,0,0
9.5,0,576.04,0,576.79246946844,0,592.0,0,33.63659172547987,0,0.0,83702855.56503168,0,83702855.56503168,0,0,0
9.5,0,578.0,0,578.0,0,578.0,0,0.0,0,0.0,83650903.87383185,0,83650903.87383185,0,0,0
9.5,0,576.87,0,583.5901303126269,0,592.0,0,21.53802089881239,0,0.0026821994781494,83702793.09075426,0,83702793.09075426,0,0,0
9.5,0,571.49,0,557.7626929653164,0,592.0,0,42.52227422445516,0,0.010595200061798,83681131.22595936,0,83681131.22595936,0,0,0
9.5,0,578.0,0,578.0,0,578.0,0,0.0,0,0.0,83581825.96704625,0,83581825.96704625,0,0,0
9.5,0,578.0,0,578.0,0,578.0,0,0.0,0,0.0,83647263.70000799,0,83647263.70000799,0,0,0
9.5,0,578.0,0,578.0,0,578.0,0,0.0,0,0.0,83663877.10956882,0,83663877.10956882,0,0,0
9.5,0,549.69,0,551.1175952523139,0,554.0,0,10.710249016594911,0,1.6963025951385498,83789313.83411236,0,83789313.83411236,0,0,0
9.5,0,535.96,0,549.7483943611428,0,592.0,0,73.74861963867303,0,0.1973940777778625,83681548.84400626,0,83681548.84400626,0,0,0
9.5,0,554.0,0,554.0,0,554.0,0,0.0,0,0.1582738494873047,83789342.90263362,0,83789342.90263362,0,0,0
9.5,0,554.0,0,554.0,0,554.0,0,0.0,0,1.2339305448532103,83784599.85593942,0,83784599.85593942,0,0,0
9.5,0,564.49,0,568.3106667968684,0,578.0,0,30.085076117477684,0,0.0055652594566345,83650909.09786212,0,83650909.09786212,0,0,0
9.5,0,592.0,0,592.0,0,592.0,0,0.0,0,0.0,83677274.40690818,0,83677274.40690818,0,0,0
9.5,0,572.82,0,575.8368014275885,0,578.0,0,8.571045707530043,0,0.0,83647400.12703833,0,83647400.12703833,0,0,0
9.5,0,554.0,0,554.0,0,554.0,0,0.0,0,1.4065895891189577,83767504.65266746,0,83767504.65266746,0,0,0
9.5,0,554.0,0,554.0,0,554.0,0,0.0,0,3.029288876056671,83767427.82435365,0,83767427.82435365,0,0,0
9.5,0,554.0,0,554.0,0,554.0,0,0.0,0,1.799360601902008,83789335.02229375,0,83789335.02229375,0,0,0
9.5,0,511.96,0,515.0184633668705,0,567.84,0,74.47645680990985,0,0.0,83647256.56477372,0,83647256.56477372,0,0,0
9.5,0,578.0,0,578.0,0,578.0,0,0.0,0,0.0,83574008.32761122,0,83574008.32761122,0,0,0
9.5,0,554.0,0,554.0,0,554.0,0,0.0,0,0.1006591534614563,83789353.71846235,0,83789353.71846235,0,0,0
9.5,0,549.06,0,549.0358803794245,0,554.0,0,16.944027912067067,0,2.694120485782624,83784792.43605487,0,83784792.43605487,0,0,0
9.5,0,572.82,0,574.5357641315512,0,578.0,0,12.872178632473702,0,0.0,83574009.14656524,0,83574009.14656524,0,0,0
9.5,0,550.64,0,541.9115947519972,0,550.64,0,20.01547796448865,0,1.5197421526908874,83711508.5033662,0,83711508.5033662,0,0,0
9.5,0,572.94,0,573.5344611443768,0,579.32,0,16.083762942020726,0,0.0,83663644.15648039,0,83663644.15648039,0,0,0
9.5,0,581.36,0,576.9507167146579,0,592.0,0,31.68069033202552,0,0.0,83693987.72841357,0,83693987.72841357,0,0,0
9.5,0,592.0,0,592.0,0,592.0,0,0.0,0,0.0,83677256.32102017,0,83677256.32102017,0,0,0
9.5,0,567.78,0,568.2041935555844,0,578.0,0,26.17548606209069,0,0.0,83586824.06350571,0,83586824.06350571,0,0,0
9.5,0,570.76,0,576.2532888716889,0,609.44,0,17.362919265796126,0,0.0005967617034912,83585869.23123944,0,83585869.23123944,0,0,0
9.5,0,578.0,0,578.0,0,578.0,0,0.0,0,0.0,83573971.11419591,0,83573971.11419591,0,0,0
9.5,0,529.17,0,548.5390313828328,0,579.68,0,49.14602231115587,0,0.0091891598701477,83663579.58202931,0,83663579.58202931,0,0,0
9.5,0,592.0,0,592.0,0,592.0,0,0.0,0,0.0,83681496.14135586,0,83681496.14135586,0,0,0
9.5,0,575.7,0,573.1751987885694,0,578.0,0,12.551071225691633,0,0.0,83581722.60805124,0,83581722.60805124,0,0,0
9.5,0,506.39,0,536.5718324091199,0,554.0,0,22.67566693549675,0,6.264420809745789,83763177.3762967,0,83763177.3762967,0,0,0
9.5,0,554.0,0,554.0,0,554.0,0,0.0,0,2.656723659038544,83707182.26470551,0,83707182.26470551,0,0,0
9.5,0,587.06,0,588.2022692683134,0,592.0,0,13.757784255679551,0,0.0,83681301.80404104,0,83681301.80404104,0,0,0
9.5,0,554.0,0,554.0,0,554.0,0,0.0,0,1.0439428734779357,83767425.43087542,0,83767425.43087542,0,0,0
9.5,0,592.0,0,592.0,0,592.0,0,0.0,0,0.0,83702400.77594817,0,83702400.77594817,0,0,0
9.5,0,592.0,0,592.0,0,592.0,0,0.0,0,0.0,83681151.20355299,0,83681151.20355299,0,0,0
9.5,0,578.0,0,578.0,0,578.0,0,0.0,0,0.0,83646513.33351326,0,83646513.33351326,0,0,0
9.5,0,567.92,0,559.1227842559917,0,578.0,0,49.07387399004253,0,0.0637062406539917,83646576.25519025,0,83646576.25519025,0,0,0
9.5,0,101.68,0,132.6529008500959,0,371.99,0,90.9529368253232,0,0.0674055409431457,83651438.41134597,0,83651438.41134597,0,0,0
9.5,0,578.0,0,578.0,0,578.0,0,0.0,0,0.0,83651088.77764827,0,83651088.77764827,0,0,0
9.5,0,581.68,0,579.7469934049439,0,592.0,0,39.25084138641529,0,0.0015124201774597,83698656.91661277,0,83698656.91661277,0,0,0
9.5,0,554.28,0,554.0969296525628,0,555.68,0,0.3911887424653172,0,0.1094757652282714,83784634.41308823,0,83784634.41308823,0,0,0
9.5,0,554.0,0,554.0,0,554.0,0,0.0,0,0.6514360785484314,83767603.71188049,0,83767603.71188049,0,0,0
9.5,0,578.0,0,578.0,0,578.0,0,0.0,0,0.0,83647402.79799065,0,83647402.79799065,0,0,0
9.5,0,571.1,0,588.452355105335,0,592.0,0,12.838446379015998,0,0.0022367691993713,83677535.35173209,0,83677535.35173209,0,0,0
9.5,0,531.09,0,547.8295255356529,0,554.0,0,20.82726168969773,0,1.4318398690223697,83767567.97215167,0,83767567.97215167,0,0,0
9.5,0,586.68,0,588.4421361351068,0,592.0,0,13.220075352270287,0,0.0,83693794.2099964,0,83693794.2099964,0,0,0
9.5,0,592.0,0,592.0,0,592.0,0,0.0,0,0.0,83677100.01756305,0,83677100.01756305,0,0,0
9.5,0,554.0,0,554.0,0,554.0,0,0.0,0,4.685494699478149,83762960.60482174,0,83762960.60482174,0,0,0
9.5,0,554.0,0,554.0,0,554.0,0,0.0,0,1.6772288632392884,83711514.3219076,0,83711514.3219076,0,0,0
9.5,0,592.0,0,592.0,0,592.0,0,0.0,0,0.0,83693966.32412657,0,83693966.32412657,0,0,0
9.5,0,539.24,0,550.9180736276967,0,554.0,0,12.521659515317667,0,1.6494519090652466,83788982.52476579,0,83788982.52476579,0,0,0
9.5,0,554.0,0,554.0,0,554.0,0,0.0,0,1.942075040340424,83784604.51973964,0,83784604.51973964,0,0,0
9.5,0,592.0,0,592.0,0,592.0,0,0.0,0,0.0,83677232.19384685,0,83677232.19384685,0,0,0
9.5,0,592.0,0,592.0,0,592.0,0,0.0,0,0.0,83676895.202622,0,83676895.202622,0,0,0
9.5,0,578.0,0,578.0,0,578.0,0,0.0,0,0.0,83586012.37796432,0,83586012.37796432,0,0,0
9.5,0,577.39,0,582.1864316177888,0,592.0,0,20.541957528669727,0,0.0118309211730957,83677103.63398145,0,83677103.63398145,0,0,0
9.5,0,588.38,0,586.5178491078066,0,592.0,0,16.480304365627376,0,0.0,83681067.12651177,0,83681067.12651177,0,0,0
9.5,0,549.06,0,551.1453601774043,0,554.0,0,10.85563410647666,0,0.8861026668548584,83759012.24840853,0,83759012.24840853,0,0,0
9.5,0,572.56,0,548.5203969691299,0,576.34,0,38.96906984751821,0,0.0,83681067.31140774,0,83681067.31140774,0,0,0
9.5,0,578.0,0,578.0,0,578.0,0,0.0,0,0.0,83581799.88057512,0,83581799.88057512,0,0,0
9.5,0,583.9,0,585.1686067569342,0,592.0,0,18.38008425019892,0,0.0339852094650268,83702453.1913875,0,83702453.1913875,0,0,0
9.5,0,545.58,0,550.8366154479335,0,554.0,0,12.659841358322376,0,0.4591188216209411,83784857.99402863,0,83784857.99402863,0,0,0
9.5,0,537.51,0,531.4758012117312,0,567.84,0,48.247250108866766,0,0.0,83651396.67347607,0,83651396.67347607,0,0,0
9.5,0,554.0,0,554.0,0,554.0,0,0.0,0,0.0052015376091003,83784898.51829106,0,83784898.51829106,0,0,0
9.5,0,592.0,0,592.0,0,592.0,0,0.0,0,0.0,83676862.2660272,0,83676862.2660272,0,0,0
9.5,0,554.0,0,554.0,0,554.0,0,0.0,0,4.202084255218506,83763003.79098684,0,83763003.79098684,0,0,0
9.5,0,592.0,0,592.0,0,592.0,0,0.0,0,0.0,83677471.46342696,0,83677471.46342696,0,0,0
9.5,0,592.0,0,592.0,0,592.0,0,0.0,0,0.0,83681518.6482591,0,83681518.6482591,0,0,0
9.5,0,586.68,0,590.8455032679739,0,592.0,0,4.817777991051235,0,0.0,83681152.81524307,0,83681152.81524307,0,0,0
9.5,0,589.56,0,591.878,0,592.0,0,0.5317856711119622,0,0.0,83694174.62637778,0,83694174.62637778,0,0,0
9.5,0,592.0,0,592.0,0,592.0,0,0.0,0,0.0,83702797.18672784,0,83702797.18672784,0,0,0
9.5,0,554.0,0,554.0,0,554.0,0,0.0,0,0.0135023760795593,83789354.01301944,0,83789354.01301944,0,0,0
9.5,0,554.0,0,554.0,0,554.0,0,0.0,0,1.638534345626831,83767457.20048608,0,83767457.20048608,0,0,0
9.5,0,578.0,0,578.0,0,578.0,0,0.0,0,0.0,83647495.65013285,0,83647495.65013285,0,0,0
9.5,0,145.58,0,99.04341501055704,0,299.81,0,76.73370922908771,0,7.771094110012054,83759353.22706127,0,83759353.22706127,0,0,0
9.5,0,569.35,0,558.0095519657071,0,578.0,0,32.657444312537855,0,0.0005317711830139,83573767.54656331,0,83573767.54656331,0,0,0
9.5,0,549.58,0,538.097990715425,0,549.58,0,26.32988470328566,0,0.4800504970550537,83707174.60755454,0,83707174.60755454,0,0,0
9.5,0,572.76,0,575.4086681503911,0,578.0,0,10.066623649494414,0,0.0164321899414062,83647021.93823749,0,83647021.93823749,0,0,0
9.5,0,508.48,0,504.7180067448031,0,581.56,0,81.49468611096701,0,0.0,83694127.59122948,0,83694127.59122948,0,0,0
9.5,0,586.82,0,581.1337085759956,0,592.0,0,28.26719519525333,0,0.0,83693976.30356075,0,83693976.30356075,0,0,0
9.5,0,572.82,0,576.8758847609218,0,578.0,0,4.690994359707783,0,0.0,83573866.3585393,0,83573866.3585393,0,0,0
9.5,0,592.0,0,592.0,0,592.0,0,0.0,0,0.0,83693981.49785028,0,83693981.49785028,0,0,0
9.5,0,545.82,0,553.4204736842105,0,554.0,0,1.9795786175368144,0,0.3452361965179443,83767422.43700877,0,83767422.43700877,0,0,0
9.5,0,592.0,0,592.0,0,592.0,0,0.0,0,0.0,83681521.76214261,0,83681521.76214261,0,0,0
9.5,0,592.0,0,592.0,0,592.0,0,0.0,0,0.0,83702847.2071482,0,83702847.2071482,0,0,0
9.5,0,567.64,0,572.4450131115875,0,578.0,0,15.027795855136551,0,0.0,83650869.52455805,0,83650869.52455805,0,0,0
9.5,0,578.0,0,578.0,0,578.0,0,0.0,0,0.0,83650815.48466869,0,83650815.48466869,0,0,0
9.5,0,544.75,0,552.7762134502924,0,554.0,0,3.945685544438573,0,1.9650758695602413,83707314.97713853,0,83707314.97713853,0,0,0
9.5,0,581.36,0,583.1018028017735,0,592.0,0,25.55424176489212,0,0.0,83677312.89893618,0,83677312.89893618,0,0,0
9.5,0,549.06,0,543.6371660937102,0,554.0,0,26.957518197789856,0,2.1562481904029847,83784866.82189073,0,83784866.82189073,0,0,0
9.5,0,548.45,0,549.7333187123763,0,554.0,0,15.45661996336468,0,2.2757314467430114,83767467.58320647,0,83767467.58320647,0,0,0
9.5,0,533.09,0,525.9188537624656,0,571.22,0,49.188255705145,0,2.4551357436180115,83763352.8459355,0,83763352.8459355,0,0,0
9.5,0,578.0,0,578.0,0,578.0,0,0.0,0,0.0,83581710.815473,0,83581710.815473,0,0,0
9.5,0,572.82,0,576.2068014275886,0,578.0,0,7.236991735608368,0,0.0,83650951.48327452,0,83650951.48327452,0,0,0
9.5,0,569.73,0,570.6696921474208,0,578.0,0,19.468194716349448,0,0.0209507918357849,83573733.10536574,0,83573733.10536574,0,0,0
9.5,0,587.06,0,583.2838327603769,0,592.0,0,24.62877986508216,0,0.0370789384841918,83676957.58383818,0,83676957.58383818,0,0,0
9.5,0,577.64,0,582.6206001660878,0,592.0,0,30.60123043739225,0,0.0483154916763305,83693803.80497473,0,83693803.80497473,0,0,0
9.5,0,554.0,0,554.0,0,554.0,0,0.0,0,0.0292865085601806,83784703.70004737,0,83784703.70004737,0,0,0
9.5,0,586.7,0,578.2319798171384,0,592.0,0,31.572033693985063,0,0.0126177906990051,83693809.78813794,0,83693809.78813794,0,0,0
9.5,0,539.55,0,568.5234978776813,0,578.0,0,26.09765228991164,0,0.0712843918800354,83581809.57307918,0,83581809.57307918,0,0,0
9.5,0,582.46,0,572.7276747819604,0,587.78,0,39.95456255766972,0,0.0005193996429443,83698461.11255316,0,83698461.11255316,0,0,0
9.5,0,578.0,0,578.0,0,578.0,0,0.0,0,0.0,83573717.8253108,0,83573717.8253108,0,0,0
9.5,0,554.0,0,554.0,0,554.0,0,0.0,0,0.4048948621749877,83784828.8068007,0,83784828.8068007,0,0,0
9.5,0,592.0,0,592.0,0,592.0,0,0.0,0,0.0,83681150.54520799,0,83681150.54520799,0,0,0
9.5,0,522.12,0,504.8734187276432,0,542.44,0,36.68887778993346,0,0.0,83651074.53262635,0,83651074.53262635,0,0,0
9.5,0,540.96,0,530.9455960829677,0,554.0,0,60.34563020689517,0,0.5541239523887634,83784890.82273121,0,83784890.82273121,0,0,0
9.5,0,592.0,0,592.0,0,592.0,0,0.0,0,0.0,83677640.5557663,0,83677640.5557663,0,0,0
9.5,0,554.0,0,554.0,0,554.0,0,0.0,0,2.552672684192657,83763024.70890898,0,83763024.70890898,0,0,0
9.5,0,592.0,0,592.0,0,592.0,0,0.0,0,0.0,83676936.69572026,0,83676936.69572026,0,0,0
9.5,0,586.66,0,590.5074130546957,0,592.0,0,6.128498130182741,0,0.0,83693900.07166128,0,83693900.07166128,0,0,0
9.5,0,550.37,0,552.7433762899898,0,554.0,0,5.071482625532505,0,0.0036876344680786,100510992.32309122,0,100510992.32309122,0,0,0
9.5,0,572.92,0,575.8785620177896,0,578.0,0,8.405581504681974,0,0.0,83647258.29616278,0,83647258.29616278,0,0,0
9.5,0,578.0,0,578.0,0,578.0,0,0.0,0,0.0,83647260.83544593,0,83647260.83544593,0,0,0
9.5,0,513.25,0,520.7922068749533,0,574.02,0,94.17699335370044,0,0.0954235100746154,83586827.78655803,0,83586827.78655803,0,0,0
9.5,0,587.6,0,591.0451530787755,0,592.0,0,3.984628413651399,0,0.0,83693791.86210708,0,83693791.86210708,0,0,0
9.5,0,572.82,0,577.1805906432749,0,578.0,0,3.472170830296018,0,0.0,83574035.31363788,0,83574035.31363788,0,0,0
9.5,0,573.58,0,571.3063240487583,0,578.0,0,20.12236057902569,0,0.0072810912132263,83651082.29137334,0,83651082.29137334,0,0,0
9.5,0,578.0,0,578.0,0,578.0,0,0.0,0,0.0,83585927.94473734,0,83585927.94473734,0,0,0
9.5,0,572.94,0,576.2569141358297,0,578.84,0,7.280149258731066,0,0.0,83646569.33014916,0,83646569.33014916,0,0,0
9.5,0,586.82,0,589.0066732224603,0,592.0,0,11.38303333432168,0,0.0003674101829528,83698539.27814892,0,83698539.27814892,0,0,0
9.5,0,592.0,0,592.0,0,592.0,0,0.0,0,0.0,83676911.53266688,0,83676911.53266688,0,0,0
9.5,0,587.31,0,588.8634621191073,0,592.0,0,11.654540113185648,0,0.0002302813529968,83677467.42337257,0,83677467.42337257,0,0,0
9.5,0,554.0,0,554.0,0,554.0,0,0.0,0,2.231582181453705,83784630.8565077,0,83784630.8565077,0,0,0
9.5,0,573.05,0,573.6445815542816,0,578.0,0,15.341268939989714,0,0.0,83581839.14488906,0,83581839.14488906,0,0,0
9.057471264367816,0,592.0,0,592.0,0,592.0,0,0.0,0,0.0,76968089.58561748,0,76968089.58561748,0,0,0
9.5,0,575.44,0,576.287945207871,0,578.0,0,6.361540019137581,0,0.0,83647404.75562082,0,83647404.75562082,0,0,0
9.5,0,578.0,0,578.0,0,578.0,0,0.0,0,0.0,83650905.88940513,0,83650905.88940513,0,0,0
9.5,0,549.69,0,553.7845,0,554.0,0,0.9393427223330152,0,2.3316969895362853,83767583.08159639,0,83767583.08159639,0,0,0
9.5,0,578.0,0,578.0,0,578.0,0,0.0,0,0.0,83574176.67581402,0,83574176.67581402,0,0,0
9.5,0,578.0,0,578.0,0,578.0,0,0.0,0,0.0,83663874.47474371,0,83663874.47474371,0,0,0
9.5,0,554.0,0,554.0,0,554.0,0,0.0,0,3.206213612556457,83784897.98632231,0,83784897.98632231,0,0,0
9.5,0,554.0,0,554.0,0,554.0,0,0.0,0,1.287873647212982,83707198.49845585,0,83707198.49845585,0,0,0
9.5,0,549.44,0,551.7449478560654,0,554.0,0,8.760267908720328,0,0.1570004081726074,83784879.6355478,0,83784879.6355478,0,0,0
9.5,0,573.45,0,574.9570901155518,0,578.0,0,11.30664339338906,0,0.0001835989952087,83586116.64845084,0,83586116.64845084,0,0,0
9.5,0,592.0,0,592.0,0,592.0,0,0.0,0,0.0,83681514.32256454,0,83681514.32256454,0,0,0
9.5,0,578.6,0,583.4024642519503,0,592.0,0,27.684755697927223,0,0.0247696018218994,83698472.94958794,0,83698472.94958794,0,0,0
9.5,0,550.6,0,552.5801399331663,0,554.0,0,5.625782896834392,0,0.4152702331542969,83784814.91925411,0,83784814.91925411,0,0,0
9.5,0,554.0,0,554.0,0,554.0,0,0.0,0,2.7515954613685607,83759028.64114483,0,83759028.64114483,0,0,0
9.5,0,578.0,0,578.0,0,578.0,0,0.0,0,0.0,83646578.52505533,0,83646578.52505533,0,0,0
9.5,0,567.64,0,559.289083818658,0,578.0,0,51.84950917700741,0,0.0,83663883.69863601,0,83663883.69863601,0,0,0
9.5,0,578.0,0,578.0,0,578.0,0,0.0,0,0.0,83651098.41085304,0,83651098.41085304,0,0,0
9.5,0,544.12,0,525.8643321874204,0,549.06,0,56.38503639557971,0,2.533895881175995,83784591.62123078,0,83784591.62123078,0,0,0
9.5,0,592.0,0,592.0,0,592.0,0,0.0,0,0.0,83681561.69534045,0,83681561.69534045,0,0,0
9.5,0,540.08,0,543.1672520472304,0,554.0,0,24.21190922369934,0,0.5036913275718689,83759036.0916292,0,83759036.0916292,0,0,0
9.5,0,592.0,0,592.0,0,592.0,0,0.0,0,0.0,83681516.15951963,0,83681516.15951963,0,0,0
9.5,0,578.0,0,578.0,0,578.0,0,0.0,0,0.0,83574184.30184595,0,83574184.30184595,0,0,0
9.5,0,554.0,0,554.0,0,554.0,0,0.0,0,0.6903253364562988,83767556.44016641,0,83767556.44016641,0,0,0
9.5,0,578.0,0,578.0,0,578.0,0,0.0,0,0.0,83646611.93446584,0,83646611.93446584,0,0,0
9.5,0,520.88,0,515.7316057566444,0,554.0,0,41.441387289356925,0,1.612354257106781,83784661.16862446,0,83784661.16862446,0,0,0
9.5,0,565.83,0,568.895532910459,0,592.0,0,35.042482439558576,0,2.86102294921875e-08,83698663.85646382,0,83698663.85646382,0,0,0
9.5,0,564.36,0,526.8626425432153,0,569.48,0,61.80852257022525,0,0.0021158933639526,83693806.12097518,0,83693806.12097518,0,0,0
9.5,0,586.62,0,584.9284939779004,0,592.0,0,22.34082803510367,0,0.0,83681511.22397798,0,83681511.22397798,0,0,0
9.5,0,578.0,0,578.0,0,578.0,0,0.0,0,0.0,83651399.30164848,0,83651399.30164848,0,0,0
9.5,0,573.2,0,576.6583488132095,0,578.0,0,5.508762364209206,0,0.0,83663777.28704004,0,83663777.28704004,0,0,0
9.5,0,554.0,0,554.0,0,554.0,0,0.0,0,0.1141728091239929,83784787.49523073,0,83784787.49523073,0,0,0
9.5,0,549.06,0,550.2022692683134,0,554.0,0,13.757784255679551,0,3.5620273423194884,83707318.1377822,0,83707318.1377822,0,0,0
9.5,0,592.0,0,592.0,0,592.0,0,0.0,0,0.0,83693804.53746726,0,83693804.53746726,0,0,0
9.5,0,581.66,0,580.1308228830852,0,592.0,0,36.16728053829173,0,0.0009946012496948,83681007.11230466,0,83681007.11230466,0,0,0
9.5,0,586.62,0,591.731,0,592.0,0,1.1725438158124413,0,0.0,83693791.15231068,0,83693791.15231068,0,0,0
9.5,0,544.2,0,543.3889481187886,0,554.0,0,27.215967638457688,0,0.4768456959724426,83784942.20239137,0,83784942.20239137,0,0,0
9.5,0,581.36,0,576.9507167146579,0,592.0,0,31.68069033202552,0,0.0,83698415.86652042,0,83698415.86652042,0,0,0
9.5,0,576.31,0,585.1365581566266,0,592.0,0,26.38302829386684,0,0.0208955287933349,83681546.48040944,0,83681546.48040944,0,0,0
9.5,0,586.64,0,589.3660532004974,0,592.0,0,10.230778497739104,0,0.0,83702753.33235548,0,83702753.33235548,0,0,0
9.5,0,549.06,0,553.2185555555556,0,554.0,0,3.311298050513962,0,1.0149560737609864,83762992.64905466,0,83762992.64905466,0,0,0
9.5,0,511.96,0,511.3539565762756,0,562.76,0,43.13397460148524,0,0.0,83647257.48873484,0,83647257.48873484,0,0,0
9.5,0,576.04,0,583.5063616253028,0,592.0,0,25.20635480580904,0,0.0,83698587.61277094,0,83698587.61277094,0,0,0
9.5,0,565.32,0,556.9352357165538,0,592.0,0,62.45978750452143,0,0.0001272296905517,83677488.41374296,0,83677488.41374296,0,0,0
9.5,0,574.36,0,568.5442276479971,0,578.0,0,21.68343446152937,0,0.0,83573987.88502885,0,83573987.88502885,0,0,0
9.5,0,586.74,0,588.9604442374791,0,592.0,0,11.55883307693669,0,0.0079611706733703,83702702.01707359,0,83702702.01707359,0,0,0
9.5,0,549.06,0,550.2022692683134,0,554.0,0,13.757784255679551,0,2.089757995605469,83789184.60130987,0,83789184.60130987,0,0,0
9.5,0,567.64,0,571.5424373540117,0,578.0,0,17.01573680602664,0,0.0,83581836.91624853,0,83581836.91624853,0,0,0
9.5,0,542.33,0,568.2463938338493,0,578.0,0,21.80000814556068,0,0.0968203115463256,83663576.78910345,0,83663576.78910345,0,0,0
9.5,0,578.0,0,578.0,0,578.0,0,0.0,0,0.0,83647044.9594772,0,83647044.9594772,0,0,0
9.5,0,554.0,0,554.0,0,554.0,0,0.0,0,1.0787989258766175,83707359.82748406,0,83707359.82748406,0,0,0
9.5,0,592.0,0,592.0,0,592.0,0,0.0,0,0.0,83693810.14092131,0,83693810.14092131,0,0,0
9.5,0,557.42,0,563.5866370890031,0,580.4,0,51.58621104903997,0,0.054791202545166,83651003.58022076,0,83651003.58022076,0,0,0
9.5,0,592.0,0,592.0,0,592.0,0,0.0,0,0.0,83677641.59523727,0,83677641.59523727,0,0,0
9.5,0,572.82,0,575.4383398891271,0,578.0,0,9.951356966484934,0,0.0,83574186.58604832,0,83574186.58604832,0,0,0
9.5,0,586.68,0,583.943358357329,0,592.0,0,24.219673819098794,0,0.0,83677528.53544769,0,83677528.53544769,0,0,0
9.5,0,583.37,0,579.0792885048818,0,592.0,0,35.97893872379524,0,0.0099083805084228,83693995.7403659,0,83693995.7403659,0,0,0
9.5,0,554.04,0,553.6867176993973,0,578.0,0,38.16966799651611,0,0.0,83647255.85156235,0,83647255.85156235,0,0,0
9.5,0,580.1,0,584.3775979941112,0,670.82,0,27.868279649139524,0,0.2669847893714905,83651020.59685878,0,83651020.59685878,0,0,0
9.5,0,574.39,0,568.6221598377114,0,578.0,0,21.504724836846435,0,0.0100617480278015,83574175.16258705,0,83574175.16258705,0,0,0
9.5,0,549.06,0,552.6192173202614,0,554.0,0,5.669434599831972,0,7.18926915884018,83707282.32454029,0,83707282.32454029,0,0,0
9.5,0,586.68,0,587.9101361351068,0,592.0,0,14.816075352270284,0,0.0,83677349.27780837,0,83677349.27780837,0,0,0
9.5,0,586.68,0,578.1800250239957,0,592.0,0,31.691173443773685,0,0.0,83693981.77392432,0,83693981.77392432,0,0,0
9.5,0,554.0,0,554.0,0,554.0,0,0.0,0,2.606543326377869,83711448.24516773,0,83711448.24516773,0,0,0
9.5,0,562.34,0,573.4556523265176,0,578.0,0,16.084789555140233,0,0.0,83647505.09933165,0,83647505.09933165,0,0,0
9.5,0,549.36,0,544.2664879908533,0,554.0,0,25.320421950960508,0,2.26449832201004,83759123.24791907,0,83759123.24791907,0,0,0
9.5,0,578.0,0,578.0,0,578.0,0,0.0,0,0.0,83573873.2601757,0,83573873.2601757,0,0,0
9.5,0,581.5,0,586.4622708960286,0,592.0,0,20.760948070312715,0,0.0016155886650085,83693893.47160745,0,83693893.47160745,0,0,0
9.5,0,563.61,0,569.0982409412054,0,578.0,0,25.491724091896423,0,0.0005047392845153,83663869.20900261,0,83663869.20900261,0,0,0
9.5,0,573.43,0,571.9931631001866,0,578.0,0,18.977246119037872,0,0.0003129291534423,83586097.05508189,0,83586097.05508189,0,0,0
9.5,0,549.16,0,541.4269400594246,0,554.0,0,28.831819448846737,0,2.313911330699921,83784910.63860422,0,83784910.63860422,0,0,0
9.5,0,592.0,0,592.0,0,592.0,0,0.0,0,0.0,83698592.29645419,0,83698592.29645419,0,0,0
9.5,0,588.38,0,589.579047520505,0,592.0,0,8.995615183311736,0,0.0,83693724.17154528,0,83693724.17154528,0,0,0
9.5,0,578.0,0,578.0,0,578.0,0,0.0,0,0.0,83647293.33550982,0,83647293.33550982,0,0,0
9.5,0,554.0,0,554.0,0,554.0,0,0.0,0,2.6994896292686463,83789293.54607731,0,83789293.54607731,0,0,0
9.5,0,554.0,0,554.0,0,554.0,0,0.0,0,1.791803855895996,83789294.2835007,0,83789294.2835007,0,0,0
9.5,0,552.77,0,572.1567523219815,0,578.72,0,19.07017567299472,0,0.0147268533706665,83663749.74867724,0,83663749.74867724,0,0,0
9.5,0,578.0,0,578.0,0,578.0,0,0.0,0,0.0,83646755.2166475,0,83646755.2166475,0,0,0
9.5,0,578.0,0,578.0,0,578.0,0,0.0,0,0.0,83581765.89118424,0,83581765.89118424,0,0,0
9.333333333333334,0,554.0,0,554.0,0,554.0,0,0.0,0,3.9438423042496047,69799266.68310882,0,69799266.68310882,0,0,0
9.5,0,586.98,0,588.6427675560593,0,592.0,0,12.4745823812776,0,0.0001723003387451,83677508.43066573,0,83677508.43066573,0,0,0
9.5,0,592.0,0,592.0,0,592.0,0,0.0,0,0.0,83693843.55493231,0,83693843.55493231,0,0,0
9.5,0,568.0,0,576.9590643274854,0,578.0,0,3.761791509574308,0,0.0200099897384643,83650907.59131075,0,83650907.59131075,0,0,0
9.5,0,592.0,0,592.0,0,592.0,0,0.0,0,0.0,83681515.89847516,0,83681515.89847516,0,0,0
9.5,0,592.0,0,592.0,0,592.0,0,0.0,0,0.0,83693853.38030939,0,83693853.38030939,0,0,0
9.5,0,581.84,0,588.72800498796,0,592.0,0,13.18578684653388,0,0.0256452822685241,83676908.37560485,0,83676908.37560485,0,0,0
9.5,0,581.61,0,581.8690152930575,0,592.0,0,30.17628335409463,0,0.0008494210243225,83681518.78595497,0,83681518.78595497,0,0,0
9.5,0,554.0,0,554.0,0,554.0,0,0.0,0,1.5922564697265624,83707366.12855734,0,83707366.12855734,0,0,0
9.5,0,586.14,0,583.4437992218478,0,659.4,0,20.227709279601527,0,0.0340703701972961,83650801.11880057,0,83650801.11880057,0,0,0
9.5,0,581.5,0,581.7801597849175,0,592.0,0,32.790719526628834,0,0.0110548996925354,83693766.55239482,0,83693766.55239482,0,0,0
9.5,0,551.94,0,553.5529580323357,0,554.0,0,1.865530575482245,0,1.929465639591217,83711434.11726664,0,83711434.11726664,0,0,0
9.5,0,592.0,0,592.0,0,592.0,0,0.0,0,0.0,83681563.71145494,0,83681563.71145494,0,0,0
9.5,0,554.0,0,554.0,0,554.0,0,0.0,0,6.139177258014679,83788974.0786356,0,83788974.0786356,0,0,0
9.5,0,554.0,0,554.0,0,554.0,0,0.0,0,0.0326795125007629,83759171.77382785,0,83759171.77382785,0,0,0
9.5,0,572.64,0,564.0761154377099,0,578.0,0,31.92945294335093,0,0.0,83573986.19321485,0,83573986.19321485,0,0,0
9.5,0,578.12,0,578.4317287588572,0,580.4,0,0.7148384987317374,0,0.0,83574022.15689732,0,83574022.15689732,0,0,0
9.5,0,592.0,0,592.0,0,592.0,0,0.0,0,0.0,83677421.37348339,0,83677421.37348339,0,0,0
9.5,0,578.0,0,578.0,0,578.0,0,0.0,0,0.0,83663688.03599396,0,83663688.03599396,0,0,0
9.5,0,578.0,0,578.0,0,578.0,0,0.0,0,0.0,83574015.33641592,0,83574015.33641592,0,0,0
9.5,0,578.0,0,578.0,0,578.0,0,0.0,0,0.0,83574016.5550082,0,83574016.5550082,0,0,0
9.5,0,578.0,0,578.0,0,578.0,0,0.0,0,0.0,83581845.93159126,0,83581845.93159126,0,0,0
9.5,0,544.25,0,553.2525,0,554.0,0,2.565731015963104,0,0.4324410486221313,83763091.2195426,0,83763091.2195426,0,0,0
9.5,0,554.0,0,554.0,0,554.0,0,0.0,0,7.797431335449219,83759192.1493885,0,83759192.1493885,0,0,0
9.5,0,554.0,0,554.0,0,554.0,0,0.0,0,3.6612891125679017,83789057.52398422,0,83789057.52398422,0,0,0
9.5,0,578.0,0,578.0,0,578.0,0,0.0,0,0.0,100376104.74238972,0,100376104.74238972,0,0,0
9.5,0,554.0,0,554.0,0,554.0,0,0.0,0,2.085616812705993,83784778.97336529,0,83784778.97336529,0,0,0
9.5,0,549.06,0,550.6962692683134,0,554.0,0,12.275784255679552,0,3.176212034225464,83789101.68330993,0,83789101.68330993,0,0,0
9.5,0,549.06,0,551.9370268440709,0,554.0,0,8.173931620694676,0,3.0698027849197387,83789001.4028201,0,83789001.4028201,0,0,0
9.5,0,567.77,0,564.0254191023115,0,578.0,0,33.085466413758,0,0.0008478212356567,83647089.26111522,0,83647089.26111522,0,0,0
9.5,0,477.06,0,472.1395393494105,0,555.03,0,55.69759838860478,0,0.1131727623939514,83585938.20683432,0,83585938.20683432,0,0,0
9.5,0,567.64,0,577.2093684210525,0,578.0,0,2.710677829435679,0,0.0,83646612.95653467,0,83646612.95653467,0,0,0
9.5,0,586.7,0,583.9736464838052,0,592.0,0,24.12862241376384,0,0.0059207606315612,83698426.04004845,0,83698426.04004845,0,0,0
9.5,0,592.0,0,592.0,0,592.0,0,0.0,0,0.0,83694032.84146076,0,83694032.84146076,0,0,0
9.5,0,543.56,0,537.09359797942,0,554.0,0,31.506084054312588,0,1.7850905561447143,83763001.9990149,0,83763001.9990149,0,0,0
9.5,0,592.0,0,592.0,0,592.0,0,0.0,0,0.0,83676850.16783273,0,83676850.16783273,0,0,0
9.5,0,554.0,0,554.0,0,554.0,0,0.0,0,1.0233587193489075,83788952.67170838,0,83788952.67170838,0,0,0
9.5,0,554.0,0,554.0,0,554.0,0,0.0,0,1.2536498951911923,83789350.91769981,0,83789350.91769981,0,0,0
9.5,0,554.0,0,554.0,0,554.0,0,0.0,0,1.9411785912513733,83763352.80834179,0,83763352.80834179,0,0,0
9.5,0,554.0,0,554.0,0,554.0,0,0.0,0,2.013760266304016,83789173.84266002,0,83789173.84266002,0,0,0
9.5,0,561.94,0,541.8493261991707,0,576.04,0,60.40350273661661,0,0.0488233709335327,83681301.41686165,0,83681301.41686165,0,0,0
9.5,0,554.0,0,554.0,0,554.0,0,0.0,0,0.6737831974029541,83763042.65552811,0,83763042.65552811,0,0,0
9.5,0,567.58,0,545.6915527725628,0,567.58,0,36.58589673428028,0,0.0009162998199462,83581727.65625864,0,83581727.65625864,0,0,0
9.5,0,592.0,0,592.0,0,592.0,0,0.0,0,0.0,100412839.193498,0,100412839.193498,0,0,0
9.5,0,554.0,0,554.0,0,554.0,0,0.0,0,3.18173907995224,83784598.3936364,0,83784598.3936364,0,0,0
9.5,0,578.0,0,578.0,0,578.0,0,0.0,0,0.0,83586836.57333355,0,83586836.57333355,0,0,0
9.5,0,592.0,0,592.0,0,592.0,0,0.0,0,0.0,83677261.2256569,0,83677261.2256569,0,0,0
9.5,0,554.0,0,554.0,0,554.0,0,0.0,0,2.8442376136779783,83784714.08958802,0,83784714.08958802,0,0,0
9.5,0,586.68,0,585.0073583573289,0,592.0,0,22.0916738190988,0,0.0,83681458.47989863,0,83681458.47989863,0,0,0
9.5,0,578.0,0,578.0,0,578.0,0,0.0,0,0.0,83574025.09890085,0,83574025.09890085,0,0,0
9.5,0,554.0,0,554.0,0,554.0,0,0.0,0,4.268098156452179,83759183.5395971,0,83759183.5395971,0,0,0
9.5,0,592.0,0,592.0,0,592.0,0,0.0,0,0.0,83677632.38650025,0,83677632.38650025,0,0,0
9.5,0,567.85,0,560.4633496457103,0,573.2,0,29.759545416666622,0,0.0,83647392.49319392,0,83647392.49319392,0,0,0
9.5,0,549.44,0,552.421431372549,0,554.0,0,6.370788091578024,0,0.1647080731391906,83711441.60678817,0,83711441.60678817,0,0,0
9.5,0,406.43,0,407.3428347574338,0,551.24,0,125.09300723466544,0,0.5985616183280945,83581548.49621198,0,83581548.49621198,0,0,0
9.5,0,534.54,0,542.7090418275395,0,554.0,0,30.119788889837267,0,1.4117331147193908,83763003.9002061,0,83763003.9002061,0,0,0
9.5,0,592.0,0,592.0,0,592.0,0,0.0,0,0.0,83694063.97691621,0,83694063.97691621,0,0,0
9.5,0,594.58,0,589.193111649874,0,647.3,0,27.525786010584333,0,0.0,83677640.7796975,0,83677640.7796975,0,0,0
9.5,0,573.77,0,561.1780393836041,0,592.0,0,71.36330756142695,0,0.0017925691604614,83677332.88174692,0,83677332.88174692,0,0,0
9.5,0,562.58,0,572.5374302444203,0,727.76,0,72.40743995307498,0,0.0476007390022277,83647516.24531272,0,83647516.24531272,0,0,0
9.5,0,578.0,0,578.0,0,578.0,0,0.0,0,0.0,83581722.26881799,0,83581722.26881799,0,0,0
9.5,0,578.0,0,578.0,0,578.0,0,0.0,0,0.0,83650890.67166401,0,83650890.67166401,0,0,0
9.5,0,536.05,0,542.6521290705768,0,554.0,0,20.99395523616643,0,2.616846208572388,83763030.4052709,0,83763030.4052709,0,0,0
9.5,0,544.12,0,534.9209988540871,0,554.0,0,34.66061807831546,0,4.7749134349823,83759354.87951054,0,83759354.87951054,0,0,0
9.5,0,554.0,0,554.0,0,554.0,0,0.0,0,0.4416435503959656,83789103.98703879,0,83789103.98703879,0,0,0
9.5,0,592.0,0,592.0,0,592.0,0,0.0,0,0.0,83702403.45127745,0,83702403.45127745,0,0,0
9.5,0,554.0,0,554.0,0,554.0,0,0.0,0,2.696148281097412,83707180.95712094,0,83707180.95712094,0,0,0
9.5,0,576.34,0,570.8716112548442,0,592.0,0,37.21352946700351,0,0.0,83681149.7502648,0,83681149.7502648,0,0,0
9.5,0,538.92,0,520.3965194028538,0,592.0,0,38.88078876080962,0,0.0229603695869445,83693850.62948917,0,83693850.62948917,0,0,0
9.5,0,576.54,0,577.9263343624041,0,592.0,0,45.38924282646744,0,0.0,83676845.44756192,0,83676845.44756192,0,0,0
9.5,0,567.42,0,565.1064937924994,0,578.0,0,30.299490457004428,0,8.046865463256836e-05,83573730.56250161,0,83573730.56250161,0,0,0
9.5,0,554.0,0,554.0,0,554.0,0,0.0,0,2.7495754623413085,83767477.73456126,0,83767477.73456126,0,0,0
9.5,0,554.0,0,554.0,0,554.0,0,0.0,0,2.008279104232788,83767511.3300517,0,83767511.3300517,0,0,0
9.5,0,554.0,0,554.0,0,554.0,0,0.0,0,2.3233584213256835,83767546.1962601,0,83767546.1962601,0,0,0
9.5,0,567.62,0,570.2545864569727,0,578.0,0,26.844775749820872,0,0.0,83574021.87632982,0,83574021.87632982,0,0,0
9.5,0,551.84,0,553.7783157894737,0,554.0,0,0.9530823429643748,0,1.0966340970993045,83767599.57116869,0,83767599.57116869,0,0,0
9.5,0,592.0,0,592.0,0,592.0,0,0.0,0,0.0,83676844.79187134,0,83676844.79187134,0,0,0
9.5,0,592.0,0,592.0,0,592.0,0,0.0,0,0.0,83694056.67590228,0,83694056.67590228,0,0,0
9.5,0,588.8,0,550.8583195502468,0,895.3,0,149.31633126626687,0,0.0885976648330688,83677329.30380724,0,83677329.30380724,0,0,0
9.5,0,541.11,0,551.4003796009632,0,554.0,0,10.882561821971,0,0.6730603337287903,83789183.82576242,0,83789183.82576242,0,0,0
9.5,0,567.62,0,566.0052531236394,0,578.0,0,32.97630150229589,0,0.0105154991149902,83573763.80820487,0,83573763.80820487,0,0,0
9.5,0,586.68,0,591.734,0,592.0,0,1.159467118981819,0,0.0,83698674.49487089,0,83698674.49487089,0,0,0
9.5,0,550.16,0,548.9526797165682,0,554.0,0,15.945869824311911,0,2.3906320238113405,83788965.69958512,0,83788965.69958512,0,0,0
9.5,0,592.0,0,592.0,0,592.0,0,0.0,0,0.0,83698552.36274572,0,83698552.36274572,0,0,0
9.5,0,589.09,0,590.560920671305,0,592.0,0,5.590434125959684,0,0.0098478007316589,83681523.14070202,0,83681523.14070202,0,0,0
9.5,0,572.82,0,577.4683684210527,0,578.0,0,2.285632655812713,0,0.0,83663752.35221086,0,83663752.35221086,0,0,0
9.5,0,577.7,0,590.6123099415205,0,592.0,0,3.962873517041062,0,0.035938549041748,83677495.62669362,0,83677495.62669362,0,0,0
9.5,0,554.0,0,554.0,0,554.0,0,0.0,0,4.066009182929992,83784788.26326886,0,83784788.26326886,0,0,0
9.5,0,592.0,0,592.0,0,592.0,0,0.0,0,0.0,83677272.75126217,0,83677272.75126217,0,0,0
9.5,0,554.0,0,554.0,0,554.0,0,0.0,0,2.623320426940918,83759303.57181412,0,83759303.57181412,0,0,0
9.5,0,581.68,0,585.2378327603768,0,592.0,0,21.68624093354704,0,0.0016176009178161,83698550.8701529,0,83698550.8701529,0,0,0
9.5,0,578.0,0,578.0,0,578.0,0,0.0,0,0.0,83574167.0321795,0,83574167.0321795,0,0,0
9.5,0,581.82,0,586.5653127100798,0,689.02,0,48.35103797855068,0,0.0759415626525878,83677207.26555128,0,83677207.26555128,0,0,0
9.5,0,556.07,0,538.1872135210422,0,573.24,0,48.14588729404749,0,0.0067898607254028,83698542.76320162,0,83698542.76320162,0,0,0
9.5,0,578.0,0,578.0,0,578.0,0,0.0,0,0.0,83647080.55891722,0,83647080.55891722,0,0,0
9.5,0,572.84,0,559.4356633691385,0,572.84,0,30.738055445464703,0,0.0036042499542236,83651082.25716865,0,83651082.25716865,0,0,0
9.5,0,592.0,0,592.0,0,592.0,0,0.0,0,0.0,83698473.95430136,0,83698473.95430136,0,0,0
9.5,0,564.24,0,559.4764356510362,0,578.0,0,31.94424162731225,0,0.0621471762657165,83586056.57247947,0,83586056.57247947,0,0,0
9.5,0,578.0,0,578.0,0,578.0,0,0.0,0,0.0,83574034.00613466,0,83574034.00613466,0,0,0
9.5,0,592.0,0,592.0,0,592.0,0,0.0,0,0.0,83677643.95559599,0,83677643.95559599,0,0,0
9.5,0,586.68,0,578.1800250239957,0,592.0,0,31.691173443773685,0,0.0,83676885.26604392,0,83676885.26604392,0,0,0
9.5,0,578.0,0,578.0,0,578.0,0,0.0,0,0.0,83647250.24649382,0,83647250.24649382,0,0,0
9.5,0,556.45,0,544.2828617835982,0,586.68,0,107.09717300024744,0,0.000131618976593,83681436.39247614,0,83681436.39247614,0,0,0
9.5,0,592.0,0,592.0,0,592.0,0,0.0,0,0.0,83702703.46400915,0,83702703.46400915,0,0,0
9.5,0,592.0,0,592.0,0,592.0,0,0.0,0,0.0,83694125.87769222,0,83694125.87769222,0,0,0
9.5,0,592.0,0,592.0,0,592.0,0,0.0,0,0.0,83694067.38569131,0,83694067.38569131,0,0,0
9.5,0,554.0,0,554.0,0,554.0,0,0.0,0,6.095060377120972,83763138.89376096,0,83763138.89376096,0,0,0
9.5,0,578.0,0,578.0,0,578.0,0,0.0,0,0.0,83646610.38822937,0,83646610.38822937,0,0,0
9.5,0,578.0,0,578.0,0,578.0,0,0.0,0,0.0,83573902.78006876,0,83573902.78006876,0,0,0
9.5,0,581.74,0,573.5805244510392,0,592.0,0,51.17719201688864,0,0.0,83677162.6690144,0,83677162.6690144,0,0,0
9.5,0,581.74,0,587.3353634453782,0,592.0,0,12.939382506944426,0,0.0,83677331.6389258,0,83677331.6389258,0,0,0
9.5,0,545.37,0,538.0494486780419,0,549.92,0,29.52635661461904,0,1.2659000325202945,83767409.10597289,0,83767409.10597289,0,0,0
9.5,0,574.52,0,576.2790391533131,0,578.0,0,6.685467614549724,0,0.0,83651455.60275528,0,83651455.60275528,0,0,0
9.5,0,567.62,0,571.2321354765805,0,578.0,0,23.06541885645713,0,0.0025983595848083,83646556.20089588,0,83646556.20089588,0,0,0
9.5,0,578.0,0,578.0,0,578.0,0,0.0,0,0.0,83647395.7130044,0,83647395.7130044,0,0,0
9.5,0,567.58,0,565.9965726970827,0,578.0,0,33.01252539696545,0,0.0346557998657226,83581551.94039041,0,83581551.94039041,0,0,0
9.5,0,554.0,0,554.0,0,554.0,0,0.0,0,0.2879342246055603,83784627.6517015,0,83784627.6517015,0,0,0
9.5,0,578.0,0,578.0,0,578.0,0,0.0,0,0.0,83586118.38152717,0,83586118.38152717,0,0,0
9.5,0,576.04,0,586.7821764705882,0,592.0,0,16.37039499795342,0,0.0,83681517.180026,0,83681517.180026,0,0,0
9.5,0,592.0,0,592.0,0,592.0,0,0.0,0,0.0,83698400.30141056,0,83698400.30141056,0,0,0
9.5,0,592.0,0,592.0,0,592.0,0,0.0,0,0.0,83693976.51541044,0,83693976.51541044,0,0,0
9.5,0,560.56,0,524.2167318460693,0,570.96,0,68.9122788516891,0,0.0027525281906127,83677491.66952664,0,83677491.66952664,0,0,0
9.5,0,554.0,0,554.0,0,554.0,0,0.0,0,0.5877252578735351,83759021.6347935,0,83759021.6347935,0,0,0
9.5,0,568.01,0,568.3643658122064,0,580.16,0,29.188410337326623,0,0.0032661890983581,83586225.16474907,0,83586225.16474907,0,0,0
9.5,0,576.02,0,582.7236390378628,0,592.0,0,20.02130159972605,0,0.0007938909530639,83694064.05470502,0,83694064.05470502,0,0,0
9.5,0,592.0,0,592.0,0,592.0,0,0.0,0,0.0,83681320.28413379,0,83681320.28413379,0,0,0
9.5,0,592.0,0,592.0,0,592.0,0,0.0,0,0.0,83694036.92093834,0,83694036.92093834,0,0,0
9.5,0,592.0,0,592.0,0,592.0,0,0.0,0,0.0,83677257.25082518,0,83677257.25082518,0,0,0
9.5,0,592.0,0,592.0,0,592.0,0,0.0,0,0.0,83677221.62347138,0,83677221.62347138,0,0,0
9.5,0,549.06,0,551.9370268440709,0,554.0,0,8.173931620694676,0,1.6951317954063416,83707268.77553505,0,83707268.77553505,0,0,0
9.5,0,544.27,0,538.0673264693254,0,554.0,0,31.48708522000331,0,2.1797564363479616,83707274.38787971,0,83707274.38787971,0,0,0
9.5,0,554.0,0,554.0,0,554.0,0,0.0,0,6.1115017509460445,83763372.9888265,0,83763372.9888265,0,0,0
9.5,0,520.12,0,506.9384375588292,0,554.0,0,41.61434308557784,0,1.150704436302185,83784935.9272456,0,83784935.9272456,0,0,0
9.5,0,554.0,0,554.0,0,554.0,0,0.0,0,2.106667482852936,83767600.4997388,0,83767600.4997388,0,0,0
9.5,0,554.0,0,554.0,0,554.0,0,0.0,0,1.0709072756767273,83789313.18927926,0,83789313.18927926,0,0,0
9.5,0,586.74,0,585.9628894034242,0,592.0,0,19.882233342819102,0,0.0,83693882.251429,0,83693882.251429,0,0,0
9.5,0,549.06,0,547.5068327603768,0,554.0,0,20.51369711773459,0,2.253460741043091,83784617.20517038,0,83784617.20517038,0,0,0
9.5,0,581.38,0,575.5141476982769,0,592.0,0,47.20998881501973,0,0.0,83681547.8264772,0,83681547.8264772,0,0,0
9.5,0,574.36,0,575.5656720924414,0,578.0,0,9.04531471471125,0,0.0,83647264.57069844,0,83647264.57069844,0,0,0
9.5,0,594.29,0,597.6412722275575,0,669.76,0,28.511881281232103,0,0.0,83677056.07292975,0,83677056.07292975,0,0,0
9.5,0,578.0,0,578.0,0,578.0,0,0.0,0,0.0,83581812.25666162,0,83581812.25666162,0,0,0
9.5,0,586.66,0,591.7330000000001,0,592.0,0,1.16382601792536,0,0.0012141013145446,83694188.8292183,0,83694188.8292183,0,0,0
9.5,0,573.17,0,582.6027121584985,0,592.0,0,28.045853316565207,0,0.0,83677310.97539176,0,83677310.97539176,0,0,0
9.5,0,516.57,0,494.0095574308302,0,532.7,0,55.69749869802061,0,3.3586978101730347,83763073.27167043,0,83763073.27167043,0,0,0
9.5,0,554.0,0,554.0,0,554.0,0,0.0,0,0.254464693069458,83784694.02319598,0,83784694.02319598,0,0,0
9.5,0,586.68,0,578.1800250239957,0,592.0,0,31.691173443773685,0,0.0,83681507.51826268,0,83681507.51826268,0,0,0
9.5,0,586.68,0,587.9101361351068,0,592.0,0,14.816075352270287,0,0.0,83677555.31788372,0,83677555.31788372,0,0,0
9.5,0,578.0,0,578.0,0,578.0,0,0.0,0,0.0,83647252.9722213,0,83647252.9722213,0,0,0
9.5,0,554.0,0,554.0,0,554.0,0,0.0,0,1.550011179447174,83707372.35348843,0,83707372.35348843,0,0,0
9.5,0,554.0,0,554.0,0,554.0,0,0.0,0,2.593543400764465,83767408.38965636,0,83767408.38965636,0,0,0
9.5,0,578.0,0,578.0,0,578.0,0,0.0,0,0.0,83650802.40164068,0,83650802.40164068,0,0,0
9.5,0,586.68,0,587.9101361351068,0,592.0,0,14.816075352270284,0,0.0,83694165.12998894,0,83694165.12998894,0,0,0
9.5,0,559.17,0,552.0790622559845,0,578.0,0,56.29129481034031,0,0.0265601420402526,83646547.51293407,0,83646547.51293407,0,0,0
9.5,0,583.06,0,584.1401824411398,0,592.0,0,20.913761830722564,0,0.0,83676891.87025715,0,83676891.87025715,0,0,0
9.5,0,554.0,0,554.0,0,554.0,0,0.0,0,1.6589278554916382,83707379.88039242,0,83707379.88039242,0,0,0
9.5,0,592.0,0,592.0,0,592.0,0,0.0,0,0.0,83693864.44211443,0,83693864.44211443,0,0,0
9.5,0,476.56,0,462.4662004029682,0,554.0,0,87.09436090133892,0,1.040557272434235,83789300.38736211,0,83789300.38736211,0,0,0
9.5,0,549.51,0,552.4456637856897,0,554.0,0,6.272990905961692,0,0.944273691177368,83707333.31047376,0,83707333.31047376,0,0,0
9.5,0,549.0,0,536.0113017142816,0,549.0,0,29.78493744715572,0,0.8317865204811096,83767447.5452175,0,83767447.5452175,0,0,0
9.5,0,578.0,0,578.0,0,578.0,0,0.0,0,0.0,83650868.75710087,0,83650868.75710087,0,0,0
9.5,0,550.42,0,549.2944253607589,0,554.0,0,14.866201554957462,0,1.1547465443611145,83784955.34970072,0,83784955.34970072,0,0,0
9.5,0,572.82,0,574.5357641315512,0,578.0,0,12.872178632473702,0,0.0,83586225.0906391,0,83586225.0906391,0,0,0
9.5,0,578.0,0,578.0,0,578.0,0,0.0,0,0.0,83647253.1604381,0,83647253.1604381,0,0,0
9.5,0,592.0,0,592.0,0,592.0,0,0.0,0,0.0,83677047.27689585,0,83677047.27689585,0,0,0
9.5,0,589.52,0,590.093446920125,0,592.0,0,6.906741893539532,0,0.0,83677168.41479191,0,83677168.41479191,0,0,0
9.5,0,554.28,0,554.0287368421053,0,554.56,0,0.1235477111250115,0,0.8253382563591003,83759281.50021811,0,83759281.50021811,0,0,0
9.5,0,530.37,0,514.7248916996746,0,545.86,0,62.036141305855175,0,2.790187284946441,83763025.11299755,0,83763025.11299755,0,0,0
9.5,0,516.35,0,513.1113286308205,0,578.0,0,107.63545450350358,0,0.0055071806907653,83581964.63518545,0,83581964.63518545,0,0,0
9.5,0,554.0,0,554.0,0,554.0,0,0.0,0,1.416297516822815,83789016.62219632,0,83789016.62219632,0,0,0
9.5,0,547.99,0,537.3075780753045,0,549.39,0,27.82802014106618,0,2.473199174404144,83784927.5349638,0,83784927.5349638,0,0,0
9.5,0,577.47,0,585.7355303996399,0,592.0,0,24.190178417966635,0,0.0648475790023803,83693729.09984516,0,83693729.09984516,0,0,0
9.5,0,581.36,0,583.1018028017734,0,592.0,0,25.55424176489212,0,0.0,83702641.98764935,0,83702641.98764935,0,0,0
9.5,0,568.16,0,568.9861158995803,0,578.0,0,28.8937346447656,0,0.0106381392478942,83573981.25495005,0,83573981.25495005,0,0,0
9.5,0,574.52,0,574.9380088502828,0,578.0,0,10.785376951750344,0,0.0,83646492.45142563,0,83646492.45142563,0,0,0
9.5,0,592.0,0,592.0,0,592.0,0,0.0,0,0.0,83693902.92367584,0,83693902.92367584,0,0,0
9.5,0,557.55,0,561.236920758636,0,592.0,0,48.39123597132121,0,1.3549327850341796e-05,83693795.1379955,0,83693795.1379955,0,0,0
9.5,0,549.39,0,553.5268684210527,0,554.0,0,2.034124815308225,0,1.5615944933891297,83789239.68802896,0,83789239.68802896,0,0,0
9.5,0,554.0,0,554.0,0,554.0,0,0.0,0,6.408056797981263,83763131.99112152,0,83763131.99112152,0,0,0
9.5,0,549.06,0,548.3301660937102,0,554.0,0,18.672667816259768,0,0.1814077615737915,83784829.27647065,0,83784829.27647065,0,0,0
9.5,0,557.38,0,569.6632743111721,0,578.0,0,22.84345963095643,0,0.0600485706329345,83581525.46420088,0,83581525.46420088,0,0,0
9.5,0,557.76,0,557.1129421191982,0,592.0,0,66.65056225318035,0,0.2086269307136535,83677537.5984292,0,83677537.5984292,0,0,0
9.5,0,554.0,0,554.0,0,554.0,0,0.0,0,1.8700592279434205,83707381.781922,0,83707381.781922,0,0,0
9.5,0,579.28,0,583.9989654926258,0,592.0,0,23.26095095659077,0,0.3012968587875366,83702440.68105215,0,83702440.68105215,0,0,0
9.5,0,554.0,0,554.0,0,554.0,0,0.0,0,0.2530432844161987,83789123.01729979,0,83789123.01729979,0,0,0
9.5,0,554.0,0,554.0,0,554.0,0,0.0,0,0.5339482259750367,83759031.95340304,0,83759031.95340304,0,0,0
9.5,0,592.0,0,592.0,0,592.0,0,0.0,0,0.0,83681453.05444962,0,83681453.05444962,0,0,0
9.5,0,554.0,0,554.0,0,554.0,0,0.0,0,3.2238132882118227,83784705.3914794,0,83784705.3914794,0,0,0
9.5,0,563.04,0,551.110443156259,0,578.0,0,48.96526273832527,0,0.0024934601783752,83647241.38065928,0,83647241.38065928,0,0,0
9.5,0,578.0,0,578.0,0,578.0,0,0.0,0,0.0,83663894.56746127,0,83663894.56746127,0,0,0
9.5,0,549.46,0,553.0147715858274,0,554.0,0,4.111412044994852,0,3.991266431808472,83759303.42988151,0,83759303.42988151,0,0,0
9.5,0,573.12,0,545.9746306985068,0,678.92,0,62.60576055646521,0,1.7995719981193543,83711434.39524378,0,83711434.39524378,0,0,0
9.5,0,578.0,0,578.0,0,578.0,0,0.0,0,0.0,83647080.76906192,0,83647080.76906192,0,0,0
9.5,0,592.0,0,592.0,0,592.0,0,0.0,0,0.0,83702824.8158435,0,83702824.8158435,0,0,0
9.5,0,586.66,0,583.9130702308528,0,592.0,0,24.31072522443376,0,0.0283052110671997,83681543.42668855,0,83681543.42668855,0,0,0
9.5,0,592.0,0,592.0,0,592.0,0,0.0,0,0.0,83694129.2321439,0,83694129.2321439,0,0,0
9.5,0,554.0,0,554.0,0,554.0,0,0.0,0,3.1649381375312804,83707203.7411011,0,83707203.7411011,0,0,0
9.5,0,573.51,0,577.0256221190231,0,578.0,0,4.066132176657905,0,0.0,100376689.4249132,0,100376689.4249132,0,0,0
9.5,0,554.0,0,554.0,0,554.0,0,0.0,0,4.258424739837647,83759242.28534943,0,83759242.28534943,0,0,0
9.5,0,550.76,0,549.0933235108545,0,554.0,0,14.750327664263176,0,0.0672641801834106,83711528.17943288,0,83711528.17943288,0,0,0
9.5,0,578.0,0,578.0,0,578.0,0,0.0,0,0.0,83646751.97895704,0,83646751.97895704,0,0,0
9.5,0,592.0,0,592.0,0,592.0,0,0.0,0,0.0,83677645.39969449,0,83677645.39969449,0,0,0
9.5,0,578.0,0,578.0,0,578.0,0,0.0,0,0.0,83586123.93491593,0,83586123.93491593,0,0,0
9.5,0,578.0,0,578.0,0,578.0,0,0.0,0,0.0,83574033.35908478,0,83574033.35908478,0,0,0
9.5,0,562.98,0,543.2599503497019,0,573.06,0,73.48701705719994,0,0.0,83663897.13274819,0,83663897.13274819,0,0,0
9.5,0,578.0,0,578.0,0,578.0,0,0.0,0,0.0,83650900.85547684,0,83650900.85547684,0,0,0
9.5,0,592.0,0,592.0,0,592.0,0,0.0,0,0.0,83677229.71643764,0,83677229.71643764,0,0,0
9.5,0,567.54,0,574.2647717521555,0,578.0,0,14.834462464541849,0,0.0,83647527.00507772,0,83647527.00507772,0,0,0
9.5,0,592.0,0,592.0,0,592.0,0,0.0,0,0.0,83698595.88042621,0,83698595.88042621,0,0,0
9.5,0,567.62,0,573.265250737137,0,578.0,0,13.135473969092091,0,0.0,83663888.45451292,0,83663888.45451292,0,0,0
9.5,0,554.0,0,554.0,0,554.0,0,0.0,0,0.7238133716583252,83784812.79175243,0,83784812.79175243,0,0,0
9.5,0,554.0,0,554.0,0,554.0,0,0.0,0,1.6645825481414795,83763346.63813841,0,83763346.63813841,0,0,0
9.5,0,592.0,0,592.0,0,592.0,0,0.0,0,0.0,83702402.00331782,0,83702402.00331782,0,0,0
9.5,0,544.36,0,552.4524616443068,0,554.0,0,6.519626238811291,0,3.032856075763702,83789336.53031708,0,83789336.53031708,0,0,0
9.5,0,592.0,0,592.0,0,592.0,0,0.0,0,0.0,83676987.63798153,0,83676987.63798153,0,0,0
9.5,0,586.62,0,584.9284939779004,0,592.0,0,22.34082803510367,0,0.000693359375,83677054.29229327,0,83677054.29229327,0,0,0
9.5,0,545.6,0,535.0123202133265,0,554.0,0,46.7359195405321,0,0.2981077456474304,83763333.19849564,0,83763333.19849564,0,0,0
9.5,0,562.96,0,555.0203288898924,0,578.0,0,36.57699651836364,0,0.0049579000473022,83663886.54977016,0,83663886.54977016,0,0,0
9.5,0,578.0,0,578.0,0,578.0,0,0.0,0,0.0,83646624.48840146,0,83646624.48840146,0,0,0
9.5,0,554.0,0,554.0,0,554.0,0,0.0,0,3.343036811351776,83784556.22006357,0,83784556.22006357,0,0,0
9.5,0,578.0,0,578.0,0,578.0,0,0.0,0,0.0,83663546.59804502,0,83663546.59804502,0,0,0
9.5,0,592.0,0,592.0,0,592.0,0,0.0,0,0.0,83681518.48963395,0,83681518.48963395,0,0,0
9.5,0,572.8,0,574.5223887034878,0,578.0,0,12.921878163873211,0,0.0225590896606445,83650863.6209266,0,83650863.6209266,0,0,0
9.5,0,539.8,0,547.8777967226272,0,592.0,0,112.43115187559351,0,0.0,83693746.3426925,0,83693746.3426925,0,0,0
9.5,0,586.68,0,587.3190250239957,0,592.0,0,16.487990052675812,0,0.0,83698669.4549438,0,83698669.4549438,0,0,0
9.5,0,529.9,0,546.0429228876559,0,554.0,0,26.3927291980746,0,1.4042929911613464,83784854.76426983,0,83784854.76426983,0,0,0
9.5,0,592.0,0,592.0,0,592.0,0,0.0,0,0.0,83677016.95959577,0,83677016.95959577,0,0,0
9.5,0,572.96,0,573.5653921279959,0,578.0,0,15.62020110253498,0,0.0,83647399.52177182,0,83647399.52177182,0,0,0
9.5,0,549.06,0,553.753,0,554.0,0,1.0766480390545463,0,1.126940336227417,83767462.73927662,0,83767462.73927662,0,0,0
9.5,0,578.0,0,578.0,0,578.0,0,0.0,0,0.0,83646615.67456967,0,83646615.67456967,0,0,0
9.5,0,544.75,0,536.0325748380877,0,554.0,0,48.44538079262874,0,0.7018943738937378,83767410.95166539,0,83767410.95166539,0,0,0
9.5,0,558.43,0,567.654031950076,0,578.0,0,31.8896396620401,0,0.0308277297019958,83574009.41789359,0,83574009.41789359,0,0,0
9.5,0,554.0,0,554.0,0,554.0,0,0.0,0,2.501092519760132,83762994.19385135,0,83762994.19385135,0,0,0
9.5,0,539.38,0,546.7389606869739,0,554.0,0,16.14513523206408,0,1.2822238731384277,83763123.46868606,0,83763123.46868606,0,0,0
9.5,0,503.84,0,528.1605709353427,0,571.45,0,58.128330245258674,0,5.92947006225586e-06,83647499.73333506,0,83647499.73333506,0,0,0
9.5,0,592.0,0,592.0,0,592.0,0,0.0,0,0.0,83681070.23057611,0,83681070.23057611,0,0,0
9.5,0,554.0,0,554.0,0,554.0,0,0.0,0,3.0203522133827208,83784794.79926395,0,83784794.79926395,0,0,0
9.5,0,549.06,0,551.9370268440709,0,554.0,0,8.173931620694676,0,2.00032114982605,83789344.16756889,0,83789344.16756889,0,0,0
9.5,0,572.82,0,576.2068014275886,0,578.0,0,7.236991735608368,0,0.0,83650814.49737829,0,83650814.49737829,0,0,0
9.5,0,574.36,0,577.6264210526316,0,578.0,0,1.6061202446251497,0,0.0035189080238342,83650812.4128042,0,83650812.4128042,0,0,0
9.5,0,586.68,0,582.6133583573289,0,592.0,0,26.5233013931654,0,0.0,83698661.04517943,0,83698661.04517943,0,0,0
9.5,0,549.19,0,551.6213156113322,0,554.0,0,9.240545754593152,0,0.7700414061546326,83788955.66726287,0,83788955.66726287,0,0,0
9.5,0,550.42,0,553.2231018231854,0,554.0,0,3.242038572925456,0,3.07355654001236,83789353.54201332,0,83789353.54201332,0,0,0
9.5,0,554.0,0,554.0,0,554.0,0,0.0,0,2.4454671430587767,83789048.90925711,0,83789048.90925711,0,0,0
9.5,0,566.92,0,571.4142609259505,0,592.0,0,33.7107811874436,0,0.0022161221504211,83677444.0008475,0,83677444.0008475,0,0,0
9.5,0,592.0,0,592.0,0,592.0,0,0.0,0,0.0,83676936.32963134,0,83676936.32963134,0,0,0
9.5,0,559.68,0,556.0022992257142,0,600.2,0,12.960564334661974,0,1.0693005084991456,83767505.85733572,0,83767505.85733572,0,0,0
9.5,0,549.69,0,552.7953090385276,0,554.0,0,4.946409539529515,0,2.4811648392677306,83784617.9879764,0,83784617.9879764,0,0,0
9.5,0,582.65,0,586.1569425150443,0,592.0,0,19.082264686369232,0,0.0016134595870971,83681052.4590394,0,83681052.4590394,0,0,0
9.5,0,549.97,0,556.8423450876179,0,578.0,0,35.08581105598674,0,0.0249470019340515,83586014.39193816,0,83586014.39193816,0,0,0
9.5,0,592.0,0,592.0,0,592.0,0,0.0,0,0.0,83698664.58792579,0,83698664.58792579,0,0,0
9.5,0,592.0,0,592.0,0,592.0,0,0.0,0,0.0,83694073.0145738,0,83694073.0145738,0,0,0
9.5,0,554.0,0,554.0,0,554.0,0,0.0,0,1.299697835445404,83707315.79825574,0,83707315.79825574,0,0,0
9.5,0,554.24,0,553.0002254164823,0,621.2,0,29.43324796618841,0,2.5459996247291565,83789267.60412893,0,83789267.60412893,0,0,0
9.5,0,528.59,0,527.3548938513327,0,570.68,0,70.42802993157929,0,0.1619109869003296,83676948.30161919,0,83676948.30161919,0,0,0
9.5,0,592.0,0,592.0,0,592.0,0,0.0,0,0.0,83702653.6942997,0,83702653.6942997,0,0,0
9.5,0,570.81,0,573.3314814133663,0,578.6,0,17.26921570800816,0,0.0,83647512.31829494,0,83647512.31829494,0,0,0
9.5,0,581.49,0,577.3691014415151,0,592.0,0,41.928201841947136,0,0.0005882596969604,83676990.03681146,0,83676990.03681146,0,0,0
9.5,0,565.77,0,567.1253891428489,0,578.0,0,25.394945300066134,0,0.0001942300796508,83647036.52635343,0,83647036.52635343,0,0,0
9.5,0,592.0,0,592.0,0,592.0,0,0.0,0,0.0,83681561.74932168,0,83681561.74932168,0,0,0
9.5,0,554.28,0,554.0969296525628,0,555.68,0,0.3911887424653171,0,5.311999306678772,83758958.15333764,0,83758958.15333764,0,0,0
9.5,0,554.0,0,554.0,0,554.0,0,0.0,0,0.0017329835891723,100521023.3512112,0,100521023.3512112,0,0,0
9.5,0,549.19,0,552.9561787065703,0,554.0,0,4.355923334014369,0,3.104219167232513,83789262.49761577,0,83789262.49761577,0,0,0
9.5,0,572.88,0,575.8618577817092,0,578.0,0,8.471767185821202,0,0.0,83646759.106435,0,83646759.106435,0,0,0
9.5,0,581.34,0,590.297450636395,0,592.0,0,7.1740093389353845,0,0.0006504011154174,83693799.92450829,0,83693799.92450829,0,0,0
9.5,0,588.38,0,586.5178491078066,0,592.0,0,16.480304365627376,0,0.0,83702391.95610376,0,83702391.95610376,0,0,0
9.5,0,554.0,0,554.0,0,554.0,0,0.0,0,2.7497649812698364,83789114.86577228,0,83789114.86577228,0,0,0
9.5,0,578.0,0,578.0,0,578.0,0,0.0,0,0.0,83573867.70443222,0,83573867.70443222,0,0,0
9.5,0,549.43,0,552.4179695992432,0,554.0,0,6.3847591180946415,0,0.6664402604103088,83784795.63242191,0,83784795.63242191,0,0,0
9.5,0,549.16,0,536.5869400594247,0,549.16,0,28.831819448846737,0,0.8447994375228882,83788955.17738749,0,83788955.17738749,0,0,0
9.5,0,578.06,0,587.529621740059,0,592.0,0,13.231873247069672,0,0.0025131916999816,83677160.84000772,0,83677160.84000772,0,0,0
9.5,0,572.8,0,571.1650871161862,0,578.0,0,21.593365387089047,0,0.0027811408042907,83663572.30698079,0,83663572.30698079,0,0,0
9.5,0,592.0,0,592.0,0,592.0,0,0.0,0,0.0,83681344.09346752,0,83681344.09346752,0,0,0
9.5,0,592.0,0,592.0,0,592.0,0,0.0,0,0.0,83702651.05080394,0,83702651.05080394,0,0,0
9.5,0,554.96,0,560.5159161908782,0,588.41,0,60.68256932411551,0,0.1279203104972839,83681174.4901569,0,83681174.4901569,0,0,0
9.5,0,554.0,0,554.0,0,554.0,0,0.0,0,1.6204720115661622,83784694.52615826,0,83784694.52615826,0,0,0
9.5,0,546.72,0,546.4253124388512,0,554.0,0,24.70692925909378,0,2.0939617419242857,83789124.24110083,0,83789124.24110083,0,0,0
9.5,0,592.0,0,592.0,0,592.0,0,0.0,0,0.0,83677326.57948714,0,83677326.57948714,0,0,0
9.5,0,588.22,0,588.6740440959969,0,592.0,0,11.715150826901237,0,0.0,83693706.61351135,0,83693706.61351135,0,0,0
9.5,0,572.78,0,580.8132030304577,0,592.0,0,24.75350460871237,0,0.1337473893165588,83694065.52263266,0,83694065.52263266,0,0,0
9.5,0,549.24,0,544.0147592319961,0,554.0,0,25.975260449692247,0,3.680659577846527,83784581.66516508,0,83784581.66516508,0,0,0
9.5,0,578.0,0,578.0,0,578.0,0,0.0,0,0.0,83646560.85046808,0,83646560.85046808,0,0,0
9.5,0,565.6,0,567.2079515506853,0,592.0,0,64.12802263479101,0,0.0,83693744.61936209,0,83693744.61936209,0,0,0
9.5,0,554.0,0,554.0,0,554.0,0,0.0,0,3.404238407611847,83758965.3424536,0,83758965.3424536,0,0,0
9.5,0,592.0,0,592.0,0,592.0,0,0.0,0,0.0,83694066.60592386,0,83694066.60592386,0,0,0
9.5,0,592.0,0,592.0,0,592.0,0,0.0,0,0.0,83677631.03500432,0,83677631.03500432,0,0,0
9.5,0,568.06,0,560.4618011413252,0,578.0,0,49.55669470828272,0,0.0011150622367858,83651081.6240347,0,83651081.6240347,0,0,0
9.5,0,543.05,0,566.682354476406,0,578.0,0,29.543229581697634,0,0.000326509475708,83573847.21424308,0,83573847.21424308,0,0,0
9.5,0,572.82,0,574.0177641315513,0,578.0,0,14.4261786324737,0,0.0,83573875.79112393,0,83573875.79112393,0,0,0
9.5,0,573.0,0,576.2691133470933,0,578.0,0,6.985513258309236,0,0.0104549908638,83650903.68651351,0,83650903.68651351,0,0,0
9.5,0,548.96,0,549.5653921279959,0,554.0,0,15.62020110253498,0,0.1661936664581298,83767583.1162522,0,83767583.1162522,0,0,0
9.5,0,581.36,0,585.6884727364138,0,592.0,0,23.618770943787627,0,0.0,83681564.57862587,0,83681564.57862587,0,0,0
9.5,0,588.44,0,595.15631827134,0,621.2,0,17.003504717542604,0,0.0150031185150146,83693925.27175957,0,83693925.27175957,0,0,0
9.5,0,558.43,0,564.2232165166274,0,578.0,0,32.40501998310725,0,0.0493188095092773,83647333.97764917,0,83647333.97764917,0,0,0
9.5,0,529.7,0,545.9406890642897,0,554.0,0,27.735586056719924,0,0.4110499691963196,83784888.11861163,0,83784888.11861163,0,0,0
9.5,0,555.3,0,547.6896954119152,0,573.43,0,54.84888617939162,0,0.0238276124000549,83574124.22439693,0,83574124.22439693,0,0,0
9.5,0,581.34,0,579.6350952548484,0,592.0,0,40.42213989896752,0,0.0209504199028015,83698540.48950946,0,83698540.48950946,0,0,0
9.5,0,578.0,0,578.0,0,578.0,0,0.0,0,0.0,83646548.1722438,0,83646548.1722438,0,0,0
9.5,0,561.7,0,554.3130221599865,0,677.6,0,68.42970264779177,0,0.0270139980316162,83581967.233378,0,83581967.233378,0,0,0
9.5,0,549.69,0,553.7845,0,554.0,0,0.9393427223330152,0,0.926758954524994,83789044.71737602,0,83789044.71737602,0,0,0
9.5,0,549.06,0,546.5188327603769,0,554.0,0,22.4896971177346,0,1.1515808248519896,83784711.85233344,0,83784711.85233344,0,0,0
9.5,0,592.0,0,592.0,0,592.0,0,0.0,0,0.0,83681270.0715204,0,83681270.0715204,0,0,0
9.5,0,550.6,0,550.0976851657115,0,554.0,0,12.85163371969296,0,0.5369743824005127,83784576.726084,0,83784576.726084,0,0,0
9.5,0,572.92,0,577.746,0,578.0,0,1.107160331659331,0,0.0,83651096.36460713,0,83651096.36460713,0,0,0
9.5,0,549.06,0,549.6533803794244,0,554.0,0,15.31027647748468,0,2.875069019794464,83784788.2319476,0,83784788.2319476,0,0,0
9.5,0,578.0,0,578.0,0,578.0,0,0.0,0,0.0,83646625.63643128,0,83646625.63643128,0,0,0
9.5,0,587.06,0,591.753,0,592.0,0,1.0766480390545463,0,0.0,83677261.5865606,0,83677261.5865606,0,0,0
9.5,0,586.78,0,585.1387989897099,0,592.0,0,21.676416792424007,0,0.0,83677514.27356395,0,83677514.27356395,0,0,0
9.5,0,572.53,0,570.2696481320107,0,592.0,0,50.70967437405109,0,2.86102294921875e-08,83693703.07118866,0,83693703.07118866,0,0,0
9.5,0,578.0,0,578.0,0,578.0,0,0.0,0,0.0,83651082.25822683,0,83651082.25822683,0,0,0
9.5,0,541.19,0,539.828470504255,0,554.0,0,32.78928476711751,0,1.6134456515312194,83784599.19374661,0,83784599.19374661,0,0,0
9.5,0,578.0,0,578.0,0,578.0,0,0.0,0,0.0,83647295.14450191,0,83647295.14450191,0,0,0
9.5,0,578.0,0,578.0,0,578.0,0,0.0,0,0.0,83646759.72148526,0,83646759.72148526,0,0,0
9.5,0,540.24,0,548.899834363435,0,554.0,0,17.019469309760304,0,0.0459180426597595,83707362.42560616,0,83707362.42560616,0,0,0
9.5,0,554.0,0,554.0,0,554.0,0,0.0,0,2.1872041153907777,83767523.58686723,0,83767523.58686723,0,0,0
9.5,0,592.0,0,592.0,0,592.0,0,0.0,0,0.0,83676901.55860302,0,83676901.55860302,0,0,0
9.5,0,549.32,0,552.656041830031,0,559.32,0,9.87498095830501,0,0.2788624310493469,83711502.37827732,0,83711502.37827732,0,0,0
9.5,0,586.62,0,585.825160644567,0,592.0,0,20.335820415278853,0,0.0,83702841.92250545,0,83702841.92250545,0,0,0
9.5,0,554.0,0,554.0,0,554.0,0,0.0,0,0.9024205350875856,83767588.30274048,0,83767588.30274048,0,0,0
9.5,0,592.0,0,592.0,0,592.0,0,0.0,0,0.0,83698416.56830324,0,83698416.56830324,0,0,0
9.5,0,554.0,0,554.0,0,554.0,0,0.0,0,3.336641535758972,83759023.01885982,0,83759023.01885982,0,0,0
9.5,0,586.66,0,590.5086630546956,0,592.0,0,6.10453776788622,0,0.0,83681312.2852434,0,83681312.2852434,0,0,0
9.5,0,550.42,0,550.4025205988542,0,554.0,0,12.279275288502044,0,2.6914034128189086,83784956.04966669,0,83784956.04966669,0,0,0
9.5,0,578.0,0,578.0,0,578.0,0,0.0,0,0.0,83663584.28998733,0,83663584.28998733,0,0,0
9.5,0,549.06,0,541.1671660937102,0,554.0,0,29.42751819778985,0,0.905034511089325,83784596.1582152,0,83784596.1582152,0,0,0
9.5,0,592.0,0,592.0,0,592.0,0,0.0,0,0.0,83698593.93333423,0,83698593.93333423,0,0,0
9.5,0,592.0,0,592.0,0,592.0,0,0.0,0,0.0,83681153.97366649,0,83681153.97366649,0,0,0
9.5,0,578.0,0,578.0,0,578.0,0,0.0,0,0.0,83646558.12438688,0,83646558.12438688,0,0,0
9.5,0,592.0,0,592.0,0,592.0,0,0.0,0,0.0,83677111.21699233,0,83677111.21699233,0,0,0
9.5,0,586.68,0,587.9101361351068,0,592.0,0,14.816075352270284,0,0.0,83677161.57101248,0,83677161.57101248,0,0,0
9.5,0,578.0,0,578.0,0,578.0,0,0.0,0,0.0,83650803.7027976,0,83650803.7027976,0,0,0
9.5,0,554.0,0,554.0,0,554.0,0,0.0,0,4.572531406879425,83789159.76590082,0,83789159.76590082,0,0,0
9.5,0,554.0,0,554.0,0,554.0,0,0.0,0,1.417015438079834,83759288.49022703,0,83759288.49022703,0,0,0
9.5,0,554.0,0,554.0,0,554.0,0,0.0,0,2.3863944673538207,83759126.4147773,0,83759126.4147773,0,0,0
9.5,0,535.83,0,540.2393962289001,0,554.0,0,35.19464490710216,0,2.1280698442459105,83819783.27232315,0,83819783.27232315,0,0,0
9.5,0,546.56,0,541.4201564492439,0,578.0,0,34.69055263996786,0,0.0,83573873.35670091,0,83573873.35670091,0,0,0
9.5,0,554.0,0,554.0,0,554.0,0,0.0,0,2.082980871200561,83767473.75405388,0,83767473.75405388,0,0,0
9.5,0,584.5,0,577.4375597142796,0,589.07,0,31.61752870883184,0,0.0020111417770385,83693881.51490189,0,83693881.51490189,0,0,0
9.5,0,586.74,0,582.7192227367576,0,592.0,0,26.224166415046994,0,0.0087357711791992,83677454.21895653,0,83677454.21895653,0,0,0
9.5,0,587.42,0,578.8858245614035,0,597.92,0,7.236022090736849,0,0.0791894674301147,83581714.81809668,0,83581714.81809668,0,0,0
9.5,0,561.65,0,556.6889167015046,0,592.0,0,69.31755275604748,0,0.0019879603385925,83676946.26588613,0,83676946.26588613,0,0,0
9.5,0,560.48,0,570.5933052609585,0,578.0,0,25.501353774451296,0,0.0010166501998901,83574118.84914055,0,83574118.84914055,0,0,0
9.5,0,554.0,0,554.0,0,554.0,0,0.0,0,0.9479944753646852,83788972.06288663,0,83788972.06288663,0,0,0
9.5,0,543.78,0,537.0099709420697,0,568.07,0,49.30662205248064,0,0.126164743900299,83573918.43829903,0,83573918.43829903,0,0,0
9.5,0,592.0,0,592.0,0,592.0,0,0.0,0,0.0,83677220.9279456,0,83677220.9279456,0,0,0
9.5,0,573.28,0,571.7960021516152,0,578.0,0,19.600131659050056,0,0.0,83573973.53288949,0,83573973.53288949,0,0,0
9.5,0,552.47,0,554.8796242697362,0,694.25,0,52.20651680693884,0,2.390242278575897,83707331.30458114,0,83707331.30458114,0,0,0
9.5,0,549.06,0,550.2022692683134,0,554.0,0,13.757784255679551,0,1.6560670709609986,83707358.05111322,0,83707358.05111322,0,0,0
9.5,0,592.0,0,592.0,0,592.0,0,0.0,0,0.0,83677472.5193025,0,83677472.5193025,0,0,0
9.5,0,578.0,0,578.0,0,578.0,0,0.0,0,0.0,83646651.44453077,0,83646651.44453077,0,0,0
9.5,0,592.0,0,592.0,0,592.0,0,0.0,0,0.0,83676911.70328392,0,83676911.70328392,0,0,0
9.5,0,554.0,0,554.0,0,554.0,0,0.0,0,1.4595402050018311,83759296.22246532,0,83759296.22246532,0,0,0
9.5,0,567.64,0,565.2460838186581,0,578.0,0,28.263584557744224,0,0.0,83647460.26948868,0,83647460.26948868,0,0,0
9.5,0,592.0,0,592.0,0,592.0,0,0.0,0,0.0,83702637.41052239,0,83702637.41052239,0,0,0
9.5,0,554.0,0,554.0,0,554.0,0,0.0,0,1.3875507020950315,83767550.06643459,0,83767550.06643459,0,0,0
9.5,0,558.01,0,536.7324822334957,0,568.9,0,62.60870204246067,0,0.0007562589645385,83651386.57602826,0,83651386.57602826,0,0,0
9.5,0,540.58,0,530.9151342922213,0,578.0,0,79.99214777637391,0,0.1894643664360046,83650960.27497333,0,83650960.27497333,0,0,0
9.5,0,586.68,0,590.5130032679739,0,592.0,0,6.105544953665202,0,0.0,83702643.73604289,0,83702643.73604289,0,0,0
9.5,0,554.0,0,554.0,0,554.0,0,0.0,0,3.873942153453827,83789352.79961108,0,83789352.79961108,0,0,0
9.5,0,592.0,0,592.0,0,592.0,0,0.0,0,0.0,83677253.05127387,0,83677253.05127387,0,0,0
9.5,0,592.0,0,592.0,0,592.0,0,0.0,0,0.0,83693701.07780008,0,83693701.07780008,0,0,0
9.5,0,583.48,0,577.9334547019887,0,613.84,0,13.367733447441724,0,0.1134805703163147,83573927.48312151,0,83573927.48312151,0,0,0
9.5,0,554.0,0,554.0,0,554.0,0,0.0,0,0.5015402674674988,83784850.55313675,0,83784850.55313675,0,0,0
9.5,0,573.38,0,582.4505245359215,0,592.0,0,30.232309326009723,0,0.0048427009582519,83702647.02099198,0,83702647.02099198,0,0,0
9.5,0,569.34,0,575.9758935328516,0,578.0,0,8.334088058079246,0,0.0,83581551.51803851,0,83581551.51803851,0,0,0
9.5,0,544.89,0,522.7999214296625,0,576.62,0,47.71241060387439,0,2.5313335180282595,83767547.51646878,0,83767547.51646878,0,0,0
9.5,0,586.81,0,578.5177311794243,0,592.0,0,30.91676507014764,0,0.0,83680991.25563122,0,83680991.25563122,0,0,0
9.5,0,578.0,0,578.0,0,578.0,0,0.0,0,0.0,83573980.62449563,0,83573980.62449563,0,0,0
9.5,0,549.04,0,552.2829604403164,0,554.0,0,6.929629152242763,0,3.607989566326141,83784603.98067115,0,83784603.98067115,0,0,0
9.5,0,592.0,0,592.0,0,592.0,0,0.0,0,0.0,83677370.19061926,0,83677370.19061926,0,0,0
9.5,0,581.59,0,581.0020391878933,0,592.0,0,35.40493244297859,0,0.0,83698670.26423731,0,83698670.26423731,0,0,0
9.5,0,629.55,0,611.5199460194518,0,961.04,0,114.1264946665043,0,0.0103010272979736,83650900.30995913,0,83650900.30995913,0,0,0
9.5,0,549.06,0,550.2022692683134,0,554.0,0,13.757784255679551,0,0.6255395793914795,83767516.95390211,0,83767516.95390211,0,0,0
9.5,0,586.66,0,589.7699844832671,0,592.0,0,8.835788432086956,0,0.0195708799362182,83693885.41151936,0,83693885.41151936,0,0,0
9.5,0,578.0,0,578.0,0,578.0,0,0.0,0,0.0,83647393.99109897,0,83647393.99109897,0,0,0
9.5,0,593.68,0,605.108071996459,0,706.66,0,42.92468843511551,0,0.1410880017280578,83677205.9916606,0,83677205.9916606,0,0,0
9.5,0,554.0,0,554.0,0,554.0,0,0.0,0,5.240158784389496,83711512.60011815,0,83711512.60011815,0,0,0
9.5,0,586.92,0,591.1964093567251,0,592.0,0,3.405140505386828,0,0.0308131599426269,83698548.3265021,0,83698548.3265021,0,0,0
9.5,0,554.0,0,554.0,0,554.0,0,0.0,0,4.511044869422912,83759035.94377734,0,83759035.94377734,0,0,0
9.5,0,586.78,0,590.1929543343653,0,592.0,0,7.292875841674841,0,0.0,83693760.41402397,0,83693760.41402397,0,0,0
9.5,0,549.04,0,541.1152113005674,0,554.0,0,29.54665794757848,0,1.5594793128967286,83759195.42445855,0,83759195.42445855,0,0,0
9.5,0,581.46,0,586.7832881818905,0,592.0,0,17.339065877533393,0,0.0,83698677.64333098,0,83698677.64333098,0,0,0
9.5,0,421.46,0,427.5015651863616,0,516.22,0,87.57519255582163,0,0.3788722610473632,83702458.09546237,0,83702458.09546237,0,0,0
9.5,0,578.0,0,578.0,0,578.0,0,0.0,0,0.0,83573985.2926799,0,83573985.2926799,0,0,0
9.5,0,549.06,0,546.5188327603769,0,554.0,0,22.4896971177346,0,1.0721848893165589,83707268.38945544,0,83707268.38945544,0,0,0
9.5,0,578.0,0,578.0,0,578.0,0,0.0,0,0.0,83647082.86481549,0,83647082.86481549,0,0,0
9.5,0,586.66,0,591.4519473684211,0,592.0,0,2.3562313478841483,0,0.0,83676964.61237007,0,83676964.61237007,0,0,0
9.5,0,554.0,0,554.0,0,554.0,0,0.0,0,1.0011946725845338,83767514.68756539,0,83767514.68756539,0,0,0
9.5,0,588.53,0,586.3750100563781,0,619.75,0,26.262742061156896,0,0.0152114796638488,83677349.23844741,0,83677349.23844741,0,0,0
9.5,0,563.98,0,556.9040233401789,0,578.0,0,34.1731952838648,0,0.0027280092239379,83650900.58432622,0,83650900.58432622,0,0,0
9.5,0,549.45,0,553.0126014791881,0,554.0,0,4.12046801866224,0,1.0929425191879272,83759302.63229589,0,83759302.63229589,0,0,0
9.5,0,588.5,0,590.7883793429652,0,592.0,0,4.889859280816466,0,0.0005259108543395,83693949.49963276,0,83693949.49963276,0,0,0
9.5,0,592.0,0,592.0,0,592.0,0,0.0,0,0.0,83677059.03638616,0,83677059.03638616,0,0,0
9.5,0,586.66,0,590.5074130546956,0,592.0,0,6.128498130182741,0,0.0128021216392517,83702394.30483918,0,83702394.30483918,0,0,0
9.5,0,550.52,0,552.2790391533131,0,554.0,0,6.685467614549724,0,0.1705323815345764,83707202.60387224,0,83707202.60387224,0,0,0
9.5,0,592.0,0,592.0,0,592.0,0,0.0,0,0.0,83677472.28139916,0,83677472.28139916,0,0,0
9.5,0,574.36,0,573.2155609813304,0,578.0,0,15.115355770962337,0,0.0,83646488.14916852,0,83646488.14916852,0,0,0
9.5,0,534.9,0,536.7337762961154,0,554.0,0,54.84539521677354,0,2.6089035081863403,83711528.31396928,0,83711528.31396928,0,0,0
9.5,0,572.82,0,570.1553752426624,0,578.0,0,23.582313981754087,0,0.0,83647405.30360374,0,83647405.30360374,0,0,0
9.5,0,554.0,0,554.0,0,554.0,0,0.0,0,0.5148984313011169,83789021.89117321,0,83789021.89117321,0,0,0
9.5,0,586.98,0,585.401680254472,0,592.0,0,20.845902739074425,0,0.0,83676889.97589894,0,83676889.97589894,0,0,0
9.5,0,589.5,0,591.4574733402133,0,592.0,0,2.2639934168473856,0,0.0301475501060485,83698401.82140023,0,83698401.82140023,0,0,0
9.5,0,552.04,0,553.678887814456,0,665.0,0,61.03060631498498,0,2.919921016693116,83763337.91979314,0,83763337.91979314,0,0,0
9.5,0,572.88,0,574.5758904157418,0,578.0,0,12.723080038275162,0,0.0054529094696044,83650918.17875767,0,83650918.17875767,0,0,0
9.5,0,592.0,0,592.0,0,592.0,0,0.0,0,0.0,83694129.25870752,0,83694129.25870752,0,0,0
9.5,0,554.0,0,554.0,0,554.0,0,0.0,0,2.324581286907196,83789042.54932648,0,83789042.54932648,0,0,0
9.5,0,539.67,0,542.2939285641689,0,554.0,0,26.23270921911162,0,9.986645817756653,83763142.68831848,0,83763142.68831848,0,0,0
9.5,0,549.06,0,547.5068327603768,0,554.0,0,20.51369711773459,0,2.31674485206604,83759008.01380779,0,83759008.01380779,0,0,0
9.5,0,578.0,0,578.0,0,578.0,0,0.0,0,0.0,83647081.05152275,0,83647081.05152275,0,0,0
9.5,0,554.0,0,554.0,0,554.0,0,0.0,0,0.1313818168640136,83784933.16725028,0,83784933.16725028,0,0,0
9.5,0,592.0,0,592.0,0,592.0,0,0.0,0,0.0,83694040.41876417,0,83694040.41876417,0,0,0
9.5,0,568.19,0,557.2393852243817,0,572.76,0,38.77632851477601,0,0.0801628828048706,83651174.00100958,0,83651174.00100958,0,0,0
9.5,0,588.36,0,588.342227647997,0,592.0,0,12.485073198365209,0,0.0,83693797.38226753,0,83693797.38226753,0,0,0
9.5,0,578.0,0,578.0,0,578.0,0,0.0,0,0.0,83663695.17489575,0,83663695.17489575,0,0,0
9.5,0,545.79,0,550.0434793540223,0,554.0,0,11.836892020245028,0,0.9367984890937804,83767450.64668661,0,83767450.64668661,0,0,0
9.5,0,578.0,0,578.0,0,578.0,0,0.0,0,0.0,83650916.58717701,0,83650916.58717701,0,0,0
9.5,0,578.0,0,578.0,0,578.0,0,0.0,0,0.0,83573868.23828293,0,83573868.23828293,0,0,0
9.5,0,592.0,0,592.0,0,592.0,0,0.0,0,0.0,83677350.59254843,0,83677350.59254843,0,0,0
9.5,0,554.0,0,554.0,0,554.0,0,0.0,0,2.734918875694275,83784775.67370091,0,83784775.67370091,0,0,0
9.5,0,592.0,0,592.0,0,592.0,0,0.0,0,0.0,83693861.09011278,0,83693861.09011278,0,0,0
9.5,0,586.62,0,588.891100760007,0,592.0,0,11.822532690859198,0,0.0,100417411.01368302,0,100417411.01368302,0,0,0
9.5,0,535.44,0,543.2991533612586,0,554.0,0,22.242907642329875,0,0.1856242203712463,83759244.7195601,0,83759244.7195601,0,0,0
9.5,0,578.0,0,578.0,0,578.0,0,0.0,0,0.0,83647512.91454284,0,83647512.91454284,0,0,0
9.5,0,554.0,0,554.0,0,554.0,0,0.0,0,2.939216859340668,83707273.06099576,0,83707273.06099576,0,0,0
9.5,0,587.06,0,583.2838327603769,0,592.0,0,24.62877986508216,0,0.0,83694127.9142087,0,83694127.9142087,0,0,0
9.5,0,578.0,0,578.0,0,578.0,0,0.0,0,0.0,83647333.40838628,0,83647333.40838628,0,0,0
9.5,0,592.0,0,592.0,0,592.0,0,0.0,0,0.0,83698397.05030555,0,83698397.05030555,0,0,0
9.5,0,554.0,0,554.0,0,554.0,0,0.0,0,0.0114127993583679,83759210.53343764,0,83759210.53343764,0,0,0
9.5,0,554.0,0,554.0,0,554.0,0,0.0,0,2.2316745495796204,83759184.52308762,0,83759184.52308762,0,0,0
9.5,0,586.98,0,581.4693469211387,0,592.0,0,27.394077196944345,0,0.0,83681255.7293713,0,83681255.7293713,0,0,0
9.5,0,592.0,0,592.0,0,592.0,0,0.0,0,0.0,83676994.7772185,0,83676994.7772185,0,0,0
9.5,0,592.0,0,592.0,0,592.0,0,0.0,0,0.0,83681339.7973176,0,83681339.7973176,0,0,0
9.5,0,549.06,0,549.6533803794244,0,554.0,0,15.31027647748468,0,3.286682434082031,83707204.5658778,0,83707204.5658778,0,0,0
9.5,0,592.0,0,592.0,0,592.0,0,0.0,0,0.0,83694125.3092773,0,83694125.3092773,0,0,0
9.5,0,578.0,0,578.0,0,578.0,0,0.0,0,0.0,83650805.18495186,0,83650805.18495186,0,0,0
9.5,0,578.0,0,578.0,0,578.0,0,0.0,0,0.0,83663883.58434258,0,83663883.58434258,0,0,0
9.5,0,544.18,0,538.3471980098504,0,554.0,0,40.15130249730526,0,2.776819491386413,83789021.44455385,0,83789021.44455385,0,0,0
9.5,0,549.06,0,541.1671660937102,0,554.0,0,29.42751819778985,0,2.400697193145752,83763075.47306591,0,83763075.47306591,0,0,0
9.5,0,592.0,0,592.0,0,592.0,0,0.0,0,0.0,83693971.50329131,0,83693971.50329131,0,0,0
9.5,0,592.0,0,592.0,0,592.0,0,0.0,0,0.0,83698464.90226689,0,83698464.90226689,0,0,0
9.5,0,592.0,0,592.0,0,592.0,0,0.0,0,0.0,83681141.1896403,0,83681141.1896403,0,0,0
9.5,0,554.0,0,554.0,0,554.0,0,0.0,0,1.920015332698822,83784680.23858517,0,83784680.23858517,0,0,0
9.5,0,586.74,0,590.8585239078087,0,592.0,0,4.763442149046899,0,0.0,83681003.14313173,0,83681003.14313173,0,0,0
9.5,0,573.0,0,577.4868421052632,0,578.0,0,2.206209127232349,0,0.0,83663590.96630378,0,83663590.96630378,0,0,0
9.5,0,554.0,0,554.0,0,554.0,0,0.0,0,2.2055384850502016,83789105.39491393,0,83789105.39491393,0,0,0
9.5,0,458.06,0,453.9027783186884,0,577.72,0,157.88747249213264,0,0.3515632390975952,83681107.78761463,0,83681107.78761463,0,0,0
9.5,0,554.0,0,554.0,0,554.0,0,0.0,0,0.3988470578193664,83789098.35468055,0,83789098.35468055,0,0,0
9.5,0,572.82,0,572.0547085759957,0,578.0,0,19.57984196117927,0,0.0,83586118.32907408,0,83586118.32907408,0,0,0
9.5,0,554.0,0,554.0,0,554.0,0,0.0,0,0.3399958181381226,83784912.43600966,0,83784912.43600966,0,0,0
9.5,0,592.0,0,592.0,0,592.0,0,0.0,0,0.0,83676901.46637747,0,83676901.46637747,0,0,0
9.5,0,567.52,0,572.3806696341154,0,578.0,0,15.201862988593732,0,0.0006999588012695,83586101.27545334,0,83586101.27545334,0,0,0
9.5,0,578.0,0,578.0,0,578.0,0,0.0,0,0.0,83573847.92083701,0,83573847.92083701,0,0,0
9.5,0,554.0,0,554.0,0,554.0,0,0.0,0,3.030250153541565,83789102.54267305,0,83789102.54267305,0,0,0
9.5,0,549.16,0,552.6471683866529,0,554.0,0,5.554668717244282,0,1.583582217693329,83763048.08824916,0,83763048.08824916,0,0,0
9.5,0,554.0,0,554.0,0,554.0,0,0.0,0,0.976249544620514,83784699.26823659,0,83784699.26823659,0,0,0
9.5,0,592.0,0,592.0,0,592.0,0,0.0,0,0.0,83677325.13949083,0,83677325.13949083,0,0,0
9.5,0,586.66,0,590.1514130546956,0,592.0,0,7.460528159874263,0,0.0097770190238952,83693941.57754998,0,83693941.57754998,0,0,0
9.5,0,587.31,0,579.8166010079962,0,592.0,0,27.93827132543207,0,0.0,83698395.63385202,0,83698395.63385202,0,0,0
9.5,0,501.43,0,513.645793225909,0,543.8,0,40.84285245813017,0,1.850849711894989,83767504.25083159,0,83767504.25083159,0,0,0
9.5,0,554.0,0,554.0,0,554.0,0,0.0,0,0.1865011119842529,83707185.37557757,0,83707185.37557757,0,0,0
9.5,0,592.0,0,592.0,0,592.0,0,0.0,0,0.0,83677325.06483488,0,83677325.06483488,0,0,0
9.5,0,575.66,0,575.6485749165695,0,578.0,0,8.026118484663348,0,0.0269043898582458,83574173.76753859,0,83574173.76753859,0,0,0
9.5,0,589.43,0,587.4654757478073,0,592.0,0,12.812948229405093,0,0.0270860195159912,83677455.9659507,0,83677455.9659507,0,0,0
9.5,0,578.0,0,578.0,0,578.0,0,0.0,0,0.0,83651438.18618421,0,83651438.18618421,0,0,0
9.5,0,570.64,0,571.0765646948511,0,578.0,0,16.642454454071157,0,0.0431597113609314,83647397.20772761,0,83647397.20772761,0,0,0
9.5,0,569.4,0,559.4055729554243,0,572.88,0,31.258224362063537,0,0.0004580998420715,83651454.47372606,0,83651454.47372606,0,0,0
9.5,0,592.0,0,592.0,0,592.0,0,0.0,0,0.0,83677116.05429102,0,83677116.05429102,0,0,0
9.5,0,549.44,0,542.1543071634247,0,554.0,0,27.163862951806024,0,1.2514052057266236,83707325.37832163,0,83707325.37832163,0,0,0
9.5,0,554.0,0,554.0,0,554.0,0,0.0,0,0.0243556261062622,83784549.91605283,0,83784549.91605283,0,0,0
9.5,0,592.0,0,592.0,0,592.0,0,0.0,0,0.0,83681345.84403056,0,83681345.84403056,0,0,0
9.5,0,572.82,0,571.1913752426623,0,578.0,0,21.510313981754088,0,0.0,83647251.21874082,0,83647251.21874082,0,0,0
9.5,0,554.0,0,554.0,0,554.0,0,0.0,0,0.5368418884277344,83707379.6788238,0,83707379.6788238,0,0,0
9.5,0,586.78,0,590.5409543343653,0,592.0,0,5.99077907107751,0,0.0,83677553.7463452,0,83677553.7463452,0,0,0
9.5,0,567.52,0,576.6333099415205,0,578.0,0,4.380397014059366,0,0.0333426094055175,83663878.21347961,0,83663878.21347961,0,0,0
9.5,0,584.89,0,589.0555819018442,0,592.0,0,11.21242045373509,0,0.0235124802589416,83693699.50879095,0,83693699.50879095,0,0,0
9.5,0,549.06,0,549.6533803794244,0,554.0,0,15.31027647748468,0,0.0864719653129577,83784708.14120294,0,83784708.14120294,0,0,0
9.5,0,586.68,0,589.3691058320765,0,592.0,0,10.220312560173715,0,0.0,83698677.29870391,0,83698677.29870391,0,0,0
9.5,0,542.98,0,544.3392047935724,0,607.6,0,28.959729641665216,0,1.0072485208511353,83788958.74932408,0,83788958.74932408,0,0,0
9.5,0,592.0,0,592.0,0,592.0,0,0.0,0,0.0,83677271.60136575,0,83677271.60136575,0,0,0
9.5,0,573.2,0,576.9583488132095,0,578.0,0,4.34686736034698,0,0.0,83573981.17241398,0,83573981.17241398,0,0,0
9.5,0,586.66,0,585.8710702308528,0,592.0,0,20.184624724458946,0,0.0023820710182189,83677257.5239015,0,83677257.5239015,0,0,0
9.5,0,549.59,0,551.4516272029055,0,554.0,0,9.69096081165224,0,1.902561032772064,83759238.4380068,0,83759238.4380068,0,0,0
9.5,0,549.36,0,551.3187188710842,0,554.0,0,10.196385071670386,0,0.357232494354248,83711486.00395283,0,83711486.00395283,0,0,0
9.5,0,581.34,0,582.4553616253028,0,592.0,0,30.32957767170754,0,0.0,83677119.41557913,0,83677119.41557913,0,0,0
9.5,0,578.0,0,578.0,0,578.0,0,0.0,0,0.0,83663874.8665514,0,83663874.8665514,0,0,0
9.5,0,568.53,0,572.7635857689781,0,578.0,0,18.929696516209628,0,0.0,83650890.11842768,0,83650890.11842768,0,0,0
9.5,0,587.06,0,584.5188327603769,0,592.0,0,22.4896971177346,0,0.0,83693810.86820914,0,83693810.86820914,0,0,0
9.5,0,586.62,0,587.8640098509161,0,592.0,0,14.983173946468824,0,0.0004586696624755,83694131.335859,0,83694131.335859,0,0,0
9.5,0,580.27,0,590.131687134503,0,592.0,0,4.970695004977727,0,0.0,83702843.58575962,0,83702843.58575962,0,0,0
9.5,0,586.68,0,589.7783366013072,0,592.0,0,8.802695591517342,0,0.0,83681006.84527951,0,83681006.84527951,0,0,0
9.5,0,537.6,0,525.5034828530603,0,578.0,0,102.91839276582856,0,0.0078533601760864,83646568.60691448,0,83646568.60691448,0,0,0
9.5,0,588.19,0,590.1158445902653,0,592.0,0,7.319434371101854,0,0.0,83677458.69484834,0,83677458.69484834,0,0,0
9.5,0,578.0,0,578.0,0,578.0,0,0.0,0,0.0,83650893.05841626,0,83650893.05841626,0,0,0
9.5,0,567.6,0,559.0317537828529,0,572.8,0,32.109648670362525,0,0.0012797403335571,83585930.66994104,0,83585930.66994104,0,0,0
9.5,0,554.0,0,554.0,0,554.0,0,0.0,0,2.751491711139679,83784559.03675848,0,83784559.03675848,0,0,0
9.5,0,578.05,0,578.0334385701588,0,578.5,0,0.1242488284987809,0,0.0310038900375366,83646702.3150513,0,83646702.3150513,0,0,0
9.5,0,544.48,0,552.7612807017543,0,554.0,0,3.967863803472021,0,2.3838944244384765,83767462.62498046,0,83767462.62498046,0,0,0
9.5,0,554.0,0,554.0,0,554.0,0,0.0,0,0.5375026631355285,83759034.7909966,0,83759034.7909966,0,0,0
9.5,0,578.38,0,582.6829397302903,0,645.44,0,18.55979545103436,0,0.0251330399513244,83586057.25140387,0,83586057.25140387,0,0,0
9.5,0,547.02,0,546.9455891034489,0,554.0,0,20.92741807464405,0,1.7148521375656127,83784860.96596049,0,83784860.96596049,0,0,0
9.5,0,544.12,0,543.3660464731347,0,554.0,0,24.61002093104701,0,3.248158326148987,83767417.28913826,0,83767417.28913826,0,0,0
9.5,0,534.24,0,529.8033321874204,0,549.06,0,38.45298250721138,0,1.747621259689331,83707352.84542716,0,83707352.84542716,0,0,0
9.5,0,572.8,0,574.5223887034878,0,578.0,0,12.921878163873211,0,0.0108005714416503,83651177.73607932,0,83651177.73607932,0,0,0
9.5,0,539.7,0,525.6651807672032,0,549.06,0,61.36981582875672,0,3.4079176998138427,83784887.6498093,0,83784887.6498093,0,0,0
9.5,0,572.82,0,571.1913752426623,0,578.0,0,21.510313981754088,0,0.0,83647310.01513843,0,83647310.01513843,0,0,0
9.5,0,578.0,0,578.0,0,578.0,0,0.0,0,0.0,83651089.582668,0,83651089.582668,0,0,0
9.5,0,586.82,0,591.4683684210527,0,592.0,0,2.285632655812713,0,0.0204901099205017,83698577.82396083,0,83698577.82396083,0,0,0
9.5,0,578.13,0,583.445558719875,0,592.0,0,27.983187286262407,0,0.1221274185180664,83681199.6811322,0,83681199.6811322,0,0,0
9.5,0,544.64,0,543.9085853805637,0,554.0,0,33.784124047990424,0,0.1179932832717895,83759034.54024343,0,83759034.54024343,0,0,0
9.5,0,577.0,0,582.6808416504376,0,699.68,0,50.62687661266837,0,0.0,83663628.07879725,0,83663628.07879725,0,0,0
9.5,0,578.0,0,578.0,0,578.0,0,0.0,0,0.0,100288021.42230244,0,100288021.42230244,0,0,0
9.5,0,592.0,0,592.0,0,592.0,0,0.0,0,0.0,83693891.14399171,0,83693891.14399171,0,0,0
9.5,0,581.74,0,586.0641660937101,0,592.0,0,19.13619217015349,0,0.0,83681006.88528593,0,83681006.88528593,0,0,0
9.5,0,540.22,0,538.0453380007505,0,554.0,0,28.648596475531136,0,2.616374382972717,83789348.74399711,0,83789348.74399711,0,0,0
9.5,0,565.82,0,570.8567968215995,0,592.0,0,60.48584511958771,0,0.0002855396270751,83676905.91974777,0,83676905.91974777,0,0,0
9.5,0,549.12,0,553.4991578947369,0,554.0,0,2.153260108178772,0,2.2890272665023805,83759299.52729025,0,83759299.52729025,0,0,0
9.5,0,549.04,0,553.4909473684211,0,554.0,0,2.1885594542144897,0,47.581356222629545,83759388.2228311,0,83759388.2228311,0,0,0
9.5,0,549.06,0,551.1453601774043,0,554.0,0,10.85563410647666,0,4.167273750305176,83784628.43756892,0,83784628.43756892,0,0,0
9.5,0,549.06,0,541.1671660937102,0,554.0,0,29.42751819778985,0,2.6769448804855345,83784561.26449008,0,83784561.26449008,0,0,0
9.5,0,586.86,0,589.4581210482844,0,592.0,0,9.874512511145282,0,0.0,83677399.86986342,0,83677399.86986342,0,0,0
9.5,0,233.7,0,367.0273980664588,0,1569.58,0,474.3116759095154,0,23.525093533992766,83707197.23426893,0,83707197.23426893,0,0,0
9.5,0,554.0,0,554.0,0,554.0,0,0.0,0,0.1046598601341247,83789188.2583138,0,83789188.2583138,0,0,0
9.5,0,554.0,0,554.0,0,554.0,0,0.0,0,3.659662613868713,83711544.15368399,0,83711544.15368399,0,0,0
9.5,0,554.0,0,554.0,0,554.0,0,0.0,0,4.0756428647041325,83759213.03193544,0,83759213.03193544,0,0,0
9.5,0,458.58,0,493.4503630421007,0,578.0,0,100.97286294343304,0,7.745999341011047,83647065.21913521,0,83647065.21913521,0,0,0
9.5,0,554.0,0,554.0,0,554.0,0,0.0,0,3.469049499034881,83762962.48490046,0,83762962.48490046,0,0,0
9.5,0,561.8,0,553.5177147352132,0,592.0,0,41.42340542166335,0,0.0007530522346496,83681501.37669677,0,83681501.37669677,0,0,0
9.5,0,578.0,0,578.0,0,578.0,0,0.0,0,0.0,83650899.13735205,0,83650899.13735205,0,0,0
9.5,0,550.39,0,553.3130187712615,0,592.0,0,56.79269130489343,0,5.107641220092773e-05,100443251.61367887,0,100443251.61367887,0,0,0
9.5,0,578.0,0,578.0,0,578.0,0,0.0,0,0.0,83586154.61791474,0,83586154.61791474,0,0,0
9.5,0,586.68,0,580.8400250239956,0,592.0,0,29.031173443773685,0,0.0,83677418.13226523,0,83677418.13226523,0,0,0
9.5,0,577.58,0,582.9148372309666,0,592.0,0,25.25000651196413,0,0.0354858684539794,83677357.61236572,0,83677357.61236572,0,0,0
9.5,0,425.02,0,504.177212954572,0,1213.18,0,423.51053865905936,0,11.538254013061524,83647062.93416758,0,83647062.93416758,0,0,0
9.5,0,592.0,0,592.0,0,592.0,0,0.0,0,0.0,83676911.30016184,0,83676911.30016184,0,0,0
9.5,0,554.0,0,554.0,0,554.0,0,0.0,0,0.0017156481742858,100448847.59890698,0,100448847.59890698,0,0,0
9.5,0,554.0,0,554.0,0,554.0,0,0.0,0,4.475450813770294,83789296.55086643,0,83789296.55086643,0,0,0
9.5,0,592.0,0,592.0,0,592.0,0,0.0,0,0.0,83676893.99126545,0,83676893.99126545,0,0,0
9.5,0,586.68,0,572.8600250239956,0,586.68,0,31.691173443773685,0,0.0,83677219.22795376,0,83677219.22795376,0,0,0
9.5,0,578.0,0,578.0,0,578.0,0,0.0,0,0.0,83663894.86771771,0,83663894.86771771,0,0,0
9.5,0,592.0,0,592.0,0,592.0,0,0.0,0,0.0,83677112.75794007,0,83677112.75794007,0,0,0
9.5,0,540.5,0,526.2977553965643,0,545.26,0,32.2639564438497,0,0.9929991817474364,83767491.98467547,0,83767491.98467547,0,0,0
9.5,0,573.45,0,573.9965345599962,0,578.0,0,14.101570439788524,0,0.0,83650896.37969123,0,83650896.37969123,0,0,0
9.5,0,554.0,0,554.0,0,554.0,0,0.0,0,0.7217110419273376,83789262.36227527,0,83789262.36227527,0,0,0
9.5,0,554.0,0,554.0,0,554.0,0,0.0,0,2.031712257862091,83767421.12001012,0,83767421.12001012,0,0,0
9.5,0,554.0,0,554.0,0,554.0,0,0.0,0,2.9626517486572266,83789125.61597867,0,83789125.61597867,0,0,0
9.5,0,592.0,0,592.0,0,592.0,0,0.0,0,0.0,83693745.13161284,0,83693745.13161284,0,0,0
9.5,0,592.0,0,592.0,0,592.0,0,0.0,0,0.0,83676894.26916519,0,83676894.26916519,0,0,0
9.5,0,592.0,0,592.0,0,592.0,0,0.0,0,0.0,83677171.71562305,0,83677171.71562305,0,0,0
9.5,0,592.0,0,592.0,0,592.0,0,0.0,0,0.0,83677059.6936633,0,83677059.6936633,0,0,0
9.5,0,574.48,0,578.0297287588572,0,580.04,0,1.391589563961216,0,0.0402184391021728,83573969.42113782,0,83573969.42113782,0,0,0
9.5,0,572.82,0,570.1553752426624,0,578.0,0,23.582313981754087,0,0.0,83581836.83557321,0,83581836.83557321,0,0,0
9.5,0,551.44,0,552.287945207871,0,554.0,0,6.361540019137581,0,0.6416763353347779,83707232.41628703,0,83707232.41628703,0,0,0
9.5,0,586.68,0,586.6540250239956,0,592.0,0,18.247414674533765,0,0.0,83681347.50282983,0,83681347.50282983,0,0,0
9.5,0,586.68,0,588.4421361351067,0,592.0,0,13.220075352270287,0,0.0,83677164.45744824,0,83677164.45744824,0,0,0
9.5,0,585.26,0,589.2362771961441,0,592.0,0,10.652338357142144,0,0.0014861989021301,83677634.90501691,0,83677634.90501691,0,0,0
9.5,0,576.32,0,589.7670939112487,0,592.0,0,6.37965796838346,0,0.0538957905769348,83702767.68138629,0,83702767.68138629,0,0,0
9.5,0,554.0,0,554.0,0,554.0,0,0.0,0,1.159500508308411,83759193.20605923,0,83759193.20605923,0,0,0
9.5,0,276.52,0,245.70841783349948,0,463.13,0,156.96246595790163,0,1.5484558033943177,83663629.42744406,0,83663629.42744406,0,0,0
9.5,0,578.0,0,578.0,0,578.0,0,0.0,0,0.0,83663748.99555,0,83663748.99555,0,0,0
9.5,0,583.42,0,572.1813937417071,0,592.0,0,32.41291320633762,0,0.0,83681249.76159237,0,83681249.76159237,0,0,0
9.5,0,592.0,0,592.0,0,592.0,0,0.0,0,0.0,83693759.88939977,0,83693759.88939977,0,0,0
9.5,0,536.75,0,521.4819551999858,0,554.0,0,58.955472142596776,0,1.5410085272789005,83707180.7012884,0,83707180.7012884,0,0,0
9.5,0,567.84,0,571.6671007255558,0,578.0,0,16.68724767849717,0,0.0,83581741.92145318,0,83581741.92145318,0,0,0
9.5,0,592.0,0,592.0,0,592.0,0,0.0,0,0.0,83681524.15983774,0,83681524.15983774,0,0,0
9.5,0,578.0,0,578.0,0,578.0,0,0.0,0,0.0,83581830.39260201,0,83581830.39260201,0,0,0
9.5,0,572.8,0,574.5223887034876,0,578.0,0,12.921878163873211,0,0.0,83663696.6868486,0,83663696.6868486,0,0,0
9.5,0,592.0,0,592.0,0,592.0,0,0.0,0,0.0,83677425.89182542,0,83677425.89182542,0,0,0
9.5,0,554.0,0,554.0,0,554.0,0,0.0,0,1.1859084105491635,83784877.88756594,0,83784877.88756594,0,0,0
9.5,0,554.0,0,554.0,0,554.0,0,0.0,0,1.501947135925293,83759006.4168304,0,83759006.4168304,0,0,0
9.5,0,554.0,0,554.0,0,554.0,0,0.0,0,2.677291250228882,83711501.01696292,0,83711501.01696292,0,0,0
9.5,0,537.52,0,543.2892804684566,0,558.2,0,33.68046873868809,0,3.1882833504676817,83758965.33440867,0,83758965.33440867,0,0,0
9.5,0,554.0,0,554.0,0,554.0,0,0.0,0,1.582809157371521,83784814.76767896,0,83784814.76767896,0,0,0
9.5,0,581.3,0,582.344358357329,0,592.0,0,26.968862311321868,0,0.0134100699424743,83693950.35376452,0,83693950.35376452,0,0,0
9.5,0,586.82,0,586.0547085759956,0,592.0,0,19.57984196117928,0,0.0,83698596.8730411,0,83698596.8730411,0,0,0
9.5,0,557.68,0,572.6370862166729,0,578.0,0,17.621373330039333,0,0.0,83581772.71111026,0,83581772.71111026,0,0,0
9.5,0,562.46,0,563.6114792633407,0,578.0,0,47.95984958071272,0,0.0,83647044.07792369,0,83647044.07792369,0,0,0
9.5,0,554.0,0,554.0,0,554.0,0,0.0,0,3.6926630997657774,83789244.2433544,0,83789244.2433544,0,0,0
9.5,0,549.06,0,536.2271660937101,0,549.06,0,29.42751819778985,0,0.2409186124801635,83707282.4409754,0,83707282.4409754,0,0,0
9.5,0,567.64,0,557.5705100035843,0,572.82,0,38.094186930861696,0,0.0,83581707.95751384,0,83581707.95751384,0,0,0
9.5,0,592.0,0,592.0,0,592.0,0,0.0,0,0.0,83694068.00658129,0,83694068.00658129,0,0,0
9.5,0,550.76,0,545.5833235108545,0,554.0,0,19.30063946575691,0,0.2120645260810852,83759242.08877487,0,83759242.08877487,0,0,0
9.5,0,578.0,0,578.0,0,578.0,0,0.0,0,0.0,83651077.16118717,0,83651077.16118717,0,0,0
9.5,0,583.39,0,588.0328747221561,0,592.0,0,15.53351484992004,0,0.0012894892692565,83702643.19230592,0,83702643.19230592,0,0,0
9.5,0,483.73,0,500.36514761627257,0,544.57,0,93.95794192107849,0,7.516339027881623,83763117.40939598,0,83763117.40939598,0,0,0
9.5,0,554.0,0,554.0,0,554.0,0,0.0,0,2.6242622089385987,83784775.6732656,0,83784775.6732656,0,0,0
9.5,0,592.0,0,592.0,0,592.0,0,0.0,0,0.0,83693855.46995787,0,83693855.46995787,0,0,0
9.5,0,554.0,0,554.0,0,554.0,0,0.0,0,1.9673576498031613,83789050.19538878,0,83789050.19538878,0,0,0
9.5,0,578.0,0,578.0,0,578.0,0,0.0,0,0.0,83573912.140993,0,83573912.140993,0,0,0
9.5,0,570.7,0,545.2788119695063,0,586.68,0,66.18907940420377,0,0.0224280095100402,83677531.83874834,0,83677531.83874834,0,0,0
9.5,0,541.51,0,549.968242952524,0,554.0,0,15.386909505070308,0,6.062057960033417,83763372.99391592,0,83763372.99391592,0,0,0
9.5,0,568.02,0,567.133058221706,0,578.0,0,26.02610441018753,0,0.0,83646514.23177956,0,83646514.23177956,0,0,0
9.5,0,554.0,0,554.0,0,554.0,0,0.0,0,0.7514291715621948,83767560.73097962,0,83767560.73097962,0,0,0
9.5,0,592.0,0,592.0,0,592.0,0,0.0,0,0.0,83698582.30338389,0,83698582.30338389,0,0,0
9.5,0,572.06,0,570.0003972386404,0,578.0,0,21.40513193444073,0,0.0012219810485839,83647406.7124682,0,83647406.7124682,0,0,0
9.5,0,550.07,0,566.332139510859,0,592.0,0,57.90187213302968,0,0.0667076683044433,83677595.2084317,0,83677595.2084317,0,0,0
9.5,0,558.8,0,547.4833985828413,0,578.0,0,59.00687912045096,0,0.0,83581761.57520637,0,83581761.57520637,0,0,0
9.5,0,592.0,0,592.0,0,592.0,0,0.0,0,0.0,83681070.3456955,0,83681070.3456955,0,0,0
9.5,0,438.07,0,470.4844065562491,0,576.78,0,87.70712528520971,0,0.5531873178482055,83681072.69322892,0,83681072.69322892,0,0,0
9.5,0,532.87,0,508.9786232424696,0,578.0,0,99.76157141534324,0,0.0,100298141.27800676,0,100298141.27800676,0,0,0
9.5,0,572.82,0,575.8368014275886,0,578.0,0,8.571045707530043,0,0.0,83650865.15032224,0,83650865.15032224,0,0,0
9.5,0,592.0,0,592.0,0,592.0,0,0.0,0,0.0,83681520.85640018,0,83681520.85640018,0,0,0
9.5,0,592.0,0,592.0,0,592.0,0,0.0,0,0.0,83693905.90030259,0,83693905.90030259,0,0,0
9.5,0,549.06,0,549.6533803794246,0,554.0,0,15.31027647748468,0,0.2207153105735778,83767518.00137335,0,83767518.00137335,0,0,0
9.5,0,581.75,0,590.6663596491228,0,592.0,0,4.271863562039328,0,0.0,83694043.47250319,0,83694043.47250319,0,0,0
9.5,0,546.02,0,550.8889334733893,0,554.0,0,9.105652367910691,0,1.7756879115104676,83784680.89391802,0,83784680.89391802,0,0,0
9.5,0,549.04,0,553.2153918128655,0,554.0,0,3.324704115495801,0,1.6714389419555664,83767420.64597598,0,83767420.64597598,0,0,0
9.5,0,549.74,0,550.5927004891394,0,559.04,0,15.598534474324214,0,0.4303225541114807,83789125.48772907,0,83789125.48772907,0,0,0
9.5,0,554.0,0,554.0,0,554.0,0,0.0,0,1.9058486914634705,83711440.5217151,0,83711440.5217151,0,0,0
9.5,0,554.0,0,554.0,0,554.0,0,0.0,0,0.0301138091087341,83784936.08980957,0,83784936.08980957,0,0,0
9.5,0,554.0,0,554.0,0,554.0,0,0.0,0,1.593214716911316,83784950.35473847,0,83784950.35473847,0,0,0
9.5,0,554.0,0,554.0,0,554.0,0,0.0,0,3.2881945037841795,83784715.60438533,0,83784715.60438533,0,0,0
9.5,0,578.0,0,578.0,0,578.0,0,0.0,0,0.0,83663871.502733,0,83663871.502733,0,0,0
9.5,0,531.58,0,533.7478601480219,0,554.0,0,44.94261065315604,0,4.64478429555893,83784665.66836163,0,83784665.66836163,0,0,0
9.5,0,581.95,0,573.869861356351,0,587.29,0,32.96624047160688,0,0.0095226407051086,83693840.0927208,0,83693840.0927208,0,0,0
9.5,0,549.91,0,549.8900305165681,0,554.0,0,14.028557522338929,0,3.0298435425758363,83763338.00088982,0,83763338.00088982,0,0,0
9.5,0,586.81,0,590.5493396542828,0,592.0,0,5.9563493063012025,0,0.0205929899215698,83676997.3991364,0,83676997.3991364,0,0,0
9.5,0,586.68,0,588.4421361351067,0,592.0,0,13.220075352270287,0,0.0,83693886.99041365,0,83693886.99041365,0,0,0
9.5,0,558.68,0,568.3700044501422,0,578.0,0,29.39550597029681,0,0.0001811099052429,83586174.24974722,0,83586174.24974722,0,0,0
9.5,0,453.06,0,468.3658082978683,0,493.26,0,35.57117893192601,0,0.0742627716064453,83702461.0518979,0,83702461.0518979,0,0,0
9.5,0,549.0,0,543.5113017142816,0,554.0,0,27.28493744715572,0,0.7195294213294983,83784716.91902725,0,83784716.91902725,0,0,0
9.5,0,592.0,0,592.0,0,592.0,0,0.0,0,0.0,83693938.38186306,0,83693938.38186306,0,0,0
9.5,0,581.36,0,567.0200500479913,0,592.0,0,39.98681946895511,0,0.0,83702638.304225,0,83702638.304225,0,0,0
9.5,0,563.5,0,549.4044087268941,0,592.0,0,74.22515819108725,0,0.0625791716575622,83681295.1896809,0,83681295.1896809,0,0,0
9.5,0,578.0,0,578.0,0,578.0,0,0.0,0,0.0,83581842.91288467,0,83581842.91288467,0,0,0
9.5,0,578.0,0,578.0,0,578.0,0,0.0,0,0.0,83663569.91909604,0,83663569.91909604,0,0,0
9.5,0,586.68,0,572.8600250239956,0,586.68,0,31.691173443773685,0,0.0,83681356.26634446,0,83681356.26634446,0,0,0
9.5,0,573.45,0,577.7725,0,578.0,0,0.9916495096555032,0,0.0,83647088.91918498,0,83647088.91918498,0,0,0
9.5,0,554.0,0,554.0,0,554.0,0,0.0,0,1.248583071231842,83707231.84079431,0,83707231.84079431,0,0,0
9.5,0,588.22,0,589.0940440959969,0,592.0,0,10.527211434507835,0,0.0,83693719.22971438,0,83693719.22971438,0,0,0
9.5,0,592.0,0,592.0,0,592.0,0,0.0,0,0.0,83681303.25431898,0,83681303.25431898,0,0,0
9.5,0,567.64,0,568.6297151317895,0,578.0,0,25.15507650256896,0,0.0,83646608.55857104,0,83646608.55857104,0,0,0
9.5,0,592.0,0,592.0,0,592.0,0,0.0,0,0.0,83693939.88247764,0,83693939.88247764,0,0,0
9.5,0,592.0,0,592.0,0,592.0,0,0.0,0,0.0,83677224.2770617,0,83677224.2770617,0,0,0
9.5,0,567.64,0,573.2751413167156,0,578.0,0,13.107480466571204,0,0.0,83581835.15113802,0,83581835.15113802,0,0,0
9.5,0,578.0,0,578.0,0,578.0,0,0.0,0,0.0,83647093.26459232,0,83647093.26459232,0,0,0
9.5,0,563.42,0,567.291257999912,0,578.0,0,33.42900594939589,0,0.0317707419395446,83651380.89389694,0,83651380.89389694,0,0,0
9.5,0,574.36,0,575.5656720924413,0,578.0,0,9.04531471471125,0,0.0,83663878.36465184,0,83663878.36465184,0,0,0
9.5,0,569.69,0,569.9358221334908,0,578.0,0,22.22788115633425,0,0.0,83581551.7874427,0,83581551.7874427,0,0,0
9.5,0,592.0,0,592.0,0,592.0,0,0.0,0,0.0,83694129.23551722,0,83694129.23551722,0,0,0
9.5,0,554.0,0,554.0,0,554.0,0,0.0,0,1.6787379360198975,83767407.75774293,0,83767407.75774293,0,0,0
9.5,0,554.0,0,554.0,0,554.0,0,0.0,0,2.5875589656829834,83784830.26595181,0,83784830.26595181,0,0,0
9.5,0,554.0,0,554.0,0,554.0,0,0.0,0,2.121055443286896,83789345.4599501,0,83789345.4599501,0,0,0
9.5,0,572.31,0,561.641932335767,0,592.0,0,48.005490087217176,0,0.0363652825355529,83694127.22229435,0,83694127.22229435,0,0,0
9.5,0,578.0,0,578.0,0,578.0,0,0.0,0,0.0,83647401.46085547,0,83647401.46085547,0,0,0
9.5,0,578.0,0,578.0,0,578.0,0,0.0,0,0.0,83586782.70568404,0,83586782.70568404,0,0,0
9.5,0,545.26,0,553.363,0,554.0,0,2.171861428775661,0,2.077356073856354,83789197.60139428,0,83789197.60139428,0,0,0
9.5,0,587.1,0,591.755,0,592.0,0,1.0679302411674652,0,0.0003221487998962,83677633.99198465,0,83677633.99198465,0,0,0
9.5,0,567.82,0,560.585676956944,0,579.92,0,35.46142592297696,0,0.0026730513572692,83574167.90157537,0,83574167.90157537,0,0,0
9.5,0,539.13,0,544.0150055984178,0,554.0,0,30.06029940325768,0,2.54954683303833,83784701.96022111,0,83784701.96022111,0,0,0
9.5,0,549.44,0,552.0957170868347,0,554.0,0,7.545167649872008,0,1.1046227073669437,83759255.91390762,0,83759255.91390762,0,0,0
9.5,0,226.37,0,204.6708019704753,0,498.63,0,138.28385576695777,0,10.582251145839692,83581611.79185416,0,83581611.79185416,0,0,0
9.5,0,578.0,0,578.0,0,578.0,0,0.0,0,0.0,83581517.99473123,0,83581517.99473123,0,0,0
9.5,0,592.0,0,592.0,0,592.0,0,0.0,0,0.0,83693942.13182852,0,83693942.13182852,0,0,0
9.5,0,544.87,0,551.1280676384589,0,554.0,0,8.393678780006697,0,3.194158818721771,83707186.26926506,0,83707186.26926506,0,0,0
9.5,0,592.0,0,592.0,0,592.0,0,0.0,0,0.0,83676854.6966292,0,83676854.6966292,0,0,0
9.5,0,554.0,0,554.0,0,554.0,0,0.0,0,1.819912052154541,83763131.04131141,0,83763131.04131141,0,0,0
9.5,0,599.89,0,569.6589348432356,0,848.42,0,69.79100657005966,0,0.272703549861908,83759165.74639775,0,83759165.74639775,0,0,0
9.5,0,572.88,0,570.246239622091,0,578.0,0,23.30915976574921,0,0.0308304095268249,83574158.37537856,0,83574158.37537856,0,0,0
9.5,0,581.36,0,563.4733833813245,0,586.68,0,58.21447483693909,0,0.0,83693934.78727908,0,83693934.78727908,0,0,0
9.5,0,563.34,0,575.3050290773039,0,592.0,0,43.77613298366016,0,0.0228757715225219,83694080.1438593,0,83694080.1438593,0,0,0
9.5,0,592.0,0,592.0,0,592.0,0,0.0,0,0.0,83702652.86315429,0,83702652.86315429,0,0,0
9.5,0,583.06,0,590.3728658410732,0,592.0,0,5.051765359353437,0,0.0,83693973.47211477,0,83693973.47211477,0,0,0
9.5,0,551.02,0,545.3940336121566,0,592.0,0,70.0594198607925,0,0.0,83681361.54147902,0,83681361.54147902,0,0,0
9.5,0,578.0,0,578.0,0,578.0,0,0.0,0,0.0,83663586.52298896,0,83663586.52298896,0,0,0
9.5,0,587.13,0,581.7840078697103,0,592.0,0,26.57552907352968,0,0.0003406977653503,83702705.53314708,0,83702705.53314708,0,0,0
9.5,0,567.64,0,576.6489590643275,0,578.0,0,4.330239796341129,0,0.0,83646620.44890158,0,83646620.44890158,0,0,0
9.5,0,578.0,0,578.0,0,578.0,0,0.0,0,0.0,83647078.45011383,0,83647078.45011383,0,0,0
9.5,0,588.38,0,589.2170475205049,0,592.0,0,10.081615183311737,0,0.0,83693973.13714173,0,83693973.13714173,0,0,0
9.5,0,580.1,0,583.4552532800017,0,617.9,0,12.509673727805405,0,0.0167602896690368,83573730.73856062,0,83573730.73856062,0,0,0
9.5,0,544.69,0,552.2331601307189,0,554.0,0,5.477625706922757,0,3.886071434020996,83789008.2258348,0,83789008.2258348,0,0,0
9.5,0,554.0,0,554.0,0,554.0,0,0.0,0,2.3381488871574403,83789298.37862901,0,83789298.37862901,0,0,0
9.5,0,587.23,0,581.9937818354246,0,592.0,0,26.029830324586555,0,0.0003291511535644,83677621.76913531,0,83677621.76913531,0,0,0
9.5,0,563.89,0,568.3865445921039,0,578.0,0,20.36820766654975,0,0.0,83585865.8790508,0,83585865.8790508,0,0,0
9.5,0,572.82,0,570.1553752426624,0,578.0,0,23.582313981754087,0,0.0,83647293.0757967,0,83647293.0757967,0,0,0
9.5,0,578.0,0,578.0,0,578.0,0,0.0,0,0.0,83663751.43264782,0,83663751.43264782,0,0,0
9.5,0,588.2,0,585.3002559695207,0,592.0,0,18.835048050824195,0,0.0,83677457.92736298,0,83677457.92736298,0,0,0
9.5,0,554.0,0,554.0,0,554.0,0,0.0,0,3.5185357236862185,83789253.64734603,0,83789253.64734603,0,0,0
9.5,0,578.0,0,578.0,0,578.0,0,0.0,0,0.0,83573975.14810833,0,83573975.14810833,0,0,0
9.5,0,592.0,0,592.0,0,592.0,0,0.0,0,0.0,83677307.71950659,0,83677307.71950659,0,0,0
9.5,0,568.4,0,575.3862609011215,0,578.0,0,10.267470387208002,0,0.0,83581976.88142683,0,83581976.88142683,0,0,0
9.5,0,547.26,0,563.3899651516354,0,578.0,0,38.942814714729,0,0.0459319376945495,83651383.94550428,0,83651383.94550428,0,0,0
9.5,0,536.58,0,523.9698921451785,0,562.76,0,71.38976064350008,0,0.0,83581826.97942062,0,83581826.97942062,0,0,0
9.5,0,554.0,0,554.0,0,554.0,0,0.0,0,1.961594586372376,83767584.0031155,0,83767584.0031155,0,0,0
9.5,0,572.82,0,577.1805906432749,0,578.0,0,3.472170830296018,0,0.0,83647024.37808053,0,83647024.37808053,0,0,0
9.5,0,586.68,0,591.1584444444445,0,592.0,0,3.566013285168883,0,0.0,83677057.27997404,0,83677057.27997404,0,0,0
9.5,0,554.0,0,554.0,0,554.0,0,0.0,0,0.8891054129600525,83759183.61475225,0,83759183.61475225,0,0,0
9.5,0,592.0,0,592.0,0,592.0,0,0.0,0,0.0,83677176.71407606,0,83677176.71407606,0,0,0
9.5,0,578.0,0,578.0,0,578.0,0,0.0,0,0.0,83647090.86553296,0,83647090.86553296,0,0,0
9.5,0,554.0,0,554.0,0,554.0,0,0.0,0,3.2947891092300416,83784779.60284753,0,83784779.60284753,0,0,0
9.5,0,559.62,0,553.7536401602354,0,572.88,0,46.50487072120987,0,0.1362540054321289,83650794.17188732,0,83650794.17188732,0,0,0
9.5,0,577.35,0,576.6364692228566,0,578.0,0,3.547041868130244,0,0.0,83650912.43407074,0,83650912.43407074,0,0,0
9.5,0,532.69,0,518.3717240347802,0,546.9,0,57.67444073563621,0,0.1575631666183471,83707319.01676463,0,83707319.01676463,0,0,0
9.5,0,589.56,0,588.3048485699027,0,592.0,0,11.10827145086486,0,0.0,83698587.70131478,0,83698587.70131478,0,0,0
9.5,0,587.06,0,589.1453601774043,0,592.0,0,10.85563410647666,0,0.0,83677470.852141,0,83677470.852141,0,0,0
9.5,0,554.0,0,554.0,0,554.0,0,0.0,0,4.016402387619019,83789260.05102816,0,83789260.05102816,0,0,0
9.5,0,582.37,0,574.0545683282576,0,587.31,0,32.4119223171225,0,0.0023951482772827,83681273.0371071,0,83681273.0371071,0,0,0
9.5,0,551.82,0,552.7402601592594,0,554.0,0,4.790542986258932,0,1.2347011327743531,83784544.46798469,0,83784544.46798469,0,0,0
9.5,0,549.16,0,548.4449400594247,0,554.0,0,18.294678589209976,0,3.118314135074616,83762956.28196234,0,83762956.28196234,0,0,0
9.5,0,549.06,0,553.2185555555556,0,554.0,0,3.311298050513962,0,0.9750278234481812,83767476.0900322,0,83767476.0900322,0,0,0
9.5,0,545.13,0,536.4178717968479,0,592.0,0,84.56244549768626,0,0.0208988404273986,83681059.68983103,0,83681059.68983103,0,0,0
9.5,0,592.0,0,592.0,0,592.0,0,0.0,0,0.0,83677066.65098943,0,83677066.65098943,0,0,0
9.5,0,578.0,0,578.0,0,578.0,0,0.0,0,0.0,83646513.36603317,0,83646513.36603317,0,0,0
9.5,0,586.68,0,590.1583366013072,0,592.0,0,7.432586106841026,0,0.0,83677223.38413155,0,83677223.38413155,0,0,0
9.5,0,549.04,0,551.9286747260307,0,554.0,0,8.20702446126429,0,4.024429903030396,83758964.05414964,0,83758964.05414964,0,0,0
9.5,0,573.1,0,560.371075679996,0,573.1,0,29.189238698212613,0,0.0,83650853.79939635,0,83650853.79939635,0,0,0
9.5,0,1214.91,0,1262.6083903619171,0,2123.44,0,559.5285208709994,0,3.09586012840271,83676837.59487993,0,83676837.59487993,0,0,0
9.5,0,553.92,0,551.1841299665247,0,592.0,0,64.45358090938944,0,0.0051621723175048,83677102.00487682,0,83677102.00487682,0,0,0
9.5,0,556.86,0,572.2091209348787,0,578.0,0,14.161717430884218,0,0.0,83586179.51236793,0,83586179.51236793,0,0,0
9.5,0,554.0,0,554.0,0,554.0,0,0.0,0,2.765050184726716,83707180.58302252,0,83707180.58302252,0,0,0
9.5,0,550.76,0,553.8380000000001,0,554.0,0,0.7061416288535891,0,1.144274890422821,83711441.28460896,0,83711441.28460896,0,0,0
9.5,0,545.59,0,551.784212375301,0,554.0,0,9.060475510967311,0,3.9988537335395815,83759009.75181149,0,83759009.75181149,0,0,0
9.5,0,586.98,0,586.9554897782815,0,592.0,0,17.218425125217948,0,0.0250074100494384,83694041.41869897,0,83694041.41869897,0,0,0
9.5,0,592.0,0,592.0,0,592.0,0,0.0,0,0.0,83693752.6202693,0,83693752.6202693,0,0,0
9.5,0,592.0,0,592.0,0,592.0,0,0.0,0,0.0,83698598.07029256,0,83698598.07029256,0,0,0
9.5,0,554.0,0,554.0,0,554.0,0,0.0,0,3.151253054141998,83759196.4635426,0,83759196.4635426,0,0,0
9.5,0,578.0,0,578.0,0,578.0,0,0.0,0,0.0,83663878.59368196,0,83663878.59368196,0,0,0
9.5,0,578.0,0,578.0,0,578.0,0,0.0,0,0.0,83581516.72497553,0,83581516.72497553,0,0,0
9.5,0,572.82,0,575.8368014275886,0,578.0,0,8.571045707530043,0,0.0,83581842.58177997,0,83581842.58177997,0,0,0
9.5,0,544.12,0,541.836998854087,0,554.0,0,26.954074848505112,0,4.335602271556854,83767522.03668413,0,83767522.03668413,0,0,0
9.5,0,592.0,0,592.0,0,592.0,0,0.0,0,0.0,83677059.38948293,0,83677059.38948293,0,0,0
9.5,0,578.0,0,578.0,0,578.0,0,0.0,0,0.0,83663583.11728534,0,83663583.11728534,0,0,0
9.5,0,578.0,0,578.0,0,578.0,0,0.0,0,0.0,83647397.39923625,0,83647397.39923625,0,0,0
9.5,0,572.82,0,567.1337085759957,0,578.0,0,28.26719519525333,0,0.0,83586121.99567164,0,83586121.99567164,0,0,0
9.5,0,592.0,0,592.0,0,592.0,0,0.0,0,0.0,83681258.65792814,0,83681258.65792814,0,0,0
9.5,0,588.22,0,591.402052631579,0,592.0,0,2.5337462815673644,0,0.0,83693699.34959498,0,83693699.34959498,0,0,0
9.5,0,592.0,0,592.0,0,592.0,0,0.0,0,0.0,83677050.08161646,0,83677050.08161646,0,0,0
9.5,0,554.0,0,554.0,0,554.0,0,0.0,0,0.037125449180603,83767472.5539504,0,83767472.5539504,0,0,0
9.5,0,554.0,0,554.0,0,554.0,0,0.0,0,3.350494832992554,83789314.45557187,0,83789314.45557187,0,0,0
9.5,0,592.0,0,592.0,0,592.0,0,0.0,0,0.0,83693789.17160149,0,83693789.17160149,0,0,0
9.5,0,586.98,0,584.3976802544721,0,592.0,0,22.853902739074424,0,0.0046194195747375,83693993.59810428,0,83693993.59810428,0,0,0
9.5,0,463.21,0,488.5261501547128,0,578.0,0,120.60488386151376,0,0.2402898073196411,83573724.35582438,0,83573724.35582438,0,0,0
9.5,0,592.0,0,592.0,0,592.0,0,0.0,0,0.0,83681151.01527424,0,83681151.01527424,0,0,0
9.5,0,544.18,0,550.9330319161403,0,554.0,0,11.800432338569951,0,2.23769415140152,83707229.30523823,0,83707229.30523823,0,0,0
9.5,0,554.0,0,554.0,0,554.0,0,0.0,0,2.592488944530487,83784617.77755944,0,83784617.77755944,0,0,0
9.5,0,529.47,0,517.2439462102654,0,554.0,0,67.274095258261,0,4.101565058231354,83759287.52957429,0,83759287.52957429,0,0,0
9.5,0,588.38,0,582.5961824411398,0,592.0,0,21.564294711740743,0,0.0,83677547.67739803,0,83677547.67739803,0,0,0
9.5,0,572.8,0,577.4663157894737,0,578.0,0,2.2944574923216425,0,0.0037792801856994,83650917.70535144,0,83650917.70535144,0,0,0
9.5,0,549.06,0,552.6192173202614,0,554.0,0,5.669434599831974,0,0.3312191939353943,83711555.09078668,0,83711555.09078668,0,0,0
9.5,0,592.0,0,592.0,0,592.0,0,0.0,0,0.0,83694035.05443703,0,83694035.05443703,0,0,0
9.5,0,536.79,0,523.7691311518719,0,544.5,0,35.68370094648823,0,1.182883858680725,83711452.8710126,0,83711452.8710126,0,0,0
9.5,0,586.98,0,589.5174645257563,0,592.0,0,9.643979145126329,0,0.0100018405914306,83694173.4388166,0,83694173.4388166,0,0,0
9.5,0,592.0,0,592.0,0,592.0,0,0.0,0,0.0,83676913.15054324,0,83676913.15054324,0,0,0
9.5,0,549.2,0,551.9954916703523,0,554.0,0,7.942281736707377,0,6.136539206504822,83711495.74607639,0,83711495.74607639,0,0,0
9.5,0,581.5,0,573.0977085759957,0,586.82,0,32.01666231423515,0,0.0,83694020.8014748,0,83694020.8014748,0,0,0
9.5,0,592.0,0,592.0,0,592.0,0,0.0,0,0.0,83693789.45069799,0,83693789.45069799,0,0,0
9.5,0,572.96,0,569.1073921279958,0,578.0,0,25.127338161946167,0,0.0225534009933471,83650814.60715106,0,83650814.60715106,0,0,0
9.5,0,554.28,0,554.0442923976608,0,554.84,0,0.1876849097457306,0,0.422105700969696,83767473.07049647,0,83767473.07049647,0,0,0
9.5,0,554.0,0,554.0,0,554.0,0,0.0,0,5.014557688236237,83762958.00081567,0,83762958.00081567,0,0,0
9.5,0,574.52,0,571.8598659931399,0,578.0,0,17.349828730867593,0,0.0502873492240905,83646562.65680301,0,83646562.65680301,0,0,0
9.5,0,554.0,0,554.0,0,554.0,0,0.0,0,0.7861467146873474,83707371.4743742,0,83707371.4743742,0,0,0
9.5,0,578.0,0,578.0,0,578.0,0,0.0,0,0.0,83573856.11921833,0,83573856.11921833,0,0,0
9.5,0,567.41,0,572.8860347667899,0,592.0,0,61.90300006249984,0,0.003844027519226,83702828.51759085,0,83702828.51759085,0,0,0
9.5,0,410.98,0,398.2102287551629,0,499.17,0,101.09994304473288,0,6.248385210037231,83762978.3592851,0,83762978.3592851,0,0,0
9.5,0,443.6,0,460.9623162372973,0,536.17,0,118.5758306792836,0,5.035828382968902,83763081.08108845,0,83763081.08108845,0,0,0
9.5,0,494.84,0,509.7556986955253,0,665.25,0,125.22476435568409,0,0.2361093139648437,83702436.92050725,0,83702436.92050725,0,0,0
9.5,0,89.53,0,106.61634674024806,0,379.84,0,90.38517334934048,0,15.030658686161042,83586363.01075108,0,83586363.01075108,0,0,0
9.5,0,573.64,0,566.6738550948536,0,578.0,0,25.97246545391979,0,0.0,83581831.93491238,0,83581831.93491238,0,0,0
9.5,0,598.75,0,672.4038496571796,0,1445.1,0,281.2509256161419,0,1.926951653957367,83767454.27469186,0,83767454.27469186,0,0,0
9.5,0,554.0,0,554.0,0,554.0,0,0.0,0,1.2743837022781372,83759128.09449007,0,83759128.09449007,0,0,0
9.5,0,554.0,0,554.0,0,554.0,0,0.0,0,1.864313645362854,83759297.75505562,0,83759297.75505562,0,0,0
9.5,0,578.0,0,578.0,0,578.0,0,0.0,0,0.0,83574159.46443692,0,83574159.46443692,0,0,0
9.5,0,1361.4,0,1272.14454178948,0,3346.64,0,1074.4645594203257,0,1.2341752004623414,83651188.93774903,0,83651188.93774903,0,0,0
9.5,0,567.64,0,567.2091393742136,0,578.0,0,35.93649261422779,0,0.0,83646625.69894639,0,83646625.69894639,0,0,0
9.5,0,544.12,0,550.3639157329598,0,554.0,0,14.166932156990624,0,0.0724396181106567,83789208.85762624,0,83789208.85762624,0,0,0
9.5,0,576.48,0,568.2854138544634,0,592.0,0,37.745900575648704,0,1.0013580322265625e-07,83698469.14299221,0,83698469.14299221,0,0,0
9.5,0,518.83,0,522.8471046694533,0,592.0,0,50.71733599155682,0,0.001225140094757,83698530.46029161,0,83698530.46029161,0,0,0
9.5,0,592.0,0,592.0,0,592.0,0,0.0,0,0.0,83698471.4514797,0,83698471.4514797,0,0,0
9.5,0,586.68,0,578.1800250239957,0,592.0,0,31.691173443773685,0,0.0,83676885.6502577,0,83676885.6502577,0,0,0
9.5,0,591.66,0,591.6332751977984,0,606.94,0,8.155888171528876,0,0.0,83676935.70986623,0,83676935.70986623,0,0,0
9.5,0,572.8,0,575.4284493095485,0,578.0,0,9.98977919415476,0,0.0011842703819274,83663622.07391867,0,83663622.07391867,0,0,0
9.5,0,578.0,0,578.0,0,578.0,0,0.0,0,0.0,83663890.05188504,0,83663890.05188504,0,0,0
9.5,0,592.0,0,592.0,0,592.0,0,0.0,0,0.0,83694129.23447743,0,83694129.23447743,0,0,0
9.5,0,591.92,0,591.8851808274286,0,592.0,0,0.1558632178150578,0,0.0,83681293.20042394,0,83681293.20042394,0,0,0
9.5,0,423.71,0,529.2056443830078,0,1108.6,0,324.8430464820522,0,2.555131525993348,83763373.73452145,0,83763373.73452145,0,0,0
9.5,0,578.0,0,578.0,0,578.0,0,0.0,0,0.0,83586128.85504085,0,83586128.85504085,0,0,0
9.5,0,592.0,0,592.0,0,592.0,0,0.0,0,0.0,83676936.04527642,0,83676936.04527642,0,0,0
9.5,0,592.0,0,592.0,0,592.0,0,0.0,0,0.0,83694126.8557253,0,83694126.8557253,0,0,0
9.5,0,567.68,0,558.1261175030679,0,572.88,0,36.46760184044743,0,0.0490458011627197,83573737.59637451,0,83573737.59637451,0,0,0
9.5,0,547.22,0,559.1157725428167,0,578.0,0,39.07818413352405,0,0.0,83646766.42883918,0,83646766.42883918,0,0,0
9.5,0,586.98,0,583.1426802544721,0,592.0,0,25.02762650257336,0,0.0200061106681823,83694114.2926612,0,83694114.2926612,0,0,0
9.5,0,581.36,0,567.0200500479913,0,592.0,0,60.722346887547374,0,0.0,83681156.82587346,0,83681156.82587346,0,0,0
9.5,0,578.0,0,578.0,0,578.0,0,0.0,0,0.0,83647089.14802545,0,83647089.14802545,0,0,0
9.5,0,592.0,0,592.0,0,592.0,0,0.0,0,0.0,83694113.92392787,0,83694113.92392787,0,0,0
9.5,0,581.64,0,584.5535282631025,0,592.0,0,19.078489576899884,0,0.0009221196174621,83677052.12768866,0,83677052.12768866,0,0,0
9.5,0,549.06,0,551.1453601774043,0,554.0,0,10.85563410647666,0,4.199116799831391,83784600.67403728,0,83784600.67403728,0,0,0
9.5,0,592.0,0,592.0,0,592.0,0,0.0,0,0.0,83702644.67641887,0,83702644.67641887,0,0,0
9.5,0,554.0,0,554.0,0,554.0,0,0.0,0,1.126402199268341,83784785.75714536,0,83784785.75714536,0,0,0
9.5,0,543.02,0,548.8745857897692,0,592.0,0,100.10837426185728,0,0.2258024549484253,83702827.72070257,0,83702827.72070257,0,0,0
9.5,0,554.0,0,554.0,0,554.0,0,0.0,0,0.7452678012847901,83767546.96608515,0,83767546.96608515,0,0,0
9.5,0,592.0,0,592.0,0,592.0,0,0.0,0,0.0,83693726.17674716,0,83693726.17674716,0,0,0
9.5,0,539.81,0,550.0131603457172,0,554.0,0,9.761940064031158,0,0.2406689095497131,83763338.04589485,0,83763338.04589485,0,0,0
9.5,0,554.0,0,554.0,0,554.0,0,0.0,0,3.582950315475464,83762956.03586291,0,83762956.03586291,0,0,0
9.5,0,592.0,0,592.0,0,592.0,0,0.0,0,0.0,83681192.25590162,0,83681192.25590162,0,0,0
9.5,0,574.27,0,575.0376138963805,0,592.0,0,38.980243546772336,0,0.0035025000572204,83693883.16828565,0,83693883.16828565,0,0,0
9.5,0,582.18,0,572.7400299001824,0,592.0,0,36.20811793663483,0,0.0002189993858337,83677451.52186403,0,83677451.52186403,0,0,0
9.5,0,578.0,0,578.0,0,578.0,0,0.0,0,0.0,83574161.49331827,0,83574161.49331827,0,0,0
9.5,0,592.0,0,592.0,0,592.0,0,0.0,0,0.0,83677484.33018696,0,83677484.33018696,0,0,0
9.5,0,539.46,0,549.086179975769,0,554.0,0,19.43487475237347,0,0.0411351132392883,83788977.32278496,0,83788977.32278496,0,0,0
9.5,0,549.64,0,565.2726303290364,0,592.0,0,42.80068845951393,0,0.0278265595436096,83677509.8927198,0,83677509.8927198,0,0,0
9.5,0,536.84,0,532.715855082482,0,554.0,0,47.18636114091333,0,3.387319941520691,83758952.34039128,0,83758952.34039128,0,0,0
9.5,0,562.76,0,554.6664476251303,0,578.0,0,37.12218558845216,0,0.0,83646765.9567396,0,83646765.9567396,0,0,0
9.5,0,420.18,0,441.8758474786308,0,557.72,0,140.72036995266825,0,1.688797528743744,83581930.74073657,0,83581930.74073657,0,0,0
9.5,0,587.36,0,580.0312198142416,0,615.44,0,8.476391352676611,0,0.0,100289005.9774766,0,100289005.9774766,0,0,0
9.5,0,586.68,0,580.8400250239956,0,592.0,0,29.031173443773685,0,0.0,83693852.9047079,0,83693852.9047079,0,0,0
9.5,0,349.91,0,365.7742951153164,0,1329.48,0,441.9317331713205,0,0.584605622291565,83698415.41885303,0,83698415.41885303,0,0,0
9.5,0,586.68,0,591.1584444444445,0,592.0,0,3.566013285168883,0,0.0,83702402.02910571,0,83702402.02910571,0,0,0
9.5,0,560.56,0,550.3443039213108,0,581.96,0,43.92610204528767,0,1.7380714416503906e-06,83681267.59775317,0,83681267.59775317,0,0,0
9.5,0,572.82,0,577.1805906432749,0,578.0,0,3.472170830296018,0,0.0,83663893.76976675,0,83663893.76976675,0,0,0
9.5,0,581.36,0,580.5480500479912,0,592.0,0,38.35644155358275,0,0.0,83702643.23941986,0,83702643.23941986,0,0,0
9.5,0,578.0,0,578.0,0,578.0,0,0.0,0,0.0,83663529.91602482,0,83663529.91602482,0,0,0
9.5,0,581.99,0,581.5032709426366,0,592.0,0,26.97857522803849,0,0.0168307900428771,83677217.8837632,0,83677217.8837632,0,0,0
9.5,0,549.06,0,550.6962692683134,0,554.0,0,12.27578425567955,0,2.3335265278816224,83707361.61018495,0,83707361.61018495,0,0,0
9.5,0,560.52,0,564.3092395088572,0,578.0,0,31.35222698524215,0,0.0385194706916809,83585870.14264989,0,83585870.14264989,0,0,0
9.5,0,586.98,0,578.9593469211388,0,592.0,0,29.90407719694435,0,0.0,83693833.19933979,0,83693833.19933979,0,0,0
9.5,0,578.0,0,578.0,0,578.0,0,0.0,0,0.0,83581769.72394155,0,83581769.72394155,0,0,0
9.5,0,574.36,0,573.2155609813303,0,578.0,0,15.115355770962331,0,0.0,83586099.8848576,0,83586099.8848576,0,0,0
9.5,0,592.0,0,592.0,0,592.0,0,0.0,0,0.0,83702398.85258345,0,83702398.85258345,0,0,0
9.5,0,554.28,0,554.2152559928892,0,557.08,0,0.779793439593173,0,2.476285994052887,83759290.7564903,0,83759290.7564903,0,0,0
9.5,0,554.0,0,554.0,0,554.0,0,0.0,0,1.579355685710907,83763041.48111078,0,83763041.48111078,0,0,0
9.5,0,551.05,0,551.3721243606325,0,557.19,0,10.139575980474255,0,0.342695894241333,83707235.72167099,0,83707235.72167099,0,0,0
9.5,0,549.77,0,542.8715612502823,0,559.04,0,28.393970074375183,0,1.7186003398895264,83711426.47706474,0,83711426.47706474,0,0,0
9.5,0,592.0,0,592.0,0,592.0,0,0.0,0,0.0,83677211.8348845,0,83677211.8348845,0,0,0
9.5,0,554.0,0,554.0,0,554.0,0,0.0,0,0.0977259683609008,83789346.94734257,0,83789346.94734257,0,0,0
9.5,0,554.0,0,554.0,0,554.0,0,0.0,0,1.1906951832771302,83784873.39657003,0,83784873.39657003,0,0,0
9.5,0,554.0,0,554.0,0,554.0,0,0.0,0,2.8840232253074647,83762962.8384185,0,83762962.8384185,0,0,0
9.5,0,540.11,0,531.9530429876711,0,549.24,0,41.71848806844622,0,0.4813287496566772,83789101.75835766,0,83789101.75835766,0,0,0
9.5,0,545.21,0,536.8875350803736,0,554.0,0,31.20203472832184,0,0.2507865405082702,83767567.91270766,0,83767567.91270766,0,0,0
9.5,0,554.0,0,554.0,0,554.0,0,0.0,0,1.4326686668395996,83767601.15005952,0,83767601.15005952,0,0,0
9.5,0,559.73,0,565.7356558268443,0,578.0,0,33.95083052289262,0,0.0,83650843.0303695,0,83650843.0303695,0,0,0
9.5,0,592.0,0,592.0,0,592.0,0,0.0,0,0.0,83693932.07508229,0,83693932.07508229,0,0,0
9.5,0,554.0,0,554.0,0,554.0,0,0.0,0,0.0032963395118713,100511170.21667849,0,100511170.21667849,0,0,0
9.5,0,598.64,0,562.8048785289359,0,646.86,0,66.51389295930976,0,0.0389923310279846,83663772.95497826,0,83663772.95497826,0,0,0
9.5,0,570.87,0,620.6122268473271,0,776.4,0,67.93500905052412,0,0.0520525360107421,83676845.741126,0,83676845.741126,0,0,0
9.5,0,581.42,0,568.3949144274198,0,586.74,0,47.82174424708364,0,0.0202026391029357,83698423.36394438,0,83698423.36394438,0,0,0
9.5,0,588.22,0,590.9434496904024,0,592.0,0,4.338150361814749,0,0.0,83676935.55911015,0,83676935.55911015,0,0,0
9.5,0,515.35,0,512.0424326093154,0,572.86,0,112.45885651549874,0,0.0274882292747497,83681143.27277678,0,83681143.27277678,0,0,0
9.5,0,592.0,0,592.0,0,592.0,0,0.0,0,0.0,83693988.91686508,0,83693988.91686508,0,0,0
9.5,0,572.96,0,564.9073921279959,0,578.0,0,30.02321694673297,0,0.0003627705574035,83663879.2389239,0,83663879.2389239,0,0,0
9.5,0,564.19,0,570.6236191532495,0,690.32,0,49.81855253351426,0,0.1066001725196838,83581850.45489506,0,83581850.45489506,0,0,0
9.5,0,587.06,0,591.493,0,592.0,0,2.1797346177055603,0,0.0,83693852.02952483,0,83693852.02952483,0,0,0
9.5,0,531.44,0,523.323121761967,0,554.0,0,40.602958120237325,0,1.197496590614319,83763353.26959704,0,83763353.26959704,0,0,0
9.5,0,575.2,0,574.925386513899,0,592.0,0,44.46738726020324,0,0.0170413708686828,83677421.75985935,0,83677421.75985935,0,0,0
9.5,0,562.78,0,574.056760664602,0,579.68,0,17.077266731939922,0,0.0035274481773376,83663591.74870169,0,83663591.74870169,0,0,0
9.5,0,554.0,0,554.0,0,554.0,0,0.0,0,0.4233183813095093,83759029.17355484,0,83759029.17355484,0,0,0
9.5,0,583.04,0,585.6220987703387,0,592.0,0,19.384215162915904,0,0.0,83698472.27553457,0,83698472.27553457,0,0,0
9.5,0,592.0,0,592.0,0,592.0,0,0.0,0,0.0,83676904.85887942,0,83676904.85887942,0,0,0
9.5,0,578.0,0,578.0,0,578.0,0,0.0,0,0.0,83646616.492539,0,83646616.492539,0,0,0
9.5,0,544.5,0,541.9365684952303,0,554.0,0,38.13033826733496,0,3.354983789920807,83707338.69087009,0,83707338.69087009,0,0,0
9.5,0,578.0,0,578.0,0,578.0,0,0.0,0,0.0,83650911.71222089,0,83650911.71222089,0,0,0
9.5,0,592.0,0,592.0,0,592.0,0,0.0,0,0.0,83702390.50326477,0,83702390.50326477,0,0,0
9.5,0,578.0,0,578.0,0,578.0,0,0.0,0,0.0,83586115.93522158,0,83586115.93522158,0,0,0
9.5,0,559.73,0,698.784604759061,0,1492.0,0,314.8135893010929,0,2.2864210414886474,83784704.53489739,0,83784704.53489739,0,0,0
9.5,0,554.0,0,554.0,0,554.0,0,0.0,0,3.622794959545136,83789291.33974548,0,83789291.33974548,0,0,0
9.5,0,554.0,0,554.0,0,554.0,0,0.0,0,1.8779894590377808,83784874.4297815,0,83784874.4297815,0,0,0
9.5,0,554.0,0,554.0,0,554.0,0,0.0,0,1.337872111797333,83784942.61843953,0,83784942.61843953,0,0,0
9.5,0,586.66,0,591.7319473684211,0,592.0,0,1.1682919554907485,0,0.0,83677114.53927687,0,83677114.53927687,0,0,0
9.5,0,562.74,0,554.3590336245281,0,578.0,0,57.94801448311535,0,0.0049837279319763,83586834.09079859,0,83586834.09079859,0,0,0
9.5,0,578.0,0,578.0,0,578.0,0,0.0,0,0.0,83573763.70999071,0,83573763.70999071,0,0,0
9.5,0,571.12,0,580.6499352195792,0,592.0,0,34.149956465842095,0,0.0,83681001.93197122,0,83681001.93197122,0,0,0
9.5,0,533.18,0,548.632959592609,0,554.84,0,10.73882036998538,0,0.039382472038269,83758947.89153494,0,83758947.89153494,0,0,0
9.5,0,549.06,0,546.5188327603769,0,554.0,0,22.4896971177346,0,2.3487248063087462,83784646.44929655,0,83784646.44929655,0,0,0
9.5,0,549.44,0,552.421431372549,0,554.0,0,6.370788091578024,0,1.5238954401016236,83707339.37143494,0,83707339.37143494,0,0,0
9.5,0,573.51,0,575.7795648845909,0,578.0,0,8.625790111875936,0,0.0,83647298.71450251,0,83647298.71450251,0,0,0
9.5,0,592.0,0,592.0,0,592.0,0,0.0,0,0.0,83676883.269645,0,83676883.269645,0,0,0
9.5,0,554.0,0,554.0,0,554.0,0,0.0,0,2.323380014896393,83759031.63044348,0,83759031.63044348,0,0,0
9.5,0,578.0,0,578.0,0,578.0,0,0.0,0,0.0,83574029.45327878,0,83574029.45327878,0,0,0
9.5,0,549.2,0,548.4908496457103,0,554.0,0,18.14348289839005,0,0.1124281072616577,83763344.55447121,0,83763344.55447121,0,0,0
9.5,0,581.74,0,585.5874963125111,0,592.0,0,24.07570945874695,0,0.0,83677095.82487248,0,83677095.82487248,0,0,0
9.5,0,586.68,0,587.9101361351068,0,592.0,0,14.816075352270284,0,0.0,83681341.2049198,0,83681341.2049198,0,0,0
9.5,0,578.0,0,578.0,0,578.0,0,0.0,0,0.0,83651444.28354545,0,83651444.28354545,0,0,0
9.5,0,592.0,0,592.0,0,592.0,0,0.0,0,0.0,83676857.02397428,0,83676857.02397428,0,0,0
9.5,0,582.6,0,581.8841043657065,0,592.0,0,33.88283067289356,0,0.002684998512268,83681447.40932742,0,83681447.40932742,0,0,0
9.5,0,544.12,0,540.0256655207537,0,554.0,0,29.417783879737986,0,2.1357227325439454,83767430.9985174,0,83767430.9985174,0,0,0
9.5,0,592.0,0,592.0,0,592.0,0,0.0,0,0.0,83693945.58730045,0,83693945.58730045,0,0,0
9.5,0,87.26,0,84.79326918119719,0,118.12,0,14.248007157137891,0,13.277700662612917,83650941.73840736,0,83650941.73840736,0,0,0
9.5,0,536.56,0,511.6362775222713,0,540.02,0,35.22785488852802,0,3.62289603471756,83767540.27256426,0,83767540.27256426,0,0,0
9.5,0,557.55,0,561.6041462280839,0,578.0,0,41.805844418501735,0,0.0594080305099487,83573919.60461336,0,83573919.60461336,0,0,0
9.5,0,576.02,0,567.715120278844,0,592.0,0,58.11698616231138,0,0.0173377990722656,83702836.19863756,0,83702836.19863756,0,0,0
9.5,0,572.8,0,577.74,0,578.0,0,1.1333137253205752,0,0.0,83646515.41425474,0,83646515.41425474,0,0,0
9.5,0,578.0,0,578.0,0,578.0,0,0.0,0,0.0,83663581.3787874,0,83663581.3787874,0,0,0
9.5,0,592.0,0,592.0,0,592.0,0,0.0,0,0.0,83681517.18515204,0,83681517.18515204,0,0,0
9.5,0,521.37,0,526.0410333381359,0,554.0,0,49.91241717948183,0,2.299782998561859,83784661.01490216,0,83784661.01490216,0,0,0
9.5,0,554.0,0,554.0,0,554.0,0,0.0,0,3.0609773087501524,83789304.57045127,0,83789304.57045127,0,0,0
9.5,0,554.0,0,554.0,0,554.0,0,0.0,0,0.206134557723999,83784779.67595612,0,83784779.67595612,0,0,0
9.5,0,578.0,0,578.0,0,578.0,0,0.0,0,0.0,83573982.05163361,0,83573982.05163361,0,0,0
9.5,0,571.04,0,562.723186310078,0,592.0,0,61.51650885774552,0,0.0050004482269287,83694122.01067099,0,83694122.01067099,0,0,0
9.5,0,554.0,0,554.0,0,554.0,0,0.0,0,2.300162558555603,83784546.02143802,0,83784546.02143802,0,0,0
9.5,0,546.85,0,537.1061614514226,0,554.0,0,27.043548796836667,0,0.4426912879943848,83711509.4126367,0,83711509.4126367,0,0,0
9.5,0,587.23,0,590.6667341331269,0,592.0,0,5.4743325994328975,0,0.0002909398078918,83677356.59058182,0,83677356.59058182,0,0,0
9.5,0,489.98,0,459.9860361539904,0,495.2,0,34.827790295582524,0,16.606314778327942,83789156.56909654,0,83789156.56909654,0,0,0
9.5,0,582.71,0,589.0580125988993,0,592.0,0,8.65810015007762,0,0.0012956595420837,83677053.27811085,0,83677053.27811085,0,0,0
9.5,0,523.4,0,512.8561109358477,0,553.84,0,55.01253580885077,0,2.9474346613883973,83711443.04761687,0,83711443.04761687,0,0,0
9.5,0,549.06,0,547.5068327603769,0,554.0,0,20.5136971177346,0,3.3606189465522767,83763025.15318348,0,83763025.15318348,0,0,0
9.5,0,554.0,0,554.0,0,554.0,0,0.0,0,1.3802766823768615,83767447.73925698,0,83767447.73925698,0,0,0
9.5,0,592.0,0,592.0,0,592.0,0,0.0,0,0.0,83698464.18119667,0,83698464.18119667,0,0,0
9.5,0,581.5,0,580.8201597849175,0,592.0,0,29.140252835813627,0,0.0531825804710388,83681361.88928436,0,83681361.88928436,0,0,0
9.5,0,570.88,0,576.3647314610055,0,578.0,0,6.5514738668372505,0,0.5772760796546936,83646695.65512402,0,83646695.65512402,0,0,0
9.5,0,554.0,0,554.0,0,554.0,0,0.0,0,0.3653825855255126,83789012.25668937,0,83789012.25668937,0,0,0
9.5,0,548.79,0,553.5965015898274,0,578.0,0,53.656384941234855,0,0.1356123495101928,83586809.53741707,0,83586809.53741707,0,0,0
9.5,0,578.0,0,578.0,0,578.0,0,0.0,0,0.0,83651073.32105142,0,83651073.32105142,0,0,0
9.5,0,572.82,0,576.5521347609218,0,578.0,0,5.944872718042434,0,0.0,83650909.1515352,0,83650909.1515352,0,0,0
9.5,0,578.0,0,578.0,0,578.0,0,0.0,0,0.0,83646614.67563596,0,83646614.67563596,0,0,0
9.5,0,545.05,0,542.1180634018974,0,554.0,0,37.22209222449381,0,1.3868359804153445,83707362.2880083,0,83707362.2880083,0,0,0
9.5,0,537.79,0,558.4342686448829,0,578.0,0,46.91294170528536,0,0.0199594187736511,83585884.64416568,0,83585884.64416568,0,0,0
9.5,0,524.64,0,535.7514295072832,0,554.0,0,52.586722337775925,0,0.5065261435508728,83763124.48153587,0,83763124.48153587,0,0,0
9.5,0,1253.2,0,1389.286772726585,0,2983.64,0,1074.682980508012,0,0.0693658328056335,83651188.58852902,0,83651188.58852902,0,0,0
9.5,0,578.0,0,578.0,0,578.0,0,0.0,0,0.0,83663598.00265104,0,83663598.00265104,0,0,0
9.5,0,578.79,0,577.4042678592907,0,592.0,0,40.19462060847042,0,0.0016821503639221,83698667.31091936,0,83698667.31091936,0,0,0
9.5,0,554.0,0,554.0,0,554.0,0,0.0,0,1.289638421535492,83784681.34750704,0,83784681.34750704,0,0,0
9.5,0,578.0,0,578.0,0,578.0,0,0.0,0,0.0,83647076.0058494,0,83647076.0058494,0,0,0
9.5,0,592.0,0,592.0,0,592.0,0,0.0,0,0.0,83698675.95736852,0,83698675.95736852,0,0,0
9.5,0,574.4,0,576.9937616099071,0,578.0,0,4.131571773156903,0,0.1818493795394897,83581520.96909784,0,83581520.96909784,0,0,0
9.5,0,578.0,0,578.0,0,578.0,0,0.0,0,0.0,83573987.07365893,0,83573987.07365893,0,0,0
9.5,0,571.09,0,565.2512856358038,0,578.0,0,27.094594441271944,0,0.0365267515182495,83647090.94533452,0,83647090.94533452,0,0,0
9.5,0,540.95,0,529.9633308076083,0,550.64,0,46.50247282581868,0,1.8120315718650817,83767424.53902268,0,83767424.53902268,0,0,0
9.5,0,592.0,0,592.0,0,592.0,0,0.0,0,0.0,83702638.06226951,0,83702638.06226951,0,0,0
9.5,0,592.0,0,592.0,0,592.0,0,0.0,0,0.0,83698592.77036822,0,83698592.77036822,0,0,0
9.5,0,554.0,0,554.0,0,554.0,0,0.0,0,2.8423461294174195,83784872.72837587,0,83784872.72837587,0,0,0
9.5,0,582.47,0,568.285374400754,0,587.1,0,48.41563903325535,0,0.0010245013236999,83698530.57511443,0,83698530.57511443,0,0,0
9.5,0,554.0,0,554.0,0,554.0,0,0.0,0,1.1584474754333496,83763049.98635818,0,83763049.98635818,0,0,0
9.5,0,592.0,0,592.0,0,592.0,0,0.0,0,0.0,83698679.94550577,0,83698679.94550577,0,0,0
9.5,0,592.0,0,592.0,0,592.0,0,0.0,0,0.0,83681066.85088064,0,83681066.85088064,0,0,0
9.5,0,578.0,0,578.0,0,578.0,0,0.0,0,0.0,83574166.33575165,0,83574166.33575165,0,0,0
9.5,0,587.06,0,589.9370268440709,0,592.0,0,8.173931620694676,0,0.0,83677456.70892273,0,83677456.70892273,0,0,0
9.5,0,572.95,0,559.8314147314244,0,572.95,0,30.08278682162728,0,5.2881240844726565e-05,83647036.47286534,0,83647036.47286534,0,0,0
9.5,0,586.98,0,586.2383469211387,0,592.0,0,18.9750591978996,0,0.0021143794059753,83702754.3684108,0,83702754.3684108,0,0,0
9.5,0,554.0,0,554.0,0,554.0,0,0.0,0,1.0781580328941345,83784814.5051356,0,83784814.5051356,0,0,0
9.5,0,572.92,0,573.5301968274244,0,578.0,0,15.7441709525551,0,0.0,83581974.44470656,0,83581974.44470656,0,0,0
9.5,0,554.0,0,554.0,0,554.0,0,0.0,0,0.7840136742591858,83707323.56410126,0,83707323.56410126,0,0,0
9.5,0,554.0,0,554.0,0,554.0,0,0.0,0,0.6997371530532837,83789103.56683163,0,83789103.56683163,0,0,0
9.5,0,578.0,0,578.0,0,578.0,0,0.0,0,0.0,83651070.26291151,0,83651070.26291151,0,0,0
9.5,0,584.56,0,589.5710714920615,0,592.0,0,9.142176042644603,0,0.0,83677415.66696475,0,83677415.66696475,0,0,0
9.5,0,578.0,0,578.0,0,578.0,0,0.0,0,0.0,83647241.1207097,0,83647241.1207097,0,0,0
9.5,0,553.56,0,552.4169945508568,0,553.56,0,2.621074495349704,0,4.623091325759888,83759292.24138649,0,83759292.24138649,0,0,0
9.5,0,554.0,0,554.0,0,554.0,0,0.0,0,2.380437316894531,83759208.65017454,0,83759208.65017454,0,0,0
9.5,0,572.02,0,576.2742232419283,0,578.0,0,5.971415396773158,0,0.1376671481132507,83663574.3523153,0,83663574.3523153,0,0,0
9.5,0,592.0,0,592.0,0,592.0,0,0.0,0,0.0,83694058.80643591,0,83694058.80643591,0,0,0
9.5,0,592.0,0,592.0,0,592.0,0,0.0,0,0.0,83693891.36047855,0,83693891.36047855,0,0,0
9.5,0,94.15,0,101.07792077160885,0,317.85,0,89.60870862981312,0,5.918504810333252,83767581.11608233,0,83767581.11608233,0,0,0
9.5,0,556.57,0,575.4299869724788,0,592.16,0,37.0418772405669,0,0.0807328128814697,83698402.91314581,0,83698402.91314581,0,0,0
9.5,0,592.0,0,592.0,0,592.0,0,0.0,0,0.0,83677226.29482575,0,83677226.29482575,0,0,0
9.5,0,544.46,0,540.4725636708492,0,554.0,0,28.49423418389082,0,3.214043710231781,83789021.84208453,0,83789021.84208453,0,0,0
9.5,0,592.0,0,592.0,0,592.0,0,0.0,0,0.0,83677045.07907842,0,83677045.07907842,0,0,0
9.5,0,592.0,0,592.0,0,592.0,0,0.0,0,0.0,83677357.66537543,0,83677357.66537543,0,0,0
9.5,0,578.0,0,578.0,0,578.0,0,0.0,0,0.0,83586123.83993298,0,83586123.83993298,0,0,0
9.5,0,586.91,0,589.8743859587694,0,592.0,0,8.42212792496678,0,0.0,83681445.2342352,0,83681445.2342352,0,0,0
9.5,0,572.42,0,563.8069811783504,0,586.68,0,59.62609793759215,0,0.0,83676993.71143216,0,83676993.71143216,0,0,0
9.5,0,586.81,0,589.0008945993377,0,592.0,0,11.405008302148556,0,0.0,83693881.53845614,0,83693881.53845614,0,0,0
9.5,0,578.0,0,578.0,0,578.0,0,0.0,0,0.0,83646701.314318,0,83646701.314318,0,0,0
9.5,0,551.46,0,553.873,0,554.0,0,0.5535801658296655,0,3.894072916507721,83707276.03599483,0,83707276.03599483,0,0,0
9.5,0,568.11,0,558.1884320746763,0,572.96,0,32.44855081191649,0,0.0202090096473693,83646497.1373879,0,83646497.1373879,0,0,0
9.5,0,592.0,0,592.0,0,592.0,0,0.0,0,0.0,83677163.78855596,0,83677163.78855596,0,0,0
9.5,0,586.68,0,590.1583366013072,0,592.0,0,7.432586106841026,0,0.0,83676998.53229742,0,83676998.53229742,0,0,0
9.5,0,554.0,0,554.0,0,554.0,0,0.0,0,1.9617382216453552,83762940.13572654,0,83762940.13572654,0,0,0
9.5,0,554.0,0,554.0,0,554.0,0,0.0,0,3.5446173119544984,83789303.20636901,0,83789303.20636901,0,0,0
9.5,0,554.0,0,554.0,0,554.0,0,0.0,0,1.4172729277610778,83767474.66831006,0,83767474.66831006,0,0,0
9.5,0,554.0,0,554.0,0,554.0,0,0.0,0,2.134437026977539,83767521.28153645,0,83767521.28153645,0,0,0
9.5,0,554.0,0,554.0,0,554.0,0,0.0,0,0.1300199747085571,83759295.11742392,0,83759295.11742392,0,0,0
9.5,0,592.0,0,592.0,0,592.0,0,0.0,0,0.0,83698679.95053962,0,83698679.95053962,0,0,0
9.5,0,571.41,0,566.3680088521301,0,586.82,0,53.842629855284464,0,0.0,83676905.02041182,0,83676905.02041182,0,0,0
9.5,0,572.82,0,568.8603752426624,0,578.0,0,25.825319777555784,0,0.0,83647333.75316675,0,83647333.75316675,0,0,0
9.5,0,549.06,0,536.2271660937101,0,549.06,0,29.42751819778985,0,0.6200843596458435,83789346.21038227,0,83789346.21038227,0,0,0
9.5,0,530.64,0,528.122109023931,0,554.0,0,40.82087344238441,0,2.6395189595222472,83784938.10823391,0,83784938.10823391,0,0,0
9.5,0,549.12,0,541.3230304731388,0,554.0,0,29.070098948423983,0,1.708563687801361,83759242.44385456,0,83759242.44385456,0,0,0
9.5,0,578.0,0,578.0,0,578.0,0,0.0,0,0.0,83650859.25477056,0,83650859.25477056,0,0,0
9.5,0,576.32,0,575.7917973759986,0,578.0,0,6.976318048136461,0,0.0359343290328979,83647508.8903888,0,83647508.8903888,0,0,0
9.5,0,520.01,0,536.1002495498567,0,554.0,0,31.70111235046268,0,1.817729997634888,83789041.71210045,0,83789041.71210045,0,0,0
9.5,0,578.0,0,578.0,0,578.0,0,0.0,0,0.0,83663525.61544791,0,83663525.61544791,0,0,0
9.5,0,581.36,0,570.6383616253028,0,586.68,0,34.932597578997424,0,0.0,83698597.34327145,0,83698597.34327145,0,0,0
9.5,0,568.19,0,565.3009636459601,0,578.0,0,38.71976129654289,0,0.000242121219635,83581832.21015176,0,83581832.21015176,0,0,0
9.5,0,564.82,0,555.0782255999934,0,572.36,0,36.70200565019753,0,0.0544113802909851,83647437.86600368,0,83647437.86600368,0,0,0
9.5,0,549.56,0,553.0364726522188,0,554.0,0,4.020852308320957,0,3.741578767299652,83711515.16240133,0,83711515.16240133,0,0,0
9.5,0,550.76,0,553.4874736842106,0,554.0,0,2.171782527057741,0,0.7339426732063293,83707356.0058276,0,83707356.0058276,0,0,0
9.5,0,586.68,0,591.734,0,592.0,0,1.159467118981819,0,0.0,83681141.99044673,0,83681141.99044673,0,0,0
9.5,0,586.68,0,590.1583366013072,0,592.0,0,7.432586106841026,0,0.0,83676891.92008351,0,83676891.92008351,0,0,0
9.5,0,554.0,0,554.0,0,554.0,0,0.0,0,4.018143594264984,83784646.11947325,0,83784646.11947325,0,0,0
9.5,0,574.52,0,577.0273028895768,0,578.0,0,3.9938527140516737,0,0.0,83573979.84425077,0,83573979.84425077,0,0,0
9.5,0,574.36,0,564.904227647997,0,574.36,0,21.68343446152937,0,0.1770669221878051,83581553.60025257,0,83581553.60025257,0,0,0
9.5,0,554.0,0,554.0,0,554.0,0,0.0,0,3.803522701263428,83784797.57949647,0,83784797.57949647,0,0,0
9.5,0,537.85,0,546.6448862942613,0,554.0,0,20.81245896873851,0,0.9504889631271364,83759125.45593198,0,83759125.45593198,0,0,0
9.5,0,592.0,0,592.0,0,592.0,0,0.0,0,0.0,100432609.89804314,0,100432609.89804314,0,0,0
9.5,0,537.94,0,540.0214251812,0,578.0,0,76.33252370577421,0,0.0896699380874633,83586762.04158482,0,83586762.04158482,0,0,0
9.5,0,554.0,0,554.0,0,554.0,0,0.0,0,4.107665078639984,83707340.49786742,0,83707340.49786742,0,0,0
9.5,0,573.43,0,566.1283297668534,0,578.0,0,27.22343282670033,0,0.0049324989318847,83647516.01353303,0,83647516.01353303,0,0,0
9.5,0,546.04,0,542.0073256624696,0,554.0,0,25.22964523989612,0,29.635294880867004,83789207.2178892,0,83789207.2178892,0,0,0
9.5,0,567.72,0,577.2102105263158,0,578.0,0,2.7123998622619707,0,0.0202015399932861,83650865.61522843,0,83650865.61522843,0,0,0
9.5,0,554.0,0,554.0,0,554.0,0,0.0,0,0.8073597812652588,83784939.02943262,0,83784939.02943262,0,0,0
9.5,0,554.0,0,554.0,0,554.0,0,0.0,0,0.8772848820686341,83789184.32821031,0,83789184.32821031,0,0,0
9.5,0,554.0,0,554.0,0,554.0,0,0.0,0,8.224284512996674,83767432.70731464,0,83767432.70731464,0,0,0
9.5,0,554.0,0,554.0,0,554.0,0,0.0,0,1.288754801750183,83763031.25005594,0,83763031.25005594,0,0,0
9.5,0,570.66,0,583.7891105639287,0,592.0,0,16.542050345993633,0,0.0326887917518615,83676846.60912205,0,83676846.60912205,0,0,0
9.5,0,586.81,0,586.7846597508528,0,592.0,0,17.80151920316358,0,0.0,83694031.84944445,0,83694031.84944445,0,0,0
9.5,0,544.12,0,540.8489988540871,0,554.0,0,41.16236493399436,0,2.9348491477966308,83784548.47932398,0,83784548.47932398,0,0,0
9.5,0,550.6,0,549.5310184990448,0,554.0,0,14.11873890694284,0,2.666115236282349,83759069.0111349,0,83759069.0111349,0,0,0
9.5,0,539.36,0,548.387854063635,0,554.0,0,21.37972577187093,0,3.634944415092469,83767498.11271363,0,83767498.11271363,0,0,0
9.5,0,546.1,0,539.2595926716043,0,578.0,0,63.35646105098717,0,0.3655803418159485,83586764.63007072,0,83586764.63007072,0,0,0
9.5,0,568.02,0,588.716036119711,0,592.0,0,9.894956762456632,0,0.0283112907409667,83676868.09709415,0,83676868.09709415,0,0,0
9.5,0,554.0,0,554.0,0,554.0,0,0.0,0,0.6313417506217956,83784930.09406376,0,83784930.09406376,0,0,0
9.5,0,576.97,0,564.9626396197971,0,592.0,0,59.46281516843223,0,0.0250022912025451,83694162.6663918,0,83694162.6663918,0,0,0
9.5,0,592.0,0,592.0,0,592.0,0,0.0,0,0.0,83677111.47489002,0,83677111.47489002,0,0,0
9.5,0,572.82,0,559.3637085759957,0,572.82,0,30.857195195253325,0,0.0,83574178.55405486,0,83574178.55405486,0,0,0
9.5,0,554.0,0,554.0,0,554.0,0,0.0,0,3.483985936641693,83759243.39775884,0,83759243.39775884,0,0,0
9.5,0,542.3,0,538.6163867928597,0,554.0,0,39.84482961656104,0,1.5528592920303346,83759323.29408623,0,83759323.29408623,0,0,0
9.5,0,586.68,0,589.7783366013072,0,592.0,0,8.802695591517342,0,0.0,83677634.5760467,0,83677634.5760467,0,0,0
9.5,0,592.0,0,592.0,0,592.0,0,0.0,0,0.0,83698589.19029856,0,83698589.19029856,0,0,0
9.5,0,581.48,0,584.8958716306912,0,592.0,0,24.41573189956528,0,0.0576516008377075,83702835.44469573,0,83702835.44469573,0,0,0
9.5,0,562.46,0,556.4352185795801,0,578.0,0,59.00808286396264,0,0.0,83650869.93786347,0,83650869.93786347,0,0,0
9.5,0,572.82,0,576.552134760922,0,578.0,0,5.944872718042434,0,0.0,83663874.6124835,0,83663874.6124835,0,0,0
9.5,0,554.76,0,567.6693278482784,0,578.0,0,28.28809158592726,0,0.0171434688568115,83573975.49639715,0,83573975.49639715,0,0,0
9.5,0,599.35,0,614.5604664461785,0,1018.6,0,166.57887038377584,0,0.0248604893684387,83681406.4198067,0,83681406.4198067,0,0,0
9.5,0,534.8,0,532.8538069204187,0,554.0,0,56.480235448578895,0,0.1862421822547912,83763127.52331787,0,83763127.52331787,0,0,0
9.5,0,542.58,0,536.4619797820858,0,554.0,0,44.32351816930377,0,2.624755432605744,83759194.76234385,0,83759194.76234385,0,0,0
9.5,0,554.0,0,554.0,0,554.0,0,0.0,0,0.34618088722229,83711515.95353234,0,83711515.95353234,0,0,0
9.5,0,532.82,0,547.2470370212864,0,554.0,0,11.64739692863846,0,0.0099891138076782,100510993.75231002,0,100510993.75231002,0,0,0
9.5,0,549.06,0,553.753,0,554.0,0,1.0766480390545463,0,2.22884266614914,83789048.90464118,0,83789048.90464118,0,0,0
9.5,0,587.54,0,621.1120697888713,0,788.03,0,101.86757215523365,0,0.0267625188827514,83650897.34747817,0,83650897.34747817,0,0,0
9.5,0,549.12,0,552.9409879600963,0,554.0,0,4.419315149686096,0,0.6191450595855713,83789053.05586821,0,83789053.05586821,0,0,0
9.5,0,573.43,0,573.4076869097105,0,578.0,0,15.674940801244231,0,0.0207495093345642,83651075.81396489,0,83651075.81396489,0,0,0
9.5,0,578.0,0,578.0,0,578.0,0,0.0,0,0.0,83663695.0472063,0,83663695.0472063,0,0,0
9.5,0,567.57,0,585.599771211202,0,802.24,0,141.1376587609479,0,0.1740305995941162,83663532.79276751,0,83663532.79276751,0,0,0
9.5,0,549.24,0,547.7434258986627,0,554.0,0,19.766234469719976,0,0.5275316047668457,83767466.95121473,0,83767466.95121473,0,0,0
9.5,0,544.44,0,552.2194957000344,0,554.0,0,5.481305962209781,0,1.062911765575409,83789005.62868254,0,83789005.62868254,0,0,0
9.5,0,592.0,0,592.0,0,592.0,0,0.0,0,0.0,83677002.35128933,0,83677002.35128933,0,0,0
9.5,0,592.0,0,592.0,0,592.0,0,0.0,0,0.0,83676914.31197321,0,83676914.31197321,0,0,0
9.5,0,584.7,0,586.174635423486,0,592.0,0,16.117738535674665,0,0.0022453999519348,83698651.20097789,0,83698651.20097789,0,0,0
9.5,0,554.0,0,554.0,0,554.0,0,0.0,0,4.4179475164413455,83763328.08884957,0,83763328.08884957,0,0,0
9.5,0,578.0,0,578.0,0,578.0,0,0.0,0,0.0,83647515.13088855,0,83647515.13088855,0,0,0
9.5,0,592.0,0,592.0,0,592.0,0,0.0,0,0.0,83681066.26605448,0,83681066.26605448,0,0,0
9.5,0,586.68,0,583.943358357329,0,592.0,0,24.219673819098794,0,0.0,83677349.72950584,0,83677349.72950584,0,0,0
9.5,0,572.82,0,577.741,0,578.0,0,1.1289548263770346,0,0.0,83573783.25710425,0,83573783.25710425,0,0,0
9.5,0,549.06,0,551.9370268440709,0,554.0,0,8.173931620694676,0,2.825155973434448,83707352.71290764,0,83707352.71290764,0,0,0
9.5,0,535.8,0,548.1100487738955,0,554.0,0,17.68156208142639,0,0.2794724130630493,83767589.01229168,0,83767589.01229168,0,0,0
9.5,0,578.0,0,578.0,0,578.0,0,0.0,0,0.0,83647030.0250085,0,83647030.0250085,0,0,0
9.5,0,573.2,0,576.9583488132095,0,578.0,0,4.34686736034698,0,0.0,83650849.51804844,0,83650849.51804844,0,0,0
9.5,0,577.69,0,572.5885732846874,0,586.81,0,33.510461424307586,0,0.0,83702747.25241564,0,83702747.25241564,0,0,0
9.5,0,549.05,0,575.7922315965768,0,592.0,0,25.515772354856743,0,0.0514273023605346,83694038.68981642,0,83694038.68981642,0,0,0
9.5,0,582.05,0,586.4858297668534,0,592.0,0,18.44665149198797,0,0.0348811602592468,83677348.85391098,0,83677348.85391098,0,0,0
9.5,0,592.0,0,592.0,0,592.0,0,0.0,0,0.0,83693745.035051,0,83693745.035051,0,0,0
9.5,0,544.1,0,546.997780128798,0,554.0,0,22.70225657194908,0,0.4035727262496948,83759165.9947293,0,83759165.9947293,0,0,0
9.5,0,549.06,0,546.5188327603769,0,554.0,0,22.4896971177346,0,0.5496667385101318,83789183.80092289,0,83789183.80092289,0,0,0
9.5,0,578.0,0,578.0,0,578.0,0,0.0,0,0.0,83586101.82132116,0,83586101.82132116,0,0,0
9.5,0,573.18,0,572.1120481012795,0,578.48,0,19.73239526056477,0,0.0,83663753.04257591,0,83663753.04257591,0,0,0
9.5,0,570.6,0,567.151371476219,0,586.68,0,52.93849441524002,0,0.0033945417404174,83681203.78424211,0,83681203.78424211,0,0,0
9.5,0,570.52,0,572.3557894318444,0,578.0,0,14.72908187716714,0,0.0,83650951.25795662,0,83650951.25795662,0,0,0
9.5,0,549.04,0,550.1868938402499,0,554.0,0,13.813483787079065,0,2.3243199157714844,83789010.4988187,0,83789010.4988187,0,0,0
9.5,0,592.0,0,592.0,0,592.0,0,0.0,0,0.0,83698657.7009762,0,83698657.7009762,0,0,0
9.5,0,542.14,0,548.3595108519792,0,554.0,0,13.130424501015842,0,11.761223258972167,83759148.43225735,0,83759148.43225735,0,0,0
9.5,0,578.46,0,560.8976050422744,0,583.64,0,47.09543484855586,0,0.0016280889511108,83677405.99066591,0,83677405.99066591,0,0,0
9.5,0,573.61,0,577.6342719751868,0,578.96,0,2.34659784795394,0,0.0006144714355468,83663887.71076238,0,83663887.71076238,0,0,0
9.5,0,553.82,0,565.8836867399887,0,578.0,0,28.611432377636515,0,0.0564555096626281,83663572.77712432,0,83663572.77712432,0,0,0
9.5,0,558.97,0,563.6832534465449,0,578.0,0,44.384058349041176,0,0.0491886591911315,83646762.86637332,0,83646762.86637332,0,0,0
9.5,0,550.79,0,549.7807557005688,0,554.0,0,13.329750556260738,0,1.5046321296691894,83767465.67109776,0,83767465.67109776,0,0,0
9.5,0,578.0,0,578.0,0,578.0,0,0.0,0,0.0,83581727.1702436,0,83581727.1702436,0,0,0
9.5,0,592.0,0,592.0,0,592.0,0,0.0,0,0.0,83702718.7201623,0,83702718.7201623,0,0,0
9.5,0,396.49,0,388.2163114534244,0,1549.91,0,478.719729221425,0,5.660662636756897,83663704.07137187,0,83663704.07137187,0,0,0
9.5,0,592.0,0,592.0,0,592.0,0,0.0,0,0.0,83681138.8082611,0,83681138.8082611,0,0,0
9.5,0,531.08,0,541.9724336963347,0,554.0,0,37.6671927499803,0,0.0343207216262817,83784774.22900689,0,83784774.22900689,0,0,0
9.5,0,548.29,0,549.5046292284856,0,578.0,0,62.88177295260288,0,0.2448263478279113,83573376.09099093,0,83573376.09099093,0,0,0
9.5,0,578.0,0,578.0,0,578.0,0,0.0,0,0.0,83650889.40386948,0,83650889.40386948,0,0,0
9.5,0,549.12,0,552.9409879600963,0,554.0,0,4.419315149686096,0,3.0210345339775087,83789245.87947913,0,83789245.87947913,0,0,0
9.5,0,592.0,0,592.0,0,592.0,0,0.0,0,0.0,83694023.19671237,0,83694023.19671237,0,0,0
9.5,0,592.0,0,592.0,0,592.0,0,0.0,0,0.0,83694170.41548628,0,83694170.41548628,0,0,0
9.5,0,563.2,0,564.1350772278977,0,578.0,0,33.82912306031414,0,0.3084080600738525,83647282.647475,0,83647282.647475,0,0,0
9.5,0,592.0,0,592.0,0,592.0,0,0.0,0,0.0,83693944.5394384,0,83693944.5394384,0,0,0
9.5,0,542.9,0,546.8670010611163,0,554.0,0,16.32608231584221,0,1.8334734010696407,83763053.77656196,0,83763053.77656196,0,0,0
9.5,0,549.06,0,553.493,0,554.0,0,2.1797346177055603,0,0.4991316914558411,83789048.81223276,0,83789048.81223276,0,0,0
9.5,0,578.0,0,578.0,0,578.0,0,0.0,0,0.0,83650848.2801691,0,83650848.2801691,0,0,0
9.5,0,554.0,0,554.0,0,554.0,0,0.0,0,10.87152687072754,83784568.35834932,0,83784568.35834932,0,0,0
9.5,0,592.0,0,592.0,0,592.0,0,0.0,0,0.0,83677004.86198069,0,83677004.86198069,0,0,0
9.5,0,489.23,0,497.0018016905266,0,554.0,0,36.90898364652912,0,3.674373102188112,83784798.36102113,0,83784798.36102113,0,0,0
9.5,0,544.85,0,552.7759210526316,0,554.0,0,5.150520872459074,0,2.496697199344635,83789114.4960855,0,83789114.4960855,0,0,0
9.5,0,533.37,0,542.2302787946487,0,554.0,0,34.640733833487886,0,0.9370752882957458,83789056.36151977,0,83789056.36151977,0,0,0
9.5,0,543.68,0,535.1247219363884,0,564.67,0,50.450572435623656,0,0.008281705379486,83586156.47929151,0,83586156.47929151,0,0,0
9.5,0,544.98,0,549.4375850402607,0,554.0,0,13.556985360780526,0,2.625489709377289,83767475.02844377,0,83767475.02844377,0,0,0
9.5,0,591.98,0,591.9280452068572,0,591.98,0,0.1191397497886228,0,0.0,83677055.90242264,0,83677055.90242264,0,0,0
9.5,0,554.0,0,554.0,0,554.0,0,0.0,0,1.910000166893005,83763065.90168452,0,83763065.90168452,0,0,0
9.5,0,567.62,0,568.1864912188774,0,578.0,0,32.937297251729525,0,0.0003871083259582,83573722.0140305,0,83573722.0140305,0,0,0
9.5,0,554.0,0,554.0,0,554.0,0,0.0,0,2.595237236022949,83789024.20086566,0,83789024.20086566,0,0,0
9.5,0,554.0,0,554.0,0,554.0,0,0.0,0,1.3313243460655213,83767537.51091686,0,83767537.51091686,0,0,0
9.5,0,592.0,0,592.0,0,592.0,0,0.0,0,0.0,83693758.04143152,0,83693758.04143152,0,0,0
9.5,0,576.55,0,573.3412788572366,0,592.0,0,49.1419563733159,0,0.0453271436691284,83677497.93294224,0,83677497.93294224,0,0,0
9.5,0,551.91,0,553.4158227124184,0,554.0,0,2.398606946082758,0,0.0135588884353637,83784602.27040878,0,83784602.27040878,0,0,0
9.5,0,578.0,0,578.0,0,578.0,0,0.0,0,0.0,83647257.73740712,0,83647257.73740712,0,0,0
9.5,0,554.0,0,554.0,0,554.0,0,0.0,0,3.108660659790039,83707238.355455,0,83707238.355455,0,0,0
9.5,0,569.34,0,564.9776301246912,0,578.0,0,35.15649509569409,0,0.0,83663873.23738189,0,83663873.23738189,0,0,0
9.5,0,582.32,0,589.4444949581722,0,592.0,0,10.046462681898168,0,0.0,83677487.27820711,0,83677487.27820711,0,0,0
9.5,0,574.52,0,572.7298659931399,0,578.0,0,15.842944528282668,0,0.0,83650919.97408873,0,83650919.97408873,0,0,0
9.5,0,592.0,0,592.0,0,592.0,0,0.0,0,0.0,83677321.19569759,0,83677321.19569759,0,0,0
9.5,0,558.26,0,557.1554048697691,0,572.88,0,33.64401476368516,0,0.0001068520545959,83663646.55969648,0,83663646.55969648,0,0,0
9.5,0,642.72,0,600.8647423150894,0,859.26,0,103.29436977495509,0,0.3887801241874695,83677206.44761965,0,83677206.44761965,0,0,0
9.5,0,586.91,0,588.0869535578371,0,592.0,0,14.175530741175898,0,0.0,83677276.30468191,0,83677276.30468191,0,0,0
9.5,0,578.0,0,578.0,0,578.0,0,0.0,0,0.0,83650913.08002809,0,83650913.08002809,0,0,0
9.5,0,573.7,0,577.3266902714589,0,592.0,0,41.84098329470112,0,0.0110850811004638,83681193.41927509,0,83681193.41927509,0,0,0
9.5,0,554.0,0,554.0,0,554.0,0,0.0,0,3.062503471374512,83789356.98962091,0,83789356.98962091,0,0,0
9.5,0,554.0,0,554.0,0,554.0,0,0.0,0,0.1805738377571105,83767567.16405009,0,83767567.16405009,0,0,0
9.5,0,540.92,0,549.8650340703329,0,578.0,0,50.0684775810188,0,0.0194350695610046,83650794.31184542,0,83650794.31184542,0,0,0
9.5,0,554.0,0,554.0,0,554.0,0,0.0,0,1.2327725219726562,83767518.96288921,0,83767518.96288921,0,0,0
9.5,0,572.82,0,575.8368014275886,0,578.0,0,8.571045707530043,0,0.0,83646488.47833815,0,83646488.47833815,0,0,0
9.5,0,554.0,0,554.0,0,554.0,0,0.0,0,1.978840458393097,83784708.25563814,0,83784708.25563814,0,0,0
9.5,0,554.0,0,554.0,0,554.0,0,0.0,0,1.408678810596466,83711551.82152113,0,83711551.82152113,0,0,0
9.5,0,554.0,0,554.0,0,554.0,0,0.0,0,0.5499194574356079,83767507.96962845,0,83767507.96962845,0,0,0
9.5,0,592.0,0,592.0,0,592.0,0,0.0,0,0.0,83693897.14322023,0,83693897.14322023,0,0,0
9.5,0,592.0,0,592.0,0,592.0,0,0.0,0,0.0,83693757.31781134,0,83693757.31781134,0,0,0
9.5,0,554.0,0,554.0,0,554.0,0,0.0,0,2.3680834007263183,83707181.70366281,0,83707181.70366281,0,0,0
9.5,0,581.97,0,579.2095297969574,0,592.0,0,35.61152693310098,0,0.0008416414260864,83693850.85754317,0,83693850.85754317,0,0,0
9.5,0,549.44,0,551.7449478560656,0,554.0,0,8.760267908720328,0,1.3997818899154664,83789312.54635645,0,83789312.54635645,0,0,0
9.5,0,554.0,0,554.0,0,554.0,0,0.0,0,0.6700442242622375,83767588.7476757,0,83767588.7476757,0,0,0
9.5,0,592.0,0,592.0,0,592.0,0,0.0,0,0.0,83681065.97115462,0,83681065.97115462,0,0,0
9.5,0,545.5,0,546.050621904798,0,554.0,0,24.60421799326582,0,0.2900129747390747,83763053.52191894,0,83763053.52191894,0,0,0
9.5,0,592.0,0,592.0,0,592.0,0,0.0,0,0.0,83702415.20705071,0,83702415.20705071,0,0,0
9.5,0,567.58,0,574.0185465010566,0,578.0,0,11.32166030187546,0,0.0,83647393.62175961,0,83647393.62175961,0,0,0
9.5,0,578.0,0,578.0,0,578.0,0,0.0,0,0.0,83581716.10789546,0,83581716.10789546,0,0,0
9.5,0,554.0,0,554.0,0,554.0,0,0.0,0,3.3117275500297545,83707240.56166266,0,83707240.56166266,0,0,0
9.5,0,549.04,0,548.3072113005674,0,554.0,0,18.748265661669723,0,0.244009256362915,83763032.53713007,0,83763032.53713007,0,0,0
9.5,0,554.0,0,554.0,0,554.0,0,0.0,0,0.7164454317092895,83707379.67823392,0,83707379.67823392,0,0,0
9.5,0,554.0,0,554.0,0,554.0,0,0.0,0,0.7379670739173889,83784683.45345472,0,83784683.45345472,0,0,0
9.5,0,592.0,0,592.0,0,592.0,0,0.0,0,0.0,83677090.6822936,0,83677090.6822936,0,0,0
9.5,0,548.52,0,547.7773240009903,0,572.72,0,62.331702500089385,0,0.0012351822853088,83581714.34697996,0,83581714.34697996,0,0,0
9.5,0,554.0,0,554.0,0,554.0,0,0.0,0,3.885223064422608,83784853.92901963,0,83784853.92901963,0,0,0
9.5,0,578.0,0,578.0,0,578.0,0,0.0,0,0.0,83574024.111057,0,83574024.111057,0,0,0
9.5,0,549.06,0,547.5068327603769,0,554.0,0,20.5136971177346,0,2.964261734485626,83762980.99839135,0,83762980.99839135,0,0,0
9.5,0,578.0,0,578.0,0,578.0,0,0.0,0,0.0,83586128.30966674,0,83586128.30966674,0,0,0
9.5,0,586.68,0,590.8455032679739,0,592.0,0,4.817777991051235,0,0.0,83698662.97003673,0,83698662.97003673,0,0,0
9.5,0,586.98,0,587.5829897782817,0,592.0,0,15.55821617752492,0,0.0150005483627319,83694086.10022306,0,83694086.10022306,0,0,0
9.5,0,572.76,0,577.4622105263157,0,578.0,0,2.3121071653395013,0,0.0,83573905.7987243,0,83573905.7987243,0,0,0
9.5,0,577.15,0,555.1724946628449,0,581.64,0,51.8307388701454,0,0.0006088614463806,83677406.51051825,0,83677406.51051825,0,0,0
9.5,0,592.0,0,592.0,0,592.0,0,0.0,0,0.0,83698664.53686735,0,83698664.53686735,0,0,0
9.5,0,586.66,0,572.7880702308528,0,586.66,0,31.810313193562315,0,0.0309054589271545,83694167.80689922,0,83694167.80689922,0,0,0
9.5,0,571.92,0,571.890410532536,0,592.0,0,49.12946128063828,0,0.1153402614593505,83702415.14671314,0,83702415.14671314,0,0,0
9.5,0,587.01,0,589.5323003951244,0,592.0,0,9.586345803621589,0,0.0005210614204406,83702694.69369052,0,83702694.69369052,0,0,0
9.5,0,567.64,0,567.7362600035843,0,578.0,0,30.516314137263567,0,0.0,83586766.54821764,0,83586766.54821764,0,0,0
9.5,0,578.0,0,578.0,0,578.0,0,0.0,0,0.0,83647400.95548645,0,83647400.95548645,0,0,0
9.5,0,578.0,0,578.0,0,578.0,0,0.0,0,0.0,83647245.89777878,0,83647245.89777878,0,0,0
9.5,0,553.08,0,564.3455053908081,0,765.2,0,87.09831456457997,0,0.0210511422157287,83651074.51635444,0,83651074.51635444,0,0,0
9.5,0,588.36,0,586.4825609813303,0,592.0,0,16.478519524014658,0,0.0,83677442.46088178,0,83677442.46088178,0,0,0
9.5,0,592.0,0,592.0,0,592.0,0,0.0,0,0.0,83676996.76372856,0,83676996.76372856,0,0,0
9.5,0,572.0,0,586.9725416236671,0,592.0,0,10.999194730229725,0,0.0,83693845.42209372,0,83693845.42209372,0,0,0
9.5,0,491.92,0,518.0959972899477,0,578.0,0,85.44421082673209,0,0.0,83651099.39599055,0,83651099.39599055,0,0,0
9.5,0,581.21,0,570.7077224327529,0,591.82,0,54.016880864843614,0,0.0,83677271.49379358,0,83677271.49379358,0,0,0
9.5,0,567.97,0,559.3833140959916,0,578.0,0,36.83914566471217,0,0.0002171087265014,83573857.85794029,0,83573857.85794029,0,0,0
9.5,0,554.0,0,554.0,0,554.0,0,0.0,0,2.124518113136292,83763395.72892864,0,83763395.72892864,0,0,0
9.5,0,565.12,0,570.7229537806535,0,1076.16,0,166.21890002332464,0,0.2142285704612732,83663617.51430878,0,83663617.51430878,0,0,0
9.5,0,592.0,0,592.0,0,592.0,0,0.0,0,0.0,83676868.1713465,0,83676868.1713465,0,0,0
9.5,0,592.0,0,592.0,0,592.0,0,0.0,0,0.0,83681268.64292586,0,83681268.64292586,0,0,0
9.5,0,549.09,0,552.3002693068456,0,554.0,0,6.859774019659669,0,12.450146503448488,83763051.31712928,0,83763051.31712928,0,0,0
9.5,0,554.0,0,554.0,0,554.0,0,0.0,0,0.1410036206245422,83707377.47001733,0,83707377.47001733,0,0,0
9.5,0,586.54,0,587.8025081386621,0,592.0,0,15.205972072066874,0,0.0,83676905.26824966,0,83676905.26824966,0,0,0
9.5,0,592.0,0,592.0,0,592.0,0,0.0,0,0.0,83693789.61786182,0,83693789.61786182,0,0,0
9.5,0,592.0,0,592.0,0,592.0,0,0.0,0,0.0,83677351.1277527,0,83677351.1277527,0,0,0
9.5,0,592.0,0,592.0,0,592.0,0,0.0,0,0.0,83702739.242908,0,83702739.242908,0,0,0
9.5,0,578.0,0,578.0,0,578.0,0,0.0,0,0.0,83646560.60448107,0,83646560.60448107,0,0,0
9.5,0,554.0,0,554.0,0,554.0,0,0.0,0,1.687873628139496,83707182.38057351,0,83707182.38057351,0,0,0
9.5,0,554.0,0,554.0,0,554.0,0,0.0,0,2.4156523823738096,83784605.07659744,0,83784605.07659744,0,0,0
9.5,0,575.94,0,572.6486563062839,0,578.0,0,12.271394228228155,0,0.0190831899642944,83650901.00676605,0,83650901.00676605,0,0,0
9.5,0,549.92,0,568.2902148153703,0,592.0,0,56.4812403122374,0,0.2623987507820129,83676958.38958752,0,83676958.38958752,0,0,0
9.5,0,554.0,0,554.0,0,554.0,0,0.0,0,4.040742745399475,83767420.31716526,0,83767420.31716526,0,0,0
9.5,0,549.06,0,549.0358803794246,0,554.0,0,16.944027912067067,0,1.89186621427536,83784876.55267479,0,83784876.55267479,0,0,0
9.5,0,554.0,0,554.0,0,554.0,0,0.0,0,0.4690746569633484,83767467.93925233,0,83767467.93925233,0,0,0
9.5,0,578.0,0,578.0,0,578.0,0,0.0,0,0.0,83646713.91139735,0,83646713.91139735,0,0,0
9.5,0,573.2,0,576.6583488132095,0,578.0,0,5.508762364209206,0,0.0008572793006896,83650791.73868941,0,83650791.73868941,0,0,0
9.5,0,536.96,0,547.2887523236138,0,554.0,0,22.904512561752423,0,0.3922102475166321,83767508.76842651,0,83767508.76842651,0,0,0
9.5,0,592.0,0,592.0,0,592.0,0,0.0,0,0.0,83681438.42680429,0,83681438.42680429,0,0,0
9.5,0,554.0,0,554.0,0,554.0,0,0.0,0,1.802562687397003,83784850.92282875,0,83784850.92282875,0,0,0
9.5,0,550.76,0,549.7413235108545,0,554.0,0,13.454327664263174,0,0.0255578422546386,83707203.97681692,0,83707203.97681692,0,0,0
9.5,0,586.62,0,589.3394340933405,0,592.0,0,10.335579243183192,0,0.0009343719482421,83677640.29903543,0,83677640.29903543,0,0,0
9.5,0,535.21,0,550.7975390928301,0,554.0,0,7.872057172122678,0,1.159148108959198,83784897.15015675,0,83784897.15015675,0,0,0
9.5,0,550.11,0,533.4115488987707,0,572.76,0,93.67929235788964,0,0.000178620815277,83574131.1778186,0,83574131.1778186,0,0,0
9.5,0,592.0,0,592.0,0,592.0,0,0.0,0,0.0,83677402.36835262,0,83677402.36835262,0,0,0
9.5,0,554.0,0,554.0,0,554.0,0,0.0,0,1.198612732887268,83767542.0464366,0,83767542.0464366,0,0,0
9.5,0,586.62,0,589.7532802471865,0,592.0,0,8.901974113226185,0,0.0722835206985473,83676937.66565752,0,83676937.66565752,0,0,0
9.5,0,592.0,0,592.0,0,592.0,0,0.0,0,0.0,83677414.15055624,0,83677414.15055624,0,0,0
9.5,0,592.0,0,592.0,0,592.0,0,0.0,0,0.0,83702646.15200782,0,83702646.15200782,0,0,0
9.5,0,501.1,0,518.5702314643561,0,549.21,0,53.2020744635021,0,1.913315498828888,83707176.7930228,0,83707176.7930228,0,0,0
9.5,0,549.06,0,545.2838327603769,0,554.0,0,24.62877986508216,0,0.5637026500701904,83763328.90390006,0,83763328.90390006,0,0,0
9.5,0,581.82,0,582.406546004563,0,592.0,0,23.05548442200682,0,0.0,83698594.36912565,0,83698594.36912565,0,0,0
9.5,0,545.84,0,551.5657510518377,0,554.0,0,9.501549951973336,0,0.6377734971046448,83789051.08535771,0,83789051.08535771,0,0,0
9.5,0,540.01,0,567.0070715258255,0,592.0,0,48.052165715650354,0,0.0433707761764526,83702750.39909106,0,83702750.39909106,0,0,0
9.5,0,592.0,0,592.0,0,592.0,0,0.0,0,0.0,83677441.77209902,0,83677441.77209902,0,0,0
9.5,0,586.74,0,591.1679356725145,0,592.0,0,3.525795090223369,0,0.0254246401786804,83677449.49890116,0,83677449.49890116,0,0,0
9.5,0,554.0,0,554.0,0,554.0,0,0.0,0,0.2281606864929199,83784641.26226018,0,83784641.26226018,0,0,0
9.5,0,229.93,0,153.53209721341608,0,472.21,0,136.02665225633916,0,0.5558215713500977,83677502.96290103,0,83677502.96290103,0,0,0
9.5,0,576.65,0,550.0746962628446,0,577.87,0,38.07919893981352,0,0.0054325819015502,83694132.64628524,0,83694132.64628524,0,0,0
9.5,0,554.0,0,554.0,0,554.0,0,0.0,0,0.4067992615699768,83784817.94572443,0,83784817.94572443,0,0,0
9.5,0,554.0,0,554.0,0,554.0,0,0.0,0,0.8522187447547913,83707268.3821271,0,83707268.3821271,0,0,0
9.5,0,578.12,0,578.4317287588572,0,580.4,0,0.7148384987317374,0,0.0,83646698.58230567,0,83646698.58230567,0,0,0
9.5,0,563.79,0,556.9494717744416,0,589.56,0,57.222204064568494,0,0.0013427114486694,83677463.81491391,0,83677463.81491391,0,0,0
9.5,0,592.0,0,592.0,0,592.0,0,0.0,0,0.0,83677484.1713064,0,83677484.1713064,0,0,0
9.5,0,549.4,0,551.4263990201405,0,557.36,0,11.591573249656236,0,1.048564817905426,83767506.06516238,0,83767506.06516238,0,0,0
9.5,0,539.82,0,542.5104957307054,0,634.24,0,47.48171385749116,0,8.645899243354798,83788974.87640096,0,83788974.87640096,0,0,0
9.5,0,554.0,0,554.0,0,554.0,0,0.0,0,4.557953469753265,83789057.06808381,0,83789057.06808381,0,0,0
9.5,0,578.0,0,578.0,0,578.0,0,0.0,0,0.0,83647397.62863646,0,83647397.62863646,0,0,0
9.5,0,578.0,0,578.0,0,578.0,0,0.0,0,0.0,83663871.62060662,0,83663871.62060662,0,0,0
9.5,0,592.0,0,592.0,0,592.0,0,0.0,0,0.0,83702699.82895991,0,83702699.82895991,0,0,0
9.5,0,563.64,0,565.3376042665624,0,578.0,0,33.54942524002544,0,0.0412254810333252,83586068.44643818,0,83586068.44643818,0,0,0
9.5,0,586.68,0,589.3691058320763,0,592.0,0,10.220312560173715,0,0.0,83681538.02853657,0,83681538.02853657,0,0,0
9.5,0,567.64,0,570.5535282631025,0,578.0,0,19.078489576899884,0,0.0,83647094.71048115,0,83647094.71048115,0,0,0
9.5,0,545.66,0,535.2768298364003,0,549.06,0,33.32955820577137,0,1.0216633129119872,83707225.61059901,0,83707225.61059901,0,0,0
9.5,0,524.66,0,538.0782152853167,0,554.0,0,34.647885658598405,0,0.7491135978698731,83763129.79113893,0,83763129.79113893,0,0,0
9.5,0,571.12,0,576.6503253294693,0,592.0,0,49.91079683640892,0,0.0,83698549.30005229,0,83698549.30005229,0,0,0
9.5,0,624.37,0,616.8415744044828,0,1021.26,0,143.29865804469483,0,0.0384355926513671,83698523.07636474,0,83698523.07636474,0,0,0
9.5,0,578.0,0,578.0,0,578.0,0,0.0,0,0.0,83581793.63611317,0,83581793.63611317,0,0,0
9.5,0,565.38,0,550.2561703268352,0,592.0,0,45.44696528328429,0,0.0,83693933.46327569,0,83693933.46327569,0,0,0
9.5,0,586.68,0,572.8600250239956,0,586.68,0,31.691173443773685,0,0.0,83681051.14227307,0,83681051.14227307,0,0,0
9.5,0,592.0,0,592.0,0,592.0,0,0.0,0,0.0,83698673.92071678,0,83698673.92071678,0,0,0
9.5,0,586.68,0,590.5130032679739,0,592.0,0,6.105544953665202,0,0.0,83698597.05856216,0,83698597.05856216,0,0,0
9.5,0,554.0,0,554.0,0,554.0,0,0.0,0,13.081371245384217,83784563.62736091,0,83784563.62736091,0,0,0
9.5,0,578.0,0,578.0,0,578.0,0,0.0,0,0.0,83646511.19700399,0,83646511.19700399,0,0,0
9.5,0,572.96,0,567.4273921279959,0,578.0,0,27.50321694673297,0,0.0,83581512.08415255,0,83581512.08415255,0,0,0
9.5,0,578.0,0,578.0,0,578.0,0,0.0,0,0.0,83647091.07757297,0,83647091.07757297,0,0,0
9.5,0,554.0,0,554.0,0,554.0,0,0.0,0,1.9535034275054928,83767462.09717426,0,83767462.09717426,0,0,0
9.5,0,581.64,0,571.994083818658,0,592.0,0,36.34453474608787,0,1.055002212524414e-05,83698672.58900577,0,83698672.58900577,0,0,0
9.5,0,586.68,0,587.3190250239957,0,592.0,0,16.487990052675812,0,0.0,83693934.5659809,0,83693934.5659809,0,0,0
9.5,0,573.05,0,575.1395815542816,0,578.0,0,10.877609074303535,0,0.0005059003829956,83647404.9173842,0,83647404.9173842,0,0,0
9.5,0,516.83,0,500.7670412571175,0,541.1,0,28.52638653307316,0,0.0039963221549987,83677271.9259446,0,83677271.9259446,0,0,0
9.5,0,592.0,0,592.0,0,592.0,0,0.0,0,0.0,83698590.33462287,0,83698590.33462287,0,0,0
9.5,0,530.74,0,526.9596539964164,0,555.96,0,47.21082752941536,0,3.397548849582672,83789119.13460778,0,83789119.13460778,0,0,0
9.5,0,572.92,0,572.1694825417102,0,578.0,0,19.20185273412948,0,0.0,83647092.28747636,0,83647092.28747636,0,0,0
9.5,0,557.8,0,562.4300493963381,0,578.0,0,44.28012714479912,0,0.0,83647299.28145976,0,83647299.28145976,0,0,0
9.5,0,554.0,0,554.0,0,554.0,0,0.0,0,3.659999554157257,83711492.28230433,0,83711492.28230433,0,0,0
9.5,0,558.2,0,575.0173030615755,0,578.0,0,10.353203113736477,0,0.0941844797134399,83647509.85556668,0,83647509.85556668,0,0,0
9.5,0,551.85,0,550.7440264038078,0,554.0,0,9.788026073507972,0,3.725854449272156,83789160.99808136,0,83789160.99808136,0,0,0
9.5,0,578.0,0,578.0,0,578.0,0,0.0,0,0.0,83574176.0973638,0,83574176.0973638,0,0,0
9.5,0,549.04,0,548.3072113005674,0,554.0,0,18.748265661669723,0,1.26284113407135,83789344.4782497,0,83789344.4782497,0,0,0
9.5,0,557.24,0,556.8231390034114,0,578.0,0,50.18799615903211,0,0.0010246491432189,83581524.76140612,0,83581524.76140612,0,0,0
9.5,0,515.33,0,519.9043883384848,0,554.0,0,54.00494569018665,0,1.0111907362937926,83707229.85911311,0,83707229.85911311,0,0,0
9.5,0,588.59,0,583.12170776914,0,591.98,0,20.313327338960203,0,0.0,83677447.81898528,0,83677447.81898528,0,0,0
9.5,0,592.0,0,592.0,0,592.0,0,0.0,0,0.0,83677365.2981106,0,83677365.2981106,0,0,0
9.5,0,587.06,0,590.2898839869281,0,592.0,0,6.901687099209524,0,0.0,83698587.34379229,0,83698587.34379229,0,0,0
9.5,0,592.0,0,592.0,0,592.0,0,0.0,0,0.0,83698528.64271115,0,83698528.64271115,0,0,0
9.5,0,545.76,0,551.5619035579143,0,554.0,0,9.88902700597225,0,3.8091676449775695,83759243.09345414,0,83759243.09345414,0,0,0
9.5,0,578.0,0,578.0,0,578.0,0,0.0,0,0.0,83650909.42064506,0,83650909.42064506,0,0,0
9.5,0,587.35,0,583.7955105942818,0,592.0,0,23.182960804176528,0,0.000735261440277,83698529.7088717,0,83698529.7088717,0,0,0
9.5,0,568.25,0,567.3750029893138,0,578.0,0,26.82880088301933,0,0.0003673911094665,83647256.97428885,0,83647256.97428885,0,0,0
9.5,0,572.82,0,572.7947085759956,0,578.0,0,17.767219551519716,0,0.0,83646576.02274236,0,83646576.02274236,0,0,0
9.5,0,579.28,0,572.3187515611323,0,696.0,0,55.81276673237858,0,0.0188538312911987,83694181.32205302,0,83694181.32205302,0,0,0
9.5,0,554.0,0,554.0,0,554.0,0,0.0,0,0.2324054598808288,83759031.91490924,0,83759031.91490924,0,0,0
9.5,0,591.98,0,591.9901094204214,0,592.0,0,0.0384222276698259,0,0.0,83693891.71077454,0,83693891.71077454,0,0,0
9.5,0,291.83,0,323.8169776134598,0,839.84,0,215.8151269992903,0,3.2633187055587767,83681340.1073368,0,83681340.1073368,0,0,0
9.5,0,554.0,0,554.0,0,554.0,0,0.0,0,3.4101592230796816,83762962.12658373,0,83762962.12658373,0,0,0
9.5,0,359.17,0,356.8585964709096,0,474.21,0,130.64978723762505,0,8.774772713184356,83763078.8244195,0,83763078.8244195,0,0,0
9.5,0,586.66,0,582.5830702308527,0,592.0,0,26.512777231944867,0,0.0,83676913.5618645,0,83676913.5618645,0,0,0
9.5,0,524.22,0,527.864159807255,0,592.0,0,80.51602598795927,0,0.0719444704055786,83702434.13280278,0,83702434.13280278,0,0,0
9.5,0,572.82,0,572.0547085759957,0,578.0,0,19.57984196117927,0,0.0,83574007.25572069,0,83574007.25572069,0,0,0
9.5,0,554.55,0,574.1827745528036,0,578.0,0,8.522284616138162,0,0.0289469790458679,83646515.18255381,0,83646515.18255381,0,0,0
9.5,0,578.0,0,578.0,0,578.0,0,0.0,0,0.0,83647089.98919064,0,83647089.98919064,0,0,0
9.5,0,592.0,0,592.0,0,592.0,0,0.0,0,0.0,83677358.93754372,0,83677358.93754372,0,0,0
9.5,0,586.98,0,591.749,0,592.0,0,1.094083634828709,0,0.0100008606910705,83694041.91083029,0,83694041.91083029,0,0,0
9.5,0,573.45,0,576.7282264791882,0,578.0,0,5.221847657739976,0,0.0,83663867.3709527,0,83663867.3709527,0,0,0
9.5,0,586.98,0,591.2059005847954,0,592.0,0,3.364922310441315,0,0.0,83693951.4246614,0,83693951.4246614,0,0,0
9.5,0,578.0,0,578.0,0,578.0,0,0.0,0,0.0,83647436.28131074,0,83647436.28131074,0,0,0
9.5,0,544.44,0,531.5846088777064,0,549.06,0,45.273957257253386,0,2.088000245094299,83707381.55927843,0,83707381.55927843,0,0,0
9.5,0,565.4,0,574.4111464532201,0,592.0,0,50.28407739757287,0,0.0250523900985717,83677542.6147209,0,83677542.6147209,0,0,0
9.5,0,601.02,0,596.4606513899757,0,664.16,0,17.328424679091526,0,0.0004474186897277,83693723.24842128,0,83693723.24842128,0,0,0
9.5,0,587.78,0,585.6092053135203,0,592.0,0,19.21184652567611,0,0.0001386404037475,83693758.18728393,0,83693758.18728393,0,0,0
9.5,0,592.0,0,592.0,0,592.0,0,0.0,0,0.0,83693993.74246766,0,83693993.74246766,0,0,0
9.5,0,535.41,0,548.001328000345,0,578.0,0,79.0138666963581,0,0.1444492077827453,83651393.64675029,0,83651393.64675029,0,0,0
9.5,0,581.75,0,589.4431406948745,0,592.0,0,7.665117171395186,0,0.0,83698400.65260702,0,83698400.65260702,0,0,0
9.5,0,574.62,0,568.9503752426624,0,579.8,0,25.910885021000567,0,0.0406292295455932,83573770.27383062,0,83573770.27383062,0,0,0
9.5,0,586.98,0,590.2621898004816,0,592.0,0,7.013455311342471,0,0.0049329304695129,83694028.0201804,0,83694028.0201804,0,0,0
9.5,0,586.68,0,591.1584444444445,0,592.0,0,3.566013285168883,0,0.0,83681514.99601462,0,83681514.99601462,0,0,0
9.5,0,567.81,0,557.080694981618,0,572.76,0,39.40509248559868,0,0.0051700711250305,83647401.49556321,0,83647401.49556321,0,0,0
9.5,0,586.68,0,586.6540250239957,0,592.0,0,18.24741467453377,0,0.0,83693930.5659226,0,83693930.5659226,0,0,0
9.5,0,561.28,0,577.1517249175834,0,592.0,0,34.6334707458492,0,0.0028543925285339,83677152.53036484,0,83677152.53036484,0,0,0
9.5,0,544.23,0,535.9147113005673,0,549.04,0,30.59497314350001,0,1.3972110962867736,83767458.00879632,0,83767458.00879632,0,0,0
9.5,0,578.0,0,578.0,0,578.0,0,0.0,0,0.0,83650946.13378571,0,83650946.13378571,0,0,0
9.5,0,573.2,0,575.9954916703523,0,578.0,0,7.942281736707377,0,0.0,83573925.86388256,0,83573925.86388256,0,0,0
9.5,0,554.0,0,554.0,0,554.0,0,0.0,0,2.58808185338974,83767409.94817385,0,83767409.94817385,0,0,0
9.5,0,554.0,0,554.0,0,554.0,0,0.0,0,0.2178141164779663,83763076.5558343,0,83763076.5558343,0,0,0
9.5,0,573.19,0,571.6777055824723,0,578.0,0,19.97386298305737,0,0.0104867196083068,83651435.3239857,0,83651435.3239857,0,0,0
9.5,0,549.06,0,543.6371660937102,0,554.0,0,26.957518197789856,0,3.676474373340607,83759171.5405594,0,83759171.5405594,0,0,0
9.5,0,521.08,0,520.2049139585044,0,578.0,0,65.51789060569529,0,0.0007460141181945,83573908.63323702,0,83573908.63323702,0,0,0
9.5,0,576.04,0,583.9903648932767,0,592.0,0,26.189086473923258,0,0.0,83693864.12569727,0,83693864.12569727,0,0,0
9.5,0,578.0,0,578.0,0,578.0,0,0.0,0,0.0,83586765.3478048,0,83586765.3478048,0,0,0
9.5,0,536.26,0,529.8222338191564,0,550.6,0,50.73903904294802,0,1.0164199447631836,83784786.95202047,0,83784786.95202047,0,0,0
9.5,0,576.22,0,568.7353160069206,0,586.68,0,44.78315956195031,0,0.0005739688873291,83677351.40268822,0,83677351.40268822,0,0,0
9.5,0,592.0,0,592.0,0,592.0,0,0.0,0,0.0,83677174.14747173,0,83677174.14747173,0,0,0
9.5,0,554.0,0,554.0,0,554.0,0,0.0,0,0.1923609495162964,83789193.75107127,0,83789193.75107127,0,0,0
9.5,0,578.0,0,578.0,0,578.0,0,0.0,0,0.0,83647080.5884774,0,83647080.5884774,0,0,0
9.5,0,549.04,0,552.6136271069831,0,554.0,0,5.692387776349511,0,3.28687068939209,83789185.79745752,0,83789185.79745752,0,0,0
9.5,0,497.94,0,492.30355784729545,0,529.36,0,29.41633498632629,0,0.0,83694068.79926722,0,83694068.79926722,0,0,0
9.5,0,586.98,0,588.6427675560593,0,592.0,0,12.4745823812776,0,0.0300108885765075,83694164.05203302,0,83694164.05203302,0,0,0
9.5,0,554.0,0,554.0,0,554.0,0,0.0,0,1.968267705440521,83707234.69587365,0,83707234.69587365,0,0,0
9.5,0,578.0,0,578.0,0,578.0,0,0.0,0,0.0,83663586.81378376,0,83663586.81378376,0,0,0
9.5,0,592.0,0,592.0,0,592.0,0,0.0,0,0.0,83693713.60654911,0,83693713.60654911,0,0,0
9.5,0,592.0,0,592.0,0,592.0,0,0.0,0,0.0,83677313.75379127,0,83677313.75379127,0,0,0
9.5,0,541.0,0,540.246844917896,0,574.42,0,61.12162575410899,0,0.2020214390754699,83573720.53121473,0,83573720.53121473,0,0,0
9.5,0,520.83,0,540.8743479436371,0,554.0,0,29.88191565329534,0,4.242995176315308,83711500.00229418,0,83711500.00229418,0,0,0
4.0,0,578.0,0,578.0,0,578.0,0,0.0,0,0.0,9.301730564662388e-05,0,9.301730564662388e-05,0,0,0
9.5,0,592.0,0,592.0,0,592.0,0,0.0,0,0.0,83702650.40667376,0,83702650.40667376,0,0,0
9.5,0,569.34,0,570.7668840929452,0,578.0,0,18.37333707794141,0,0.0,83663545.41719349,0,83663545.41719349,0,0,0
9.5,0,578.0,0,578.0,0,578.0,0,0.0,0,0.0,83650914.88858888,0,83650914.88858888,0,0,0
9.5,0,586.68,0,580.8400250239956,0,592.0,0,29.031173443773685,0,0.0,83694021.9671821,0,83694021.9671821,0,0,0
9.5,0,592.0,0,592.0,0,592.0,0,0.0,0,0.0,83698673.55206755,0,83698673.55206755,0,0,0
9.5,0,554.0,0,554.0,0,554.0,0,0.0,0,1.0031629157066346,83789116.2572102,0,83789116.2572102,0,0,0
9.5,0,559.28,0,549.279751347208,0,574.09,0,59.55959414800856,0,0.0614061689376831,83573928.18557873,0,83573928.18557873,0,0,0
9.5,0,572.82,0,574.5357641315512,0,578.0,0,12.872178632473702,0,0.0,83647027.12081315,0,83647027.12081315,0,0,0
9.5,0,592.0,0,592.0,0,592.0,0,0.0,0,0.0,83698582.6660542,0,83698582.6660542,0,0,0
9.5,0,581.66,0,590.3308564671482,0,592.0,0,6.920714424883946,0,0.0350045585632324,83694122.96010686,0,83694122.96010686,0,0,0
9.5,0,578.0,0,578.0,0,578.0,0,0.0,0,0.0,83650856.3654696,0,83650856.3654696,0,0,0
9.5,0,545.7,0,534.1187608457075,0,554.0,0,32.3365538306893,0,7.23949378490448,83763379.33767015,0,83763379.33767015,0,0,0
9.5,0,578.0,0,578.0,0,578.0,0,0.0,0,0.0,83574172.25108485,0,83574172.25108485,0,0,0
9.5,0,585.21,0,585.7836532835499,0,592.0,0,21.631842778546456,0,0.0469659996032714,83677275.96949911,0,83677275.96949911,0,0,0
9.5,0,550.88,0,552.3935443332037,0,559.6,0,11.136876834957825,0,2.010490131378174,83789008.74577838,0,83789008.74577838,0,0,0
9.5,0,586.64,0,588.3182265488209,0,591.96,0,13.36040174125132,0,0.0,83677050.21211453,0,83677050.21211453,0,0,0
9.5,0,591.98,0,591.9280452068571,0,591.98,0,0.1191397497886228,0,0.0,83693840.13563022,0,83693840.13563022,0,0,0
9.5,0,554.0,0,554.0,0,554.0,0,0.0,0,2.82596206665039,83789299.32508652,0,83789299.32508652,0,0,0
9.5,0,592.0,0,592.0,0,592.0,0,0.0,0,0.0,83681501.23689415,0,83681501.23689415,0,0,0
9.5,0,592.0,0,592.0,0,592.0,0,0.0,0,0.0,83702768.72936365,0,83702768.72936365,0,0,0
9.5,0,549.4,0,546.9777309104724,0,558.2,0,22.370939058840563,0,1.1663730239868164,83789010.83166255,0,83789010.83166255,0,0,0
9.5,0,536.2,0,536.440493648852,0,554.0,0,41.95521373960554,0,3.4768304371833803,83789057.71335775,0,83789057.71335775,0,0,0
9.5,0,592.0,0,592.0,0,592.0,0,0.0,0,0.0,83702793.007018,0,83702793.007018,0,0,0
9.5,0,574.52,0,577.826,0,578.0,0,0.7584484161760773,0,0.0,83650889.47183353,0,83650889.47183353,0,0,0
9.5,0,581.85,0,589.4710917612658,0,592.0,0,7.576459363012641,0,0.0008589673042297,83681554.19649392,0,83681554.19649392,0,0,0
9.5,0,578.0,0,578.0,0,578.0,0,0.0,0,0.0,83581516.0453258,0,83581516.0453258,0,0,0
9.5,0,592.0,0,592.0,0,592.0,0,0.0,0,0.0,83694034.61936003,0,83694034.61936003,0,0,0
9.5,0,586.68,0,582.6133583573289,0,592.0,0,26.5233013931654,0,0.0,83702839.6924271,0,83702839.6924271,0,0,0
9.5,0,578.0,0,578.0,0,578.0,0,0.0,0,0.0,83586123.2917094,0,83586123.2917094,0,0,0
9.5,0,447.19,0,448.0932768820876,0,539.79,0,112.57369424389944,0,2.443839406967163,83711528.85898183,0,83711528.85898183,0,0,0
9.5,0,554.0,0,554.0,0,554.0,0,0.0,0,2.574517023563385,83767551.85850698,0,83767551.85850698,0,0,0
9.5,0,557.44,0,567.7813275951775,0,704.84,0,50.38301533511194,0,1.586201765537262,83711436.2468248,0,83711436.2468248,0,0,0
9.5,0,578.0,0,578.0,0,578.0,0,0.0,0,0.0,83650901.20893858,0,83650901.20893858,0,0,0
9.5,0,549.23,0,536.8387818354247,0,549.23,0,28.41483032458656,0,0.9861202597618104,83767406.8369658,0,83767406.8369658,0,0,0
9.5,0,511.2,0,494.7831723104896,0,529.8,0,42.72140013794973,0,2.5505146312713625,83789297.78903128,0,83789297.78903128,0,0,0
9.5,0,549.06,0,547.5068327603768,0,554.0,0,20.51369711773459,0,0.8397251343727112,83763043.05239284,0,83763043.05239284,0,0,0
9.5,0,549.06,0,549.0358803794245,0,554.0,0,16.944027912067067,0,3.1054586505889894,83759010.64379315,0,83759010.64379315,0,0,0
9.5,0,573.45,0,568.4552845599962,0,578.0,0,24.829293076911707,0,0.0005848121643066,83647358.91225033,0,83647358.91225033,0,0,0
9.5,0,554.0,0,554.0,0,554.0,0,0.0,0,2.3883642053604124,83763076.26250762,0,83763076.26250762,0,0,0
9.5,0,554.0,0,554.0,0,554.0,0,0.0,0,1.269269282817841,83759027.91847207,0,83759027.91847207,0,0,0
9.5,0,554.0,0,554.0,0,554.0,0,0.0,0,1.4687162804603575,83707232.27075735,0,83707232.27075735,0,0,0
9.5,0,586.86,0,589.4581210482844,0,592.0,0,9.874512511145282,0,0.0,83677472.56336491,0,83677472.56336491,0,0,0
9.5,0,578.25,0,577.3859924126871,0,592.0,0,40.278880297919294,0,0.0,83681554.99101749,0,83681554.99101749,0,0,0
9.5,0,539.18,0,552.4645555555555,0,554.0,0,4.411543747318265,0,0.9380594873428344,83789300.62825552,0,83789300.62825552,0,0,0
9.5,0,592.0,0,592.0,0,592.0,0,0.0,0,0.0,83677458.97857834,0,83677458.97857834,0,0,0
9.5,0,584.74,0,585.0164378669147,0,592.0,0,23.73364569872773,0,0.0050248408317565,83702794.28157507,0,83702794.28157507,0,0,0
9.5,0,574.52,0,571.8598659931399,0,578.0,0,17.349828730867593,0,0.0,83647243.67753954,0,83647243.67753954,0,0,0
9.5,0,572.82,0,572.0547085759957,0,578.0,0,19.57984196117927,0,0.0,83586228.05528134,0,83586228.05528134,0,0,0
9.5,0,558.12,0,566.1128065783546,0,578.0,0,33.48561409562565,0,5.450010299682617e-05,83647088.65173775,0,83647088.65173775,0,0,0
9.5,0,554.0,0,554.0,0,554.0,0,0.0,0,0.0747472548484802,83759243.51207939,0,83759243.51207939,0,0,0
9.5,0,542.19,0,558.4350864669386,0,578.0,0,60.136741554519546,0,0.0632187700271606,83646767.75083204,0,83646767.75083204,0,0,0
9.5,0,554.0,0,554.0,0,554.0,0,0.0,0,1.1071911978721618,83784889.35240161,0,83784889.35240161,0,0,0
9.5,0,550.6,0,551.7261772292035,0,554.0,0,8.4489203379171,0,3.592944083213806,83763124.92057136,0,83763124.92057136,0,0,0
9.5,0,572.82,0,576.875884760922,0,578.0,0,4.690994359707783,0,0.0,83647398.70044792,0,83647398.70044792,0,0,0
9.5,0,578.0,0,578.0,0,578.0,0,0.0,0,0.0,83650794.67757554,0,83650794.67757554,0,0,0
9.5,0,539.12,0,530.0441742926836,0,549.06,0,38.07410505579272,0,0.2297782588005066,83707312.32233615,0,83707312.32233615,0,0,0
9.5,0,567.6,0,563.6141424863406,0,578.0,0,41.29821310891517,0,0.0012873792648315,83581832.97031672,0,83581832.97031672,0,0,0
9.5,0,554.0,0,554.0,0,554.0,0,0.0,0,3.426010491847992,83758968.3527602,0,83758968.3527602,0,0,0
9.5,0,592.0,0,592.0,0,592.0,0,0.0,0,0.0,83676935.38427088,0,83676935.38427088,0,0,0
9.5,0,544.12,0,550.9091013071895,0,554.0,0,9.008160962586915,0,5.364348585605621,83788980.61109108,0,83788980.61109108,0,0,0
9.5,0,577.45,0,586.6930914640055,0,592.0,0,20.54816369845285,0,0.001395308971405,83677100.57989822,0,83677100.57989822,0,0,0
9.5,0,586.87,0,588.05620270171,0,592.0,0,14.28692980397492,0,0.0006627511978149,83693839.8536271,0,83693839.8536271,0,0,0
9.5,0,578.0,0,578.0,0,578.0,0,0.0,0,0.0,83586118.14020649,0,83586118.14020649,0,0,0
9.5,0,554.84,0,555.0267679786673,0,558.48,0,1.8519666160992767,0,1.4767696619033814,83711486.53745957,0,83711486.53745957,0,0,0
9.5,0,554.0,0,554.0,0,554.0,0,0.0,0,2.6361215686798096,83784681.61644262,0,83784681.61644262,0,0,0
9.5,0,573.12,0,575.9620831981915,0,578.0,0,8.074653098985833,0,0.0,83650845.5712961,0,83650845.5712961,0,0,0
9.5,0,554.0,0,554.0,0,554.0,0,0.0,0,1.9685302567482,83789335.18674554,0,83789335.18674554,0,0,0
9.5,0,592.0,0,592.0,0,592.0,0,0.0,0,0.0,83694169.37810941,0,83694169.37810941,0,0,0
9.5,0,576.7,0,573.9258496457103,0,587.2,0,31.356634889537453,0,0.0099889206886291,83698672.48843601,0,83698672.48843601,0,0,0
9.5,0,554.0,0,554.0,0,554.0,0,0.0,0,0.7818427133560181,83759033.91242087,0,83759033.91242087,0,0,0
9.5,0,578.0,0,578.0,0,578.0,0,0.0,0,0.0,83573375.68511839,0,83573375.68511839,0,0,0
9.5,0,578.12,0,578.069343477472,0,579.08,0,0.26369961392251,0,0.0,83647525.56775463,0,83647525.56775463,0,0,0
9.5,0,592.0,0,592.0,0,592.0,0,0.0,0,0.0,83702648.79402363,0,83702648.79402363,0,0,0
9.5,0,558.06,0,550.9225618896927,0,578.0,0,48.59699495723154,0,0.0033616805076599,83647022.02741492,0,83647022.02741492,0,0,0
9.5,0,554.0,0,554.0,0,554.0,0,0.0,0,2.363012297153473,83767602.90362357,0,83767602.90362357,0,0,0
9.5,0,568.2,0,569.9215958044364,0,578.0,0,20.07714130462447,0,4.053115844726564e-08,83663569.47947463,0,83663569.47947463,0,0,0
9.5,0,578.0,0,578.0,0,578.0,0,0.0,0,0.0,83574031.42086208,0,83574031.42086208,0,0,0
9.5,0,562.72,0,570.5558695961761,0,578.72,0,24.831710788778874,0,0.0,83647391.12560864,0,83647391.12560864,0,0,0
9.5,0,562.74,0,570.4091562595472,0,578.0,0,19.084874110935925,0,0.0216970801353454,83650946.94829598,0,83650946.94829598,0,0,0
9.5,0,557.73,0,556.3080180876485,0,578.0,0,46.87470245572387,0,0.0831433773040771,83586068.41188477,0,83586068.41188477,0,0,0
9.5,0,449.24,0,426.8664235735025,0,528.75,0,58.66808760523795,0,0.0757138633728027,83663643.19171733,0,83663643.19171733,0,0,0
9.5,0,549.61,0,552.4802815187479,0,554.0,0,6.133280640795508,0,1.5800603437423706,83784597.19768518,0,83784597.19768518,0,0,0
9.5,0,578.0,0,578.0,0,578.0,0,0.0,0,0.0,83585894.43947022,0,83585894.43947022,0,0,0
9.5,0,554.0,0,554.0,0,554.0,0,0.0,0,2.4514651012420656,83784710.48519664,0,83784710.48519664,0,0,0
9.5,0,592.0,0,592.0,0,592.0,0,0.0,0,0.0,83693949.95566523,0,83693949.95566523,0,0,0
9.5,0,592.0,0,592.0,0,592.0,0,0.0,0,0.0,83681183.29902801,0,83681183.29902801,0,0,0
9.5,0,562.44,0,570.7114707510412,0,578.0,0,25.59860963914264,0,0.0011936616897583,83574119.71807447,0,83574119.71807447,0,0,0
9.5,0,549.06,0,551.1453601774043,0,554.0,0,10.85563410647666,0,2.00449271440506,83789347.90839946,0,83789347.90839946,0,0,0
9.5,0,554.0,0,554.0,0,554.0,0,0.0,0,4.245836515426635,83767600.77674523,0,83767600.77674523,0,0,0
9.5,0,564.67,0,558.3549701859027,0,572.82,0,35.10899522516907,0,0.0448025393486022,83647283.73583551,0,83647283.73583551,0,0,0
9.5,0,570.73,0,572.6341309665137,0,578.0,0,19.31005282604695,0,0.0007166290283203,83574181.0772361,0,83574181.0772361,0,0,0
9.5,0,587.13,0,586.4105078697103,0,592.0,0,18.40807535732491,0,0.0,83694186.24171217,0,83694186.24171217,0,0,0
9.5,0,582.12,0,586.8719359349801,0,592.0,0,18.621574527998646,0,0.0,83681555.68197308,0,83681555.68197308,0,0,0
9.5,0,573.45,0,574.5020901155518,0,578.0,0,12.67164339338906,0,0.0,83650796.04542103,0,83650796.04542103,0,0,0
9.5,0,586.54,0,583.4396748053289,0,591.86,0,25.053652067619154,0,0.0,83702433.8285206,0,83702433.8285206,0,0,0
9.5,0,554.0,0,554.0,0,554.0,0,0.0,0,3.8973764634132384,83819788.01920797,0,83819788.01920797,0,0,0
9.5,0,578.0,0,578.0,0,578.0,0,0.0,0,0.0,83586101.53340691,0,83586101.53340691,0,0,0
9.5,0,554.0,0,554.0,0,554.0,0,0.0,0,1.958061165809632,83784709.37894703,0,83784709.37894703,0,0,0
9.5,0,592.0,0,592.0,0,592.0,0,0.0,0,0.0,83681143.95486438,0,83681143.95486438,0,0,0
9.076923076923077,0,561.2087912087912,0,540.1221758939413,0,566.4835164835165,0,49.12944576894324,0,0.1071990793877905,73478510.39303349,0,73478510.39303349,0,0,0
9.5,0,554.0,0,554.0,0,554.0,0,0.0,0,3.614563236236572,83767459.78285854,0,83767459.78285854,0,0,0
9.5,0,592.0,0,592.0,0,592.0,0,0.0,0,0.0,83698572.95531341,0,83698572.95531341,0,0,0
9.090909090909092,0,578.0,0,578.0,0,578.0,0,0.0,0,0.0,60836984.78885406,0,60836984.78885406,0,0,0
9.5,0,592.0,0,592.0,0,592.0,0,0.0,0,0.0,83693769.49359894,0,83693769.49359894,0,0,0
9.5,0,559.39,0,552.7839581984492,0,578.0,0,63.17474479898864,0,0.0212631011009216,83586206.55212736,0,83586206.55212736,0,0,0
9.5,0,549.06,0,550.6962692683134,0,554.0,0,12.27578425567955,0,2.4637713027000427,83789292.40294367,0,83789292.40294367,0,0,0
9.5,0,513.49,0,480.6187305812093,0,544.39,0,16.257524362391568,0,0.3948374485969543,83573855.58920206,0,83573855.58920206,0,0,0
9.5,0,554.0,0,554.0,0,554.0,0,0.0,0,0.9037535238265992,83707275.9098098,0,83707275.9098098,0,0,0
9.5,0,554.28,0,554.3213671040003,0,557.92,0,1.05836983573942,0,1.2998181176185608,83759032.37502661,0,83759032.37502661,0,0,0
9.5,0,567.58,0,570.5074019789121,0,578.0,0,27.46545585914594,0,0.0,83573984.78915542,0,83573984.78915542,0,0,0
9.5,0,592.0,0,592.0,0,592.0,0,0.0,0,0.0,83677554.5411101,0,83677554.5411101,0,0,0
9.5,0,583.45,0,586.611095411941,0,592.0,0,14.403026290085707,0,0.0275492596626281,83677456.76254858,0,83677456.76254858,0,0,0
9.5,0,581.56,0,586.8036559214779,0,592.0,0,14.651428315754734,0,0.0,83677626.31982216,0,83677626.31982216,0,0,0
9.5,0,583.05,0,584.2269959415798,0,592.0,0,19.60426124760536,0,0.0499733901023864,83677326.53553972,0,83677326.53553972,0,0,0
9.5,0,586.86,0,582.9309514956147,0,592.0,0,25.62589645881018,0,0.0052545809745788,83681046.90476161,0,83681046.90476161,0,0,0
9.5,0,549.06,0,552.9279673202615,0,554.0,0,4.473650991690433,0,2.773490903377533,83759208.38502066,0,83759208.38502066,0,0,0
9.5,0,546.0,0,546.3659398857077,0,554.0,0,18.723477487201,0,0.6165189242362976,83759098.42288864,0,83759098.42288864,0,0,0
9.5,0,562.59,0,581.9070122303738,0,590.22,0,22.031537671215524,0,0.0425315999984741,83702699.53636482,0,83702699.53636482,0,0,0
9.5,0,592.0,0,592.0,0,592.0,0,0.0,0,0.0,83694021.73927404,0,83694021.73927404,0,0,0
9.5,0,581.91,0,589.4741124011008,0,592.0,0,7.590496560146945,0,0.0589328598976135,83702806.64641194,0,83702806.64641194,0,0,0
9.5,0,544.56,0,539.8481947794207,0,554.0,0,40.57404255160329,0,3.787250633239746,83759105.63769247,0,83759105.63769247,0,0,0
9.5,0,573.2,0,573.7765639314246,0,578.0,0,14.876382002414266,0,0.0,83646515.35788956,0,83646515.35788956,0,0,0
9.5,0,586.68,0,591.734,0,592.0,0,1.159467118981819,0,0.0,83693845.81647652,0,83693845.81647652,0,0,0
9.5,0,523.88,0,508.9991557430788,0,544.67,0,44.03877341543839,0,1.7930898571014404,83784662.57744099,0,83784662.57744099,0,0,0
9.5,0,544.08,0,545.7039364467662,0,554.0,0,23.825007359749044,0,6.595095717906952,83759113.75687748,0,83759113.75687748,0,0,0
9.5,0,554.0,0,554.0,0,554.0,0,0.0,0,10.525799441337586,83784904.70639516,0,83784904.70639516,0,0,0
9.5,0,587.29,0,585.8091462148533,0,592.0,0,19.55860595638258,0,0.0134644293785095,83693744.79990342,0,83693744.79990342,0,0,0
9.5,0,549.04,0,550.1868938402499,0,554.0,0,13.813483787079065,0,2.6849832344055176,83763316.800731,0,83763316.800731,0,0,0
9.5,0,581.48,0,580.6772073782771,0,592.0,0,26.20419232739014,0,0.0020867085456848,83693809.96374516,0,83693809.96374516,0,0,0
9.5,0,572.82,0,573.4422085759957,0,578.0,0,16.0540955776054,0,0.0,83573921.17861049,0,83573921.17861049,0,0,0
9.5,0,554.0,0,554.0,0,554.0,0,0.0,0,2.721978070735932,83707241.8519668,0,83707241.8519668,0,0,0
9.5,0,578.0,0,578.0,0,578.0,0,0.0,0,0.0,83573983.2928499,0,83573983.2928499,0,0,0
9.5,0,554.0,0,554.0,0,554.0,0,0.0,0,0.5885180401802063,83789048.82211429,0,83789048.82211429,0,0,0
9.5,0,576.98,0,585.6999769342285,0,592.0,0,14.432152148063302,0,0.0023926091194152,83693882.27716999,0,83693882.27716999,0,0,0
9.5,0,581.7,0,578.8923623395008,0,591.98,0,37.36519938975764,0,0.0,83677057.65561102,0,83677057.65561102,0,0,0
9.5,0,576.72,0,549.9389666102732,0,581.7,0,78.4381976597833,0,0.0002814102172851,83677406.15375742,0,83677406.15375742,0,0,0
9.5,0,564.12,0,573.6189350394618,0,578.0,0,16.534879429910053,0,0.0,83647408.65426627,0,83647408.65426627,0,0,0
9.5,0,565.11,0,576.3018278777037,0,592.0,0,25.57517251990199,0,0.0,83680991.1086475,0,83680991.1086475,0,0,0
9.5,0,584.83,0,585.4207151938618,0,592.0,0,17.936620931440093,0,0.013910949230194,83681553.61392559,0,83681553.61392559,0,0,0
9.5,0,572.76,0,576.8628641210871,0,578.0,0,4.745330201712119,0,0.0014715719223022,83646559.23843099,0,83646559.23843099,0,0,0
9.5,0,436.75,0,395.4155895678539,0,820.04,0,260.2258391009863,0,2.979407951831817,83651008.6211615,0,83651008.6211615,0,0,0
9.5,0,556.82,0,560.1965088635135,0,586.3,0,48.87711371836005,0,0.4073168754577637,83663648.6511427,0,83663648.6511427,0,0,0
9.5,0,562.52,0,569.2588802466884,0,578.0,0,21.35088065117232,0,0.0012059712409973,83647075.12884137,0,83647075.12884137,0,0,0
9.5,0,544.64,0,536.5028496457104,0,549.2,0,29.587368908396765,0,0.2012597203254699,83767430.68439512,0,83767430.68439512,0,0,0
9.5,0,549.16,0,546.670273392758,0,554.0,0,22.034440091059807,0,0.0821189975738525,83759377.49617474,0,83759377.49617474,0,0,0
9.5,0,578.0,0,578.0,0,578.0,0,0.0,0,0.0,83646620.8797997,0,83646620.8797997,0,0,0
9.5,0,563.12,0,568.2213975168279,0,578.0,0,28.079873565392223,0,0.0,100376739.18095976,0,100376739.18095976,0,0,0
9.5,0,586.68,0,591.1584444444445,0,592.0,0,3.566013285168883,0,0.0,83681451.61502044,0,83681451.61502044,0,0,0
9.5,0,578.0,0,578.0,0,578.0,0,0.0,0,0.0,83586018.48911493,0,83586018.48911493,0,0,0
9.5,0,552.88,0,535.9921156691605,0,563.36,0,39.430865122761,0,0.0001421785354614,83647034.41717294,0,83647034.41717294,0,0,0
9.5,0,592.0,0,592.0,0,592.0,0,0.0,0,0.0,83677211.73939352,0,83677211.73939352,0,0,0
9.5,0,554.0,0,554.0,0,554.0,0,0.0,0,4.260984270572663,83784540.41721532,0,83784540.41721532,0,0,0
9.5,0,554.0,0,554.0,0,554.0,0,0.0,0,6.827287242412568,83784894.96754034,0,83784894.96754034,0,0,0
9.5,0,572.82,0,574.5357641315512,0,578.0,0,12.872178632473702,0,0.0,83586116.39324215,0,83586116.39324215,0,0,0
9.5,0,554.0,0,554.0,0,554.0,0,0.0,0,2.9562760519981386,83759035.85392164,0,83759035.85392164,0,0,0
9.5,0,592.0,0,592.0,0,592.0,0,0.0,0,0.0,83677412.52691448,0,83677412.52691448,0,0,0
9.5,0,554.0,0,554.0,0,554.0,0,0.0,0,1.7598108839988709,83767513.23705892,0,83767513.23705892,0,0,0
9.5,0,578.0,0,578.0,0,578.0,0,0.0,0,0.0,83647333.37713102,0,83647333.37713102,0,0,0
9.5,0,581.3,0,563.257519001896,0,586.62,0,58.57189408630496,0,0.0,83698588.85048607,0,83698588.85048607,0,0,0
9.5,0,550.6,0,548.8510184990447,0,554.0,0,15.47873890694284,0,0.1544674277305603,83759010.74027066,0,83759010.74027066,0,0,0
9.5,0,569.3,0,574.9263281598862,0,592.0,0,36.968053259826405,0,0.0179636430740356,83681259.87976211,0,83681259.87976211,0,0,0
9.5,0,483.76,0,503.6096277685164,0,581.56,0,78.5896864249824,0,0.0,83694120.41246682,0,83694120.41246682,0,0,0
9.5,0,587.29,0,591.7645,0,592.0,0,1.0265207012038289,0,0.0136901688575744,83677635.98156911,0,83677635.98156911,0,0,0
9.5,0,582.9,0,588.9811584636553,0,592.0,0,11.88820666036137,0,0.0,83698552.54762438,0,83698552.54762438,0,0,0
9.5,0,578.0,0,578.0,0,578.0,0,0.0,0,0.0,83647513.0919773,0,83647513.0919773,0,0,0
9.5,0,581.74,0,573.9611660937102,0,587.06,0,30.58698531677168,0,0.0,83702711.76630495,0,83702711.76630495,0,0,0
9.5,0,554.0,0,554.0,0,554.0,0,0.0,0,2.009600877761841,83784851.41065879,0,83784851.41065879,0,0,0
9.5,0,578.0,0,578.0,0,578.0,0,0.0,0,0.0,83663587.66847059,0,83663587.66847059,0,0,0
9.5,0,543.02,0,547.3083223108162,0,554.0,0,20.642587294602027,0,1.048428053855896,83707269.41967994,0,83707269.41967994,0,0,0
9.5,0,464.83,0,472.0824820680695,0,537.31,0,23.4504039578362,0,1.2178187012672423,83767491.94962145,0,83767491.94962145,0,0,0
9.5,0,572.8,0,573.42461092571,0,578.0,0,16.116080502615457,0,0.0,83646612.57318076,0,83646612.57318076,0,0,0
9.5,0,549.04,0,545.2485446339006,0,554.0,0,24.728491524454952,0,3.8511164784431458,83707233.25174621,0,83707233.25174621,0,0,0
9.5,0,554.0,0,554.0,0,554.0,0,0.0,0,3.4603859519958498,83784886.71631876,0,83784886.71631876,0,0,0
9.5,0,578.0,0,578.0,0,578.0,0,0.0,0,0.0,83573984.81150036,0,83573984.81150036,0,0,0
9.5,0,578.0,0,578.0,0,578.0,0,0.0,0,0.0,83574013.69907126,0,83574013.69907126,0,0,0
9.5,0,544.24,0,543.4837752319919,0,554.0,0,24.34273414276769,0,2.143602340221405,83789294.51662868,0,83789294.51662868,0,0,0
9.5,0,578.0,0,578.0,0,578.0,0,0.0,0,0.0,83586009.30009578,0,83586009.30009578,0,0,0
9.5,0,578.0,0,578.0,0,578.0,0,0.0,0,0.0,83581841.3485163,0,83581841.3485163,0,0,0
9.5,0,578.0,0,578.0,0,578.0,0,0.0,0,0.0,83650911.7066907,0,83650911.7066907,0,0,0
9.5,0,545.99,0,544.6094624891361,0,554.0,0,29.76708425910845,0,0.5741841053962707,83707174.22816457,0,83707174.22816457,0,0,0
9.5,0,550.6,0,549.5310184990449,0,554.0,0,14.11873890694284,0,3.054259595870972,83763032.67019512,0,83763032.67019512,0,0,0
9.5,0,567.64,0,577.2093684210525,0,578.0,0,2.710677829435679,0,0.0,83646513.84937705,0,83646513.84937705,0,0,0
9.5,0,554.0,0,554.0,0,554.0,0,0.0,0,3.40622097492218,83784944.87120895,0,83784944.87120895,0,0,0
9.5,0,554.0,0,554.0,0,554.0,0,0.0,0,1.3765627360343933,83784863.95692824,0,83784863.95692824,0,0,0
9.5,0,554.0,0,554.0,0,554.0,0,0.0,0,0.0561207723617553,83759031.89698744,0,83759031.89698744,0,0,0
9.5,0,573.73,0,582.4555860420539,0,592.0,0,27.71051848689449,0,0.0005799317359924,83681382.15473177,0,83681382.15473177,0,0,0
9.5,0,581.56,0,575.92859797942,0,592.0,0,33.3455149379325,0,0.0,83681144.99479745,0,83681144.99479745,0,0,0
9.5,0,550.64,0,553.6551578947368,0,554.0,0,1.4825725335001383,0,0.273398323059082,83759144.11970639,0,83759144.11970639,0,0,0
9.5,0,554.0,0,554.0,0,554.0,0,0.0,0,3.595941307544708,83759017.45437822,0,83759017.45437822,0,0,0
9.5,0,554.0,0,554.0,0,554.0,0,0.0,0,0.807394425868988,83789054.59548956,0,83789054.59548956,0,0,0
9.5,0,586.68,0,590.1583366013072,0,592.0,0,7.432586106841026,0,0.0,83693879.82276052,0,83693879.82276052,0,0,0
9.5,0,529.94,0,530.8602608332499,0,554.0,0,48.20609110519379,0,0.474584653377533,83784951.46462159,0,83784951.46462159,0,0,0
9.5,0,592.0,0,592.0,0,592.0,0,0.0,0,0.0,83698672.58689618,0,83698672.58689618,0,0,0
9.5,0,592.0,0,592.0,0,592.0,0,0.0,0,0.0,83681512.35722895,0,83681512.35722895,0,0,0
9.5,0,554.0,0,554.0,0,554.0,0,0.0,0,1.4231137490272523,83784928.41465273,0,83784928.41465273,0,0,0
9.5,0,551.81,0,552.7344815361367,0,554.0,0,4.812517954085807,0,2.290529611110687,83707325.21547697,0,83707325.21547697,0,0,0
9.5,0,578.0,0,578.0,0,578.0,0,0.0,0,0.0,83646625.15615569,0,83646625.15615569,0,0,0
9.5,0,161.5,0,169.5397491346373,0,506.41,0,136.00879103938095,0,0.5190869307518006,83784837.2519058,0,83784837.2519058,0,0,0
9.5,0,554.0,0,554.0,0,554.0,0,0.0,0,1.7867885613441468,83789350.94391759,0,83789350.94391759,0,0,0
9.5,0,554.0,0,554.0,0,554.0,0,0.0,0,0.4907712268829345,83767559.10838155,0,83767559.10838155,0,0,0
9.5,0,568.39,0,570.8621303173092,0,579.68,0,23.56636216189224,0,0.0208782505989074,83651173.75940433,0,83651173.75940433,0,0,0
9.5,0,578.0,0,578.0,0,578.0,0,0.0,0,0.0,83647333.40135658,0,83647333.40135658,0,0,0
9.5,0,578.0,0,578.0,0,578.0,0,0.0,0,0.0,83573985.04213059,0,83573985.04213059,0,0,0
9.5,0,545.8,0,543.3762707421578,0,554.0,0,31.84838110036273,0,1.5183567905426023,83707182.76031949,0,83707182.76031949,0,0,0
9.5,0,554.0,0,554.0,0,554.0,0,0.0,0,2.518246765136719,83789184.9576315,0,83789184.9576315,0,0,0
9.5,0,567.88,0,570.4099307982179,0,578.0,0,24.82161203226805,0,0.0,83663877.88763084,0,83663877.88763084,0,0,0
9.5,0,567.64,0,575.3873920708634,0,578.0,0,10.709162565904386,0,0.0,83647254.0281678,0,83647254.0281678,0,0,0
9.5,0,578.0,0,578.0,0,578.0,0,0.0,0,0.0,83581502.32211672,0,83581502.32211672,0,0,0
9.5,0,583.28,0,580.0410435230405,0,592.0,0,26.91718942298262,0,0.0161304903030395,83681058.32184526,0,83681058.32184526,0,0,0
9.5,0,554.0,0,554.0,0,554.0,0,0.0,0,1.3702776336669922,83763041.18123819,0,83763041.18123819,0,0,0
9.5,0,574.74,0,576.3878355286784,0,578.0,0,6.262823110181639,0,0.0204432702064514,83573363.29497617,0,83573363.29497617,0,0,0
9.5,0,572.82,0,571.1913752426623,0,578.0,0,21.510313981754088,0,0.0,83581982.43563092,0,83581982.43563092,0,0,0
9.5,0,554.0,0,554.0,0,554.0,0,0.0,0,0.6001626443862915,83789052.59107289,0,83789052.59107289,0,0,0
9.5,0,578.12,0,578.0415412796698,0,578.72,0,0.1676523181994216,0,0.0,83647042.58206329,0,83647042.58206329,0,0,0
9.5,0,592.0,0,592.0,0,592.0,0,0.0,0,0.0,83676936.64341371,0,83676936.64341371,0,0,0
9.5,0,554.0,0,554.0,0,554.0,0,0.0,0,0.1896474981307983,83767582.49291605,0,83767582.49291605,0,0,0
9.5,0,586.68,0,578.1800250239957,0,592.0,0,31.691173443773685,0,0.0,83698594.05285177,0,83698594.05285177,0,0,0
9.5,0,568.38,0,568.4471438195447,0,578.0,0,28.02471585400512,0,0.2379627394676208,83574073.53323655,0,83574073.53323655,0,0,0
9.5,0,554.0,0,554.0,0,554.0,0,0.0,0,0.0439888453483581,83789018.03671172,0,83789018.03671172,0,0,0
9.5,0,578.0,0,578.0,0,578.0,0,0.0,0,0.0,83574010.10966708,0,83574010.10966708,0,0,0
9.5,0,592.0,0,592.0,0,592.0,0,0.0,0,0.0,83677324.88589858,0,83677324.88589858,0,0,0
9.5,0,549.67,0,553.7835,0,554.0,0,0.9437016212765558,0,0.6498276686668396,83784833.03104945,0,83784833.03104945,0,0,0
9.5,0,578.0,0,578.0,0,578.0,0,0.0,0,0.0,83663547.67008932,0,83663547.67008932,0,0,0
9.5,0,578.0,0,578.0,0,578.0,0,0.0,0,0.0,83647082.11166301,0,83647082.11166301,0,0,0
9.5,0,586.68,0,589.7783366013072,0,592.0,0,8.802695591517342,0,0.0,83681534.13753805,0,83681534.13753805,0,0,0
9.5,0,592.0,0,592.0,0,592.0,0,0.0,0,0.0,83693857.32331587,0,83693857.32331587,0,0,0
9.5,0,571.3,0,558.30486423329,0,581.56,0,42.32707087667839,0,0.0003707313537597,83693710.40016566,0,83693710.40016566,0,0,0
9.5,0,540.62,0,529.5501907178648,0,554.0,0,52.19344974628569,0,0.0432873773574829,83711452.59690732,0,83711452.59690732,0,0,0
9.5,0,554.0,0,554.0,0,554.0,0,0.0,0,0.1540579152107238,83784945.2045912,0,83784945.2045912,0,0,0
9.5,0,586.89,0,590.5717005073959,0,592.0,0,5.864536600231049,0,0.0203257012367248,83693799.43705383,0,83693799.43705383,0,0,0
9.5,0,521.46,0,492.2200020717157,0,525.92,0,33.57298593898052,0,2.133134319782257,83763376.70123328,0,83763376.70123328,0,0,0
9.5,0,568.67,0,570.5246860406966,0,578.0,0,20.014438310597367,0,0.0,83646723.76738836,0,83646723.76738836,0,0,0
9.5,0,554.0,0,554.0,0,554.0,0,0.0,0,0.341106526851654,83759212.34328444,0,83759212.34328444,0,0,0
9.5,0,554.0,0,554.0,0,554.0,0,0.0,0,2.653611488342285,83767523.87608506,0,83767523.87608506,0,0,0
9.5,0,586.74,0,590.8585239078087,0,592.0,0,4.763442149046899,0,0.0006160497665405,83676987.18573162,0,83676987.18573162,0,0,0
9.5,0,592.0,0,592.0,0,592.0,0,0.0,0,0.0,83694032.48278187,0,83694032.48278187,0,0,0
9.5,0,554.0,0,554.0,0,554.0,0,0.0,0,0.5592360353469848,83759147.79490021,0,83759147.79490021,0,0,0
9.5,0,554.0,0,554.0,0,554.0,0,0.0,0,3.9947673797607424,83784656.27088135,0,83784656.27088135,0,0,0
9.5,0,578.0,0,578.0,0,578.0,0,0.0,0,0.0,83585866.4431698,0,83585866.4431698,0,0,0
9.5,0,549.12,0,550.2483955525039,0,554.0,0,13.590685661481013,0,2.041918604373932,83763181.27163385,0,83763181.27163385,0,0,0
9.5,0,592.73,0,593.2813499497149,0,604.75,0,3.7634852964473535,0,0.0026677680015563,83677205.43975219,0,83677205.43975219,0,0,0
9.5,0,578.0,0,578.0,0,578.0,0,0.0,0,0.0,83647296.58650078,0,83647296.58650078,0,0,0
9.5,0,570.5,0,577.0047707127753,0,592.0,0,36.49877568700764,0,0.0032893824577331,83693943.09778285,0,83693943.09778285,0,0,0
9.5,0,578.0,0,578.0,0,578.0,0,0.0,0,0.0,83573733.25552325,0,83573733.25552325,0,0,0
9.5,0,589.64,0,587.8360010758075,0,592.0,0,11.765975805990664,0,0.001723449230194,83677252.74589317,0,83677252.74589317,0,0,0
9.5,0,586.68,0,580.8400250239956,0,592.0,0,29.031173443773685,0,0.0,83702741.77999355,0,83702741.77999355,0,0,0
9.5,0,549.24,0,551.2493753936122,0,554.0,0,10.460084685592896,0,0.9092298650741576,83784926.08629794,0,83784926.08629794,0,0,0
9.5,0,578.0,0,578.0,0,578.0,0,0.0,0,0.0,83650869.6032119,0,83650869.6032119,0,0,0
9.5,0,238.98,0,143.26901438044243,0,645.49,0,160.9684814041198,0,0.6882033514976501,83677317.24747172,0,83677317.24747172,0,0,0
9.5,0,569.43,0,575.7023436102511,0,578.0,0,7.122798409639247,0,0.0007218813896179,83574170.15439624,0,83574170.15439624,0,0,0
9.5,0,595.71,0,592.8051095631234,0,606.84,0,3.35976623060152,0,0.0058219408988952,83693698.74449836,0,83693698.74449836,0,0,0
9.5,0,592.0,0,592.0,0,592.0,0,0.0,0,0.0,83676993.0723638,0,83676993.0723638,0,0,0
9.5,0,592.0,0,592.0,0,592.0,0,0.0,0,0.0,83681137.50556712,0,83681137.50556712,0,0,0
9.5,0,554.0,0,554.0,0,554.0,0,0.0,0,0.2389256429672241,83767472.84570484,0,83767472.84570484,0,0,0
9.5,0,550.42,0,553.4336900584796,0,554.0,0,2.3996856317489854,0,0.9036667799949646,83789301.65027551,0,83789301.65027551,0,0,0
9.5,0,581.48,0,579.0491121401817,0,592.0,0,28.700087794157263,0,0.0029208493232727,83681157.26736857,0,83681157.26736857,0,0,0
9.5,0,581.36,0,589.3585065359476,0,592.0,0,7.902397608827637,0,0.0,83698537.74630482,0,83698537.74630482,0,0,0
9.5,0,554.0,0,554.0,0,554.0,0,0.0,0,2.1622997093200684,83762939.26050751,0,83762939.26050751,0,0,0
9.5,0,587.06,0,590.6192173202614,0,592.0,0,5.669434599831972,0,0.0,83702793.28556974,0,83702793.28556974,0,0,0
9.5,0,572.99,0,569.1603243177102,0,578.0,0,24.97777067288696,0,0.0,83586833.31952703,0,83586833.31952703,0,0,0
9.5,0,554.0,0,554.0,0,554.0,0,0.0,0,0.5259556031227112,83767593.10070942,0,83767593.10070942,0,0,0
9.5,0,549.06,0,549.0358803794245,0,554.0,0,16.944027912067067,0,5.391806154251099,83758958.15672126,0,83758958.15672126,0,0,0
9.5,0,586.68,0,585.8940250239956,0,592.0,0,20.109026879048983,0,0.0,83702748.1693814,0,83702748.1693814,0,0,0
9.5,0,578.0,0,578.0,0,578.0,0,0.0,0,0.0,83646493.49663998,0,83646493.49663998,0,0,0
9.5,0,549.56,0,553.297649122807,0,554.0,0,2.9761464259680155,0,2.170548996925354,83759193.58825488,0,83759193.58825488,0,0,0
9.5,0,526.71,0,535.896327863442,0,554.0,0,37.192590016871286,0,6.315396730899811,83767412.99606635,0,83767412.99606635,0,0,0
9.5,0,591.98,0,591.997947368421,0,592.0,0,0.0088248365089293,0,0.0,83677454.1312735,0,83677454.1312735,0,0,0
9.5,0,554.0,0,554.0,0,554.0,0,0.0,0,2.034860117435456,83784715.72004592,0,83784715.72004592,0,0,0
9.5,0,549.06,0,552.9279673202615,0,554.0,0,4.473650991690433,0,2.4220192003250123,83784642.36196186,0,83784642.36196186,0,0,0
9.5,0,592.0,0,592.0,0,592.0,0,0.0,0,0.0,83677045.68269725,0,83677045.68269725,0,0,0
9.5,0,567.78,0,571.4021935555844,0,578.0,0,24.19124681006502,0,0.0101675605773925,83586837.24939944,0,83586837.24939944,0,0,0
9.5,0,549.0,0,547.4279683809483,0,554.0,0,20.762851333739462,0,1.010352919101715,83789014.44607256,0,83789014.44607256,0,0,0
9.5,0,562.46,0,575.5248438252494,0,578.0,0,6.58521742347433,0,0.0,83663549.29313476,0,83663549.29313476,0,0,0
9.5,0,592.0,0,592.0,0,592.0,0,0.0,0,0.0,83677397.80694674,0,83677397.80694674,0,0,0
9.5,0,581.68,0,576.3140446314951,0,592.0,0,34.41859666183426,0,0.0,83676959.59904677,0,83676959.59904677,0,0,0
9.5,0,554.0,0,554.0,0,554.0,0,0.0,0,0.4857074999809265,83784583.76404145,0,83784583.76404145,0,0,0
9.5,0,477.73,0,492.75960204836446,0,566.31,0,118.54489562269607,0,8.66693742275238,83647065.06695259,0,83647065.06695259,0,0,0
9.5,0,586.68,0,589.7783366013073,0,592.0,0,8.802695591517342,0,0.0,83702400.94566922,0,83702400.94566922,0,0,0
9.5,0,586.82,0,584.1553752426624,0,592.0,0,23.582313981754087,0,0.0,83698673.23249525,0,83698673.23249525,0,0,0
9.5,0,575.18,0,573.7293741668549,0,578.0,0,12.83824815222906,0,0.0,83663645.39769246,0,83663645.39769246,0,0,0
9.5,0,557.01,0,533.5808255489351,0,569.06,0,72.82842809451212,0,0.0012781500816345,83663879.67897901,0,83663879.67897901,0,0,0
9.5,0,554.0,0,554.0,0,554.0,0,0.0,0,0.2485878252983093,83784552.11458175,0,83784552.11458175,0,0,0
9.5,0,554.0,0,554.0,0,554.0,0,0.0,0,0.5920474195480346,83788982.96919739,0,83788982.96919739,0,0,0
8.676470588235293,0,592.0,0,592.0,0,592.0,0,0.0,0,0.0,49236706.239204094,0,49236706.239204094,0,0,0
9.5,0,589.3,0,597.4898508999601,0,824.0,0,100.93018109118027,0,0.2489953899383545,83677232.01096843,0,83677232.01096843,0,0,0
9.5,0,464.79,0,454.16007981170014,0,504.29,0,46.36920884744637,0,0.1443901491165161,83647308.56102093,0,83647308.56102093,0,0,0
9.5,0,554.0,0,554.0,0,554.0,0,0.0,0,1.704259934425354,83784897.91198626,0,83784897.91198626,0,0,0
9.5,0,549.51,0,553.2897397660819,0,554.0,0,3.00966158842261,0,2.7510767197608947,83784539.04773125,0,83784539.04773125,0,0,0
9.5,0,592.0,0,592.0,0,592.0,0,0.0,0,0.0,100432447.9815721,0,100432447.9815721,0,0,0
9.5,0,581.88,0,590.116793257654,0,592.0,0,5.79736529754023,0,0.0,83698418.8081666,0,83698418.8081666,0,0,0
9.5,0,592.0,0,592.0,0,592.0,0,0.0,0,0.0,83677250.54305768,0,83677250.54305768,0,0,0
9.5,0,587.06,0,574.2271660937101,0,587.06,0,29.42751819778985,0,0.0,83694125.56177099,0,83694125.56177099,0,0,0
9.5,0,581.36,0,581.4107563971976,0,592.0,0,26.971104277294785,0,0.0775947904586792,83681269.79467173,0,83681269.79467173,0,0,0
9.5,0,592.0,0,592.0,0,592.0,0,0.0,0,0.0,83677273.66618766,0,83677273.66618766,0,0,0
9.5,0,578.0,0,578.0,0,578.0,0,0.0,0,0.0,83650911.73531415,0,83650911.73531415,0,0,0
9.5,0,586.68,0,582.6133583573289,0,592.0,0,26.5233013931654,0,0.0,83677276.31937517,0,83677276.31937517,0,0,0
9.5,0,583.21,0,582.6288137739025,0,592.0,0,29.478276618458285,0,0.0027339005470275,83677226.15444669,0,83677226.15444669,0,0,0
9.5,0,547.52,0,572.1401317509459,0,578.0,0,11.56069540675348,0,0.0,83647265.02975526,0,83647265.02975526,0,0,0
9.5,0,549.06,0,550.2022692683134,0,554.0,0,13.757784255679551,0,2.0755426621437074,83789297.32023874,0,83789297.32023874,0,0,0
9.5,0,578.0,0,578.0,0,578.0,0,0.0,0,0.0,83647251.64445099,0,83647251.64445099,0,0,0
9.5,0,549.12,0,547.5856971398055,0,554.0,0,20.26454290172972,0,1.4505105423927307,83789024.45914622,0,83789024.45914622,0,0,0
9.5,0,587.06,0,589.5570268440711,0,592.0,0,9.490290234447022,0,0.0,83677406.68583514,0,83677406.68583514,0,0,0
9.5,0,572.86,0,582.2779787464857,0,592.0,0,17.82129807414883,0,0.0004070997238159,83677054.38559987,0,83677054.38559987,0,0,0
9.5,0,576.67,0,590.4111023391813,0,592.0,0,4.586255246171363,0,0.0,83698553.38128145,0,83698553.38128145,0,0,0
9.5,0,554.0,0,554.0,0,554.0,0,0.0,0,2.4189042448997498,83784943.57988995,0,83784943.57988995,0,0,0
9.5,0,568.58,0,548.2765350653818,0,581.56,0,62.8087141679968,0,0.0,83677549.01823556,0,83677549.01823556,0,0,0
9.5,0,592.0,0,592.0,0,592.0,0,0.0,0,0.0,83677276.71301128,0,83677276.71301128,0,0,0
9.5,0,531.9,0,524.0030469037326,0,549.9,0,61.742231438805895,0,0.0403747606277465,83707202.79738206,0,83707202.79738206,0,0,0
9.5,0,573.21,0,571.7039937089486,0,578.0,0,19.890811577722413,0,0.0015038084983825,83647244.88564935,0,83647244.88564935,0,0,0
9.5,0,586.68,0,585.8940250239956,0,592.0,0,20.109026879048983,0,0.0,83693862.93017499,0,83693862.93017499,0,0,0
9.5,0,578.0,0,578.0,0,578.0,0,0.0,0,0.0,83574028.47141041,0,83574028.47141041,0,0,0
9.5,0,592.0,0,592.0,0,592.0,0,0.0,0,0.0,83693771.25059545,0,83693771.25059545,0,0,0
9.5,0,554.0,0,554.0,0,554.0,0,0.0,0,0.748289771080017,83707283.51053737,0,83707283.51053737,0,0,0
9.5,0,554.0,0,554.0,0,554.0,0,0.0,0,0.7292306637763977,83784707.99040446,0,83784707.99040446,0,0,0
9.5,0,578.0,0,578.0,0,578.0,0,0.0,0,0.0,83663547.45106536,0,83663547.45106536,0,0,0
9.5,0,592.0,0,592.0,0,592.0,0,0.0,0,0.0,83681441.18720067,0,83681441.18720067,0,0,0
9.0,0,592.0,0,592.0,0,592.0,0,0.0,0,0.0,7.371341480928309e-05,0,7.371341480928309e-05,0,0,0
9.5,0,577.78,0,579.2267916807135,0,592.0,0,29.227377330886284,0,0.0009793400764465,83681253.6129039,0,83681253.6129039,0,0,0
9.5,0,578.0,0,578.0,0,578.0,0,0.0,0,0.0,83663887.93566445,0,83663887.93566445,0,0,0
9.5,0,539.46,0,550.8352531819745,0,554.0,0,8.013141735963455,0,0.8642845916748046,83758959.06362174,0,83758959.06362174,0,0,0
9.5,0,564.58,0,571.8201733392597,0,578.0,0,18.513590335729727,0,0.0158012390136718,83585873.71739577,0,83585873.71739577,0,0,0
9.5,0,584.9,0,580.9310008152322,0,592.0,0,26.45437967229793,0,0.0663110399246215,83702449.65247323,0,83702449.65247323,0,0,0
9.5,0,544.64,0,538.7351568091351,0,554.0,0,31.77849307228989,0,1.997749502658844,83789334.10205601,0,83789334.10205601,0,0,0
9.5,0,554.0,0,554.0,0,554.0,0,0.0,0,2.423673675060272,83767501.56081116,0,83767501.56081116,0,0,0
9.5,0,592.0,0,592.0,0,592.0,0,0.0,0,0.0,83677334.90564272,0,83677334.90564272,0,0,0
9.5,0,554.0,0,554.0,0,554.0,0,0.0,0,2.789634702205658,83707282.5599819,0,83707282.5599819,0,0,0
9.5,0,586.94,0,590.2483427072583,0,592.0,0,7.069339417408948,0,0.0,83693933.60832581,0,83693933.60832581,0,0,0
9.5,0,578.0,0,578.0,0,578.0,0,0.0,0,0.0,83651435.55860153,0,83651435.55860153,0,0,0
9.5,0,544.24,0,551.5769759201926,0,554.0,0,7.248815851706554,0,1.4021848678588866,83789163.65372066,0,83789163.65372066,0,0,0
9.5,0,540.28,0,549.3872511451398,0,554.0,0,15.756152809893427,0,1.5442526268959045,83784623.96634518,0,83784623.96634518,0,0,0
9.5,0,544.75,0,540.2318501322379,0,554.0,0,33.33064284843474,0,8.727622857093811,83789249.59535843,0,83789249.59535843,0,0,0
9.5,0,556.99,0,566.1909193460907,0,578.0,0,31.69161451673761,0,0.0316082692146301,83585925.23422708,0,83585925.23422708,0,0,0
9.5,0,554.0,0,554.0,0,554.0,0,0.0,0,0.0725325202941894,83763034.95840852,0,83763034.95840852,0,0,0
9.5,0,502.75,0,512.8603051194591,0,554.0,0,70.00141528084892,0,4.044682996273041,83784890.19916509,0,83784890.19916509,0,0,0
9.5,0,544.12,0,546.9729072234954,0,554.0,0,19.95392175191768,0,2.7341287088394166,83707340.11745645,0,83707340.11745645,0,0,0
9.5,0,554.0,0,554.0,0,554.0,0,0.0,0,2.9727838110923765,83767413.71580657,0,83767413.71580657,0,0,0
9.5,0,591.98,0,591.9647118735238,0,592.0,0,0.0997116593728022,0,0.0,83677457.41901165,0,83677457.41901165,0,0,0
9.5,0,578.0,0,578.0,0,578.0,0,0.0,0,0.0,83663704.93892744,0,83663704.93892744,0,0,0
9.5,0,592.0,0,592.0,0,592.0,0,0.0,0,0.0,83698575.01979469,0,83698575.01979469,0,0,0
9.5,0,554.0,0,554.0,0,554.0,0,0.0,0,2.693702063560486,83707283.64939655,0,83707283.64939655,0,0,0
9.5,0,530.95,0,527.1066485218857,0,554.0,0,34.62528241748461,0,5.36474916934967,83784670.6366856,0,83784670.6366856,0,0,0
9.5,0,539.48,0,552.4956374269005,0,554.0,0,4.322241242311821,0,0.9395938897132874,83784934.90142156,0,83784934.90142156,0,0,0
9.5,0,554.0,0,554.0,0,554.0,0,0.0,0,0.0584537649154663,83767513.44692397,0,83767513.44692397,0,0,0
9.5,0,107.21,0,103.99546705508972,0,367.55,0,88.56501060513962,0,37.46698865890503,83581952.95867784,0,83581952.95867784,0,0,0
9.5,0,545.48,0,538.2654522048299,0,550.42,0,32.181649318640154,0,0.867332067489624,83784577.719274,0,83784577.719274,0,0,0
9.5,0,578.18,0,581.4566983542773,0,592.0,0,35.92701884748505,0,0.0050041389465332,83694031.4125264,0,83694031.4125264,0,0,0
9.5,0,539.18,0,539.9862197818522,0,554.0,0,38.96030718638999,0,0.6260123658180237,83767505.62754111,0,83767505.62754111,0,0,0
9.5,0,564.31,0,568.3590924339248,0,578.0,0,31.05758382139855,0,0.0035038089752197,83663694.12989956,0,83663694.12989956,0,0,0
9.5,0,592.0,0,592.0,0,592.0,0,0.0,0,0.0,83676843.88435446,0,83676843.88435446,0,0,0
9.5,0,592.0,0,592.0,0,592.0,0,0.0,0,0.0,83694077.33194475,0,83694077.33194475,0,0,0
9.5,0,525.06,0,530.4899057572974,0,549.04,0,40.86765406285943,0,3.7655777025222776,83784893.14822604,0,83784893.14822604,0,0,0
9.5,0,554.0,0,554.0,0,554.0,0,0.0,0,0.2102326273918152,83789008.25480758,0,83789008.25480758,0,0,0
9.5,0,586.66,0,588.4287607070432,0,592.0,0,13.269774883669802,0,0.0,83693770.51675136,0,83693770.51675136,0,0,0
9.5,0,554.0,0,554.0,0,554.0,0,0.0,0,0.680270767211914,83789254.2753326,0,83789254.2753326,0,0,0
9.5,0,554.0,0,554.0,0,554.0,0,0.0,0,2.242160460948944,83789044.99538301,0,83789044.99538301,0,0,0
9.5,0,586.85,0,591.7425,0,592.0,0,1.1224164779617234,0,0.0,83677228.7724285,0,83677228.7724285,0,0,0
9.5,0,586.68,0,588.9257724987431,0,592.0,0,11.690682883897944,0,0.0,83677050.71605164,0,83677050.71605164,0,0,0
9.5,0,554.0,0,554.0,0,554.0,0,0.0,0,0.2193472003936767,83767516.2868267,0,83767516.2868267,0,0,0
9.5,0,592.0,0,592.0,0,592.0,0,0.0,0,0.0,83676905.24491015,0,83676905.24491015,0,0,0
9.5,0,552.2,0,540.0515137729487,0,572.82,0,59.94667153161582,0,0.1133038091659545,83646749.64242823,0,83646749.64242823,0,0,0
9.5,0,568.9,0,577.2377360645031,0,592.0,0,43.55989142221088,0,0.0006496119499206,83677496.39054613,0,83677496.39054613,0,0,0
9.5,0,592.0,0,592.0,0,592.0,0,0.0,0,0.0,83677424.04388027,0,83677424.04388027,0,0,0
9.5,0,563.82,0,568.238355250271,0,578.0,0,33.23881638948921,0,0.0325398993492126,83586350.65641224,0,83586350.65641224,0,0,0
9.5,0,549.06,0,553.2185555555556,0,554.0,0,3.311298050513962,0,1.272546398639679,83767415.85618532,0,83767415.85618532,0,0,0
9.5,0,549.04,0,552.6136271069831,0,554.0,0,5.692387776349511,0,0.1604534721374511,83762942.84673135,0,83762942.84673135,0,0,0
9.5,0,592.0,0,592.0,0,592.0,0,0.0,0,0.0,83693881.58416177,0,83693881.58416177,0,0,0
9.5,0,544.32,0,543.5813086902776,0,554.0,0,24.111842369689786,0,1.0200889134407043,83763041.78082468,0,83763041.78082468,0,0,0
9.5,0,586.78,0,589.8200971915081,0,592.0,0,8.637231388669273,0,0.0,83693729.47124043,0,83693729.47124043,0,0,0
9.5,0,554.0,0,554.0,0,554.0,0,0.0,0,3.336496338844299,83767521.71146463,0,83767521.71146463,0,0,0
9.5,0,586.68,0,591.1584444444445,0,592.0,0,3.566013285168883,0,0.0,83677008.01031114,0,83677008.01031114,0,0,0
9.5,0,592.0,0,592.0,0,592.0,0,0.0,0,0.0,83698471.6125078,0,83698471.6125078,0,0,0
9.5,0,592.0,0,592.0,0,592.0,0,0.0,0,0.0,83693982.25722584,0,83693982.25722584,0,0,0
9.5,0,554.0,0,554.0,0,554.0,0,0.0,0,2.9693532514572145,83789302.99719536,0,83789302.99719536,0,0,0
9.5,0,566.68,0,578.4267591871493,0,592.0,0,33.8618104917218,0,0.0058846783638,83693790.23027436,0,83693790.23027436,0,0,0
9.5,0,592.0,0,592.0,0,592.0,0,0.0,0,0.0,83681556.54552439,0,83681556.54552439,0,0,0
9.5,0,578.0,0,578.0,0,578.0,0,0.0,0,0.0,83663771.20373109,0,83663771.20373109,0,0,0
9.5,0,574.74,0,576.1161688620117,0,578.0,0,7.163839511561523,0,0.0,83651172.46770781,0,83651172.46770781,0,0,0
9.5,0,554.0,0,554.0,0,554.0,0,0.0,0,0.2438111090660095,83767457.1036112,0,83767457.1036112,0,0,0
9.5,0,550.23,0,531.716656695257,0,578.0,0,90.5759547713148,0,0.0015710091590881,83663750.203812,0,83663750.203812,0,0,0
9.5,0,578.0,0,578.0,0,578.0,0,0.0,0,0.0,83574164.31538337,0,83574164.31538337,0,0,0
9.5,0,558.23,0,564.9249709720533,0,578.0,0,42.932946795164106,0,0.0160298204421997,83581838.09827259,0,83581838.09827259,0,0,0
9.5,0,578.0,0,578.0,0,578.0,0,0.0,0,0.0,83651076.1316947,0,83651076.1316947,0,0,0
9.5,0,578.0,0,578.0,0,578.0,0,0.0,0,0.0,83647043.33863358,0,83647043.33863358,0,0,0
9.5,0,570.91,0,561.7234404721097,0,587.05,0,54.7204674242653,0,0.0033876800537109,83693965.95954743,0,83693965.95954743,0,0,0
9.5,0,578.0,0,578.0,0,578.0,0,0.0,0,0.0,83651094.65533909,0,83651094.65533909,0,0,0
9.5,0,592.0,0,592.0,0,592.0,0,0.0,0,0.0,83702654.56413087,0,83702654.56413087,0,0,0
9.5,0,588.6,0,591.651052631579,0,592.0,0,1.500222206517997,0,0.0278436803817749,83693978.0744655,0,83693978.0744655,0,0,0
9.5,0,554.0,0,554.0,0,554.0,0,0.0,0,2.6600373220443725,83788972.15661491,0,83788972.15661491,0,0,0
9.5,0,578.0,0,578.0,0,578.0,0,0.0,0,0.0,83650863.95011076,0,83650863.95011076,0,0,0
9.5,0,554.0,0,554.0,0,554.0,0,0.0,0,2.664970779418945,83759127.14029133,0,83759127.14029133,0,0,0
9.5,0,587.75,0,586.413773123806,0,592.0,0,17.648423633678547,0,0.0110968613624572,83677158.13434584,0,83677158.13434584,0,0,0
9.5,0,565.2,0,580.2002448480312,0,592.0,0,37.297102018633225,0,0.1449509382247925,83694081.8123094,0,83694081.8123094,0,0,0
9.5,0,554.0,0,554.0,0,554.0,0,0.0,0,0.4328212618827819,83767611.23703593,0,83767611.23703593,0,0,0
9.5,0,578.0,0,578.0,0,578.0,0,0.0,0,0.0,83663709.99485976,0,83663709.99485976,0,0,0
9.5,0,592.0,0,592.0,0,592.0,0,0.0,0,0.0,83677250.1773534,0,83677250.1773534,0,0,0
9.5,0,554.0,0,554.0,0,554.0,0,0.0,0,3.433045918941498,83789339.71926242,0,83789339.71926242,0,0,0
9.5,0,592.0,0,592.0,0,592.0,0,0.0,0,0.0,83693717.87160677,0,83693717.87160677,0,0,0
9.5,0,592.0,0,592.0,0,592.0,0,0.0,0,0.0,83698568.65261647,0,83698568.65261647,0,0,0
9.5,0,592.0,0,592.0,0,592.0,0,0.0,0,0.0,83694167.43488875,0,83694167.43488875,0,0,0
9.5,0,587.15,0,588.7564586945991,0,592.0,0,12.052136364381743,0,0.0,83702789.54820661,0,83702789.54820661,0,0,0
9.5,0,581.48,0,562.1617788068485,0,586.82,0,59.99750838881564,0,0.0,83698398.88471788,0,83698398.88471788,0,0,0
9.5,0,554.0,0,554.0,0,554.0,0,0.0,0,0.4849431037902832,83759018.22956243,0,83759018.22956243,0,0,0
9.5,0,586.82,0,573.3637085759957,0,586.82,0,30.857195195253325,0,0.0094214415550231,83698468.67949271,0,83698468.67949271,0,0,0
9.5,0,592.0,0,592.0,0,592.0,0,0.0,0,0.0,83698426.20212023,0,83698426.20212023,0,0,0
9.5,0,574.19,0,566.5696062256887,0,634.98,0,33.49252256013383,0,0.0628107810020446,83647504.01995756,0,83647504.01995756,0,0,0
9.5,0,536.85,0,525.6865982133191,0,554.0,0,35.62316000406131,0,3.370417377948761,83789008.21272086,0,83789008.21272086,0,0,0
9.5,0,559.09,0,560.3975586664798,0,588.38,0,72.84179934496302,0,0.1059251999855041,83677401.8755164,0,83677401.8755164,0,0,0
9.5,0,563.73,0,544.4259754281236,0,577.2,0,52.49241330757423,0,0.4299370503425598,83677542.41049637,0,83677542.41049637,0,0,0
9.5,0,544.64,0,536.2526559766343,0,549.44,0,32.67262531601522,0,0.9214260745048524,83762936.3795057,0,83762936.3795057,0,0,0
9.5,0,553.99,0,576.5349172333084,0,592.0,0,40.52430517410543,0,0.1037951707839965,83702831.38321738,0,83702831.38321738,0,0,0
9.5,0,554.0,0,554.0,0,554.0,0,0.0,0,5.608773396015168,83759261.45631711,0,83759261.45631711,0,0,0
9.5,0,554.0,0,554.0,0,554.0,0,0.0,0,0.1528350496292114,83759022.39922985,0,83759022.39922985,0,0,0
9.5,0,534.64,0,551.4453058135534,0,554.0,0,6.360757395508028,0,2.168812794685364,83784954.03513208,0,83784954.03513208,0,0,0
9.5,0,554.76,0,549.0578115316057,0,592.0,0,47.13849198337182,0,0.0,83681562.55492409,0,83681562.55492409,0,0,0
9.5,0,578.0,0,578.0,0,578.0,0,0.0,0,0.0,83647025.8325494,0,83647025.8325494,0,0,0
9.5,0,592.0,0,592.0,0,592.0,0,0.0,0,0.0,83676950.18973134,0,83676950.18973134,0,0,0
9.5,0,562.6,0,558.621475946654,0,578.0,0,49.192538702153605,0,0.0216402506828308,83573919.45596223,0,83573919.45596223,0,0,0
9.5,0,73.38,0,72.68848868859898,0,125.92,0,22.81367394678652,0,92.47654795408248,83586376.05279292,0,83586376.05279292,0,0,0
9.5,0,592.0,0,592.0,0,592.0,0,0.0,0,0.0,83677054.61388363,0,83677054.61388363,0,0,0
9.5,0,588.59,0,591.6500263157894,0,592.0,0,1.504634624772462,0,0.0066100192070007,83677253.22663411,0,83677253.22663411,0,0,0
9.5,0,588.38,0,587.84518244114,0,592.0,0,13.683210019202502,0,0.0,83677646.32119127,0,83677646.32119127,0,0,0
9.5,0,586.78,0,590.1929543343654,0,592.0,0,7.292875841674843,0,0.0,83681069.23316087,0,83681069.23316087,0,0,0
9.5,0,554.0,0,554.0,0,554.0,0,0.0,0,3.195334072113037,83767478.16541193,0,83767478.16541193,0,0,0
9.5,0,554.0,0,554.0,0,554.0,0,0.0,0,4.853300886154175,83759028.29535913,0,83759028.29535913,0,0,0
9.5,0,586.66,0,584.9810702308528,0,592.0,0,22.17472522443375,0,0.0199316310882568,83681445.92419165,0,83681445.92419165,0,0,0
9.5,0,591.96,0,591.950757080381,0,592.0,0,0.1091258091032595,0,0.0,83677178.59300157,0,83677178.59300157,0,0,0
9.5,0,487.21,0,509.5384903000767,0,547.36,0,60.17708143823605,0,7.375936088562011,83784821.74824966,0,83784821.74824966,0,0,0
9.5,0,578.0,0,578.0,0,578.0,0,0.0,0,0.0,83573873.21003143,0,83573873.21003143,0,0,0
9.5,0,587.64,0,587.6187122377107,0,592.0,0,14.95464811672316,0,0.0,83702386.97397026,0,83702386.97397026,0,0,0
9.5,0,549.94,0,545.4831769919966,0,554.0,0,22.155369207090448,0,4.73095362663269,83789250.87154156,0,83789250.87154156,0,0,0
9.5,0,592.0,0,592.0,0,592.0,0,0.0,0,0.0,83694133.55232294,0,83694133.55232294,0,0,0
9.5,0,554.0,0,554.0,0,554.0,0,0.0,0,0.1601351308822632,83763331.66546705,0,83763331.66546705,0,0,0
9.5,0,586.68,0,591.734,0,592.0,0,1.159467118981819,0,0.0,83681138.18564864,0,83681138.18564864,0,0,0
9.5,0,578.0,0,578.0,0,578.0,0,0.0,0,0.0,83646514.31130278,0,83646514.31130278,0,0,0
9.5,0,578.0,0,578.0,0,578.0,0,0.0,0,0.0,83574183.10518667,0,83574183.10518667,0,0,0
9.5,0,554.0,0,554.0,0,554.0,0,0.0,0,0.5239933562278748,83789197.31152922,0,83789197.31152922,0,0,0
9.5,0,592.0,0,592.0,0,592.0,0,0.0,0,0.0,83677226.4540391,0,83677226.4540391,0,0,0
9.5,0,554.0,0,554.0,0,554.0,0,0.0,0,0.3572455263137817,83784803.40863639,0,83784803.40863639,0,0,0
9.5,0,770.0,0,1086.4249925577517,0,2124.99,0,593.1591648489275,0,4.2917067384719845,83676882.27618328,0,83676882.27618328,0,0,0
9.5,0,554.0,0,554.0,0,554.0,0,0.0,0,3.966539940834045,83707287.6561134,0,83707287.6561134,0,0,0
9.5,0,554.0,0,554.0,0,554.0,0,0.0,0,0.2074241590499878,83784618.79920046,0,83784618.79920046,0,0,0
9.5,0,578.0,0,578.0,0,578.0,0,0.0,0,0.0,83651087.70354931,0,83651087.70354931,0,0,0
9.5,0,539.46,0,534.6924258116323,0,549.9,0,36.09664347479609,0,4.200097258090973,83758953.79124442,0,83758953.79124442,0,0,0
9.5,0,586.66,0,572.7880702308528,0,586.66,0,31.810313193562315,0,0.0016275286674499,83677257.60313521,0,83677257.60313521,0,0,0
9.5,0,581.99,0,589.0238257554709,0,592.0,0,10.78889867672619,0,0.0,83698656.66393661,0,83698656.66393661,0,0,0
9.5,0,592.0,0,592.0,0,592.0,0,0.0,0,0.0,83702405.36086886,0,83702405.36086886,0,0,0
9.5,0,592.0,0,592.0,0,592.0,0,0.0,0,0.0,83698580.72261909,0,83698580.72261909,0,0,0
9.5,0,545.87,0,550.082757789553,0,554.0,0,15.16832062169332,0,0.6087058067321778,83767582.98963553,0,83767582.98963553,0,0,0
9.5,0,549.0,0,552.9149466804266,0,554.0,0,4.527986833694771,0,1.5795003008842468,83784888.73646484,0,83784888.73646484,0,0,0
9.5,0,551.04,0,553.5482366701067,0,555.12,0,2.2561540717124893,0,6.337260882854462,83711428.00199623,0,83711428.00199623,0,0,0
9.5,0,552.51,0,553.1389851547232,0,554.0,0,3.2742702062045,0,1.5876475501060483,83789113.64729537,0,83789113.64729537,0,0,0
9.5,0,582.12,0,578.0256655207537,0,592.0,0,29.417783879737986,0,0.0,83677511.3005614,0,83677511.3005614,0,0,0
9.5,0,592.0,0,592.0,0,592.0,0,0.0,0,0.0,83698461.85230693,0,83698461.85230693,0,0,0
9.5,0,586.68,0,588.9257724987431,0,592.0,0,11.690682883897944,0,0.0,83677422.73872083,0,83677422.73872083,0,0,0
9.5,0,816.55,0,557.866744861176,0,3039.97,0,913.2093877948904,0,6.063902471065521,83681384.53622639,0,83681384.53622639,0,0,0
9.5,0,554.0,0,554.0,0,554.0,0,0.0,0,1.519513030052185,83789149.28139643,0,83789149.28139643,0,0,0
9.5,0,567.87,0,559.9321886971388,0,573.05,0,30.616042899061203,0,0.0,83581844.40116656,0,83581844.40116656,0,0,0
9.5,0,592.0,0,592.0,0,592.0,0,0.0,0,0.0,83677370.73593503,0,83677370.73593503,0,0,0
9.5,0,578.0,0,578.0,0,578.0,0,0.0,0,0.0,83650911.77341498,0,83650911.77341498,0,0,0
9.5,0,592.0,0,592.0,0,592.0,0,0.0,0,0.0,83698598.67384894,0,83698598.67384894,0,0,0
9.5,0,592.0,0,592.0,0,592.0,0,0.0,0,0.0,83676854.02337179,0,83676854.02337179,0,0,0
9.5,0,578.0,0,578.0,0,578.0,0,0.0,0,0.0,83650954.93843228,0,83650954.93843228,0,0,0
9.5,0,567.84,0,563.6296317500869,0,578.0,0,30.25148625689654,0,0.0,83647254.70784765,0,83647254.70784765,0,0,0
9.5,0,587.16,0,594.1619619261028,0,733.72,0,45.66793999274344,0,0.0058870410919189,83663527.14491008,0,83663527.14491008,0,0,0
9.5,0,554.0,0,554.0,0,554.0,0,0.0,0,2.919079666137695,83789114.51746291,0,83789114.51746291,0,0,0
9.5,0,592.0,0,592.0,0,592.0,0,0.0,0,0.0,83702716.69650307,0,83702716.69650307,0,0,0
9.5,0,473.57,0,508.43551406045793,0,554.0,0,49.07433648786232,0,3.2093157315254213,83789288.9190749,0,83789288.9190749,0,0,0
9.5,0,572.82,0,572.7947085759956,0,578.0,0,17.767219551519716,0,0.0,83647270.63066392,0,83647270.63066392,0,0,0
9.5,0,568.02,0,554.6645582217061,0,578.0,0,37.44794926390738,0,0.0,83581812.04611994,0,83581812.04611994,0,0,0
9.5,0,544.16,0,523.5582417737062,0,544.24,0,34.561934026699994,0,0.3482440471649169,83707277.06417644,0,83707277.06417644,0,0,0
9.5,0,554.0,0,554.0,0,554.0,0,0.0,0,0.8955486416816711,83711511.80441739,0,83711511.80441739,0,0,0
9.5,0,581.56,0,567.48959797942,0,592.0,0,39.235187524049934,0,0.0,83681107.07321258,0,83681107.07321258,0,0,0
9.5,0,592.0,0,592.0,0,592.0,0,0.0,0,0.0,83677116.6622625,0,83677116.6622625,0,0,0
9.5,0,554.0,0,554.0,0,554.0,0,0.0,0,2.27893212556839,83784637.75638458,0,83784637.75638458,0,0,0
9.5,0,572.99,0,576.9127765737874,0,578.0,0,4.537042807362161,0,0.0250406384468078,83647313.97234347,0,83647313.97234347,0,0,0
9.5,0,592.0,0,592.0,0,592.0,0,0.0,0,0.0,83676841.10028732,0,83676841.10028732,0,0,0
9.5,0,554.0,0,554.0,0,554.0,0,0.0,0,1.032318193912506,83767477.82984923,0,83767477.82984923,0,0,0
9.5,0,572.82,0,575.4383398891271,0,578.0,0,9.951356966484934,0,0.0,83646609.33803318,0,83646609.33803318,0,0,0
9.5,0,498.62,0,495.9315257794322,0,550.2,0,75.3095113119043,0,0.0700634121894836,83651076.23758894,0,83651076.23758894,0,0,0
9.5,0,467.51,0,490.1280200293773,0,1307.86,0,270.44410836621233,0,9.15738251209259,83789259.10612889,0,83789259.10612889,0,0,0
9.5,0,574.4,0,573.8681372342828,0,578.0,0,13.607612173792544,0,0.0,83646748.4640494,0,83646748.4640494,0,0,0
9.5,0,520.35,0,498.64332244187705,0,554.0,0,41.81480816089034,0,9.557389831542968,83759264.72717893,0,83759264.72717893,0,0,0
9.5,0,554.0,0,554.0,0,554.0,0,0.0,0,0.0516672420501709,83707324.52900758,0,83707324.52900758,0,0,0
9.5,0,592.0,0,592.0,0,592.0,0,0.0,0,0.0,83698536.96263579,0,83698536.96263579,0,0,0
9.5,0,578.0,0,578.0,0,578.0,0,0.0,0,0.0,83647393.75309813,0,83647393.75309813,0,0,0
9.5,0,578.0,0,578.0,0,578.0,0,0.0,0,0.0,83586224.44635841,0,83586224.44635841,0,0,0
9.5,0,592.0,0,592.0,0,592.0,0,0.0,0,0.0,83702401.24726453,0,83702401.24726453,0,0,0
9.5,0,575.6,0,574.8454248228551,0,578.0,0,9.966168640194944,0,0.0040215611457824,83663778.3228621,0,83663778.3228621,0,0,0
9.5,0,592.0,0,592.0,0,592.0,0,0.0,0,0.0,83693858.7873308,0,83693858.7873308,0,0,0
9.5,0,592.0,0,592.0,0,592.0,0,0.0,0,0.0,83677276.7045648,0,83677276.7045648,0,0,0
9.5,0,549.06,0,543.6371660937102,0,554.0,0,26.957518197789856,0,0.2136046147346496,83763365.82629141,0,83763365.82629141,0,0,0
9.5,0,549.24,0,548.536759231996,0,554.0,0,17.99228720757014,0,4.000531620979309,83711514.95316681,0,83711514.95316681,0,0,0
9.5,0,586.82,0,589.4383398891271,0,592.0,0,9.951356966484934,0,0.0179718780517578,83693989.11780718,0,83693989.11780718,0,0,0
9.5,0,527.5,0,530.3251278569212,0,554.0,0,42.422000677195335,0,1.0699853205680847,83759054.1392603,0,83759054.1392603,0,0,0
9.5,0,589.07,0,590.3068634250596,0,592.0,0,6.438665573274619,0,0.0180468797683715,83677177.32907096,0,83677177.32907096,0,0,0
9.5,0,592.0,0,592.0,0,592.0,0,0.0,0,0.0,83677443.5130932,0,83677443.5130932,0,0,0
9.5,0,546.95,0,551.9532579088439,0,578.0,0,34.63617772201708,0,0.3824192428588867,83651404.73433971,0,83651404.73433971,0,0,0
9.5,0,586.78,0,591.739,0,592.0,0,1.1376726242641158,0,0.0,83694019.59136763,0,83694019.59136763,0,0,0
9.5,0,581.36,0,584.461358357329,0,592.0,0,24.439080330474013,0,0.0,83693945.94148283,0,83693945.94148283,0,0,0
9.5,0,578.0,0,578.0,0,578.0,0,0.0,0,0.0,83663888.22214842,0,83663888.22214842,0,0,0
9.5,0,554.0,0,554.0,0,554.0,0,0.0,0,3.783936557769776,83763036.47143474,0,83763036.47143474,0,0,0
9.5,0,554.0,0,554.0,0,554.0,0,0.0,0,2.511531593799591,83707362.09353429,0,83707362.09353429,0,0,0
9.5,0,592.0,0,592.0,0,592.0,0,0.0,0,0.0,83677228.79315563,0,83677228.79315563,0,0,0
9.5,0,581.99,0,575.5107926986584,0,592.0,0,32.63452194527251,0,0.020691750049591,83677528.256524,0,83677528.256524,0,0,0
9.5,0,549.16,0,545.4602733927579,0,554.0,0,24.130221568218147,0,0.2421797895431518,83784937.49853306,0,83784937.49853306,0,0,0
9.5,0,549.06,0,552.6192173202614,0,554.0,0,5.669434599831972,0,4.398162467479706,83767516.6625741,0,83767516.6625741,0,0,0
9.5,0,549.69,0,551.1175952523139,0,554.0,0,10.710249016594911,0,0.8075246500968933,83707275.30891728,0,83707275.30891728,0,0,0
9.5,0,578.0,0,578.0,0,578.0,0,0.0,0,0.0,83586110.59349218,0,83586110.59349218,0,0,0
9.5,0,574.74,0,576.8714619023048,0,578.0,0,4.554554644417622,0,0.0004986405372619,83650868.67252465,0,83650868.67252465,0,0,0
9.5,0,534.22,0,509.6367095816979,0,549.06,0,68.23222895780972,0,0.901691641807556,83784699.90590997,0,83784699.90590997,0,0,0
9.5,0,581.66,0,584.5529036911661,0,592.0,0,19.09518314639424,0,0.0,83677062.97360252,0,83677062.97360252,0,0,0
9.5,0,578.0,0,578.0,0,578.0,0,0.0,0,0.0,83574030.80624074,0,83574030.80624074,0,0,0
9.5,0,549.06,0,548.3301660937103,0,554.0,0,18.672667816259768,0,3.186728708744049,83784539.30447339,0,83784539.30447339,0,0,0
9.5,0,554.0,0,554.0,0,554.0,0,0.0,0,2.242389943599701,83759244.28656512,0,83759244.28656512,0,0,0
9.5,0,592.0,0,592.0,0,592.0,0,0.0,0,0.0,83693837.11926374,0,83693837.11926374,0,0,0
9.5,0,578.0,0,578.0,0,578.0,0,0.0,0,0.0,83647406.49311087,0,83647406.49311087,0,0,0
9.5,0,582.35,0,590.7612719298245,0,592.0,0,5.281888179253485,0,0.0011127018928527,83681197.864825,0,83681197.864825,0,0,0
9.5,0,549.06,0,543.6371660937102,0,554.0,0,26.957518197789856,0,3.552533926963806,83763034.93482938,0,83763034.93482938,0,0,0
9.5,0,554.0,0,554.0,0,554.0,0,0.0,0,2.5657774114608767,83784850.96002543,0,83784850.96002543,0,0,0
9.5,0,572.82,0,567.1337085759956,0,578.0,0,28.26719519525333,0,0.0,83646614.46067773,0,83646614.46067773,0,0,0
9.5,0,544.12,0,551.5471846405229,0,554.0,0,7.337940636768519,0,6.324243326187133,83759343.26334038,0,83759343.26334038,0,0,0
9.5,0,578.0,0,578.0,0,578.0,0,0.0,0,0.0,83581724.9725325,0,83581724.9725325,0,0,0
9.5,0,567.76,0,577.2185263157895,0,578.0,0,2.6792800167395128,0,0.0021126389503479,83647288.37804095,0,83647288.37804095,0,0,0
9.5,0,549.0,0,547.4279683809483,0,554.0,0,20.762851333739462,0,2.2330421876907347,83759076.31003769,0,83759076.31003769,0,0,0
9.5,0,554.0,0,554.0,0,554.0,0,0.0,0,3.991403279304504,83789054.33148043,0,83789054.33148043,0,0,0
9.5,0,554.0,0,554.0,0,554.0,0,0.0,0,2.05210752248764,83784635.75126758,0,83784635.75126758,0,0,0
9.5,0,578.0,0,578.0,0,578.0,0,0.0,0,0.0,83586096.43726157,0,83586096.43726157,0,0,0
9.5,0,575.98,0,583.2029052757529,0,592.0,0,28.20033795115537,0,0.0,83698582.60044356,0,83698582.60044356,0,0,0
8.521739130434783,0,554.0,0,554.0,0,554.0,0,0.0,0,4.143683526826941,72860249.22789179,0,72860249.22789179,0,0,0
9.5,0,567.64,0,574.0041325526039,0,578.0,0,15.157811288286414,0,0.0,83573874.18455833,0,83573874.18455833,0,0,0
9.5,0,554.0,0,554.0,0,554.0,0,0.0,0,0.6270540523529052,83758948.76563959,0,83758948.76563959,0,0,0
9.5,0,578.0,0,578.0,0,578.0,0,0.0,0,0.0,83574011.41024266,0,83574011.41024266,0,0,0
9.5,0,554.0,0,554.0,0,554.0,0,0.0,0,2.878729963302612,83767567.68028,0,83767567.68028,0,0,0
9.5,0,577.11,0,576.9247993622735,0,592.0,0,28.32790782166916,0,0.0,83698525.97955231,0,83698525.97955231,0,0,0
9.5,0,554.0,0,554.0,0,554.0,0,0.0,0,0.189475359916687,83784947.75677179,0,83784947.75677179,0,0,0
9.5,0,548.6,0,572.3453458892328,0,578.0,0,11.159898793428406,0,0.0,83663710.89161634,0,83663710.89161634,0,0,0
9.5,0,554.0,0,554.0,0,554.0,0,0.0,0,2.9624604892730715,83759191.67465153,0,83759191.67465153,0,0,0
9.5,0,591.98,0,591.9770452068572,0,592.0,0,0.0755978454099585,0,0.0,83676911.82555065,0,83676911.82555065,0,0,0
9.5,0,572.88,0,572.1235729554243,0,578.0,0,19.3530484249494,0,0.001154351234436,83574026.37382032,0,83574026.37382032,0,0,0
9.5,0,554.0,0,554.0,0,554.0,0,0.0,0,1.3488923335075378,83767462.22773325,0,83767462.22773325,0,0,0
9.5,0,554.56,0,554.0427368421052,0,554.56,0,0.1465231259154421,0,2.7594498920440675,83784602.83602905,0,83784602.83602905,0,0,0
9.5,0,545.22,0,545.0773100959927,0,554.0,0,30.253869788793555,0,4.214231054782868,83759298.71784808,0,83759298.71784808,0,0,0
9.5,0,592.0,0,592.0,0,592.0,0,0.0,0,0.0,83677365.56643437,0,83677365.56643437,0,0,0
9.5,0,554.0,0,554.0,0,554.0,0,0.0,0,0.203994128704071,83784628.91592184,0,83784628.91592184,0,0,0
9.5,0,587.78,0,590.82046499828,0,592.0,0,4.843120245200592,0,0.0007508897781372,83681441.58764839,0,83681441.58764839,0,0,0
9.5,0,550.11,0,560.8121854566572,0,578.0,0,24.84443210949144,0,0.0187272000312805,83647077.06913948,0,83647077.06913948,0,0,0
9.5,0,573.49,0,577.7745,0,578.0,0,0.9829317117684218,0,0.0008764791488647,83663880.72857192,0,83663880.72857192,0,0,0
9.5,0,543.7,0,536.8405297599718,0,578.0,0,55.88277044793422,0,0.0006445002555847,83663521.56080827,0,83663521.56080827,0,0,0
9.5,0,572.82,0,576.875884760922,0,578.0,0,4.690994359707783,0,0.0,83647398.48887254,0,83647398.48887254,0,0,0
9.5,0,578.0,0,578.0,0,578.0,0,0.0,0,0.0,83650802.5470339,0,83650802.5470339,0,0,0
9.5,0,586.82,0,582.8603752426624,0,592.0,0,25.825319777555784,0,0.0128552198410034,83702697.63169104,0,83702697.63169104,0,0,0
9.5,0,592.0,0,592.0,0,592.0,0,0.0,0,0.0,83702705.90621251,0,83702705.90621251,0,0,0
9.5,0,573.0,0,570.4279683809483,0,578.0,0,22.762851333739462,0,0.0001631093025207,83650889.43385498,0,83650889.43385498,0,0,0
9.5,0,544.1,0,550.8606539510541,0,554.0,0,12.665694559719888,0,2.1428711366653443,83784596.54440784,0,83784596.54440784,0,0,0
9.5,0,583.44,0,590.3553298933608,0,592.0,0,5.156990601709193,0,0.0,83676861.61633918,0,83676861.61633918,0,0,0
9.5,0,581.34,0,578.5081190643722,0,592.0,0,41.3950762768352,0,0.0106277608871459,83676995.01016119,0,83676995.01016119,0,0,0
9.5,0,581.5,0,584.4908264515841,0,592.0,0,26.81846038206381,0,0.0,83693813.29375976,0,83693813.29375976,0,0,0
9.5,0,578.0,0,578.0,0,578.0,0,0.0,0,0.0,83647243.91297472,0,83647243.91297472,0,0,0
9.5,0,592.0,0,592.0,0,592.0,0,0.0,0,0.0,83676858.08354303,0,83676858.08354303,0,0,0
9.5,0,572.82,0,572.0547085759956,0,578.0,0,19.57984196117928,0,0.0,83574159.15343791,0,83574159.15343791,0,0,0
9.5,0,571.32,0,575.5977204134016,0,578.0,0,9.460004867920594,0,0.0,83573736.79885757,0,83573736.79885757,0,0,0
9.5,0,592.0,0,592.0,0,592.0,0,0.0,0,0.0,83676858.50094578,0,83676858.50094578,0,0,0
9.5,0,540.39,0,549.181539187249,0,592.0,0,44.762458691158514,0,0.087154266834259,83681547.21583466,0,83681547.21583466,0,0,0
9.5,0,554.0,0,554.0,0,554.0,0,0.0,0,3.7496480894088746,83763347.09603913,0,83763347.09603913,0,0,0
9.5,0,543.07,0,546.097843571762,0,578.0,0,47.404229322285126,0,0.0478540635108947,83647081.5788093,0,83647081.5788093,0,0,0
9.5,0,567.77,0,575.4562309081526,0,578.0,0,7.614198044969339,0,0.0,83647075.76825884,0,83647075.76825884,0,0,0
9.5,0,588.38,0,590.2098050962626,0,592.0,0,6.954423208238507,0,0.0,83698653.10295872,0,83698653.10295872,0,0,0
9.5,0,592.0,0,592.0,0,592.0,0,0.0,0,0.0,83681458.68031771,0,83681458.68031771,0,0,0
9.5,0,578.0,0,578.0,0,578.0,0,0.0,0,0.0,83647088.53640415,0,83647088.53640415,0,0,0
9.5,0,578.0,0,578.0,0,578.0,0,0.0,0,0.0,83650896.05824217,0,83650896.05824217,0,0,0
9.5,0,549.44,0,547.0943071634248,0,554.0,0,20.759720416370392,0,0.0366793489456176,83759027.27554418,0,83759027.27554418,0,0,0
9.5,0,547.52,0,555.344052446006,0,578.0,0,43.37630428620758,0,0.0,83581753.7107053,0,83581753.7107053,0,0,0
9.5,0,554.0,0,554.0,0,554.0,0,0.0,0,3.3217673897743225,83784552.00788604,0,83784552.00788604,0,0,0
9.5,0,567.64,0,559.2890838186581,0,578.0,0,35.99754054188956,0,0.0,83646770.5240542,0,83646770.5240542,0,0,0
9.5,0,578.0,0,578.0,0,578.0,0,0.0,0,0.0,83581794.78248942,0,83581794.78248942,0,0,0
9.5,0,497.46,0,532.6157366918428,0,554.0,0,30.739629409110822,0,1.5224511456489562,83789302.90865949,0,83789302.90865949,0,0,0
9.5,0,592.0,0,592.0,0,592.0,0,0.0,0,0.0,83702767.56606242,0,83702767.56606242,0,0,0
9.5,0,578.0,0,578.0,0,578.0,0,0.0,0,0.0,83651385.30926873,0,83651385.30926873,0,0,0
9.5,0,592.0,0,592.0,0,592.0,0,0.0,0,0.0,83693722.57842065,0,83693722.57842065,0,0,0
9.5,0,578.12,0,578.0501127082412,0,578.84,0,0.1985570434176844,0,0.0,83585881.76801416,0,83585881.76801416,0,0,0
9.5,0,554.0,0,554.0,0,554.0,0,0.0,0,0.8821912145614624,83784791.6758044,0,83784791.6758044,0,0,0
9.5,0,534.92,0,510.66762734169856,0,544.96,0,37.34783696614405,0,3.022450737953186,83767508.4851243,0,83767508.4851243,0,0,0
9.5,0,592.0,0,592.0,0,592.0,0,0.0,0,0.0,83702653.07834812,0,83702653.07834812,0,0,0
9.5,0,581.62,0,587.2544815063677,0,592.0,0,13.17833190900069,0,0.0079806900024414,83681182.1255346,0,83681182.1255346,0,0,0
9.5,0,578.29,0,585.2003016548725,0,592.0,0,23.32575155171264,0,0.0017357492446899,83677278.31576926,0,83677278.31576926,0,0,0
9.5,0,554.0,0,554.0,0,554.0,0,0.0,0,2.113165283203125,83711527.60813251,0,83711527.60813251,0,0,0
9.5,0,576.1,0,589.0586762125903,0,592.0,0,12.123337138059316,0,0.0001570200920104,83681137.0043379,0,83681137.0043379,0,0,0
9.5,0,554.0,0,554.0,0,554.0,0,0.0,0,3.3183756375312807,83762993.65003397,0,83762993.65003397,0,0,0
9.5,0,554.0,0,554.0,0,554.0,0,0.0,0,1.0243468356132508,83784629.53604867,0,83784629.53604867,0,0,0
9.5,0,546.51,0,541.9695966346604,0,554.0,0,24.822828582436884,0,0.4948050928115844,83784864.50600776,0,83784864.50600776,0,0,0
9.5,0,544.1,0,545.7704286208287,0,554.0,0,23.141466849887728,0,2.6507945394516,83784781.72937691,0,83784781.72937691,0,0,0
9.5,0,578.0,0,578.0,0,578.0,0,0.0,0,0.0,83647337.24196725,0,83647337.24196725,0,0,0
9.5,0,550.64,0,550.1435947519972,0,554.0,0,12.70043802887304,0,6.701610469818116,83767587.03816418,0,83767587.03816418,0,0,0
9.5,0,549.06,0,549.0358803794245,0,554.0,0,16.944027912067067,0,3.5969437050819395,83789055.49158598,0,83789055.49158598,0,0,0
9.5,0,574.52,0,576.2790391533131,0,578.0,0,6.685467614549724,0,0.0,83651077.97640356,0,83651077.97640356,0,0,0
9.5,0,545.82,0,545.394703890279,0,554.0,0,21.01807986524232,0,3.2599279999732973,83763355.1392392,0,83763355.1392392,0,0,0
9.5,0,570.72,0,546.4734334293157,0,592.0,0,73.07503512638306,0,0.0,83677119.4638148,0,83677119.4638148,0,0,0
9.5,0,572.82,0,572.7947085759956,0,578.0,0,17.767219551519716,0,0.0,83663867.97705935,0,83663867.97705935,0,0,0
9.5,0,592.0,0,592.0,0,592.0,0,0.0,0,0.0,83677274.74858643,0,83677274.74858643,0,0,0
9.5,0,574.52,0,570.69986599314,0,578.0,0,18.990316463220385,0,0.099719500541687,83651191.71959755,0,83651191.71959755,0,0,0
9.5,0,575.22,0,579.0501360139689,0,592.0,0,28.35622173777485,0,0.0151662802696228,83677427.53844078,0,83677427.53844078,0,0,0
9.5,0,412.43,0,442.4303496654275,0,659.27,0,183.4787258776006,0,0.2478964734077453,83581960.93719946,0,83581960.93719946,0,0,0
9.5,0,554.0,0,554.0,0,554.0,0,0.0,0,0.7038687992095948,83759099.19124316,0,83759099.19124316,0,0,0
9.5,0,562.84,0,574.6910742174063,0,578.0,0,8.397378440271659,0,0.0194470500946044,83647073.47962448,0,83647073.47962448,0,0,0
9.5,0,531.8,0,507.3642488754795,0,540.5,0,61.16034527982504,0,0.2446975517272949,83759163.70948252,0,83759163.70948252,0,0,0
9.5,0,576.34,0,579.2359094566424,0,592.0,0,27.623245894650378,0,0.0,83693743.48006228,0,83693743.48006228,0,0,0
9.5,0,554.0,0,554.0,0,554.0,0,0.0,0,1.8014146137237548,83759189.58740297,0,83759189.58740297,0,0,0
9.5,0,524.18,0,512.7661418331411,0,555.5,0,43.75939080097682,0,0.0,83698532.08776401,0,83698532.08776401,0,0,0
9.5,0,578.0,0,578.0,0,578.0,0,0.0,0,0.0,83650844.30942783,0,83650844.30942783,0,0,0
9.5,0,588.38,0,591.2144213966288,0,592.0,0,3.2782624675950136,0,0.0,83676868.30292748,0,83676868.30292748,0,0,0
9.5,0,592.0,0,592.0,0,592.0,0,0.0,0,0.0,83677400.21691059,0,83677400.21691059,0,0,0
9.5,0,586.68,0,591.4540000000001,0,592.0,0,2.347406511375219,0,0.0,83693910.00230242,0,83693910.00230242,0,0,0
9.5,0,554.0,0,554.0,0,554.0,0,0.0,0,5.125129206180572,83759350.38392758,0,83759350.38392758,0,0,0
9.5,0,549.44,0,550.95040240152,0,554.0,0,11.33149315908882,0,0.8179418992996216,83759121.9277481,0,83759121.9277481,0,0,0
9.5,0,554.0,0,554.0,0,554.0,0,0.0,0,0.5197597551345825,83759029.18401517,0,83759029.18401517,0,0,0
9.5,0,592.0,0,592.0,0,592.0,0,0.0,0,0.0,83698667.3287763,0,83698667.3287763,0,0,0
9.5,0,592.0,0,592.0,0,592.0,0,0.0,0,0.0,83681199.8337193,0,83681199.8337193,0,0,0
9.5,0,577.35,0,577.4280763657138,0,578.0,0,2.014510062826932,0,4.446434841156006,83647432.19683631,0,83647432.19683631,0,0,0
9.5,0,592.0,0,592.0,0,592.0,0,0.0,0,0.0,83676854.42646493,0,83676854.42646493,0,0,0
9.5,0,592.0,0,592.0,0,592.0,0,0.0,0,0.0,83677453.57830787,0,83677453.57830787,0,0,0
9.5,0,572.8,0,572.0317537828528,0,578.0,0,19.65543980658923,0,0.0186220288276672,83647396.29545437,0,83647396.29545437,0,0,0
9.5,0,554.0,0,554.0,0,554.0,0,0.0,0,4.533434145450592,83711500.63934092,0,83711500.63934092,0,0,0
9.5,0,591.92,0,591.9692435424912,0,592.0,0,0.0619402766629505,0,0.0,83698576.0477921,0,83698576.0477921,0,0,0
9.5,0,554.0,0,554.0,0,554.0,0,0.0,0,2.497911374568939,83784823.05287527,0,83784823.05287527,0,0,0
9.5,0,586.68,0,582.6133583573289,0,592.0,0,26.5233013931654,0,0.0,83698472.35189953,0,83698472.35189953,0,0,0
9.5,0,554.0,0,554.0,0,554.0,0,0.0,0,0.0029075717926025,100511164.84923545,0,100511164.84923545,0,0,0
9.5,0,586.68,0,588.9257724987431,0,592.0,0,11.690682883897944,0,0.0,83681349.6627087,0,83681349.6627087,0,0,0
9.5,0,578.0,0,578.0,0,578.0,0,0.0,0,0.0,83647332.8023395,0,83647332.8023395,0,0,0
9.5,0,554.0,0,554.0,0,554.0,0,0.0,0,1.5700572085380555,83784783.77807644,0,83784783.77807644,0,0,0
9.5,0,549.06,0,543.6371660937102,0,554.0,0,26.957518197789856,0,0.807879855632782,83763084.40704417,0,83763084.40704417,0,0,0
9.5,0,578.0,0,578.0,0,578.0,0,0.0,0,0.0,83573770.51153804,0,83573770.51153804,0,0,0
9.5,0,592.0,0,592.0,0,592.0,0,0.0,0,0.0,83676990.1074251,0,83676990.1074251,0,0,0
9.5,0,549.06,0,553.753,0,554.0,0,1.0766480390545463,0,1.6681160974502562,83784868.77632535,0,83784868.77632535,0,0,0
9.5,0,577.24,0,589.6092428620572,0,592.0,0,6.412395702097692,0,0.0366463994979858,83681048.38730429,0,83681048.38730429,0,0,0
9.5,0,578.0,0,578.0,0,578.0,0,0.0,0,0.0,83646558.78699769,0,83646558.78699769,0,0,0
9.5,0,554.0,0,554.0,0,554.0,0,0.0,0,0.5006657004356384,83789362.63988876,0,83789362.63988876,0,0,0
9.5,0,577.68,0,570.152550649385,0,588.38,0,43.49505485203603,0,0.0018273115158081,83681538.15275912,0,83681538.15275912,0,0,0
9.5,0,554.0,0,554.0,0,554.0,0,0.0,0,0.7193283033370972,83789050.60787441,0,83789050.60787441,0,0,0
9.5,0,592.0,0,592.0,0,592.0,0,0.0,0,0.0,83693941.42022511,0,83693941.42022511,0,0,0
9.5,0,578.0,0,578.0,0,578.0,0,0.0,0,0.0,83650845.46661764,0,83650845.46661764,0,0,0
9.5,0,554.0,0,554.0,0,554.0,0,0.0,0,2.104692866802216,83789253.813328,0,83789253.813328,0,0,0
9.5,0,573.17,0,576.951838493292,0,578.0,0,4.3740352813491485,0,0.0001373481750488,83646607.19505958,0,83646607.19505958,0,0,0
9.5,0,592.0,0,592.0,0,592.0,0,0.0,0,0.0,83702853.033881,0,83702853.033881,0,0,0
9.5,0,294.03,0,418.3248256237228,0,1086.31,0,302.5657739858226,0,8.785573313236236,83581615.90861541,0,83581615.90861541,0,0,0
9.5,0,554.0,0,554.0,0,554.0,0,0.0,0,8.575383882522583,83763386.34810333,0,83763386.34810333,0,0,0
9.5,0,586.89,0,591.19166374269,0,592.0,0,3.4252496028595854,0,0.0,83693854.19221273,0,83693854.19221273,0,0,0
9.5,0,544.5,0,546.9747625789242,0,554.0,0,25.13093138404739,0,0.5587302041053772,83763083.00296785,0,83763083.00296785,0,0,0
9.5,0,533.03,0,528.2115387312207,0,550.04,0,50.18552194052975,0,11.627692203521727,83789200.3447163,0,83789200.3447163,0,0,0
9.5,0,586.66,0,591.7330000000001,0,592.0,0,1.16382601792536,0,0.0224282598495483,83681052.61298971,0,83681052.61298971,0,0,0
9.5,0,544.67,0,542.2753566756172,0,556.24,0,26.85243197430248,0,3.028681001663208,83759304.19811527,0,83759304.19811527,0,0,0
9.5,0,578.0,0,578.0,0,578.0,0,0.0,0,0.0,83650903.96868733,0,83650903.96868733,0,0,0
9.5,0,592.0,0,592.0,0,592.0,0,0.0,0,0.0,83702779.99918501,0,83702779.99918501,0,0,0
9.5,0,554.0,0,554.0,0,554.0,0,0.0,0,2.271740355491638,83707273.03126535,0,83707273.03126535,0,0,0
9.5,0,562.92,0,555.8694028339652,0,578.0,0,55.316805195024,0,3.1850337982177735e-05,83646749.14270438,0,83646749.14270438,0,0,0
9.5,0,534.84,0,535.0043052831242,0,554.0,0,38.97248931854904,0,2.586841669082641,83788958.533598,0,83788958.533598,0,0,0
9.5,0,578.0,0,578.0,0,578.0,0,0.0,0,0.0,83581891.330307,0,83581891.330307,0,0,0
9.5,0,590.32,0,586.7343357363311,0,1098.5,0,150.15818998573096,0,4.928268451690673,83789249.40751393,0,83789249.40751393,0,0,0
9.5,0,592.0,0,592.0,0,592.0,0,0.0,0,0.0,83698459.11899285,0,83698459.11899285,0,0,0
9.5,0,554.0,0,554.0,0,554.0,0,0.0,0,2.6343065023422243,83788979.61338091,0,83788979.61338091,0,0,0
9.5,0,592.0,0,592.0,0,592.0,0,0.0,0,0.0,83698593.01139328,0,83698593.01139328,0,0,0
9.5,0,578.0,0,578.0,0,578.0,0,0.0,0,0.0,83581771.62590326,0,83581771.62590326,0,0,0
9.5,0,592.0,0,592.0,0,592.0,0,0.0,0,0.0,83677212.39788349,0,83677212.39788349,0,0,0
9.5,0,592.0,0,592.0,0,592.0,0,0.0,0,0.0,83698460.53058721,0,83698460.53058721,0,0,0
9.5,0,592.0,0,592.0,0,592.0,0,0.0,0,0.0,83693748.64900084,0,83693748.64900084,0,0,0
9.5,0,551.94,0,549.6786563062839,0,554.0,0,11.241394228228158,0,0.565640983581543,83767447.25806062,0,83767447.25806062,0,0,0
9.5,0,586.68,0,585.8940250239956,0,592.0,0,20.109026879048983,0,0.0,83676894.33080377,0,83676894.33080377,0,0,0
9.5,0,592.0,0,592.0,0,592.0,0,0.0,0,0.0,83677331.11296317,0,83677331.11296317,0,0,0
9.5,0,933.52,0,861.0028027550364,0,2636.04,0,908.12007012527,0,0.3067607140541076,83651188.36169106,0,83651188.36169106,0,0,0
9.5,0,567.81,0,561.6368265444995,0,578.0,0,42.5083652993564,0,0.0025175309181213,83586809.2929361,0,83586809.2929361,0,0,0
9.5,0,578.0,0,578.0,0,578.0,0,0.0,0,0.0,83585998.98648769,0,83585998.98648769,0,0,0
9.5,0,590.66,0,586.2833502879989,0,637.48,0,37.32218391853005,0,0.0145327496528625,83702695.91723745,0,83702695.91723745,0,0,0
9.5,0,592.0,0,592.0,0,592.0,0,0.0,0,0.0,83693724.41706142,0,83693724.41706142,0,0,0
9.5,0,592.0,0,592.0,0,592.0,0,0.0,0,0.0,83681183.2004181,0,83681183.2004181,0,0,0
9.5,0,587.31,0,586.6171010079961,0,592.0,0,17.727694748635287,0,0.0131427407264709,83681497.59649113,0,83681497.59649113,0,0,0
9.5,0,554.0,0,554.0,0,554.0,0,0.0,0,0.0353254032135009,83784870.2227841,0,83784870.2227841,0,0,0
9.5,0,586.68,0,578.1800250239957,0,592.0,0,31.691173443773685,0,0.0,83698395.589031,0,83698395.589031,0,0,0
9.5,0,592.0,0,592.0,0,592.0,0,0.0,0,0.0,83693930.93205304,0,83693930.93205304,0,0,0
9.5,0,578.0,0,578.0,0,578.0,0,0.0,0,0.0,83586100.47020134,0,83586100.47020134,0,0,0
9.5,0,554.0,0,554.0,0,554.0,0,0.0,0,4.21785611152649,83763033.77555726,0,83763033.77555726,0,0,0
9.5,0,544.24,0,549.5549356271524,0,554.0,0,12.328729825031134,0,3.436294584274292,83759167.43752968,0,83759167.43752968,0,0,0
9.5,0,574.52,0,577.4495087719298,0,578.0,0,2.332655306839796,0,0.0,83646606.55475432,0,83646606.55475432,0,0,0
9.5,0,559.98,0,573.9775438439269,0,592.0,0,23.50222052868198,0,0.0167199921607971,83681458.20311266,0,83681458.20311266,0,0,0
9.5,0,539.18,0,519.0477125668449,0,549.06,0,74.16531287306438,0,3.320642445087433,83788966.68521892,0,83788966.68521892,0,0,0
9.5,0,186.32,0,161.77160741198088,0,551.55,0,149.00242925178688,0,1.1830434966087342,83693936.40086323,0,83693936.40086323,0,0,0
9.5,0,554.0,0,554.0,0,554.0,0,0.0,0,0.3803087854385376,83784832.41359818,0,83784832.41359818,0,0,0
9.5,0,573.0,0,570.4279683809483,0,578.0,0,22.762851333739462,0,0.0007494187355041,83586045.05385315,0,83586045.05385315,0,0,0
9.5,0,592.0,0,592.0,0,592.0,0,0.0,0,0.0,83694057.24773493,0,83694057.24773493,0,0,0
9.5,0,567.84,0,569.6248380992932,0,578.0,0,20.814668944386185,0,0.0,83581842.64806055,0,83581842.64806055,0,0,0
9.5,0,539.1,0,548.8170053933854,0,554.0,0,12.237849152089916,0,0.4604267358779907,83784677.22699484,0,83784677.22699484,0,0,0
9.5,0,581.36,0,585.3679086338498,0,592.0,0,17.4756215845679,0,0.0,83698539.19616221,0,83698539.19616221,0,0,0
9.5,0,592.0,0,592.0,0,592.0,0,0.0,0,0.0,83693949.47125804,0,83693949.47125804,0,0,0
9.5,0,588.22,0,589.4720440959969,0,592.0,0,9.393211434507837,0,0.031597089767456,83702783.81115554,0,83702783.81115554,0,0,0
9.5,0,578.0,0,578.0,0,578.0,0,0.0,0,0.0,83581525.07209639,0,83581525.07209639,0,0,0
9.5,0,578.0,0,578.0,0,578.0,0,0.0,0,0.0,83647401.42128426,0,83647401.42128426,0,0,0
9.5,0,592.0,0,592.0,0,592.0,0,0.0,0,0.0,83677304.62201513,0,83677304.62201513,0,0,0
9.5,0,567.64,0,572.8936488924732,0,578.0,0,19.11717299218148,0,0.0,83651072.7117381,0,83651072.7117381,0,0,0
9.5,0,568.02,0,574.202293097941,0,578.0,0,10.794903755502116,0,0.0,83647295.31818934,0,83647295.31818934,0,0,0
9.5,0,527.59,0,551.1111809567711,0,578.0,0,53.72305135446715,0,0.1597725081443786,83581907.10026194,0,83581907.10026194,0,0,0
9.5,0,549.06,0,551.9370268440709,0,554.0,0,8.173931620694676,0,1.5347668385505675,83767478.73768838,0,83767478.73768838,0,0,0
9.5,0,592.0,0,592.0,0,592.0,0,0.0,0,0.0,83702852.88114975,0,83702852.88114975,0,0,0
9.5,0,592.0,0,592.0,0,592.0,0,0.0,0,0.0,83694022.547464,0,83694022.547464,0,0,0
9.5,0,592.0,0,592.0,0,592.0,0,0.0,0,0.0,83694078.96832423,0,83694078.96832423,0,0,0
9.5,0,592.0,0,592.0,0,592.0,0,0.0,0,0.0,83676841.98481031,0,83676841.98481031,0,0,0
9.5,0,539.59,0,520.2561029361076,0,558.2,0,60.3391855361842,0,0.0481660604476928,83573852.40618506,0,83573852.40618506,0,0,0
9.5,0,544.4,0,551.614197626419,0,554.0,0,7.139897764171376,0,2.9803730726242064,83759393.27440318,0,83759393.27440318,0,0,0
9.5,0,587.99,0,591.1297872377021,0,592.0,0,3.631445440623206,0,0.0029151582717895,83702799.03426562,0,83702799.03426562,0,0,0
9.5,0,592.0,0,592.0,0,592.0,0,0.0,0,0.0,83693810.93517388,0,83693810.93517388,0,0,0
9.5,0,549.06,0,545.2838327603769,0,554.0,0,24.62877986508216,0,0.7833997797966004,83789354.37151426,0,83789354.37151426,0,0,0
9.5,0,545.6,0,538.7755583085644,0,554.0,0,39.06496855373744,0,4.544000267982483,83759014.56911016,0,83759014.56911016,0,0,0
9.5,0,549.06,0,550.6962692683134,0,554.0,0,12.27578425567955,0,3.705388102531433,83763385.78930357,0,83763385.78930357,0,0,0
9.5,0,592.0,0,592.0,0,592.0,0,0.0,0,0.0,83702640.79535753,0,83702640.79535753,0,0,0
9.5,0,554.0,0,554.0,0,554.0,0,0.0,0,2.5945239996910097,83784577.04178244,0,83784577.04178244,0,0,0
9.5,0,549.12,0,550.2483955525039,0,554.0,0,13.590685661481016,0,1.4287871384620667,83707316.76862839,0,83707316.76862839,0,0,0
9.5,0,566.94,0,574.9960835859188,0,592.0,0,26.965233251390792,0,0.0,83698577.58447781,0,83698577.58447781,0,0,0
9.5,0,598.5,0,592.6671052631579,0,605.0,0,2.8680718654020527,0,0.0137772583961486,83681439.0806208,0,83681439.0806208,0,0,0
9.5,0,592.0,0,592.0,0,592.0,0,0.0,0,0.0,83681535.05978914,0,83681535.05978914,0,0,0
9.5,0,592.0,0,592.0,0,592.0,0,0.0,0,0.0,83702649.85744506,0,83702649.85744506,0,0,0
9.5,0,581.46,0,589.3864576023392,0,592.0,0,7.816354763303803,0,0.0,83693976.75195666,0,83693976.75195666,0,0,0
9.5,0,554.0,0,554.0,0,554.0,0,0.0,0,0.2364035248756408,83784676.39267872,0,83784676.39267872,0,0,0
9.5,0,592.0,0,592.0,0,592.0,0,0.0,0,0.0,83693856.18744089,0,83693856.18744089,0,0,0
9.5,0,574.52,0,577.6428421052631,0,578.0,0,1.5355215525537147,0,0.0,83586127.36164449,0,83586127.36164449,0,0,0
9.5,0,544.65,0,550.977646408631,0,554.0,0,10.98450113649489,0,0.2122912240028381,83762933.51061171,0,83762933.51061171,0,0,0
9.5,0,721.29,0,688.4578422064261,0,2181.16,0,519.714746512962,0,0.4418607974052429,83789312.9588499,0,83789312.9588499,0,0,0
9.5,0,592.0,0,592.0,0,592.0,0,0.0,0,0.0,83677632.27168423,0,83677632.27168423,0,0,0
9.5,0,574.25,0,574.2316905714255,0,578.0,0,12.862369366447671,0,0.0,83586838.63192591,0,83586838.63192591,0,0,0
9.5,0,554.0,0,554.0,0,554.0,0,0.0,0,0.3685794544219971,83784703.8198593,0,83784703.8198593,0,0,0
9.5,0,567.64,0,550.2240838186582,0,572.82,0,56.68251497280912,0,0.0,83646622.88038914,0,83646622.88038914,0,0,0
9.5,0,578.0,0,578.0,0,578.0,0,0.0,0,0.0,83574139.03560568,0,83574139.03560568,0,0,0
9.5,0,554.0,0,554.0,0,554.0,0,0.0,0,3.5771022772789003,83784553.61102466,0,83784553.61102466,0,0,0
9.5,0,554.0,0,554.0,0,554.0,0,0.0,0,3.196064901351929,83784546.46965593,0,83784546.46965593,0,0,0
9.5,0,578.0,0,578.0,0,578.0,0,0.0,0,0.0,83650918.86552352,0,83650918.86552352,0,0,0
9.5,0,572.82,0,577.4683684210527,0,578.0,0,2.285632655812713,0,0.0,83647394.80064337,0,83647394.80064337,0,0,0
9.5,0,544.12,0,530.8043321874204,0,554.0,0,37.13061807831546,0,0.0156069660186767,83784603.14776286,0,83784603.14776286,0,0,0
9.5,0,581.66,0,588.8331311924229,0,592.0,0,12.190900968073487,0,0.0,83693902.81598087,0,83693902.81598087,0,0,0
9.5,0,554.0,0,554.0,0,554.0,0,0.0,0,1.1361478281021118,83784558.54845782,0,83784558.54845782,0,0,0
9.5,0,592.0,0,592.0,0,592.0,0,0.0,0,0.0,83693966.9252938,0,83693966.9252938,0,0,0
9.5,0,578.0,0,578.0,0,578.0,0,0.0,0,0.0,83586760.59979929,0,83586760.59979929,0,0,0
9.5,0,592.0,0,592.0,0,592.0,0,0.0,0,0.0,83693908.82848507,0,83693908.82848507,0,0,0
9.5,0,554.0,0,554.0,0,554.0,0,0.0,0,14.60278350353241,83759168.01338565,0,83759168.01338565,0,0,0
9.5,0,578.0,0,578.0,0,578.0,0,0.0,0,0.0,83650917.19189017,0,83650917.19189017,0,0,0
9.5,0,587.03,0,583.2309005706626,0,592.0,0,24.778347354141363,0,0.0,83677466.73643908,0,83677466.73643908,0,0,0
9.5,0,567.68,0,558.7313267382772,0,578.0,0,37.37912326820189,0,0.0237622308731079,83650846.1172394,0,83650846.1172394,0,0,0
9.5,0,592.0,0,592.0,0,592.0,0,0.0,0,0.0,83693793.78576858,0,83693793.78576858,0,0,0
9.5,0,554.0,0,554.0,0,554.0,0,0.0,0,2.652451903820038,83784702.485142,0,83784702.485142,0,0,0
9.5,0,592.0,0,592.0,0,592.0,0,0.0,0,0.0,83677116.34754828,0,83677116.34754828,0,0,0
9.5,0,572.82,0,577.741,0,578.0,0,1.1289548263770346,0,0.0,83663890.4552514,0,83663890.4552514,0,0,0
9.5,0,587.07,0,589.151138800527,0,592.0,0,10.833659138649784,0,0.0002127695083618,83677503.55852698,0,83677503.55852698,0,0,0
9.5,0,586.74,0,585.0862227367576,0,592.0,0,21.842519603093923,0,0.0,83676934.9175927,0,83676934.9175927,0,0,0
9.5,0,586.62,0,590.1375659614723,0,592.0,0,7.516412265940737,0,0.0004227995872497,83698526.25266866,0,83698526.25266866,0,0,0
9.5,0,569.22,0,574.0130135918433,0,578.0,0,14.62945733210672,0,0.0606750297546386,83581891.21659884,0,83581891.21659884,0,0,0
9.5,0,534.8,0,541.1436799681227,0,554.0,0,33.38956477571406,0,5.401101589202881,83763316.9509456,0,83763316.9509456,0,0,0
9.5,0,554.0,0,554.0,0,554.0,0,0.0,0,0.3925778222084045,83784911.29497962,0,83784911.29497962,0,0,0
9.5,0,497.51,0,487.3574828336009,0,562.4,0,90.17410958763828,0,1.2510782814025878,83581878.75452186,0,83581878.75452186,0,0,0
9.5,0,572.99,0,572.2498243177101,0,578.0,0,18.937260275194625,0,0.0,83581890.28977971,0,83581890.28977971,0,0,0
9.5,0,554.0,0,554.0,0,554.0,0,0.0,0,1.0948418140411378,83784803.07595882,0,83784803.07595882,0,0,0
9.5,0,554.0,0,554.0,0,554.0,0,0.0,0,0.33463134765625,83789360.45394266,0,83789360.45394266,0,0,0
9.5,0,574.11,0,569.1400674177044,0,592.0,0,57.05338790643916,0,0.0078108811378479,83676890.81260231,0,83676890.81260231,0,0,0
9.5,0,549.02,0,542.6722803492518,0,578.0,0,51.492190306582415,0,0.0,83581844.8489705,0,83581844.8489705,0,0,0
9.5,0,554.0,0,554.0,0,554.0,0,0.0,0,4.450762982368469,83759112.32977071,0,83759112.32977071,0,0,0
9.5,0,591.98,0,591.9866245719364,0,592.0,0,0.0496995313995123,0,0.0,83693894.47106776,0,83693894.47106776,0,0,0
9.5,0,550.76,0,545.5833235108545,0,554.0,0,19.30063946575691,0,2.140484976768493,83767568.6010291,0,83767568.6010291,0,0,0
9.5,0,554.0,0,554.0,0,554.0,0,0.0,0,0.5990721869468689,83789023.59328194,0,83789023.59328194,0,0,0
9.5,0,545.52,0,545.2611677074216,0,559.32,0,38.541957934409176,0,0.0479518604278564,83789357.17565842,0,83789357.17565842,0,0,0
9.5,0,554.0,0,554.0,0,554.0,0,0.0,0,0.8949629950523377,83711486.9813706,0,83711486.9813706,0,0,0
9.5,0,578.0,0,578.0,0,578.0,0,0.0,0,0.0,83646618.77370895,0,83646618.77370895,0,0,0
9.5,0,592.0,0,592.0,0,592.0,0,0.0,0,0.0,83680988.1519879,0,83680988.1519879,0,0,0
9.5,0,572.82,0,559.3637085759957,0,572.82,0,30.857195195253325,0,0.0,83646620.67300448,0,83646620.67300448,0,0,0
9.5,0,544.12,0,547.5487216492658,0,554.0,0,21.983965866773733,0,0.577493805885315,83767472.40692325,0,83767472.40692325,0,0,0
9.5,0,554.0,0,554.0,0,554.0,0,0.0,0,1.3817244815826415,83767512.70504746,0,83767512.70504746,0,0,0
9.5,0,554.0,0,554.0,0,554.0,0,0.0,0,1.7071080136299133,83707354.68287797,0,83707354.68287797,0,0,0
9.5,0,578.0,0,578.0,0,578.0,0,0.0,0,0.0,83646547.99457188,0,83646547.99457188,0,0,0
9.5,0,544.2,0,553.2489473684211,0,554.0,0,2.577674960096504,0,2.109426345825195,83759349.98563786,0,83759349.98563786,0,0,0
9.5,0,592.0,0,592.0,0,592.0,0,0.0,0,0.0,83693739.64212078,0,83693739.64212078,0,0,0
9.5,0,554.0,0,554.0,0,554.0,0,0.0,0,2.017347457408905,83784621.33095981,0,83784621.33095981,0,0,0
9.5,0,554.0,0,554.0,0,554.0,0,0.0,0,1.397398362159729,83784629.16155034,0,83784629.16155034,0,0,0
9.5,0,592.0,0,592.0,0,592.0,0,0.0,0,0.0,83698470.71312538,0,83698470.71312538,0,0,0
9.5,0,554.0,0,554.0,0,554.0,0,0.0,0,2.802065074443817,83784694.2913488,0,83784694.2913488,0,0,0
9.5,0,592.0,0,592.0,0,592.0,0,0.0,0,0.0,83677111.46289462,0,83677111.46289462,0,0,0
9.5,0,554.0,0,554.0,0,554.0,0,0.0,0,0.8708564662933349,83784781.22588372,0,83784781.22588372,0,0,0
9.5,0,325.98,0,330.57832657272206,0,503.88,0,138.70044825327437,0,0.0,83651097.28559366,0,83651097.28559366,0,0,0
9.5,0,554.0,0,554.0,0,554.0,0,0.0,0,1.7263038539886475,83707174.12555847,0,83707174.12555847,0,0,0
9.5,0,549.44,0,553.0104313725491,0,554.0,0,4.129523992329631,0,3.5047837543487548,83707285.23297419,0,83707285.23297419,0,0,0
9.5,0,592.0,0,592.0,0,592.0,0,0.0,0,0.0,83702767.96399052,0,83702767.96399052,0,0,0
9.5,0,554.0,0,554.0,0,554.0,0,0.0,0,0.7538303184509277,83784700.59785591,0,83784700.59785591,0,0,0
9.5,0,578.0,0,578.0,0,578.0,0,0.0,0,0.0,83663543.88277826,0,83663543.88277826,0,0,0
9.5,0,549.04,0,545.2485446339007,0,554.0,0,24.72849152445496,0,0.2710465216636658,83789047.59525768,0,83789047.59525768,0,0,0
9.5,0,578.0,0,578.0,0,578.0,0,0.0,0,0.0,83650900.70005351,0,83650900.70005351,0,0,0
9.5,0,592.0,0,592.0,0,592.0,0,0.0,0,0.0,83694030.95574862,0,83694030.95574862,0,0,0
9.5,0,592.0,0,592.0,0,592.0,0,0.0,0,0.0,83693813.96106404,0,83693813.96106404,0,0,0
9.5,0,592.0,0,592.0,0,592.0,0,0.0,0,0.0,83677364.68242633,0,83677364.68242633,0,0,0
9.5,0,586.4,0,617.20251545625,0,772.4,0,71.51016986494454,0,0.0008030891418457,83694117.07472415,0,83694117.07472415,0,0,0
9.5,0,554.0,0,554.0,0,554.0,0,0.0,0,2.985939507484436,83767592.55160783,0,83767592.55160783,0,0,0
9.5,0,558.8,0,570.3764829785797,0,578.0,0,28.599986569197075,0,0.0096384382247924,83647393.89623202,0,83647393.89623202,0,0,0
9.5,0,554.0,0,554.0,0,554.0,0,0.0,0,3.8522976279258727,83767540.05941734,0,83767540.05941734,0,0,0
9.5,0,518.66,0,525.7467577087945,0,554.0,0,64.96184012155399,0,9.62539252281189,83759074.50360079,0,83759074.50360079,0,0,0
9.5,0,554.0,0,554.0,0,554.0,0,0.0,0,4.065109992027283,83789212.21299323,0,83789212.21299323,0,0,0
9.5,0,578.0,0,578.0,0,578.0,0,0.0,0,0.0,83646764.71018994,0,83646764.71018994,0,0,0
9.5,0,554.0,0,554.0,0,554.0,0,0.0,0,0.275542459487915,83763033.19466816,0,83763033.19466816,0,0,0
9.5,0,545.47,0,539.9221140578978,0,554.0,0,40.842603312139424,0,0.5744649624824524,83767408.08332649,0,83767408.08332649,0,0,0
9.5,0,586.68,0,586.6540250239957,0,592.0,0,18.24741467453377,0,0.0,83677010.97003323,0,83677010.97003323,0,0,0
9.5,0,583.06,0,587.2772442616723,0,592.0,0,12.9730583352942,0,0.0,83677159.46651272,0,83677159.46651272,0,0,0
9.5,0,592.0,0,592.0,0,592.0,0,0.0,0,0.0,83677411.84329803,0,83677411.84329803,0,0,0
9.5,0,572.82,0,577.741,0,578.0,0,1.1289548263770346,0,0.0,83647266.26343113,0,83647266.26343113,0,0,0
9.5,0,592.0,0,592.0,0,592.0,0,0.0,0,0.0,83694037.72195141,0,83694037.72195141,0,0,0
9.5,0,586.79,0,585.1683405998456,0,592.0,0,21.549352846018884,0,0.0,83677230.89719416,0,83677230.89719416,0,0,0
9.5,0,592.0,0,592.0,0,592.0,0,0.0,0,0.0,83677397.04953155,0,83677397.04953155,0,0,0
9.5,0,554.0,0,554.0,0,554.0,0,0.0,0,1.7798384642601013,83767513.94405605,0,83767513.94405605,0,0,0
9.5,0,586.68,0,580.8400250239957,0,592.0,0,29.031173443773685,0,0.0,83677485.73659758,0,83677485.73659758,0,0,0
9.5,0,592.0,0,592.0,0,592.0,0,0.0,0,0.0,83677106.35875362,0,83677106.35875362,0,0,0
9.5,0,581.34,0,578.5081190643722,0,592.0,0,41.3950762768352,0,0.1214197611808776,83681200.42956877,0,83681200.42956877,0,0,0
9.5,0,592.0,0,592.0,0,592.0,0,0.0,0,0.0,83677173.62362772,0,83677173.62362772,0,0,0
9.5,0,555.64,0,572.2760131664431,0,592.0,0,58.20369708271106,0,0.0030186510086059,83681386.42767145,0,83681386.42767145,0,0,0
9.5,0,586.82,0,591.4683684210526,0,592.0,0,2.285632655812713,0,0.0025280094146728,83702782.7629225,0,83702782.7629225,0,0,0
9.5,0,585.94,0,583.8365440959968,0,592.0,0,21.63344407206768,0,0.2498853707313537,83694024.97734585,0,83694024.97734585,0,0,0
9.5,0,549.06,0,553.493,0,554.0,0,2.1797346177055603,0,1.4340356922149655,83788952.69066748,0,83788952.69066748,0,0,0
9.5,0,549.06,0,550.6962692683134,0,554.0,0,12.27578425567955,0,0.5247786974906922,83767601.92092463,0,83767601.92092463,0,0,0
9.5,0,554.0,0,554.0,0,554.0,0,0.0,0,1.2142911171913149,83759213.74038596,0,83759213.74038596,0,0,0
9.5,0,592.0,0,592.0,0,592.0,0,0.0,0,0.0,83676843.68129367,0,83676843.68129367,0,0,0
9.5,0,554.0,0,554.0,0,554.0,0,0.0,0,0.7301809930801392,83767556.44120748,0,83767556.44120748,0,0,0
9.5,0,550.03,0,538.8968624500284,0,552.55,0,25.39078792251801,0,3.253137605190277,83789106.30126697,0,83789106.30126697,0,0,0
9.5,0,592.0,0,592.0,0,592.0,0,0.0,0,0.0,83676907.67274956,0,83676907.67274956,0,0,0
9.5,0,554.0,0,554.0,0,554.0,0,0.0,0,1.3678617763519287,83762948.56973112,0,83762948.56973112,0,0,0
9.5,0,581.5,0,581.5431224888802,0,592.0,0,34.96385245157249,0,0.0,83677103.62916106,0,83677103.62916106,0,0,0
9.5,0,554.0,0,554.0,0,554.0,0,0.0,0,2.93935316324234,83767561.77544738,0,83767561.77544738,0,0,0
9.5,0,578.0,0,578.0,0,578.0,0,0.0,0,0.0,83647033.88094124,0,83647033.88094124,0,0,0
9.5,0,554.0,0,554.0,0,554.0,0,0.0,0,2.516151258945465,83784876.3764862,0,83784876.3764862,0,0,0
9.5,0,554.0,0,554.0,0,554.0,0,0.0,0,4.197559027671814,83763076.13635583,0,83763076.13635583,0,0,0
9.5,0,554.0,0,554.0,0,554.0,0,0.0,0,0.457835431098938,83759007.71236472,0,83759007.71236472,0,0,0
9.5,0,554.0,0,554.0,0,554.0,0,0.0,0,4.245712542533875,83784552.07311565,0,83784552.07311565,0,0,0
9.5,0,587.05,0,585.4936886971387,0,592.0,0,20.555222820402072,0,0.0,83694116.09968013,0,83694116.09968013,0,0,0
9.5,0,569.34,0,569.4001781322391,0,578.0,0,26.73379281800565,0,0.0,83650793.59299548,0,83650793.59299548,0,0,0
9.5,0,549.06,0,552.6192173202614,0,554.0,0,5.669434599831972,0,2.937054328918457,83759025.69899438,0,83759025.69899438,0,0,0
9.5,0,549.53,0,550.5635918278059,0,554.0,0,12.448845267791013,0,1.07955171585083,83762993.32019943,0,83762993.32019943,0,0,0
9.5,0,578.0,0,578.0,0,578.0,0,0.0,0,0.0,83650849.63980864,0,83650849.63980864,0,0,0
9.5,0,586.66,0,588.8954843722669,0,592.0,0,11.781734289232904,0,0.0,83681535.17165367,0,83681535.17165367,0,0,0
9.5,0,563.01,0,565.8935285804666,0,578.0,0,34.098304987261024,0,0.011066780090332,83647332.8412381,0,83647332.8412381,0,0,0
9.5,0,555.08,0,551.9398337537934,0,578.0,0,65.91036244846114,0,0.0015419602394104,83573762.5806087,0,83573762.5806087,0,0,0
9.5,0,586.68,0,590.5130032679739,0,592.0,0,6.105544953665202,0,0.0,83677305.14984351,0,83677305.14984351,0,0,0
9.5,0,572.92,0,575.8785620177897,0,578.0,0,8.405581504681974,0,0.0,83646750.65820219,0,83646750.65820219,0,0,0
9.5,0,549.24,0,569.6520224208197,0,578.0,0,27.20052366053106,0,0.0,83650860.15704463,0,83650860.15704463,0,0,0
9.5,0,559.92,0,552.3268669988423,0,578.0,0,35.07244697171169,0,0.0,83585868.55666138,0,83585868.55666138,0,0,0
9.5,0,537.26,0,545.2164647627912,0,554.0,0,31.68340113405676,0,3.913160130977632,83789109.70180343,0,83789109.70180343,0,0,0
9.5,0,554.0,0,554.0,0,554.0,0,0.0,0,0.7708601331710816,83763095.59307854,0,83763095.59307854,0,0,0
9.5,0,592.0,0,592.0,0,592.0,0,0.0,0,0.0,83702390.34819598,0,83702390.34819598,0,0,0
9.5,0,549.06,0,547.5068327603768,0,554.0,0,20.51369711773459,0,0.7710622549057007,83707275.28772026,0,83707275.28772026,0,0,0
9.5,0,573.03,0,576.3802533905723,0,588.38,0,30.297982854662543,0,0.0661654925346374,83702641.92993353,0,83702641.92993353,0,0,0
9.5,0,554.0,0,554.0,0,554.0,0,0.0,0,3.5983776879310607,83763339.45321566,0,83763339.45321566,0,0,0
9.5,0,542.3,0,552.6295098691297,0,592.0,0,79.76387538339273,0,0.0267255306243896,83681073.66827777,0,83681073.66827777,0,0,0
9.5,0,549.51,0,544.581148939425,0,554.0,0,24.501873827545843,0,2.11565132856369,83759160.37520011,0,83759160.37520011,0,0,0
9.5,0,592.0,0,592.0,0,592.0,0,0.0,0,0.0,83694130.97863764,0,83694130.97863764,0,0,0
9.5,0,586.62,0,590.496232628139,0,592.0,0,6.174404483217817,0,0.0,83698419.22369651,0,83698419.22369651,0,0,0
9.5,0,586.68,0,589.7783366013073,0,592.0,0,8.802695591517342,0,0.0,83677535.64594257,0,83677535.64594257,0,0,0
9.5,0,563.14,0,570.6335429627992,0,578.0,0,16.416288194993726,0,0.0499329710006713,83663878.47329135,0,83663878.47329135,0,0,0
9.5,0,592.0,0,592.0,0,592.0,0,0.0,0,0.0,83680990.02081631,0,83680990.02081631,0,0,0
9.5,0,574.36,0,574.797227647997,0,578.0,0,11.28125635183082,0,0.0,83573976.98157097,0,83573976.98157097,0,0,0
9.5,0,554.0,0,554.0,0,554.0,0,0.0,0,1.9628804540634155,83763287.25192511,0,83763287.25192511,0,0,0
9.5,0,586.56,0,572.7903284551705,0,586.68,0,31.797574843054985,0,0.0,83693887.8585687,0,83693887.8585687,0,0,0
9.5,0,572.82,0,576.875884760922,0,578.0,0,4.690994359707783,0,0.0,83663535.84360196,0,83663535.84360196,0,0,0
9.5,0,572.82,0,568.8603752426624,0,578.0,0,25.825319777555787,0,0.0,83650802.9185342,0,83650802.9185342,0,0,0
9.5,0,572.7,0,585.8143013293037,0,592.0,0,13.0338980600513,0,0.0184884786605834,83676884.01809911,0,83676884.01809911,0,0,0
9.5,0,549.02,0,551.5372456849136,0,554.0,0,9.567134689786672,0,0.6629772329330444,83767447.85936451,0,83767447.85936451,0,0,0
9.5,0,586.83,0,591.4693947368421,0,592.0,0,2.281220237558249,0,0.0,83702706.32565492,0,83702706.32565492,0,0,0
9.5,0,581.38,0,569.3155365871659,0,586.68,0,44.86154926464445,0,0.0,83677106.4805303,0,83677106.4805303,0,0,0
9.5,0,592.0,0,592.0,0,592.0,0,0.0,0,0.0,83702639.50588037,0,83702639.50588037,0,0,0
9.5,0,568.52,0,574.8311012766044,0,592.0,0,43.73458903759892,0,0.0568385910987854,83677576.41570485,0,83677576.41570485,0,0,0
9.5,0,581.5,0,567.3137335999913,0,592.0,0,59.958368639027015,0,0.0113423204421997,83693798.51363903,0,83693798.51363903,0,0,0
9.5,0,584.26,0,572.0222758839888,0,586.68,0,35.07216186079536,0,0.0,83677221.65143257,0,83677221.65143257,0,0,0
9.5,0,567.95,0,572.61915042839,0,578.0,0,20.669749422125243,0,0.0,83574008.66043997,0,83574008.66043997,0,0,0
9.5,0,567.9,0,563.2134961295155,0,578.0,0,31.92803070672123,0,0.0,83586122.51120418,0,83586122.51120418,0,0,0
9.5,0,588.22,0,589.8156804596333,0,592.0,0,8.306537838559066,0,0.0,83702701.20427038,0,83702701.20427038,0,0,0
9.5,0,592.0,0,592.0,0,592.0,0,0.0,0,0.0,83693847.18632692,0,83693847.18632692,0,0,0
9.5,0,581.34,0,579.6435734988266,0,592.0,0,33.95809118461355,0,0.0313659405708313,83677514.71612592,0,83677514.71612592,0,0,0
9.5,0,572.88,0,572.1235729554243,0,578.0,0,19.3530484249494,0,0.0,83663750.6621478,0,83663750.6621478,0,0,0
9.5,0,592.0,0,592.0,0,592.0,0,0.0,0,0.0,83698523.53755645,0,83698523.53755645,0,0,0
9.5,0,586.66,0,587.8681813419639,0,592.0,0,14.925215102058909,0,0.0,83677440.92464705,0,83677440.92464705,0,0,0
9.5,0,568.9,0,580.6018533499954,0,592.0,0,32.1507004498379,0,0.0255385828018188,83677642.59822363,0,83677642.59822363,0,0,0
9.5,0,572.82,0,564.5437085759957,0,578.0,0,30.857195195253325,0,0.0,83646714.30019778,0,83646714.30019778,0,0,0
9.5,0,587.29,0,583.6896462148533,0,592.0,0,23.48209578229493,0,0.000701880455017,83693982.36533125,0,83693982.36533125,0,0,0
9.5,0,540.64,0,538.3500077043699,0,554.0,0,28.431469861187296,0,3.6352666544914247,83784661.5356506,0,83784661.5356506,0,0,0
9.5,0,554.0,0,554.0,0,554.0,0,0.0,0,2.6951037883758544,83767458.4674354,0,83767458.4674354,0,0,0
9.5,0,586.98,0,591.4847894736843,0,592.0,0,2.2150339637412784,0,0.0,83693973.19198753,0,83693973.19198753,0,0,0
9.5,0,592.0,0,592.0,0,592.0,0,0.0,0,0.0,83693880.47661108,0,83693880.47661108,0,0,0
9.5,0,544.26,0,551.8599190746475,0,554.0,0,8.886890195473072,0,0.3319907784461975,83784624.73863214,0,83784624.73863214,0,0,0
9.5,0,578.0,0,578.0,0,578.0,0,0.0,0,0.0,83647086.96767706,0,83647086.96767706,0,0,0
9.5,0,540.68,0,540.0765284017667,0,554.0,0,45.827800774130274,0,17.989145731925966,83789193.47195543,0,83789193.47195543,0,0,0
9.5,0,587.06,0,581.6371660937102,0,592.0,0,26.957518197789856,0,0.0,83677535.06909019,0,83677535.06909019,0,0,0
9.5,0,539.77,0,534.9632610081696,0,549.04,0,33.26463480825507,0,4.418691213130951,83784596.97785924,0,83784596.97785924,0,0,0
9.5,0,578.12,0,578.0123157894736,0,578.24,0,0.0529490190535763,0,0.0,83573975.61288242,0,83573975.61288242,0,0,0
9.5,0,574.36,0,568.544227647997,0,578.0,0,21.68343446152937,0,0.0,83573846.73381236,0,83573846.73381236,0,0,0
8.071428571428571,0,573.0,0,577.3933433396669,0,592.0,0,52.91455482953673,0,0.0,59772513.90694525,0,59772513.90694525,0,0,0
1.5,0,554.0,0,554.0,0,554.0,0,0.0,0,8.447998404502869,1.0728836059570312e-06,0,1.0728836059570312e-06,0,0,0
9.5,0,586.98,0,588.1407675560594,0,592.0,0,13.9805823812776,0,0.0300138998031616,83693942.89968394,0,83693942.89968394,0,0,0
9.5,0,538.75,0,563.6932104006245,0,578.0,0,29.965117329969324,0,0.0945277833938598,83581787.83890547,0,83581787.83890547,0,0,0
9.5,0,578.0,0,578.0,0,578.0,0,0.0,0,0.0,83646513.93382166,0,83646513.93382166,0,0,0
9.5,0,582.67,0,580.1616683639288,0,592.0,0,35.96293009504808,0,0.0207377696037292,83677423.77493829,0,83677423.77493829,0,0,0
9.5,0,546.92,0,523.9392514559743,0,578.0,0,45.37190156937133,0,0.0,83573917.25241126,0,83573917.25241126,0,0,0
9.5,0,578.0,0,578.0,0,578.0,0,0.0,0,0.0,83586118.57790512,0,83586118.57790512,0,0,0
9.5,0,421.03,0,424.5375341685748,0,588.66,0,161.48129523301444,0,0.301126492023468,83586201.6162033,0,83586201.6162033,0,0,0
9.5,0,555.87,0,561.9387112098427,0,592.0,0,49.769429984257215,0,0.0248863387107849,83676843.60463108,0,83676843.60463108,0,0,0
9.5,0,578.0,0,578.0,0,578.0,0,0.0,0,0.0,83573766.03778708,0,83573766.03778708,0,0,0
9.5,0,583.43,0,580.5076874330949,0,592.0,0,32.089329305156205,0,0.004001178741455,83702394.46312878,0,83702394.46312878,0,0,0
9.5,0,592.0,0,592.0,0,592.0,0,0.0,0,0.0,83698671.83475786,0,83698671.83475786,0,0,0
9.5,0,492.52,0,491.3857182184859,0,576.34,0,111.70658629425556,0,0.0,83698525.69566016,0,83698525.69566016,0,0,0
9.5,0,592.0,0,592.0,0,592.0,0,0.0,0,0.0,83677530.0024602,0,83677530.0024602,0,0,0
9.5,0,525.4,0,622.8938533899022,0,2341.78,0,727.5814796089132,0,1.345124487876892,83677633.04065137,0,83677633.04065137,0,0,0
9.5,0,95.81,0,93.6728554839553,0,189.12,0,36.16867107682162,0,62.83210345506668,83647352.50916415,0,83647352.50916415,0,0,0
9.5,0,592.0,0,592.0,0,592.0,0,0.0,0,0.0,83677267.08893047,0,83677267.08893047,0,0,0
9.5,0,578.0,0,578.0,0,578.0,0,0.0,0,0.0,83650861.09815161,0,83650861.09815161,0,0,0
9.5,0,573.21,0,570.7459937089484,0,578.0,0,21.80681157772241,0,0.0,83647294.17226495,0,83647294.17226495,0,0,0
9.5,0,536.68,0,523.1786938737647,0,544.81,0,40.87988772254767,0,0.0627644968032836,83707266.81103466,0,83707266.81103466,0,0,0
9.5,0,581.64,0,582.2194171519915,0,592.0,0,23.51881444981914,0,0.0005914115905761,83676998.32227482,0,83676998.32227482,0,0,0
9.5,0,554.0,0,554.0,0,554.0,0,0.0,0,0.5422634267807007,83763342.69438234,0,83763342.69438234,0,0,0
9.5,0,554.0,0,554.0,0,554.0,0,0.0,0,0.4063336420059204,83767475.49014036,0,83767475.49014036,0,0,0
9.5,0,581.3,0,586.3850250239956,0,592.0,0,19.41995849034621,0,0.0069922089576721,83681068.77255383,0,83681068.77255383,0,0,0
9.5,0,545.02,0,536.4344645455163,0,554.0,0,45.39191432524388,0,4.125975048542022,83759187.86128673,0,83759187.86128673,0,0,0
9.5,0,563.41,0,576.5304122807017,0,578.0,0,4.197148945646767,0,0.0362822413444519,83585934.02418548,0,83585934.02418548,0,0,0
9.5,0,554.0,0,554.0,0,554.0,0,0.0,0,1.411846399307251,83784559.5536548,0,83784559.5536548,0,0,0
9.5,0,586.68,0,590.5130032679739,0,592.0,0,6.105544953665202,0,0.0,83693743.80611713,0,83693743.80611713,0,0,0
9.5,0,584.57,0,589.8088507850508,0,592.0,0,8.730981509978527,0,0.0,83702642.9534175,0,83702642.9534175,0,0,0
9.5,0,554.0,0,554.0,0,554.0,0,0.0,0,0.0362527728080749,83784892.86930376,0,83784892.86930376,0,0,0
9.5,0,549.06,0,553.753,0,554.0,0,1.0766480390545463,0,2.964091360569,83759012.96385297,0,83759012.96385297,0,0,0
9.5,0,549.06,0,546.5188327603769,0,554.0,0,22.4896971177346,0,10.037437534332277,83711528.68476011,0,83711528.68476011,0,0,0
9.5,0,535.72,0,542.5315860226805,0,554.0,0,20.81034953032768,0,3.364179494380951,83763038.40425384,0,83763038.40425384,0,0,0
9.5,0,536.12,0,528.1914423472984,0,554.0,0,36.43890017185742,0,1.0303579258918762,83767543.67387031,0,83767543.67387031,0,0,0
9.5,0,573.15,0,574.3369348850754,0,579.8,0,14.03527403212568,0,0.0,83647521.96115331,0,83647521.96115331,0,0,0
9.5,0,422.09,0,417.5972576035936,0,582.84,0,138.42279412119802,0,2.2657406449317934,83663712.85584679,0,83663712.85584679,0,0,0
9.5,0,549.06,0,546.5188327603769,0,554.0,0,22.4896971177346,0,0.8349816870689392,83767459.40786196,0,83767459.40786196,0,0,0
9.5,0,592.0,0,592.0,0,592.0,0,0.0,0,0.0,83702842.18066472,0,83702842.18066472,0,0,0
9.5,0,575.84,0,564.221672051203,0,586.58,0,59.61158102954162,0,0.0051119923591613,83681454.92734799,0,83681454.92734799,0,0,0
9.5,0,549.44,0,537.5943071634248,0,549.44,0,27.163862951806017,0,0.7518420577049255,83759312.94032232,0,83759312.94032232,0,0,0
9.5,0,569.34,0,571.6904396485007,0,578.0,0,16.526195950705265,0,0.0499391198158264,83586109.15452026,0,83586109.15452026,0,0,0
9.5,0,569.37,0,573.2697085759957,0,578.0,0,16.80600564536616,0,0.0016089415550231,83650856.18131796,0,83650856.18131796,0,0,0
9.5,0,558.67,0,543.7280280362482,0,579.08,0,52.82073695895941,0,0.0014506292343139,83663700.92881198,0,83663700.92881198,0,0,0
9.5,0,560.07,0,564.2746459127818,0,578.0,0,27.08322278565868,0,0.0011082506179809,83663776.55009373,0,83663776.55009373,0,0,0
9.5,0,582.1,0,589.3001362644923,0,592.0,0,10.605360501171395,0,0.0,83677102.14330497,0,83677102.14330497,0,0,0
9.5,0,541.39,0,526.8779451201103,0,549.06,0,40.54300883738304,0,0.8168054389953613,83784955.02040346,0,83784955.02040346,0,0,0
9.5,0,592.0,0,592.0,0,592.0,0,0.0,0,0.0,83681143.51091076,0,83681143.51091076,0,0,0
9.5,0,592.0,0,592.0,0,592.0,0,0.0,0,0.0,83677452.44804011,0,83677452.44804011,0,0,0
9.5,0,554.0,0,554.0,0,554.0,0,0.0,0,1.8393927526474,83784647.78639916,0,83784647.78639916,0,0,0
9.5,0,575.3,0,562.8245380464908,0,584.76,0,40.19053958818545,0,0.0,83702637.76562072,0,83702637.76562072,0,0,0
9.5,0,573.45,0,577.0126014791881,0,578.0,0,4.12046801866224,0,0.0411951804161071,83581825.31255463,0,83581825.31255463,0,0,0
9.5,0,549.06,0,552.9279673202615,0,554.0,0,4.473650991690433,0,4.739165000915527,83763389.17075701,0,83763389.17075701,0,0,0
9.5,0,551.88,0,548.4927919268554,0,554.0,0,12.628813477594026,0,2.6367176723480226,83784551.22128475,0,83784551.22128475,0,0,0
9.5,0,574.75,0,571.182346114283,0,578.0,0,17.735209340651217,0,0.0005980587005615,83663868.9415236,0,83663868.9415236,0,0,0
9.5,0,532.3,0,539.9574521483848,0,554.0,0,37.84129282088104,0,0.0126685881614685,100546742.38548224,0,100546742.38548224,0,0,0
9.5,0,554.0,0,554.0,0,554.0,0,0.0,0,0.3464473915100097,83763083.82195117,0,83763083.82195117,0,0,0
9.5,0,582.41,0,588.6834350823755,0,592.0,0,11.101205331315692,0,0.0,83681441.07196163,0,83681441.07196163,0,0,0
9.5,0,549.06,0,545.2838327603769,0,554.0,0,24.62877986508216,0,4.312918605804444,83762982.39886943,0,83762982.39886943,0,0,0
9.5,0,578.0,0,578.0,0,578.0,0,0.0,0,0.0,83646651.13147913,0,83646651.13147913,0,0,0
9.5,0,554.0,0,554.0,0,554.0,0,0.0,0,0.2479527902603149,83784878.23734163,0,83784878.23734163,0,0,0
9.5,0,550.42,0,549.8910920274257,0,554.0,0,13.532014328382584,0,1.3653676176071168,83784862.36435802,0,83784862.36435802,0,0,0
9.5,0,545.8,0,547.1449633828504,0,554.0,0,17.463040453961398,0,2.9408453249931337,83763002.83820498,0,83763002.83820498,0,0,0
9.5,0,592.0,0,592.0,0,592.0,0,0.0,0,0.0,83677010.48871401,0,83677010.48871401,0,0,0
9.5,0,592.0,0,592.0,0,592.0,0,0.0,0,0.0,83677167.90711801,0,83677167.90711801,0,0,0
9.5,0,567.78,0,569.5831562595471,0,578.0,0,20.91770968120998,0,0.0005503606796264,83646625.90346894,0,83646625.90346894,0,0,0
9.5,0,549.34,0,550.6263030389804,0,558.48,0,15.03250393036896,0,2.4008468770980835,83707285.17973965,0,83707285.17973965,0,0,0
9.5,0,554.0,0,554.0,0,554.0,0,0.0,0,1.4329146766662595,83767548.43866251,0,83767548.43866251,0,0,0
9.5,0,578.0,0,578.0,0,578.0,0,0.0,0,0.0,83586100.37531613,0,83586100.37531613,0,0,0
9.5,0,585.74,0,585.7163438299746,0,592.0,0,18.71885759252577,0,0.0,83676949.25910296,0,83676949.25910296,0,0,0
9.5,0,576.37,0,580.7289367457018,0,592.0,0,28.267160076971063,0,0.0015068316459655,83702645.83840893,0,83702645.83840893,0,0,0
9.5,0,578.0,0,578.0,0,578.0,0,0.0,0,0.0,83581804.89795849,0,83581804.89795849,0,0,0
9.5,0,592.0,0,592.0,0,592.0,0,0.0,0,0.0,83693938.57117835,0,83693938.57117835,0,0,0
9.5,0,578.0,0,578.0,0,578.0,0,0.0,0,0.0,83647259.91097355,0,83647259.91097355,0,0,0
9.5,0,578.0,0,578.0,0,578.0,0,0.0,0,0.0,83574021.5304962,0,83574021.5304962,0,0,0
9.5,0,554.0,0,554.0,0,554.0,0,0.0,0,1.393702075481415,83789184.02057964,0,83789184.02057964,0,0,0
9.5,0,549.0,0,550.1561429841229,0,554.0,0,13.924882849878088,0,0.124334397315979,83767415.79019146,0,83767415.79019146,0,0,0
9.5,0,592.0,0,592.0,0,592.0,0,0.0,0,0.0,83677267.11845322,0,83677267.11845322,0,0,0
9.5,0,578.0,0,578.0,0,578.0,0,0.0,0,0.0,83573918.77719626,0,83573918.77719626,0,0,0
9.5,0,578.0,0,578.0,0,578.0,0,0.0,0,0.0,83646756.18178518,0,83646756.18178518,0,0,0
9.5,0,581.66,0,587.1879622992246,0,592.0,0,18.70413819524042,0,0.0150084090232849,83694169.1798604,0,83694169.1798604,0,0,0
9.5,0,592.0,0,592.0,0,592.0,0,0.0,0,0.0,83676883.84192078,0,83676883.84192078,0,0,0
9.5,0,572.69,0,569.1183344106015,0,592.0,0,41.24724794242204,0,0.0426169776916503,83702740.0294178,0,83702740.0294178,0,0,0
9.5,0,578.0,0,578.0,0,578.0,0,0.0,0,0.0,83573759.99632193,0,83573759.99632193,0,0,0
9.5,0,554.0,0,554.0,0,554.0,0,0.0,0,2.362905485630036,83788956.7257941,0,83788956.7257941,0,0,0
9.5,0,554.0,0,554.0,0,554.0,0,0.0,0,2.0420538544654847,83763341.11120707,0,83763341.11120707,0,0,0
9.5,0,516.94,0,502.1516497498889,0,542.44,0,44.94276713154359,0,0.0,83647247.89183153,0,83647247.89183153,0,0,0
9.5,0,578.0,0,578.0,0,578.0,0,0.0,0,0.0,83573981.62667716,0,83573981.62667716,0,0,0
9.5,0,586.68,0,587.9101361351068,0,592.0,0,14.816075352270284,0,0.0,83698590.39133544,0,83698590.39133544,0,0,0
9.5,0,554.0,0,554.0,0,554.0,0,0.0,0,6.952312231063843,83759340.38713536,0,83759340.38713536,0,0,0
9.5,0,581.54,0,583.0263906610245,0,592.0,0,23.812644016730403,0,0.0,83681347.10995458,0,83681347.10995458,0,0,0
9.5,0,562.46,0,536.7677923946538,0,567.64,0,62.16985452364364,0,0.0,83573908.4275154,0,83573908.4275154,0,0,0
9.5,0,563.06,0,574.3302302525476,0,592.0,0,42.331985567977725,0,0.0008628702163696,83681152.56013383,0,83681152.56013383,0,0,0
9.5,0,542.86,0,539.6460870250321,0,552.16,0,29.47376365469466,0,2.022500455379486,83759012.96785198,0,83759012.96785198,0,0,0
9.5,0,592.0,0,592.0,0,592.0,0,0.0,0,0.0,83681136.3406426,0,83681136.3406426,0,0,0
9.5,0,572.95,0,574.6227044139641,0,578.0,0,12.54913167837687,0,0.0,83573870.2174694,0,83573870.2174694,0,0,0
9.5,0,586.68,0,572.8600250239956,0,586.68,0,31.691173443773685,0,0.0,83694163.10749766,0,83694163.10749766,0,0,0
9.5,0,569.6,0,576.5137616099071,0,578.0,0,6.075705292432412,0,0.0,83581796.58627254,0,83581796.58627254,0,0,0
9.5,0,554.0,0,554.0,0,554.0,0,0.0,0,1.6791282081604004,83711447.78480093,0,83711447.78480093,0,0,0
9.5,0,554.0,0,554.0,0,554.0,0,0.0,0,3.1972840142250063,83789357.33211318,0,83789357.33211318,0,0,0
9.5,0,544.12,0,543.9030500806383,0,554.0,0,26.735253728459547,0,2.250485405921936,83767451.29024991,0,83767451.29024991,0,0,0
9.5,0,578.0,0,578.0,0,578.0,0,0.0,0,0.0,83647286.76417175,0,83647286.76417175,0,0,0
9.5,0,575.44,0,577.2844527003784,0,578.0,0,2.938006594244909,0,0.0,83650802.68194842,0,83650802.68194842,0,0,0
9.5,0,587.06,0,589.937026844071,0,592.0,0,8.173931620694676,0,0.0,83693718.4586651,0,83693718.4586651,0,0,0
9.5,0,554.0,0,554.0,0,554.0,0,0.0,0,3.743792126178741,83784940.58678673,0,83784940.58678673,0,0,0
9.5,0,573.2,0,567.9308496457103,0,578.0,0,26.193539949269493,0,0.0,83574180.93831119,0,83574180.93831119,0,0,0
9.5,0,401.88,0,415.72853996802985,0,464.04,0,88.95735396684107,0,0.0,83647047.83333392,0,83647047.83333392,0,0,0
9.5,0,592.0,0,592.0,0,592.0,0,0.0,0,0.0,83676906.14547168,0,83676906.14547168,0,0,0
9.5,0,549.06,0,552.2898839869281,0,554.0,0,6.901687099209524,0,2.538112347126007,83707357.85284467,0,83707357.85284467,0,0,0
9.5,0,592.0,0,592.0,0,592.0,0,0.0,0,0.0,83676904.4322024,0,83676904.4322024,0,0,0
9.5,0,596.86,0,594.4034108376144,0,630.88,0,9.336601323767718,0,0.059088327884674,83677546.8629262,0,83677546.8629262,0,0,0
9.5,0,592.0,0,592.0,0,592.0,0,0.0,0,0.0,83693811.15236317,0,83693811.15236317,0,0,0
9.5,0,562.46,0,566.8981832260447,0,578.0,0,34.118998795587224,0,0.0,83651068.61669372,0,83651068.61669372,0,0,0
9.5,0,592.0,0,592.0,0,592.0,0,0.0,0,0.0,83677111.50294586,0,83677111.50294586,0,0,0
9.5,0,557.74,0,565.2926872646617,0,575.7,0,27.86033254914709,0,0.0879503893852233,83586783.30086747,0,83586783.30086747,0,0,0
9.5,0,549.16,0,549.1363686308532,0,554.0,0,16.601031395628464,0,2.3129867768287657,83784940.17128195,0,83784940.17128195,0,0,0
9.5,0,592.0,0,592.0,0,592.0,0,0.0,0,0.0,83681349.65466551,0,83681349.65466551,0,0,0
9.5,0,554.0,0,554.0,0,554.0,0,0.0,0,2.8019283390045167,83759312.25772181,0,83759312.25772181,0,0,0
9.5,0,554.0,0,554.0,0,554.0,0,0.0,0,4.489081480503082,83784832.35691999,0,83784832.35691999,0,0,0
9.5,0,592.0,0,592.0,0,592.0,0,0.0,0,0.0,83677270.88335595,0,83677270.88335595,0,0,0
9.5,0,515.23,0,482.6171969846029,0,557.46,0,117.66393789255127,0,2.7965129613876343,83789098.69324611,0,83789098.69324611,0,0,0
9.5,0,544.91,0,543.1252448022823,0,554.0,0,25.45380356765855,0,3.822996475696564,83711441.5870542,0,83711441.5870542,0,0,0
9.5,0,563.84,0,575.5620554695562,0,578.0,0,8.809857367045089,0,0.0,100297806.88671689,0,100297806.88671689,0,0,0
9.5,0,554.0,0,554.0,0,554.0,0,0.0,0,1.5211548042297365,83784854.02811193,0,83784854.02811193,0,0,0
9.5,0,591.21,0,590.6061190041898,0,592.0,0,3.938610545225689,0,0.0058230304718017,83676883.0105214,0,83676883.0105214,0,0,0
9.5,0,586.98,0,590.9106064671482,0,592.0,0,4.54609878102955,0,0.0,83677444.7129655,0,83677444.7129655,0,0,0
9.5,0,520.19,0,500.7962358684917,0,538.16,0,47.33993988271189,0,3.810830471515656,83759293.15055709,0,83759293.15055709,0,0,0
9.5,0,586.68,0,587.3190250239957,0,592.0,0,16.487990052675812,0,0.0,83677251.72432786,0,83677251.72432786,0,0,0
9.5,0,601.02,0,615.431611707436,0,763.38,0,53.73202715466892,0,0.0259136486053466,83702766.87123318,0,83702766.87123318,0,0,0
9.5,0,592.0,0,592.0,0,592.0,0,0.0,0,0.0,83694109.92333812,0,83694109.92333812,0,0,0
9.5,0,572.92,0,577.4786315789474,0,578.0,0,2.241508473268066,0,0.0,83581832.9326889,0,83581832.9326889,0,0,0
9.5,0,592.0,0,592.0,0,592.0,0,0.0,0,0.0,83693906.46636964,0,83693906.46636964,0,0,0
9.5,0,554.0,0,554.0,0,554.0,0,0.0,0,1.142224497795105,83784782.58090581,0,83784782.58090581,0,0,0
9.5,0,586.68,0,580.8400250239956,0,592.0,0,29.031173443773685,0,0.0,83677376.01721545,0,83677376.01721545,0,0,0
9.5,0,538.16,0,547.7132104242507,0,554.0,0,12.9765697046356,0,3.695915982723236,83759158.18473835,0,83759158.18473835,0,0,0
9.5,0,586.66,0,582.5780702308527,0,592.0,0,26.623013052538205,0,0.0287631011009216,83694021.94984706,0,83694021.94984706,0,0,0
9.5,0,493.46,0,501.8224385508713,0,562.76,0,68.55698447507207,0,0.0148016691207885,83651094.4943039,0,83651094.4943039,0,0,0
9.5,0,531.9,0,517.2893345295056,0,549.06,0,58.889532974737136,0,3.031334915161133,83767409.21611038,0,83767409.21611038,0,0,0
9.5,0,544.08,0,544.0315654582774,0,554.0,0,34.02525443070957,0,7.743708901405334,83711493.9063923,0,83711493.9063923,0,0,0
9.5,0,586.66,0,578.1280702308527,0,592.0,0,31.810313193562315,0,0.0,83693770.50049865,0,83693770.50049865,0,0,0
9.5,0,532.54,0,541.3960068189465,0,554.0,0,35.46981248820533,0,3.546559946537018,83711539.6297072,0,83711539.6297072,0,0,0
9.5,0,581.3,0,588.0747257151174,0,592.0,0,13.05297231124362,0,0.0,83694057.16332261,0,83694057.16332261,0,0,0
9.5,0,592.0,0,592.0,0,592.0,0,0.0,0,0.0,83677065.41015069,0,83677065.41015069,0,0,0
9.5,0,549.96,0,549.3631317851396,0,554.0,0,15.270764772811631,0,0.3382978677749634,83762946.41019155,0,83762946.41019155,0,0,0
9.5,0,573.14,0,573.7108712691677,0,578.0,0,14.46895675525788,0,0.0,83574187.67852955,0,83574187.67852955,0,0,0
9.5,0,555.68,0,555.1079388322377,0,557.64,0,1.6534435231606426,0,2.990895903110504,83784577.07889347,0,83784577.07889347,0,0,0
9.5,0,562.95,0,583.5294615682305,0,592.0,0,21.901895708959888,0,0.0879912710189819,83677042.7821611,0,83677042.7821611,0,0,0
9.5,0,554.0,0,554.0,0,554.0,0,0.0,0,2.898945140838623,83759292.46663928,0,83759292.46663928,0,0,0
9.5,0,586.68,0,591.1584444444445,0,592.0,0,3.566013285168883,0,0.0,83677066.36334829,0,83677066.36334829,0,0,0
9.5,0,574.4,0,577.6305263157894,0,578.0,0,1.5884705716072909,0,0.0,83647261.08647957,0,83647261.08647957,0,0,0
9.5,0,592.0,0,592.0,0,592.0,0,0.0,0,0.0,83698551.12979096,0,83698551.12979096,0,0,0
9.5,0,544.06,0,540.2138487603727,0,554.0,0,41.871942755267625,0,4.755017280578613,83707278.58197044,0,83707278.58197044,0,0,0
9.5,0,592.98,0,601.4609917682077,0,730.3,0,44.019525713995854,0,0.0076385498046875,83681072.58317071,0,83681072.58317071,0,0,0
9.5,0,539.24,0,543.6624233221198,0,554.0,0,33.0078663120445,0,2.290797820091248,83767590.17645508,0,83767590.17645508,0,0,0
9.5,0,554.0,0,554.0,0,554.0,0,0.0,0,1.3763770079612732,83784803.42474757,0,83784803.42474757,0,0,0
9.5,0,573.2,0,574.3098972647579,0,578.0,0,13.367887535882964,0,0.0,83646768.23741014,0,83646768.23741014,0,0,0
9.5,0,562.66,0,551.9050069927492,0,578.0,0,71.15577295290923,0,0.0,83647245.18427522,0,83647245.18427522,0,0,0
9.5,0,544.28,0,545.9942086278015,0,554.0,0,19.89602650012349,0,1.5459731912612915,83707333.34501767,0,83707333.34501767,0,0,0
9.5,0,578.0,0,578.0,0,578.0,0,0.0,0,0.0,83663872.70557007,0,83663872.70557007,0,0,0
9.5,0,554.0,0,554.0,0,554.0,0,0.0,0,0.3256170439720154,83707228.9086976,0,83707228.9086976,0,0,0
9.5,0,554.0,0,554.0,0,554.0,0,0.0,0,2.476276340484619,83767471.13652651,0,83767471.13652651,0,0,0
9.5,0,554.0,0,554.0,0,554.0,0,0.0,0,0.5728770184516907,83758966.87534814,0,83758966.87534814,0,0,0
9.5,0,554.0,0,554.0,0,554.0,0,0.0,0,1.6935760927200318,83784567.34732631,0,83784567.34732631,0,0,0
9.5,0,570.58,0,576.8316517887856,0,578.0,0,4.898773445802835,0,0.0,83663627.5782308,0,83663627.5782308,0,0,0
9.5,0,549.12,0,551.1800319161403,0,554.0,0,10.723784299515405,0,7.486193792819977,83763314.96021463,0,83763314.96021463,0,0,0
