srcNumPackets,dstNumPackets,srcPayloadSize,dstPayloadSize,srcAvgPayloadSize,dstAvgPayloadSize,srcMaxPayloadSize,dstMaxPayloadSize,srcStdDevPayloadSize,dstStdDevPayloadSize,flowDuration,srcAvgInterarrivalTime,dstAvgInterarrivalTime,avgInterarrivalTime,srcStdDevInterarrivalTime,dstStdDevInterarrivalTime,stdDevInterarrivalTime
13.5,0,57.2,0,57.938947368421054,0,58.0,0,0.2093187513077744,0,0.0023876190185546,166421613.84350562,0,166421613.84350562,0,0,0
9.5,0,110.92,0,110.15964110206102,0,228.38,0,53.79413337351694,0,7087.81030595541,83241129.87669933,0,83241129.87669933,0,0,0
5.5,0,281.8,0,231.4613492063492,0,423.0,0,108.67250753556172,0,0.1950722932815551,0.0055490970611572,0,0.0055490970611572,0,0,0
5.5,0,54.0,0,54.0,0,54.0,0,0.0,0,0.008145523071289,4.248619079589844e-05,0,4.248619079589844e-05,0,0,0
5.5,0,68.4,0,68.3295238095238,0,74.4,0,3.713785841071537,0,0.5654770851135253,1.3804435729980468e-05,0,1.3804435729980468e-05,0,0,0
13.5,0,91.4,0,111.9754163655402,0,441.0,0,104.5861448539392,0,980.2343910217284,166439224.2434857,0,166439224.2434857,0,0,0
5.5,0,93.6,0,89.30690476190478,0,183.2,0,43.12761976614249,0,96.58603870868684,0.0132472991943359,0,0.0132472991943359,0,0,0
13.5,0,116.8,0,254.0321671208049,0,1514.0,0,388.7861658485568,0,96.05538668632508,166429135.64297298,0,166429135.64297298,0,0,0
9.5,0,105.46,0,111.34099884558164,0,296.39,0,76.53331672213048,0,73.20059316873551,83244331.23384395,0,83244331.23384395,0,0,0
13.5,0,58.0,0,56.66245719364914,0,58.0,0,1.8673692975159144,0,0.0,166421191.2329639,0,166421191.2329639,0,0,0
13.5,0,66.8,0,165.86279861693177,0,1212.0,0,284.5375830702017,0,4.099725723266602,166430891.98569432,0,166430891.98569432,0,0,0
5.5,0,91.4,0,77.4904365079365,0,143.6,0,35.00977307236002,0,155.48071110248566,0.0091921091079711,0,0.0091921091079711,0,0,0
13.5,0,818.6,0,693.8270591182124,0,1494.0,0,697.2026559561913,0,30.11353845596313,166430720.918163,0,166430720.918163,0,0,0
5.5,0,86.6,0,77.66888888888889,0,120.6,0,21.6715948431892,0,30.08138930797577,0.0176696062088012,0,0.0176696062088012,0,0,0
9.5,0,282.31,0,226.83262734590824,0,1188.92,0,347.26786051366054,0,147.10910570383072,83241754.6622041,0,83241754.6622041,0,0,0
13.5,0,102.9,0,86.4450550107787,0,215.2,0,42.36816416064119,0,14.98826253414154,166430614.67110118,0,166430614.67110118,0,0,0
13.5,0,145.1,0,137.08224483162178,0,378.0,0,120.36029332523184,0,2602.7323141098022,166437926.91366783,0,166437926.91366783,0,0,0
13.5,0,574.7,0,153.6666213018148,0,945.2,0,213.33709722703344,0,14.576980471611025,166429145.6958689,0,166429145.6958689,0,0,0
9.5,0,110.86,0,95.8726639621129,0,313.23,0,76.82150198616499,0,510.6125687098504,83243253.15015665,0,83243253.15015665,0,0,0
5.5,0,54.0,0,54.0,0,54.0,0,0.0,0,0.0356993436813354,3.991127014160157e-05,0,3.991127014160157e-05,0,0,0
13.5,0,81.0,0,133.4454842358364,0,312.0,0,80.13808883709565,0,80.61760396957398,166429021.3673778,0,166429021.3673778,0,0,0
13.5,0,366.5,0,177.85848237031286,0,422.3,0,120.2949951327914,0,164.5195617198944,166430849.34668407,0,166430849.34668407,0,0,0
9.5,0,431.02,0,472.5677615560825,0,1643.36,0,553.5282540299117,0,37.42057067394256,83241647.00734043,0,83241647.00734043,0,0,0
5.5,0,54.0,0,54.0,0,54.0,0,0.0,0,0.115282392501831,0.0014720916748046,0,0.0014720916748046,0,0,0
5.5,0,152.3,0,123.876626984127,0,247.8,0,71.41825522682447,0,42.47252480983734,0.0150979042053222,0,0.0150979042053222,0,0,0
5.5,0,140.5,0,124.37027777777776,0,238.8,0,75.49890305298473,0,1.662776732444763,0.00137939453125,0,0.00137939453125,0,0,0
13.5,0,54.0,0,54.0,0,54.0,0,0.0,0,0.0025876998901367,166430701.0913373,0,166430701.0913373,0,0,0
13.5,0,98.0,0,118.81052770586824,0,573.0,0,125.70293248685884,0,81.84206669330597,166421726.3507014,0,166421726.3507014,0,0,0
9.5,0,334.37,0,314.0181692795938,0,1113.08,0,402.5833209674908,0,124.53108709335328,83241753.29207599,0,83241753.29207599,0,0,0
9.5,0,83.44,0,75.2039138308372,0,157.73,0,30.365275804242884,0,285.5175149488449,83243670.19891717,0,83243670.19891717,0,0,0
9.5,0,297.29,0,292.68343946718056,0,1075.17,0,299.0446752604915,0,26.056555132865903,83242140.14953305,0,83242140.14953305,0,0,0
5.5,0,120.0,0,126.79857142857142,0,485.2,0,152.188511325758,0,0.4826534271240234,0.0044457912445068,0,0.0044457912445068,0,0,0
13.5,0,71.6,0,67.25689861909675,0,71.6,0,2.241336973745386,0,0.010407280921936,166430918.45601553,0,166430918.45601553,0,0,0
5.5,0,55.2,0,54.2588888888889,0,55.2,0,0.4818864772080827,0,0.0397467851638793,0.0003670930862426,0,0.0003670930862426,0,0,0
13.5,0,94.2,0,102.33840189308457,0,230.0,0,58.91140419812683,0,154.1178202867508,166429096.9069923,0,166429096.9069923,0,0,0
13.5,0,62.8,0,58.61512039903681,0,62.8,0,1.3761046741945466,0,0.06592698097229,166430954.0531465,0,166430954.0531465,0,0,0
9.5,0,929.68,0,977.725992109026,0,2718.52,0,922.9029374669576,0,0.523222200870514,83243082.10532245,0,83243082.10532245,0,0,0
5.5,0,58.0,0,58.0,0,58.0,0,0.0,0,0.0,5.028247833251953e-05,0,5.028247833251953e-05,0,0,0
13.5,0,91.4,0,554.6630032596402,0,2962.0,0,855.4021127195622,0,31.7959098815918,166430865.8514409,0,166430865.8514409,0,0,0
5.5,0,100.9,0,103.71337301587305,0,183.8,0,48.54617026674445,0,347.14652743339536,0.0209972858428955,0,0.0209972858428955,0,0,0
5.5,0,114.4,0,84.56460317460318,0,167.4,0,38.04884305837251,0,37.1865895986557,0.0120567083358764,0,0.0120567083358764,0,0,0
5.5,0,913.3,0,872.4795634920634,0,1474.0,0,615.3522498908214,0,2.5264282703399656,0.0039145946502685,0,0.0039145946502685,0,0,0
13.5,0,497.4,0,252.78097776148857,0,519.8,0,177.87841919527412,0,360.2773286104202,166421654.2381067,0,166421654.2381067,0,0,0
9.5,0,151.44,0,132.09522519302163,0,440.34,0,119.71841760105272,0,314.1174779391289,83243684.75988913,0,83243684.75988913,0,0,0
9.5,0,447.14,0,374.1594196562809,0,1271.22,0,437.4053951339328,0,97.11367644309998,83241586.50988673,0,83241586.50988673,0,0,0
5.5,0,410.6,0,203.9619841269841,0,807.0,0,268.6253815885231,0,0.2474518060684204,0.0096688032150268,0,0.0096688032150268,0,0,0
13.5,0,1368.4,0,559.9126441635419,0,3322.0,0,1158.7210034634495,0,0.0209251165390014,166421795.35754257,0,166421795.35754257,0,0,0
5.5,0,98.2,0,100.82289682539684,0,182.4,0,39.63725540630033,0,6.797442936897278,0.0069257974624633,0,0.0069257974624633,0,0,0
13.5,0,127.5,0,74.01615927072584,0,410.0,0,81.69501121566967,0,20.417142581939697,166428662.94294977,0,166428662.94294977,0,0,0
9.5,0,184.28,0,178.61367174926036,0,653.94,0,182.4947886136955,0,123.32301094293594,83243780.32616378,0,83243780.32616378,0,0,0
13.5,0,789.5,0,599.9441680228097,0,1514.0,0,686.4416701746552,0,18.336235809326173,166430972.57662082,0,166430972.57662082,0,0,0
5.5,0,64.8,0,63.68523809523808,0,66.0,0,4.166413103346633,0,0.0645620584487915,0.000400686264038,0,0.000400686264038,0,0,0
13.5,0,58.0,0,74.34937984487132,0,317.0,0,64.78898177389559,0,0.0294748783111572,166421720.85120422,0,166421720.85120422,0,0,0
9.5,0,167.51,0,162.4216095206393,0,398.57,0,105.9566904779521,0,113.60283812522889,83243600.81624456,0,83243600.81624456,0,0,0
13.5,0,58.0,0,58.0,0,58.0,0,0.0,0,0.0,166421212.8527342,0,166421212.8527342,0,0,0
13.5,0,141.2,0,80.67443585095677,0,213.0,0,49.49136869010342,0,47.13470332622528,166430834.99053732,0,166430834.99053732,0,0,0
13.5,0,106.4,0,112.83367141630302,0,230.0,0,69.57847875068768,0,239.7121375083924,166438083.4233619,0,166438083.4233619,0,0,0
5.5,0,842.0,0,1272.6531746031746,0,1514.0,0,313.7084635419157,0,1.1125749349594116,0.0023916959762573,0,0.0023916959762573,0,0,0
5.5,0,1137.1,0,1454.6205158730158,0,1756.5,0,217.55355063205545,0,24.32751307487488,0.008426284790039,0,0.008426284790039,0,0,0
5.5,0,213.1,0,194.4212301587301,0,936.2,0,300.1390889242023,0,264.85864369869233,0.0093150854110717,0,0.0093150854110717,0,0,0
5.5,0,116.8,0,95.70420634920634,0,162.2,0,37.06545750923442,0,82.26979060173035,0.0339730978012084,0,0.0339730978012084,0,0,0
9.5,0,115.5,0,118.17286200714491,0,320.63,0,80.13068449733915,0,149.86938357830047,83241789.89499058,0,83241789.89499058,0,0,0
13.5,0,245.2,0,137.19551464187688,0,596.1,0,131.0130887415581,0,17.079844760894776,166430372.1831248,0,166430372.1831248,0,0,0
9.5,0,345.44,0,297.8716827231076,0,1191.11,0,324.8604676537192,0,4.835800344944,83243726.19818076,0,83243726.19818076,0,0,0
13.5,0,77.1,0,97.57904764482164,0,317.0,0,64.92423531110492,0,153.3839028596878,166439277.7864688,0,166439277.7864688,0,0,0
5.5,0,935.2,0,975.5219047619048,0,1369.2,0,582.5052915127806,0,1.711117672920227,0.0017619132995605,0,0.0017619132995605,0,0,0
5.5,0,58.0,0,58.0,0,58.0,0,0.0,0,0.0,3.2901763916015627e-06,0,3.2901763916015627e-06,0,0,0
9.5,0,102.81,0,111.74755735823344,0,243.18,0,62.19616031317554,0,375.7217654037476,83244072.9813635,0,83244072.9813635,0,0,0
5.5,0,107.0,0,93.65626984126985,0,168.0,0,41.76405231026708,0,90.31624670028688,0.0215973138809204,0,0.0215973138809204,0,0,0
9.5,0,195.29,0,205.68133085919925,0,783.48,0,228.5372962571045,0,187.28348680973053,83243291.05725728,0,83243291.05725728,0,0,0
13.5,0,115.3,0,738.0478722584605,0,1514.0,0,637.097538167437,0,12.125562047958374,166430212.3129496,0,166430212.3129496,0,0,0
5.5,0,68.9,0,67.21773809523809,0,87.2,0,12.93289928577456,0,22.568440508842468,0.0054079055786132,0,0.0054079055786132,0,0,0
9.5,0,168.66,0,134.1862603886052,0,484.03,0,120.66632624609338,0,151.9941873884201,83242908.61772187,0,83242908.61772187,0,0,0
5.5,0,91.7,0,79.05920634920635,0,113.3,0,18.216090570873696,0,265.5170185089111,0.0089316129684448,0,0.0089316129684448,0,0,0
13.5,0,54.0,0,54.0,0,54.0,0,0.0,0,0.0,166429069.57156438,0,166429069.57156438,0,0,0
13.5,0,320.2,0,352.9249774030579,0,2165.0,0,570.8315334622802,0,0.0906275033950805,166430921.5208733,0,166430921.5208733,0,0,0
5.5,0,54.0,0,54.0,0,54.0,0,0.0,0,0.0384713649749755,0.0002907991409301,0,0.0002907991409301,0,0,0
5.5,0,135.5,0,127.67555555555556,0,217.4,0,53.740264254610814,0,254.6411378622055,0.0251907110214233,0,0.0251907110214233,0,0,0
13.5,0,66.0,0,66.0,0,66.0,0,0.0,0,0.2437144517898559,166430373.11442932,0,166430373.11442932,0,0,0
13.5,0,61.6,0,83.10994481138057,0,156.0,0,29.77071566981452,0,0.0,166430934.59892178,0,166430934.59892178,0,0,0
13.5,0,113.5,0,98.54464025181905,0,299.6,0,67.91132237301208,0,272.4478259563446,166438082.0721579,0,166438082.0721579,0,0,0
13.5,0,162.8,0,126.00243292010704,0,346.5,0,98.1600761446316,0,20.35442042350769,166430781.4116249,0,166430781.4116249,0,0,0
13.5,0,136.9,0,89.5513851430647,0,243.6,0,50.841971975194326,0,31.42511138916016,166430310.01216692,0,166430310.01216692,0,0,0
5.5,0,110.6,0,109.56579365079364,0,205.8,0,56.38432530115229,0,13.801600289344789,0.0123702049255371,0,0.0123702049255371,0,0,0
5.5,0,58.0,0,58.0,0,58.0,0,0.0,0,0.0,0.0069963932037353,0,0.0069963932037353,0,0,0
5.5,0,105.5,0,91.8298015873016,0,244.8,0,59.6893157435645,0,0.1974186658859253,0.032263708114624,0,0.032263708114624,0,0,0
5.5,0,71.4,0,74.20023809523809,0,89.6,0,8.250640903368772,0,0.0595193147659301,0.0085911035537719,0,0.0085911035537719,0,0,0
5.5,0,68.9,0,71.64515873015873,0,91.3,0,15.914008151674352,0,16.084333634376527,0.0227161169052124,0,0.0227161169052124,0,0,0
5.5,0,98.2,0,70.62563492063494,0,114.8,0,17.041677229310157,0,11.242441964149474,0.0058552980422973,0,0.0058552980422973,0,0,0
13.5,0,86.4,0,93.83158712503528,0,317.0,0,65.75948780415386,0,151.65257182121275,166439279.19430012,0,166439279.19430012,0,0,0
9.5,0,102.56,0,117.726310952893,0,291.25,0,77.69234296008341,0,173.34435978412628,83242281.1342583,0,83242281.1342583,0,0,0
13.5,0,61.2,0,60.036198880239134,0,112.0,0,13.804544901262128,0,0.0716627120971679,166421249.1373778,0,166421249.1373778,0,0,0
9.5,0,314.79,0,304.3977736718476,0,1063.4,0,368.8584349388536,0,148.34497560501097,83241560.17753963,0,83241560.17753963,0,0,0
13.5,0,58.0,0,58.0,0,58.0,0,0.0,0,0.0,166428752.58839792,0,166428752.58839792,0,0,0
5.5,0,124.9,0,120.73623015873018,0,313.9,0,91.329875008134,0,0.1686802148818969,0.018122911453247,0,0.018122911453247,0,0,0
13.5,0,131.1,0,128.24420201143886,0,428.6,0,109.14296432953878,0,857.3003969669342,166439100.4665133,0,166439100.4665133,0,0,0
13.5,0,99.8,0,114.741537509618,0,441.0,0,104.15558165460838,0,5.034278702735901,166428811.34670103,0,166428811.34670103,0,0,0
13.5,0,117.3,0,211.61464210797803,0,1392.0,0,340.72544494908846,0,32.69859871864319,166429248.5527496,0,166429248.5527496,0,0,0
5.5,0,135.3,0,152.78321428571428,0,395.7,0,123.2981382365895,0,189.4355906486512,0.015325903892517,0,0.015325903892517,0,0,0
5.5,0,242.4,0,201.42202380952384,0,841.4,0,266.48200673683715,0,50.96064350605011,0.0125258922576904,0,0.0125258922576904,0,0,0
13.5,0,54.8,0,57.173739098878414,0,58.0,0,1.3394932483435598,0,0.0885887145996093,166438242.8805903,0,166438242.8805903,0,0,0
13.5,0,67.6,0,97.88890614029933,0,253.0,0,64.4350541588867,0,43.98508296012879,166429025.2358303,0,166429025.2358303,0,0,0
5.5,0,125.3,0,139.31329365079367,0,271.8,0,71.72788885923083,0,32.65447409152985,0.0181420087814331,0,0.0181420087814331,0,0,0
13.5,0,66.0,0,102.9830585956012,0,619.0,0,137.41920431965167,0,3.060006833076477,166438143.62142918,0,166438143.62142918,0,0,0
5.5,0,498.7,0,1047.5995238095238,0,2817.2,0,933.2821510166854,0,16.69419856071472,0.001122498512268,0,0.001122498512268,0,0,0
5.5,0,864.7,0,2001.3262301587304,0,4410.0,0,1355.8811998277338,0,277.7926317691803,0.0064400911331176,0,0.0064400911331176,0,0,0
9.5,0,190.42,0,172.32919053710305,0,890.96,0,241.69208039902685,0,267.2893716073036,83242197.69792072,0,83242197.69792072,0,0,0
13.5,0,66.0,0,95.02467889781356,0,317.0,0,65.49772141039935,0,2.292584443092346,166430745.54698423,0,166430745.54698423,0,0,0
5.5,0,350.4,0,109.53190476190476,0,351.6,0,103.15969350387869,0,6.109516930580139,0.0022523880004882,0,0.0022523880004882,0,0,0
13.5,0,2493.6,0,1043.5732726045885,0,5206.8,0,1714.1081249269675,0,1.05135178565979,166428631.4033689,0,166428631.4033689,0,0,0
9.5,0,404.16,0,523.1121795611509,0,1759.42,0,601.9768260235682,0,23.679881539344787,83241581.7106505,0,83241581.7106505,0,0,0
13.5,0,81.9,0,59.529210526315794,0,83.8,0,5.684761932032797,0,9.038192224502565,166428913.44981152,0,166428913.44981152,0,0,0
13.5,0,112.6,0,394.7285527681812,0,1514.0,0,560.6172125204861,0,18.787831664085388,166430654.29925558,0,166430654.29925558,0,0,0
13.5,0,969.5,0,1495.2119268876118,0,2673.1,0,436.6878883931023,0,60.74818027019501,166430887.3761582,0,166430887.3761582,0,0,0
5.5,0,243.2,0,147.14888888888888,0,376.8,0,113.6615362163648,0,66.34518370628356,0.0048320055007934,0,0.0048320055007934,0,0,0
13.5,0,54.0,0,54.0,0,54.0,0,0.0,0,0.0449189901351928,166428841.5733592,0,166428841.5733592,0,0,0
5.5,0,54.0,0,54.0,0,54.0,0,0.0,0,0.0408579587936401,5.5694580078125e-05,0,5.5694580078125e-05,0,0,0
13.5,0,58.0,0,57.732491438729824,0,58.0,0,0.9939906279902472,0,0.0,166437994.0994373,0,166437994.0994373,0,0,0
13.5,0,506.8,0,752.1184462901219,0,2882.0,0,989.3716305541316,0,2.1366416215896606,166429894.0847747,0,166429894.0847747,0,0,0
13.5,0,112.2,0,315.2830370420773,0,1514.0,0,442.02313137305066,0,27.785917544364928,166429245.1034641,0,166429245.1034641,0,0,0
13.5,0,54.0,0,83.693450300989,0,262.0,0,56.67182444309486,0,1.0914764881134034,166438157.3531939,0,166438157.3531939,0,0,0
9.5,0,135.36,0,139.85280903393132,0,330.06,0,89.31323708618712,0,230.03269319057463,83244280.0844749,0,83244280.0844749,0,0,0
5.5,0,111.8,0,124.66261904761905,0,285.8,0,83.0196092542282,0,88.60692176818847,0.0353100061416625,0,0.0353100061416625,0,0,0
5.5,0,84.2,0,70.19579365079366,0,138.6,0,29.666053432776938,0,103.8710032939911,0.0126474857330322,0,0.0126474857330322,0,0,0
5.5,0,115.1,0,178.17488095238096,0,357.0,0,102.19176917166918,0,3.127062749862671,0.0013951063156127,0,0.0013951063156127,0,0,0
13.5,0,95.1,0,133.72129234284807,0,357.0,0,112.88517196159968,0,11.86584265232086,166429826.51907128,0,166429826.51907128,0,0,0
13.5,0,89.4,0,109.23050779371988,0,230.0,0,54.06058854514157,0,462.64277548789977,166421904.89843398,0,166421904.89843398,0,0,0
5.5,0,429.8,0,250.4813095238096,0,873.5,0,274.57415227492305,0,18.09158670902252,0.0069643020629882,0,0.0069643020629882,0,0,0
9.5,0,95.32,0,94.51088621255766,0,251.68,0,58.55824703045985,0,163.39225967884065,83243988.15091822,0,83243988.15091822,0,0,0
13.5,0,88.8,0,119.48312395336002,0,317.0,0,74.27490775214741,0,0.5398235321044922,166430830.15921497,0,166430830.15921497,0,0,0
9.5,0,192.05,0,191.4463794436128,0,789.99,0,214.8992239875465,0,8.586318571567535,83242935.14147311,0,83242935.14147311,0,0,0
13.5,0,1725.4,0,1054.8211630406056,0,8030.0,0,1956.137410625793,0,49.24230062961578,166430962.32802898,0,166430962.32802898,0,0,0
9.5,0,176.24,0,152.10864881158574,0,590.72,0,157.9941838986477,0,25.02123600244522,83242441.46510206,0,83242441.46510206,0,0,0
13.5,0,100.3,0,99.1722678916371,0,249.2,0,56.71680338705066,0,3.649104881286621,166429141.2641055,0,166429141.2641055,0,0,0
5.5,0,85.4,0,103.92753968253967,0,213.6,0,60.91095879153065,0,35.66500563621521,0.0058220148086547,0,0.0058220148086547,0,0,0
5.5,0,1658.2,0,1697.2292063492064,0,3541.2,0,1018.9261123906376,0,9.7025563955307,0.0076838970184326,0,0.0076838970184326,0,0,0
5.5,0,58.0,0,58.0,0,58.0,0,0.0,0,0.0,3.938674926757812e-05,0,3.938674926757812e-05,0,0,0
13.5,0,56.4,0,55.26393263255492,0,58.0,0,1.828943516741809,0,0.0077147245407104,166428645.70530933,0,166428645.70530933,0,0,0
5.5,0,85.8,0,113.3736507936508,0,150.0,0,33.42000181084669,0,300.9103091478348,0.0242631912231445,0,0.0242631912231445,0,0,0
9.5,0,319.21,0,345.4332482149773,0,1121.64,0,402.1325095346449,0,36.94583031177521,83241630.97280067,0,83241630.97280067,0,0,0
13.5,0,96.3,0,63.81344902087936,0,144.9,0,22.128535532357613,0,504.4328488349914,166438107.2407248,0,166438107.2407248,0,0,0
13.5,0,54.0,0,54.53501712254034,0,58.0,0,1.3532424383706476,0,0.0294292211532592,166430934.8954627,0,166430934.8954627,0,0,0
5.5,0,137.2,0,107.59789682539684,0,233.0,0,61.261598490255246,0,83.10102801322937,0.0084064006805419,0,0.0084064006805419,0,0,0
5.5,0,1381.3,0,1641.8757142857144,0,2672.4,0,752.7187914930363,0,19.54010646343232,0.001190710067749,0,0.001190710067749,0,0,0
5.5,0,2544.2,0,1394.5556349206352,0,2982.6,0,1220.2562585905275,0,13.477005863189698,0.0033795118331909,0,0.0033795118331909,0,0,0
5.5,0,718.0,0,888.3939682539683,0,2670.8,0,1182.7576645572751,0,0.1323639869689941,0.0006197929382324,0,0.0006197929382324,0,0,0
13.5,0,224.7,0,533.3443556018285,0,2962.0,0,810.766052861559,0,6.620773029327393,166439325.07145768,0,166439325.07145768,0,0,0
13.5,0,89.8,0,110.58225467600852,0,364.0,0,93.57914453833271,0,12.86873393058777,166429077.25995252,0,166429077.25995252,0,0,0
5.5,0,81.6,0,81.5231746031746,0,166.8,0,38.21770466533648,0,63.09530146121979,0.018148398399353,0,0.018148398399353,0,0,0
5.5,0,133.6,0,129.54603174603173,0,212.1,0,66.83039162201824,0,47.15221920013428,0.0435822963714599,0,0.0435822963714599,0,0,0
13.5,0,87.2,0,103.6628793368654,0,344.0,0,78.82087376387966,0,10.21930696964264,166430779.76710162,0,166430779.76710162,0,0,0
13.5,0,145.1,0,389.9322612595523,0,2962.0,0,752.3100321928058,0,30.17234992980957,166430881.8964464,0,166430881.8964464,0,0,0
9.5,0,263.1,0,189.94567718431384,0,729.43,0,228.24188735765767,0,26.080623817443847,83241467.15945815,0,83241467.15945815,0,0,0
5.5,0,66.0,0,66.0,0,66.0,0,0.0,0,47.0407972574234,0.0027623176574707,0,0.0027623176574707,0,0,0
9.5,0,137.1,0,135.51856461679873,0,471.46,0,129.9955283167429,0,88.72734883785247,83242386.11707193,0,83242386.11707193,0,0,0
5.5,0,56.4,0,57.5295238095238,0,62.8,0,2.4920487738965456,0,0.0430790901184082,0.0001499891281127,0,0.0001499891281127,0,0,0
13.5,0,199.2,0,148.07284312007224,0,330.2,0,95.7178645639251,0,83.6521414756775,166421724.9435194,0,166421724.9435194,0,0,0
13.5,0,98.4,0,86.41251397553255,0,206.8,0,35.55470245167746,0,117.079523062706,166428682.4978858,0,166428682.4978858,0,0,0
5.5,0,202.0,0,94.71111111111112,0,338.0,0,83.54067655172021,0,3.980898523330688,0.0013025999069213,0,0.0013025999069213,0,0,0
9.5,0,96.9,0,94.74509892644332,0,211.39,0,51.237907896507096,0,295.91415497303007,83243673.25422174,0,83243673.25422174,0,0,0
13.5,0,66.4,0,72.65484865710485,0,164.0,0,29.100716635769466,0,9.893644094467165,166421301.8024895,0,166421301.8024895,0,0,0
5.5,0,74.4,0,66.80404761904762,0,95.4,0,12.798523339604486,0,53.703508615493774,0.0349824905395507,0,0.0349824905395507,0,0,0
5.5,0,60.4,0,58.44349206349206,0,70.0,0,4.69393314302463,0,2.144122505187988,0.003298807144165,0,0.003298807144165,0,0,0
13.5,0,102.9,0,859.7546472709437,0,2962.0,0,870.5329075321351,0,5.522187614440918,166430632.9064234,0,166430632.9064234,0,0,0
13.5,0,89.2,0,95.33578258987316,0,156.0,0,38.10483987899456,0,1318.8049817562105,166437860.4693968,0,166437860.4693968,0,0,0
13.5,0,54.0,0,55.07003424508069,0,58.0,0,1.7554306549768224,0,0.0005326986312866,166428858.78928322,0,166428858.78928322,0,0,0
9.5,0,181.96,0,159.65975240557518,0,453.64,0,126.24817353955962,0,300.4569911670685,83242782.59722194,0,83242782.59722194,0,0,0
5.5,0,142.6,0,113.27714285714283,0,177.4,0,47.812926850898144,0,125.66705482006071,0.0123109102249145,0,0.0123109102249145,0,0,0
5.5,0,54.0,0,54.0,0,54.0,0,0.0,0,0.0136939287185668,0.000127100944519,0,0.000127100944519,0,0,0
5.5,0,83.8,0,77.61365079365078,0,118.6,0,23.42195898562216,0,25.10674860477448,0.0100416898727417,0,0.0100416898727417,0,0,0
5.5,0,168.3,0,103.63416666666669,0,273.7,0,67.18874297586225,0,869.0810562372208,0.0249347209930419,0,0.0249347209930419,0,0,0
5.5,0,56.0,0,55.90587301587302,0,57.6,0,1.7480854975284643,0,0.055747103691101,0.0015492916107177,0,0.0015492916107177,0,0,0
13.5,0,58.0,0,67.76406248636125,0,204.0,0,36.28065792164402,0,0.0,166429025.0099314,0,166429025.0099314,0,0,0
9.5,0,113.77,0,134.3826151922123,0,309.28,0,85.5644663536371,0,232.90146935224533,83243504.3540172,0,83243504.3540172,0,0,0
9.5,0,154.88,0,160.43989331368667,0,409.39,0,113.71652506626344,0,389.02014673948287,83243507.56489515,0,83243507.56489515,0,0,0
9.5,0,325.6,0,301.0568399658907,0,1085.12,0,373.3925600677035,0,3.0372472739219667,83241563.9392791,0,83241563.9392791,0,0,0
13.5,0,2779.2,0,2777.259676726782,0,4350.0,0,1190.8813880841055,0,1.7808677673339843,166421097.5801178,0,166421097.5801178,0,0,0
5.5,0,85.0,0,90.57373015873016,0,240.2,0,64.62436682488139,0,78.07534611225128,0.0021089076995849,0,0.0021089076995849,0,0,0
5.5,0,140.8,0,87.05976190476193,0,140.8,0,32.61733058647808,0,0.054109239578247,0.0001360893249511,0,0.0001360893249511,0,0,0
9.5,0,251.38,0,247.8125001146944,0,506.48,0,158.01583967929423,0,9.413536338806152,83241467.4754285,0,83241467.4754285,0,0,0
13.5,0,819.5,0,664.4151658218802,0,1948.4,0,735.9714837191439,0,15.05195574760437,166429724.3903454,0,166429724.3903454,0,0,0
5.5,0,100.2,0,145.96809523809523,0,317.0,0,87.23594522216464,0,19.683210825920103,0.0126398086547851,0,0.0126398086547851,0,0,0
13.5,0,160.0,0,102.16228572425166,0,643.8,0,136.30955234242464,0,82.69681787490845,166439331.24504122,0,166439331.24504122,0,0,0
13.5,0,194.9,0,429.36599023955057,0,2911.0,0,749.6089406033752,0,101.42435662746428,166439295.0378257,0,166439295.0378257,0,0,0
13.5,0,125.8,0,93.64882183562914,0,230.0,0,48.200811073570485,0,237.04633655548096,166430420.6803081,0,166430420.6803081,0,0,0
13.5,0,54.0,0,55.53817422730348,0,77.0,0,5.715446110943921,0,0.3178227663040161,166429095.36922792,0,166429095.36922792,0,0,0
13.5,0,78.0,0,78.0,0,78.0,0,0.0,0,0.4785971164703369,166421632.0878811,0,166421632.0878811,0,0,0
5.5,0,110.3,0,129.03662698412697,0,414.0,0,128.90245484134738,0,20.55067331790924,0.0263170003890991,0,0.0263170003890991,0,0,0
13.5,0,66.0,0,66.0,0,66.0,0,0.0,0,0.7030842542648316,166438064.8692344,0,166438064.8692344,0,0,0
5.5,0,81.4,0,88.2061111111111,0,153.2,0,32.76226132547638,0,71.01091988086701,0.0075037002563476,0,0.0075037002563476,0,0,0
13.5,0,955.2,0,256.6084808758493,0,972.4,0,338.3553225328415,0,290.17842655181886,166429228.1965344,0,166429228.1965344,0,0,0
5.5,0,54.0,0,54.0,0,54.0,0,0.0,0,0.055736494064331,4.92095947265625e-05,0,4.92095947265625e-05,0,0,0
13.5,0,930.2,0,869.2181584836732,0,2178.0,0,731.888473055923,0,3.252540397644043,166429074.9932115,0,166429074.9932115,0,0,0
5.5,0,76.9,0,73.02313492063492,0,106.7,0,13.362776862126536,0,86.80816209316254,0.0117671966552734,0,0.0117671966552734,0,0,0
5.5,0,66.0,0,66.0,0,66.0,0,0.0,0,1.1916357278823853,1.5974044799804688e-06,0,1.5974044799804688e-06,0,0,0
13.5,0,424.2,0,324.8440858621083,0,2574.1,0,619.633361256167,0,0.1068988800048828,166439384.94900328,0,166439384.94900328,0,0,0
5.5,0,68.0,0,63.32619047619048,0,70.0,0,7.6827273160132705,0,0.0167918682098388,0.0035413980484008,0,0.0035413980484008,0,0,0
9.5,0,117.89,0,92.07352979257584,0,212.49,0,45.6322158225928,0,147.67585143089295,83243344.54596826,0,83243344.54596826,0,0,0
13.5,0,290.6,0,179.64683466129674,0,1235.0,0,285.07064658510046,0,159.0675101995468,166428842.7279199,0,166428842.7279199,0,0,0
13.5,0,1720.0,0,423.61351001767406,0,2270.8,0,623.8689319176966,0,40.98915178775788,166430342.2452388,0,166430342.2452388,0,0,0
9.5,0,329.84,0,333.6218909761119,0,1119.06,0,394.6159344628681,0,49.20110862970352,83241551.34556107,0,83241551.34556107,0,0,0
5.5,0,104.1,0,124.55099206349205,0,208.5,0,54.43328904462218,0,39.38659837245941,0.0220777988433837,0,0.0220777988433837,0,0,0
5.5,0,934.2,0,444.350873015873,0,934.8,0,413.8151766700578,0,31.92373139858245,0.0027997016906738,0,0.0027997016906738,0,0,0
5.5,0,392.9,0,1019.9915476190477,0,3322.0,0,1130.3717302539594,0,101.77953610420226,0.003543996810913,0,0.003543996810913,0,0,0
13.5,0,72.6,0,327.86250178571,0,523.0,0,201.0494839600532,0,0.0008909225463867,166421639.2257283,0,166421639.2257283,0,0,0
13.5,0,58.8,0,99.1614101283993,0,441.0,0,99.42027593233632,0,104.0898234128952,166421667.8602546,0,166421667.8602546,0,0,0
5.5,0,66.0,0,66.0,0,66.0,0,0.0,0,33.561655688285825,0.0007508039474487,0,0.0007508039474487,0,0,0
5.5,0,97.6,0,100.89468253968252,0,199.2,0,55.00445136816092,0,25.57732756137848,0.0239955902099609,0,0.0239955902099609,0,0,0
13.5,0,244.2,0,196.897256156726,0,1172.6,0,282.4655327396238,0,160.46959328651428,166438011.9221871,0,166438011.9221871,0,0,0
5.5,0,56.0,0,57.291269841269845,0,58.0,0,0.9221835443913882,0,0.0026996850967407,0.0011322975158691,0,0.0011322975158691,0,0,0
5.5,0,83.6,0,82.83904761904762,0,170.4,0,38.38264130123234,0,37.83763649463653,0.0068478107452392,0,0.0068478107452392,0,0,0
13.5,0,94.0,0,216.9926220215113,0,792.0,0,241.97173317326573,0,4307.385420155525,166439106.0362653,0,166439106.0362653,0,0,0
5.5,0,82.2,0,78.45849206349207,0,156.4,0,34.51454045054445,0,81.26470429897309,0.0085155963897705,0,0.0085155963897705,0,0,0
9.5,0,285.04,0,327.48801498591706,0,1068.46,0,379.95461123369336,0,186.0094530916214,83241703.62532467,0,83241703.62532467,0,0,0
13.5,0,125.9,0,87.02614508083936,0,215.5,0,55.25569441991687,0,205.4016498565674,166430263.0281067,0,166430263.0281067,0,0,0
5.5,0,58.0,0,58.0,0,58.0,0,0.0,0,0.0,2.350807189941406e-05,0,2.350807189941406e-05,0,0,0
13.5,0,1385.6,0,1953.9733381728352,0,4410.0,0,1860.6622606635408,0,785.9882513284683,166428815.7919189,0,166428815.7919189,0,0,0
13.5,0,102.4,0,530.3199099812296,0,1514.0,0,635.8589622462922,0,26.182068610191344,166430944.8656533,0,166430944.8656533,0,0,0
5.5,0,1224.4,0,1232.9041269841268,0,1514.0,0,448.13015815596543,0,2.958496880531311,0.0005100011825561,0,0.0005100011825561,0,0,0
13.5,0,120.0,0,106.30567644558744,0,249.2,0,57.97981643073763,0,264.74539189338685,166430819.8627138,0,166430819.8627138,0,0,0
5.5,0,85.0,0,103.9086111111111,0,214.4,0,55.00968005259214,0,39.151823210716245,0.0063906908035278,0,0.0063906908035278,0,0,0
13.5,0,74.4,0,106.71342884712467,0,441.0,0,97.99990769809816,0,5.042280006408691,166430203.77592248,0,166430203.77592248,0,0,0
13.5,0,442.2,0,1028.250372580636,0,1494.0,0,628.522269820177,0,102.48716008663176,166429022.5729358,0,166429022.5729358,0,0,0
13.5,0,90.3,0,93.13486021890046,0,317.0,0,67.90645663068052,0,87.57606406211853,166429070.535534,0,166429070.535534,0,0,0
5.5,0,123.2,0,133.23039682539684,0,349.8,0,110.47940689577057,0,6.459909653663635,0.013571810722351,0,0.013571810722351,0,0,0
13.5,0,698.1,0,1183.8340927983268,0,1902.0,0,619.6381819904375,0,10.98663411140442,166430374.74065393,0,166430374.74065393,0,0,0
13.5,0,107.7,0,109.40571554348644,0,441.0,0,99.35905561278818,0,144.56855206489564,166428896.94170278,0,166428896.94170278,0,0,0
5.5,0,140.0,0,138.87349206349208,0,275.0,0,70.7263914690625,0,1524.3981648206711,0.0621639013290405,0,0.0621639013290405,0,0,0
13.5,0,58.0,0,58.0,0,58.0,0,0.0,0,0.0,166421193.8781383,0,166421193.8781383,0,0,0
5.5,0,1086.8,0,565.3204761904761,0,1668.3,0,654.1361759355894,0,96.23566253185273,0.0144756078720092,0,0.0144756078720092,0,0,0
13.5,0,564.8,0,185.66916528646792,0,785.2,0,187.1501982784804,0,10.937369680404665,166430362.5767039,0,166430362.5767039,0,0,0
9.5,0,122.76,0,115.22847731014257,0,263.75,0,73.19484974121052,0,398.6115843677521,83242206.30408242,0,83242206.30408242,0,0,0
5.5,0,56.4,0,55.96031746031747,0,58.0,0,1.7389573179571602,0,0.013333249092102,0.0032181024551391,0,0.0032181024551391,0,0,0
9.5,0,155.09,0,128.28887791538529,0,476.05,0,116.22565637581822,0,134.894353055954,83243600.28287332,0,83243600.28287332,0,0,0
5.5,0,1803.6,0,824.0165079365079,0,1803.6,0,826.2514246099129,0,0.6047556161880493,0.0008923053741455,0,0.0008923053741455,0,0,0
5.5,0,560.1,0,958.2233333333334,0,1388.0,0,391.2864093357824,0,6.9385175704956055,0.0014227151870727,0,0.0014227151870727,0,0,0
5.5,0,314.0,0,171.02103174603172,0,328.7,0,119.50299254528056,0,324.1792069673538,0.0016055822372436,0,0.0016055822372436,0,0,0
9.5,0,102.75,0,99.44628275701766,0,236.87,0,57.91578197413699,0,228.96217001914977,83243553.58731575,0,83243553.58731575,0,0,0
13.5,0,90.1,0,91.51112852146132,0,178.0,0,33.715326372883574,0,617.9764923334121,166421915.60826176,0,166421915.60826176,0,0,0
9.5,0,174.36,0,140.95012390653724,0,430.19,0,106.735632389097,0,47.24840504646301,83241519.63107724,0,83241519.63107724,0,0,0
5.5,0,58.0,0,58.0,0,58.0,0,0.0,0,0.0,3.2186508178710938e-06,0,3.2186508178710938e-06,0,0,0
13.5,0,126.3,0,112.57355732717572,0,273.5,0,66.3594056876114,0,1.8612212657928464,166439322.36112028,0,166439322.36112028,0,0,0
5.5,0,85.5,0,102.7849603174603,0,242.4,0,68.66899154788487,0,0.2095499515533447,0.0142441034317016,0,0.0142441034317016,0,0,0
5.5,0,58.0,0,58.0,0,58.0,0,0.0,0,0.0102247953414917,0.0008646011352539,0,0.0008646011352539,0,0,0
13.5,0,265.1,0,426.34115033659145,0,1514.0,0,576.9567138999905,0,55.54340262413025,166430844.22283062,0,166430844.22283062,0,0,0
5.5,0,546.1,0,894.7401190476191,0,1514.0,0,598.4716154807412,0,11.87692210674286,0.0011897087097167,0,0.0011897087097167,0,0,0
5.5,0,1208.4,0,1014.4866666666668,0,1494.0,0,590.2228668262632,0,1.0837692499160767,0.0006062030792236,0,0.0006062030792236,0,0,0
13.5,0,88.6,0,237.1279548229548,0,1492.0,0,357.6832842899892,0,18.437126994133,166438252.3667906,0,166438252.3667906,0,0,0
13.5,0,54.0,0,55.53817422730348,0,93.0,0,10.3386463563486,0,1.5737551212310792,166430864.3204118,0,166430864.3204118,0,0,0
13.5,0,121.7,0,506.120722237429,0,3168.0,0,1002.598933523906,0,18.114458322525024,166430945.1367448,0,166430945.1367448,0,0,0
5.5,0,56.0,0,54.42222222222222,0,58.0,0,1.2285393610547088,0,0.4975635766983032,0.0014008045196533,0,0.0014008045196533,0,0,0
13.5,0,163.9,0,101.0446193916163,0,388.2,0,93.75713470516703,0,111.22178726196287,166438109.41813618,0,166438109.41813618,0,0,0
13.5,0,397.6,0,128.24765144040686,0,465.8,0,108.10346798260768,0,12.120290565490723,166429724.50742298,0,166429724.50742298,0,0,0
5.5,0,123.1,0,94.1206746031746,0,228.9,0,55.23488985524108,0,104.23175406455994,0.0084320068359375,0,0.0084320068359375,0,0,0
13.5,0,101.1,0,84.67192067693227,0,441.0,0,95.02409452084773,0,0.1158324241638183,166421631.8735708,0,166421631.8735708,0,0,0
5.5,0,124.1,0,154.55297619047616,0,345.0,0,102.11005002648936,0,3.712970471382141,0.0106631994247436,0,0.0106631994247436,0,0,0
5.5,0,72.7,0,67.61337301587302,0,87.5,0,8.461836411899034,0,136.6625352859497,0.0127876996994018,0,0.0127876996994018,0,0,0
13.5,0,261.6,0,643.8977874859919,0,4410.0,0,1146.1706484346364,0,71.93388624191284,166430866.3188383,0,166430866.3188383,0,0,0
13.5,0,199.9,0,190.53027662610867,0,1155.5,0,274.02090372771823,0,79.05768868923187,166429801.5646044,0,166429801.5646044,0,0,0
13.5,0,117.9,0,129.545289240773,0,317.0,0,80.95554290481923,0,32025.35296573639,166437400.8470866,0,166437400.8470866,0,0,0
5.5,0,57.2,0,57.87555555555556,0,58.0,0,0.2857078722109418,0,0.0595491886138916,2.110004425048828e-05,0,2.110004425048828e-05,0,0,0
5.5,0,392.8,0,1021.9868253968256,0,3322.0,0,1129.0135108651227,0,0.6182863235473632,1.5401840209960936e-05,0,1.5401840209960936e-05,0,0,0
9.5,0,129.56,0,120.42302937989083,0,259.5,0,70.54168724160657,0,125.8449254655838,83242390.9274944,0,83242390.9274944,0,0,0
13.5,0,123.1,0,114.41560196941002,0,423.1,0,94.26481422134376,0,133.9373116493225,166421280.13427022,0,166421280.13427022,0,0,0
13.5,0,78.4,0,74.57478714182275,0,156.0,0,25.6328915090776,0,5.456404018402099,166430304.5638285,0,166430304.5638285,0,0,0
5.5,0,80.4,0,77.43023809523808,0,91.4,0,10.508175074536728,0,0.0008645296096801,0.013679814338684,0,0.013679814338684,0,0,0
13.5,0,96.0,0,146.88452774607572,0,345.0,0,106.9963177367472,0,388.6202006578445,166439178.42038798,0,166439178.42038798,0,0,0
13.5,0,149.9,0,640.6062091902766,0,4374.0,0,1225.92982729947,0,63.293034482002255,166421651.81831318,0,166421651.81831318,0,0,0
9.5,0,185.58,0,165.31729088038722,0,556.11,0,152.09021959629214,0,186.94118701457973,83242177.03960645,0,83242177.03960645,0,0,0
9.5,0,154.96,0,155.89577084164546,0,653.9,0,173.23987613732407,0,39.40015133142472,83242467.65003668,0,83242467.65003668,0,0,0
9.5,0,123.7,0,139.98695133366806,0,422.06,0,105.0509045085351,0,158.00028963327406,83241493.56133956,0,83241493.56133956,0,0,0
5.5,0,54.0,0,54.0,0,54.0,0,0.0,0,0.0872781038284301,0.0001555919647216,0,0.0001555919647216,0,0,0
13.5,0,2779.2,0,2182.877367194209,0,2922.0,0,1019.6283674721768,0,1.0100757122039794,166428828.01111823,0,166428828.01111823,0,0,0
13.5,0,54.0,0,54.0,0,54.0,0,0.0,0,1.2569614887237548,166438170.6503814,0,166438170.6503814,0,0,0
5.5,0,58.0,0,58.0,0,58.0,0,0.0,0,0.0009658813476562,3.0994415283203125e-06,0,3.0994415283203125e-06,0,0,0
5.5,0,922.8,0,552.2,0,1779.6,0,767.0739803190638,0,0.3474091291427612,0.0003448009490966,0,0.0003448009490966,0,0,0
13.5,0,68.5,0,62.425174485816896,0,123.0,0,21.06855012403155,0,4025.265432667732,166437922.7687974,0,166437922.7687974,0,0,0
5.5,0,58.0,0,58.0,0,58.0,0,0.0,0,0.0,0.0003376960754394,0,0.0003376960754394,0,0,0
5.5,0,149.4,0,190.09253968253967,0,441.0,0,132.86928109466422,0,28.14342606067657,0.0199825048446655,0,0.0199825048446655,0,0,0
5.5,0,119.7,0,107.56499999999998,0,217.5,0,55.65291465900656,0,471.07637577056886,0.0162867069244384,0,0.0162867069244384,0,0,0
9.5,0,1113.0,0,1183.7360599684114,0,2453.16,0,813.2589684105948,0,0.8075808763504029,83243082.61198212,0,83243082.61198212,0,0,0
9.5,0,308.23,0,477.9013846906877,0,1896.56,0,557.6239467582884,0,40.52289724111557,83244228.47056526,0,83244228.47056526,0,0,0
5.5,0,2672.4,0,2113.7707936507936,0,2672.4,0,1005.4943622743206,0,0.7172699689865112,0.00066978931427,0,0.00066978931427,0,0,0
13.5,0,1658.8,0,1592.0369816698608,0,2527.6,0,339.15901129336623,0,29.02321398258209,166430639.49235383,0,166430639.49235383,0,0,0
5.5,0,1385.6,0,1137.9204761904762,0,1385.6,0,445.8062020580896,0,25.409890151023863,0.0035354137420654,0,0.0035354137420654,0,0,0
5.5,0,54.0,0,54.0,0,54.0,0,0.0,0,0.0371635913848876,6.198883056640625e-06,0,6.198883056640625e-06,0,0,0
5.5,0,58.0,0,58.0,0,58.0,0,0.0,0,0.0,5.793571472167969e-06,0,5.793571472167969e-06,0,0,0
5.5,0,58.0,0,58.0,0,58.0,0,0.0,0,0.0010868310928344,7.669925689697265e-05,0,7.669925689697265e-05,0,0,0
13.5,0,54.0,0,54.0,0,54.0,0,0.0,0,0.5365604877471923,166438067.91135922,0,166438067.91135922,0,0,0
13.5,0,194.8,0,179.4288435592615,0,348.0,0,123.94051176410922,0,438.89507772922514,166439291.7843321,0,166439291.7843321,0,0,0
5.5,0,66.6,0,58.123095238095246,0,85.8,0,9.957575087463097,0,12.606072092056277,0.0047329902648925,0,0.0047329902648925,0,0,0
5.5,0,58.0,0,58.0,0,58.0,0,0.0,0,0.0,3.6001205444335937e-06,0,3.6001205444335937e-06,0,0,0
13.5,0,58.0,0,58.0,0,58.0,0,0.0,0,0.0,166430430.6708483,0,166430430.6708483,0,0,0
9.5,0,97.85,0,91.07266727368776,0,228.86,0,51.58521490974973,0,361.5747617197037,83242686.23609279,0,83242686.23609279,0,0,0
5.5,0,130.9,0,141.53996031746033,0,284.9,0,69.1283523266132,0,36.1897650718689,0.0061151981353759,0,0.0061151981353759,0,0,0
13.5,0,58.0,0,58.0,0,58.0,0,0.0,0,0.0,166421319.9883272,0,166421319.9883272,0,0,0
13.5,0,81.8,0,98.9473739031866,0,342.0,0,76.86343369152397,0,14.607510328292848,166430954.4093164,0,166430954.4093164,0,0,0
5.5,0,112.1,0,68.24603174603175,0,166.6,0,34.89207090109161,0,0.1371908903121948,0.0003436088562011,0,0.0003436088562011,0,0,0
13.5,0,90.2,0,81.44190348652036,0,156.0,0,35.00017898029577,0,146.86331651210784,166430850.9546955,0,166430850.9546955,0,0,0
5.5,0,58.0,0,58.0,0,58.0,0,0.0,0,0.0,0.0068651914596557,0,0.0068651914596557,0,0,0
5.5,0,95.6,0,97.76,0,222.0,0,65.835484464866,0,179.62444088459014,0.0121743917465209,0,0.0121743917465209,0,0,0
9.5,0,111.44,0,107.74777922073623,0,256.77,0,60.82059147986424,0,66.82608730554581,83243092.16198176,0,83243092.16198176,0,0,0
13.5,0,938.0,0,256.8646238599722,0,1000.4,0,350.5306589082117,0,29.13581850528717,166430973.3091483,0,166430973.3091483,0,0,0
5.5,0,56.4,0,56.86571428571428,0,58.0,0,1.5115104451324846,0,0.0167397260665893,0.0007330894470214,0,0.0007330894470214,0,0,0
5.5,0,378.6,0,568.3814285714286,0,1514.0,0,558.0215236718952,0,21.30751020908356,0.0023406028747558,0,0.0023406028747558,0,0,0
5.5,0,58.0,0,58.0,0,58.0,0,0.0,0,0.0,0.000248098373413,0,0.000248098373413,0,0,0
13.5,0,102.5,0,99.44535401303204,0,313.8,0,74.24743495343625,0,420.7203991413117,166429074.26961592,0,166429074.26961592,0,0,0
5.5,0,54.0,0,54.0,0,54.0,0,0.0,0,0.0933105707168579,4.100799560546875e-05,0,4.100799560546875e-05,0,0,0
13.5,0,159.0,0,125.10532432307971,0,357.0,0,93.20771018406305,0,21.56753304004669,166439308.71982652,0,166439308.71982652,0,0,0
9.5,0,146.24,0,167.7175761505007,0,516.88,0,135.7431149740945,0,1.0768846035003663,83242994.77713573,0,83242994.77713573,0,0,0
9.5,0,112.4,0,121.63862392702758,0,272.61,0,65.80338459288284,0,206.60264991045,83242826.87370792,0,83242826.87370792,0,0,0
9.5,0,918.36,0,850.6994069968558,0,2580.76,0,873.3251240567635,0,0.4898394870758056,83243082.26791105,0,83243082.26791105,0,0,0
13.5,0,90.9,0,115.24685910537691,0,230.0,0,70.29188364823237,0,95.2975342988968,166421629.8117728,0,166421629.8117728,0,0,0
5.5,0,125.1,0,163.63503968253968,0,387.3,0,116.88539048563013,0,14.627383160591126,0.0132053136825561,0,0.0132053136825561,0,0,0
5.5,0,66.0,0,66.0,0,66.0,0,0.0,0,2.3266581773757933,0.0017738103866577,0,0.0017738103866577,0,0,0
9.5,0,113.01,0,124.59905406736364,0,288.3,0,76.15668129620379,0,574.072604956627,83243698.63016522,0,83243698.63016522,0,0,0
5.5,0,107.4,0,102.9515873015873,0,286.0,0,86.2948210716231,0,105.79304330348968,0.03158700466156,0,0.03158700466156,0,0,0
5.5,0,117.5,0,128.95230158730158,0,201.9,0,62.96082042751883,0,5.568767404556274,0.0095535993576049,0,0.0095535993576049,0,0,0
13.5,0,666.3,0,298.0784778297897,0,1607.0,0,495.6181709206065,0,7.172686219215393,166439296.17110318,0,166439296.17110318,0,0,0
5.5,0,54.0,0,54.0,0,54.0,0,0.0,0,0.0534587860107421,2.193450927734375e-06,0,2.193450927734375e-06,0,0,0
13.5,0,94.5,0,101.59609153703197,0,253.0,0,70.81385040422438,0,3.0573697805404665,166429142.3594854,0,166429142.3594854,0,0,0
13.5,0,58.0,0,58.0,0,58.0,0,0.0,0,0.0,166421227.134047,0,166421227.134047,0,0,0
13.5,0,147.5,0,172.6094625562776,0,441.0,0,136.56405920823897,0,0.7722928285598755,166421703.8058361,0,166421703.8058361,0,0,0
9.5,0,112.57,0,100.76828489810842,0,217.32,0,52.29027253088493,0,471.1458070635796,83243758.17582291,0,83243758.17582291,0,0,0
9.5,0,110.49,0,97.82860728014676,0,270.76,0,64.44162766516888,0,487.5927090454102,83243262.99791391,0,83243262.99791391,0,0,0
5.5,0,70.0,0,64.33015873015873,0,134.0,0,26.68149914835641,0,304.1987226009369,0.0008276939392089,0,0.0008276939392089,0,0,0
13.5,0,1238.9,0,483.3753961385192,0,2382.8,0,679.8451457428107,0,9.45127158164978,166429145.3292309,0,166429145.3292309,0,0,0
5.5,0,98.6,0,94.47103174603174,0,185.2,0,40.34091305953004,0,98.68865215778352,0.0300062894821167,0,0.0300062894821167,0,0,0
9.5,0,114.0,0,113.1061268216218,0,301.85,0,78.1722981346517,0,134.62208793878554,83240315.94332479,0,83240315.94332479,0,0,0
9.5,0,183.04,0,180.77369273691565,0,592.09,0,174.0656164813873,0,252.2668702673912,83244166.56285374,0,83244166.56285374,0,0,0
5.5,0,58.0,0,58.0,0,58.0,0,0.0,0,0.0,2.8133392333984377e-06,0,2.8133392333984377e-06,0,0,0
13.5,0,69.6,0,291.0368005708601,0,3322.0,0,807.4387118952827,0,0.0652573823928833,166430639.37917408,0,166430639.37917408,0,0,0
13.5,0,84.3,0,69.15793662477873,0,242.7,0,46.87729655021006,0,0.0386974573135375,166429800.6405415,0,166429800.6405415,0,0,0
13.5,0,162.9,0,121.05150562801494,0,263.9,0,74.7719734981527,0,147.04750921726227,166421127.3217976,0,166421127.3217976,0,0,0
5.5,0,56.4,0,57.549523809523805,0,58.0,0,0.6976969109407076,0,0.0049950122833251,0.0002935886383056,0,0.0002935886383056,0,0,0
5.5,0,79.6,0,83.39567460317461,0,146.2,0,33.70207763587878,0,87.89384922981262,0.007096791267395,0,0.007096791267395,0,0,0
9.5,0,130.78,0,133.4581057816882,0,314.18,0,83.26528743514221,0,187.9831196641922,83243610.0099258,0,83243610.0099258,0,0,0
13.5,0,54.0,0,54.0,0,54.0,0,0.0,0,0.0,166437957.6845061,0,166437957.6845061,0,0,0
13.5,0,58.4,0,80.98755445105292,0,214.0,0,43.477555507589365,0,0.0,166430989.9914428,0,166430989.9914428,0,0,0
9.5,0,240.17,0,315.3157573844285,0,791.48,0,274.57577479700706,0,29.18320000886917,83242647.420161,0,83242647.420161,0,0,0
5.5,0,54.0,0,54.0,0,54.0,0,0.0,0,0.0017030239105224,5.919933319091797e-05,0,5.919933319091797e-05,0,0,0
5.5,0,2077.3,0,2039.784047619048,0,2922.0,0,1182.977561488963,0,21.35789830684661,0.0002466917037963,0,0.0002466917037963,0,0,0
5.5,0,1523.0,0,1164.915,0,1812.6,0,542.2810791611257,0,30.018148183822632,0.0053717851638793,0,0.0053717851638793,0,0,0
5.5,0,1108.1,0,922.6059523809524,0,2238.0,0,889.500793595925,0,1.8230875968933105,0.0030483961105346,0,0.0030483961105346,0,0,0
5.5,0,54.0,0,54.0,0,54.0,0,0.0,0,0.0152280092239379,0.0001197099685668,0,0.0001197099685668,0,0,0
5.5,0,58.0,0,58.0,0,58.0,0,0.0,0,0.0,3.6954879760742175e-06,0,3.6954879760742175e-06,0,0,0
13.5,0,74.4,0,63.74283439599617,0,155.1,0,24.51277170369148,0,71.04144759178162,166428806.78697008,0,166428806.78697008,0,0,0
13.5,0,295.4,0,195.6029657309495,0,1203.6,0,287.4363807871182,0,39.52746977806091,166430656.5011848,0,166430656.5011848,0,0,0
5.5,0,313.6,0,390.0673015873016,0,1224.4,0,476.3569457943854,0,40.744012236595154,0.003711199760437,0,0.003711199760437,0,0,0
9.5,0,161.6,0,181.36818964343192,0,623.03,0,191.0632347457341,0,399.6294277763367,83242977.23738341,0,83242977.23738341,0,0,0
9.5,0,122.33,0,168.02134648044597,0,625.34,0,167.02243531206338,0,412.1407723236084,83243323.47439152,0,83243323.47439152,0,0,0
5.5,0,137.9,0,127.49222222222224,0,200.4,0,60.15450150594459,0,684.4208497047424,0.0553368091583251,0,0.0553368091583251,0,0,0
5.5,0,58.0,0,58.0,0,58.0,0,0.0,0,0.0,0.000233507156372,0,0.000233507156372,0,0,0
5.5,0,62.8,0,62.19396825396825,0,73.2,0,5.257585330633962,0,0.0892310857772827,0.0040848970413208,0,0.0040848970413208,0,0,0
5.5,0,158.9,0,129.62988095238097,0,468.0,0,132.11522886601378,0,1.200628900527954,0.0037612915039062,0,0.0037612915039062,0,0,0
13.5,0,137.4,0,121.26845496350911,0,360.6,0,87.60159752062975,0,308.77735741138457,166429826.6680828,0,166429826.6680828,0,0,0
13.5,0,414.3,0,354.93797985554176,0,519.4,0,186.92014809010809,0,408.1204590320587,166439279.8165602,0,166439279.8165602,0,0,0
5.5,0,381.8,0,185.17992063492065,0,575.0,0,188.44843996172816,0,169.2376314163208,0.0129651069641113,0,0.0129651069641113,0,0,0
5.5,0,132.7,0,152.70535714285717,0,230.5,0,59.04146197473962,0,29.12341125011444,0.0521753072738647,0,0.0521753072738647,0,0,0
5.5,0,95.2,0,89.20587301587302,0,159.6,0,40.61455886596599,0,5.554426956176758,0.0168709993362426,0,0.0168709993362426,0,0,0
9.5,0,109.64,0,110.67662652165514,0,258.6,0,62.6776699856031,0,163.0287190079689,83241499.47290468,0,83241499.47290468,0,0,0
5.5,0,54.0,0,54.0,0,54.0,0,0.0,0,0.0,1.4066696166992188e-06,0,1.4066696166992188e-06,0,0,0
5.5,0,66.0,0,66.0,0,66.0,0,0.0,0,1.0150924682617188,0.0043091058731079,0,0.0043091058731079,0,0,0
9.5,0,149.69,0,128.99711797726698,0,435.4,0,105.1880211145874,0,21.860020408630373,83241819.43039392,0,83241819.43039392,0,0,0
9.5,0,163.08,0,143.43435632783968,0,453.51,0,119.05448523557249,0,220.90036347866047,83242857.60382184,0,83242857.60382184,0,0,0
5.5,0,160.5,0,219.91408730158727,0,253.0,0,43.099412779892006,0,0.305148434638977,0.0041386127471923,0,0.0041386127471923,0,0,0
13.5,0,110.0,0,104.81570154346858,0,223.6,0,55.78340100296094,0,263.6073306798935,166429227.5616903,0,166429227.5616903,0,0,0
9.5,0,80.52,0,81.05222115268633,0,190.45,0,43.770196695867945,0,617.5669829058647,83241870.1844829,0,83241870.1844829,0,0,0
5.5,0,790.0,0,1149.471746031746,0,1514.0,0,414.5884893539557,0,10.060901093482972,0.0012856006622314,0,0.0012856006622314,0,0,0
9.5,0,78.57,0,76.6368756145815,0,196.61,0,39.48759567512703,0,499.3064806652069,83243952.9255655,0,83243952.9255655,0,0,0
13.5,0,1259.5,0,1219.9977587552626,0,3412.0,0,1319.1242576487534,0,451.4688716411591,166421210.1535457,0,166421210.1535457,0,0,0
5.5,0,92.3,0,66.9922619047619,0,125.6,0,23.73022757827956,0,344.60436980724336,0.0050750970840454,0,0.0050750970840454,0,0,0
13.5,0,134.8,0,104.8984757691569,0,230.0,0,55.04797618895061,0,27.10475347042084,166430376.2239619,0,166430376.2239619,0,0,0
13.5,0,847.5,0,1087.8683949216418,0,1853.5,0,676.3320016944148,0,34.30161027908325,166430320.2235719,0,166430320.2235719,0,0,0
13.5,0,1514.0,0,1649.760594844612,0,8754.0,0,2362.74263597367,0,1.0329429149627685,166429097.6315005,0,166429097.6315005,0,0,0
9.5,0,302.25,0,287.2229316491902,0,1329.79,0,407.5982177597797,0,126.21855466842652,83241657.55504835,0,83241657.55504835,0,0,0
9.5,0,1153.89,0,1092.9167777163498,0,3309.31,0,754.3705156095443,0,1.0064464330673215,83241692.03341544,0,83241692.03341544,0,0,0
13.5,0,58.0,0,68.70034245080686,0,230.0,0,42.9887395411828,0,0.0,166428842.6931594,0,166428842.6931594,0,0,0
13.5,0,58.0,0,64.01894262857886,0,156.0,0,24.5351919639616,0,0.0,166437415.19193512,0,166437415.19193512,0,0,0
13.5,0,1514.0,0,847.1011567534631,0,1514.0,0,700.0721228881413,0,1.452228879928589,166429248.3066773,0,166429248.3066773,0,0,0
5.5,0,111.4,0,135.34706349206348,0,375.4,0,110.36706848730344,0,870.8703556299209,0.0060779094696044,0,0.0060779094696044,0,0,0
13.5,0,80.2,0,68.83503681174346,0,215.3,0,39.929486617391504,0,256.0060185670853,166429017.2475204,0,166429017.2475204,0,0,0
13.5,0,54.0,0,54.0,0,54.0,0,0.0,0,0.0343181610107421,166439364.4403219,0,166439364.4403219,0,0,0
9.5,0,126.83,0,126.7932779166138,0,315.3,0,78.64160174913209,0,24.062301099300385,83242159.1189833,0,83242159.1189833,0,0,0
5.5,0,74.5,0,68.34718253968255,0,95.8,0,10.874329627285436,0,114.59671592712402,0.0193607091903686,0,0.0193607091903686,0,0,0
5.5,0,213.6,0,80.76190476190477,0,239.7,0,58.7787930147385,0,136.8967472791672,0.0090412139892578,0,0.0090412139892578,0,0,0
5.5,0,84.2,0,81.97007936507937,0,200.8,0,51.37093152113469,0,144.1414396762848,0.0093585968017578,0,0.0093585968017578,0,0,0
5.5,0,116.0,0,119.62222222222223,0,241.2,0,62.5400206226244,0,181.522267985344,0.0103492021560668,0,0.0103492021560668,0,0,0
5.5,0,156.4,0,101.93329365079364,0,303.2,0,84.79287732265882,0,0.6520158767700195,0.0040331840515136,0,0.0040331840515136,0,0,0
5.5,0,737.8,0,537.0900793650794,0,1079.6,0,479.79143021682177,0,17.57031445503235,0.0030572891235351,0,0.0030572891235351,0,0,0
5.5,0,111.2,0,121.1795634920635,0,229.4,0,66.4455031571689,0,12.341759967803956,0.0077654123306274,0,0.0077654123306274,0,0,0
5.5,0,101.1,0,105.51511904761904,0,222.8,0,57.909181093990014,0,127.23204424381257,0.0188117980957031,0,0.0188117980957031,0,0,0
5.5,0,76.4,0,91.67650793650792,0,156.0,0,32.262231232011644,0,180.50352196693424,0.0237743139266967,0,0.0237743139266967,0,0,0
5.5,0,58.0,0,58.0,0,58.0,0,0.0,0,0.0,3.504753112792969e-06,0,3.504753112792969e-06,0,0,0
13.5,0,164.2,0,143.85168499671985,0,425.4,0,111.46760724222176,0,17.630073833465577,166430236.6552735,0,166430236.6552735,0,0,0
13.5,0,178.5,0,114.31509148531208,0,874.8,0,195.65466619602768,0,4.745739531517029,166430647.20172438,0,166430647.20172438,0,0,0
13.5,0,133.2,0,114.6821156406373,0,230.0,0,53.486217412282336,0,165.43837549686432,166430343.7245323,0,166430343.7245323,0,0,0
5.5,0,1232.6,0,736.2949999999998,0,1811.8,0,644.3599692934204,0,17.43799865245819,0.0032426118850708,0,0.0032426118850708,0,0,0
13.5,0,99.0,0,281.1348302368427,0,523.0,0,193.227143949026,0,2803.2918243408203,166439177.8747547,0,166439177.8747547,0,0,0
13.5,0,69.8,0,60.05596375244983,0,88.1,0,10.633493460850058,0,147.66566693782806,166439248.8195381,0,166439248.8195381,0,0,0
5.5,0,54.0,0,54.0,0,54.0,0,0.0,0,1.0034561157226562,0.0007081985473632,0,0.0007081985473632,0,0,0
5.5,0,210.7,0,162.19373015873015,0,351.4,0,94.67720144979748,0,198.3701345205307,0.011350393295288,0,0.011350393295288,0,0,0
9.5,0,113.85,0,117.43028908591408,0,251.47,0,63.9260476454134,0,133.28642307519914,83242346.86779606,0,83242346.86779606,0,0,0
5.5,0,66.0,0,66.0,0,66.0,0,0.0,0,0.0828926801681518,0.0002305030822753,0,0.0002305030822753,0,0,0
13.5,0,515.2,0,337.16159896604944,0,1514.0,0,541.2979873111642,0,16.96628267765045,166430865.7454841,0,166430865.7454841,0,0,0
9.5,0,1282.7,0,1583.9522780250368,0,2522.16,0,583.576659719814,0,3.943516583442688,83241711.01775092,0,83241711.01775092,0,0,0
13.5,0,640.9,0,542.0798863125178,0,1505.1,0,671.3955844414888,0,93.00612738132476,166429231.3294528,0,166429231.3294528,0,0,0
9.5,0,363.77,0,418.16724931853497,0,1424.76,0,482.5711140944594,0,114.04902266025545,83241737.00481308,0,83241737.00481308,0,0,0
13.5,0,91.0,0,115.07064024812476,0,317.0,0,75.85577424747123,0,82.14259798526764,166430888.5620165,0,166430888.5620165,0,0,0
13.5,0,99.9,0,87.00510086104127,0,217.1,0,44.32258286055516,0,266.7321806192398,166428732.3546146,0,166428732.3546146,0,0,0
9.5,0,135.09,0,136.7785739463495,0,262.94,0,65.13509778793093,0,223.8095620775223,83243892.44247799,0,83243892.44247799,0,0,0
13.5,0,57.6,0,55.05740582602812,0,57.6,0,1.563938354321132,0,0.004289698600769,166430264.9507629,0,166430264.9507629,0,0,0
13.5,0,1083.3,0,375.3252520265252,0,1242.4,0,483.24968327225696,0,64.13903515338897,166430664.403042,0,166430664.403042,0,0,0
13.5,0,57.2,0,57.938947368421054,0,58.0,0,0.2093187513077744,0,0.0064690113067626,166421125.13846862,0,166421125.13846862,0,0,0
13.5,0,58.0,0,58.53501712254034,0,66.0,0,1.9879812559804944,0,0.0,166438027.1060161,0,166438027.1060161,0,0,0
9.5,0,87.91,0,97.17919370159424,0,225.59,0,53.547197406486255,0,319.148134496212,83242587.95409939,0,83242587.95409939,0,0,0
13.5,0,1779.6,0,1765.4243583609373,0,2922.0,0,557.9221657745113,0,0.774960732460022,166421097.4423111,0,166421097.4423111,0,0,0
13.5,0,953.3,0,251.4189239858009,0,1051.8,0,312.9712401872997,0,21.086599016189574,166430212.0613014,0,166430212.0613014,0,0,0
13.5,0,58.0,0,58.0,0,58.0,0,0.0,0,0.0,166437973.6927479,0,166437973.6927479,0,0,0
13.5,0,54.0,0,54.0,0,54.0,0,0.0,0,0.0466386795043945,166430263.4253524,0,166430263.4253524,0,0,0
5.5,0,127.8,0,88.95968253968253,0,164.6,0,34.259879001797565,0,28.203884744644164,0.0242094993591308,0,0.0242094993591308,0,0,0
5.5,0,54.0,0,54.0,0,54.0,0,0.0,0,0.5847728013992309,6.604194641113281e-06,0,6.604194641113281e-06,0,0,0
5.5,0,163.3,0,110.17753968253967,0,219.1,0,60.75361450543189,0,66.67536408901215,0.0177477121353149,0,0.0177477121353149,0,0,0
5.5,0,1948.4,0,1840.374603174604,0,2962.0,0,623.7430456041226,0,20.88024799823761,0.0048858880996704,0,0.0048858880996704,0,0,0
9.5,0,93.31,0,89.43617576145905,0,185.76,0,38.91827144562422,0,230.459300467968,83242923.42967439,0,83242923.42967439,0,0,0
5.5,0,86.9,0,87.60876984126983,0,164.0,0,32.244077111891954,0,138.40142238140106,0.0159467935562133,0,0.0159467935562133,0,0,0
13.5,0,119.7,0,108.3252688273199,0,386.4,0,113.82556631568688,0,1.083261489868164,166438050.64241058,0,166438050.64241058,0,0,0
9.5,0,117.43,0,101.53992694001904,0,247.2,0,56.68560453250308,0,6.209952549934387,83243810.53970785,0,83243810.53970785,0,0,0
5.5,0,57.2,0,57.87555555555556,0,58.0,0,0.2857078722109418,0,0.0161602973937988,1.220703125e-05,0,1.220703125e-05,0,0,0
9.5,0,113.39,0,119.05223480097472,0,285.3,0,72.36233068562474,0,56.95760411739349,83244265.17253967,0,83244265.17253967,0,0,0
9.5,0,88.09,0,104.82812652754022,0,244.05,0,59.00131324151104,0,15.846091375350952,83241463.74694987,0,83241463.74694987,0,0,0
5.5,0,57.6,0,61.54428571428572,0,66.0,0,3.997880781980149,0,14.495094275474548,0.0007492065429687,0,0.0007492065429687,0,0,0
5.5,0,396.0,0,164.47825396825397,0,460.3,0,140.0617620470241,0,4.613943934440613,0.0252569913864135,0,0.0252569913864135,0,0,0
5.5,0,66.5,0,61.8661507936508,0,77.6,0,6.2592546874353925,0,25.323411774635314,0.0041685104370117,0,0.0041685104370117,0,0,0
9.5,0,91.25,0,88.20396725445177,0,201.03,0,49.2354743625079,0,147.339353120327,83243008.66709438,0,83243008.66709438,0,0,0
5.5,0,58.0,0,58.0,0,58.0,0,0.0,0,0.0,0.0006426095962524,0,0.0006426095962524,0,0,0
5.5,0,370.8,0,159.64825396825398,0,660.4,0,205.6498823633208,0,8.749551010131835,0.0010898828506469,0,0.0010898828506469,0,0,0
5.5,0,66.5,0,63.2593253968254,0,72.7,0,6.095237187709953,0,138.3943167924881,0.007682991027832,0,0.007682991027832,0,0,0
5.5,0,124.1,0,129.41043650793648,0,291.9,0,90.73675398017392,0,60.42191805839538,0.013615608215332,0,0.013615608215332,0,0,0
13.5,0,82.4,0,633.2700454494766,0,1514.0,0,666.2932523332466,0,10.050152468681336,166430289.5263724,0,166430289.5263724,0,0,0
13.5,0,216.2,0,1046.135795255656,0,2974.0,0,1248.4541982691069,0,19260.1398720026,166437414.3711227,0,166437414.3711227,0,0,0
5.5,0,54.0,0,54.0,0,54.0,0,0.0,0,0.0103734970092773,1.5020370483398435e-06,0,1.5020370483398435e-06,0,0,0
5.5,0,54.0,0,54.0,0,54.0,0,0.0,0,0.1685810565948486,1.6927719116210937e-06,0,1.6927719116210937e-06,0,0,0
5.5,0,717.2,0,344.95650793650793,0,1694.0,0,608.5671491486348,0,0.0935549736022949,0.001955509185791,0,0.001955509185791,0,0,0
13.5,0,151.0,0,122.03518156508092,0,349.0,0,100.86539724620052,0,106.08281486034392,166430774.8944968,0,166430774.8944968,0,0,0
9.5,0,94.64,0,98.86022237158268,0,272.0,0,69.90919430657512,0,482.6704935383797,83243496.90601583,0,83243496.90601583,0,0,0
5.5,0,143.0,0,194.4361904761905,0,345.0,0,101.41361894972738,0,218.3207806825638,0.0114198923110961,0,0.0114198923110961,0,0,0
9.5,0,322.96,0,454.9520394586493,0,2367.42,0,744.4301109148913,0,110.05721749067308,83241537.92426485,0,83241537.92426485,0,0,0
9.5,0,261.71,0,216.2212692345924,0,996.14,0,271.9737716802104,0,128.31001714468002,83242089.52419893,0,83242089.52419893,0,0,0
5.5,0,84.0,0,118.72142857142858,0,246.0,0,62.496196550199485,0,10.400522780418395,0.0012754917144775,0,0.0012754917144775,0,0,0
13.5,0,54.0,0,55.33754280635086,0,58.0,0,1.8673692975159144,0,0.0,166428951.08514768,0,166428951.08514768,0,0,0
13.5,0,876.3,0,348.39883291931665,0,2562.4,0,633.2671473906935,0,43.88792412281036,166429021.8533842,0,166429021.8533842,0,0,0
13.5,0,244.3,0,156.92035242535243,0,401.6,0,103.03176345996503,0,78.99284780025482,166429250.24680752,0,166429250.24680752,0,0,0
5.5,0,1369.2,0,1089.8853968253968,0,1369.2,0,502.7471811371603,0,114.85903646945954,0.0084738969802856,0,0.0084738969802856,0,0,0
13.5,0,56.8,0,55.43958364820594,0,65.2,0,2.9829763891647034,0,10.435322022438047,166430721.4096702,0,166430721.4096702,0,0,0
13.5,0,84.8,0,61.0772600619195,0,118.2,0,17.34914535220562,0,0.0185805320739746,166421124.7877496,0,166421124.7877496,0,0,0
13.5,0,207.9,0,187.53986071118425,0,412.0,0,141.26319818701774,0,1.79331431388855,166438244.0630514,0,166438244.0630514,0,0,0
5.5,0,99.2,0,67.66031746031747,0,100.8,0,13.031056858217596,0,6394.586072039604,0.0118117094039917,0,0.0118117094039917,0,0,0
13.5,0,93.0,0,81.6022824311911,0,309.0,0,59.33241313256475,0,0.0939691305160522,166430837.39041978,0,166430837.39041978,0,0,0
5.5,0,327.1,0,578.6536111111112,0,2343.9,0,864.6430776234178,0,17.20789203643799,0.0035430192947387,0,0.0035430192947387,0,0,0
5.5,0,132.1,0,119.33515873015872,0,278.2,0,80.87153777393394,0,13.853152465820312,0.0095328092575073,0,0.0095328092575073,0,0,0
9.5,0,523.86,0,854.7021914797448,0,2116.24,0,638.7703189135389,0,7.348636863231658,83241458.19862929,0,83241458.19862929,0,0,0
13.5,0,132.8,0,125.83081440231597,0,441.0,0,109.37781938083964,0,17.972732663154602,166421103.9668973,0,166421103.9668973,0,0,0
5.5,0,84.3,0,70.93630952380951,0,104.3,0,12.09554263997112,0,135.67308490276338,0.013197898864746,0,0.013197898864746,0,0,0
13.5,0,58.0,0,58.0,0,58.0,0,0.0,0,0.0,166421264.9368454,0,166421264.9368454,0,0,0
13.5,0,122.2,0,143.47463348399108,0,441.0,0,113.25287784695074,0,165.11167645454407,166428866.3309757,0,166428866.3309757,0,0,0
13.5,0,790.4,0,723.9417643613697,0,1474.0,0,681.9194504280682,0,626.6637579917908,166429811.9900465,0,166429811.9900465,0,0,0
13.5,0,54.0,0,54.0,0,54.0,0,0.0,0,0.0827162742614746,166421282.5868808,0,166421282.5868808,0,0,0
5.5,0,56.4,0,57.09904761904761,0,58.0,0,1.2961537175729594,0,0.0217910051345825,0.0008147001266479,0,0.0008147001266479,0,0,0
13.5,0,85.9,0,134.7547326392218,0,441.0,0,116.33782615014476,0,145.87266447544098,166421059.371444,0,166421059.371444,0,0,0
5.5,0,192.7,0,172.0573412698413,0,495.9,0,138.02864923086923,0,23.334102058410643,0.0080042839050292,0,0.0080042839050292,0,0,0
5.5,0,136.5,0,151.38726190476189,0,411.9,0,112.63418079329377,0,0.3622969388961792,0.0116055965423583,0,0.0116055965423583,0,0,0
13.5,0,1043.6,0,1069.578650544502,0,3322.0,0,1495.1219693940795,0,0.0379273653030395,166430306.3283797,0,166430306.3283797,0,0,0
9.5,0,343.68,0,267.1236150474912,0,545.36,0,196.9220508366785,0,6.102304847240448,83241454.47100507,0,83241454.47100507,0,0,0
5.5,0,75.0,0,73.6107142857143,0,120.0,0,18.60834327095048,0,28.06996028423309,0.0005380868911743,0,0.0005380868911743,0,0,0
13.5,0,199.3,0,158.54234499118013,0,347.4,0,105.1086843221642,0,861.3504018783569,166429809.9113982,0,166429809.9113982,0,0,0
9.5,0,133.97,0,137.75827555738894,0,367.87,0,98.5818970257045,0,84.1739517569542,83242306.23245397,0,83242306.23245397,0,0,0
5.5,0,84.4,0,84.90809523809523,0,180.8,0,40.70110533583707,0,21.19283103942871,0.0017790079116821,0,0.0017790079116821,0,0,0
5.5,0,1092.4,0,581.1036507936508,0,2405.1,0,783.8662784236561,0,56.113356709480286,0.0147902965545654,0,0.0147902965545654,0,0,0
13.5,0,104.7,0,90.30384720241918,0,297.8,0,60.51573187125058,0,0.5136066436767578,166428779.61359113,0,166428779.61359113,0,0,0
5.5,0,92.1,0,111.33861111111112,0,257.7,0,76.44724232007016,0,62.56657798290253,0.0081226110458374,0,0.0081226110458374,0,0,0
13.5,0,73.2,0,110.40818722256417,0,443.0,0,99.1023762150858,0,34.605135798454285,166428770.2837492,0,166428770.2837492,0,0,0
13.5,0,86.6,0,90.45802103168587,0,166.3,0,39.6081466728685,0,283.9674903154373,166430708.1505486,0,166430708.1505486,0,0,0
9.5,0,145.62,0,175.20615974621356,0,506.11,0,144.33895234112438,0,88.3335975933075,83242169.18207467,0,83242169.18207467,0,0,0
5.5,0,106.1,0,85.10202380952381,0,218.8,0,49.83723243965416,0,5.23588182926178,0.0032119035720825,0,0.0032119035720825,0,0,0
13.5,0,55.6,0,68.76538119603136,0,230.0,0,43.2025230140381,0,0.0050557136535644,166430755.2959002,0,166430755.2959002,0,0,0
9.5,0,121.08,0,117.27840202521938,0,354.51,0,85.23017131585337,0,288.6284761714935,83241862.3842662,0,83241862.3842662,0,0,0
5.5,0,54.0,0,54.0,0,54.0,0,0.0,0,0.0406038045883178,2.4890899658203126e-05,0,2.4890899658203126e-05,0,0,0
5.5,0,119.5,0,106.6940873015873,0,237.0,0,53.67621350501973,0,5539.603971362114,0.0062252044677734,0,0.0062252044677734,0,0,0
13.5,0,107.2,0,109.41866130515513,0,441.0,0,96.93449155811774,0,38.01042726039886,166438072.5654462,0,166438072.5654462,0,0,0
9.5,0,207.06,0,138.88786301684212,0,559.35,0,138.16544969248204,0,43.93703237771988,83243091.64429957,0,83243091.64429957,0,0,0
13.5,0,126.1,0,110.67368296564118,0,196.3,0,44.91353172031069,0,158.61164672374724,166429850.92299852,0,166429850.92299852,0,0,0
9.5,0,111.14,0,122.09927533830978,0,315.0,0,80.10930209238572,0,269.9944946122169,83242725.77403714,0,83242725.77403714,0,0,0
5.5,0,90.0,0,94.70873015873016,0,188.4,0,47.389643485520246,0,129.3607093334198,0.0171152114868164,0,0.0171152114868164,0,0,0
13.5,0,113.5,0,387.3160266212975,0,1494.0,0,562.5423396632743,0,76.39168679714203,166429135.3690264,0,166429135.3690264,0,0,0
13.5,0,1514.0,0,1417.161900820198,0,1514.0,0,359.8246073324695,0,5.484352612495423,166430235.6553294,0,166430235.6553294,0,0,0
5.5,0,1402.7,0,898.638888888889,0,1948.4,0,844.1990693067713,0,24.156285309791564,0.0051959037780761,0,0.0051959037780761,0,0,0
13.5,0,111.5,0,140.21103520318692,0,317.0,0,83.5226620513855,0,75.16774747371673,166428811.0519624,0,166428811.0519624,0,0,0
13.5,0,1360.2,0,787.1086268435727,0,1514.0,0,658.1226451762666,0,38.167289686203006,166429135.13932922,0,166429135.13932922,0,0,0
13.5,0,167.6,0,194.9338022400716,0,1140.0,0,275.4765049072625,0,53.00724010467529,166429731.71061802,0,166429731.71061802,0,0,0
5.5,0,58.8,0,58.08,0,58.8,0,0.24,0,435.0746806383133,0.0007457971572875,0,0.0007457971572875,0,0,0
5.5,0,551.4,0,433.4689682539682,0,1279.6,0,444.0691759879573,0,26.806765413284303,0.0049932956695556,0,0.0049932956695556,0,0,0
5.5,0,222.5,0,204.2668650793651,0,952.8,0,303.7272703010557,0,13.285558795928956,0.0024899005889892,0,0.0024899005889892,0,0,0
13.5,0,169.6,0,125.97638293165384,0,474.2,0,116.4454748159906,0,27.367961835861205,166430619.5254193,0,166430619.5254193,0,0,0
9.5,0,1269.06,0,1366.140911729567,0,2595.4,0,803.6450521176259,0,2.661069333553314,83243067.74205174,0,83243067.74205174,0,0,0
5.5,0,112.6,0,116.10436507936508,0,213.6,0,58.926828523046176,0,49.4991973400116,0.0199712038040161,0,0.0199712038040161,0,0,0
13.5,0,178.2,0,130.57536348885031,0,253.0,0,87.59784022161948,0,0.1287371397018432,166438178.84175178,0,166438178.84175178,0,0,0
13.5,0,365.2,0,998.9345529822774,0,1494.0,0,653.5774197083543,0,1.2348257064819337,166421637.60300547,0,166421637.60300547,0,0,0
13.5,0,54.8,0,56.46862968301049,0,58.0,0,1.896525772197481,0,0.0609581232070922,166421265.1113565,0,166421265.1113565,0,0,0
13.5,0,58.0,0,58.0,0,58.0,0,0.0,0,0.0,166430229.6950438,0,166430229.6950438,0,0,0
13.5,0,125.1,0,100.33737643763187,0,294.8,0,67.23079413342957,0,21.106506156921387,166430944.54972088,0,166430944.54972088,0,0,0
13.5,0,116.2,0,786.7597715382313,0,1514.0,0,671.3776240474617,0,26.614338517189022,166429833.172725,0,166429833.172725,0,0,0
5.5,0,55.2,0,55.01476190476191,0,61.2,0,2.481112436126732,0,0.0869500637054443,0.0010468006134033,0,0.0010468006134033,0,0,0
13.5,0,93.7,0,78.1549767028637,0,200.4,0,37.65657417404032,0,50.120722675323485,166430338.8153959,0,166430338.8153959,0,0,0
9.5,0,179.86,0,247.87874911221385,0,784.92,0,237.1878679201752,0,158.5218825864792,83242360.73502651,0,83242360.73502651,0,0,0
13.5,0,56.4,0,56.26210287648369,0,58.0,0,1.9754036643508843,0,0.0074940204620361,166430721.4314055,0,166430721.4314055,0,0,0
5.5,0,619.4,0,1384.2335317460318,0,2962.0,0,931.526332153049,0,0.5341670274734497,0.0064006090164184,0,0.0064006090164184,0,0,0
9.5,0,306.81,0,461.9371707097512,0,993.89,0,327.7790252718221,0,11.774122242927552,83241467.63888597,0,83241467.63888597,0,0,0
13.5,0,58.0,0,58.0,0,58.0,0,0.0,0,0.0,166430356.2699409,0,166430356.2699409,0,0,0
13.5,0,58.0,0,58.0,0,58.0,0,0.0,0,0.0,166430282.91783184,0,166430282.91783184,0,0,0
13.5,0,82.8,0,94.67392354549474,0,214.0,0,51.77880113775867,0,39.840360689163205,166438054.8221153,0,166438054.8221153,0,0,0
13.5,0,1418.6,0,1348.6809229109383,0,3541.2,0,832.1559390146588,0,20.126639556884765,166430956.3078496,0,166430956.3078496,0,0,0
5.5,0,54.4,0,54.57158730158731,0,57.2,0,1.1888043677822109,0,0.0006057024002075,9.570121765136718e-05,0,9.570121765136718e-05,0,0,0
5.5,0,391.6,0,694.0720634920634,0,2996.4,0,1130.4867553747197,0,0.8759779453277587,0.0017448902130126,0,0.0017448902130126,0,0,0
13.5,0,95.7,0,124.73208140586624,0,441.0,0,106.26805814260494,0,51.64087183475495,166428995.2523343,0,166428995.2523343,0,0,0
5.5,0,927.6,0,1570.6392063492067,0,2962.0,0,794.5761370718672,0,22.05090081691742,0.0104107856750488,0,0.0104107856750488,0,0,0
13.5,0,105.2,0,170.77342370091208,0,523.0,0,174.57903795002085,0,13673.070411753655,166428626.30369693,0,166428626.30369693,0,0,0
13.5,0,114.3,0,100.4828291312231,0,317.0,0,72.83621009536614,0,216.4529427528381,166428720.8807612,0,166428720.8807612,0,0,0
9.5,0,105.63,0,108.64588824999392,0,296.1,0,79.46646207123125,0,578.3646511435509,83244310.6485341,0,83244310.6485341,0,0,0
9.5,0,428.73,0,392.0831608058694,0,1335.56,0,464.72924066145526,0,54.1641158246994,83241709.49713077,0,83241709.49713077,0,0,0
5.5,0,72.2,0,72.09694444444446,0,101.1,0,16.640419543272845,0,397.3972790002823,0.0274883985519409,0,0.0274883985519409,0,0,0
5.5,0,93.0,0,95.4506746031746,0,182.8,0,43.15868961256647,0,0.1519104480743408,0.0008601903915405,0,0.0008601903915405,0,0,0
9.5,0,116.23,0,123.83331631169828,0,269.68,0,78.25989234718845,0,70.2858412528038,83242618.75068958,0,83242618.75068958,0,0,0
13.5,0,113.0,0,101.4935890412477,0,255.6,0,65.48300018209423,0,5.284184122085572,166421791.2647285,0,166421791.2647285,0,0,0
13.5,0,58.0,0,58.0,0,58.0,0,0.0,0,0.0,166421234.93146712,0,166421234.93146712,0,0,0
9.5,0,124.17,0,115.18907276744584,0,329.03,0,86.84211483200365,0,426.4403234958649,83242003.02834639,0,83242003.02834639,0,0,0
9.5,0,861.72,0,821.4976973185055,0,1755.16,0,647.7530084698054,0,1.4227293395996097,83243082.91036116,0,83243082.91036116,0,0,0
9.5,0,285.27,0,281.91176229321934,0,1049.12,0,371.0671304363085,0,42.58916293621064,83241648.24946442,0,83241648.24946442,0,0,0
13.5,0,332.6,0,240.43946130967416,0,2245.0,0,537.1930751105208,0,3.427821159362793,166430873.2328429,0,166430873.2328429,0,0,0
5.5,0,655.2,0,214.40785714285715,0,901.2,0,298.8069116056546,0,63.18965883255005,0.0066057920455932,0,0.0066057920455932,0,0,0
13.5,0,58.0,0,58.0,0,58.0,0,0.0,0,0.0,166429025.0102251,0,166429025.0102251,0,0,0
13.5,0,1755.8,0,1062.073767206306,0,2672.4,0,838.4663847725287,0,1.6982601404190063,166430300.1416718,0,166430300.1416718,0,0,0
5.5,0,158.1,0,171.90095238095236,0,272.8,0,71.63237366200718,0,73.40264661312104,0.0104904890060424,0,0.0104904890060424,0,0,0
13.5,0,54.0,0,54.0,0,54.0,0,0.0,0,0.4785063505172729,166438027.17705423,0,166438027.17705423,0,0,0
9.5,0,423.12,0,518.0839496250223,0,1762.31,0,576.8606341700627,0,107.16602097988128,83241620.12976019,0,83241620.12976019,0,0,0
5.5,0,242.5,0,358.60297619047617,0,1258.3,0,445.17851142069605,0,24.48748939037323,0.0074279069900512,0,0.0074279069900512,0,0,0
9.5,0,139.29,0,152.60387589805276,0,323.76,0,94.1590527586879,0,3.999257478713989,83243514.58143908,0,83243514.58143908,0,0,0
13.5,0,58.0,0,60.14006849016137,0,74.0,0,4.562361919600817,0,0.0,166437415.1975981,0,166437415.1975981,0,0,0
9.5,0,102.28,0,120.80646194895574,0,475.68,0,125.71420825082868,0,7.061334626674652,83241471.25112103,0,83241471.25112103,0,0,0
9.5,0,162.48,0,148.5055112193448,0,426.45,0,110.67762374191476,0,27.198128695487977,83242440.68781045,0,83242440.68781045,0,0,0
5.5,0,200.2,0,172.37619047619052,0,638.0,0,189.3726997347911,0,42.47631916999817,0.0297884941101074,0,0.0297884941101074,0,0,0
5.5,0,58.0,0,58.0,0,58.0,0,0.0,0,0.0,0.0001724958419799,0,0.0001724958419799,0,0,0
5.5,0,113.4,0,126.25119047619047,0,201.3,0,45.9004002979034,0,14.611677551269532,0.0181415081024169,0,0.0181415081024169,0,0,0
5.5,0,356.7,0,285.1577380952381,0,939.2,0,373.4254343919038,0,31.828119540214537,0.0041599988937377,0,0.0041599988937377,0,0,0
13.5,0,66.0,0,125.22094662260685,0,791.0,0,184.1357865002849,0,0.0936337232589721,166437961.03765368,0,166437961.03765368,0,0,0
13.5,0,83.0,0,94.13008179986508,0,253.0,0,63.24458447625458,0,35.99224252700806,166421300.4047048,0,166421300.4047048,0,0,0
5.5,0,82.6,0,84.18753968253968,0,182.2,0,41.51006621783062,0,17.091450691223145,0.0064742088317871,0,0.0064742088317871,0,0,0
13.5,0,94.4,0,108.43910055974295,0,255.6,0,65.64363527586673,0,91.15065498352052,166421747.7090703,0,166421747.7090703,0,0,0
13.5,0,112.5,0,101.17507355174924,0,297.8,0,64.68582566880228,0,44.20466010570526,166430939.21492428,0,166430939.21492428,0,0,0
9.5,0,895.45,0,877.023574123374,0,1708.2,0,621.372015321116,0,12.436374254226685,83241888.18502636,0,83241888.18502636,0,0,0
9.5,0,139.33,0,142.64309421289065,0,247.21,0,56.98253428518231,0,175.52678042173386,83241921.09376562,0,83241921.09376562,0,0,0
13.5,0,155.2,0,114.42754060653829,0,267.4,0,64.32907936249185,0,32131.32950222492,166437416.6014177,0,166437416.6014177,0,0,0
5.5,0,66.0,0,66.0,0,66.0,0,0.0,0,38.97071070671082,0.0011074066162109,0,0.0011074066162109,0,0,0
5.5,0,513.4,0,218.1294841269841,0,649.3,0,247.90471058312943,0,1.2833863496780396,0.0009451866149902,0,0.0009451866149902,0,0,0
9.5,0,119.81,0,125.67021871755698,0,298.78,0,82.07147159506466,0,0.703892686367035,83243645.14987093,0,83243645.14987093,0,0,0
9.5,0,1514.19,0,1478.5538096221374,0,1999.71,0,507.93420107160176,0,1.6018427777290345,83242833.0634604,0,83242833.0634604,0,0,0
5.5,0,63.4,0,57.618333333333325,0,72.0,0,7.055589051603465,0,31.609850645065308,0.013204288482666,0,0.013204288482666,0,0,0
13.5,0,93.8,0,120.23159961340691,0,317.0,0,76.85450426040444,0,1497.0304219722748,166437903.5820201,0,166437903.5820201,0,0,0
5.5,0,63.3,0,67.31321428571428,0,87.7,0,8.952937026515356,0,47.46959521770477,0.0023066997528076,0,0.0023066997528076,0,0,0
13.5,0,132.7,0,148.4112346352478,0,569.0,0,148.86267507377943,0,306.2962645292282,166428954.3143369,0,166428954.3143369,0,0,0
13.5,0,135.9,0,107.1693152457278,0,287.2,0,68.15988381434752,0,48.89563343524933,166439369.0013278,0,166439369.0013278,0,0,0
13.5,0,99.3,0,86.39614556496134,0,236.5,0,45.36117103062335,0,88.79552018642426,166430262.6413488,0,166430262.6413488,0,0,0
5.5,0,721.8,0,589.0734126984128,0,1413.4,0,586.2851212537354,0,6.733913969993592,0.001597785949707,0,0.001597785949707,0,0,0
5.5,0,96.6,0,118.48392857142856,0,291.9,0,86.3424392327752,0,1.437042784690857,0.0125452995300292,0,0.0125452995300292,0,0,0
13.5,0,77.5,0,69.0302532611008,0,129.2,0,20.50809303127263,0,173.39031326770782,166429132.7878854,0,166429132.7878854,0,0,0
13.5,0,96.9,0,951.3000763559623,0,3322.0,0,1293.1025966896505,0,30.017712235450745,166430318.53928772,0,166430318.53928772,0,0,0
13.5,0,528.7,0,304.5865505517015,0,2248.3,0,550.6695297060129,0,0.2441522359848022,166439179.71805418,0,166439179.71805418,0,0,0
13.5,0,105.8,0,181.98139042330217,0,791.0,0,185.55660242243155,0,50.33195843696594,166421634.0903203,0,166421634.0903203,0,0,0
9.5,0,566.45,0,677.9611713778996,0,1876.56,0,541.5611324612645,0,67.20493390083313,83244164.76680812,0,83244164.76680812,0,0,0
9.5,0,1099.04,0,1080.823589795997,0,2048.32,0,565.1047256266831,0,0.8726329278945922,83243082.79490286,0,83243082.79490286,0,0,0
13.5,0,163.2,0,120.20926905567772,0,573.0,0,126.92148405354811,0,1.345438551902771,166439227.3689733,0,166439227.3689733,0,0,0
13.5,0,116.3,0,90.37645464786333,0,253.4,0,53.16224271251351,0,7.75301878452301,166429859.674439,0,166429859.674439,0,0,0
5.5,0,119.9,0,130.72789682539684,0,366.0,0,112.13895009094526,0,13.278954482078552,0.0035571098327636,0,0.0035571098327636,0,0,0
9.5,0,202.38,0,187.52570535652,0,494.73,0,156.26917428997098,0,209.7693366718292,83243111.05961835,0,83243111.05961835,0,0,0
13.5,0,82.0,0,83.681404179326,0,317.0,0,65.31049338913554,0,4.9046889543533325,166437857.8164948,0,166437857.8164948,0,0,0
5.5,0,117.0,0,114.71904761904764,0,183.6,0,45.27350023986592,0,59.57349667549133,0.0151371955871582,0,0.0151371955871582,0,0,0
5.5,0,66.0,0,66.0,0,66.0,0,0.0,0,0.0685394287109375,0.0007218837738037,0,0.0007218837738037,0,0,0
5.5,0,59.6,0,56.76746031746031,0,61.2,0,2.6056083149095866,0,0.0086004734039306,0.0047003984451293,0,0.0047003984451293,0,0,0
13.5,0,1514.0,0,1223.485702460594,0,2962.0,0,780.6620369347041,0,6.721073055267334,166429833.11426002,0,166429833.11426002,0,0,0
5.5,0,113.8,0,130.29420634920638,0,406.8,0,126.3325939202248,0,200.24578227996827,0.0291522026062011,0,0.0291522026062011,0,0,0
5.5,0,113.5,0,90.7759126984127,0,167.2,0,33.6783504271781,0,24.123890924453736,0.0122909784317016,0,0.0122909784317016,0,0,0
13.5,0,1042.8,0,544.1676612860824,0,3322.0,0,1144.5321110524342,0,6.156242942810058,166430288.369621,0,166430288.369621,0,0,0
5.5,0,118.7,0,126.99293650793652,0,211.1,0,54.04508777369792,0,295.84182579517363,0.0218886137008667,0,0.0218886137008667,0,0,0
9.5,0,163.93,0,162.49236260054877,0,743.29,0,198.7645805409784,0,30.71870841503144,83243589.8718506,0,83243589.8718506,0,0,0
13.5,0,58.0,0,58.0,0,58.0,0,0.0,0,0.0,166438170.5181118,0,166438170.5181118,0,0,0
13.5,0,55.2,0,62.32045907394978,0,156.0,0,25.0144813510373,0,0.0141771078109741,166430668.0318608,0,166430668.0318608,0,0,0
9.5,0,135.88,0,149.5024679111738,0,375.0,0,102.8261846368414,0,33.31154603719711,83243531.86849707,0,83243531.86849707,0,0,0
13.5,0,64.8,0,220.485167038414,0,1514.0,0,405.7710781032278,0,31.50016343593597,166430649.68783188,0,166430649.68783188,0,0,0
5.5,0,83.2,0,90.31158730158732,0,197.2,0,48.39034227086459,0,214.5653439521789,0.0037084102630615,0,0.0037084102630615,0,0,0
5.5,0,82.6,0,78.78039682539682,0,168.0,0,42.66704995060024,0,285.43710973262785,0.0106905937194824,0,0.0106905937194824,0,0,0
13.5,0,56.0,0,54.71643430700707,0,58.0,0,1.4724797279450907,0,0.2480419158935546,166438047.07578158,0,166438047.07578158,0,0,0
5.5,0,54.0,0,54.0,0,54.0,0,0.0,0,0.015358018875122,1.5974044799804688e-06,0,1.5974044799804688e-06,0,0,0
9.5,0,149.44,0,180.85897460640493,0,731.29,0,206.48425815476293,0,217.257152671814,83242543.93015958,0,83242543.93015958,0,0,0
5.5,0,196.4,0,339.4836904761905,0,955.0,0,307.10028777231344,0,24.62364435195923,0.0079746961593627,0,0.0079746961593627,0,0,0
13.5,0,58.0,0,58.0,0,58.0,0,0.0,0,0.0,166438081.3657577,0,166438081.3657577,0,0,0
5.5,0,3975.6,0,3977.6685714285713,0,4410.0,0,605.2854934839124,0,41.88954107761383,0.0003292083740234,0,0.0003292083740234,0,0,0
13.5,0,391.6,0,1098.0265110362634,0,3322.0,0,1507.5075559595728,0,0.0751893758773803,166430945.36733958,0,166430945.36733958,0,0,0
13.5,0,563.7,0,1092.5835392071808,0,2962.0,0,814.4045798628379,0,26.98891382217408,166439311.718839,0,166439311.718839,0,0,0
13.5,0,54.0,0,73.46124783240495,0,345.0,0,72.31281818629047,0,0.4850119113922119,166428930.7243551,0,166428930.7243551,0,0,0
9.5,0,338.98,0,437.43373803101787,0,1361.72,0,427.4353101588508,0,19.04431680202484,83241662.13250808,0,83241662.13250808,0,0,0
5.5,0,58.0,0,58.0,0,58.0,0,0.0,0,0.0,0.0001224040985107,0,0.0001224040985107,0,0,0
13.5,0,500.4,0,874.9394599964878,0,2238.0,0,790.0635611246435,0,3.8835618257522575,166430420.61328572,0,166430420.61328572,0,0,0
5.5,0,120.5,0,126.04464285714286,0,366.0,0,111.8476479822996,0,13.520230507850648,0.0178394079208374,0,0.0178394079208374,0,0,0
5.5,0,95.3,0,97.04484126984129,0,149.4,0,32.189744146708044,0,57.48400769233704,0.0229820013046264,0,0.0229820013046264,0,0,0
13.5,0,310.0,0,205.8986611646868,0,1186.0,0,310.44957960315384,0,1.4792980670928957,166429018.4555685,0,166429018.4555685,0,0,0
5.5,0,85.7,0,85.99781746031746,0,150.2,0,33.914253858149216,0,6.746231603622436,0.0151973962783813,0,0.0151973962783813,0,0,0
5.5,0,94.2,0,115.30904761904762,0,192.0,0,45.51757103378189,0,145.903693318367,0.0089362144470214,0,0.0089362144470214,0,0,0
13.5,0,54.0,0,54.0,0,54.0,0,0.0,0,0.0020732879638671,166428823.4620547,0,166428823.4620547,0,0,0
13.5,0,54.0,0,54.267508561270176,0,58.0,0,0.9939906279902472,0,0.9541128158569336,166430303.26744598,0,166430303.26744598,0,0,0
13.5,0,734.6,0,1135.05231074567,0,2817.2,0,764.1527944735556,0,10.867426586151122,166429145.9127433,0,166429145.9127433,0,0,0
13.5,0,92.7,0,184.1387086146568,0,390.0,0,130.39339547204315,0,196.39839947223663,166429892.5800338,0,166429892.5800338,0,0,0
5.5,0,121.5,0,105.84734126984128,0,293.0,0,79.06277198118157,0,134.11731750965117,0.0108654022216796,0,0.0108654022216796,0,0,0
9.5,0,125.67,0,98.00102550154524,0,399.88,0,96.38336872768528,0,6.180033602714539,83241461.33791094,0,83241461.33791094,0,0,0
5.5,0,674.8,0,308.1398412698413,0,898.0,0,347.0892538807262,0,7.555285382270813,0.0082612037658691,0,0.0082612037658691,0,0,0
9.5,0,64.92,0,71.61498996488548,0,173.31,0,34.53152092988048,0,1.6338029265403748,83241463.15997905,0,83241463.15997905,0,0,0
13.5,0,58.0,0,58.267508561270176,0,66.0,0,2.2867463814739635,0,0.0,166421125.1404377,0,166421125.1404377,0,0,0
13.5,0,94.4,0,95.4875346209518,0,214.0,0,47.152123073632985,0,65.1662074804306,166430888.2758866,0,166430888.2758866,0,0,0
13.5,0,78.9,0,84.96933644700673,0,206.0,0,43.55348818293922,0,0.3218148469924927,166428869.4795752,0,166428869.4795752,0,0,0
5.5,0,85.6,0,87.47444444444444,0,203.2,0,49.01188541382411,0,8.184281826019287,0.0065851926803588,0,0.0065851926803588,0,0,0
13.5,0,126.5,0,93.3371214466648,0,357.0,0,82.27816670438094,0,744.7998094797134,166421872.8648205,0,166421872.8648205,0,0,0
9.5,0,194.3,0,159.37042166622507,0,702.89,0,192.00310422134368,0,74.51741381645202,83242820.94883204,0,83242820.94883204,0,0,0
5.5,0,54.0,0,54.0,0,54.0,0,0.0,0,0.4425505638122559,0.0011476039886474,0,0.0011476039886474,0,0,0
5.5,0,121.4,0,86.8334126984127,0,175.2,0,40.74023689389809,0,1846.2669573545456,0.0212201118469238,0,0.0212201118469238,0,0,0
5.5,0,122.6,0,129.8234126984127,0,291.9,0,84.21834072664602,0,370.6133385896683,0.0103070020675659,0,0.0103070020675659,0,0,0
13.5,0,62.4,0,60.37882754887013,0,93.0,0,9.414794192406914,0,13.145808839797974,166429868.7777697,0,166429868.7777697,0,0,0
13.5,0,66.8,0,66.46228984981306,0,73.2,0,1.7579974261500666,0,0.0306483268737792,166439294.8831104,0,166439294.8831104,0,0,0
5.5,0,58.0,0,58.0,0,58.0,0,0.0,0,0.0,4.792213439941407e-06,0,4.792213439941407e-06,0,0,0
13.5,0,69.3,0,937.6828995754848,0,3322.0,0,1428.560927231162,0,0.0192037105560302,166428983.32732072,0,166428983.32732072,0,0,0
13.5,0,54.4,0,55.07003424508069,0,58.0,0,1.7554306549768224,0,0.0096322774887084,166429229.3493159,0,166429229.3493159,0,0,0
9.5,0,104.91,0,105.1481606312504,0,279.29,0,72.81944867160709,0,256.0652877569199,83242045.45285572,0,83242045.45285572,0,0,0
13.5,0,58.0,0,58.0,0,58.0,0,0.0,0,0.0,166430647.6180562,0,166430647.6180562,0,0,0
5.5,0,105.2,0,133.4596031746032,0,262.0,0,69.0061603481149,0,45.61935787200928,0.0126112937927246,0,0.0126112937927246,0,0,0
9.5,0,148.83,0,154.3374917888699,0,425.63,0,122.56662456778028,0,298.1577720308304,83244250.36682557,0,83244250.36682557,0,0,0
5.5,0,57.2,0,57.13222222222223,0,62.0,0,2.6243267729977604,0,15.627333974838256,0.0081621885299682,0,0.0081621885299682,0,0,0
13.5,0,695.6,0,452.2754074889678,0,3028.6,0,956.187769311484,0,5.851004981994629,166429031.37594637,0,166429031.37594637,0,0,0
13.5,0,500.4,0,499.837948152209,0,1514.0,0,635.4649151340295,0,18.591092014312743,166430881.92803082,0,166430881.92803082,0,0,0
5.5,0,159.5,0,219.8668650793651,0,253.0,0,43.112080700297405,0,0.3340744256973266,0.0008754014968872,0,0.0008754014968872,0,0,0
9.5,0,161.58,0,144.30840115023437,0,485.25,0,130.8594830522513,0,69.60822408676148,83242018.80930358,0,83242018.80930358,0,0,0
13.5,0,108.8,0,120.70078896722472,0,218.0,0,63.59483482826014,0,42.230330276489255,166421722.4122132,0,166421722.4122132,0,0,0
9.5,0,169.79,0,148.04388099555243,0,520.74,0,146.21817601372263,0,62.95327500104904,83243820.67536284,0,83243820.67536284,0,0,0
5.5,0,80.2,0,63.09809523809524,0,95.2,0,14.271255474123762,0,5.321709847450256,0.0011555910110473,0,0.0011555910110473,0,0,0
13.5,0,159.1,0,94.83198524085137,0,355.5,0,73.78090342034565,0,17.896123456954957,166429145.52536207,0,166429145.52536207,0,0,0
5.5,0,54.4,0,54.04,0,54.4,0,0.12,0,0.0374615907669067,0.0002110004425048,0,0.0002110004425048,0,0,0
13.5,0,57.2,0,58.01636363636364,0,74.0,0,5.820604457314842,0,0.0148056983947753,166430666.0438621,0,166430666.0438621,0,0,0
13.5,0,1514.0,0,883.6429765680656,0,2962.0,0,1093.359988662404,0,0.3433088064193725,166429139.52870432,0,166429139.52870432,0,0,0
5.5,0,447.8,0,729.9396031746032,0,1494.0,0,532.1252342119648,0,329.4356359243393,0.0097565174102783,0,0.0097565174102783,0,0,0
13.5,0,63.2,0,76.91156424672678,0,312.0,0,62.987064638701725,0,0.3860794544219971,166421786.4467677,0,166421786.4467677,0,0,0
5.5,0,93.6,0,116.29793650793653,0,208.2,0,50.511433762847616,0,27.62722017765045,0.0111230134963989,0,0.0111230134963989,0,0,0
13.5,0,212.8,0,159.64521283583977,0,717.8,0,170.89294944183774,0,243.5525650024414,166421912.79705122,0,166421912.79705122,0,0,0
13.5,0,128.8,0,117.39469629226984,0,387.3,0,90.26255789996722,0,4.939681601524353,166428740.3581677,0,166428740.3581677,0,0,0
5.5,0,644.9,0,1021.3881349206348,0,2682.0,0,1160.898285787203,0,12.584555101394653,0.0059612989425659,0,0.0059612989425659,0,0,0
13.5,0,232.6,0,483.2207282457824,0,1494.0,0,642.9241024208632,0,23.61515145301819,166438193.22040147,0,166438193.22040147,0,0,0
9.5,0,104.19,0,123.75865715613936,0,267.72,0,68.37995757191511,0,343.3819712567329,83243490.1274336,0,83243490.1274336,0,0,0
13.5,0,115.8,0,102.0345991972424,0,344.0,0,75.17390945854416,0,274.4962934970856,166428734.12750462,0,166428734.12750462,0,0,0
5.5,0,69.0,0,79.69833333333334,0,95.9,0,13.270479296110713,0,296.3978615999222,0.0146630048751831,0,0.0146630048751831,0,0,0
5.5,0,78.8,0,92.59079365079364,0,166.0,0,35.97267284796489,0,54.93931248188019,0.0065884113311767,0,0.0065884113311767,0,0,0
13.5,0,125.6,0,121.86949196271564,0,405.2,0,100.18242903483466,0,36.63122456073761,166421134.41189843,0,166421134.41189843,0,0,0
5.5,0,1291.3,0,1580.0284126984127,0,2817.2,0,720.6271093161074,0,34.30147228240967,0.0019946813583374,0,0.0019946813583374,0,0,0
13.5,0,117.7,0,108.19530314456786,0,230.0,0,61.03633023834245,0,7245.54449300766,166439225.5991012,0,166439225.5991012,0,0,0
5.5,0,570.1,0,219.8735317460317,0,647.2,0,221.94878636177936,0,89.75519738197326,0.0104806900024414,0,0.0104806900024414,0,0,0
5.5,0,58.0,0,58.0,0,58.0,0,0.0,0,0.0,3.314018249511719e-06,0,3.314018249511719e-06,0,0,0
5.5,0,73.8,0,69.03992063492062,0,84.4,0,6.07538714318261,0,186.18333399295807,0.0078881978988647,0,0.0078881978988647,0,0,0
13.5,0,123.7,0,129.18206543241757,0,369.4,0,87.31383844681832,0,54.38043830394745,166438224.9545785,0,166438224.9545785,0,0,0
9.5,0,161.32,0,184.4870374516265,0,601.97,0,176.78387890662663,0,0.4007183861732483,83241953.5308625,0,83241953.5308625,0,0,0
5.5,0,97.8,0,120.55214285714284,0,230.0,0,59.472534077858064,0,185.79374442100524,0.0216639995574951,0,0.0216639995574951,0,0,0
13.5,0,135.5,0,122.78893642176538,0,405.2,0,92.96357658055231,0,99.95910873413088,166421341.42272568,0,166421341.42272568,0,0,0
5.5,0,100.1,0,140.41710317460317,0,317.0,0,87.32934155644821,0,20.00181324481964,0.0043717861175537,0,0.0043717861175537,0,0,0
13.5,0,249.3,0,230.315318213778,0,863.3,0,250.29363089504545,0,60.589026880264285,166430364.0172875,0,166430364.0172875,0,0,0
9.5,0,59.58,0,59.76978771237362,0,83.38,0,8.483271962672182,0,0.6645770025253296,83241462.38425997,0,83241462.38425997,0,0,0
13.5,0,1010.3,0,384.88547567843233,0,1494.0,0,502.600868334508,0,1329.1617045164107,166437863.7937558,0,166437863.7937558,0,0,0
13.5,0,74.7,0,63.930961517412754,0,172.9,0,28.04847889073725,0,85.8726373910904,166428664.8136765,0,166428664.8136765,0,0,0
13.5,0,81.8,0,68.5412135624094,0,128.4,0,20.96216268291517,0,330.7316202402115,166421786.0267286,0,166421786.0267286,0,0,0
5.5,0,465.9,0,263.9685714285714,0,770.0,0,304.8551984645518,0,42.27112483978272,0.0100749969482421,0,0.0100749969482421,0,0,0
5.5,0,66.8,0,66.16888888888889,0,67.6,0,0.4914157444218835,0,0.0911288499832153,0.002260398864746,0,0.002260398864746,0,0,0
13.5,0,117.7,0,69.2782078550964,0,301.6,0,56.50582249942018,0,46.12485711574554,166421337.246912,0,166421337.246912,0,0,0
5.5,0,54.0,0,54.0,0,54.0,0,0.0,0,0.1640559434890747,0.0001547813415527,0,0.0001547813415527,0,0,0
5.5,0,54.0,0,54.0,0,54.0,0,0.0,0,0.0329249620437622,1.2612342834472656e-05,0,1.2612342834472656e-05,0,0,0
9.5,0,115.41,0,116.94606185768994,0,261.08,0,62.87995905041193,0,410.0345083808899,83244197.80478825,0,83244197.80478825,0,0,0
9.5,0,83.45,0,86.5396756377867,0,213.5,0,51.04970746945218,0,316.6182854795456,83242911.9164264,0,83242911.9164264,0,0,0
5.5,0,102.0,0,107.62452380952382,0,266.8,0,74.43089068500801,0,79.16887118816376,0.0186548948287963,0,0.0186548948287963,0,0,0
13.5,0,67.8,0,74.70868299571086,0,156.0,0,29.570990326472486,0,0.959113359451294,166430775.9425211,0,166430775.9425211,0,0,0
13.5,0,96.0,0,104.6287460840673,0,357.0,0,76.47585469960515,0,25.892023372650147,166428831.1261445,0,166428831.1261445,0,0,0
5.5,0,67.2,0,63.61285714285715,0,73.2,0,7.470939491274455,0,3.4217623710632323,0.0003613948822021,0,0.0003613948822021,0,0,0
5.5,0,109.5,0,88.18099206349207,0,223.6,0,50.79858807033165,0,0.1622729539871215,0.0033169031143188,0,0.0033169031143188,0,0,0
13.5,0,100.9,0,64.87480878383742,0,167.0,0,27.026410473967093,0,50.20315465927124,166439310.7532102,0,166439310.7532102,0,0,0
5.5,0,56.4,0,56.7736507936508,0,58.0,0,1.361833701324335,0,0.0118748188018798,0.0007421016693115,0,0.0007421016693115,0,0,0
13.5,0,93.5,0,85.77474777888091,0,177.1,0,35.719516494604,0,31.57781879901886,166437425.2556997,0,166437425.2556997,0,0,0
13.5,0,136.9,0,113.47451048306698,0,357.0,0,96.32831555092268,0,6.720416784286499,166439380.8412518,0,166439380.8412518,0,0,0
13.5,0,178.6,0,111.74519619742144,0,441.0,0,109.00349768267938,0,1303.9321127176286,166437853.6063521,0,166437853.6063521,0,0,0
13.5,0,164.3,0,116.6847218974696,0,622.0,0,139.83314676257316,0,60.741982865333554,166429729.4889479,0,166429729.4889479,0,0,0
13.5,0,60.5,0,71.47579620027373,0,230.0,0,46.44342576757182,0,715.843863105774,166428715.75079912,0,166428715.75079912,0,0,0
5.5,0,685.6,0,1521.5864285714283,0,3147.4,0,1096.7179402325546,0,50.63598012924194,0.0088649988174438,0,0.0088649988174438,0,0,0
5.5,0,111.7,0,94.49011904761906,0,232.5,0,58.931642334556535,0,1.2808603048324585,0.0077884197235107,0,0.0077884197235107,0,0,0
13.5,0,66.0,0,398.6468959394578,0,1514.0,0,568.4447916540882,0,5.021389555931092,166439384.39147702,0,166439384.39147702,0,0,0
5.5,0,122.6,0,113.0304365079365,0,238.5,0,68.9834425395787,0,71.36441116333008,0.0164615154266357,0,0.0164615154266357,0,0,0
13.5,0,167.8,0,168.34670554290912,0,357.1,0,123.76829694162517,0,234.91138150691987,166438163.11463,0,166438163.11463,0,0,0
5.5,0,157.3,0,144.13757936507935,0,329.6,0,90.05198656370555,0,28.41889238357544,0.0039921045303344,0,0.0039921045303344,0,0,0
13.5,0,107.6,0,93.09329299269704,0,262.0,0,56.79836822287814,0,90.38802065849303,166430761.1293582,0,166430761.1293582,0,0,0
5.5,0,102.2,0,81.93698412698413,0,122.8,0,22.45358631999574,0,67.81935160160064,0.0110249996185302,0,0.0110249996185302,0,0,0
5.5,0,137.2,0,166.68857142857144,0,384.5,0,118.44969242343532,0,79.5871328830719,0.0310785055160522,0,0.0310785055160522,0,0,0
13.5,0,54.4,0,55.09003424508069,0,66.0,0,3.0814293063979603,0,0.0035209655761718,166430934.7430891,0,166430934.7430891,0,0,0
9.5,0,134.55,0,125.28767162795066,0,277.48,0,71.42197976911814,0,12.7936927652359,83244316.88660681,0,83244316.88660681,0,0,0
5.5,0,132.0,0,138.73690476190475,0,284.9,0,93.56445609959522,0,17.147909593582153,0.001081109046936,0,0.001081109046936,0,0,0
9.5,0,117.19,0,108.94270115389423,0,239.33,0,63.519501517613456,0,20.99250540733337,83244259.45161057,0,83244259.45161057,0,0,0
5.5,0,1210.4,0,1812.924603174604,0,2922.0,0,1073.5900016658038,0,5.1230175495147705,0.0018084049224853,0,0.0018084049224853,0,0,0
13.5,0,2350.8,0,2142.280939761992,0,2922.0,0,709.2226267236969,0,0.7198078870773316,166430373.05912042,0,166430373.05912042,0,0,0
5.5,0,109.2,0,84.84337301587303,0,163.0,0,33.36755148047181,0,33.64444415569305,0.0083770036697387,0,0.0083770036697387,0,0,0
9.5,0,1281.37,0,1561.9255473308085,0,2183.44,0,605.1872531026015,0,45.22847558259964,83242833.09163256,0,83242833.09163256,0,0,0
5.5,0,54.0,0,54.0,0,54.0,0,0.0,0,0.5801204919815064,0.0004545927047729,0,0.0004545927047729,0,0,0
13.5,0,315.2,0,144.20905771687893,0,693.9,0,162.62042087552612,0,5541.987059545517,166439166.65212852,0,166439166.65212852,0,0,0
13.5,0,56.8,0,83.21693818780119,0,365.0,0,75.13854455231461,0,1.3099182367324829,166430755.3673367,0,166430755.3673367,0,0,0
9.5,0,106.84,0,99.73561239328266,0,227.83,0,55.19491187460487,0,381.1997222733498,83242059.29791893,0,83242059.29791893,0,0,0
13.5,0,111.9,0,484.629143395734,0,2962.0,0,837.0488598055375,0,105.86311311721802,166429093.1130976,0,166429093.1130976,0,0,0
13.5,0,1419.1,0,555.0473931718436,0,1948.4,0,695.0034865804679,0,0.4816143274307251,166429139.5413255,0,166429139.5413255,0,0,0
13.5,0,206.6,0,198.11178832863044,0,793.0,0,221.0469655556063,0,135.63105733394622,166429873.0091137,0,166429873.0091137,0,0,0
5.5,0,99.6,0,88.4597619047619,0,119.4,0,19.73162739522128,0,106.93554558753968,0.0121539831161499,0,0.0121539831161499,0,0,0
13.5,0,73.3,0,64.16733950904616,0,144.4,0,22.52923975728918,0,889.6772188425064,166421209.86198598,0,166421209.86198598,0,0,0
13.5,0,374.0,0,361.78813704999845,0,519.8,0,192.482358885525,0,147.26866309642793,166430762.3500681,0,166430762.3500681,0,0,0
9.5,0,343.44,0,294.7358188235054,0,1122.24,0,389.5309955575922,0,97.12603193998336,83241668.65277633,0,83241668.65277633,0,0,0
5.5,0,56.0,0,55.62031746031746,0,57.6,0,1.7697930577776184,0,30.49286019802093,0.0031710147857666,0,0.0031710147857666,0,0,0
5.5,0,116.5,0,171.7492857142857,0,317.0,0,75.57411774293324,0,8.866026091575623,0.0138808965682983,0,0.0138808965682983,0,0,0
13.5,0,64.8,0,909.9059734696848,0,4434.0,0,1432.2195971431877,0,539.7023798942566,166437957.51004797,0,166437957.51004797,0,0,0
9.5,0,134.28,0,142.43278665237412,0,329.95,0,88.57239120707546,0,166.8461532640457,83244117.50489666,0,83244117.50489666,0,0,0
5.5,0,97.2,0,87.01484126984128,0,133.8,0,24.22587254970839,0,89.21176545619964,0.0484323978424072,0,0.0484323978424072,0,0,0
13.5,0,66.0,0,430.8816775725135,0,2962.0,0,924.9361661705948,0,20.68658103942871,166429830.32720357,0,166429830.32720357,0,0,0
5.5,0,57.2,0,54.32000000000001,0,57.2,0,0.96,0,0.0573620319366455,0.0006052017211914,0,0.0006052017211914,0,0,0
5.5,0,120.1,0,77.2129761904762,0,198.4,0,45.87218489670859,0,85.07141432762145,0.0044009923934936,0,0.0044009923934936,0,0,0
5.5,0,70.2,0,72.19992063492063,0,85.6,0,16.89830667631214,0,165.32107317447662,0.0057575941085815,0,0.0057575941085815,0,0,0
5.5,0,136.8,0,135.53000000000003,0,216.0,0,64.10894079168206,0,1977.7950321197509,0.041128921508789,0,0.041128921508789,0,0,0
13.5,0,118.9,0,126.59432864950668,0,230.0,0,73.04899859719275,0,230.0262035608292,166421673.7939661,0,166421673.7939661,0,0,0
5.5,0,54.0,0,54.0,0,54.0,0,0.0,0,0.0,0.0001951932907104,0,0.0001951932907104,0,0,0
13.5,0,67.4,0,55.93320163840288,0,75.8,0,5.66838614107281,0,58.43398311138153,166429856.98603252,0,166429856.98603252,0,0,0
5.5,0,112.7,0,97.20781746031749,0,263.5,0,66.99853510278469,0,24.526611971855164,0.0071017980575561,0,0.0071017980575561,0,0,0
13.5,0,424.9,0,124.95363617634516,0,539.2,0,125.2893119513702,0,8.669935131072998,166437959.9568296,0,166437959.9568296,0,0,0
5.5,0,102.0,0,93.57285714285716,0,203.6,0,53.42365372732041,0,148.13210158348085,0.004099702835083,0,0.004099702835083,0,0,0
13.5,0,110.0,0,102.20863436357244,0,317.0,0,69.18267228354837,0,187.0041852951049,166429889.1745569,0,166429889.1745569,0,0,0
5.5,0,942.6,0,452.2542063492064,0,943.2,0,412.6461569385093,0,48.00768744945526,0.0116848945617675,0,0.0116848945617675,0,0,0
5.5,0,105.8,0,87.70892857142857,0,172.6,0,38.69698991079736,0,313.82516605854033,0.024504804611206,0,0.024504804611206,0,0,0
5.5,0,57.6,0,57.91555555555556,0,58.0,0,0.2457078722109417,0,0.5689848899841309,0.0047017097473144,0,0.0047017097473144,0,0,0
13.5,0,900.3,0,1305.82668610758,0,7306.0,0,1717.8751926600155,0,1.6418056964874268,166439374.06845003,0,166439374.06845003,0,0,0
13.5,0,136.1,0,99.94340682580231,0,209.1,0,41.35614195584416,0,101.33147807121276,166430991.80081838,0,166430991.80081838,0,0,0
13.5,0,121.7,0,105.51376195012418,0,230.0,0,57.65073238114793,0,246.7169987678528,166430227.1103424,0,166430227.1103424,0,0,0
13.5,0,58.0,0,58.0,0,58.0,0,0.0,0,0.0,166430755.537927,0,166430755.537927,0,0,0
5.5,0,943.8,0,748.6937301587301,0,1233.4,0,548.8270203111308,0,47.11489446163178,0.002719497680664,0,0.002719497680664,0,0,0
13.5,0,91.6,0,86.3370481973307,0,243.8,0,57.72392163417684,0,52.77124269008637,166421668.58093882,0,166421668.58093882,0,0,0
9.5,0,315.0,0,310.67769446282995,0,1129.94,0,400.76082739675536,0,82.94561732769013,83241633.84477288,0,83241633.84477288,0,0,0
5.5,0,66.0,0,66.0,0,66.0,0,0.0,0,0.4213783979415894,6.985664367675781e-06,0,6.985664367675781e-06,0,0,0
5.5,0,122.6,0,119.21531746031744,0,230.1,0,67.24716032751392,0,192.87013025283807,0.0120573043823242,0,0.0120573043823242,0,0,0
5.5,0,56.0,0,56.63920634920635,0,58.0,0,1.3595236892120517,0,0.0052845001220703,0.0008996963500976,0,0.0008996963500976,0,0,0
5.5,0,1065.0,0,1401.5166666666669,0,1494.0,0,172.1253069968367,0,32.50511238574982,0.0017388820648193,0,0.0017388820648193,0,0,0
5.5,0,111.4,0,115.92357142857142,0,296.8,0,86.40965321032643,0,246.23925857543944,0.0119621992111206,0,0.0119621992111206,0,0,0
13.5,0,1501.5,0,512.3672010011832,0,2092.6,0,665.5667233489264,0,0.7925344467163086,166430289.7058949,0,166430289.7058949,0,0,0
13.5,0,568.8,0,2421.6827543766863,0,5894.0,0,1474.4677052785762,0,222.39685797691345,166438033.00981262,0,166438033.00981262,0,0,0
5.5,0,645.2,0,1134.991746031746,0,1514.0,0,413.1257123049565,0,43.54930820465088,0.0004070043563842,0,0.0004070043563842,0,0,0
9.5,0,184.21,0,165.1953937743113,0,607.76,0,154.25973690076594,0,3579.866068880558,83241134.48473121,0,83241134.48473121,0,0,0
5.5,0,54.0,0,54.0,0,54.0,0,0.0,0,0.0204826354980468,0.0002645015716552,0,0.0002645015716552,0,0,0
9.5,0,107.47,0,103.12790785702089,0,222.56,0,58.97080874189498,0,54.040481910705566,83243069.62044635,0,83243069.62044635,0,0,0
5.5,0,102.0,0,83.83595238095238,0,126.8,0,24.224196779392035,0,1148.2130037784575,0.0425642967224121,0,0.0425642967224121,0,0,0
5.5,0,115.9,0,117.39892857142856,0,322.2,0,92.1951117767924,0,23.40362977981568,0.0115450859069824,0,0.0115450859069824,0,0,0
5.5,0,269.7,0,245.76880952380947,0,592.6,0,219.8286424885871,0,261.6087978363037,0.0132192850112915,0,0.0132192850112915,0,0,0
13.5,0,58.0,0,58.0,0,58.0,0,0.0,0,0.0,166438028.95128173,0,166438028.95128173,0,0,0
13.5,0,79.0,0,726.9194120525158,0,3322.0,0,1290.8540117891373,0,264.0446417093277,166421924.34245878,0,166421924.34245878,0,0,0
13.5,0,1225.2,0,778.08476913867,0,1514.0,0,716.4910380760806,0,10.533137106895447,166430356.3967943,0,166430356.3967943,0,0,0
9.5,0,346.88,0,353.352567556025,0,1432.42,0,470.7584879790911,0,87.11912074327469,83241702.37768622,0,83241702.37768622,0,0,0
13.5,0,310.7,0,1177.790099528954,0,4410.0,0,1400.6450163733705,0,90.3087265253067,166430818.70343143,0,166430818.70343143,0,0,0
13.5,0,58.0,0,58.0,0,58.0,0,0.0,0,0.0,166428972.95100087,0,166428972.95100087,0,0,0
5.5,0,213.0,0,293.92821428571426,0,726.9,0,216.85608986769407,0,162.05390129089355,0.0121870994567871,0,0.0121870994567871,0,0,0
5.5,0,123.6,0,126.02214285714284,0,334.8,0,99.83433476777566,0,148.4414041996002,0.0200639963150024,0,0.0200639963150024,0,0,0
13.5,0,102.9,0,121.74320045451626,0,327.0,0,74.2066559390917,0,104.50944077968596,166430827.98685008,0,166430827.98685008,0,0,0
5.5,0,88.3,0,74.86353174603174,0,106.8,0,15.594742020480297,0,105.26460828781128,0.0282063007354736,0,0.0282063007354736,0,0,0
9.5,0,154.83,0,142.7448943534965,0,575.05,0,156.1297964881625,0,261.3293650555611,83243733.7985088,0,83243733.7985088,0,0,0
9.5,0,98.29,0,93.56741277418833,0,225.2,0,49.42957045188628,0,532.7082774496079,83242598.45450124,0,83242598.45450124,0,0,0
13.5,0,56.0,0,55.52292495602093,0,58.0,0,1.9405567434256228,0,0.0024795770645141,166428896.6619684,0,166428896.6619684,0,0,0
5.5,0,121.5,0,169.875,0,328.8,0,83.96802109205888,0,123.0592003107071,0.0143383979797363,0,0.0143383979797363,0,0,0
5.5,0,213.4,0,315.1489682539683,0,1081.2,0,381.0197857781395,0,43.409238600730895,0.0106503009796142,0,0.0106503009796142,0,0,0
13.5,0,56.4,0,58.46724427619164,0,74.0,0,4.483879585438764,0,52.61557817459106,166421755.8891291,0,166421755.8891291,0,0,0
5.5,0,58.0,0,58.0,0,58.0,0,0.0,0,0.0,2.5033950805664062e-06,0,2.5033950805664062e-06,0,0,0
13.5,0,66.2,0,719.1887285014607,0,3322.0,0,1152.731819104419,0,0.0754565954208374,166421135.2464307,0,166421135.2464307,0,0,0
13.5,0,66.0,0,128.53012619690253,0,253.0,0,87.29951465886901,0,0.0217069387435913,166439177.954012,0,166439177.954012,0,0,0
9.5,0,91.12,0,91.3248035518403,0,246.3,0,58.76872942736341,0,415.52012793779375,83243571.95902483,0,83243571.95902483,0,0,0
13.5,0,934.8,0,1074.823709544669,0,1514.0,0,664.8652768544539,0,26.204550886154173,166429100.14718062,0,166429100.14718062,0,0,0
13.5,0,58.8,0,72.8554682202902,0,156.0,0,25.56406654547685,0,92.27480592727662,166439238.2440384,0,166439238.2440384,0,0,0
13.5,0,82.9,0,87.1232272049416,0,230.0,0,45.954975121877006,0,17.385743856430054,166429143.83729687,0,166429143.83729687,0,0,0
5.5,0,355.6,0,431.5625396825397,0,1224.4,0,526.0892935325135,0,1.4429962158203125,0.000679588317871,0,0.000679588317871,0,0,0
13.5,0,69.4,0,75.1733401196327,0,112.0,0,15.881560135092712,0,2.370033049583435,166438140.5409528,0,166438140.5409528,0,0,0
13.5,0,70.1,0,108.0613633021605,0,317.0,0,73.81228676070688,0,69.0220116853714,166428804.43430358,0,166428804.43430358,0,0,0
13.5,0,103.4,0,151.84217667566352,0,253.0,0,92.06791196123956,0,1.0891063213348389,166438091.93104368,0,166438091.93104368,0,0,0
5.5,0,91.0,0,84.79484126984127,0,154.4,0,34.07337757289035,0,4.859161043167115,0.0063697814941406,0,0.0063697814941406,0,0,0
13.5,0,56.0,0,55.26948693205659,0,58.0,0,1.8423201134150289,0,0.0016075611114501,166430953.93020558,0,166430953.93020558,0,0,0
13.5,0,178.2,0,88.10579197634152,0,181.4,0,43.31186224874871,0,0.4093888759613037,166429139.3346032,0,166429139.3346032,0,0,0
13.5,0,1417.7,0,1319.439272734919,0,1902.0,0,528.8763875904765,0,81.7908937215805,166430719.1712678,0,166430719.1712678,0,0,0
9.5,0,125.77,0,125.75608883557102,0,305.47,0,83.55346710450699,0,252.91769820451736,83242288.62600482,0,83242288.62600482,0,0,0
9.5,0,122.84,0,121.00159143823156,0,290.1,0,76.796929604451,0,124.01271816015245,83243663.79909326,0,83243663.79909326,0,0,0
5.5,0,75.3,0,76.32107142857143,0,136.8,0,28.19887379945457,0,6.478874683380127,0.0103749990463256,0,0.0103749990463256,0,0,0
5.5,0,62.0,0,64.42539682539683,0,66.0,0,2.3119694909430386,0,0.4907024145126343,0.0020178079605102,0,0.0020178079605102,0,0,0
13.5,0,75.2,0,110.25983224420918,0,317.0,0,69.48081132243797,0,0.0547193050384521,166430747.44345123,0,166430747.44345123,0,0,0
9.5,0,152.49,0,166.74740780912416,0,509.89,0,141.34995066316898,0,40.58187020301819,83242096.62113549,0,83242096.62113549,0,0,0
13.5,0,125.7,0,143.07928414765487,0,393.9,0,101.39222453475897,0,0.1421374320983886,166421247.9562397,0,166421247.9562397,0,0,0
13.5,0,54.0,0,56.14006849016137,0,58.0,0,1.9506775901005573,0,0.0073083162307739,166428751.2104815,0,166428751.2104815,0,0,0
5.5,0,109.6,0,81.4823015873016,0,161.7,0,30.492322782594915,0,108.21405818462372,0.0149234056472778,0,0.0149234056472778,0,0,0
13.5,0,88.3,0,65.37549468934917,0,91.1,0,9.152716260304809,0,7.084191226959229,166430827.45299658,0,166430827.45299658,0,0,0
13.5,0,92.6,0,79.87152247649153,0,301.6,0,61.74946217169151,0,150.3648418188095,166429252.7231903,0,166429252.7231903,0,0,0
5.5,0,132.1,0,86.86916666666666,0,171.1,0,35.2682039650788,0,133.44949500560762,24.00495729446412,0,24.00495729446412,0,0,0
5.5,0,104.7,0,90.16154761904764,0,217.6,0,53.14175560364029,0,12811.22735953331,0.0197562932968139,0,0.0197562932968139,0,0,0
13.5,0,100.4,0,115.69597586881645,0,357.0,0,91.78842802342236,0,166.44427762031555,166428768.91321892,0,166428768.91321892,0,0,0
9.5,0,122.83,0,123.42409341299395,0,227.04,0,56.36395804818539,0,340.36683842659,83241988.25008985,0,83241988.25008985,0,0,0
5.5,0,55.2,0,54.25333333333333,0,56.4,0,0.7371236166328254,0,0.0273591041564941,5.3310394287109374e-05,0,5.3310394287109374e-05,0,0,0
5.5,0,71.4,0,75.625,0,138.0,0,28.872057651547447,0,81.22261364459992,0.0032336950302124,0,0.0032336950302124,0,0,0
5.5,0,79.1,0,69.18829365079365,0,99.8,0,11.345494922220729,0,2.803819179534912,0.0450496912002563,0,0.0450496912002563,0,0,0
9.5,0,317.42,0,362.6576649508473,0,1599.94,0,468.62389855075446,0,100.38448519706726,83244169.0392012,0,83244169.0392012,0,0,0
13.5,0,187.3,0,411.9754057466442,0,523.0,0,142.75243507681003,0,190.67770295143129,166428671.23035198,0,166428671.23035198,0,0,0
13.5,0,703.4,0,1121.1026103050715,0,2962.0,0,814.616631170468,0,35.148055243492124,166430977.4602671,0,166430977.4602671,0,0,0
5.5,0,151.5,0,130.35642857142858,0,240.8,0,57.741477617135935,0,108.7190481185913,0.0316874027252197,0,0.0316874027252197,0,0,0
13.5,0,58.0,0,58.0,0,58.0,0,0.0,0,0.0,166429887.4041647,0,166429887.4041647,0,0,0
13.5,0,104.5,0,767.2349409203628,0,1514.0,0,689.2453384666936,0,104.15575098991394,166429227.9814515,0,166429227.9814515,0,0,0
5.5,0,108.1,0,104.0529761904762,0,295.4,0,77.55298642361143,0,129.49220898151398,0.0127808094024658,0,0.0127808094024658,0,0,0
13.5,0,137.1,0,86.31345869472806,0,322.5,0,68.62220158308034,0,126.50777945518492,166430638.5268905,0,166430638.5268905,0,0,0
13.5,0,953.6,0,307.17215763768394,0,1263.6,0,458.67269282451633,0,1.04859721660614,166430418.23081762,0,166430418.23081762,0,0,0
9.5,0,70.38,0,67.85100916128934,0,126.52,0,20.474369630877952,0,13.496248211860657,83241457.26026995,0,83241457.26026995,0,0,0
5.5,0,54.0,0,54.0,0,54.0,0,0.0,0,0.0,9.529590606689451e-05,0,9.529590606689451e-05,0,0,0
5.5,0,93.0,0,71.76666666666667,0,121.2,0,16.975770669590748,0,4.908464765548706,0.0012928009033203,0,0.0012928009033203,0,0,0
5.5,0,717.2,0,290.6898412698412,0,1368.4,0,487.2231935696462,0,0.0716004133224487,7.531642913818359e-05,0,7.531642913818359e-05,0,0,0
5.5,0,215.8,0,87.69071428571428,0,251.8,0,57.93409252066643,0,90.6833221912384,0.010293698310852,0,0.010293698310852,0,0,0
13.5,0,80.2,0,984.507734028957,0,4410.0,0,1313.001223894781,0,29.12433397769928,166430980.33105472,0,166430980.33105472,0,0,0
5.5,0,58.0,0,58.0,0,58.0,0,0.0,0,0.0024206161499023,3.709793090820312e-05,0,3.709793090820312e-05,0,0,0
13.5,0,58.0,0,58.0,0,58.0,0,0.0,0,0.0,166437976.2761682,0,166437976.2761682,0,0,0
13.5,0,195.1,0,131.51230389364676,0,480.7,0,125.60190349713112,0,107.4690369606018,166429884.9360282,0,166429884.9360282,0,0,0
5.5,0,391.6,0,531.2720634920635,0,2670.8,0,967.6867553747196,0,0.7091567993164063,0.0009232997894287,0,0.0009232997894287,0,0,0
9.5,0,97.89,0,94.94377496076334,0,227.4,0,54.73303954814086,0,425.13103514909744,83243456.39027679,0,83243456.39027679,0,0,0
5.5,0,57.6,0,56.82841269841269,0,57.6,0,1.3888043677822106,0,0.0034288167953491,0.0005704879760742,0,0.0005704879760742,0,0,0
13.5,0,442.2,0,1028.250372580636,0,1494.0,0,628.522269820177,0,102.48716008663176,166429022.5729358,0,166429022.5729358,0,0,0
13.5,0,54.0,0,54.0,0,54.0,0,0.0,0,0.0123764038085937,166437390.7186562,0,166437390.7186562,0,0,0
5.5,0,120.6,0,123.9490873015873,0,207.3,0,51.39897964305196,0,798.3109253644943,0.0415446043014526,0,0.0415446043014526,0,0,0
5.5,0,183.1,0,187.95099206349204,0,570.4,0,169.52887963560443,0,18.614149689674377,0.0064588069915771,0,0.0064588069915771,0,0,0
5.5,0,54.0,0,54.0,0,54.0,0,0.0,0,0.0580244064331054,1.1205673217773438e-05,0,1.1205673217773438e-05,0,0,0
9.5,0,133.57,0,128.15979415553488,0,329.97,0,87.11449316938275,0,224.84346332788468,83242091.79652277,0,83242091.79652277,0,0,0
13.5,0,54.0,0,61.62399399619987,0,156.0,0,25.303812424048434,0,0.9324032306671144,166421227.2345609,0,166421227.2345609,0,0,0
5.5,0,93.0,0,80.94611111111111,0,145.4,0,28.27586551179696,0,27.21881980895996,0.0116832971572875,0,0.0116832971572875,0,0,0
5.5,0,90.9,0,91.4415476190476,0,191.0,0,43.13078765831489,0,0.0040721416473388,0.0023938179016113,0,0.0023938179016113,0,0,0
9.5,0,130.9,0,131.83477564171292,0,471.29,0,125.10486623812486,0,383.7899286866188,83242798.39503838,0,83242798.39503838,0,0,0
9.5,0,382.83,0,247.35530076068585,0,865.62,0,234.7637879953346,0,381.8601405858993,83244229.28872097,0,83244229.28872097,0,0,0
5.5,0,2123.0,0,2375.6939682539683,0,3830.8,0,962.4528125597114,0,10.819856810569764,0.0009191036224365,0,0.0009191036224365,0,0,0
13.5,0,58.0,0,58.0,0,58.0,0,0.0,0,0.0,166438207.6755766,0,166438207.6755766,0,0,0
13.5,0,142.7,0,133.04043278187245,0,387.3,0,93.93439152417474,0,2.145180344581604,166421099.65863842,0,166421099.65863842,0,0,0
5.5,0,54.0,0,54.0,0,54.0,0,0.0,0,0.0006362438201904,1.800060272216797e-05,0,1.800060272216797e-05,0,0,0
13.5,0,118.0,0,130.1424826064029,0,339.0,0,83.42349632952224,0,230.5143649339676,166428809.74222702,0,166428809.74222702,0,0,0
5.5,0,58.0,0,58.0,0,58.0,0,0.0,0,0.0,3.385543823242188e-06,0,3.385543823242188e-06,0,0,0
5.5,0,54.0,0,54.0,0,54.0,0,0.0,0,0.0933404207229614,0.000384497642517,0,0.000384497642517,0,0,0
13.5,0,351.6,0,232.40380198748616,0,1494.0,0,448.912990380364,0,0.8126922130584717,166430373.06914753,0,166430373.06914753,0,0,0
5.5,0,1281.9,0,1480.09,0,1514.0,0,77.51698919831276,0,9.150143718719482,0.000733208656311,0,0.000733208656311,0,0,0
5.5,0,111.1,0,125.6937698412698,0,230.0,0,58.98955830325036,0,356.3937444448472,0.0383508920669555,0,0.0383508920669555,0,0,0
13.5,0,58.0,0,58.0,0,58.0,0,0.0,0,0.0,166429722.53669637,0,166429722.53669637,0,0,0
9.5,0,321.8,0,294.42854768073346,0,1059.97,0,365.2412263840514,0,174.04883661031724,83241727.04582006,0,83241727.04582006,0,0,0
13.5,0,92.8,0,136.38616146624273,0,349.0,0,99.47731909748066,0,359.0899333000183,166428949.1389543,0,166428949.1389543,0,0,0
9.5,0,133.0,0,153.56630317425095,0,466.08,0,120.20584349480583,0,107.01407485723496,83243017.24543634,0,83243017.24543634,0,0,0
9.5,0,256.35,0,186.9105213133529,0,577.51,0,179.933574497252,0,222.8035986208916,83243549.5330452,0,83243549.5330452,0,0,0
9.5,0,117.39,0,104.70786744692354,0,249.1,0,59.93726918414126,0,82.49666315317154,83244265.04787204,0,83244265.04787204,0,0,0
13.5,0,1224.4,0,1132.8860808575669,0,2962.0,0,827.3081368667775,0,16.67729797363281,166430885.99598378,0,166430885.99598378,0,0,0
9.5,0,105.75,0,100.49052259982018,0,250.86,0,62.918501818016985,0,659.4056431245804,83241870.9509716,0,83241870.9509716,0,0,0
13.5,0,58.0,0,58.0,0,58.0,0,0.0,0,0.0107528686523437,166429016.02855128,0,166429016.02855128,0,0,0
5.5,0,60.0,0,56.51095238095238,0,66.8,0,4.12928593890653,0,0.0006638765335083,0.0010571002960205,0,0.0010571002960205,0,0,0
5.5,0,66.7,0,67.35027777777778,0,72.3,0,2.4304076436188686,0,85.5719791173935,0.0172523021697998,0,0.0172523021697998,0,0,0
9.5,0,141.23,0,142.77141260223266,0,389.6,0,114.6083245337277,0,114.91166243076324,83244221.54348777,0,83244221.54348777,0,0,0
13.5,0,81.9,0,72.4580657100897,0,114.8,0,15.22048639607126,0,14.585588741302493,166439384.38322517,0,166439384.38322517,0,0,0
9.5,0,89.56,0,100.57389641606244,0,265.02,0,67.59651568688273,0,140.74187020301818,83243004.92000191,0,83243004.92000191,0,0,0
13.5,0,58.0,0,58.0,0,58.0,0,0.0,0,0.0,166421174.7364181,0,166421174.7364181,0,0,0
13.5,0,761.8,0,700.5122128357539,0,1474.0,0,659.8970312264157,0,172.3323773622513,166430763.0189652,0,166430763.0189652,0,0,0
13.5,0,69.7,0,81.9616552500647,0,317.0,0,67.44932665538256,0,4321.704679250717,166437937.7623195,0,166437937.7623195,0,0,0
5.5,0,77.2,0,74.46214285714288,0,122.4,0,20.2618790552532,0,12.677666330337525,0.0036033153533935,0,0.0036033153533935,0,0,0
5.5,0,645.8,0,646.9157936507937,0,1224.4,0,567.406467810575,0,28.31330387592316,0.0007024049758911,0,0.0007024049758911,0,0,0
5.5,0,1079.6,0,603.6561904761904,0,1079.6,0,482.4109476922714,0,3.118484282493591,0.0027935981750488,0,0.0027935981750488,0,0,0
5.5,0,100.5,0,114.38206349206352,0,190.8,0,47.30983179898125,0,19.34589068889618,0.0224485874176025,0,0.0224485874176025,0,0,0
13.5,0,717.2,0,287.4217790753279,0,1948.2,0,522.6537419393625,0,0.0561097383499145,166428863.2212754,0,166428863.2212754,0,0,0
13.5,0,76.1,0,85.34816755698722,0,317.0,0,63.77402547471336,0,110.27921738624572,166430962.9353765,0,166430962.9353765,0,0,0
5.5,0,64.0,0,65.1563492063492,0,66.0,0,1.7004964142439978,0,42.74832167625427,0.002166199684143,0,0.002166199684143,0,0,0
5.5,0,56.4,0,55.04698412698413,0,56.4,0,1.1412312494612056,0,0.0035858631134033,0.0005203962326049,0,0.0005203962326049,0,0,0
13.5,0,66.0,0,843.9148961736577,0,4410.0,0,1563.5495806584104,0,1.329056167602539,166429031.2736152,0,166429031.2736152,0,0,0
13.5,0,380.8,0,1128.6252771909892,0,1514.0,0,592.4477371657877,0,46.21573638916016,166430978.9182586,0,166430978.9182586,0,0,0
9.5,0,80.16,0,75.38563841958694,0,168.48,0,34.045586406956375,0,21.018605024814605,83241460.86245264,0,83241460.86245264,0,0,0
5.5,0,268.4,0,186.26619047619047,0,411.6,0,122.43815075328298,0,31.7127450466156,0.0086633920669555,0,0.0086633920669555,0,0,0
13.5,0,56.4,0,57.476675115390286,0,58.0,0,1.170099659453127,0,0.0801979303359985,166421303.9151829,0,166421303.9151829,0,0,0
9.5,0,122.66,0,118.34297068965608,0,296.96,0,75.75046523223838,0,171.60889428377152,83243288.30920072,0,83243288.30920072,0,0,0
13.5,0,197.7,0,183.3575772889821,0,655.4,0,179.02857570124823,0,118.1719775915146,166438193.4502199,0,166438193.4502199,0,0,0
5.5,0,205.4,0,269.1847222222222,0,348.0,0,58.67580182011888,0,173.31432309150696,0.0391700983047485,0,0.0391700983047485,0,0,0
5.5,0,110.2,0,103.11261904761903,0,262.8,0,74.641889484087,0,11.778816628456116,0.0080804824829101,0,0.0080804824829101,0,0,0
9.5,0,63.64,0,62.317979241733504,0,107.63,0,14.262072861069823,0,0.2913492250442505,83241461.7375295,0,83241461.7375295,0,0,0
5.5,0,1077.2,0,1137.1466666666668,0,1514.0,0,485.4302704308181,0,18.859528803825377,0.0024174928665161,0,0.0024174928665161,0,0,0
5.5,0,105.3,0,97.0625,0,222.6,0,53.1918965640325,0,24.44201703071594,0.0254735231399536,0,0.0254735231399536,0,0,0
9.5,0,311.61,0,275.44703971192206,0,1071.58,0,355.9054194717048,0,135.30423897981643,83241757.12780663,0,83241757.12780663,0,0,0
5.5,0,113.7,0,91.91880952380951,0,204.0,0,48.53465968851296,0,104.97875843048097,0.0068020820617675,0,0.0068020820617675,0,0,0
5.5,0,315.6,0,205.3430555555556,0,598.3,0,174.55571189362612,0,15.340902996063232,0.0047457933425903,0,0.0047457933425903,0,0,0
13.5,0,121.0,0,103.80275926429952,0,262.0,0,58.26788653300857,0,41.849310517311096,166430881.4480469,0,166430881.4480469,0,0,0
5.5,0,291.0,0,236.9232936507936,0,857.7,0,262.94969724956195,0,875.0595283269882,0.0133847951889038,0,0.0133847951889038,0,0,0
13.5,0,57.7,0,87.15874691871595,0,317.0,0,65.5276016443401,0,368.1470415353775,166421912.1856469,0,166421912.1856469,0,0,0
13.5,0,318.3,0,638.8763820476049,0,4374.0,0,1268.8377696640748,0,4.496724224090576,166430235.1414506,0,166430235.1414506,0,0,0
9.5,0,221.59,0,165.55736795149295,0,667.02,0,180.90102727712804,0,69.8083840250969,83242081.4539935,0,83242081.4539935,0,0,0
13.5,0,87.8,0,71.36488981091148,0,209.8,0,47.07362961113825,0,163.9669576883316,166430631.3096803,0,166430631.3096803,0,0,0
5.5,0,54.0,0,54.0,0,54.0,0,0.0,0,0.0423718690872192,2.002716064453125e-06,0,2.002716064453125e-06,0,0,0
5.5,0,145.9,0,142.08718253968254,0,284.8,0,76.45992169767501,0,100.77226576805114,0.0113411903381347,0,0.0113411903381347,0,0,0
13.5,0,200.3,0,411.0953882366344,0,2962.0,0,747.7612063212977,0,1667.1378262758255,166437943.8466654,0,166437943.8466654,0,0,0
5.5,0,141.6,0,146.005,0,416.9,0,125.68632902750872,0,4.258754801750183,0.0050992012023925,0,0.0050992012023925,0,0,0
9.5,0,144.16,0,159.93685249257967,0,369.93,0,109.3438556333746,0,322.44656702995303,83243613.06233658,0,83243613.06233658,0,0,0
13.5,0,1124.5,0,690.415696906293,0,1562.5,0,703.2772234803844,0,3.609290266036987,166430639.74531752,0,166430639.74531752,0,0,0
5.5,0,101.1,0,105.51511904761904,0,222.8,0,57.909181093990014,0,127.23204424381257,0.0188117980957031,0,0.0188117980957031,0,0,0
13.5,0,1417.8,0,1111.7908977258553,0,2962.0,0,833.9170611996324,0,37.61237761974335,166430371.0032886,0,166430371.0032886,0,0,0
5.5,0,149.4,0,111.07011904761904,0,229.4,0,59.41330947044541,0,39.36419944763183,0.0222187995910644,0,0.0222187995910644,0,0,0
9.5,0,83.27,0,78.4360035635589,0,185.05,0,38.14414451025264,0,744.5730748820305,83243695.66805401,0,83243695.66805401,0,0,0
13.5,0,58.0,0,58.0,0,58.0,0,0.0,0,0.0,166439170.82638782,0,166439170.82638782,0,0,0
5.5,0,96.7,0,96.9673015873016,0,147.0,0,35.55232656507722,0,794.7325805664062,0.0207448959350585,0,0.0207448959350585,0,0,0
9.5,0,145.12,0,199.84942549856405,0,863.7,0,250.98940665408645,0,193.47250542879104,83243786.85687213,0,83243786.85687213,0,0,0
5.5,0,56.3,0,54.23,0,56.3,0,0.6900000000000001,0,303.0405673503876,0.0023617029190063,0,0.0023617029190063,0,0,0
5.5,0,738.4,0,301.1363492063492,0,1168.8,0,413.9673502512429,0,9.964865899085998,0.0012562990188598,0,0.0012562990188598,0,0,0
9.5,0,122.75,0,108.47263706232708,0,320.03,0,79.41287373669768,0,239.61695760726928,83242182.47944637,0,83242182.47944637,0,0,0
5.5,0,111.5,0,88.39416666666666,0,232.6,0,56.32882997540702,0,56.740077424049375,0.0093888998031616,0,0.0093888998031616,0,0,0
13.5,0,103.4,0,92.07265977400652,0,243.3,0,58.53661088982325,0,0.1307244777679443,166430960.4882939,0,166430960.4882939,0,0,0
13.5,0,1442.3,0,645.7604528344892,0,1514.0,0,679.9956786269388,0,9.319533157348634,166439325.9171304,0,166439325.9171304,0,0,0
5.5,0,255.6,0,259.71428571428567,0,504.4,0,128.8208193559622,0,24.20934951305389,0.0062932968139648,0,0.0062932968139648,0,0,0
5.5,0,97.4,0,78.41285714285715,0,210.3,0,52.60569621184676,0,108.51967828273771,0.0040323972702026,0,0.0040323972702026,0,0,0
13.5,0,1271.3,0,1164.7439608821692,0,2962.0,0,791.0089998027378,0,19.801715350151063,166430620.4446377,0,166430620.4446377,0,0,0
13.5,0,54.2,0,61.63067863852693,0,156.0,0,25.59303197423901,0,40.82837061882019,166438248.2603998,0,166438248.2603998,0,0,0
13.5,0,66.0,0,66.0,0,66.0,0,0.0,0,0.0808380603790283,166429856.2353369,0,166429856.2353369,0,0,0
9.5,0,141.89,0,140.5052406735851,0,281.31,0,74.43492687063016,0,209.35686982393264,83243296.87929499,0,83243296.87929499,0,0,0
9.5,0,130.86,0,127.2298040777162,0,328.27,0,86.67695266183864,0,211.3438687419892,83243849.1115391,0,83243849.1115391,0,0,0
5.5,0,498.8,0,203.18380952380951,0,790.0,0,280.2167472343492,0,8.091312718391418,0.0018998861312866,0,0.0018998861312866,0,0,0
5.5,0,54.6,0,54.28738095238096,0,56.4,0,0.7769494203133867,0,0.3033615589141846,0.0020395994186401,0,0.0020395994186401,0,0,0
5.5,0,66.0,0,66.0,0,66.0,0,0.0,0,16.785336709022523,0.0008228063583374,0,0.0008228063583374,0,0,0
5.5,0,1368.4,0,816.9473015873016,0,2019.6,0,928.9622370614215,0,3.032684326171875e-05,0.0027675151824951,0,0.0027675151824951,0,0,0
5.5,0,115.4,0,122.84507936507936,0,275.5,0,72.63577255203776,0,38.223990249633786,0.0080211162567138,0,0.0080211162567138,0,0,0
13.5,0,99.3,0,148.00419397166303,0,457.0,0,120.0790711457598,0,135.36654498577118,166438270.17771012,0,166438270.17771012,0,0,0
9.5,0,168.02,0,142.52792996773607,0,527.99,0,134.76138186611334,0,78.46311455488205,83243607.78652701,0,83243607.78652701,0,0,0
9.5,0,1638.14,0,1788.1765511868591,0,2545.68,0,614.6095172641944,0,6.126853704452515,83242130.47097589,0,83242130.47097589,0,0,0
13.5,0,211.3,0,161.5512351726361,0,366.6,0,119.42921941812104,0,85.97443985939026,166438264.88945702,0,166438264.88945702,0,0,0
13.5,0,1202.6,0,917.04600970409,0,2962.0,0,893.2609726072138,0,6.566712188720703,166430979.4079365,0,166430979.4079365,0,0,0
9.5,0,165.74,0,138.89805041441187,0,500.85,0,131.73466259744512,0,206.42455233573912,83242633.41190363,0,83242633.41190363,0,0,0
5.5,0,117.6,0,95.0602380952381,0,235.0,0,56.69366719929435,0,121.9697342157364,0.0277955055236816,0,0.0277955055236816,0,0,0
13.5,0,55.2,0,55.52736736775436,0,74.0,0,5.15383039176226,0,72.50698177814483,166438242.8896539,0,166438242.8896539,0,0,0
9.5,0,114.25,0,97.48987661860843,0,251.57,0,56.12077376709089,0,32.476647906303405,83243864.76191318,0,83243864.76191318,0,0,0
5.5,0,132.6,0,100.76083333333334,0,241.8,0,61.01613124056677,0,857.4016672611236,0.0184144973754882,0,0.0184144973754882,0,0,0
9.5,0,151.87,0,166.05952669234793,0,429.82,0,118.87199455039698,0,126.57211742162704,83243074.58847614,0,83243074.58847614,0,0,0
5.5,0,68.9,0,76.96373015873016,0,117.3,0,20.04759233680916,0,261.4878696203232,0.0262178897857666,0,0.0262178897857666,0,0,0
5.5,0,102.8,0,152.66896825396825,0,357.0,0,101.88340811972456,0,89.16672928333283,0.0154376983642578,0,0.0154376983642578,0,0,0
13.5,0,92.9,0,121.69413790715647,0,230.0,0,64.49434818048047,0,41.17698924541473,166430782.9169782,0,166430782.9169782,0,0,0
9.5,0,1015.28,0,936.8329522409136,0,1894.76,0,683.7121871889652,0,1.3814871191978455,83243082.81990567,0,83243082.81990567,0,0,0
5.5,0,82.5,0,96.19599206349208,0,162.2,0,35.90563160561845,0,325.5167002916336,0.023840308189392,0,0.023840308189392,0,0,0
13.5,0,72.9,0,66.10955951470271,0,166.0,0,26.311744728539697,0,16.419878816604616,166430719.1832266,0,166430719.1832266,0,0,0
5.5,0,93.0,0,74.48642857142858,0,130.8,0,29.37573332423973,0,3.905597686767578,0.0077001094818115,0,0.0077001094818115,0,0,0
5.5,0,77.9,0,75.30646825396826,0,107.6,0,14.681893203268949,0,119.69428210258484,0.0046877145767211,0,0.0046877145767211,0,0,0
9.5,0,120.44,0,101.74642111934334,0,301.51,0,73.24495815637265,0,5.838270006179809,83244031.76847559,0,83244031.76847559,0,0,0
13.5,0,54.0,0,54.0,0,54.0,0,0.0,0,0.1342615604400635,166438242.90964732,0,166438242.90964732,0,0,0
5.5,0,89.6,0,68.3968253968254,0,103.2,0,15.444112297470506,0,151.65117914676665,0.0172728061676025,0,0.0172728061676025,0,0,0
5.5,0,1514.0,0,1514.0,0,1514.0,0,0.0,0,28.03567452430725,0.0020933151245117,0,0.0020933151245117,0,0,0
13.5,0,97.8,0,138.37083673851086,0,519.0,0,150.37050401250048,0,104.95711765289306,166421738.2484827,0,166421738.2484827,0,0,0
5.5,0,56.4,0,56.36571428571428,0,57.6,0,1.6847155258893722,0,0.0172938823699951,0.0003407001495361,0,0.0003407001495361,0,0,0
5.5,0,54.0,0,54.0,0,54.0,0,0.0,0,0.4311176061630249,2.460479736328125e-05,0,2.460479736328125e-05,0,0,0
5.5,0,189.0,0,112.47023809523807,0,384.2,0,100.10844301589312,0,20.60040147304535,0.0108700037002563,0,0.0108700037002563,0,0,0
5.5,0,54.4,0,54.04,0,54.4,0,0.12,0,0.0971737623214721,0.0006839036941528,0,0.0006839036941528,0,0,0
5.5,0,805.1,0,366.78773809523807,0,865.5,0,355.0427889759003,0,23.23213484287261,0.0045691013336181,0,0.0045691013336181,0,0,0
5.5,0,1378.2,0,1106.8742857142856,0,1658.8,0,558.5662247326263,0,32.74802837371826,0.0033823013305664,0,0.0033823013305664,0,0,0
13.5,0,88.5,0,127.83605846295087,0,538.0,0,121.68696402410842,0,21.923198962211607,166429831.9571904,0,166429831.9571904,0,0,0
13.5,0,55.6,0,54.211131750946,0,55.6,0,0.5256824293808287,0,0.0005748271942138,166429828.9321815,0,166429828.9321815,0,0,0
13.5,0,94.0,0,68.9824967099464,0,208.5,0,36.80569147457816,0,280.9446501016617,166421647.8579057,0,166421647.8579057,0,0,0
5.5,0,1658.8,0,1720.9146031746034,0,2672.4,0,430.34718113716025,0,2.91652135848999,0.0005482912063598,0,0.0005482912063598,0,0,0
5.5,0,80.9,0,93.141626984127,0,146.7,0,30.04308491889084,0,33.45844957828522,0.0072326183319091,0,0.0072326183319091,0,0,0
13.5,0,83.9,0,82.81624908845883,0,306.2,0,69.30562325518223,0,0.1033780097961425,166421724.476129,0,166421724.476129,0,0,0
13.5,0,1223.8,0,427.0584981156615,0,1378.2,0,556.4039659335208,0,18.69982542991638,166429724.5457222,0,166429724.5457222,0,0,0
5.5,0,101.5,0,155.0473412698413,0,357.0,0,99.5098719302462,0,5.483816504478455,0.0114903926849365,0,0.0114903926849365,0,0,0
13.5,0,58.0,0,58.0,0,58.0,0,0.0,0,0.0,166430666.02894038,0,166430666.02894038,0,0,0
13.5,0,97.3,0,129.4594917840158,0,298.0,0,78.66939357462114,0,155.0215554714203,166428979.28101283,0,166428979.28101283,0,0,0
9.5,0,113.7,0,116.93993013543904,0,257.57,0,68.03924552965564,0,102.61535359621048,83242277.38098185,0,83242277.38098185,0,0,0
5.5,0,126.3,0,97.06,0,199.9,0,44.89939970173764,0,2082.6302132129667,0.0143063068389892,0,0.0143063068389892,0,0,0
9.5,0,131.8,0,151.991255555504,0,362.18,0,90.364923065781,0,185.39817257881165,83242569.11666007,0,83242569.11666007,0,0,0
5.5,0,99.7,0,108.50730158730155,0,266.8,0,72.78368395124967,0,216.1910131931305,0.0135241031646728,0,0.0135241031646728,0,0,0
9.5,0,102.98,0,100.24125123685224,0,254.25,0,56.73705700243379,0,21.61564573287964,83243159.89916073,0,83243159.89916073,0,0,0
5.5,0,398.4,0,235.22738095238097,0,658.6,0,211.465795042067,0,17.401214051246644,0.0062491178512573,0,0.0062491178512573,0,0,0
9.5,0,157.08,0,146.28303539477378,0,564.47,0,145.66530770835192,0,32.67793816328049,83243520.59756145,0,83243520.59756145,0,0,0
5.5,0,3558.0,0,3466.2865079365083,0,4434.0,0,905.667742429816,0,0.5764185190200806,0.0002946853637695,0,0.0002946853637695,0,0,0
5.5,0,1044.7,0,523.9793253968254,0,2023.7,0,809.4586416286809,0,20.180380606651305,0.0003278970718383,0,0.0003278970718383,0,0,0
9.5,0,206.34,0,171.7503247508855,0,499.66,0,136.1297567166809,0,292.0206999087334,83242985.22380276,0,83242985.22380276,0,0,0
13.5,0,66.8,0,70.52062265177203,0,123.0,0,14.161660427302175,0,0.0272095918655395,166428920.2203626,0,166428920.2203626,0,0,0
5.5,0,58.0,0,58.0,0,58.0,0,0.0,0,0.0,4.86135482788086e-05,0,4.86135482788086e-05,0,0,0
13.5,0,55.2,0,61.94231385745318,0,66.0,0,4.961621876870249,0,16.52741496562958,166430755.72604722,0,166430755.72604722,0,0,0
13.5,0,58.0,0,58.0,0,58.0,0,0.0,0,0.0,166437994.1262148,0,166437994.1262148,0,0,0
9.5,0,105.94,0,97.80182661396051,0,229.01,0,55.52588905292522,0,270.0584718346596,83244284.1852585,0,83244284.1852585,0,0,0
9.5,0,128.32,0,121.47512387496404,0,286.96,0,76.66911882356769,0,332.1086841964721,83242586.13505048,0,83242586.13505048,0,0,0
5.5,0,106.4,0,123.77992063492064,0,240.8,0,61.56200672882327,0,1.775785255432129,0.0145328998565673,0,0.0145328998565673,0,0,0
13.5,0,202.0,0,104.9058263855168,0,835.0,0,180.00932461623688,0,0.9047763824462892,166438244.84932667,0,166438244.84932667,0,0,0
13.5,0,323.7,0,1086.0270559175087,0,2962.0,0,956.2885082433316,0,1.986183834075928,166430374.6768946,0,166430374.6768946,0,0,0
13.5,0,56.0,0,67.84238931175463,0,214.0,0,38.9406598376214,0,0.1411643028259277,166437913.11701068,0,166437913.11701068,0,0,0
5.5,0,167.3,0,144.88615079365078,0,405.2,0,115.78065773502108,0,125.5718432188034,0.0083723068237304,0,0.0083723068237304,0,0,0
13.5,0,638.0,0,393.7238945329696,0,2690.3,0,700.2347560220613,0,55.17359275817872,166430640.04356802,0,166430640.04356802,0,0,0
13.5,0,54.4,0,54.02,0,54.4,0,0.0871779788708134,0,0.0117918252944946,166429884.797392,0,166429884.797392,0,0,0
13.5,0,64.6,0,60.52769689246084,0,97.0,0,11.41904849182174,0,0.8525128841400147,166428643.5201869,0,166428643.5201869,0,0,0
9.5,0,202.31,0,136.00833502466742,0,435.76,0,121.5392030400835,0,3.7151318168640137,83241469.72232519,0,83241469.72232519,0,0,0
5.5,0,70.4,0,69.87396825396826,0,86.8,0,8.761582449230405,0,0.2444842100143432,0.0261071920394897,0,0.0261071920394897,0,0,0
9.5,0,156.78,0,153.89785078689803,0,483.53,0,127.49170064684398,0,133.43284028053284,83243831.02440968,0,83243831.02440968,0,0,0
13.5,0,625.7,0,187.1619878977232,0,1118.1,0,282.4995498915714,0,46.85336511135101,166438194.48550212,0,166438194.48550212,0,0,0
13.5,0,58.0,0,57.46498287745966,0,58.0,0,1.3532424383706476,0,0.0,166438207.68642327,0,166438207.68642327,0,0,0
5.5,0,82.8,0,107.76738095238096,0,216.9,0,53.91394056746741,0,35.235277318954466,0.0062520027160644,0,0.0062520027160644,0,0,0
5.5,0,121.4,0,113.71476190476191,0,238.2,0,54.38427508817546,0,11.1100332736969,0.0084444046020507,0,0.0084444046020507,0,0,0
13.5,0,1377.8,0,388.3205862339415,0,1564.2,0,496.1717493194608,0,87.02438898086548,166430814.8234781,0,166430814.8234781,0,0,0
5.5,0,94.6,0,83.25234126984128,0,132.8,0,23.73532516332288,0,447.845602107048,0.0271253108978271,0,0.0271253108978271,0,0,0
13.5,0,60.0,0,78.6486386446371,0,222.0,0,45.47558824662902,0,0.0078060150146484,166430373.97308838,0,166430373.97308838,0,0,0
13.5,0,120.3,0,117.11359427509196,0,387.3,0,94.63766775430712,0,924.084633374214,166439167.3702818,0,166439167.3702818,0,0,0
13.5,0,170.5,0,406.8095391222984,0,2962.0,0,796.4532125883372,0,14.716545176506042,166430619.2976444,0,166430619.2976444,0,0,0
5.5,0,82.2,0,88.24523809523811,0,138.0,0,28.173262567799373,0,15.993348550796508,0.0055978059768676,0,0.0055978059768676,0,0,0
9.5,0,138.98,0,134.61037534734788,0,326.41,0,87.2802383354691,0,6.094636971950531,83242552.54803969,0,83242552.54803969,0,0,0
5.5,0,78.1,0,72.44892857142858,0,141.7,0,27.64939388184317,0,34.1950747013092,0.0147611856460571,0,0.0147611856460571,0,0,0
13.5,0,88.0,0,70.96330943909891,0,298.0,0,58.401693756618045,0,5.068427991867066,166421303.95964652,0,166421303.95964652,0,0,0
13.5,0,54.4,0,55.23707660588466,0,58.0,0,1.8419885669223963,0,30.034657406806947,166421648.5883069,0,166421648.5883069,0,0,0
5.5,0,88.2,0,75.8502380952381,0,133.8,0,27.16292968896281,0,1.3153068542480468,0.0151094913482666,0,0.0151094913482666,0,0,0
5.5,0,623.5,0,413.35948412698417,0,1176.0,0,465.9761299061244,0,11.378072571754457,0.0072544813156127,0,0.0072544813156127,0,0,0
5.5,0,55.6,0,54.45047619047618,0,55.6,0,0.6976969109407076,0,0.0118443727493286,0.0021184206008911,0,0.0021184206008911,0,0,0
5.5,0,70.8,0,69.03480158730159,0,82.8,0,6.113514379223712,0,0.3909238815307617,0.0043694019317626,0,0.0043694019317626,0,0,0
5.5,0,96.4,0,88.97111111111111,0,167.8,0,33.13854727579507,0,74.51523587703704,0.0250953912734985,0,0.0250953912734985,0,0,0
13.5,0,54.4,0,58.110019063324025,0,112.0,0,14.38187062201358,0,0.5828880071640015,166438098.8341729,0,166438098.8341729,0,0,0
9.5,0,133.57,0,124.6140281804539,0,454.1,0,120.3328307163756,0,135.44657511949538,83241809.17599809,0,83241809.17599809,0,0,0
5.5,0,131.6,0,116.65337301587302,0,188.5,0,58.64962032867796,0,117.3438126564026,0.0107753038406372,0,0.0107753038406372,0,0,0
13.5,0,54.0,0,54.0,0,54.0,0,0.0,0,0.0,166429016.0278865,0,166429016.0278865,0,0,0
13.5,0,97.9,0,102.05670769375104,0,441.0,0,94.1793434620557,0,2.0671656847000124,166421791.5841494,0,166421791.5841494,0,0,0
9.5,0,112.53,0,114.8803222639074,0,269.39,0,68.40652091766603,0,201.2460710334778,83243078.93698102,0,83243078.93698102,0,0,0
13.5,0,57.2,0,55.37461135699526,0,58.0,0,1.85326856555138,0,0.0069592237472534,166430668.07017463,0,166430668.07017463,0,0,0
5.5,0,66.8,0,66.3831746031746,0,69.2,0,1.0359325604178486,0,0.0839261531829834,0.0005632162094116,0,0.0005632162094116,0,0,0
5.5,0,89.1,0,75.01916666666666,0,115.2,0,24.83757934287953,0,0.0794698238372802,0.0086083173751831,0,0.0086083173751831,0,0,0
5.5,0,291.1,0,294.25242063492067,0,1081.6,0,379.51899205895006,0,21.101500415802,0.01194269657135,0,0.01194269657135,0,0,0
5.5,0,88.4,0,101.24484126984126,0,149.4,0,29.841988874800016,0,75.58825669288635,0.0287517070770263,0,0.0287517070770263,0,0,0
5.5,0,106.2,0,103.98626984126984,0,213.2,0,60.04584389297744,0,49.45023376941681,0.0203600883483886,0,0.0203600883483886,0,0,0
5.5,0,76.8,0,72.81460317460316,0,162.0,0,36.27627333042997,0,8.83405179977417,0.0091975212097167,0,0.0091975212097167,0,0,0
13.5,0,57.6,0,56.116072369323135,0,61.2,0,2.48438174175831,0,0.314160680770874,166439282.42251903,0,166439282.42251903,0,0,0
13.5,0,56.0,0,56.74934551001114,0,66.0,0,3.1322556723148214,0,37.71657662391662,166421741.73871142,0,166421741.73871142,0,0,0
13.5,0,65.0,0,75.48100437187512,0,146.0,0,25.46645166351674,0,310.8974739551544,166428687.5962633,0,166428687.5962633,0,0,0
13.5,0,183.6,0,184.100625088276,0,457.0,0,130.41140316086154,0,72.38847627639771,166438242.6276968,0,166438242.6276968,0,0,0
9.5,0,158.95,0,182.1128743176758,0,420.4,0,130.1784797548181,0,203.4667770767212,83242660.5635701,0,83242660.5635701,0,0,0
13.5,0,146.2,0,156.69777716049,0,440.2,0,124.32640903426643,0,182.2357083082199,166438232.0878616,0,166438232.0878616,0,0,0
5.5,0,645.8,0,1241.1324603174603,0,2765.9,0,836.001533014041,0,114.94315919876098,0.0041095972061157,0,0.0041095972061157,0,0,0
13.5,0,54.0,0,54.0,0,54.0,0,0.0,0,0.0,166429828.9218772,0,166429828.9218772,0,0,0
13.5,0,56.8,0,63.45854538907945,0,156.0,0,25.24437667970416,0,481.0512945652008,166421688.4100357,0,166421688.4100357,0,0,0
9.5,0,100.55,0,113.15948292582893,0,264.6,0,58.16054123557824,0,347.2667237997055,83243265.4384777,0,83243265.4384777,0,0,0
13.5,0,131.7,0,519.5316314829821,0,2954.0,0,778.2233674812546,0,0.3360785007476806,166421334.1739704,0,166421334.1739704,0,0,0
13.5,0,86.0,0,83.38659686288943,0,274.0,0,56.31661532390672,0,136.3380304813385,166429022.45366448,0,166429022.45366448,0,0,0
9.5,0,74.22,0,73.54895062947888,0,196.55,0,43.57501373119657,0,2.881955063343048,83241473.29845761,0,83241473.29845761,0,0,0
5.5,0,58.0,0,58.0,0,58.0,0,0.0,0,0.0,2.789497375488281e-06,0,2.789497375488281e-06,0,0,0
9.5,0,432.3,0,452.48038030644113,0,1560.95,0,510.3890502272793,0,21.76298690080643,83241533.12623431,0,83241533.12623431,0,0,0
13.5,0,98.0,0,372.4895054274931,0,2611.0,0,640.7910184365685,0,135.01881020069123,166428689.0112386,0,166428689.0112386,0,0,0
9.5,0,134.31,0,134.57553183722882,0,857.16,0,212.7500924225564,0,2.5783826756477355,83241464.42979746,0,83241464.42979746,0,0,0
5.5,0,54.0,0,54.0,0,54.0,0,0.0,0,0.1107414960861206,0.0015244007110595,0,0.0015244007110595,0,0,0
9.5,0,115.29,0,146.69798255098874,0,354.55,0,106.272312126765,0,180.11795881032944,83243610.35277058,0,83243610.35277058,0,0,0
9.5,0,96.89,0,86.21493303471554,0,214.23,0,50.63473142050409,0,18.33763451099396,83242336.65506415,0,83242336.65506415,0,0,0
5.5,0,179.1,0,110.76130952380952,0,233.7,0,59.13305400046595,0,59.30379559993744,0.0068808078765869,0,0.0068808078765869,0,0,0
5.5,0,66.0,0,66.0,0,66.0,0,0.0,0,38.99874413013458,0.0009748935699462,0,0.0009748935699462,0,0,0
5.5,0,107.2,0,119.08420634920635,0,266.8,0,77.45316764518773,0,347.9591107130051,0.0159139156341552,0,0.0159139156341552,0,0,0
13.5,0,211.4,0,195.3595143800988,0,792.0,0,245.17549728640816,0,699.2073351860047,166428974.02130908,0,166428974.02130908,0,0,0
13.5,0,125.1,0,106.2856441404313,0,278.5,0,68.87771555771528,0,1051.3420176029206,166437944.40318108,0,166437944.40318108,0,0,0
13.5,0,629.0,0,319.90843351823617,0,1245.6,0,430.58238468913686,0,0.0849595785140991,166429887.7980035,0,166429887.7980035,0,0,0
5.5,0,926.3,0,524.8247222222222,0,1202.4,0,528.9700228543815,0,0.8909312963485718,0.003980016708374,0,0.003980016708374,0,0,0
9.5,0,576.38,0,498.7253540733431,0,1300.48,0,552.2541750708401,0,7.935809843540191,83241454.8272248,0,83241454.8272248,0,0,0
13.5,0,114.2,0,112.8471887933188,0,217.4,0,57.281099066576566,0,296.26460523605346,166421673.6591456,0,166421673.6591456,0,0,0
9.5,0,342.57,0,287.80049829268603,0,1092.72,0,368.162527726359,0,135.17514142036438,83241573.85112143,0,83241573.85112143,0,0,0
9.5,0,110.39,0,128.02746245249418,0,276.08,0,69.86683671578788,0,271.08968846797944,83242410.4316517,0,83242410.4316517,0,0,0
5.5,0,159.5,0,177.16853174603173,0,234.3,0,76.85468276447419,0,0.0465220928192138,0.0010227918624877,0,0.0010227918624877,0,0,0
5.5,0,54.0,0,54.0,0,54.0,0,0.0,0,0.0,3.740787506103516e-05,0,3.740787506103516e-05,0,0,0
5.5,0,139.4,0,129.19337301587302,0,257.9,0,75.40775605695119,0,19198.788106226923,0.0271310091018676,0,0.0271310091018676,0,0,0
5.5,0,144.5,0,220.2406746031746,0,479.0,0,137.39399124399313,0,95.29113669395448,0.0097038030624389,0,0.0097038030624389,0,0,0
13.5,0,54.0,0,54.0,0,54.0,0,0.0,0,0.2441595077514648,166421927.0937748,0,166421927.0937748,0,0,0
13.5,0,79.1,0,79.777870549643,0,230.0,0,49.07582725562956,0,11.505757093429564,166430674.7315418,0,166430674.7315418,0,0,0
5.5,0,95.0,0,104.92976190476192,0,213.2,0,50.86768438832934,0,156.00449466705322,0.0233155012130737,0,0.0233155012130737,0,0,0
13.5,0,117.2,0,149.35975750814373,0,791.0,0,181.426398620928,0,239.36326332092284,166438083.1169407,0,166438083.1169407,0,0,0
5.5,0,246.5,0,531.1635317460317,0,1242.0,0,371.5574775509725,0,78.3622472524643,0.0057000160217285,0,0.0057000160217285,0,0,0
13.5,0,571.2,0,537.9462930400352,0,1514.0,0,659.5324261893419,0,36.80324323177338,166430845.73329848,0,166430845.73329848,0,0,0
9.5,0,195.9,0,199.44222630319456,0,660.01,0,202.0081033074968,0,328.3609514808655,83243356.6181798,0,83243356.6181798,0,0,0
5.5,0,100.7,0,103.38876984126983,0,200.1,0,54.18457157971568,0,153.41318850517274,0.0109506130218505,0,0.0109506130218505,0,0,0
13.5,0,58.0,0,58.0,0,58.0,0,0.0,0,0.0,166430755.0665415,0,166430755.0665415,0,0,0
13.5,0,88.8,0,73.04317691424502,0,230.0,0,50.798855043781714,0,69.6968425989151,166421650.7779961,0,166421650.7779961,0,0,0
5.5,0,116.2,0,166.32142857142858,0,262.0,0,71.83665531544575,0,37.57311770915985,0.0027797937393188,0,0.0027797937393188,0,0,0
9.5,0,116.53,0,118.91755751060086,0,253.97,0,61.44197630953207,0,106.62399614810944,83243717.9378546,0,83243717.9378546,0,0,0
9.5,0,157.52,0,113.6530297868626,0,372.08,0,89.61639323921517,0,355.2418799495697,83243628.43656722,0,83243628.43656722,0,0,0
5.5,0,55.2,0,54.2588888888889,0,55.2,0,0.4818864772080827,0,0.0,3.960132598876953e-05,0,3.960132598876953e-05,0,0,0
9.5,0,533.6,0,739.8278615508588,0,4056.64,0,1171.4481684392254,0,27.61736779212952,83243868.39852998,0,83243868.39852998,0,0,0
9.5,0,398.6,0,505.0625923241704,0,762.39,0,200.6985165429957,0,114.74102699041369,83241914.82373102,0,83241914.82373102,0,0,0
13.5,0,90.2,0,114.05994485218945,0,441.0,0,106.7615572831338,0,18.21564192771912,166429000.62924188,0,166429000.62924188,0,0,0
5.5,0,119.6,0,105.8436507936508,0,180.4,0,46.23202480054694,0,66.71210658550262,0.0271299123764038,0,0.0271299123764038,0,0,0
5.5,0,116.8,0,111.86515873015874,0,271.3,0,71.60709535972784,0,161.30281977653505,0.0158140897750854,0,0.0158140897750854,0,0,0
5.5,0,129.2,0,111.98063492063493,0,212.5,0,57.898627138347344,0,1493.034803891182,0.0156658887863159,0,0.0156658887863159,0,0,0
5.5,0,624.0,0,996.2359523809524,0,2672.4,0,1126.2548563377784,0,604.7241251945495,0.0032880067825317,0,0.0032880067825317,0,0,0
13.5,0,121.9,0,120.00359706255216,0,311.5,0,82.20430502427863,0,254.5781856060028,166438087.6283552,0,166438087.6283552,0,0,0
5.5,0,54.0,0,54.0,0,54.0,0,0.0,0,0.2880251169204711,1.5020370483398435e-06,0,1.5020370483398435e-06,0,0,0
5.5,0,1369.2,0,1089.8853968253968,0,1369.2,0,502.7471811371603,0,28.25858061313629,0.0089563846588134,0,0.0089563846588134,0,0,0
9.5,0,120.85,0,118.48699136136482,0,346.65,0,88.84761939475158,0,28.027585225105284,83243333.02680545,0,83243333.02680545,0,0,0
5.5,0,100.6,0,103.75123015873014,0,191.0,0,46.73650421355988,0,37.50806312561035,0.0303457975387573,0,0.0303457975387573,0,0,0
13.5,0,116.7,0,111.67109885900132,0,214.0,0,48.732260143381765,0,33.32582116127014,166430781.01821113,0,166430781.01821113,0,0,0
9.5,0,107.52,0,113.80173988872323,0,249.83,0,58.93352905391038,0,57.34492485284805,83243068.39059988,0,83243068.39059988,0,0,0
5.5,0,68.7,0,73.9082142857143,0,93.0,0,9.374429482529925,0,0.1104624271392822,0.0016680002212524,0,0.0016680002212524,0,0,0
13.5,0,54.0,0,54.0,0,54.0,0,0.0,0,0.488424277305603,166438028.8564322,0,166438028.8564322,0,0,0
5.5,0,66.0,0,66.0,0,66.0,0,0.0,0,0.0532443761825561,0.0001708984375,0,0.0001708984375,0,0,0
5.5,0,329.9,0,254.18107142857144,0,448.7,0,115.24638760429411,0,84.87078940868378,0.020864200592041,0,0.020864200592041,0,0,0
5.5,0,54.0,0,54.0,0,54.0,0,0.0,0,0.0,1.5020370483398435e-06,0,1.5020370483398435e-06,0,0,0
13.5,0,440.3,0,1142.2182968463426,0,1999.0,0,640.8896304560928,0,50.137154006958006,166430267.79792368,0,166430267.79792368,0,0,0
13.5,0,73.3,0,86.77188487595996,0,230.0,0,45.09871157422386,0,2.853882098197937,166430232.37831718,0,166430232.37831718,0,0,0
13.5,0,91.2,0,106.80828793927093,0,246.0,0,67.8507408384049,0,11.8093181848526,166430831.5191584,0,166430831.5191584,0,0,0
13.5,0,125.1,0,147.15473395197856,0,414.0,0,97.24224053034092,0,1999.7633775234224,166437918.6730365,0,166437918.6730365,0,0,0
5.5,0,98.6,0,76.49960317460317,0,137.0,0,28.39677998699792,0,130.54118938446044,0.0480029106140136,0,0.0480029106140136,0,0,0
5.5,0,116.7,0,84.06900793650793,0,148.2,0,30.685967088798247,0,145.16268315315247,0.0266139030456542,0,0.0266139030456542,0,0,0
5.5,0,62.6,0,65.0131746031746,0,93.6,0,14.554023974338383,0,3.7717946767807007,0.0118860006332397,0,0.0118860006332397,0,0,0
9.5,0,127.87,0,136.9543640073377,0,306.48,0,86.63053784567242,0,319.1148801040649,83242793.12763359,0,83242793.12763359,0,0,0
13.5,0,54.0,0,60.82146831238937,0,156.0,0,25.346761013751305,0,0.0618317365646362,166429804.602444,0,166429804.602444,0,0,0
5.5,0,280.5,0,154.0320238095238,0,492.5,0,139.25337213954575,0,118.64171175956726,0.01283700466156,0,0.01283700466156,0,0,0
5.5,0,139.3,0,156.73575396825396,0,282.0,0,69.37874583914125,0,107.9211567401886,0.0262157917022705,0,0.0262157917022705,0,0,0
5.5,0,55.2,0,54.46269841269842,0,56.4,0,0.9309285181528216,0,0.0032978773117065,0.0012505769729614,0,0.0012505769729614,0,0,0
13.5,0,120.3,0,124.4180956732466,0,441.0,0,112.13633795989396,0,39.75826568603516,166428923.6093191,0,166428923.6093191,0,0,0
9.5,0,152.09,0,156.06261588089416,0,344.22,0,92.98011382820658,0,218.5429278087616,83242091.48605865,0,83242091.48605865,0,0,0
13.5,0,272.9,0,99.36415320618497,0,462.8,0,93.9457974326135,0,1.0876842498779298,166430612.8674433,0,166430612.8674433,0,0,0
5.5,0,56.4,0,59.2295238095238,0,66.0,0,4.959856023750112,0,1.1008221626281738,0.0006964921951293,0,0.0006964921951293,0,0,0
9.5,0,85.2,0,77.46873545683762,0,181.15,0,35.383225281137726,0,120.95908372163773,83242945.71535514,0,83242945.71535514,0,0,0
5.5,0,97.5,0,116.27035714285714,0,291.9,0,87.24776844020086,0,43.53789186477661,0.0075371026992797,0,0.0075371026992797,0,0,0
5.5,0,56.8,0,55.261428571428574,0,58.4,0,1.6864475161613082,0,26.95104742050171,0.0034337997436523,0,0.0034337997436523,0,0,0
13.5,0,75.8,0,723.0543597398474,0,3322.0,0,1292.909222438096,0,5.137774658203125,166421708.2376299,0,166421708.2376299,0,0,0
9.5,0,161.67,0,167.34244985505546,0,426.35,0,124.07389191974796,0,79.17031289100647,83243007.02444269,0,83243007.02444269,0,0,0
5.5,0,1222.4,0,1359.799523809524,0,1514.0,0,331.1202979472174,0,0.934990167617798,0.0008030891418457,0,0.0008030891418457,0,0,0
9.5,0,210.27,0,168.59895899104336,0,795.51,0,204.091596014627,0,274.86443522214887,83243808.65657972,0,83243808.65657972,0,0,0
13.5,0,58.0,0,69.50286813461737,0,230.0,0,42.74159700358062,0,0.0,166438244.83384812,0,166438244.83384812,0,0,0
5.5,0,58.0,0,58.0,0,58.0,0,0.0,0,0.0,0.0027939081192016,0,0.0027939081192016,0,0,0
9.5,0,1392.56,0,1363.667259450388,0,2690.48,0,994.7323713464456,0,0.1304095864295959,83243082.57815303,0,83243082.57815303,0,0,0
5.5,0,76.8,0,81.06261904761905,0,122.4,0,20.22140030950144,0,58.6380423784256,0.0176730871200561,0,0.0176730871200561,0,0,0
5.5,0,1694.0,0,642.9063492063492,0,1694.0,0,750.65740513459,0,0.0630610942840576,9.107589721679688e-06,0,9.107589721679688e-06,0,0,0
5.5,0,692.0,0,899.886507936508,0,1514.0,0,625.7551922078562,0,34.15240938663483,0.0023968935012817,0,0.0023968935012817,0,0,0
5.5,0,109.9,0,77.21138888888888,0,163.8,0,37.55371990680955,0,164.19094414710997,0.0104804992675781,0,0.0104804992675781,0,0,0
13.5,0,59.2,0,118.36554050438728,0,463.0,0,109.99407380545708,0,334.92996368408205,166429806.772384,0,166429806.772384,0,0,0
5.5,0,71.6,0,72.15444444444444,0,166.0,0,39.79096656351292,0,8.211444187164307,0.0014567136764526,0,0.0014567136764526,0,0,0
13.5,0,93.9,0,92.1959811099633,0,204.0,0,40.62521253241341,0,67.18671777248383,166439315.0638596,0,166439315.0638596,0,0,0
13.5,0,267.6,0,1281.75865461379,0,2962.0,0,1030.8525355678378,0,3.769597792625427,166439325.175793,0,166439325.175793,0,0,0
13.5,0,649.6,0,780.5152944269354,0,3134.0,0,1158.531077283492,0,7.899840998649597,166439305.19867602,0,166439305.19867602,0,0,0
5.5,0,66.1,0,65.68261904761906,0,66.7,0,1.111932263750035,0,43.50885968208313,0.0017101049423217,0,0.0017101049423217,0,0,0
5.5,0,58.0,0,58.0,0,58.0,0,0.0,0,0.0,5.602836608886719e-06,0,5.602836608886719e-06,0,0,0
13.5,0,89.1,0,91.8350397993819,0,230.0,0,44.92502646791051,0,105.93478138446808,166439279.6463054,0,166439279.6463054,0,0,0
5.5,0,114.5,0,85.86436507936507,0,152.3,0,29.83015654140376,0,267.6759016752243,0.0119387865066528,0,0.0119387865066528,0,0,0
5.5,0,101.9,0,114.89996031746033,0,364.4,0,113.5154197381042,0,50.07264010906219,0.0005803108215332,0,0.0005803108215332,0,0,0
9.5,0,90.88,0,92.45873940412874,0,199.38,0,47.07353707174024,0,285.7170374584198,83243547.1375664,0,83243547.1375664,0,0,0
5.5,0,499.6,0,213.7825396825397,0,649.2,0,252.0108467468279,0,23.962888884544373,0.0104238033294677,0,0.0104238033294677,0,0,0
9.5,0,119.45,0,116.7456732232336,0,437.88,0,107.36593166608404,0,23.480574822425844,83243387.80149181,0,83243387.80149181,0,0,0
13.5,0,78.7,0,1140.3095102145876,0,5858.0,0,1423.5031006401605,0,36.33932147026062,166430286.09663934,0,166430286.09663934,0,0,0
5.5,0,581.9,0,331.57329365079363,0,873.1,0,341.3894986148618,0,186.70129024982447,0.0059968948364257,0,0.0059968948364257,0,0,0
5.5,0,1082.0,0,1083.6299603174602,0,1384.0,0,489.7768160692166,0,23.171738195419312,0.0036342144012451,0,0.0036342144012451,0,0,0
5.5,0,119.3,0,132.85305555555558,0,309.8,0,84.93414240204885,0,45.86903626918793,0.0153869867324829,0,0.0153869867324829,0,0,0
5.5,0,100.0,0,93.5218253968254,0,192.0,0,46.417879840548366,0,1.8602513313293456,0.0080255031585693,0,0.0080255031585693,0,0,0
13.5,0,125.2,0,123.71653710711374,0,357.0,0,103.64841696085014,0,79.0397414445877,166437997.1663615,0,166437997.1663615,0,0,0
13.5,0,1368.4,0,1401.3497618102574,0,3322.0,0,1594.7832758257946,0,0.0437124967575073,166421726.2325229,0,166421726.2325229,0,0,0
9.5,0,299.76,0,265.99919861777374,0,1144.15,0,363.1941428382693,0,89.650054063797,83241650.42852141,0,83241650.42852141,0,0,0
5.5,0,72.4,0,67.40761904761904,0,136.0,0,26.40940040361759,0,21.416032361984254,0.0004222869873046,0,0.0004222869873046,0,0,0
5.5,0,111.1,0,75.85015873015873,0,167.8,0,34.87370580338149,0,145.5397083759308,0.0273086071014404,0,0.0273086071014404,0,0,0
5.5,0,721.9,0,339.0393253968254,0,1382.4,0,524.5228646308168,0,190.8488179206848,0.0024861812591552,0,0.0024861812591552,0,0,0
9.5,0,167.08,0,200.81121544099176,0,732.19,0,208.2789336799554,0,62.40172767400742,83243277.65583704,0,83243277.65583704,0,0,0
13.5,0,108.9,0,89.03224667489374,0,247.4,0,50.31613681892376,0,17.546547985076906,166430205.867871,0,166430205.867871,0,0,0
13.5,0,78.4,0,165.35073773448775,0,829.0,0,228.370602133272,0,2.3474295854568483,166429723.3815429,0,166429723.3815429,0,0,0
13.5,0,58.0,0,58.0,0,58.0,0,0.0,0,0.0,166437896.3738727,0,166437896.3738727,0,0,0
5.5,0,120.7,0,113.48380952380953,0,228.0,0,62.91489267057602,0,74.46233477592469,0.0816620111465454,0,0.0816620111465454,0,0,0
13.5,0,646.0,0,1050.8075878928432,0,4410.0,0,1123.1592750811546,0,23.362286829948424,166430961.63444048,0,166430961.63444048,0,0,0
5.5,0,405.5,0,489.7080555555556,0,1446.3,0,568.8606621196732,0,25.09643921852112,0.0096451997756958,0,0.0096451997756958,0,0,0
13.5,0,88.4,0,116.34504484550536,0,414.0,0,93.35234064516672,0,219.10792598724365,166428761.48957613,0,166428761.48957613,0,0,0
5.5,0,308.1,0,409.6591269841271,0,1997.2,0,718.2092691532305,0,0.2711034774780273,0.00361750125885,0,0.00361750125885,0,0,0
13.5,0,206.6,0,425.5141341561774,0,2962.0,0,795.2892940937485,0,24.12415392398834,166429083.7816416,0,166429083.7816416,0,0,0
13.5,0,352.0,0,763.5531392197415,0,1494.0,0,698.3724115019987,0,83.48250975608826,166429804.68633622,0,166429804.68633622,0,0,0
13.5,0,290.1,0,196.43623515244644,0,1114.6,0,263.8034305352777,0,83.42510936260223,166421179.37677482,0,166421179.37677482,0,0,0
5.5,0,92.3,0,73.06944444444443,0,101.2,0,11.287868136042514,0,1593.4734992027284,0.0078262090682983,0,0.0078262090682983,0,0,0
13.5,0,54.0,0,56.407577051431545,0,58.0,0,1.896525772197481,0,0.0661831855773925,166421301.626165,0,166421301.626165,0,0,0
9.5,0,111.2,0,109.94735265676016,0,275.26,0,65.23540407228371,0,172.93602032661437,83242109.73198844,0,83242109.73198844,0,0,0
9.5,0,137.61,0,133.58504841950275,0,346.89,0,102.60800426497792,0,339.28473138570786,83243735.5385252,0,83243735.5385252,0,0,0
9.5,0,218.65,0,112.7582776775598,0,420.03,0,110.12837881552882,0,22.348322718143464,83241466.50881214,0,83241466.50881214,0,0,0
9.5,0,354.56,0,240.1795593972591,0,816.92,0,265.28558822191246,0,32.18800525903702,83242303.5948529,0,83242303.5948529,0,0,0
13.5,0,128.1,0,102.71455355832676,0,218.0,0,49.47043886939508,0,78.34638381004333,166430849.45425808,0,166430849.45425808,0,0,0
5.5,0,85.3,0,91.05992063492064,0,146.0,0,36.970640169051954,0,193.48741970062247,0.0148582935333251,0,0.0148582935333251,0,0,0
5.5,0,163.4,0,128.30765873015872,0,221.3,0,50.20068505411787,0,1717.5817889213563,0.018164587020874,0,0.018164587020874,0,0,0
5.5,0,1236.6,0,1278.4318253968254,0,2536.6,0,762.4813474990166,0,15.373964071273804,0.0029630899429321,0,0.0029630899429321,0,0,0
13.5,0,1417.7,0,759.2247484790752,0,1514.0,0,685.7026170439324,0,17.616693687438964,166430944.73568758,0,166430944.73568758,0,0,0
13.5,0,267.2,0,203.87457701483245,0,792.0,0,232.80305347951403,0,314.7514968395233,166428688.00708023,0,166428688.00708023,0,0,0
13.5,0,58.0,0,58.0,0,58.0,0,0.0,0,0.0,166430317.5573289,0,166430317.5573289,0,0,0
5.5,0,650.1,0,422.2920238095238,0,1514.0,0,528.225607657658,0,5.287665700912475,0.0025337934494018,0,0.0025337934494018,0,0,0
9.5,0,96.65,0,97.25923643607857,0,241.93,0,61.548989702184805,0,47.76258645296097,83243272.67151445,0,83243272.67151445,0,0,0
13.5,0,108.8,0,108.89335298860068,0,317.0,0,77.65819588022342,0,384.8659755706787,166428901.73597398,0,166428901.73597398,0,0,0
13.5,0,140.8,0,109.03916216093847,0,344.0,0,75.87981643930756,0,248.76746509075164,166421127.268547,0,166421127.268547,0,0,0
9.5,0,144.04,0,138.21753728985152,0,557.7,0,139.43584744593696,0,282.54885865449904,83242590.74789211,0,83242590.74789211,0,0,0
9.5,0,103.08,0,102.45169628333484,0,237.57,0,63.40554920611139,0,59.84531877994537,83244208.6739136,0,83244208.6739136,0,0,0
9.5,0,148.4,0,152.0857796012467,0,334.38,0,89.79545863299408,0,107.6890454220772,83242949.35084702,0,83242949.35084702,0,0,0
5.5,0,118.9,0,100.35154761904762,0,218.0,0,60.41151163748899,0,187.3478852033615,0.0219318151473999,0,0.0219318151473999,0,0,0
5.5,0,84.2,0,99.97626984126984,0,200.4,0,52.46348227010579,0,48.63174555301666,0.0065225839614868,0,0.0065225839614868,0,0,0
9.5,0,110.31,0,109.18000942246609,0,286.99,0,71.39711496321117,0,1.978224046230316,83242551.7452092,0,83242551.7452092,0,0,0
5.5,0,91.1,0,92.46869047619047,0,199.3,0,45.57791514183798,0,0.1257011890411377,0.0006937026977539,0,0.0006937026977539,0,0,0
5.5,0,603.9,0,150.21436507936508,0,653.6,0,205.7942158199201,0,10.514569926261904,0.0029356002807617,0,0.0029356002807617,0,0,0
13.5,0,525.2,0,125.21706733840634,0,593.0,0,155.58928543546034,0,32.27336473464966,166430654.174673,0,166430654.174673,0,0,0
13.5,0,54.0,0,54.80252568381052,0,58.0,0,1.5903798119214847,0,0.1357751131057739,166438189.1692068,0,166438189.1692068,0,0,0
13.5,0,107.7,0,77.7302525308369,0,195.5,0,34.19134823018536,0,22.81176540851593,166430308.1943273,0,166430308.1943273,0,0,0
5.5,0,533.6,0,423.9287301587302,0,1746.0,0,636.626923044787,0,0.105394172668457,0.0016799926757812,0,0.0016799926757812,0,0,0
5.5,0,119.0,0,187.2043650793651,0,357.0,0,113.3729129075136,0,1.8533275604248047,0.004010009765625,0,0.004010009765625,0,0,0
5.5,0,319.5,0,808.4934523809524,0,2601.0,0,880.154768081976,0,25.81107196807861,0.0005237817764282,0,0.0005237817764282,0,0,0
9.5,0,179.41,0,130.64092080417004,0,430.54,0,114.07709914164876,0,184.27791877508164,83242421.19869941,0,83242421.19869941,0,0,0
13.5,0,1565.8,0,727.0326495468755,0,2093.2,0,729.5782947426081,0,8.74721941947937,166429098.4993422,0,166429098.4993422,0,0,0
5.5,0,64.2,0,55.02,0,64.2,0,3.06,0,10.473170590400697,0.0014108896255493,0,0.0014108896255493,0,0,0
13.5,0,58.0,0,58.0,0,58.0,0,0.0,0,0.0,166438157.9940604,0,166438157.9940604,0,0,0
5.5,0,55.2,0,56.51476190476191,0,58.0,0,1.3326269273267166,0,0.0175184726715087,0.0009852886199951,0,0.0009852886199951,0,0,0
13.5,0,55.6,0,55.2398432424129,0,58.0,0,1.8392276643515988,0,0.0172419071197509,166430668.0094993,0,166430668.0094993,0,0,0
5.5,0,70.0,0,61.66349206349207,0,118.0,0,20.71865120835697,0,16.21588327884674,0.0009521961212158,0,0.0009521961212158,0,0,0
13.5,0,116.4,0,111.18329931893012,0,518.0,0,112.94410695345724,0,184.7755745649337,166428861.7346734,0,166428861.7346734,0,0,0
13.5,0,58.0,0,56.92996575491932,0,58.0,0,1.7554306549768224,0,0.0,166428725.90387568,0,166428725.90387568,0,0,0
13.5,0,110.4,0,100.05330735612856,0,270.8,0,62.82310612792254,0,10.809943079948424,166429099.33899698,0,166429099.33899698,0,0,0
13.5,0,536.8,0,375.7391091609628,0,1494.0,0,540.5175481503746,0,19.924522495269777,166429249.46730152,0,166429249.46730152,0,0,0
13.5,0,107.2,0,100.71623435731792,0,233.2,0,51.32464387779794,0,173.58916771411896,166430773.11739844,0,166430773.11739844,0,0,0
5.5,0,112.4,0,114.30984126984129,0,242.4,0,71.38421273237515,0,74.63669853210449,0.0169507026672363,0,0.0169507026672363,0,0,0
5.5,0,92.5,0,105.09849206349207,0,269.0,0,74.49210741478171,0,151.57130172252656,0.0134399890899658,0,0.0134399890899658,0,0,0
9.5,0,212.72,0,173.59585906654408,0,704.21,0,185.9437017181995,0,203.80038274765013,83244186.60700291,0,83244186.60700291,0,0,0
13.5,0,126.9,0,128.73877448574817,0,345.0,0,107.51453477521508,0,612.5304524660111,166421597.14968342,0,166421597.14968342,0,0,0
13.5,0,110.2,0,124.71005763328522,0,415.8,0,101.848251254968,0,1072.7051556348802,166437955.0740468,0,166437955.0740468,0,0,0
5.5,0,58.0,0,58.0,0,58.0,0,0.0,0,0.0,5.984306335449219e-06,0,5.984306335449219e-06,0,0,0
13.5,0,110.0,0,89.67239323584911,0,206.5,0,48.96058349444874,0,0.3162676811218262,166437418.6917504,0,166437418.6917504,0,0,0
13.5,0,66.6,0,64.44666026397064,0,86.3,0,10.654458604495892,0,162.17327251434327,166421871.67107838,0,166421871.67107838,0,0,0
13.5,0,207.7,0,80.7633767629859,0,351.5,0,63.04852886285378,0,13.69468674659729,166430363.6128751,0,166430363.6128751,0,0,0
13.5,0,75.7,0,68.22816292711417,0,217.3,0,38.89569305357022,0,0.0,166437915.20627767,0,166437915.20627767,0,0,0
13.5,0,54.0,0,55.07003424508069,0,58.0,0,1.7554306549768224,0,0.2975138902664184,166437938.76288012,0,166437938.76288012,0,0,0
13.5,0,66.7,0,66.19565746474028,0,69.5,0,0.8033611781138423,0,4.223189163208008,166428815.93630508,0,166428815.93630508,0,0,0
13.5,0,121.2,0,97.8364829348498,0,233.2,0,52.542124217389095,0,111.04130911827087,166421268.7871464,0,166421268.7871464,0,0,0
5.5,0,81.1,0,93.5250396825397,0,265.2,0,77.5885523526284,0,0.018916630744934,0.0003934860229492,0,0.0003934860229492,0,0,0
5.5,0,95.2,0,87.3338492063492,0,165.8,0,35.85636164912372,0,156.71290233135224,0.0120887994766235,0,0.0120887994766235,0,0,0
13.5,0,117.0,0,74.30558736327312,0,270.4,0,53.60842529293596,0,69.76739208698272,166430773.8038664,0,166430773.8038664,0,0,0
13.5,0,95.3,0,99.83714765712443,0,317.0,0,69.99435221301012,0,5.586555004119873,166429141.45589802,0,166429141.45589802,0,0,0
13.5,0,117.5,0,499.3861877531653,0,2922.0,0,813.0976394366933,0,460.8509968280793,166421906.6278677,0,166421906.6278677,0,0,0
5.5,0,58.0,0,58.0,0,58.0,0,0.0,0,0.0,1.4591217041015626e-05,0,1.4591217041015626e-05,0,0,0
9.5,0,1003.36,0,746.6909677723806,0,2153.92,0,781.2555655422569,0,64.50454790115356,83242873.563881,0,83242873.563881,0,0,0
9.5,0,105.65,0,109.46658277017104,0,236.75,0,60.15348408115616,0,442.9473119211197,83242608.3949367,0,83242608.3949367,0,0,0
5.5,0,54.0,0,54.0,0,54.0,0,0.0,0,0.0401769161224365,0.0003475904464721,0,0.0003475904464721,0,0,0
5.5,0,2535.2,0,2009.985396825397,0,3700.0,0,1252.091482531482,0,0.9588095188140868,0.0033798217773437,0,0.0033798217773437,0,0,0
13.5,0,80.7,0,63.10187521628698,0,134.8,0,19.773904730354268,0,10.011974787712097,166421301.2369803,0,166421301.2369803,0,0,0
9.5,0,121.38,0,110.9563058465013,0,249.71,0,62.521448345380456,0,403.7212111353874,83242594.6366781,0,83242594.6366781,0,0,0
5.5,0,1057.6,0,305.28428571428566,0,1131.6,0,427.3588845293581,0,14.035345578193663,0.0009282112121582,0,0.0009282112121582,0,0,0
13.5,0,85.0,0,77.05421415014294,0,207.8,0,42.75609513242555,0,148.71618669033052,166430298.30219153,0,166430298.30219153,0,0,0
13.5,0,114.6,0,135.26097339880624,0,414.0,0,103.70900844669887,0,6.2210389375686646,166439289.0538728,0,166439289.0538728,0,0,0
9.5,0,158.68,0,143.32260578413673,0,489.86,0,128.66634880952776,0,15.61021366596222,83242836.61119667,0,83242836.61119667,0,0,0
9.5,0,93.31,0,98.56304507553848,0,256.69,0,58.01045207365457,0,153.79149727582933,83242529.95690721,0,83242529.95690721,0,0,0
9.5,0,126.13,0,115.292475199594,0,340.68,0,88.24370056690324,0,220.627273042202,83243843.32569915,0,83243843.32569915,0,0,0
9.5,0,446.41,0,451.0683724589394,0,1595.87,0,529.2707491519287,0,120.93553891658784,83241529.10483016,0,83241529.10483016,0,0,0
13.5,0,57.2,0,57.938947368421054,0,58.0,0,0.2093187513077744,0,0.0097704172134399,166429244.84712222,0,166429244.84712222,0,0,0
13.5,0,281.9,0,315.5788006987852,0,1514.0,0,534.9998957813,0,2.765305638313293,166429832.7342942,0,166429832.7342942,0,0,0
13.5,0,1236.3,0,704.5333225812716,0,1494.0,0,683.1521716540228,0,1.7655839204788208,166429805.987459,0,166429805.987459,0,0,0
5.5,0,55.6,0,55.2263492063492,0,56.8,0,1.361833701324335,0,0.0227615118026733,0.000581407546997,0,0.000581407546997,0,0,0
13.5,0,105.7,0,79.3769910314144,0,182.4,0,33.443262436097406,0,71.66765441894532,166430722.9238212,0,166430722.9238212,0,0,0
5.5,0,150.0,0,138.47,0,331.6,0,99.52063326580269,0,19260.67251300812,0.0098258018493652,0,0.0098258018493652,0,0,0
13.5,0,66.8,0,66.03999999999999,0,66.8,0,0.1743559577416269,0,0.1154560804367065,166429868.2631265,0,166429868.2631265,0,0,0
5.5,0,58.0,0,58.0,0,58.0,0,0.0,0,0.0,3.0994415283203125e-06,0,3.0994415283203125e-06,0,0,0
9.5,0,213.07,0,177.00326393983556,0,650.14,0,167.3708006348022,0,139.57466321706772,83243669.00900774,0,83243669.00900774,0,0,0
5.5,0,90.4,0,76.4897619047619,0,160.2,0,40.13908179382246,0,133.08426959514617,0.0123566150665283,0,0.0123566150665283,0,0,0
9.5,0,90.5,0,84.5840447915088,0,194.01,0,42.96935398884852,0,429.6527785181999,83242872.89584935,0,83242872.89584935,0,0,0
9.5,0,119.39,0,106.23672553182114,0,281.28,0,67.66814044717037,0,478.3219984579087,83243265.5309249,0,83243265.5309249,0,0,0
13.5,0,251.5,0,748.1135525439471,0,1514.0,0,669.5426948094403,0,45.74616684913635,166430973.8363224,0,166430973.8363224,0,0,0
13.5,0,58.0,0,58.0,0,58.0,0,0.0,0,0.0,166421303.9768466,0,166421303.9768466,0,0,0
9.5,0,150.07,0,125.75896724800826,0,311.46,0,76.45808387718014,0,435.6841925907135,83243510.88673833,0,83243510.88673833,0,0,0
5.5,0,91.3,0,100.59563492063492,0,160.8,0,43.890499187870205,0,170.76496198177338,0.0099443197250366,0,0.0099443197250366,0,0,0
13.5,0,529.1,0,243.87067911534623,0,2101.6,0,507.9582625437444,0,69.84160685539246,166428973.9101209,0,166428973.9101209,0,0,0
5.5,0,114.1,0,188.37765873015869,0,441.0,0,126.9280714645967,0,116.87910594940186,0.004141092300415,0,0.004141092300415,0,0,0
5.5,0,122.1,0,149.2817857142857,0,234.3,0,80.4655733913163,0,0.2226001262664795,0.0005313873291015,0,0.0005313873291015,0,0,0
9.5,0,87.84,0,87.01488223266242,0,216.95,0,49.79200421697517,0,67.13629819631576,83242614.15416446,0,83242614.15416446,0,0,0
13.5,0,144.7,0,120.71672870086572,0,286.2,0,78.60410356493244,0,478.1592471599579,166437899.0075751,0,166437899.0075751,0,0,0
5.5,0,70.0,0,62.21238095238096,0,116.6,0,23.26947833730065,0,352.47408547401426,0.0091135025024414,0,0.0091135025024414,0,0,0
9.5,0,103.05,0,99.58588383151074,0,233.36,0,53.14658751802315,0,101.69892903089524,83242822.09529419,0,83242822.09529419,0,0,0
13.5,0,54.0,0,54.0,0,54.0,0,0.0,0,0.0,166437957.6883754,0,166437957.6883754,0,0,0
13.5,0,110.6,0,77.16090107089332,0,212.4,0,41.91399299486625,0,275.5102248430252,166428973.00485292,0,166428973.00485292,0,0,0
13.5,0,58.0,0,58.0,0,58.0,0,0.0,0,0.0,166421318.2598091,0,166421318.2598091,0,0,0
13.5,0,126.7,0,74.06864452025442,0,194.1,0,38.98029596327717,0,55.14146602153778,166429243.59362268,0,166429243.59362268,0,0,0
13.5,0,119.8,0,115.2895507429447,0,261.8,0,63.08514765304337,0,73.78600687980652,166430621.6423049,0,166430621.6423049,0,0,0
5.5,0,136.8,0,185.82571428571424,0,441.0,0,135.01134615516003,0,0.8538425207138062,0.009812593460083,0,0.009812593460083,0,0,0
5.5,0,66.0,0,66.0,0,66.0,0,0.0,0,0.0464976549148559,2.470016479492188e-05,0,2.470016479492188e-05,0,0,0
5.5,0,72.2,0,61.35357142857144,0,91.0,0,11.816871580249074,0,15.392606115341186,0.0061191082000732,0,0.0061191082000732,0,0,0
13.5,0,296.5,0,171.81284212433596,0,392.0,0,127.28576180936396,0,226.46094121932984,166421322.02186498,0,166421322.02186498,0,0,0
13.5,0,115.3,0,101.33345019230856,0,317.0,0,67.70355050707848,0,448.8263525724411,166429811.4173177,0,166429811.4173177,0,0,0
5.5,0,54.0,0,54.0,0,54.0,0,0.0,0,0.0147386312484741,0.0003528833389282,0,0.0003528833389282,0,0,0
13.5,0,439.4,0,174.8237805817334,0,463.8,0,160.952959657778,0,405.2719955682754,166439273.8374979,0,166439273.8374979,0,0,0
5.5,0,90.3,0,72.01539682539683,0,120.2,0,16.947111410656714,0,0.2575081825256348,0.0036740064620971,0,0.0036740064620971,0,0,0
5.5,0,436.1,0,169.70853174603175,0,840.0,0,243.4129513503976,0,106.61710004806518,0.0007366895675659,0,0.0007366895675659,0,0,0
9.5,0,1308.44,0,1258.046386820953,0,2383.36,0,847.1125011226653,0,0.1084260249137878,83243082.57704955,0,83243082.57704955,0,0,0
5.5,0,92.9,0,86.95571428571428,0,138.0,0,33.351307934201785,0,131.13311626911164,0.030019187927246,0,0.030019187927246,0,0,0
13.5,0,127.3,0,203.3685314900098,0,791.0,0,233.60324717096785,0,3.709336304664612,166430831.02248418,0,166430831.02248418,0,0,0
13.5,0,790.0,0,667.0933338763059,0,1514.0,0,709.590852856844,0,42.79977178573608,166429228.3375662,0,166429228.3375662,0,0,0
5.5,0,98.2,0,73.32670634920636,0,108.6,0,15.505115021997437,0,117.12498474121094,0.0055689811706542,0,0.0055689811706542,0,0,0
5.5,0,58.0,0,58.0,0,58.0,0,0.0,0,0.0,3.409385681152344e-06,0,3.409385681152344e-06,0,0,0
5.5,0,505.2,0,299.08753968253967,0,936.8,0,380.4574240353173,0,19.184952664375302,0.0047753810882568,0,0.0047753810882568,0,0,0
13.5,0,58.0,0,57.46498287745966,0,58.0,0,1.3532424383706476,0,0.0,166421613.72941512,0,166421613.72941512,0,0,0
13.5,0,66.0,0,569.451112310462,0,3250.0,0,1053.6524241592213,0,580.1899839639664,166421052.8960333,0,166421052.8960333,0,0,0
13.5,0,104.0,0,115.70442310312669,0,441.0,0,102.19476960145133,0,106.59062020778656,166430706.5106592,0,166430706.5106592,0,0,0
5.5,0,444.4,0,437.9488888888888,0,2349.2,0,811.9102714005078,0,974.2151282787324,0.0151572942733764,0,0.0151572942733764,0,0,0
5.5,0,187.1,0,119.3613492063492,0,278.7,0,80.04444997215566,0,172.51839966773986,0.0078615188598632,0,0.0078615188598632,0,0,0
5.5,0,214.8,0,341.0888095238096,0,1259.9,0,451.82611827212247,0,2.819445395469665,0.0045680999755859,0,0.0045680999755859,0,0,0
9.5,0,126.65,0,111.64574398799516,0,351.07,0,87.69160044809182,0,69.71544239521026,83242470.32575603,0,83242470.32575603,0,0,0
13.5,0,92.6,0,200.00976881563568,0,1007.0,0,258.01813639877594,0,0.2213327169418334,166428982.22493538,0,166428982.22493538,0,0,0
5.5,0,1224.4,0,1348.2844444444445,0,2527.6,0,736.9447305977963,0,8.141390919685364,0.0036665201187133,0,0.0036665201187133,0,0,0
13.5,0,643.8,0,545.454339676921,0,2783.8,0,880.4853526873833,0,0.7199108362197876,166421124.18614537,0,166421124.18614537,0,0,0
13.5,0,347.2,0,99.65016310615768,0,679.4,0,154.44474928033583,0,1.6915849208831788,166430970.9492681,0,166430970.9492681,0,0,0
5.5,0,1796.0,0,2417.8284126984126,0,2922.0,0,760.7850572573071,0,40.4229665517807,0.0024671077728271,0,0.0024671077728271,0,0,0
5.5,0,58.0,0,58.0,0,58.0,0,0.0,0,0.0,8.900165557861328e-05,0,8.900165557861328e-05,0,0,0
13.5,0,55.6,0,55.904970255063134,0,58.0,0,1.989999952529375,0,0.0154110193252563,166421631.89400452,0,166421631.89400452,0,0,0
5.5,0,943.8,0,581.3480158730159,0,1106.6,0,493.0780641663332,0,30.95713303089142,0.0023791790008544,0,0.0023791790008544,0,0,0
5.5,0,54.0,0,54.0,0,54.0,0,0.0,0,0.6405926704406738,0.0022243976593017,0,0.0022243976593017,0,0,0
9.5,0,1753.04,0,1629.878103932574,0,2877.77,0,898.719880886006,0,0.5940562915802002,83242134.93626957,0,83242134.93626957,0,0,0
5.5,0,1636.8,0,1288.6966666666665,0,2208.0,0,723.6371058312872,0,0.8572425842285156,0.0001441955566406,0,0.0001441955566406,0,0,0
5.5,0,1375.6,0,1543.916507936508,0,2636.4,0,881.7038853264041,0,39.607791900634766,0.0057332038879394,0,0.0057332038879394,0,0,0
5.5,0,54.4,0,54.13444444444444,0,55.2,0,0.3779954377641713,0,0.4431262731552124,0.0005338907241821,0,0.0005338907241821,0,0,0
13.5,0,1126.1,0,844.3558731181099,0,1514.0,0,714.1937558466049,0,15.951107025146484,166430740.3766651,0,166430740.3766651,0,0,0
5.5,0,500.4,0,1048.7438095238094,0,2817.2,0,932.627317154848,0,5.407608413696289,0.0009700775146484,0,0.0009700775146484,0,0,0
5.5,0,1040.0,0,1218.9544444444443,0,5422.8,0,1884.504527873848,0,70.035506939888,0.0070302963256835,0,0.0070302963256835,0,0,0
5.5,0,93.2,0,76.40103174603175,0,122.9,0,18.579187230404536,0,134.18571915626526,0.0077847003936767,0,0.0077847003936767,0,0,0
13.5,0,58.0,0,57.197474316189485,0,58.0,0,1.5903798119214847,0,0.0,166439364.4342521,0,166439364.4342521,0,0,0
5.5,0,58.2,0,54.51444444444445,0,58.6,0,1.3909561608256549,0,0.5195818901062011,0.0089525938034057,0,0.0089525938034057,0,0,0
13.5,0,86.6,0,116.61014854469576,0,230.0,0,68.28153147188412,0,822.1177880287171,166428734.833907,0,166428734.833907,0,0,0
9.5,0,91.19,0,95.26985076292816,0,259.72,0,65.78142027194846,0,234.68724527597428,83243343.18885757,0,83243343.18885757,0,0,0
13.5,0,62.0,0,59.05952983677829,0,93.9,0,10.716371198676086,0,0.0098481893539428,166421703.2354464,0,166421703.2354464,0,0,0
9.5,0,106.48,0,98.26222348940188,0,265.87,0,56.743258356947536,0,238.6076673436165,83241807.27100262,0,83241807.27100262,0,0,0
5.5,0,374.2,0,138.63992063492066,0,452.0,0,139.4712933613442,0,106.85113868713378,0.010318899154663,0,0.010318899154663,0,0,0
5.5,0,58.0,0,58.0,0,58.0,0,0.0,0,0.0,3.0040740966796874e-06,0,3.0040740966796874e-06,0,0,0
5.5,0,76.8,0,73.73071428571427,0,113.8,0,16.415290316003375,0,44.561841464042665,0.0171309947967529,0,0.0171309947967529,0,0,0
13.5,0,356.0,0,215.1332373100756,0,1049.2,0,304.47168554871206,0,8.06830940246582,166430356.72174132,0,166430356.72174132,0,0,0
9.5,0,98.3,0,96.51252599357127,0,221.25,0,51.45127318198044,0,212.2929350304604,83242653.89705257,0,83242653.89705257,0,0,0
9.5,0,644.41,0,567.3110055743621,0,1622.61,0,567.2844774848685,0,19.59377883195877,83242458.68274081,0,83242458.68274081,0,0,0
13.5,0,99.2,0,86.25897066297995,0,158.0,0,38.56412907916733,0,89.73013408184052,166430721.1212642,0,166430721.1212642,0,0,0
5.5,0,509.9,0,164.19980158730158,0,566.4,0,162.74999967355907,0,3.237532305717468,0.0201205968856811,0,0.0201205968856811,0,0,0
9.5,0,122.07,0,113.16113761144256,0,228.06,0,61.92659340008797,0,420.1606256818772,83243681.38370036,0,83243681.38370036,0,0,0
9.5,0,192.18,0,252.0431423089294,0,908.12,0,253.13004152014005,0,332.16285615205766,83242929.50696096,0,83242929.50696096,0,0,0
13.5,0,122.1,0,173.5958938210912,0,253.0,0,91.16357215315688,0,0.0758798360824584,166439375.8259894,0,166439375.8259894,0,0,0
5.5,0,115.7,0,110.1995238095238,0,212.7,0,50.57924688394286,0,19.631317925453185,0.0140998840332031,0,0.0140998840332031,0,0,0
13.5,0,102.6,0,99.5886867552812,0,233.2,0,56.8689240687217,0,85.92902791500092,166421875.7794339,0,166421875.7794339,0,0,0
13.5,0,129.0,0,79.13837175466433,0,410.4,0,82.443536844394,0,0.0083055019378662,166421705.00280562,0,166421705.00280562,0,0,0
13.5,0,2093.6,0,1781.637054391257,0,5858.0,0,1635.4162101635982,0,27.201909589767457,166430285.6394735,0,166430285.6394735,0,0,0
13.5,0,58.0,0,58.53501712254034,0,66.0,0,1.9879812559804944,0,0.0,166438100.1106421,0,166438100.1106421,0,0,0
13.5,0,639.6,0,1054.079479555532,0,4434.0,0,1579.0488861431943,0,0.2639419794082641,166430885.4375256,0,166430885.4375256,0,0,0
13.5,0,90.4,0,126.7464435061842,0,441.0,0,106.0928043071207,0,30.52565333843232,166429728.6291196,0,166429728.6291196,0,0,0
13.5,0,157.4,0,171.8593223305762,0,406.8,0,127.02106533941078,0,524.3958265304566,166437942.6231423,0,166437942.6231423,0,0,0
5.5,0,138.5,0,119.7281746031746,0,248.0,0,72.29198743377216,0,107.45031793117523,0.0336091995239257,0,0.0336091995239257,0,0,0
5.5,0,581.6,0,489.3238888888889,0,923.4,0,376.3414318228132,0,19285.9829549551,0.0067190885543823,0,0.0067190885543823,0,0,0
5.5,0,95.9,0,81.39492063492062,0,146.2,0,29.94770034034764,0,191.4445823431015,0.025472092628479,0,0.025472092628479,0,0,0
9.5,0,108.2,0,101.12932143346848,0,239.78,0,55.223867748499934,0,424.1769661474228,83244307.9757335,0,83244307.9757335,0,0,0
5.5,0,299.3,0,147.24194444444444,0,395.4,0,129.96441095423825,0,38.77372167110443,0.0072857856750488,0,0.0072857856750488,0,0,0
5.5,0,58.0,0,58.0,0,58.0,0,0.0,0,0.0,1.208782196044922e-05,0,1.208782196044922e-05,0,0,0
9.5,0,184.04,0,126.06037053684187,0,447.29,0,109.78402140166288,0,332.2182300186157,83242687.51989435,0,83242687.51989435,0,0,0
13.5,0,66.0,0,66.0,0,66.0,0,0.0,0,4.4049506187438965,166438143.75120258,0,166438143.75120258,0,0,0
5.5,0,55.6,0,54.922539682539686,0,56.4,0,1.1412312494612056,0,0.0269261121749877,0.0017761945724487,0,0.0017761945724487,0,0,0
5.5,0,87.9,0,73.34813492063492,0,111.6,0,16.479036162115854,0,906.1928807020188,0.0125569820404052,0,0.0125569820404052,0,0,0
13.5,0,111.3,0,90.50924821308722,0,215.6,0,39.1848938208153,0,330.77475666999817,166421340.6263048,0,166421340.6263048,0,0,0
5.5,0,105.1,0,92.49575396825398,0,190.8,0,47.47121673019621,0,152.92162053585054,0.0162074089050292,0,0.0162074089050292,0,0,0
5.5,0,88.2,0,80.78119047619047,0,172.2,0,44.74348649626057,0,169.46656737327575,0.0057538986206054,0,0.0057538986206054,0,0,0
5.5,0,995.7,0,963.1609126984127,0,1368.4,0,569.2383246094676,0,44.86518218517303,0.0030339956283569,0,0.0030339956283569,0,0,0
13.5,0,1224.4,0,1163.0074653004374,0,3251.6,0,928.8635332983704,0,72.34327430725098,166430718.2144608,0,166430718.2144608,0,0,0
9.5,0,311.14,0,342.65482148523137,0,797.49,0,221.2698245231836,0,0.08074556350708,99890584.8911544,0,99890584.8911544,0,0,0
13.5,0,120.8,0,118.98595761264878,0,230.0,0,68.51927354302344,0,66.15033786296844,166428913.0574165,0,166428913.0574165,0,0,0
5.5,0,309.8,0,161.78448412698413,0,642.1,0,208.5291312553076,0,13675.90200943947,0.0183219194412231,0,0.0183219194412231,0,0,0
5.5,0,1466.9,0,1376.045595238095,0,1466.9,0,163.53171430635533,0,1.6462454080581663,0.0010494947433471,0,0.0010494947433471,0,0,0
13.5,0,125.0,0,121.40947471731911,0,230.0,0,61.92049408186946,0,735.265128493309,166421060.7945854,0,166421060.7945854,0,0,0
9.5,0,495.52,0,418.98604841142696,0,1304.08,0,346.4481206970259,0,128.1983696436882,83242916.1895724,0,83242916.1895724,0,0,0
5.5,0,449.8,0,216.7243650793651,0,629.6,0,198.84882190284105,0,99.199037027359,0.0126405000686645,0,0.0126405000686645,0,0,0
13.5,0,247.9,0,107.55331316516302,0,472.7,0,102.54889107815988,0,2.682480812072754,166430917.9669785,0,166430917.9669785,0,0,0
13.5,0,72.4,0,166.56961121695642,0,507.0,0,160.3098842980491,0,0.0150457382202148,166428869.25033382,0,166428869.25033382,0,0,0
13.5,0,105.2,0,82.61289875157522,0,170.8,0,26.88398956250701,0,20.97180309295654,166430207.361549,0,166430207.361549,0,0,0
5.5,0,58.0,0,58.0,0,58.0,0,0.0,0,0.0,3.6001205444335937e-06,0,3.6001205444335937e-06,0,0,0
13.5,0,202.3,0,142.40068770282005,0,995.0,0,230.8880589997181,0,227.4845430135727,166430268.4138687,0,166430268.4138687,0,0,0
5.5,0,147.7,0,207.5403968253968,0,441.0,0,139.0617661402585,0,67.87604460716247,0.0125492095947265,0,0.0125492095947265,0,0,0
5.5,0,343.6,0,737.5149206349206,0,1458.4,0,502.29923528884393,0,138.89080696105958,0.0014875173568725,0,0.0014875173568725,0,0,0
13.5,0,79.6,0,80.38837612937459,0,230.0,0,48.18018695305627,0,12.150888991355895,166430920.3882,0,166430920.3882,0,0,0
5.5,0,500.4,0,862.9171428571428,0,1514.0,0,560.3700830688193,0,1.9490389347076416,0.0011143922805786,0,0.0011143922805786,0,0,0
5.5,0,342.0,0,753.5428571428572,0,1494.0,0,523.1827228500134,0,0.6838037729263305,0.0001630067825317,0,0.0001630067825317,0,0,0
13.5,0,58.0,0,58.0,0,58.0,0,0.0,0,0.0,166438208.6345534,0,166438208.6345534,0,0,0
5.5,0,56.8,0,57.7411111111111,0,58.0,0,0.4818864772080827,0,0.1425446987152099,0.0008395910263061,0,0.0008395910263061,0,0,0
5.5,0,934.8,0,1350.927619047619,0,1514.0,0,252.56628176053616,0,1.582549023628235,0.0010042905807495,0,0.0010042905807495,0,0,0
13.5,0,127.6,0,119.3836076195906,0,441.0,0,105.24228099236052,0,209.56304683685303,166421670.87829238,0,166421670.87829238,0,0,0
5.5,0,170.4,0,158.89742063492065,0,419.0,0,127.0672163581609,0,85.07893362045289,0.0082168102264404,0,0.0082168102264404,0,0,0
13.5,0,184.5,0,141.0805490776853,0,404.3,0,115.85979477219924,0,7.379263520240784,166421729.40092772,0,166421729.40092772,0,0,0
13.5,0,1080.3,0,430.88716079586055,0,1394.5,0,525.8185866396019,0,91.96221017837524,166430326.34808668,0,166430326.34808668,0,0,0
13.5,0,1080.3,0,762.0708031360624,0,1803.6,0,725.2184745743374,0,1.4491343021392822,166430219.116982,0,166430219.116982,0,0,0
5.5,0,54.0,0,54.0,0,54.0,0,0.0,0,0.1202329635620117,0.0001849889755249,0,0.0001849889755249,0,0,0
5.5,0,97.9,0,78.71309523809524,0,148.0,0,29.929119453947475,0,0.5668725967407227,0.0130719900131225,0,0.0130719900131225,0,0,0
13.5,0,1233.4,0,950.03074261308,0,2962.0,0,875.0098145671469,0,3.638306140899658,166430832.0560378,0,166430832.0560378,0,0,0
5.5,0,157.4,0,124.3806746031746,0,356.1,0,105.65658169434514,0,465.7641665935517,0.0113909006118774,0,0.0113909006118774,0,0,0
13.5,0,120.0,0,195.74628097564627,0,1312.0,0,313.4150296127136,0,1607.1270447731015,166437954.30711833,0,166437954.30711833,0,0,0
13.5,0,57.6,0,56.35389600080002,0,58.0,0,2.4351045348313383,0,0.0067773103713989,166428625.7147091,0,166428625.7147091,0,0,0
5.5,0,58.0,0,58.0,0,58.0,0,0.0,0,0.0,3.6954879760742175e-06,0,3.6954879760742175e-06,0,0,0
9.5,0,108.71,0,99.1431317067006,0,220.0,0,49.03485886873522,0,38.42955005645752,83243535.4802511,0,83243535.4802511,0,0,0
5.5,0,113.1,0,131.14238095238096,0,189.3,0,59.40330833381428,0,38.66417465209961,0.0132544994354248,0,0.0132544994354248,0,0,0
13.5,0,66.0,0,502.038954870379,0,3322.0,0,1101.3269610184004,0,0.093394136428833,166437860.86270392,0,166437860.86270392,0,0,0
13.5,0,319.9,0,352.84739487378806,0,3322.0,0,802.711423114854,0,171.25183215141297,166430939.3762938,0,166430939.3762938,0,0,0
13.5,0,138.8,0,112.84291679553677,0,441.0,0,103.02668640130769,0,17.528963565826416,166430689.2923488,0,166430689.2923488,0,0,0
13.5,0,67.6,0,429.222726174754,0,1514.0,0,576.6456911884452,0,33.449270725250244,166429228.20080167,0,166429228.20080167,0,0,0
5.5,0,64.0,0,72.79825396825397,0,90.0,0,12.936062216309784,0,0.0615105628967285,0.0067697048187255,0,0.0067697048187255,0,0,0
9.5,0,191.91,0,138.7496385967404,0,509.75,0,131.21201170578354,0,358.6217098879814,83242207.39801277,0,83242207.39801277,0,0,0
5.5,0,78.8,0,62.631587301587295,0,90.8,0,13.759879312471986,0,15.62203085422516,0.0193332910537719,0,0.0193332910537719,0,0,0
5.5,0,65.0,0,66.05198412698412,0,131.0,0,27.506670385309445,0,77.31215786933899,0.0006998062133789,0,0.0006998062133789,0,0,0
5.5,0,107.5,0,100.8528968253968,0,293.0,0,77.58961732164441,0,21.28932626247406,0.0059149026870727,0,0.0059149026870727,0,0,0
5.5,0,100.0,0,109.20476190476192,0,242.4,0,70.58909201903204,0,119.02677187919616,0.0080301046371459,0,0.0080301046371459,0,0,0
13.5,0,95.6,0,92.92472886805317,0,214.0,0,47.42196576674344,0,194.9102859973908,166428862.0006926,0,166428862.0006926,0,0,0
5.5,0,54.0,0,54.0,0,54.0,0,0.0,0,0.0508565664291381,0.000101900100708,0,0.000101900100708,0,0,0
13.5,0,63.8,0,85.55382554150356,0,156.0,0,38.56850652321073,0,27.274075412750243,166437421.73511922,0,166437421.73511922,0,0,0
13.5,0,58.0,0,58.73564854349297,0,93.0,0,9.327047632666,0,0.0,166430420.23961818,0,166430420.23961818,0,0,0
9.5,0,164.03,0,169.4762927190199,0,425.48,0,126.43308228441136,0,81.12513767719268,83241826.99665032,0,83241826.99665032,0,0,0
13.5,0,58.0,0,58.0,0,58.0,0,0.0,0,0.0,166437990.63139462,0,166437990.63139462,0,0,0
13.5,0,64.0,0,71.6865446481623,0,204.0,0,37.73481174435716,0,7.870475697517395,166421705.0070337,0,166421705.0070337,0,0,0
9.5,0,326.72,0,257.9082674929989,0,760.5,0,261.9714611793191,0,9.708208215236665,83241467.92792238,0,83241467.92792238,0,0,0
5.5,0,57.6,0,57.91555555555556,0,58.0,0,0.2457078722109417,0,0.0005375862121582,0.000408387184143,0,0.000408387184143,0,0,0
5.5,0,54.4,0,55.17158730158731,0,58.0,0,1.3888043677822106,0,0.0432711124420166,9.090900421142578e-05,0,9.090900421142578e-05,0,0,0
13.5,0,90.0,0,97.76468528246778,0,441.0,0,98.9531475239578,0,649.7345074415207,166428897.2367178,0,166428897.2367178,0,0,0
5.5,0,58.0,0,58.0,0,58.0,0,0.0,0,0.0,2.1910667419433595e-05,0,2.1910667419433595e-05,0,0,0
13.5,0,1707.3,0,640.7167466760965,0,2410.7,0,755.6393902909473,0,45.85313484668732,166430286.34926358,0,166430286.34926358,0,0,0
13.5,0,58.8,0,66.68412994126616,0,146.0,0,25.640924369713183,0,82.71395750045777,166421786.7989446,0,166421786.7989446,0,0,0
5.5,0,106.7,0,85.68726190476191,0,149.6,0,29.46019063576573,0,30.704291343688965,0.0140746116638183,0,0.0140746116638183,0,0,0
13.5,0,163.7,0,815.8453104794241,0,1514.0,0,677.9802023138548,0,19.044755244255064,166430628.4646347,0,166430628.4646347,0,0,0
9.5,0,73.7,0,71.47285550680829,0,159.52,0,30.36425860958574,0,411.6353538870811,83243241.92123505,0,83243241.92123505,0,0,0
5.5,0,61.2,0,63.14412698412699,0,70.4,0,5.870466560055209,0,73.02046916484832,0.0041266918182373,0,0.0041266918182373,0,0,0
5.5,0,143.5,0,90.81075396825398,0,233.0,0,53.44545218801655,0,78.01017186641693,0.0049520015716552,0,0.0049520015716552,0,0,0
13.5,0,57.6,0,57.832957639196025,0,58.0,0,0.6618568113922814,0,0.00381920337677,166421594.01307863,0,166421594.01307863,0,0,0
13.5,0,124.6,0,108.024621399842,0,252.2,0,59.77351854582995,0,91.39937179088592,166429253.1119988,0,166429253.1119988,0,0,0
5.5,0,54.0,0,54.0,0,54.0,0,0.0,0,0.0293251752853393,0.0001734018325805,0,0.0001734018325805,0,0,0
5.5,0,1042.8,0,2113.0161904761903,0,3322.0,0,1084.758318843947,0,0.0767705678939819,0.0010584831237792,0,0.0010584831237792,0,0,0
13.5,0,138.6,0,136.4481896590681,0,414.0,0,103.17604844857571,0,13699.433138108254,166428629.28138512,0,166428629.28138512,0,0,0
13.5,0,136.9,0,138.3735598495931,0,573.0,0,128.9671622360965,0,229.8191195487976,166438217.0102285,0,166438217.0102285,0,0,0
5.5,0,69.4,0,61.2956746031746,0,86.0,0,12.29533623701026,0,48.92434992790222,0.0113570928573608,0,0.0113570928573608,0,0,0
9.5,0,154.55,0,140.5455636010017,0,580.15,0,144.81713414836983,0,291.8507863306999,83242672.20649686,0,83242672.20649686,0,0,0
5.5,0,215.6,0,242.7669444444444,0,253.0,0,21.438776259910448,0,0.0416591167449951,0.0002845048904418,0,0.0002845048904418,0,0,0
5.5,0,132.5,0,175.91305555555556,0,317.0,0,88.45583836092668,0,79.61366243362427,0.0144006967544555,0,0.0144006967544555,0,0,0
5.5,0,144.4,0,156.06944444444446,0,305.6,0,87.73680412485115,0,1955.7496136188504,0.040571904182434,0,0.040571904182434,0,0,0
5.5,0,104.7,0,178.58980158730157,0,441.0,0,129.0108290554433,0,0.0689728736877441,0.0030603170394897,0,0.0030603170394897,0,0,0
13.5,0,2065.2,0,1449.435600290662,0,2922.0,0,1077.5098507666953,0,0.687099814414978,166421097.4264962,0,166421097.4264962,0,0,0
9.5,0,182.56,0,177.52337076812077,0,639.72,0,176.80174870366682,0,209.7401771211624,83243441.14946924,0,83243441.14946924,0,0,0
13.5,0,2238.0,0,741.5550954326033,0,3686.0,0,1055.7577813935957,0,1.9450214147567748,166439384.08325928,0,166439384.08325928,0,0,0
5.5,0,718.8,0,582.5771428571428,0,2347.6,0,945.6925271420434,0,0.0035585880279541,0.0004576921463012,0,0.0004576921463012,0,0,0
9.5,0,186.22,0,177.93589164082383,0,703.73,0,202.36711685375275,0,292.6977182841301,83242724.50586918,0,83242724.50586918,0,0,0
13.5,0,1233.4,0,348.0758883350912,0,1957.4,0,532.25947378648,0,95.2680614233017,166429225.1279192,0,166429225.1279192,0,0,0
13.5,0,80.8,0,93.98645895298372,0,214.0,0,43.616856082959984,0,19.87060070037841,166430960.46473283,0,166430960.46473283,0,0,0
13.5,0,3121.8,0,925.7199700669128,0,3714.2,0,1386.238810507818,0,539.3592700958252,166437957.47138178,0,166437957.47138178,0,0,0
5.5,0,82.2,0,82.98420634920635,0,131.4,0,20.50497246904886,0,6842.908342909813,0.0035418033599853,0,0.0035418033599853,0,0,0
13.5,0,54.0,0,54.267508561270176,0,58.0,0,0.9939906279902472,0,0.5868313312530518,166438098.8170447,0,166438098.8170447,0,0,0
9.5,0,155.72,0,122.75315325923648,0,377.72,0,91.85103625059146,0,324.8283188199997,83242979.80262193,0,83242979.80262193,0,0,0
13.5,0,105.0,0,111.89077345599016,0,249.2,0,65.85752162419216,0,295.881636929512,166439277.0891282,0,166439277.0891282,0,0,0
13.5,0,120.4,0,99.89769076339896,0,387.2,0,79.37561385835315,0,95.85151295661926,166429130.40339488,0,166429130.40339488,0,0,0
5.5,0,58.0,0,58.0,0,58.0,0,0.0,0,0.0,0.0001518964767456,0,0.0001518964767456,0,0,0
13.5,0,57.6,0,55.05740582602812,0,57.6,0,1.563938354321132,0,0.0009777069091796,166429244.8702436,0,166429244.8702436,0,0,0
9.5,0,382.6,0,345.2387367408564,0,1142.01,0,403.9760428587128,0,64.84775264024735,83241601.19835943,0,83241601.19835943,0,0,0
9.5,0,115.39,0,103.34612787955936,0,262.44,0,59.90838599271933,0,193.27965580224992,83243195.78893605,0,83243195.78893605,0,0,0
5.5,0,1694.0,0,2001.6403174603176,0,2996.4,0,1338.1756528402566,0,0.0749084711074829,2.6011466979980467e-05,0,2.6011466979980467e-05,0,0,0
9.5,0,190.66,0,197.3293993383637,0,677.59,0,193.71739914157865,0,40.2390490102768,83241823.03158548,0,83241823.03158548,0,0,0
13.5,0,638.3,0,1733.2750431439904,0,2922.0,0,1328.4156691629464,0,2.8511850357055666,166430373.3999162,0,166430373.3999162,0,0,0
9.5,0,130.84,0,129.50822524504218,0,354.11,0,94.62370311762984,0,566.4735833954811,83243700.03320798,0,83243700.03320798,0,0,0
13.5,0,90.2,0,123.68197526888316,0,573.0,0,134.8135851680615,0,968.6012192487716,166437904.2356863,0,166437904.2356863,0,0,0
9.5,0,1197.12,0,1083.2337828875632,0,3332.64,0,1184.2382661353884,0,0.5801919889450073,83243082.10828263,0,83243082.10828263,0,0,0
13.5,0,58.0,0,58.0,0,58.0,0,0.0,0,0.0,166430303.1637439,0,166430303.1637439,0,0,0
5.5,0,70.4,0,61.85507936507937,0,119.6,0,21.23661748856589,0,302.5344680070877,0.0031345844268798,0,0.0031345844268798,0,0,0
5.5,0,58.0,0,58.0,0,58.0,0,0.0,0,0.0,3.0994415283203125e-06,0,3.0994415283203125e-06,0,0,0
9.5,0,137.47,0,144.89849477332953,0,320.87,0,87.92033682805922,0,185.6459410357476,83242721.15049513,0,83242721.15049513,0,0,0
5.5,0,143.8,0,108.38460317460316,0,256.4,0,63.41478280330677,0,1456.7226930856705,0.011245584487915,0,0.011245584487915,0,0,0
5.5,0,2208.0,0,2335.613333333333,0,2922.0,0,635.8995560576504,0,0.3400583505630493,0.0003575086593627,0,0.0003575086593627,0,0,0
5.5,0,75.7,0,81.42265873015874,0,101.0,0,13.318938694599884,0,12.570671653747558,0.0194279909133911,0,0.0194279909133911,0,0,0
13.5,0,120.5,0,70.2507930906383,0,277.3,0,54.05867024615844,0,56.51624782085419,166438014.1517306,0,166438014.1517306,0,0,0
13.5,0,139.2,0,138.81923556190972,0,391.4,0,108.42416900821722,0,3489.695659708977,166439112.6312222,0,166439112.6312222,0,0,0
13.5,0,83.2,0,70.93670873373273,0,131.2,0,22.06378354426948,0,257.39217071533204,166428861.92142898,0,166428861.92142898,0,0,0
13.5,0,118.8,0,111.89319251225211,0,253.0,0,64.7479125005573,0,88.34247784614563,166430291.79520008,0,166430291.79520008,0,0,0
13.5,0,58.0,0,58.0,0,58.0,0,0.0,0,0.0202637434005737,166430702.2216599,0,166430702.2216599,0,0,0
5.5,0,70.8,0,59.63781746031746,0,84.1,0,9.50312736766664,0,74.79417231082917,0.0017820119857788,0,0.0017820119857788,0,0,0
13.5,0,86.3,0,303.08911753451224,0,3322.0,0,805.579853794735,0,0.0555920839309692,166421597.3138389,0,166421597.3138389,0,0,0
9.5,0,170.75,0,177.0114149584076,0,770.7,0,205.1020855936401,0,370.1406577825546,83243209.52277392,0,83243209.52277392,0,0,0
5.5,0,934.0,0,444.9282539682539,0,934.8,0,413.0607688431889,0,53.18470757007599,0.0006999015808105,0,0.0006999015808105,0,0,0
5.5,0,225.3,0,191.37464285714285,0,835.0,0,255.5500768851491,0,89.99916768074036,0.0089014053344726,0,0.0089014053344726,0,0,0
5.5,0,1046.0,0,282.64158730158726,0,1048.4,0,392.7993427623922,0,0.0505747079849243,0.0018991947174072,0,0.0018991947174072,0,0,0
13.5,0,93.6,0,63.39103227525828,0,121.2,0,17.351032011512242,0,243.3658187866211,166421871.3131594,0,166421871.3131594,0,0,0
5.5,0,2962.0,0,3350.719047619047,0,4410.0,0,972.5051255025562,0,0.2105231285095214,0.0002660036087036,0,0.0002660036087036,0,0,0
13.5,0,67.0,0,58.25769908625946,0,93.0,0,8.980292440659872,0,16.765337800979616,166430719.36637133,0,166430719.36637133,0,0,0
5.5,0,103.8,0,96.17103174603172,0,178.4,0,46.95396797266989,0,82.7108882188797,0.0077538967132568,0,0.0077538967132568,0,0,0
13.5,0,82.6,0,94.6275530089965,0,317.0,0,65.51620894623068,0,76.40602142810822,166430666.4416955,0,166430666.4416955,0,0,0
5.5,0,106.1,0,109.51321428571428,0,241.4,0,58.39426328115815,0,0.1030554294586181,0.0092883110046386,0,0.0092883110046386,0,0,0
9.5,0,108.43,0,121.908483074545,0,281.51,0,72.90296036787038,0,67.8556254887581,83242646.70533144,0,83242646.70533144,0,0,0
5.5,0,79.9,0,95.2697222222222,0,156.0,0,33.82980518949402,0,4.714053893089295,0.0343969106674194,0,0.0343969106674194,0,0,0
5.5,0,125.3,0,144.16464285714284,0,201.9,0,61.52889555854914,0,0.1620120525360107,0.0101636886596679,0,0.0101636886596679,0,0,0
13.5,0,54.0,0,54.80252568381052,0,66.0,0,2.9819718839707416,0,1.0282933473587037,166430337.16433212,0,166430337.16433212,0,0,0
13.5,0,205.2,0,112.62084726676832,0,323.7,0,82.73000553189209,0,14.29194643497467,166430942.6285717,0,166430942.6285717,0,0,0
9.5,0,86.02,0,83.60614570774943,0,241.41,0,55.84303659104428,0,590.5035191750526,83244020.41098289,0,83244020.41098289,0,0,0
5.5,0,717.2,0,308.78984126984125,0,1368.4,0,445.4791998199848,0,0.0582823753356933,0.001172399520874,0,0.001172399520874,0,0,0
13.5,0,1224.4,0,353.723575712643,0,1992.8,0,541.3462723456208,0,9.012940692901612,166430885.2288831,0,166430885.2288831,0,0,0
13.5,0,166.2,0,190.702849209614,0,598.0,0,169.84375070827656,0,137.57486169338227,166429848.2068419,0,166429848.2068419,0,0,0
13.5,0,118.0,0,132.89668103396428,0,228.8,0,67.82518665800698,0,917.637687921524,166428735.2013545,0,166428735.2013545,0,0,0
5.5,0,83.1,0,60.98412698412699,0,100.3,0,18.10601861310818,0,0.2113816738128662,0.0085996866226196,0,0.0085996866226196,0,0,0
5.5,0,159.5,0,216.12686507936505,0,253.0,0,50.59208070029741,0,0.0985023260116577,0.0001804828643798,0,0.0001804828643798,0,0,0
9.5,0,118.86,0,111.14373618031432,0,309.52,0,76.92215658795119,0,225.21003627300263,83242728.70051995,0,83242728.70051995,0,0,0
13.5,0,58.0,0,58.0,0,58.0,0,0.0,0,0.0,166430282.9135831,0,166430282.9135831,0,0,0
13.5,0,58.0,0,58.0,0,58.0,0,0.0,0,0.0121761083602905,166429069.57098258,0,166429069.57098258,0,0,0
5.5,0,64.2,0,65.17547619047619,0,125.4,0,25.506185266377848,0,10.569362354278564,0.0009818077087402,0,0.0009818077087402,0,0,0
13.5,0,1369.2,0,546.2209024648382,0,1501.1,0,628.5320231391441,0,41.39249465465546,166430868.1729613,0,166430868.1729613,0,0,0
9.5,0,146.91,0,141.497020426426,0,322.54,0,91.55612446252378,0,20.585758049488067,83242157.24942167,0,83242157.24942167,0,0,0
13.5,0,83.6,0,471.8235441278708,0,2962.0,0,819.0192575054355,0,0.0471723079681396,166430846.2168478,0,166430846.2168478,0,0,0
9.5,0,980.84,0,1053.5608548500004,0,2621.2,0,908.4126353722792,0,0.6052021527290344,83243082.14446414,0,83243082.14446414,0,0,0
9.5,0,2476.56,0,2449.1228248122284,0,2824.0,0,767.600270058796,0,19.497571597099306,83242130.85680103,0,83242130.85680103,0,0,0
5.5,0,104.5,0,132.01527777777778,0,235.4,0,75.39591723591846,0,53.40791132450104,0.0008613109588623,0,0.0008613109588623,0,0,0
9.5,0,180.2,0,158.52100520265768,0,628.26,0,163.2220975785331,0,177.5060117816925,83243112.3529507,0,83243112.3529507,0,0,0
5.5,0,56.4,0,55.67857142857143,0,57.2,0,1.560639806510662,0,0.0684551000595092,0.0034710884094238,0,0.0034710884094238,0,0,0
5.5,0,55.0,0,54.2515873015873,0,55.8,0,0.6029052955281163,0,0.3600134134292602,0.0028028964996337,0,0.0028028964996337,0,0,0
13.5,0,717.2,0,971.2832143329666,0,3322.0,0,1456.833487414843,0,0.032438325881958,166428983.3250936,0,166428983.3250936,0,0,0
5.5,0,86.6,0,70.04492063492063,0,96.8,0,9.485937210659005,0,4.169944763183594,0.0017545223236083,0,0.0017545223236083,0,0,0
9.5,0,1024.24,0,842.5071869148222,0,1632.04,0,481.21206648443285,0,33.50650358915329,83243440.38884023,0,83243440.38884023,0,0,0
13.5,0,85.0,0,122.77584046930022,0,441.0,0,106.368817535469,0,125.89481558799744,166439268.90801567,0,166439268.90801567,0,0,0
5.5,0,654.1,0,603.8345634920636,0,2067.6,0,750.8424273558918,0,0.1902135133743286,0.0019634962081909,0,0.0019634962081909,0,0,0
13.5,0,100.3,0,91.1066537401367,0,441.0,0,94.64081920400729,0,0.0568381309509277,166421648.596354,0,166421648.596354,0,0,0
5.5,0,58.0,0,58.0,0,58.0,0,0.0,0,0.0,2.2196769714355467e-05,0,2.2196769714355467e-05,0,0,0
5.5,0,134.4,0,163.48805555555555,0,344.0,0,106.76522003410167,0,153.1528871774673,0.0228916883468627,0,0.0228916883468627,0,0,0
5.5,0,147.3,0,213.71146825396823,0,441.0,0,124.8171167940699,0,11.323851156234742,0.0110280990600585,0,0.0110280990600585,0,0,0
5.5,0,58.0,0,58.0,0,58.0,0,0.0,0,0.0,3.6001205444335937e-06,0,3.6001205444335937e-06,0,0,0
5.5,0,3106.8,0,5370.793968253969,0,11650.0,0,3110.651785151625,0,10.857362246513366,0.0017744064331054,0,0.0017744064331054,0,0,0
9.5,0,401.1,0,431.1915020035864,0,1403.93,0,475.0259778800607,0,109.29340812683104,83241654.6207721,0,83241654.6207721,0,0,0
13.5,0,80.4,0,841.5382657847828,0,1514.0,0,706.6871782517871,0,16.400337791442873,166430846.06032678,0,166430846.06032678,0,0,0
5.5,0,717.2,0,1159.344126984127,0,2996.4,0,1345.7742677775302,0,16.213983869552614,0.0004600048065185,0,0.0004600048065185,0,0,0
13.5,0,110.1,0,1283.3266259626166,0,4410.0,0,1614.2178218370364,0,233.43031313419343,166439180.32845348,0,166439180.32845348,0,0,0
13.5,0,127.6,0,108.8463245337394,0,297.8,0,79.79643354563356,0,11.161428356170656,166428992.7181806,0,166428992.7181806,0,0,0
13.5,0,763.0,0,437.51749990979096,0,1514.0,0,571.7851686732781,0,23.37639191150665,166430815.93215072,0,166430815.93215072,0,0,0
13.5,0,1514.0,0,1320.323801640396,0,1514.0,0,489.8737626901744,0,1.7445970058441165,166430352.26489228,0,166430352.26489228,0,0,0
9.5,0,94.14,0,100.6001703735721,0,234.9,0,57.64444173207601,0,77.57226792573928,83243596.27200499,0,83243596.27200499,0,0,0
13.5,0,81.8,0,71.20230822153424,0,119.6,0,16.157421849958457,0,26.390170788764955,166429242.9644333,0,166429242.9644333,0,0,0
13.5,0,143.8,0,144.68283244318462,0,344.0,0,91.2954941027127,0,195.77101299762725,166438084.14411193,0,166438084.14411193,0,0,0
5.5,0,83.1,0,78.62988095238096,0,214.2,0,55.21747815084029,0,546.0995969772339,0.0124436140060424,0,0.0124436140060424,0,0,0
9.5,0,128.96,0,173.67907431096594,0,463.69,0,121.16316125648729,0,1.3367772316932678,83242129.02973735,0,83242129.02973735,0,0,0
5.5,0,91.1,0,78.43261904761906,0,148.4,0,29.62779725808094,0,70.78977913856507,0.0092575073242187,0,0.0092575073242187,0,0,0
13.5,0,149.5,0,1160.9664233169651,0,3322.0,0,1517.2174978253915,0,182.30348734855653,166439288.83314192,0,166439288.83314192,0,0,0
5.5,0,75.0,0,69.025,0,93.0,0,8.504897349693854,0,3.524680685997009,0.0065154075622558,0,0.0065154075622558,0,0,0
5.5,0,1693.5,0,1628.8780555555556,0,2636.4,0,987.5718001500863,0,0.4482960700988769,0.000134801864624,0,0.000134801864624,0,0,0
13.5,0,239.1,0,146.81819375928507,0,386.1,0,117.56399969917793,0,77.68006577491761,166437973.4006129,0,166437973.4006129,0,0,0
5.5,0,65.8,0,74.90182539682539,0,145.8,0,34.93473744875053,0,25.93974950313568,0.0031142950057983,0,0.0031142950057983,0,0,0
13.5,0,58.0,0,58.0,0,58.0,0,0.0,0,0.0,166437973.586566,0,166437973.586566,0,0,0
5.5,0,57.6,0,57.42841269841269,0,58.0,0,1.1888043677822109,0,0.0005251884460449,2.4509429931640624e-05,0,2.4509429931640624e-05,0,0,0
9.5,0,110.86,0,113.43959587192133,0,286.29,0,68.72579322204857,0,309.8003396725655,83243617.72078227,0,83243617.72078227,0,0,0
5.5,0,66.0,0,66.0,0,66.0,0,0.0,0,0.1318739652633667,0.0009023904800415,0,0.0009023904800415,0,0,0
13.5,0,115.4,0,87.00459982011452,0,243.0,0,52.05396489729857,0,121.33203125,166429094.78798062,0,166429094.78798062,0,0,0
13.5,0,88.6,0,941.2445543182306,0,6062.0,0,1585.1473886239985,0,11.77390546798706,166439297.1090755,0,166439297.1090755,0,0,0
5.5,0,58.0,0,58.0,0,58.0,0,0.0,0,0.0,4.911422729492188e-06,0,4.911422729492188e-06,0,0,0
9.5,0,117.08,0,103.025947616496,0,266.98,0,68.09741267174039,0,215.55070610761643,83244226.05285919,0,83244226.05285919,0,0,0
13.5,0,2093.2,0,1861.880550750849,0,2962.0,0,626.4470297131503,0,1.1294108390808106,166428661.0873083,0,166428661.0873083,0,0,0
13.5,0,57.2,0,449.0564815421936,0,1494.0,0,626.3611118510264,0,0.1794260025024414,166421738.4290101,0,166421738.4290101,0,0,0
13.5,0,146.8,0,130.38615404504338,0,317.0,0,80.43064364198185,0,418.77674689292905,166438027.9762928,0,166438027.9762928,0,0,0
13.5,0,121.1,0,125.3650118612038,0,230.0,0,62.3694544142841,0,4.37053234577179,166430303.80373532,0,166430303.80373532,0,0,0
5.5,0,63.9,0,62.63730158730158,0,67.1,0,4.971627309450535,0,156.1622401714325,0.0069965839385986,0,0.0069965839385986,0,0,0
9.5,0,1210.6,0,1187.0887145151032,0,2620.68,0,980.0583626934874,0,0.662523798942566,83243082.36029308,0,83243082.36029308,0,0,0
5.5,0,107.9,0,94.77281746031746,0,185.2,0,46.26008758952796,0,15.83067193031311,0.017597484588623,0,0.017597484588623,0,0,0
13.5,0,91.5,0,87.15771815903395,0,317.0,0,66.2264359434126,0,97.7042717218399,166428755.40270922,0,166428755.40270922,0,0,0
13.5,0,56.8,0,63.99124895400437,0,151.0,0,24.35354192926017,0,0.0553652763366699,166430303.05057067,0,166430303.05057067,0,0,0
9.5,0,316.68,0,383.6661714989087,0,1182.58,0,427.9605266308975,0,150.2469326233864,83241606.4483173,0,83241606.4483173,0,0,0
13.5,0,54.0,0,54.0,0,54.0,0,0.0,0,0.0,166429069.5597823,0,166429069.5597823,0,0,0
13.5,0,71.4,0,106.11736878747328,0,441.0,0,101.37750920742208,0,33.85693838596344,166430213.5991731,0,166430213.5991731,0,0,0
5.5,0,83.4,0,84.24039682539684,0,138.8,0,25.94277006140496,0,109.43657841682436,0.0229270935058593,0,0.0229270935058593,0,0,0
9.5,0,117.02,0,110.51611571907624,0,318.29,0,81.06660320754499,0,363.7564042210579,83244014.33162573,0,83244014.33162573,0,0,0
9.5,0,119.04,0,133.01171044693183,0,313.19,0,85.83414404971786,0,334.7711791419983,83244308.81515001,0,83244308.81515001,0,0,0
5.5,0,101.6,0,128.3021031746032,0,291.9,0,84.64894089962124,0,82.20833525657653,0.0154220104217529,0,0.0154220104217529,0,0,0
13.5,0,122.3,0,109.93366793809903,0,369.4,0,80.76885551146458,0,38.17400553226471,166421654.12647158,0,166421654.12647158,0,0,0
13.5,0,83.4,0,106.41263335563644,0,344.0,0,79.71912963752922,0,154.157150888443,166428901.6264407,0,166428901.6264407,0,0,0
13.5,0,1369.2,0,969.3401694899528,0,1514.0,0,697.7490993241998,0,8.325044131278991,166430924.5615709,0,166430924.5615709,0,0,0
9.5,0,105.41,0,107.05396615299904,0,233.67,0,56.37209440571117,0,195.0521078133583,83243489.86305684,0,83243489.86305684,0,0,0
5.5,0,574.5,0,310.17011904761904,0,2103.2,0,659.547144391697,0,0.0522201061248779,0.0015226125717163,0,0.0015226125717163,0,0,0
13.5,0,107.3,0,107.5908956978694,0,214.0,0,52.85925352338811,0,89.66360216140747,166430657.148528,0,166430657.148528,0,0,0
5.5,0,66.9,0,70.51583333333333,0,77.0,0,5.601640844157388,0,7.347636747360229,0.0112182855606079,0,0.0112182855606079,0,0,0
13.5,0,132.2,0,98.19100070251388,0,230.0,0,59.47087929358322,0,507.4330650568008,166428979.8638547,0,166428979.8638547,0,0,0
13.5,0,56.0,0,57.40955542221796,0,58.0,0,1.345440544235231,0,0.0254430294036865,166430629.02650273,0,166430629.02650273,0,0,0
13.5,0,56.8,0,56.00063377283192,0,59.6,0,2.185166198621026,0,1.1638446569442749,166430755.22086927,0,166430755.22086927,0,0,0
5.5,0,513.6,0,192.72015873015872,0,563.4,0,192.5097768268352,0,46.52831597328186,0.0065461874008178,0,0.0065461874008178,0,0,0
13.5,0,97.9,0,80.75653799932437,0,181.2,0,37.83813090574345,0,268.7525385856628,166438210.75606722,0,166438210.75606722,0,0,0
9.5,0,80.89,0,79.09317011407066,0,190.04,0,41.2731192010432,0,130.64038788795472,83243871.16525055,0,83243871.16525055,0,0,0
9.5,0,144.65,0,113.245379072381,0,394.51,0,96.34288841517504,0,57.892463419437405,83242815.46422814,0,83242815.46422814,0,0,0
13.5,0,2048.9,0,1715.4270325649582,0,2922.0,0,1211.4208284269023,0,522.7131067991256,166437941.4841234,0,166437941.4841234,0,0,0
13.5,0,95.3,0,94.16936726800893,0,211.8,0,41.96449654529043,0,184.99607219696043,166421128.72037,0,166421128.72037,0,0,0
13.5,0,79.9,0,107.27023060487844,0,317.0,0,76.50214705182808,0,66.9351437330246,166437974.7698354,0,166437974.7698354,0,0,0
5.5,0,58.0,0,58.0,0,58.0,0,0.0,0,0.0,3.139972686767578e-05,0,3.139972686767578e-05,0,0,0
5.5,0,93.6,0,77.66515873015874,0,133.2,0,23.07006320057267,0,185.2106098651886,0.0564357995986938,0,0.0564357995986938,0,0,0
5.5,0,56.4,0,59.29619047619048,0,66.0,0,3.442377471286258,0,20.812425279617308,0.0007657051086425,0,0.0007657051086425,0,0,0
13.5,0,85.7,0,114.5338862066726,0,441.0,0,98.00618361540558,0,9.4199933052063,166428900.84455228,0,166428900.84455228,0,0,0
5.5,0,881.9,0,970.0891666666666,0,1514.0,0,472.5675871417652,0,84.20914998054505,0.0096405029296875,0,0.0096405029296875,0,0,0
13.5,0,1368.4,0,1191.48470701641,0,3322.0,0,1475.8623791611456,0,0.1274281024932861,166428842.2477284,0,166428842.2477284,0,0,0
13.5,0,159.5,0,102.08129449111262,0,244.2,0,53.49491156331128,0,157.77059700489045,166430426.6318171,0,166430426.6318171,0,0,0
5.5,0,100.4,0,65.74277777777777,0,143.4,0,28.837967124999047,0,46.48282444477081,0.0064396858215332,0,0.0064396858215332,0,0,0
13.5,0,922.8,0,553.0068071887692,0,1494.0,0,671.7253796300297,0,41.24446363449097,166429021.73999062,0,166429021.73999062,0,0,0
13.5,0,58.0,0,58.0,0,58.0,0,0.0,0,0.0,166421099.0761949,0,166421099.0761949,0,0,0
13.5,0,212.8,0,503.1308896981071,0,3447.0,0,925.1066189947472,0,14.748300862312316,166439367.1424321,0,166439367.1424321,0,0,0
5.5,0,539.2,0,203.7784126984127,0,577.8,0,197.23727606492085,0,80.4745941400528,0.0186860799789428,0,0.0186860799789428,0,0,0
13.5,0,101.3,0,96.7475256253894,0,390.6,0,82.60880367472319,0,5.287623476982117,166438173.2537179,0,166438173.2537179,0,0,0
5.5,0,64.4,0,61.31365079365079,0,64.4,0,5.5552174711288425,0,1.4140275955200194,0.0013290166854858,0,0.0013290166854858,0,0,0
9.5,0,419.76,0,495.93543112846913,0,1518.12,0,411.0506351409095,0,23.859403681755065,83243334.36985552,0,83243334.36985552,0,0,0
13.5,0,114.0,0,109.86241908504292,0,341.4,0,94.89876411205452,0,298.0504989385605,166439277.2956791,0,166439277.2956791,0,0,0
5.5,0,88.9,0,69.79337301587302,0,118.8,0,23.9874251541582,0,53.730105710029605,0.0149785995483398,0,0.0149785995483398,0,0,0
13.5,0,153.6,0,151.25915680853376,0,441.0,0,121.21931646562476,0,1.2003146648406982,166439238.57393128,0,166439238.57393128,0,0,0
9.5,0,131.07,0,131.74755033477012,0,300.96,0,82.55387165947906,0,254.87283160209657,83242036.20719784,0,83242036.20719784,0,0,0
13.5,0,61.3,0,97.66844962184358,0,317.0,0,77.00830947839049,0,0.5350436925888061,166437944.0795723,0,166437944.0795723,0,0,0
9.5,0,83.11,0,92.9756569778261,0,225.58,0,54.05018864078409,0,437.98719138145447,83244291.93822606,0,83244291.93822606,0,0,0
13.5,0,1562.5,0,756.7788633799121,0,1611.0,0,700.9937930817626,0,5.196156334877014,166430818.632512,0,166430818.632512,0,0,0
13.5,0,75.1,0,65.67804913911337,0,159.2,0,25.02963849049205,0,201.3725808143616,166438135.85875252,0,166438135.85875252,0,0,0
9.5,0,109.14,0,98.81839929373167,0,190.88,0,44.56605590919383,0,169.25389274597168,83242321.2116949,0,83242321.2116949,0,0,0
5.5,0,147.7,0,134.3503968253968,0,249.1,0,66.63793338994012,0,23.37117209434509,0.0257034063339233,0,0.0257034063339233,0,0,0
5.5,0,78.8,0,72.65912698412697,0,90.9,0,8.68078538026006,0,64.92900774478912,0.0025887966156005,0,0.0025887966156005,0,0,0
13.5,0,133.8,0,141.5900653663502,0,319.2,0,93.60977132929928,0,91.58993532657624,166438161.941255,0,166438161.941255,0,0,0
13.5,0,75.6,0,90.93507715452762,0,230.0,0,45.43213750845005,0,126.601323223114,166430668.1715874,0,166430668.1715874,0,0,0
13.5,0,54.0,0,55.33754280635086,0,66.0,0,3.139194751921278,0,0.6900358915328979,166438154.2749453,0,166438154.2749453,0,0,0
9.5,0,987.36,0,948.4933704589184,0,1908.72,0,531.6499550296552,0,1.220665349960327,83243082.73481321,0,83243082.73481321,0,0,0
5.5,0,87.1,0,105.79670634920636,0,156.0,0,36.98101502784488,0,206.58557159900664,0.0226149082183837,0,0.0226149082183837,0,0,0
13.5,0,491.8,0,210.6248169546312,0,512.6,0,184.5803997219782,0,240.27887136936187,166429007.24499503,0,166429007.24499503,0,0,0
13.5,0,58.0,0,58.0,0,58.0,0,0.0,0,0.0,166421337.3630969,0,166421337.3630969,0,0,0
9.5,0,293.87,0,326.8364834685868,0,1048.2,0,371.5074661226394,0,61.704580793380735,83241649.34421106,0,83241649.34421106,0,0,0
5.5,0,497.5,0,1044.2498015873016,0,2782.3,0,920.5029097808888,0,1.4459237575531003,0.000389814376831,0,0.000389814376831,0,0,0
13.5,0,55.2,0,54.96094333598977,0,65.2,0,2.835871084677982,0,15.4170823097229,166428751.08541197,0,166428751.08541197,0,0,0
13.5,0,58.0,0,71.37542806350856,0,242.0,0,45.60520120841892,0,0.0,166438172.84009832,0,166438172.84009832,0,0,0
5.5,0,109.3,0,99.99698412698412,0,182.4,0,47.6858739396636,0,2573.603539586067,0.0148638010025024,0,0.0148638010025024,0,0,0
5.5,0,54.0,0,54.0,0,54.0,0,0.0,0,0.2043379068374634,1.71661376953125e-06,0,1.71661376953125e-06,0,0,0
13.5,0,58.0,0,109.29476662355532,0,317.0,0,89.97919737748126,0,0.0,166421287.2522021,0,166421287.2522021,0,0,0
5.5,0,55.6,0,56.119682539682536,0,57.6,0,1.702998138534506,0,0.0105808019638061,0.0001061916351318,0,0.0001061916351318,0,0,0
9.5,0,146.26,0,131.93802241330224,0,279.61,0,78.87221085887188,0,14.563078756332397,83242835.27774781,0,83242835.27774781,0,0,0
5.5,0,728.2,0,339.89246031746023,0,1163.2,0,417.1359341731043,0,16.85397937297821,0.002743911743164,0,0.002743911743164,0,0,0
5.5,0,218.8,0,97.25777777777778,0,353.6,0,88.11593141569082,0,38.453615474700925,0.0030091047286987,0,0.0030091047286987,0,0,0
13.5,0,147.6,0,78.84398223680344,0,347.7,0,69.34188612740138,0,0.20318284034729,166428662.7532757,0,166428662.7532757,0,0,0
5.5,0,58.0,0,58.0,0,58.0,0,0.0,0,0.0,2.0289421081542967e-05,0,2.0289421081542967e-05,0,0,0
13.5,0,112.5,0,92.57891391975758,0,315.7,0,66.28797636624051,0,415.4521952152252,166429826.3492364,0,166429826.3492364,0,0,0
9.5,0,78.21,0,78.30075824592504,0,180.44,0,40.098672723409706,0,535.5941982531548,83244242.41066954,0,83244242.41066954,0,0,0
9.5,0,1817.62,0,1686.9244260504713,0,2775.38,0,779.8217508642632,0,8.213550827503205,83242131.37979634,0,83242131.37979634,0,0,0
9.5,0,160.2,0,214.5314032950624,0,837.99,0,245.7251095637428,0,49.69467103242874,83241882.45297088,0,83241882.45297088,0,0,0
5.5,0,101.9,0,152.88599206349207,0,230.0,0,54.77314686175266,0,71.00824997425079,0.0324288129806518,0,0.0324288129806518,0,0,0
13.5,0,114.4,0,86.59477352540821,0,190.4,0,40.18377058874607,0,74.27650179862977,166438252.5655824,0,166438252.5655824,0,0,0
5.5,0,70.4,0,62.10015873015872,0,120.4,0,22.70964034164351,0,345.66189761161803,0.0178868055343627,0,0.0178868055343627,0,0,0
13.5,0,99.5,0,78.26431759374097,0,301.0,0,58.31468300328394,0,138.42547483444213,166421737.8948173,0,166421737.8948173,0,0,0
13.5,0,128.5,0,140.59457717506092,0,482.4,0,126.41677770239326,0,47.95149321556092,166439274.7354993,0,166439274.7354993,0,0,0
13.5,0,102.6,0,99.84218826709926,0,299.6,0,67.78748435054807,0,105.2940108537674,166429893.5598514,0,166429893.5598514,0,0,0
13.5,0,638.6,0,130.2892707258342,0,930.6,0,244.21105730731543,0,0.8932823181152344,166429867.50608128,0,166429867.50608128,0,0,0
13.5,0,780.4,0,896.8197149608219,0,2922.0,0,961.036366748991,0,0.8966012477874756,166438208.0275338,0,166438208.0275338,0,0,0
13.5,0,54.0,0,54.0,0,54.0,0,0.0,0,0.0463600158691406,166428824.62114853,0,166428824.62114853,0,0,0
13.5,0,117.7,0,94.47686786424788,0,214.0,0,54.10155915716528,0,1.213793420791626,166420987.31982478,0,166420987.31982478,0,0,0
9.5,0,125.49,0,117.64465786101584,0,324.24,0,85.02681276310297,0,415.4732705569267,83242882.03762777,0,83242882.03762777,0,0,0
5.5,0,230.2,0,505.7370634920635,0,1514.0,0,496.3404606222722,0,2.794530987739563,0.0092665910720825,0,0.0092665910720825,0,0,0
5.5,0,62.0,0,63.266507936507935,0,71.2,0,5.6030661123011445,0,101.83673284053802,0.0049095153808593,0,0.0049095153808593,0,0,0
5.5,0,58.0,0,58.0,0,58.0,0,0.0,0,0.0,2.6941299438476564e-06,0,2.6941299438476564e-06,0,0,0
9.5,0,576.14,0,639.0620853340416,0,1793.87,0,520.682930569279,0,31.994740686416627,83241467.42435624,0,83241467.42435624,0,0,0
5.5,0,68.8,0,63.22857142857142,0,84.3,0,12.408157690037836,0,61.92718877792358,0.0149614095687866,0,0.0149614095687866,0,0,0
5.5,0,659.5,0,420.8552777777778,0,1541.0,0,539.2987526680579,0,9.448742628097534,0.0044949054718017,0,0.0044949054718017,0,0,0
5.5,0,63.8,0,63.08960317460317,0,66.0,0,4.565197176833006,0,9.158698296546936,0.0024863004684448,0,0.0024863004684448,0,0,0
13.5,0,1255.5,0,781.301642684371,0,2636.4,0,831.7874567675071,0,4.243952298164368,166438143.94034773,0,166438143.94034773,0,0,0
13.5,0,56.8,0,55.73560402445852,0,58.0,0,1.9571859098015247,0,0.0054842948913574,166421613.7285315,0,166421613.7285315,0,0,0
13.5,0,54.0,0,54.0,0,54.0,0,0.0,0,0.0,166430701.0863337,0,166430701.0863337,0,0,0
5.5,0,1093.5,0,1321.0594444444444,0,1514.0,0,343.4256799398536,0,19.72759141921997,0.0009259939193725,0,0.0009259939193725,0,0,0
5.5,0,118.8,0,158.23920634920634,0,247.6,0,65.18913925432437,0,145.10983288288116,0.02310471534729,0,0.02310471534729,0,0,0
5.5,0,54.8,0,55.9431746031746,0,58.0,0,1.453285341250037,0,0.0534213066101074,4.978179931640625e-05,0,4.978179931640625e-05,0,0,0
9.5,0,176.82,0,163.81840185631364,0,701.2,0,192.4678415356627,0,124.81429519176484,83241838.25597078,0,83241838.25597078,0,0,0
13.5,0,72.4,0,59.60448392680591,0,144.0,0,20.84695770083251,0,72.07710847854614,166438242.8931564,0,166438242.8931564,0,0,0
13.5,0,95.6,0,139.41088083828797,0,695.0,0,169.2517596991112,0,14.556319618225098,166429077.55570722,0,166429077.55570722,0,0,0
13.5,0,1852.1,0,710.1146444396677,0,2672.4,0,916.6476028346216,0,10.5182359457016,166430629.143746,0,166430629.143746,0,0,0
13.5,0,114.2,0,281.31631988152884,0,1514.0,0,484.4477571514379,0,11.50973527431488,166429142.03744248,0,166429142.03744248,0,0,0
13.5,0,110.3,0,488.6203668905913,0,2922.0,0,820.2890807221453,0,0.2800096988677978,166439227.353155,0,166439227.353155,0,0,0
13.5,0,1223.6,0,553.9882590362853,0,1514.0,0,639.2551227079955,0,16.341925406455992,166430755.87618002,0,166430755.87618002,0,0,0
9.5,0,98.53,0,86.85233094992381,0,169.03,0,37.31504727407195,0,369.4369963479042,83243186.38714746,0,83243186.38714746,0,0,0
13.5,0,75.3,0,67.39067683692296,0,102.5,0,14.239672906501289,0,9.32159342765808,166439305.73466232,0,166439305.73466232,0,0,0
13.5,0,110.4,0,136.21208845119446,0,357.0,0,97.6540499679679,0,13.152000260353088,166439272.6566742,0,166439272.6566742,0,0,0
5.5,0,420.4,0,614.8646825396825,0,1514.0,0,572.525876699656,0,0.3661872386932373,0.0034655094146728,0,0.0034655094146728,0,0,0
9.5,0,104.93,0,98.1494822624486,0,212.13,0,49.81281998309997,0,161.76170937299727,83243135.85030916,0,83243135.85030916,0,0,0
5.5,0,101.2,0,127.50468253968256,0,230.0,0,57.84222241410379,0,31.91592962741852,0.0174469232559204,0,0.0174469232559204,0,0,0
5.5,0,1078.4,0,1420.0955555555554,0,1514.0,0,174.7512758068709,0,12.369859099388124,0.005899691581726,0,0.005899691581726,0,0,0
5.5,0,58.0,0,58.0,0,58.0,0,0.0,0,0.0,3.0994415283203125e-06,0,3.0994415283203125e-06,0,0,0
5.5,0,54.0,0,54.0,0,54.0,0,0.0,0,0.5310202836990356,0.0007719039916992,0,0.0007719039916992,0,0,0
13.5,0,114.1,0,97.37511794663884,0,183.8,0,44.14385025175324,0,338.8202432632446,166421024.6654875,0,166421024.6654875,0,0,0
5.5,0,394.0,0,531.9041269841271,0,2670.8,0,967.4612783083672,0,77.5494350194931,0.0083757877349853,0,0.0083757877349853,0,0,0
13.5,0,111.3,0,170.5223032600355,0,573.0,0,135.2577235547212,0,72.14379281997681,166439317.56027842,0,166439317.56027842,0,0,0
5.5,0,834.3,0,827.0686507936509,0,1893.0,0,600.2719791656393,0,18.043769741058348,0.002980613708496,0,0.002980613708496,0,0,0
5.5,0,154.9,0,123.29896825396828,0,199.8,0,47.14693574762804,0,145.58259205818177,0.0118172883987426,0,0.0118172883987426,0,0,0
5.5,0,1650.5,0,1190.746865079365,0,2636.4,0,1028.561177020223,0,158.31818695068358,0.0021816968917846,0,0.0021816968917846,0,0,0
5.5,0,98.1,0,126.04150793650793,0,163.2,0,32.51851918157631,0,259.0438682079315,0.0222656965255737,0,0.0222656965255737,0,0,0
13.5,0,58.0,0,56.39494863237898,0,58.0,0,1.9350867442946025,0,0.0,166428841.5628584,0,166428841.5628584,0,0,0
13.5,0,79.9,0,69.7529128362178,0,214.7,0,39.46211614311464,0,204.1833188533783,166438266.287696,0,166438266.287696,0,0,0
5.5,0,85.8,0,74.50357142857142,0,174.6,0,39.46578433057668,0,24.370077657699586,0.0054894924163818,0,0.0054894924163818,0,0,0
5.5,0,299.7,0,376.5485714285714,0,1159.6,0,375.3872543482442,0,181.6783303499222,0.0112864971160888,0,0.0112864971160888,0,0,0
13.5,0,132.8,0,139.73169890481037,0,358.6,0,95.55730954278648,0,448.94261250495913,166421672.55986,0,166421672.55986,0,0,0
9.5,0,56.64,0,56.71066601509944,0,60.02,0,2.04858906274034,0,0.7523562812805176,83241472.26621148,0,83241472.26621148,0,0,0
9.5,0,433.17,0,394.7806145851482,0,845.69,0,270.4559540667114,0,15.237459452152253,83241465.99745731,0,83241465.99745731,0,0,0
13.5,0,96.0,0,76.59656129345369,0,214.0,0,40.245216995495255,0,247.80897822380064,166421914.9856323,0,166421914.9856323,0,0,0
5.5,0,76.6,0,74.86134920634922,0,107.0,0,14.143897335130088,0,43.96820721626282,0.0143026828765869,0,0.0143026828765869,0,0,0
5.5,0,71.0,0,73.54222222222222,0,102.0,0,12.580143362511777,0,76.67097148895263,0.0096310853958129,0,0.0096310853958129,0,0,0
9.5,0,285.9,0,224.36318673754,0,1243.54,0,352.0267417857672,0,122.94102167844773,83241539.40511464,0,83241539.40511464,0,0,0
13.5,0,160.0,0,155.20511073120207,0,414.0,0,102.52604552159286,0,38.28986232280731,166421741.2857863,0,166421741.2857863,0,0,0
13.5,0,80.9,0,60.39444960440317,0,142.0,0,20.76684580427856,0,0.0539481878280639,166428824.6657471,0,166428824.6657471,0,0,0
13.5,0,948.9,0,263.11928078844096,0,1000.4,0,349.5474027561611,0,295.0740387439728,166429228.8444564,0,166429228.8444564,0,0,0
5.5,0,108.3,0,120.60583333333332,0,291.9,0,89.76128384529572,0,2.996081900596619,0.0022861003875732,0,0.0022861003875732,0,0,0
5.5,0,99.5,0,91.33876984126984,0,288.6,0,79.67718972326387,0,0.0938083171844482,0.0017246007919311,0,0.0017246007919311,0,0,0
9.5,0,406.1,0,262.6016245467209,0,973.08,0,324.1222747391072,0,49.728538155555725,83243718.99904115,0,83243718.99904115,0,0,0
5.5,0,960.2,0,489.5040476190476,0,984.0,0,418.0201820053125,0,41.26468193531037,0.0214118957519531,0,0.0214118957519531,0,0,0
5.5,0,163.0,0,195.15182539682544,0,258.2,0,50.44216858415587,0,2245.5297894954683,0.0193188905715942,0,0.0193188905715942,0,0,0
9.5,0,91.69,0,85.71987990973598,0,323.77,0,72.48917590410856,0,574.7960742282868,83242873.65926501,0,83242873.65926501,0,0,0
5.5,0,58.0,0,58.0,0,58.0,0,0.0,0,0.0,1.4066696166992188e-06,0,1.4066696166992188e-06,0,0,0
5.5,0,113.0,0,78.77523809523811,0,141.6,0,35.517880938265634,0,3.664055705070496,0.0114678144454956,0,0.0114678144454956,0,0,0
9.5,0,109.67,0,115.44949796217716,0,277.82,0,70.27730732944401,0,236.20027978658675,83244116.5824384,0,83244116.5824384,0,0,0
9.5,0,834.4,0,986.1860606548594,0,2383.92,0,820.0505240739077,0,0.0506572008132934,83243082.40994355,0,83243082.40994355,0,0,0
5.5,0,58.0,0,58.0,0,58.0,0,0.0,0,0.0,7.898807525634766e-05,0,7.898807525634766e-05,0,0,0
13.5,0,57.6,0,57.95894736842105,0,58.0,0,0.1764967301785878,0,0.0063101053237915,166428664.8635384,0,166428664.8635384,0,0,0
13.5,0,124.5,0,111.48203437171703,0,351.5,0,79.48143361543069,0,17.390249490737915,166430336.1566363,0,166430336.1566363,0,0,0
5.5,0,456.2,0,175.33690476190478,0,493.6,0,152.13685764773157,0,20.45395529270172,0.0014127016067504,0,0.0014127016067504,0,0,0
13.5,0,54.0,0,54.0,0,54.0,0,0.0,0,0.0443166255950927,166430228.8526133,0,166430228.8526133,0,0,0
5.5,0,81.4,0,90.55373015873016,0,186.0,0,50.67963811911555,0,6837.42920691967,0.0056005954742431,0,0.0056005954742431,0,0,0
5.5,0,795.4,0,330.6434126984127,0,799.6,0,335.15954593423845,0,7.9780669689178465,0.004562497138977,0,0.004562497138977,0,0,0
5.5,0,505.6,0,149.71111111111114,0,668.6,0,191.66100204477988,0,300.6782629728317,0.0243608951568603,0,0.0243608951568603,0,0,0
13.5,0,416.5,0,186.92710290010987,0,2042.4,0,463.4886448364797,0,216.76517765522004,166421096.39370498,0,166421096.39370498,0,0,0
9.5,0,125.73,0,121.50182340878936,0,382.54,0,100.16743213643416,0,301.70546209573746,83242875.485685,0,83242875.485685,0,0,0
5.5,0,57.2,0,57.22349206349206,0,58.0,0,1.237928613690512,0,0.0130283832550048,8.971691131591797e-05,0,8.971691131591797e-05,0,0,0
13.5,0,54.8,0,64.6276408017507,0,212.0,0,39.25170313007165,0,0.0543709278106689,166421301.1602917,0,166421301.1602917,0,0,0
5.5,0,95.7,0,97.5259523809524,0,188.4,0,49.77347026991394,0,351.2922285079956,0.0129188060760498,0,0.0129188060760498,0,0,0
9.5,0,73.97,0,70.02067106715093,0,175.92,0,33.19998051474788,0,93.62398285388946,83242513.97323346,0,83242513.97323346,0,0,0
5.5,0,918.8,0,1339.6474603174602,0,1514.0,0,251.1881782853636,0,174.7656539440155,0.0065299034118652,0,0.0065299034118652,0,0,0
5.5,0,54.0,0,54.0,0,54.0,0,0.0,0,0.472445011138916,0.0003221988677978,0,0.0003221988677978,0,0,0
9.5,0,643.05,0,628.7824621000345,0,2734.92,0,804.0245132395579,0,7.179006667137146,83241467.25679317,0,83241467.25679317,0,0,0
9.5,0,91.14,0,93.09830857266226,0,221.94,0,54.39734017508315,0,97.20609688997268,83242615.65927653,0,83242615.65927653,0,0,0
9.5,0,98.22,0,93.84674240645836,0,241.37,0,61.168793003765686,0,790.656436407566,83243757.15801646,0,83243757.15801646,0,0,0
5.5,0,101.7,0,86.06551587301587,0,189.6,0,44.19572868093253,0,225.91875026226043,0.0117212057113647,0,0.0117212057113647,0,0,0
13.5,0,94.6,0,80.56183724428308,0,230.0,0,46.26903178950143,0,139.71206471920013,166430265.26569307,0,166430265.26569307,0,0,0
13.5,0,118.2,0,116.93971994422846,0,414.0,0,106.12413602436852,0,93.84564609527588,166439313.22922784,0,166439313.22922784,0,0,0
13.5,0,151.2,0,109.76352786532354,0,341.5,0,73.59701463945342,0,31.056719923019408,166438068.10213548,0,166438068.10213548,0,0,0
5.5,0,645.5,0,1135.3204365079366,0,1516.1,0,413.4700209512944,0,50.60534465312958,0.0063275098800659,0,0.0063275098800659,0,0,0
13.5,0,94.5,0,93.49967922428448,0,317.0,0,67.30402337392651,0,99.33676164150238,166421246.7534873,0,166421246.7534873,0,0,0
13.5,0,79.8,0,99.78657447385775,0,230.0,0,60.94226406910046,0,76.01144242286682,166421062.29393658,0,166421062.29393658,0,0,0
13.5,0,106.7,0,83.08047087329597,0,184.4,0,32.2001941909396,0,2.4942742586135864,166430647.3011042,0,166430647.3011042,0,0,0
13.5,0,244.0,0,412.5147090963732,0,522.2,0,156.42296195688027,0,81.12694766521454,166430726.3651752,0,166430726.3651752,0,0,0
13.5,0,86.3,0,104.38146148313332,0,253.0,0,68.20028942053752,0,0.0056423902511596,166421675.32024983,0,166421675.32024983,0,0,0
13.5,0,121.8,0,101.26419030487916,0,242.8,0,51.905324142361145,0,89.0301791191101,166437975.91437203,0,166437975.91437203,0,0,0
5.5,0,54.4,0,54.04,0,54.4,0,0.12,0,0.038150405883789,4.050731658935547e-05,0,4.050731658935547e-05,0,0,0
13.5,0,72.0,0,62.93485495412741,0,195.2,0,33.879608184376245,0,19.266929936409,166429093.994626,0,166429093.994626,0,0,0
9.5,0,148.39,0,99.05269717558842,0,293.15,0,74.90220264622383,0,155.20963965892793,83241798.17781885,0,83241798.17781885,0,0,0
13.5,0,161.2,0,140.8413346779639,0,330.8,0,86.82980912475333,0,82.94335360527039,166430273.79048428,0,166430273.79048428,0,0,0
5.5,0,138.8,0,146.35392857142855,0,268.7,0,78.78082022177787,0,272.9656473636627,0.0191740036010742,0,0.0191740036010742,0,0,0
13.5,0,56.4,0,57.30273798269155,0,66.0,0,3.878269314585604,0,0.0148884057998657,166421724.1537988,0,166421724.1537988,0,0,0
9.5,0,114.46,0,144.77582354479026,0,400.99,0,103.47849445849536,0,184.15702121257783,83243238.52340095,0,83243238.52340095,0,0,0
5.5,0,239.8,0,204.5525396825397,0,386.0,0,100.77271578964692,0,127.97828483581544,0.0195421934127807,0,0.0195421934127807,0,0,0
13.5,0,108.1,0,80.02118204593825,0,238.5,0,41.09824126038608,0,13.144237112998962,166439366.04510942,0,166439366.04510942,0,0,0
13.5,0,103.1,0,81.43950863936546,0,209.1,0,40.3127639420261,0,213.1192004919052,166428867.5770335,0,166428867.5770335,0,0,0
5.5,0,158.6,0,103.54369047619048,0,229.3,0,52.79723410944017,0,74.54518744945526,0.0077624082565307,0,0.0077624082565307,0,0,0
13.5,0,58.0,0,64.5539597511192,0,156.0,0,24.35277038576105,0,0.0200621128082275,166439106.6924515,0,166439106.6924515,0,0,0
13.5,0,54.0,0,54.0,0,54.0,0,0.0,0,0.0,166429069.5794606,0,166429069.5794606,0,0,0
9.5,0,126.16,0,119.11116400545616,0,240.3,0,58.42111413730679,0,35.56174036979675,83243706.34314781,0,83243706.34314781,0,0,0
5.5,0,160.9,0,145.17944444444447,0,278.2,0,84.08108321139522,0,2.1289586544036867,0.0124604940414428,0,0.0124604940414428,0,0,0
5.5,0,140.8,0,128.96547619047618,0,195.6,0,49.43851796685286,0,2038.7960940122605,0.0125283956527709,0,0.0125283956527709,0,0,0
13.5,0,130.2,0,136.64145160566986,0,396.0,0,90.52183989206888,0,110.61380746364594,166428679.3252537,0,166428679.3252537,0,0,0
13.5,0,57.2,0,89.96727307178546,0,218.0,0,56.03660325326091,0,42.053748273849486,166429849.731388,0,166429849.731388,0,0,0
5.5,0,107.6,0,80.239126984127,0,148.6,0,31.31476969633668,0,54.15081398487091,0.017543601989746,0,0.017543601989746,0,0,0
13.5,0,79.3,0,294.7586041508372,0,3322.0,0,806.5683234524786,0,4280.986369800567,166439100.1978762,0,166439100.1978762,0,0,0
13.5,0,56.9,0,62.29663759700911,0,105.0,0,14.460623090538416,0,0.4999679327011108,166428714.80274647,0,166428714.80274647,0,0,0
5.5,0,107.5,0,90.46956349206349,0,150.1,0,31.577465209929425,0,49.53845126628876,0.0137125968933105,0,0.0137125968933105,0,0,0
5.5,0,120.2,0,106.07757936507936,0,237.1,0,62.00108546512962,0,53.75566573143006,0.01993248462677,0,0.01993248462677,0,0,0
9.5,0,462.43,0,844.5405445537006,0,2747.08,0,801.0832460336434,0,7.719570662975311,83241461.23140334,0,83241461.23140334,0,0,0
5.5,0,56.4,0,55.04698412698413,0,56.4,0,1.1412312494612056,0,0.0149627208709716,0.0002097129821777,0,0.0002097129821777,0,0,0
5.5,0,58.0,0,58.0,0,58.0,0,0.0,0,0.0,0.0015352964401245,0,0.0015352964401245,0,0,0
9.5,0,114.86,0,106.98920481273112,0,268.06,0,61.87136144415585,0,82.72694744110107,83242757.93406437,0,83242757.93406437,0,0,0
13.5,0,90.8,0,91.29300158948378,0,216.8,0,49.967195633850885,0,115.61435749530791,166430420.5259427,0,166430420.5259427,0,0,0
5.5,0,54.0,0,54.0,0,54.0,0,0.0,0,0.6356256008148193,0.0015952825546264,0,0.0015952825546264,0,0,0
13.5,0,108.3,0,114.63758367879112,0,230.0,0,63.75212350408778,0,691.8928373098373,166421905.8187133,0,166421905.8187133,0,0,0
5.5,0,66.2,0,60.52801587301588,0,96.8,0,13.939237059859476,0,10.426266980171205,0.0027505874633789,0,0.0027505874633789,0,0,0
13.5,0,631.2,0,382.4257086721328,0,2658.6,0,691.9060879979052,0,22.40178632736206,166429096.9476884,0,166429096.9476884,0,0,0
13.5,0,133.8,0,204.59465813082687,0,792.0,0,236.7530367247322,0,586.563805937767,166428977.0332608,0,166428977.0332608,0,0,0
5.5,0,68.0,0,66.87948412698412,0,94.2,0,15.202498739034686,0,81.72012269496918,0.0016362190246582,0,0.0016362190246582,0,0,0
13.5,0,1355.2,0,861.770315912158,0,2926.0,0,1243.1797126261338,0,4.526889753341675,166429248.83677402,0,166429248.83677402,0,0,0
13.5,0,58.0,0,57.732491438729824,0,58.0,0,0.9939906279902472,0,0.0,166421097.89975747,0,166421097.89975747,0,0,0
9.5,0,187.19,0,186.88496635111537,0,731.9,0,197.94265459608417,0,10.45139613866806,83244324.54592788,0,83244324.54592788,0,0,0
5.5,0,136.5,0,232.21408730158728,0,583.0,0,173.18373834506966,0,864.8827763795853,0.016723895072937,0,0.016723895072937,0,0,0
13.5,0,58.0,0,58.0,0,58.0,0,0.0,0,0.0,166430298.662615,0,166430298.662615,0,0,0
13.5,0,58.0,0,57.732491438729824,0,58.0,0,0.9939906279902472,0,0.0,166430319.1924706,0,166430319.1924706,0,0,0
13.5,0,798.0,0,788.8795184459502,0,1514.0,0,696.9628285118854,0,5.528323149681091,166430654.8100949,0,166430654.8100949,0,0,0
13.5,0,168.4,0,691.984398760854,0,1474.0,0,658.8597795952643,0,95.6397183895111,166430865.4196054,0,166430865.4196054,0,0,0
13.5,0,210.8,0,234.51277246961843,0,1514.0,0,461.9739154444968,0,34.415013217926024,166430998.72402972,0,166430998.72402972,0,0,0
9.5,0,278.4,0,291.1394308281158,0,603.38,0,201.35493567538992,0,306.357005109787,83244019.71390468,0,83244019.71390468,0,0,0
13.5,0,65.1,0,76.57194608796775,0,230.0,0,45.124278844729865,0,6074.90907869339,166439110.8108161,0,166439110.8108161,0,0,0
13.5,0,129.1,0,94.70146343465616,0,244.6,0,53.40201361991736,0,621.8651641368866,166429826.73195592,0,166429826.73195592,0,0,0
13.5,0,54.0,0,54.0,0,54.0,0,0.0,0,0.3928122520446777,166421263.4614738,0,166421263.4614738,0,0,0
13.5,0,208.8,0,328.03433150827493,0,1514.0,0,513.5322588847141,0,0.3521087646484375,166429889.4608376,0,166429889.4608376,0,0,0
13.5,0,58.8,0,68.29877862892182,0,161.0,0,26.43853337842469,0,2.173680901527405,166438172.662592,0,166438172.662592,0,0,0
9.5,0,108.99,0,113.02873001671529,0,296.31,0,68.97058951281221,0,381.7558301973343,83243318.9945894,0,83243318.9945894,0,0,0
13.5,0,83.2,0,110.73877158402313,0,441.0,0,97.74970320347629,0,53.668934082984926,166421133.1635122,0,166421133.1635122,0,0,0
13.5,0,493.2,0,461.8454754808316,0,1494.0,0,616.9159685289949,0,136.2380250453949,166421925.72792402,0,166421925.72792402,0,0,0
13.5,0,58.0,0,58.53501712254034,0,66.0,0,1.9879812559804944,0,0.0,166439107.0025399,0,166439107.0025399,0,0,0
5.5,0,145.8,0,149.61789682539683,0,403.5,0,132.77075040418035,0,111.83842923641204,0.0148170948028564,0,0.0148170948028564,0,0,0
13.5,0,146.1,0,147.2945834261198,0,341.0,0,79.36838569015754,0,278.138569188118,166421287.73529083,0,166421287.73529083,0,0,0
13.5,0,106.4,0,110.50189312966016,0,206.0,0,53.10082540817376,0,21.544760251045226,166439305.1343944,0,166439305.1343944,0,0,0
5.5,0,1707.3,0,1544.7813888888888,0,1755.8,0,75.53440551766114,0,3.199010419845581,0.0033087968826293,0,0.0033087968826293,0,0,0
9.5,0,93.82,0,95.0753425312218,0,197.66,0,49.52445570341079,0,384.57893515348434,83242862.40882117,0,83242862.40882117,0,0,0
5.5,0,59.2,0,55.12555555555556,0,60.0,0,2.173562506073655,0,0.3914228439331054,0.0032490015029907,0,0.0032490015029907,0,0,0
5.5,0,55.6,0,55.3547619047619,0,62.4,0,3.0073337339938617,0,16.616111707687377,0.0016524076461791,0,0.0016524076461791,0,0,0
13.5,0,54.0,0,54.0,0,54.0,0,0.0,0,0.1904304981231689,166430420.4167517,0,166430420.4167517,0,0,0
13.5,0,54.2,0,57.77451903145016,0,77.0,0,7.422810484205138,0,392.0232204198837,166428868.7870502,0,166428868.7870502,0,0,0
5.5,0,154.4,0,116.1897619047619,0,317.3,0,80.71418291730646,0,0.5992449283599853,0.0031490802764892,0,0.0031490802764892,0,0,0
13.5,0,58.0,0,58.0,0,58.0,0,0.0,0,0.0,166438226.8884055,0,166438226.8884055,0,0,0
5.5,0,58.0,0,58.0,0,58.0,0,0.0,0,0.0,3.719329833984375e-06,0,3.719329833984375e-06,0,0,0
13.5,0,122.9,0,130.72775209912206,0,546.6,0,136.72396291636613,0,6.41825909614563,166437420.71495098,0,166437420.71495098,0,0,0
9.5,0,157.96,0,129.39510457155504,0,422.92,0,102.4174450887818,0,223.9130461382866,83242291.12828596,0,83242291.12828596,0,0,0
13.5,0,89.0,0,62.30547291545744,0,130.0,0,18.251046367995635,0,121.23067033290864,166428682.3177491,0,166428682.3177491,0,0,0
13.5,0,107.4,0,114.4161820687053,0,441.0,0,95.08494341813676,0,180.13969678878783,166421024.61672813,0,166421024.61672813,0,0,0
5.5,0,215.6,0,162.1565873015873,0,215.6,0,67.94108970343923,0,0.0431688070297241,1.5020370483398435e-06,0,1.5020370483398435e-06,0,0,0
13.5,0,109.3,0,136.39695185361597,0,466.8,0,122.33740154693687,0,0.4320173025131225,166428913.2781462,0,166428913.2781462,0,0,0
13.5,0,115.7,0,145.6363182302733,0,645.0,0,158.23191733279114,0,19.37950201034546,166430959.5994134,0,166430959.5994134,0,0,0
5.5,0,54.0,0,54.0,0,54.0,0,0.0,0,0.1236955165863037,0.0012118101119995,0,0.0012118101119995,0,0,0
13.5,0,57.2,0,69.60333433508357,0,262.0,0,51.342642938423765,0,0.0012541770935058,166421705.0312771,0,166421705.0312771,0,0,0
13.5,0,56.4,0,56.45132544270315,0,58.0,0,1.9392476714197395,0,0.0111618995666503,166421630.55395412,0,166421630.55395412,0,0,0
5.5,0,82.4,0,73.85507936507938,0,131.6,0,21.23661748856589,0,0.2709522008895874,0.0003278017044067,0,0.0003278017044067,0,0,0
13.5,0,934.8,0,1113.1281265878945,0,1514.0,0,642.7613174001328,0,1.9182056665420533,166439384.0802415,0,166439384.0802415,0,0,0
13.5,0,92.1,0,216.7203569401016,0,792.0,0,245.29749810255728,0,4.799777793884277,166438140.099889,0,166438140.099889,0,0,0
5.5,0,66.2,0,68.8334126984127,0,127.4,0,25.032796840040724,0,39.68290817737579,0.009418511390686,0,0.009418511390686,0,0,0
5.5,0,60.0,0,58.49761904761905,0,61.2,0,1.3791932320806353,0,240.2116550207138,0.008821702003479,0,0.008821702003479,0,0,0
5.5,0,157.1,0,167.73222222222222,0,319.8,0,113.94208565016996,0,123.77786779403688,0.0035483121871948,0,0.0035483121871948,0,0,0
5.5,0,58.0,0,57.99444444444445,0,59.6,0,0.7369373257258585,0,1.0102749347686768,0.0002217054367065,0,0.0002217054367065,0,0,0
5.5,0,54.0,0,54.0,0,54.0,0,0.0,0,0.0046530485153198,7.009506225585937e-06,0,7.009506225585937e-06,0,0,0
5.5,0,82.2,0,92.31309523809524,0,146.0,0,28.02169309825253,0,0.5189643144607544,0.0069459199905395,0,0.0069459199905395,0,0,0
5.5,0,66.0,0,66.0,0,66.0,0,0.0,0,9.843990540504455,0.0030958890914916,0,0.0030958890914916,0,0,0
5.5,0,933.6,0,643.9836507936509,0,2381.6,0,996.6410653030622,0,1.0501675367355348,0.0018005847930908,0,0.0018005847930908,0,0,0
5.5,0,58.0,0,58.0,0,58.0,0,0.0,0,0.0,4.6205520629882815e-05,0,4.6205520629882815e-05,0,0,0
5.5,0,167.9,0,193.00706349206348,0,308.3,0,88.0828588882789,0,56.91728043556213,0.0124670028686523,0,0.0124670028686523,0,0,0
9.5,0,432.53,0,413.7136906396408,0,1686.58,0,538.7992705453155,0,59.59904903173447,83241600.0035734,0,83241600.0035734,0,0,0
5.5,0,54.0,0,54.0,0,54.0,0,0.0,0,0.0789038658142089,0.0004745960235595,0,0.0004745960235595,0,0,0
5.5,0,1079.6,0,651.922857142857,0,1224.4,0,550.6703223028128,0,2.949792194366455,0.0004560947418212,0,0.0004560947418212,0,0,0
5.5,0,56.4,0,55.57857142857144,0,57.2,0,1.53384488726755,0,0.0132506847381591,0.0036361932754516,0,0.0036361932754516,0,0,0
9.5,0,477.66,0,394.8843239248282,0,1455.06,0,454.0615568208994,0,20.67305290222168,83242150.15099367,0,83242150.15099367,0,0,0
9.5,0,101.48,0,94.37098785794532,0,214.86,0,50.73693667007819,0,4576.923953356743,83241133.1611252,0,83241133.1611252,0,0,0
13.5,0,84.7,0,116.15897978526462,0,792.0,0,183.57909139842533,0,0.1382936716079711,166438158.00390273,0,166438158.00390273,0,0,0
13.5,0,131.2,0,131.82590868926394,0,583.0,0,157.59794508094257,0,162.40772812366487,166428684.2727935,0,166428684.2727935,0,0,0
13.5,0,93.6,0,110.8834453244554,0,230.0,0,52.41059562788702,0,1436.1891005754471,166437898.5068373,0,166437898.5068373,0,0,0
5.5,0,124.2,0,135.52047619047622,0,222.6,0,54.44058185454792,0,33.22279417514801,0.0151577949523925,0,0.0151577949523925,0,0,0
13.5,0,80.3,0,81.64891519213501,0,218.0,0,47.158523887400186,0,37.01887743473053,166430775.39846832,0,166430775.39846832,0,0,0
13.5,0,107.4,0,101.94739806675952,0,230.0,0,54.6975492465558,0,0.3570704698562622,166437418.86779818,0,166437418.86779818,0,0,0
13.5,0,90.1,0,470.870092844462,0,1640.0,0,645.9648362552447,0,30.56765232086181,166430289.31120598,0,166430289.31120598,0,0,0
5.5,0,61.2,0,58.23984126984127,0,84.0,0,9.90116220461653,0,56.33237035274506,0.0048565864562988,0,0.0048565864562988,0,0,0
13.5,0,196.3,0,160.82822862551967,0,345.0,0,111.96769362394195,0,30.207893943786623,166428665.7886005,0,166428665.7886005,0,0,0
13.5,0,123.4,0,166.2618902163368,0,821.0,0,191.2497712559642,0,17.4651150226593,166421633.1382527,0,166421633.1382527,0,0,0
13.5,0,139.0,0,177.8942592091431,0,776.0,0,173.32405716635634,0,35.36860942840576,166429832.8050142,0,166429832.8050142,0,0,0
5.5,0,154.0,0,114.45428571428572,0,217.8,0,52.58646292573805,0,71.91606595516205,0.0049514055252075,0,0.0049514055252075,0,0,0
5.5,0,54.0,0,54.0,0,54.0,0,0.0,0,0.5878484010696411,0.0001765966415405,0,0.0001765966415405,0,0,0
5.5,0,54.0,0,54.0,0,54.0,0,0.0,0,0.0069736719131469,9.49859619140625e-05,0,9.49859619140625e-05,0,0,0
5.5,0,54.0,0,54.0,0,54.0,0,0.0,0,0.0,6.690025329589844e-05,0,6.690025329589844e-05,0,0,0
13.5,0,168.0,0,132.55445884095263,0,521.5,0,111.72850474392764,0,13.003314805030822,166439332.2539838,0,166439332.2539838,0,0,0
5.5,0,69.8,0,89.09515873015873,0,156.0,0,33.42703309138724,0,5.864112758636475,0.0115967988967895,0,0.0115967988967895,0,0,0
5.5,0,1224.4,0,1138.3244444444445,0,2093.2,0,663.5963468775012,0,10.32764117717743,0.0007775068283081,0,0.0007775068283081,0,0,0
13.5,0,1079.6,0,1215.5736251948945,0,2527.6,0,800.2176805460433,0,6.9962984085083,166429098.2277242,0,166429098.2277242,0,0,0
13.5,0,84.1,0,88.08053947600388,0,317.0,0,68.6339480322637,0,109.0410134792328,166430354.70295602,0,166430354.70295602,0,0,0
9.5,0,723.12,0,980.0073989315636,0,2422.34,0,785.572602085793,0,13.16200531244278,83242833.10733682,0,83242833.10733682,0,0,0
5.5,0,54.0,0,54.0,0,54.0,0,0.0,0,480.2920961856842,0.0014678955078125,0,0.0014678955078125,0,0,0
13.5,0,421.3,0,165.51451137398894,0,1008.4,0,235.12905962783952,0,1.356686282157898,166420991.3398208,0,166420991.3398208,0,0,0
5.5,0,56.0,0,54.67222222222222,0,60.0,0,1.8899771888208563,0,0.1372034549713134,0.0012730121612548,0,0.0012730121612548,0,0,0
9.5,0,114.66,0,113.51523036195832,0,260.23,0,69.07045778172623,0,406.72470425844193,83244292.71373591,0,83244292.71373591,0,0,0
13.5,0,110.3,0,104.62338106209236,0,273.0,0,69.51794542245378,0,961.421330833435,166437900.1277727,0,166437900.1277727,0,0,0
5.5,0,97.2,0,97.07916666666668,0,147.8,0,31.706800793013297,0,199.71518259048463,0.0405331134796142,0,0.0405331134796142,0,0,0
5.5,0,356.7,0,129.67575396825396,0,501.5,0,151.55264974999747,0,29.13863432407379,0.0015585899353027,0,0.0015585899353027,0,0,0
5.5,0,88.4,0,127.9088888888889,0,246.0,0,58.56189952928291,0,19257.072517323493,0.0049972057342529,0,0.0049972057342529,0,0,0
5.5,0,70.2,0,64.08666666666667,0,93.0,0,12.38291592703686,0,263.3700516462326,0.0114785909652709,0,0.0114785909652709,0,0,0
13.5,0,1632.0,0,687.2930852824506,0,6776.8,0,1632.583753635275,0,0.6192698955535889,166438064.7582469,0,166438064.7582469,0,0,0
5.5,0,274.3,0,402.5473412698413,0,507.9,0,105.18900391216422,0,4695.2466273546215,0.0004134178161621,0,0.0004134178161621,0,0,0
13.5,0,1043.6,0,421.4931060739226,0,3322.0,0,971.068489449704,0,0.0576103448867797,166437392.761413,0,166437392.761413,0,0,0
5.5,0,95.8,0,122.64960317460316,0,214.0,0,51.40483840801227,0,82.5892547607422,0.0125074863433837,0,0.0125074863433837,0,0,0
5.5,0,147.7,0,207.5403968253968,0,441.0,0,139.0617661402585,0,67.87604460716247,0.0125492095947265,0,0.0125492095947265,0,0,0
5.5,0,58.0,0,58.0,0,58.0,0,0.0,0,0.0,1.940727233886719e-05,0,1.940727233886719e-05,0,0,0
13.5,0,57.6,0,55.408770367918976,0,59.6,0,2.137646957048088,0,30.41082899570465,166430372.7474413,0,166430372.7474413,0,0,0
5.5,0,145.1,0,146.1406746031746,0,286.6,0,87.5107903756423,0,122.6161201953888,0.0115204095840454,0,0.0115204095840454,0,0,0
13.5,0,144.5,0,185.08985324187336,0,1514.0,0,373.33471071293553,0,10.70572624206543,166429833.6279466,0,166429833.6279466,0,0,0
9.5,0,181.28,0,158.03784459692352,0,605.2,0,159.18267999825926,0,310.6741769886017,83243690.02860749,0,83243690.02860749,0,0,0
5.5,0,114.2,0,131.39043650793653,0,284.5,0,76.36914196968824,0,279.9517927646637,0.0128733873367309,0,0.0128733873367309,0,0,0
13.5,0,1140.6,0,903.9112666285382,0,1514.0,0,695.6494351910547,0,4.952969241142273,166430639.8932368,0,166430639.8932368,0,0,0
13.5,0,58.0,0,58.0,0,58.0,0,0.0,0,0.0,166429226.0266076,0,166429226.0266076,0,0,0
13.5,0,54.0,0,54.0,0,54.0,0,0.0,0,0.0956916809082031,166438207.6961994,0,166438207.6961994,0,0,0
5.5,0,424.7,0,196.7646428571429,0,531.4,0,159.87377831500885,0,4.441560935974121,0.0096049070358276,0,0.0096049070358276,0,0,0
5.5,0,139.6,0,161.1053968253968,0,378.7,0,124.30344237283332,0,1714.5091493844986,0.0129086971282958,0,0.0129086971282958,0,0,0
5.5,0,54.0,0,54.0,0,54.0,0,0.0,0,0.5436790227890015,1.4066696166992188e-06,0,1.4066696166992188e-06,0,0,0
9.5,0,75.57,0,90.89582747760495,0,309.36,0,77.42814095954677,0,16.686490201950072,83241461.13051318,0,83241461.13051318,0,0,0
9.5,0,99.0,0,101.8954052217992,0,246.84,0,65.89368239614794,0,618.8448877453804,83242007.40706095,0,83242007.40706095,0,0,0
5.5,0,300.9,0,400.70686507936506,0,1374.3,0,479.4920390755935,0,0.1303695440292358,0.0242815971374511,0,0.0242815971374511,0,0,0
5.5,0,87.2,0,95.40714285714286,0,182.8,0,58.23592516906356,0,552.1487850666047,0.0121577024459838,0,0.0121577024459838,0,0,0
5.5,0,83.2,0,70.00611111111111,0,97.4,0,9.691557640624737,0,99.93558428287506,0.0025089979171752,0,0.0025089979171752,0,0,0
5.5,0,100.8,0,123.91642857142858,0,208.2,0,48.47980926848548,0,52.3438321352005,0.0192545175552368,0,0.0192545175552368,0,0,0
5.5,0,70.0,0,69.77492063492063,0,80.0,0,4.929532410688503,0,50.1653018951416,0.0089736938476562,0,0.0089736938476562,0,0,0
13.5,0,1224.4,0,1151.1603881842273,0,2962.0,0,976.0335724908002,0,1.642533278465271,166430229.5373818,0,166430229.5373818,0,0,0
5.5,0,799.6,0,1278.6433333333334,0,2493.6,0,641.9152996147292,0,0.8300617933273315,0.0013640165328979,0,0.0013640165328979,0,0,0
13.5,0,58.0,0,58.0,0,58.0,0,0.0,0,0.0,166428752.60612682,0,166428752.60612682,0,0,0
5.5,0,67.4,0,85.9323015873016,0,156.0,0,34.54096594219244,0,11.398630404472351,0.0004878044128417,0,0.0004878044128417,0,0,0
13.5,0,58.0,0,58.53501712254034,0,66.0,0,1.9879812559804944,0,0.0,166430370.6630524,0,166430370.6630524,0,0,0
5.5,0,73.5,0,85.92853174603174,0,147.8,0,32.33964320161577,0,109.61365838050844,0.0086755990982055,0,0.0086755990982055,0,0,0
5.5,0,1137.1,0,1149.311507936508,0,1514.0,0,558.6404891231438,0,42.35847489833832,0.0109331130981445,0,0.0109331130981445,0,0,0
9.5,0,104.84,0,117.12428137467109,0,265.21,0,70.99757615039093,0,461.00412346839903,83243505.09805457,0,83243505.09805457,0,0,0
9.5,0,315.11,0,313.0577661419248,0,1140.49,0,396.1725772147942,0,198.34461976766588,83241727.41814826,0,83241727.41814826,0,0,0
5.5,0,123.0,0,158.99535714285713,0,317.0,0,89.88757500984231,0,119.44553964138032,0.0148220062255859,0,0.0148220062255859,0,0,0
13.5,0,517.2,0,857.1700389763316,0,4456.0,0,1157.1136823858756,0,12843.436320018767,166437415.4607698,0,166437415.4607698,0,0,0
9.5,0,128.11,0,118.34687143648404,0,410.22,0,97.74453689346636,0,267.5585458993912,83241815.74132189,0,83241815.74132189,0,0,0
9.5,0,191.83,0,153.31131991258655,0,634.17,0,168.16281729966286,0,4.840267114639282,83241778.44588847,0,83241778.44588847,0,0,0
13.5,0,86.0,0,98.87415600910956,0,214.0,0,46.472547773113256,0,6.672218370437622,166430304.60873038,0,166430304.60873038,0,0,0
13.5,0,58.0,0,58.0,0,58.0,0,0.0,0,0.0,166428824.5977043,0,166428824.5977043,0,0,0
9.5,0,114.1,0,103.86324130595068,0,253.89,0,60.54038789377504,0,96.25606850385664,83244100.73176585,0,83244100.73176585,0,0,0
5.5,0,66.0,0,66.0,0,66.0,0,0.0,0,1.3953511238098144,0.0002043008804321,0,0.0002043008804321,0,0,0
13.5,0,77.7,0,101.51929012035436,0,441.0,0,94.81207097791778,0,0.8523464202880859,166437958.3886446,0,166437958.3886446,0,0,0
13.5,0,531.4,0,367.4784258324235,0,2724.1,0,717.7179828065719,0,63.91776471138,166421017.95846063,0,166421017.95846063,0,0,0
5.5,0,74.5,0,65.6065873015873,0,88.2,0,11.98674077376209,0,4175.309637832642,0.0189387083053588,0,0.0189387083053588,0,0,0
9.5,0,90.15,0,94.57709788891025,0,201.59,0,47.97161501236428,0,343.047379925251,83242490.39303863,0,83242490.39303863,0,0,0
13.5,0,1392.6,0,1946.491464745265,0,2922.0,0,845.2806867480774,0,22.054208087921143,166439319.7104243,0,166439319.7104243,0,0,0
5.5,0,73.5,0,65.60662698412698,0,88.4,0,13.646334804496622,0,3.0221492767333986,0.0184026002883911,0,0.0184026002883911,0,0,0
9.5,0,444.3,0,467.28354837456993,0,1371.95,0,489.0673819412914,0,124.13294237852097,83241556.08981253,0,83241556.08981253,0,0,0
5.5,0,92.0,0,102.67984126984128,0,156.0,0,37.06198011004313,0,70.90246512889863,0.0292128086090087,0,0.0292128086090087,0,0,0
5.5,0,393.2,0,99.21206349206348,0,394.0,0,98.58612015835548,0,3.021985101699829,0.0015314817428588,0,0.0015314817428588,0,0,0
13.5,0,130.2,0,106.9978890639804,0,223.2,0,60.34869682724745,0,364.6949360847473,166438087.53353757,0,166438087.53353757,0,0,0
13.5,0,993.8,0,360.756278072203,0,1371.2,0,516.4094926726873,0,9.083229064941406,166430204.7418638,0,166430204.7418638,0,0,0
9.5,0,139.62,0,140.73943890079647,0,312.56,0,79.78195067169044,0,142.7803999400139,83242712.99068508,0,83242712.99068508,0,0,0
13.5,0,1369.2,0,1003.3352683496412,0,1514.0,0,683.5795773494739,0,1.730969285964966,166430235.2809134,0,166430235.2809134,0,0,0
13.5,0,95.8,0,132.57498799102513,0,441.0,0,107.2435586211373,0,0.1709928035736084,166438246.9476408,0,166438246.9476408,0,0,0
5.5,0,1294.0,0,1482.6444444444446,0,1514.0,0,71.94917575906281,0,33.2200856924057,0.0034611940383911,0,0.0034611940383911,0,0,0
5.5,0,64.2,0,62.62547619047619,0,115.2,0,21.08945570707721,0,20.593656158447267,0.0013220071792602,0,0.0013220071792602,0,0,0
5.5,0,60.7,0,56.77099206349207,0,79.6,0,12.810587884408122,0,120.92582771778106,0.0066416025161743,0,0.0066416025161743,0,0,0
5.5,0,64.8,0,65.59666666666666,0,66.0,0,1.133986313292514,0,4.943300127983093,0.0019091844558715,0,0.0019091844558715,0,0,0
5.5,0,58.0,0,58.0,0,58.0,0,0.0,0,0.0186933040618896,0.0012117147445678,0,0.0012117147445678,0,0,0
13.5,0,668.6,0,163.26861698372144,0,841.2,0,241.4570921520091,0,88.90041472911835,166430323.9400713,0,166430323.9400713,0,0,0
9.5,0,117.06,0,122.92233628823875,0,290.83,0,74.0307569640372,0,135.88150384902954,83242107.2965642,0,83242107.2965642,0,0,0
5.5,0,68.0,0,67.69126984126983,0,78.0,0,4.135187393544552,0,0.0619235515594482,0.0026803016662597,0,0.0026803016662597,0,0,0
13.5,0,96.5,0,100.6990050141637,0,230.0,0,53.83167867032127,0,380.1632394075394,166429231.0404882,0,166429231.0404882,0,0,0
13.5,0,683.8,0,937.798048813072,0,3830.8,0,1049.6761734616025,0,18.48626172542572,166429077.6856645,0,166429077.6856645,0,0,0
13.5,0,88.6,0,102.40973822531096,0,252.4,0,57.02471869945532,0,256.98717243671416,166421755.1227841,0,166421755.1227841,0,0,0
13.5,0,807.0,0,899.9568511605354,0,2962.0,0,1132.3301053815494,0,0.1751626491546631,166439289.6948909,0,166439289.6948909,0,0,0
13.5,0,728.9,0,186.0410467782991,0,1117.4,0,268.9922975630908,0,44.33796525001526,166421630.10732022,0,166421630.10732022,0,0,0
9.5,0,60.3,0,58.02855574946209,0,76.74,0,6.260014142179212,0,1.1316186428070067,83241463.29051152,0,83241463.29051152,0,0,0
13.5,0,1423.1,0,376.5808880803579,0,1712.7,0,526.5280163455319,0,1189.1002529382706,166437927.7907686,0,166437927.7907686,0,0,0
5.5,0,82.9,0,74.50103174603174,0,103.4,0,12.394030850565976,0,80.46009030342103,0.0043128967285156,0,0.0043128967285156,0,0,0
5.5,0,136.7,0,104.19757936507936,0,186.0,0,43.76420142356399,0,430.0459837913513,0.0167417049407959,0,0.0167417049407959,0,0,0
5.5,0,107.4,0,125.324126984127,0,367.6,0,110.1817355751217,0,0.0926110029220581,0.0059804201126098,0,0.0059804201126098,0,0,0
13.5,0,55.2,0,54.65934460792046,0,58.0,0,1.470126946418043,0,0.0201501131057739,166430356.2996937,0,166430356.2996937,0,0,0
13.5,0,58.0,0,58.0,0,58.0,0,0.0,0,0.0,166421228.46110928,0,166421228.46110928,0,0,0
5.5,0,116.8,0,100.94527777777778,0,162.8,0,38.6947512810739,0,149.20802206993102,0.0261091947555541,0,0.0261091947555541,0,0,0
13.5,0,65.8,0,60.04142085039143,0,131.4,0,18.809649318472925,0,27.08453955650329,166428916.86943692,0,166428916.86943692,0,0,0
13.5,0,104.4,0,87.2801644154779,0,156.0,0,36.480712413346986,0,52.83050792217254,166439308.99527854,0,166439308.99527854,0,0,0
9.5,0,101.92,0,104.16196455011276,0,291.8,0,70.92338652388229,0,459.8614873170853,83243511.22573985,0,83243511.22573985,0,0,0
13.5,0,432.0,0,182.11178885184304,0,559.9,0,151.28066392271185,0,0.1983614921569824,166430765.35088772,0,166430765.35088772,0,0,0
13.5,0,123.7,0,91.42591511429744,0,267.8,0,54.23735848438166,0,1566.936041164398,166437941.05357867,0,166437941.05357867,0,0,0
13.5,0,162.4,0,101.52552628099454,0,281.8,0,72.95165042299485,0,612.1157771348953,166421597.4774683,0,166421597.4774683,0,0,0
5.5,0,111.3,0,127.59599206349203,0,214.0,0,51.22211473403994,0,4885.180905675888,0.0256814956665039,0,0.0256814956665039,0,0,0
5.5,0,72.7,0,73.54162698412698,0,75.5,0,1.516309173318802,0,38.22510848045349,0.0119708061218261,0,0.0119708061218261,0,0,0
13.5,0,80.8,0,104.23449740275204,0,441.0,0,95.047116385885,0,45.548008346557616,166430692.9118517,0,166430692.9118517,0,0,0
5.5,0,103.2,0,88.94126984126986,0,182.0,0,48.04678419956337,0,47.127099418640135,0.0143972873687744,0,0.0143972873687744,0,0,0
13.5,0,136.3,0,142.96144107569415,0,224.8,0,60.13994281483103,0,135.34370090961457,166430280.0778459,0,166430280.0778459,0,0,0
5.5,0,57.9,0,55.77829365079365,0,65.5,0,3.927741939075892,0,26.445941758155826,0.0028455972671508,0,0.0028455972671508,0,0,0
13.5,0,442.0,0,400.3879360989888,0,2962.0,0,794.1609895261574,0,24.4044251203537,166430755.6023131,0,166430755.6023131,0,0,0
13.5,0,112.0,0,135.64913696339778,0,310.2,0,98.28086686811396,0,1.0955833196640017,166429026.9332119,0,166429026.9332119,0,0,0
9.5,0,102.09,0,103.28498347567464,0,235.72,0,63.051437090247454,0,165.0491199374199,83242501.33324812,0,83242501.33324812,0,0,0
13.5,0,54.0,0,54.0,0,54.0,0,0.0,0,0.4648337125778198,166438027.1471631,0,166438027.1471631,0,0,0
5.5,0,80.3,0,67.23115079365078,0,115.7,0,20.120231841052,0,66.77033896446228,0.0434635162353515,0,0.0434635162353515,0,0,0
9.5,0,123.81,0,122.98898403406876,0,517.43,0,133.2718118216513,0,51.499745466709136,83242753.27724622,0,83242753.27724622,0,0,0
13.5,0,800.6,0,810.457873543725,0,1514.0,0,722.1557699850493,0,87.5815304517746,166429224.35882622,0,166429224.35882622,0,0,0
9.5,0,352.67,0,290.3953382406208,0,1233.94,0,404.84896776857227,0,11.398015944957733,83241580.6862249,0,83241580.6862249,0,0,0
13.5,0,943.2,0,778.0577211385106,0,1494.0,0,701.7410494786745,0,1.0517033100128177,166421688.801354,0,166421688.801354,0,0,0
5.5,0,67.8,0,55.38,0,67.8,0,4.14,0,0.2966381788253784,0.0004739046096801,0,0.0004739046096801,0,0,0
5.5,0,655.0,0,675.4023015873016,0,1242.4,0,557.2496365145779,0,40.8725085735321,0.0044672012329101,0,0.0044672012329101,0,0,0
9.5,0,116.89,0,118.330311267379,0,350.42,0,95.43853045572632,0,140.8465993142128,83242278.97205526,0,83242278.97205526,0,0,0
5.5,0,81.2,0,75.49317460317461,0,120.4,0,21.212120934426103,0,2625.825778746605,0.033232307434082,0,0.033232307434082,0,0,0
5.5,0,59.1,0,57.27511904761904,0,75.1,0,7.568160346938228,0,71.41583728790283,0.0038896083831787,0,0.0038896083831787,0,0,0
9.5,0,174.69,0,162.89031304428283,0,607.02,0,173.82417830199986,0,6.389422311782837,83241874.29633804,0,83241874.29633804,0,0,0
13.5,0,134.7,0,90.16250388027863,0,196.2,0,43.124690183855066,0,94.52910101413728,166438188.3459406,0,166438188.3459406,0,0,0
5.5,0,413.8,0,1037.832777777778,0,3322.0,0,1123.7473170625212,0,5.014425778388977,0.0040092945098876,0,0.0040092945098876,0,0,0
5.5,0,75.3,0,78.78440476190477,0,138.8,0,28.70427358487668,0,280.0453415870667,0.0137495994567871,0,0.0137495994567871,0,0,0
5.5,0,62.8,0,61.64063492063492,0,68.4,0,4.792662319829224,0,19.661866784095764,0.0027512073516845,0,0.0027512073516845,0,0,0
13.5,0,58.0,0,64.62083689143674,0,161.0,0,25.810689706038023,0,0.0,166438226.87725872,0,166438226.87725872,0,0,0
5.5,0,106.1,0,107.90900793650792,0,328.5,0,93.52056767042164,0,1.087857007980347,0.0061764001846313,0,0.0061764001846313,0,0,0
13.5,0,181.3,0,105.57621121740316,0,521.0,0,108.0144125435384,0,14.002388763427737,166430724.82430172,0,166430724.82430172,0,0,0
13.5,0,61.9,0,88.83036168638723,0,214.0,0,50.1321027390382,0,12.008421397209167,166438261.7039498,0,166438261.7039498,0,0,0
5.5,0,161.3,0,156.12214285714285,0,213.2,0,58.58286988398535,0,587.1182417869568,0.055496597290039,0,0.055496597290039,0,0,0
13.5,0,92.8,0,109.31034696297856,0,317.0,0,74.32609122987284,0,23.18094739913941,166439383.5684911,0,166439383.5684911,0,0,0
13.5,0,83.4,0,92.9352311298093,0,441.0,0,93.6386112025801,0,0.1512870550155639,166421062.5460539,0,166421062.5460539,0,0,0
13.5,0,83.5,0,92.2013734171745,0,262.0,0,62.63748431351136,0,127.95510444641111,166421907.8832354,0,166421907.8832354,0,0,0
13.5,0,119.1,0,152.5754877484057,0,667.0,0,164.5131051179448,0,6839.9237870693205,166428627.4217947,0,166428627.4217947,0,0,0
13.5,0,356.7,0,131.30201333925794,0,676.1,0,161.1641358525251,0,15.796721506118775,166429242.73811102,0,166429242.73811102,0,0,0
13.5,0,93.2,0,82.47852386218872,0,286.6,0,57.9497282791766,0,0.1097849130630493,166430775.3001986,0,166430775.3001986,0,0,0
9.5,0,108.15,0,129.5187768692436,0,277.46,0,72.35992674684547,0,116.08051334142684,83243281.37281713,0,83243281.37281713,0,0,0
5.5,0,61.7,0,61.97376984126985,0,77.2,0,9.109095640956642,0,673.3072079896926,0.009209394454956,0,0.009209394454956,0,0,0
5.5,0,106.6,0,122.58277777777778,0,222.0,0,66.81481258407092,0,0.1379414319992065,0.001739501953125,0,0.001739501953125,0,0,0
5.5,0,122.7,0,157.05916666666667,0,386.5,0,113.69876032617483,0,331.941695022583,0.0139811992645263,0,0.0139811992645263,0,0,0
13.5,0,95.7,0,119.67738545424304,0,230.0,0,61.41438311843932,0,179.20208623409272,166430890.3680011,0,166430890.3680011,0,0,0
5.5,0,825.2,0,432.8555952380953,0,1303.0,0,436.08075259300966,0,463.8806261777878,0.0109671831130981,0,0.0109671831130981,0,0,0
9.5,0,84.71,0,84.77036568170392,0,179.54,0,44.21077009560892,0,87.1669435787201,83243418.92143245,0,83243418.92143245,0,0,0
5.5,0,86.8,0,81.80888888888887,0,96.3,0,15.554427028448403,0,34.79917132854462,0.0423642873764038,0,0.0423642873764038,0,0,0
5.5,0,82.4,0,67.64,0,82.4,0,4.92,0,5.55790901184082,0.0039992094039916,0,0.0039992094039916,0,0,0
13.5,0,61.5,0,489.73458413018017,0,2866.0,0,873.6529381432523,0,45.46669611930847,166421724.3730646,0,166421724.3730646,0,0,0
5.5,0,54.0,0,54.0,0,54.0,0,0.0,0,0.0412737607955932,2.002716064453125e-06,0,2.002716064453125e-06,0,0,0
9.5,0,145.8,0,146.32454297727557,0,323.69,0,89.03974475039712,0,297.99417368888857,83242409.59937984,0,83242409.59937984,0,0,0
5.5,0,119.5,0,131.8301984126984,0,230.0,0,53.1205519225314,0,892.1751003742218,0.0325645923614501,0,0.0325645923614501,0,0,0
13.5,0,133.3,0,103.9598664222774,0,220.3,0,52.791339153213485,0,200.18292043209075,166438264.8690893,0,166438264.8690893,0,0,0
13.5,0,58.0,0,58.0,0,58.0,0,0.0,0,0.0,166421095.47093028,0,166421095.47093028,0,0,0
9.5,0,103.66,0,114.85856828658954,0,270.31,0,70.77191896899076,0,541.6781802034378,83243859.73363176,0,83243859.73363176,0,0,0
13.5,0,1208.6,0,620.8006948568287,0,1494.0,0,632.7418676488543,0,1.14900906085968,166438144.0450123,0,166438144.0450123,0,0,0
5.5,0,2019.6,0,1616.358095238095,0,2670.8,0,1192.350304416566,0,0.068410325050354,2.682209014892578e-05,0,2.682209014892578e-05,0,0,0
5.5,0,114.3,0,70.94253968253967,0,125.5,0,23.773248788576456,0,5.130381345748901,0.0097620964050292,0,0.0097620964050292,0,0,0
13.5,0,58.0,0,58.0,0,58.0,0,0.0,0,0.0,166421249.1492867,0,166421249.1492867,0,0,0
5.5,0,105.8,0,104.91662698412696,0,266.8,0,76.34643598516365,0,153.45875272750854,0.0055911064147949,0,0.0055911064147949,0,0,0
13.5,0,93.3,0,78.69380237667389,0,214.0,0,48.483010416410806,0,126.24093861579895,166429129.57916838,0,166429129.57916838,0,0,0
5.5,0,58.0,0,58.0,0,58.0,0,0.0,0,0.0013402938842773,6.909370422363282e-05,0,6.909370422363282e-05,0,0,0
13.5,0,98.3,0,110.46953630820504,0,317.0,0,71.99738580538477,0,3.999994850158692,166421617.7192577,0,166421617.7192577,0,0,0
5.5,0,362.0,0,88.45718253968253,0,368.3,0,94.50795526343953,0,0.2454883337020874,0.0018391132354736,0,0.0018391132354736,0,0,0
13.5,0,290.2,0,151.69093005506707,0,620.9,0,174.42595375487937,0,235.97123203277587,166421762.46200368,0,166421762.46200368,0,0,0
13.5,0,509.4,0,424.6001574655135,0,1514.0,0,619.5043641891418,0,21.34567880630493,166429094.62994608,0,166429094.62994608,0,0,0
9.5,0,819.4,0,829.3637979785952,0,1797.6,0,678.0171284510049,0,0.5140425205230713,83243082.63820224,0,83243082.63820224,0,0,0
5.5,0,115.3,0,124.33257936507935,0,366.0,0,110.62891070139976,0,0.1949304342269897,0.0131299018859863,0,0.0131299018859863,0,0,0
5.5,0,55.2,0,56.31476190476191,0,64.8,0,4.166413103346633,0,0.4749534845352173,0.000905418395996,0,0.000905418395996,0,0,0
13.5,0,178.2,0,180.2037505193465,0,790.0,0,234.60163498551137,0,107.56946206092834,166430319.02663252,0,166430319.02663252,0,0,0
5.5,0,86.3,0,71.50079365079365,0,107.4,0,13.212038266842416,0,0.0192379236221313,0.0009536027908325,0,0.0009536027908325,0,0,0
13.5,0,115.4,0,110.58504248632345,0,317.0,0,73.58765979590187,0,40.83342080116272,166437423.53782162,0,166437423.53782162,0,0,0
5.5,0,140.6,0,207.0910317460317,0,702.3,0,243.28517775871995,0,71.07495625019074,0.0094053030014038,0,0.0094053030014038,0,0,0
5.5,0,127.6,0,139.35730158730158,0,242.8,0,66.82032523156968,0,162.38846440315243,0.0256024122238159,0,0.0256024122238159,0,0,0
13.5,0,360.9,0,332.9227952375282,0,1657.2,0,449.71199328625016,0,293.5593500137329,166421675.9970877,0,166421675.9970877,0,0,0
9.5,0,151.01,0,166.49561788104396,0,327.38,0,90.89597287036484,0,63.24714240550995,83242840.08577782,0,83242840.08577782,0,0,0
5.5,0,143.6,0,106.9669841269841,0,372.9,0,105.68715924453343,0,54.34836914539337,0.0023374080657958,0,0.0023374080657958,0,0,0
13.5,0,118.2,0,113.76910891825752,0,230.0,0,55.46803561564703,0,366.2636112689972,166421190.9378984,0,166421190.9378984,0,0,0
13.5,0,66.0,0,146.3194455213689,0,253.0,0,87.24613981251531,0,0.0900409460067749,166421318.2662235,0,166421318.2662235,0,0,0
5.5,0,56.0,0,55.64253968253968,0,57.6,0,1.781231249461206,0,0.0049305915832519,0.0102464199066162,0,0.0102464199066162,0,0,0
5.5,0,54.0,0,54.0,0,54.0,0,0.0,0,0.3989841938018799,0.0013509035110473,0,0.0013509035110473,0,0,0
13.5,0,54.0,0,54.80252568381052,0,66.0,0,2.9819718839707416,0,0.9174293279647828,166430334.68523207,0,166430334.68523207,0,0,0
5.5,0,57.2,0,55.532698412698416,0,66.8,0,4.143730241671395,0,0.3266299962997436,0.0002819061279296,0,0.0002819061279296,0,0,0
13.5,0,70.3,0,129.21842795792097,0,573.0,0,124.99688382888056,0,72.13004348278045,166421130.90274373,0,166421130.90274373,0,0,0
5.5,0,90.7,0,84.68944444444446,0,123.9,0,22.68468761579721,0,643.4919670581818,0.013191795349121,0,0.013191795349121,0,0,0
13.5,0,55.2,0,74.48151223303701,0,252.0,0,47.48023711260142,0,0.0195378065109252,166430971.09238023,0,166430971.09238023,0,0,0
13.5,0,58.0,0,69.50286813461737,0,230.0,0,42.74159700358062,0,0.0,166439222.0014757,0,166439222.0014757,0,0,0
13.5,0,58.0,0,55.32491438729828,0,58.0,0,1.790851267620394,0,0.0,166430264.9323583,0,166430264.9323583,0,0,0
13.5,0,71.6,0,516.4034463592823,0,2866.0,0,869.6448862404377,0,43.173809838294986,166430424.8331388,0,166430424.8331388,0,0,0
5.5,0,170.7,0,111.78595238095238,0,226.2,0,62.15430142351736,0,16.82894871234894,0.0111183881759643,0,0.0111183881759643,0,0,0
13.5,0,122.7,0,99.89064701380492,0,296.4,0,66.58802191903477,0,52.93254182338715,166438260.664321,0,166438260.664321,0,0,0
5.5,0,58.0,0,58.0,0,58.0,0,0.0,0,0.0,3.504753112792969e-06,0,3.504753112792969e-06,0,0,0
5.5,0,140.0,0,138.016746031746,0,249.8,0,71.73967718407363,0,1732.1488518714905,0.0275204896926879,0,0.0275204896926879,0,0,0
5.5,0,71.8,0,68.74277777777777,0,118.4,0,20.95750805541493,0,25.35480487346649,0.0147358179092407,0,0.0147358179092407,0,0,0
5.5,0,74.2,0,76.60801587301587,0,104.8,0,13.128083243935343,0,14.985848546028135,0.0130954980850219,0,0.0130954980850219,0,0,0
13.5,0,115.1,0,99.4767573220553,0,351.5,0,74.95363545108964,0,0.207817530632019,166430646.4822353,0,166430646.4822353,0,0,0
5.5,0,178.2,0,296.9276984126984,0,790.0,0,249.0682003477279,0,252.65220630168915,0.0035709142684936,0,0.0035709142684936,0,0,0
13.5,0,66.0,0,97.49913308956263,0,507.0,0,109.29488199705769,0,70.51331248283387,166428806.2457795,0,166428806.2457795,0,0,0
9.5,0,130.39,0,125.6391093317587,0,269.06,0,70.27162716901664,0,91.62445278644562,83241827.38009086,0,83241827.38009086,0,0,0
13.5,0,815.8,0,214.7341086085397,0,858.2,0,273.548079392568,0,103.17533321380616,166430269.1459592,0,166430269.1459592,0,0,0
5.5,0,123.2,0,125.604126984127,0,319.1,0,114.42283501614554,0,471.37215530872345,0.0104345083236694,0,0.0104345083236694,0,0,0
13.5,0,233.7,0,252.8835275392822,0,1470.8,0,365.9808818383682,0,36.23866648674012,166439371.12110218,0,166439371.12110218,0,0,0
13.5,0,83.2,0,68.65595486213134,0,173.4,0,32.281277077906154,0,34.74037847518921,166430883.46515867,0,166430883.46515867,0,0,0
5.5,0,58.0,0,58.0,0,58.0,0,0.0,0,0.0,0.0003983974456787,0,0.0003983974456787,0,0,0
13.5,0,108.0,0,140.17952268276957,0,573.0,0,139.56181239548172,0,302.7120940208435,166421593.9914741,0,166421593.9914741,0,0,0
5.5,0,146.5,0,155.95242063492066,0,537.0,0,159.03411203434246,0,2439.911637067795,0.0067322969436645,0,0.0067322969436645,0,0,0
5.5,0,215.6,0,162.1565873015873,0,215.6,0,67.94108970343923,0,0.0542070627212524,2.598762512207032e-06,0,2.598762512207032e-06,0,0,0
5.5,0,60.4,0,58.549523809523805,0,62.4,0,1.7999146866591085,0,0.0423207998275756,0.0013283967971801,0,0.0013283967971801,0,0,0
9.5,0,84.53,0,94.53701404065488,0,254.89,0,58.72042800797367,0,188.47441365242005,83244044.41832708,0,83244044.41832708,0,0,0
5.5,0,61.2,0,64.38825396825396,0,66.0,0,2.625611831925741,0,27.16129779815674,0.0051192045211791,0,0.0051192045211791,0,0,0
5.5,0,96.5,0,106.96178571428572,0,197.6,0,54.18200059677552,0,241.8941772222519,0.0181633949279785,0,0.0181633949279785,0,0,0
13.5,0,58.0,0,55.85993150983863,0,58.0,0,1.9506775901005573,0,0.0,166430281.42198628,0,166430281.42198628,0,0,0
13.5,0,66.0,0,141.036151436283,0,253.0,0,90.46530529577268,0,0.0344973802566528,166421126.2501877,0,166421126.2501877,0,0,0
9.5,0,188.87,0,177.3990094273202,0,641.21,0,173.5766904324837,0,387.0798535346985,83242432.91413386,0,83242432.91413386,0,0,0
5.5,0,58.0,0,58.0,0,58.0,0,0.0,0,0.0,2.8705596923828126e-05,0,2.8705596923828126e-05,0,0,0
9.5,0,164.35,0,166.2977299741882,0,692.55,0,190.88888930214324,0,88.29189522743225,83240299.4665612,0,83240299.4665612,0,0,0
13.5,0,1369.2,0,604.0118635135934,0,1514.0,0,623.1494423240475,0,7.324154114723205,166430826.8483387,0,166430826.8483387,0,0,0
13.5,0,167.1,0,91.97027059155155,0,345.0,0,67.26057834317969,0,0.1989734172821045,166420986.52775282,0,166420986.52775282,0,0,0
9.5,0,102.2,0,93.37643400115536,0,204.34,0,50.10019382009016,0,189.43555569648743,83243547.88458246,0,83243547.88458246,0,0,0
13.5,0,89.3,0,76.91379271399396,0,171.0,0,31.828004898675783,0,4.15203537940979,166430740.5289996,0,166430740.5289996,0,0,0
5.5,0,498.8,0,239.4361904761905,0,788.4,0,310.38529175524,0,13.710827922821045,0.0007705211639404,0,0.0007705211639404,0,0,0
5.5,0,718.0,0,463.4739682539683,0,1697.2,0,590.6174242195464,0,0.1246355533599853,0.0004709005355834,0,0.0004709005355834,0,0,0
5.5,0,369.6,0,116.75444444444445,0,369.6,0,107.81178366710762,0,6.774114847183228,0.002968692779541,0,0.002968692779541,0,0,0
13.5,0,242.1,0,175.80923917542725,0,1514.0,0,357.8715077276254,0,24.59417359828949,166430761.84116593,0,166430761.84116593,0,0,0
13.5,0,100.6,0,150.65530236962897,0,821.0,0,184.95878951796627,0,122.70654578208924,166430344.6567974,0,166430344.6567974,0,0,0
5.5,0,71.0,0,71.14325396825396,0,159.0,0,37.26257906530638,0,27.032936787605287,0.0012614011764526,0,0.0012614011764526,0,0,0
5.5,0,1417.7,0,1504.37,0,1514.0,0,28.890000000000004,0,16.44104015827179,0.0006755828857421,0,0.0006755828857421,0,0,0
13.5,0,1042.8,0,1014.3533897715632,0,3322.0,0,1291.9600191979248,0,0.0033871173858642,166430336.41897398,0,166430336.41897398,0,0,0
9.5,0,85.58,0,86.60731936845403,0,216.79,0,51.43828304437757,0,40.605623545646665,83243158.66539598,0,83243158.66539598,0,0,0
13.5,0,1331.4,0,1264.9887032884558,0,2962.0,0,1152.0440592940631,0,26.44875581264496,166430371.3551355,0,166430371.3551355,0,0,0
5.5,0,54.0,0,54.0,0,54.0,0,0.0,0,0.0900527000427246,1.5020370483398435e-06,0,1.5020370483398435e-06,0,0,0
13.5,0,101.6,0,619.3415732491623,0,3134.0,0,1069.3150102391237,0,74.61350996494293,166421652.9936767,0,166421652.9936767,0,0,0
13.5,0,445.5,0,1377.6652221789218,0,3322.0,0,1331.2762657806843,0,13675.55096092224,166428626.33703858,0,166428626.33703858,0,0,0
5.5,0,717.2,0,530.2622222222222,0,2345.2,0,840.8398711388838,0,0.0097236156463623,8.139610290527343e-05,0,8.139610290527343e-05,0,0,0
5.5,0,807.2,0,1000.0522222222222,0,1514.0,0,551.602700987146,0,5.456683015823364,0.002007508277893,0,0.002007508277893,0,0,0
9.5,0,61.57,0,59.47958089867648,0,87.43,0,8.662234340344646,0,1.924242148399353,83241463.08289842,0,83241463.08289842,0,0,0
5.5,0,1008.7,0,2079.7221825396828,0,5858.0,0,1914.7090630873608,0,59.648776388168336,0.0106208086013793,0,0.0106208086013793,0,0,0
5.5,0,1635.6,0,1746.1033333333332,0,2493.6,0,509.8184580890179,0,115.52962114810944,0.0032438993453979,0,0.0032438993453979,0,0,0
13.5,0,82.8,0,65.73296357795972,0,152.7,0,23.660328107730905,0,106.24458940029145,166421738.7404793,0,166421738.7404793,0,0,0
9.5,0,96.74,0,94.37381096612366,0,243.71,0,55.87890846266427,0,91.26998998403548,83242758.21741895,0,83242758.21741895,0,0,0
13.5,0,1780.4,0,444.2051845866552,0,2066.0,0,713.8211654691034,0,1.9568219900131223,166421097.5803849,0,166421097.5803849,0,0,0
5.5,0,137.7,0,237.90702380952376,0,551.0,0,161.10488661502478,0,79.63406808376313,0.0065876960754394,0,0.0065876960754394,0,0,0
13.5,0,185.7,0,484.91280336966094,0,1494.0,0,574.8215987545899,0,526.3060585021973,166438104.6611064,0,166438104.6611064,0,0,0
9.5,0,154.57,0,157.3948581282409,0,316.75,0,92.28148344158042,0,43.98861730575562,83242343.30477838,0,83242343.30477838,0,0,0
9.5,0,149.34,0,153.69453243024603,0,641.9,0,171.85560939537706,0,429.11449418067934,83242207.16210511,0,83242207.16210511,0,0,0
13.5,0,54.4,0,54.80252568381052,0,58.0,0,1.5903798119214847,0,0.0367343664169311,166421173.7106505,0,166421173.7106505,0,0,0
5.5,0,133.2,0,154.40738095238095,0,344.0,0,100.59575667036378,0,214.3103703022003,0.0526973009109497,0,0.0526973009109497,0,0,0
9.5,0,1451.88,0,1403.2622992697018,0,2750.64,0,775.0305642962886,0,0.6427646327018738,83242638.10248768,0,83242638.10248768,0,0,0
9.5,0,323.51,0,221.4298373511164,0,1093.3,0,341.3161160818534,0,43.39818484783173,83241534.9354667,0,83241534.9354667,0,0,0
9.5,0,329.94,0,376.6556275417908,0,1156.22,0,433.3503154739094,0,34.11204690217972,83241763.6135466,0,83241763.6135466,0,0,0
13.5,0,158.3,0,79.50813295493636,0,191.1,0,33.93578624304017,0,73.82135093212128,166430869.8644119,0,166430869.8644119,0,0,0
5.5,0,79.6,0,93.7231746031746,0,123.0,0,21.141810769058853,0,72.2323429107666,0.0152290105819702,0,0.0152290105819702,0,0,0
5.5,0,137.5,0,161.93892857142856,0,317.3,0,105.81533384819916,0,1508.3641090869903,0.0225648164749145,0,0.0225648164749145,0,0,0
5.5,0,113.9,0,92.89186507936508,0,210.3,0,53.0860536915643,0,59.65452854633331,0.0157840013504028,0,0.0157840013504028,0,0,0
13.5,0,98.8,0,134.02783393163423,0,667.0,0,158.27261609944097,0,924.7954536676408,166439166.7881091,0,166439166.7881091,0,0,0
13.5,0,66.7,0,744.3348342408366,0,1514.0,0,710.0051774731392,0,1.478513503074646,166439330.8863888,0,166439330.8863888,0,0,0
5.5,0,106.5,0,128.14630952380952,0,291.9,0,91.19552169189708,0,8.87745099067688,0.0149140119552612,0,0.0149140119552612,0,0,0
5.5,0,61.2,0,62.88222222222223,0,66.0,0,3.832445560779729,0,4.18772611618042,0.0012945890426635,0,0.0012945890426635,0,0,0
13.5,0,1089.4,0,950.1158365031082,0,2817.2,0,931.506161450727,0,36.08645884990692,166430976.67365542,0,166430976.67365542,0,0,0
13.5,0,54.0,0,54.0,0,54.0,0,0.0,0,0.0132676362991333,166429884.78607243,0,166429884.78607243,0,0,0
13.5,0,58.0,0,58.0,0,58.0,0,0.0,0,0.0,166421054.53685272,0,166421054.53685272,0,0,0
5.5,0,105.1,0,108.44035714285717,0,229.5,0,56.94544375401163,0,50.43359639644623,0.0142675161361694,0,0.0142675161361694,0,0,0
5.5,0,930.4,0,1349.6161904761907,0,1514.0,0,254.6104666425844,0,14.238652682304382,0.0027456045150756,0,0.0027456045150756,0,0,0
13.5,0,80.1,0,85.58580884114166,0,317.0,0,64.7015490625498,0,13674.665390515329,166428627.09526792,0,166428627.09526792,0,0,0
5.5,0,70.1,0,61.479007936507934,0,88.6,0,11.361609477883482,0,23.179887294769287,0.0024369955062866,0,0.0024369955062866,0,0,0
5.5,0,89.5,0,118.98416666666668,0,150.0,0,27.831230226524685,0,280.4849688053131,0.0149652957916259,0,0.0149652957916259,0,0,0
13.5,0,55.6,0,54.66786287843563,0,58.0,0,1.4254266891865344,0,0.031209397315979,166430264.95159832,0,166430264.95159832,0,0,0
13.5,0,126.2,0,89.07170155566828,0,389.1,0,77.70685421848766,0,6395.738771295548,166437391.67979568,0,166437391.67979568,0,0,0
5.5,0,74.6,0,89.03730158730158,0,126.0,0,19.20498662335513,0,84.86805324554443,0.0140261173248291,0,0.0140261173248291,0,0,0
13.5,0,179.7,0,97.71734665360438,0,319.4,0,68.78184212586346,0,4.498045063018799,166439363.49332982,0,166439363.49332982,0,0,0
9.5,0,128.4,0,117.45497211478752,0,308.57,0,85.75237028810967,0,190.2743771839142,83243479.04008342,0,83243479.04008342,0,0,0
9.5,0,120.99,0,133.857745929595,0,284.16,0,81.95591496404332,0,322.6514655709267,83241845.38875824,0,83241845.38875824,0,0,0
5.5,0,190.4,0,226.968253968254,0,269.6,0,47.85220342294774,0,1047.6036983966828,0.0148527860641479,0,0.0148527860641479,0,0,0
9.5,0,189.66,0,188.07944845458115,0,670.82,0,173.93495350701588,0,163.97891117095946,83242090.97372611,0,83242090.97372611,0,0,0
5.5,0,221.9,0,225.44007936507936,0,394.0,0,110.06803119606904,0,57.40483679771423,0.0254995107650756,0,0.0254995107650756,0,0,0
5.5,0,1087.8,0,1142.675,0,1514.0,0,522.7355767868792,0,14.536144042015076,0.0005534887313842,0,0.0005534887313842,0,0,0
5.5,0,102.3,0,98.62007936507936,0,277.0,0,73.90011841403708,0,260.6638105154037,0.0044279098510742,0,0.0044279098510742,0,0,0
13.5,0,113.5,0,123.49791443764354,0,441.0,0,97.1303758445244,0,460.5943199396133,166421063.65138838,0,166421063.65138838,0,0,0
5.5,0,86.8,0,103.38539682539684,0,202.8,0,45.39116335233601,0,281.3214396238327,0.0150009870529174,0,0.0150009870529174,0,0,0
5.5,0,68.6,0,69.61801587301588,0,112.6,0,17.864079827127664,0,111.04253389835358,0.0056537866592407,0,0.0056537866592407,0,0,0
13.5,0,55.6,0,57.53859305125559,0,58.0,0,0.9102909769097228,0,0.1442708969116211,166437913.08657712,0,166437913.08657712,0,0,0
9.5,0,97.76,0,102.01300618980264,0,287.66,0,71.23707263576854,0,6465.854729480743,83241135.9563442,0,83241135.9563442,0,0,0
5.5,0,151.2,0,143.7788888888889,0,205.6,0,58.89851532472488,0,154.5357530117035,0.0512423992156982,0,0.0512423992156982,0,0,0
13.5,0,1659.5,0,1123.759615486423,0,2238.0,0,755.8151006839653,0,6.206765079498291,166430307.7877628,0,166430307.7877628,0,0,0
5.5,0,1099.2,0,626.9893650793651,0,1370.4,0,574.6199679330725,0,14.361010527610778,0.0030085802078247,0,0.0030085802078247,0,0,0
13.5,0,815.7,0,930.2959901493416,0,1514.0,0,689.9393050726804,0,14.639012026786803,166430334.1815054,0,166430334.1815054,0,0,0
9.5,0,306.08,0,312.7732161305327,0,1122.96,0,390.840459853108,0,116.82376082420348,83241770.30949931,0,83241770.30949931,0,0,0
5.5,0,142.3,0,198.82869047619047,0,357.0,0,98.78546717179918,0,13.253517746925354,0.0320716857910156,0,0.0320716857910156,0,0,0
5.5,0,75.2,0,72.23817460317461,0,117.8,0,22.43545568994329,0,181.0248091936112,0.0097893953323364,0,0.0097893953323364,0,0,0
5.5,0,579.9,0,298.14646825396824,0,789.5,0,285.5317602159421,0,68.02358605861664,0.011381196975708,0,0.011381196975708,0,0,0
13.5,0,349.2,0,165.22499277296492,0,862.2,0,233.7045812577664,0,0.1951386928558349,166430737.94495398,0,166430737.94495398,0,0,0
5.5,0,117.1,0,147.48123015873014,0,318.0,0,86.70394640653265,0,0.028093671798706,166430994.6842989,0,166430994.6842989,0,0,0
13.5,0,118.2,0,105.16906264487147,0,296.4,0,67.24390160810508,0,30.04502954483032,166437965.70623532,0,166437965.70623532,0,0,0
5.5,0,57.3,0,58.715595238095226,0,80.4,0,9.80763603420324,0,0.4763085842132568,0.0020908832550048,0,0.0020908832550048,0,0,0
13.5,0,77.2,0,269.2067896860621,0,1514.0,0,486.6573977545322,0,36.70616521835327,166430708.56989798,0,166430708.56989798,0,0,0
5.5,0,87.5,0,72.13690476190476,0,99.5,0,12.187394411689391,0,29.086386919021606,0.0032521963119506,0,0.0032521963119506,0,0,0
5.5,0,1074.6,0,1404.6016666666667,0,1494.0,0,165.8926512724704,0,50.24599573612213,0.0043749809265136,0,0.0043749809265136,0,0,0
9.5,0,134.8,0,133.21570859605652,0,332.47,0,88.6609247665709,0,319.6842418909073,83243366.59038267,0,83243366.59038267,0,0,0
5.5,0,91.9,0,73.98960317460316,0,120.4,0,19.02073565765308,0,53.18564865589142,0.0207782983779907,0,0.0207782983779907,0,0,0
13.5,0,481.4,0,410.1498833149994,0,1532.4,0,591.8853465973815,0,86.96233007907867,166421702.68874958,0,166421702.68874958,0,0,0
5.5,0,54.0,0,54.0,0,54.0,0,0.0,0,0.0006399869918823,0.0003213882446289,0,0.0003213882446289,0,0,0
13.5,0,85.3,0,107.75506771092684,0,441.0,0,102.01110579309298,0,0.2958768844604492,166439221.54481238,0,166439221.54481238,0,0,0
5.5,0,791.4,0,436.92619047619047,0,941.6,0,415.6845209083576,0,27.808592915534973,0.0123082876205444,0,0.0123082876205444,0,0,0
13.5,0,712.7,0,359.4250157878757,0,1609.6,0,508.0326550280073,0,57.69117224216461,166421673.5561027,0,166421673.5561027,0,0,0
5.5,0,103.4,0,87.03007936507936,0,159.5,0,38.76854751771991,0,0.0255682468414306,0.0004650115966796,0,0.0004650115966796,0,0,0
13.5,0,66.0,0,66.0,0,66.0,0,0.0,0,0.3133193969726562,166437917.8632986,0,166437917.8632986,0,0,0
13.5,0,1387.1,0,384.264252226102,0,2708.2,0,765.4424382663962,0,0.0433156967163085,166429835.2649434,0,166429835.2649434,0,0,0
13.5,0,78.0,0,116.53344290513408,0,385.0,0,97.52623059448388,0,507.3204025030136,166428897.89788452,0,166428897.89788452,0,0,0
5.5,0,119.8,0,112.07051587301586,0,184.4,0,49.57213611370362,0,77.61765267848969,0.0307941913604736,0,0.0307941913604736,0,0,0
9.5,0,134.01,0,122.46635685551978,0,340.53,0,85.93408490025271,0,217.35172197580337,83242485.05538851,0,83242485.05538851,0,0,0
5.5,0,104.5,0,75.27059523809524,0,123.0,0,20.77816047779409,0,72.32973668575286,0.0130112886428833,0,0.0130112886428833,0,0,0
13.5,0,750.3,0,372.1504584940343,0,2997.2,0,882.7488018361795,0,28.757504391670228,166430702.462468,0,166430702.462468,0,0,0
5.5,0,54.8,0,54.12444444444444,0,54.8,0,0.2857078722109418,0,0.0140620708465576,0.000235104560852,0,0.000235104560852,0,0,0
13.5,0,119.8,0,94.45713539040938,0,233.5,0,60.68493770198303,0,94.73221909999847,166437981.71105972,0,166437981.71105972,0,0,0
13.5,0,59.2,0,55.43070347437221,0,73.2,0,4.46590108599335,0,0.0239675998687744,166421174.7639534,0,166421174.7639534,0,0,0
5.5,0,91.3,0,90.02456349206349,0,170.8,0,36.27446131780067,0,15.479396986961364,0.0040215015411376,0,0.0040215015411376,0,0,0
5.5,0,244.6,0,209.92880952380952,0,409.6,0,134.6724666548033,0,118.05537722110748,0.0160403966903686,0,0.0160403966903686,0,0,0
5.5,0,54.0,0,54.0,0,54.0,0,0.0,0,0.2607919692993164,0.0005088090896606,0,0.0005088090896606,0,0,0
5.5,0,129.5,0,154.10543650793653,0,214.5,0,55.71356589159918,0,255.4069180965424,0.0123213052749633,0,0.0123213052749633,0,0,0
13.5,0,234.2,0,1056.9062448396116,0,5778.0,0,1513.9881489088198,0,27.01990020275116,166430885.2128497,0,166430885.2128497,0,0,0
5.5,0,58.0,0,59.24920634920635,0,77.6,0,8.08544838823942,0,0.0032926082611083,0.0005078077316284,0,0.0005078077316284,0,0,0
5.5,0,3996.0,0,3812.978571428572,0,4288.0,0,624.0589485452327,0,0.9169533491134644,0.0003288030624389,0,0.0003288030624389,0,0,0
5.5,0,136.1,0,137.32781746031745,0,242.0,0,59.82699592311195,0,136.01819355487822,0.0130783081054687,0,0.0130783081054687,0,0,0
9.5,0,121.38,0,129.15506132098895,0,285.22,0,77.44844090087786,0,137.8436391067505,83241803.23119467,0,83241803.23119467,0,0,0
13.5,0,55.2,0,56.5690250066411,0,58.0,0,1.878137943528132,0,0.0640549182891845,166421234.8160219,0,166421234.8160219,0,0,0
13.5,0,117.3,0,88.81095101965458,0,355.5,0,70.37958342892115,0,5.510254073143005,166430375.795404,0,166430375.795404,0,0,0
13.5,0,72.7,0,93.7181524319334,0,214.0,0,47.872258411341456,0,131.7332118034363,166430217.5058924,0,166430217.5058924,0,0,0
5.5,0,58.0,0,58.0,0,58.0,0,0.0,0,0.0062985181808471,7.429122924804688e-05,0,7.429122924804688e-05,0,0,0
13.5,0,1042.8,0,841.2004304501828,0,3322.0,0,1233.211248757167,0,0.0109885692596435,166428662.3245644,0,166428662.3245644,0,0,0
5.5,0,58.0,0,58.0,0,58.0,0,0.0,0,0.0,4.8208236694335935e-05,0,4.8208236694335935e-05,0,0,0
13.5,0,140.7,0,98.04251557566958,0,314.4,0,67.03412563394554,0,13.402517580986023,166421219.8899667,0,166421219.8899667,0,0,0
5.5,0,82.8,0,60.08,0,111.6,0,17.690966799187812,0,0.2609447240829468,0.0002288103103637,0,0.0002288103103637,0,0,0
9.5,0,121.6,0,135.1770153086078,0,365.2,0,100.24435937419598,0,330.12938166618346,83243739.53721076,0,83243739.53721076,0,0,0
5.5,0,1658.8,0,505.9736507936508,0,2527.6,0,790.9570236932746,0,2.0178423643112184,0.0022561788558959,0,0.0022561788558959,0,0,0
9.5,0,931.44,0,846.5547460628467,0,2413.52,0,835.4543174477028,0,0.4725920534133911,83243082.31051333,0,83243082.31051333,0,0,0
13.5,0,66.8,0,1590.3903318250375,0,3322.0,0,1597.4707510978683,0,0.0389832496643066,166421057.2632254,0,166421057.2632254,0,0,0
5.5,0,66.0,0,66.0,0,66.0,0,0.0,0,1.817947244644165,0.0002562046051025,0,0.0002562046051025,0,0,0
5.5,0,117.1,0,110.83365079365078,0,227.5,0,63.49198721573633,0,145.22502093315126,0.0135308980941772,0,0.0135308980941772,0,0,0
5.5,0,66.0,0,66.0,0,66.0,0,0.0,0,3.8776936531066895,9.059906005859376e-07,0,9.059906005859376e-07,0,0,0
5.5,0,165.6,0,198.1903968253968,0,351.7,0,111.58195233204432,0,89.89970481395721,0.017839503288269,0,0.017839503288269,0,0,0
5.5,0,109.9,0,83.49539682539681,0,144.9,0,26.33614937848289,0,100.30511753559112,0.0073487997055053,0,0.0073487997055053,0,0,0
5.5,0,116.4,0,90.70218253968252,0,149.9,0,31.62980070542332,0,10.401481175422669,0.0152009963989257,0,0.0152009963989257,0,0,0
13.5,0,222.4,0,137.27467647591487,0,299.4,0,76.47085182061345,0,6397.452751517296,166437391.8958921,0,166437391.8958921,0,0,0
9.5,0,108.2,0,101.12932143346848,0,239.78,0,55.223867748499934,0,424.1769661474228,83244307.9757335,0,83244307.9757335,0,0,0
5.5,0,57.8,0,55.76706349206349,0,60.6,0,2.4803458577424164,0,0.0561460256576538,0.0005029916763305,0,0.0005029916763305,0,0,0
13.5,0,56.8,0,56.00311258572869,0,58.0,0,1.9823603319710963,0,0.0050400257110595,166421755.6578167,0,166421755.6578167,0,0,0
9.5,0,154.88,0,160.43989331368667,0,409.39,0,113.71652506626344,0,389.02014673948287,83243507.56489515,0,83243507.56489515,0,0,0
13.5,0,105.4,0,114.51484122430716,0,300.0,0,76.78475083549606,0,22.556261205673216,166430921.1325695,0,166430921.1325695,0,0,0
13.5,0,141.6,0,129.29621906043735,0,331.0,0,71.8098817908342,0,269.2175489902496,166429015.6678757,0,166429015.6678757,0,0,0
13.5,0,107.0,0,162.470176233725,0,791.0,0,178.92571345352593,0,228.22889211177824,166428719.0593658,0,166428719.0593658,0,0,0
13.5,0,59.9,0,57.66561429841228,0,77.0,0,6.044282690199791,0,2.0537368059158325,166428645.5018368,0,166428645.5018368,0,0,0
13.5,0,150.0,0,87.44824842125539,0,323.8,0,67.8417473060979,0,7.318356156349182,166438140.2370931,0,166438140.2370931,0,0,0
5.5,0,85.5,0,107.02313492063492,0,216.7,0,54.08781331322251,0,127.11647155284882,0.0036935091018676,0,0.0036935091018676,0,0,0
13.5,0,237.7,0,264.5141044593521,0,1286.6,0,356.11197087544105,0,49.15919597148896,166429850.529232,0,166429850.529232,0,0,0
13.5,0,66.0,0,66.0,0,66.0,0,0.0,0,0.8846122980117798,166437398.63831633,0,166437398.63831633,0,0,0
9.5,0,214.64,0,196.87391292406423,0,620.33,0,177.1455903998441,0,26.54377501249313,83242507.06293678,0,83242507.06293678,0,0,0
9.5,0,100.89,0,105.77941349740732,0,256.33,0,69.15970175452364,0,465.6375486183167,83242199.38893613,0,83242199.38893613,0,0,0
9.5,0,84.47,0,80.43914559223886,0,187.09,0,41.96331867405026,0,85.3115217757225,83241822.9063484,0,83241822.9063484,0,0,0
5.5,0,54.0,0,54.0,0,54.0,0,0.0,0,0.0067604541778564,0.0004651069641113,0,0.0004651069641113,0,0,0
5.5,0,442.3,0,733.2814682539682,0,2996.4,0,1115.6150392994,0,149.07722611427306,0.010863184928894,0,0.010863184928894,0,0,0
5.5,0,110.3,0,81.28392857142856,0,136.0,0,25.365654906234106,0,330.61111841201785,0.0527808904647827,0,0.0527808904647827,0,0,0
13.5,0,391.6,0,254.1519688739193,0,2996.4,0,715.5049524430772,0,0.0332675695419311,166430423.3347352,0,166430423.3347352,0,0,0
9.5,0,117.22,0,119.26007710379578,0,263.41,0,64.35109637530242,0,609.0701495313645,83243911.00641268,0,83243911.00641268,0,0,0
9.5,0,1462.11,0,1407.5905133579442,0,2243.76,0,886.726246989681,0,1.3839963531494142,83243083.02112639,0,83243083.02112639,0,0,0
13.5,0,104.3,0,106.30942792286832,0,377.7,0,90.05922107129604,0,201.30591905117035,166429824.29054528,0,166429824.29054528,0,0,0
13.5,0,75.8,0,103.98069246414062,0,441.0,0,92.36493105505544,0,82.59220471382142,166430850.20716628,0,166430850.20716628,0,0,0
13.5,0,102.5,0,93.86369619157932,0,351.5,0,76.99733807681199,0,14.170291876792907,166421620.8307148,0,166421620.8307148,0,0,0
5.5,0,92.9,0,89.80765873015874,0,160.2,0,33.378973210738764,0,90.93991043567658,0.01404869556427,0,0.01404869556427,0,0,0
13.5,0,139.0,0,163.18107617442757,0,428.6,0,107.18649576437818,0,2577.387511587143,166439105.05843088,0,166439105.05843088,0,0,0
13.5,0,82.0,0,181.93480336055413,0,1514.0,0,358.76111131077914,0,109.23262269496918,166429131.31052083,0,166429131.31052083,0,0,0
13.5,0,58.0,0,58.0,0,58.0,0,0.0,0,0.0,166428725.849399,0,166428725.849399,0,0,0
5.5,0,127.7,0,141.11218253968255,0,222.6,0,53.51515983754472,0,391.5570390462875,0.0252052068710327,0,0.0252052068710327,0,0,0
13.5,0,54.0,0,72.32433644700673,0,328.0,0,68.08835801733194,0,1.5428796052932738,166430687.27887172,0,166430687.27887172,0,0,0
13.5,0,178.5,0,122.70420067247856,0,315.9,0,87.76696392946289,0,15.771837973594666,166429079.00911492,0,166429079.00911492,0,0,0
5.5,0,238.9,0,251.6088492063492,0,1073.2,0,354.1618715933143,0,0.0995275974273681,0.0136934995651245,0,0.0136934995651245,0,0,0
13.5,0,1076.4,0,949.7572242360324,0,2817.2,0,847.0588164001744,0,88.4858021736145,166429137.0861471,0,166429137.0861471,0,0,0
13.5,0,105.6,0,109.3693759422552,0,303.0,0,75.19520161190346,0,29.76890435218811,166439369.5490566,0,166439369.5490566,0,0,0
5.5,0,1171.5,0,1415.7069444444446,0,1950.5,0,411.9927388717941,0,22.958970165252687,0.010176396369934,0,0.010176396369934,0,0,0
5.5,0,54.0,0,54.0,0,54.0,0,0.0,0,0.1474960088729858,0.0001060009002685,0,0.0001060009002685,0,0,0
9.5,0,93.62,0,90.8332766163575,0,225.1,0,51.56270733320618,0,590.0071407437324,83242428.95364541,0,83242428.95364541,0,0,0
9.5,0,257.03,0,198.0256043448725,0,1011.63,0,268.92786131735915,0,84.95957593917846,83243058.60995826,0,83243058.60995826,0,0,0
13.5,0,66.0,0,161.5005563734511,0,1494.0,0,354.8546541925183,0,1.0378576040267944,166421097.46442142,0,166421097.46442142,0,0,0
13.5,0,106.1,0,68.86815789473684,0,106.1,0,9.78681165536363,0,19.462207651138307,166428661.1425362,0,166428661.1425362,0,0,0
5.5,0,118.6,0,101.98626984126984,0,173.0,0,44.25020903344261,0,395.86512937545774,0.0143136978149414,0,0.0143136978149414,0,0,0
13.5,0,150.0,0,88.55541283492909,0,203.8,0,48.46636477041348,0,501.4185147762298,166428968.65653858,0,166428968.65653858,0,0,0
13.5,0,161.6,0,193.8392546179311,0,1113.0,0,262.96954263799086,0,158.25248849391937,166438107.40345058,0,166438107.40345058,0,0,0
9.5,0,60.72,0,61.12185186743081,0,96.08,0,10.281306975754363,0,168.70100414037705,83241129.70076427,0,83241129.70076427,0,0,0
5.5,0,704.7,0,724.7671428571427,0,1514.0,0,602.118046417843,0,26.19330472946167,0.0094605207443237,0,0.0094605207443237,0,0,0
5.5,0,59.9,0,60.432182539682536,0,79.7,0,8.381893822981151,0,11.965261578559875,0.0020875215530395,0,0.0020875215530395,0,0,0
9.5,0,130.32,0,141.2234250375098,0,312.68,0,91.14769691506646,0,173.7042699790001,83241983.31492844,0,83241983.31492844,0,0,0
13.5,0,73.4,0,155.31550350105692,0,1257.0,0,294.348142798088,0,2.0541157007217405,166429027.25993058,0,166429027.25993058,0,0,0
9.5,0,124.2,0,117.6106536553402,0,315.6,0,83.2198125542554,0,94.71329757213591,83242476.31188391,0,83242476.31188391,0,0,0
13.5,0,57.6,0,57.93672514619883,0,58.0,0,0.2681212996367581,0,0.0001168012619018,166421647.753039,0,166421647.753039,0,0,0
5.5,0,155.8,0,149.18154761904762,0,253.0,0,74.26473637959339,0,503.51601257324216,0.0340389013290405,0,0.0340389013290405,0,0,0
9.5,0,309.32,0,267.9578507725935,0,1026.72,0,330.5237934037208,0,50.17386647939682,83241632.52228275,0,83241632.52228275,0,0,0
13.5,0,1370.0,0,1249.1116286740437,0,1514.0,0,557.5170775359338,0,8.775223541259766,166430236.08275253,0,166430236.08275253,0,0,0
5.5,0,1658.8,0,1297.202222222222,0,2382.8,0,742.446467577064,0,24.939353489875792,0.0002586126327514,0,0.0002586126327514,0,0,0
5.5,0,56.0,0,56.73126984126984,0,58.0,0,1.546195141946882,0,0.003633165359497,0.0017945051193237,0,0.0017945051193237,0,0,0
5.5,0,66.0,0,66.0,0,66.0,0,0.0,0,1.4250676393508912,1.25885009765625e-05,0,1.25885009765625e-05,0,0,0
13.5,0,86.3,0,67.07817686828136,0,163.6,0,27.55538280599133,0,316.9586935520172,166439280.2600636,0,166439280.2600636,0,0,0
13.5,0,296.1,0,490.2635848160268,0,1514.0,0,627.9275698965054,0,34.564402198791505,166429129.42278522,0,166429129.42278522,0,0,0
5.5,0,1012.0,0,451.9730158730159,0,2066.0,0,749.7350833522122,0,29.49946885108948,0.0220088958740234,0,0.0220088958740234,0,0,0
5.5,0,56.0,0,56.19126984126984,0,68.0,0,5.001212797328991,0,0.1181023120880127,0.0008787155151367,0,0.0008787155151367,0,0,0
5.5,0,78.2,0,93.43626984126983,0,156.0,0,31.400674907374658,0,88.84441027641296,0.0019780158996582,0,0.0019780158996582,0,0,0
13.5,0,58.0,0,58.0,0,58.0,0,0.0,0,0.0,166437957.64166,0,166437957.64166,0,0,0
9.5,0,109.74,0,120.84567841502322,0,324.03,0,80.34785105611104,0,104.038126642704,83243430.07373601,0,83243430.07373601,0,0,0
9.5,0,112.34,0,102.73602172530772,0,285.3,0,72.08986726006837,0,94.0816491317749,83243819.39642908,0,83243819.39642908,0,0,0
5.5,0,1223.6,0,1350.7742857142855,0,1514.0,0,300.878534304027,0,34.39320347309113,0.0005647897720336,0,0.0005647897720336,0,0,0
13.5,0,54.0,0,54.0,0,54.0,0,0.0,0,0.5535166025161743,166438081.4245094,0,166438081.4245094,0,0,0
13.5,0,1208.4,0,1464.2708771929829,0,1494.0,0,107.43676551344224,0,1.0847054243087768,166439281.6067152,0,166439281.6067152,0,0,0
5.5,0,112.5,0,165.51666666666668,0,339.0,0,88.37067296978954,0,11.978682947158813,0.0126749038696289,0,0.0126749038696289,0,0,0
13.5,0,662.5,0,881.244824606508,0,1514.0,0,708.6214299204488,0,1193.1140840053558,166430611.7118378,0,166430611.7118378,0,0,0
5.5,0,198.1,0,205.25662698412697,0,357.6,0,126.56142293875726,0,28.84188356399536,0.007348608970642,0,0.007348608970642,0,0,0
13.5,0,68.7,0,502.6314736832654,0,3322.0,0,1101.1348842729917,0,152.52108225822448,166428812.2948951,0,166428812.2948951,0,0,0
5.5,0,934.8,0,445.00825396825394,0,934.8,0,413.1257123049565,0,10.119451475143432,0.0022661924362182,0,0.0022661924362182,0,0,0
5.5,0,215.4,0,214.67634920634924,0,527.4,0,152.09323236536005,0,5239.954346346855,0.0163252115249633,0,0.0163252115249633,0,0,0
13.5,0,118.5,0,115.16631470223965,0,230.0,0,64.29052208609882,0,12.640381026268006,166429234.82217363,0,166429234.82217363,0,0,0
13.5,0,81.8,0,79.46860908870971,0,317.0,0,65.07777590234765,0,40.97290065288544,166438181.44092292,0,166438181.44092292,0,0,0
9.5,0,357.19,0,356.9250605763345,0,1091.52,0,380.1912031417399,0,84.97582374811172,83241587.2306596,0,83241587.2306596,0,0,0
13.5,0,210.8,0,1163.65450403183,0,2962.0,0,760.9745330493952,0,2.612443375587463,166429139.7640637,0,166429139.7640637,0,0,0
13.5,0,1224.4,0,1226.2169441012206,0,2672.4,0,820.4347763552914,0,5.80671980381012,166430754.6412304,0,166430754.6412304,0,0,0
13.5,0,58.0,0,58.0,0,58.0,0,0.0,0,0.0,166438100.1025787,0,166438100.1025787,0,0,0
5.5,0,1368.4,0,1405.4419047619049,0,2996.4,0,965.9015951518048,0,0.0482325792312622,0.0001113176345825,0,0.0001113176345825,0,0,0
9.5,0,101.0,0,100.37319294585704,0,244.49,0,54.81978389156432,0,345.78201533079147,83242604.26954843,0,83242604.26954843,0,0,0
5.5,0,931.6,0,1021.8555555555556,0,1514.0,0,560.3914388873292,0,5.581677699089051,0.0007478952407836,0,0.0007478952407836,0,0,0
13.5,0,1803.6,0,1150.3241594177236,0,2817.9,0,837.7798638770525,0,1.501709246635437,166430710.9322191,0,166430710.9322191,0,0,0
9.5,0,92.3,0,97.3307677192948,0,264.33,0,70.50124084576491,0,642.7819884514809,83244250.664634,0,83244250.664634,0,0,0
5.5,0,66.0,0,66.0,0,66.0,0,0.0,0,10.183336544036866,0.0009004116058349,0,0.0009004116058349,0,0,0
5.5,0,105.6,0,82.29793650793651,0,145.4,0,37.56509344189941,0,136.49630417823792,0.0103754997253417,0,0.0103754997253417,0,0,0
9.5,0,125.12,0,121.08804870830063,0,256.67,0,68.90363211955582,0,360.8837514281273,83242991.10159825,0,83242991.10159825,0,0,0
13.5,0,55.6,0,56.37668175305946,0,58.0,0,1.959227083897332,0,0.049515676498413,166428664.8961584,0,166428664.8961584,0,0,0
5.5,0,132.5,0,175.91305555555556,0,317.0,0,88.45583836092668,0,79.61366243362427,0.0144006967544555,0,0.0144006967544555,0,0,0
13.5,0,108.0,0,105.07070706383402,0,217.0,0,50.83513032297618,0,1223.699798631668,166421598.08829468,0,166421598.08829468,0,0,0
5.5,0,56.4,0,56.56952380952381,0,57.6,0,1.568534998513994,0,0.0018567085266113,0.0009946107864379,0,0.0009946107864379,0,0,0
13.5,0,119.1,0,83.31236098395927,0,208.6,0,39.94447650610043,0,64.86797320842743,166430371.83903712,0,166430371.83903712,0,0,0
13.5,0,122.8,0,215.743461621368,0,790.0,0,234.77433784805527,0,17.453779530525207,166430336.0124758,0,166430336.0124758,0,0,0
13.5,0,134.9,0,105.8143495268921,0,346.6,0,84.8182669048095,0,0.0615722894668579,166430615.374678,0,166430615.374678,0,0,0
13.5,0,113.0,0,106.9468203485541,0,230.0,0,54.81833832951857,0,216.7453617811203,166438073.4691523,0,166438073.4691523,0,0,0
5.5,0,65.8,0,56.52253968253969,0,67.4,0,4.56700998077006,0,31.405358052253725,0.0020989179611206,0,0.0020989179611206,0,0,0
13.5,0,58.0,0,56.39494863237898,0,58.0,0,1.9350867442946025,0,0.0,166438064.7565859,0,166438064.7565859,0,0,0
5.5,0,66.8,0,66.3831746031746,0,69.2,0,1.0359325604178486,0,0.0480166673660278,0.0006680965423583,0,0.0006680965423583,0,0,0
13.5,0,54.0,0,54.0,0,54.0,0,0.0,0,0.0409950017929077,166421173.69846994,0,166421173.69846994,0,0,0
5.5,0,76.3,0,61.54805555555555,0,82.4,0,7.998906365235714,0,244.77791860103608,0.0061474084854125,0,0.0061474084854125,0,0,0
5.5,0,79.6,0,74.48039682539684,0,102.3,0,17.811251537718796,0,326.0043423175812,0.0200894117355346,0,0.0200894117355346,0,0,0
13.5,0,110.0,0,99.59877524221564,0,317.0,0,67.9060194689799,0,224.69130108356475,166428862.71995708,0,166428862.71995708,0,0,0
13.5,0,167.3,0,123.57646094789284,0,640.4,0,144.66460183262896,0,0.4627114057540893,166430639.2615291,0,166430639.2615291,0,0,0
13.5,0,84.9,0,209.3252212377406,0,1514.0,0,364.63702183970247,0,20.03699021339417,166430944.3063015,0,166430944.3063015,0,0,0
13.5,0,132.1,0,130.96298266533947,0,441.0,0,105.93280199983188,0,0.7406172037124634,166428643.06028157,0,166428643.06028157,0,0,0
13.5,0,66.0,0,327.0214786593696,0,1514.0,0,514.0594760506908,0,2.8736241817474366,166430940.9387378,0,166430940.9387378,0,0,0
5.5,0,113.9,0,107.13757936507936,0,226.9,0,55.45861503945604,0,26.84686133861542,0.0120736837387084,0,0.0120736837387084,0,0,0
13.5,0,234.3,0,115.96873948935482,0,235.1,0,73.0818986432112,0,0.0482572078704834,166439297.8274574,0,166439297.8274574,0,0,0
5.5,0,522.6,0,202.6266666666667,0,637.2,0,234.276041639332,0,5.776053404808044,0.0021213054656982,0,0.0021213054656982,0,0,0
13.5,0,69.2,0,81.83809148410928,0,253.0,0,45.73841506004809,0,0.0821799278259277,166439180.8936801,0,166439180.8936801,0,0,0
13.5,0,410.5,0,990.0256218467636,0,7306.0,0,1814.3857746651893,0,0.0104304552078247,166430639.44491738,0,166430639.44491738,0,0,0
5.5,0,105.8,0,94.49126984126984,0,208.6,0,48.25036306339973,0,490.1182295799255,0.0082485914230346,0,0.0082485914230346,0,0,0
13.5,0,70.6,0,93.46997005875104,0,317.0,0,73.54564527050883,0,129.26039633750915,166430935.7564678,0,166430935.7564678,0,0,0
5.5,0,89.0,0,74.85515873015873,0,122.6,0,19.590374636780165,0,11.037120628356934,0.0081568002700805,0,0.0081568002700805,0,0,0
13.5,0,93.9,0,86.38107832441037,0,226.8,0,53.50713224418856,0,49.35024824142456,166430925.2793585,0,166430925.2793585,0,0,0
5.5,0,528.6,0,400.7080952380952,0,1021.7,0,428.5670144001283,0,13.927243947982788,0.0086862087249755,0,0.0086862087249755,0,0,0
5.5,0,96.8,0,83.90460317460315,0,144.2,0,33.76849013590189,0,6.5625690698623655,0.007031512260437,0,0.007031512260437,0,0,0
5.5,0,58.6,0,56.6765873015873,0,60.4,0,2.398532838908958,0,27.04436724185944,0.0014257192611694,0,0.0014257192611694,0,0,0
13.5,0,58.0,0,55.592422948568455,0,58.0,0,1.896525772197481,0,0.0,166421286.5708508,0,166421286.5708508,0,0,0
5.5,0,108.8,0,90.28396825396824,0,175.6,0,37.806152004459165,0,30.54441843032837,0.018622088432312,0,0.018622088432312,0,0,0
13.5,0,67.1,0,67.93845652111904,0,157.5,0,28.30106867002454,0,0.0127712965011596,166430827.5498299,0,166430827.5498299,0,0,0
13.5,0,938.2,0,201.72359065770831,0,1290.0,0,336.45404251269184,0,31.877642583847045,166430888.8825436,0,166430888.8825436,0,0,0
9.5,0,107.43,0,99.65686887983018,0,202.88,0,43.77427511553856,0,62.68318231105805,83243927.87528741,0,83243927.87528741,0,0,0
5.5,0,106.0,0,129.75396825396825,0,258.4,0,70.70977796581873,0,53.2062376499176,0.0052809000015258,0,0.0052809000015258,0,0,0
9.5,0,185.01,0,132.55771723284454,0,783.29,0,185.4107527742468,0,5.855170667171478,83241464.16325298,0,83241464.16325298,0,0,0
9.5,0,315.86,0,312.6341695250914,0,1048.75,0,365.8523538212563,0,0.2633572363853455,99889876.41397496,0,99889876.41397496,0,0,0
13.5,0,129.2,0,102.13256505792108,0,317.0,0,70.67557822662289,0,1.0473253726959229,166430994.9764983,0,166430994.9764983,0,0,0
5.5,0,125.5,0,112.01480158730158,0,237.1,0,63.957250365747846,0,155.90089156627656,0.0219758987426757,0,0.0219758987426757,0,0,0
9.5,0,1434.16,0,1312.588786276331,0,2411.28,0,944.7615676324168,0,2.0465697932243345,83243083.16223498,0,83243083.16223498,0,0,0
5.5,0,67.0,0,66.09753968253969,0,126.6,0,26.354496210534204,0,338.3590031147004,0.0105695009231567,0,0.0105695009231567,0,0,0
5.5,0,802.8,0,938.4323809523808,0,1514.0,0,627.4141695067794,0,31.77600014209748,0.0077749967575073,0,0.0077749967575073,0,0,0
13.5,0,371.3,0,117.5301314599573,0,556.4,0,128.87330980174042,0,30.16551187038421,166430212.51457563,0,166430212.51457563,0,0,0
5.5,0,170.9,0,219.7521031746032,0,580.5,0,183.98156221394896,0,4.963088464736939,0.003338599205017,0,0.003338599205017,0,0,0
9.5,0,138.12,0,136.14256915861054,0,277.0,0,74.90046614948588,0,172.07490197896956,83243434.83768155,0,83243434.83768155,0,0,0
13.5,0,121.8,0,125.15993065156378,0,317.0,0,75.43397495879881,0,147.9387993812561,166429888.15978938,0,166429888.15978938,0,0,0
13.5,0,115.2,0,74.26768833849329,0,179.2,0,26.92698119066068,0,11.53628330230713,166428914.196072,0,166428914.196072,0,0,0
5.5,0,57.6,0,57.96,0,58.0,0,0.12,0,0.0050553083419799,1.9216537475585936e-05,0,1.9216537475585936e-05,0,0,0
13.5,0,58.0,0,58.0,0,58.0,0,0.0,0,0.0,166430229.697824,0,166430229.697824,0,0,0
9.5,0,1338.31,0,1245.6650413837538,0,2928.11,0,1092.6961220430817,0,0.1174351048469543,83243082.57758884,0,83243082.57758884,0,0,0
13.5,0,86.8,0,68.27171918380895,0,214.0,0,43.57356136835044,0,1.2948021650314332,166421790.3647607,0,166421790.3647607,0,0,0
5.5,0,63.8,0,59.36888888888889,0,69.6,0,3.579607170235613,0,70.4695447921753,0.0015310049057006,0,0.0015310049057006,0,0,0
13.5,0,99.2,0,121.47265723612476,0,441.0,0,112.26607461367676,0,38.05538358688354,166421636.48001722,0,166421636.48001722,0,0,0
5.5,0,54.4,0,55.85873015873016,0,58.0,0,1.5690191391718105,0,21.181482005119324,0.0008774995803833,0,0.0008774995803833,0,0,0
9.5,0,1378.24,0,1300.949900109351,0,2160.0,0,449.27689935502815,0,1.5932051467895507,83243082.83042544,0,83243082.83042544,0,0,0
13.5,0,65.5,0,494.1011476646848,0,4266.0,0,1047.7835036016957,0,244.3789397239685,166421784.3964973,0,166421784.3964973,0,0,0
5.5,0,135.4,0,171.3243253968254,0,319.3,0,89.12344801357658,0,175.6424336910248,0.0672787904739379,0,0.0672787904739379,0,0,0
5.5,0,66.0,0,66.0,0,66.0,0,0.0,0,0.5469027280807495,1.5020370483398435e-06,0,1.5020370483398435e-06,0,0,0
13.5,0,452.8,0,328.8093633735546,0,518.2,0,192.87092098402005,0,0.2292367219924926,166421213.2253937,0,166421213.2253937,0,0,0
9.5,0,132.64,0,114.4591162833984,0,319.43,0,74.77078477062018,0,106.50591331005096,83244214.23214868,0,83244214.23214868,0,0,0
13.5,0,104.8,0,103.99550541993268,0,317.0,0,74.10199358124055,0,60.62399463653564,166438231.1421131,0,166438231.1421131,0,0,0
5.5,0,57.2,0,57.82777777777778,0,62.8,0,2.380482584324235,0,0.0455112218856811,0.0014547109603881,0,0.0014547109603881,0,0,0
13.5,0,68.9,0,73.00841012058116,0,156.0,0,29.204661229761065,0,125.81049880981443,166430686.7957939,0,166430686.7957939,0,0,0
13.5,0,158.5,0,116.15383952777528,0,545.0,0,118.48976364236236,0,59.30418136119842,166438263.76133507,0,166438263.76133507,0,0,0
9.5,0,108.19,0,106.70479824548516,0,262.93,0,67.48942007049155,0,50.95325161933899,83243423.27767217,0,83243423.27767217,0,0,0
13.5,0,1124.5,0,1100.6312029168805,0,3830.8,0,1130.671005155143,0,90.99158515930176,166439374.8648879,0,166439374.8648879,0,0,0
13.5,0,54.8,0,54.428956516479744,0,57.6,0,1.160447556381201,0,0.0002851963043212,166430862.9458954,0,166430862.9458954,0,0,0
5.5,0,86.3,0,76.41329365079365,0,130.7,0,21.19959289047388,0,110.0902408838272,0.0093379974365234,0,0.0093379974365234,0,0,0
5.5,0,119.9,0,81.57027777777776,0,120.6,0,23.553398566168426,0,60.45341048240662,0.0070270061492919,0,0.0070270061492919,0,0,0
13.5,0,58.0,0,63.75143406730867,0,156.0,0,24.66450625724168,0,0.0,166428861.2166743,0,166428861.2166743,0,0,0
9.5,0,150.49,0,139.16072063338277,0,405.46,0,114.21678449707323,0,195.9935469150543,83242173.99134752,0,83242173.99134752,0,0,0
13.5,0,85.0,0,71.60016119501414,0,129.3,0,18.08751385916276,0,173.30045058727265,166428761.1720044,0,166428761.1720044,0,0,0
5.5,0,357.9,0,185.5343253968254,0,806.8,0,259.8626963428185,0,35.56899259090424,0.0026717901229858,0,0.0026717901229858,0,0,0
13.5,0,101.6,0,84.09450920897129,0,230.0,0,46.99913736803466,0,228.7440151691437,166421327.6240933,0,166421327.6240933,0,0,0
13.5,0,431.9,0,1824.267655233913,0,2922.0,0,1312.891147379452,0,17.936382246017455,166429249.0054234,0,166429249.0054234,0,0,0
13.5,0,108.0,0,108.86033002429288,0,247.7,0,67.73262613331373,0,24.575852966308595,166428831.5575242,0,166428831.5575242,0,0,0
5.5,0,58.0,0,58.0,0,58.0,0,0.0,0,0.0015210151672363,0.0003834962844848,0,0.0003834962844848,0,0,0
5.5,0,146.5,0,132.21126984126985,0,270.2,0,69.41412123818648,0,181.14469666481017,0.0111304998397827,0,0.0111304998397827,0,0,0
9.5,0,84.91,0,85.87128669374141,0,198.92,0,48.52990553870457,0,201.20772664070128,83243658.17068739,0,83243658.17068739,0,0,0
5.5,0,158.5,0,102.70373015873017,0,284.4,0,74.13950023751224,0,6.908735895156861,0.012550401687622,0,0.012550401687622,0,0,0
5.5,0,89.2,0,89.20944444444446,0,136.8,0,32.41406082078508,0,100.16876561641692,0.0194735050201416,0,0.0194735050201416,0,0,0
9.5,0,310.66,0,442.1372593340613,0,1261.73,0,346.91700783513414,0,31.17370091438293,83241465.91168132,0,83241465.91168132,0,0,0
13.5,0,80.0,0,100.0446696440814,0,328.0,0,67.20311946121402,0,18.773947215080263,166438189.2394573,0,166438189.2394573,0,0,0
13.5,0,58.0,0,58.0,0,58.0,0,0.0,0,0.0,166421263.48718828,0,166421263.48718828,0,0,0
13.5,0,224.7,0,216.6270765118095,0,792.0,0,213.0568880429168,0,3517.821242570877,166437860.0225816,0,166437860.0225816,0,0,0
13.5,0,101.5,0,123.21505849327828,0,414.0,0,97.39345230851646,0,20.72706203460693,166437978.7717771,0,166437978.7717771,0,0,0
5.5,0,515.2,0,249.71222222222224,0,949.6,0,338.8052612734288,0,6422.278871631623,0.0012692928314208,0,0.0012692928314208,0,0,0
13.5,0,73.0,0,71.09985464312089,0,156.0,0,32.91641817316098,0,75.62145698070526,166429084.76453862,0,166429084.76453862,0,0,0
5.5,0,87.2,0,119.079126984127,0,193.0,0,43.72832295127713,0,45.10803642272949,0.0081983089447021,0,0.0081983089447021,0,0,0
9.5,0,127.75,0,131.77040223867124,0,312.48,0,88.41341725128646,0,61.46391537666321,83242143.5840999,0,83242143.5840999,0,0,0
5.5,0,57.2,0,56.0568253968254,0,57.2,0,1.453285341250037,0,0.0057122945785522,0.000832200050354,0,0.000832200050354,0,0,0
13.5,0,75.0,0,893.6558324355383,0,2750.0,0,1156.3760329724792,0,20.200049328804017,166430728.432251,0,166430728.432251,0,0,0
13.5,0,66.0,0,66.53501712254034,0,74.0,0,1.9879812559804944,0,0.7555430889129638,166438143.379543,0,166438143.379543,0,0,0
13.5,0,54.0,0,54.0,0,54.0,0,0.0,0,0.0,166429069.5793135,0,166429069.5793135,0,0,0
13.5,0,54.0,0,54.0,0,54.0,0,0.0,0,0.1737066268920898,166428824.6190223,0,166428824.6190223,0,0,0
9.5,0,136.67,0,149.6000337674881,0,363.36,0,100.0548938586374,0,408.3433578658104,83244311.58309624,0,83244311.58309624,0,0,0
5.5,0,340.5,0,368.1474206349207,0,1781.7,0,606.1582971363538,0,60.757318830490114,0.0081143140792846,0,0.0081143140792846,0,0,0
13.5,0,229.8,0,896.693578651311,0,4410.0,0,1343.4017467914948,0,23.886343836784363,166429085.85133642,0,166429085.85133642,0,0,0
9.5,0,393.51,0,333.6550999222655,0,1240.34,0,417.9825279711837,0,175.45946637392043,83241593.03305946,0,83241593.03305946,0,0,0
13.5,0,411.3,0,690.5104287662801,0,1657.1,0,677.7353618086806,0,51.53235161304474,166430974.0437844,0,166430974.0437844,0,0,0
5.5,0,86.8,0,76.10428571428571,0,146.0,0,25.864069486558435,0,520.4568493366241,0.0236741065979003,0,0.0236741065979003,0,0,0
9.5,0,91.01,0,100.20170947598154,0,252.44,0,69.23483592263344,0,391.30766679525374,83243057.6165907,0,83243057.6165907,0,0,0
13.5,0,129.2,0,117.8599666007367,0,241.4,0,71.90896696965159,0,96.09676995277404,166430317.5378169,0,166430317.5378169,0,0,0
9.5,0,108.21,0,98.94499143696864,0,261.38,0,62.341194391364304,0,163.0028100991249,83243148.48130096,0,83243148.48130096,0,0,0
5.5,0,59.2,0,63.27126984126985,0,72.4,0,6.244110096177812,0,5877.354110312462,0.0108733892440795,0,0.0108733892440795,0,0,0
13.5,0,110.7,0,98.40425104049716,0,262.0,0,58.13939694828937,0,2636.8619652986526,166437946.88166052,0,166437946.88166052,0,0,0
13.5,0,107.5,0,103.3131196679997,0,441.0,0,103.2387143950216,0,159.394233584404,166421178.3998267,0,166421178.3998267,0,0,0
5.5,0,82.2,0,67.50857142857144,0,95.1,0,12.083601310845506,0,158.41210227012635,0.0155833005905151,0,0.0155833005905151,0,0,0
5.5,0,101.2,0,139.63436507936507,0,262.0,0,61.49792674590683,0,50.03288893699646,0.013193392753601,0,0.013193392753601,0,0,0
5.5,0,151.8,0,125.0320238095238,0,219.8,0,54.564220205086734,0,27.33380827903748,0.011529803276062,0,0.011529803276062,0,0,0
5.5,0,91.7,0,104.41829365079366,0,179.2,0,39.4514851601902,0,442.9073904037476,0.0472929000854492,0,0.0472929000854492,0,0,0
13.5,0,54.0,0,64.70034245080686,0,214.0,0,39.75962511960988,0,0.1463486194610595,166428930.6845828,0,166428930.6845828,0,0,0
13.5,0,71.5,0,122.41447524010218,0,441.0,0,99.22529519839222,0,15.563830423355103,166430620.6026721,0,166430620.6026721,0,0,0
13.5,0,62.0,0,61.604869860102056,0,112.0,0,14.36021248823233,0,72.06239595413209,166428898.4763733,0,166428898.4763733,0,0,0
5.5,0,143.3,0,97.50269841269842,0,172.6,0,34.473723960871546,0,0.6599802017211914,0.0065246105194091,0,0.0065246105194091,0,0,0
5.5,0,705.3,0,452.4508333333333,0,1664.0,0,572.8467380368311,0,0.4237831830978393,0.0038552999496459,0,0.0038552999496459,0,0,0
9.5,0,127.29,0,131.55323488113197,0,304.15,0,88.17627490299763,0,398.7526551294327,83242888.77530344,0,83242888.77530344,0,0,0
13.5,0,109.3,0,106.18486243245918,0,280.8,0,62.74461155739633,0,29.608434510231017,166421127.55144268,0,166421127.55144268,0,0,0
13.5,0,57.2,0,56.364435128425065,0,77.0,0,5.724353978948351,0,0.0079267263412475,166428724.09216648,0,166428724.09216648,0,0,0
9.5,0,114.86,0,109.35560325570545,0,255.66,0,59.60325519309857,0,217.4128407478333,83242117.50583558,0,83242117.50583558,0,0,0
9.5,0,90.55,0,90.52100634354468,0,237.27,0,53.1867616112251,0,167.8082157945633,83243913.45232536,0,83243913.45232536,0,0,0
13.5,0,110.9,0,92.3771500914806,0,279.9,0,60.32465017278757,0,70.53079183101654,166430728.634958,0,166430728.634958,0,0,0
13.5,0,98.6,0,130.51270667155342,0,344.0,0,84.93529189286795,0,48.85439333915711,166428849.0880184,0,166428849.0880184,0,0,0
5.5,0,87.6,0,77.97734126984128,0,114.7,0,21.5046791706545,0,6.584390807151794,0.0130089998245239,0,0.0130089998245239,0,0,0
9.5,0,148.39,0,99.05269717558842,0,293.15,0,74.90220264622383,0,155.20963965892793,83241798.17781885,0,83241798.17781885,0,0,0
5.5,0,58.0,0,58.0,0,58.0,0,0.0,0,0.0015417575836181,3.504753112792969e-06,0,3.504753112792969e-06,0,0,0
13.5,0,54.0,0,54.0,0,54.0,0,0.0,0,0.0,166429825.72029948,0,166429825.72029948,0,0,0
5.5,0,83.8,0,117.42880952380952,0,214.0,0,54.93168642850149,0,40.08049287796021,0.0133894920349121,0,0.0133894920349121,0,0,0
13.5,0,58.0,0,82.47703335622066,0,306.0,0,70.49764340941036,0,0.0002177953720092,166421723.66830558,0,166421723.66830558,0,0,0
5.5,0,67.3,0,66.13,0,67.3,0,0.39,0,2.15191810131073,0.0042732000350952,0,0.0042732000350952,0,0,0
13.5,0,372.2,0,149.46925764981492,0,486.8,0,128.68042290038065,0,279.0055272579193,166430815.3917436,0,166430815.3917436,0,0,0
13.5,0,959.8,0,834.2258042052547,0,1514.0,0,692.2728206415148,0,115.3928955554962,166430429.7813504,0,166430429.7813504,0,0,0
5.5,0,438.7,0,292.0314682539682,0,982.7,0,357.4622678252516,0,3.031499433517456,0.0108041048049926,0,0.0108041048049926,0,0,0
5.5,0,67.6,0,67.81206349206352,0,73.2,0,3.020619789263093,0,0.0860106945037841,0.0006927013397216,0,0.0006927013397216,0,0,0
5.5,0,525.8,0,389.1116666666667,0,1100.8,0,456.28765623549134,0,70.12152791023254,0.0088482856750488,0,0.0088482856750488,0,0,0
13.5,0,816.6,0,1039.134629107133,0,1494.0,0,639.6193454408417,0,64.54907515048981,166430325.1002226,0,166430325.1002226,0,0,0
9.5,0,142.75,0,128.76153231383338,0,489.41,0,122.235039065328,0,261.46254204273225,83243832.1426695,0,83243832.1426695,0,0,0
13.5,0,1232.8,0,845.3196728950445,0,1514.0,0,716.5667448108608,0,5.460211992263794,166439384.0280214,0,166439384.0280214,0,0,0
13.5,0,125.1,0,648.3521978898295,0,2922.0,0,1007.6993118457648,0,0.3062768697738647,166421097.6307768,0,166421097.6307768,0,0,0
9.5,0,126.72,0,146.84345862591144,0,293.37,0,84.62026164599847,0,17.011496398448944,83242211.6131824,0,83242211.6131824,0,0,0
5.5,0,1779.6,0,1634.1933333333334,0,2208.0,0,281.509852984294,0,0.7287828922271729,0.0001542091369628,0,0.0001542091369628,0,0,0
5.5,0,77.7,0,92.78361111111111,0,156.0,0,31.35655201647928,0,180.75500059127808,0.0188286066055297,0,0.0188286066055297,0,0,0
9.5,0,83.07,0,80.11112452086097,0,187.75,0,41.66493664222247,0,228.2083421587944,83242285.68796942,0,83242285.68796942,0,0,0
13.5,0,56.0,0,55.39579208888806,0,58.0,0,1.900258635048032,0,0.0015120267868041,166429868.98590678,0,166429868.98590678,0,0,0
5.5,0,157.4,0,169.74103174603178,0,503.4,0,137.4498222750348,0,1.9395851850509644,0.0037674903869628,0,0.0037674903869628,0,0,0
5.5,0,123.0,0,138.374126984127,0,377.4,0,110.98311491653251,0,10.594409489631651,0.0056285142898559,0,0.0056285142898559,0,0,0
5.5,0,93.4,0,108.19801587301588,0,213.6,0,58.34461290567358,0,53.346119499206544,0.0109100103378295,0,0.0109100103378295,0,0,0
13.5,0,270.3,0,178.99538215009963,0,743.4,0,178.44590646752482,0,214.3053516626358,166421640.0058236,0,166421640.0058236,0,0,0
13.5,0,1041.6,0,345.1035331459906,0,2672.2,0,794.1143412977415,0,0.0390809297561645,166421759.38225028,0,166421759.38225028,0,0,0
5.5,0,83.1,0,75.44369047619048,0,123.6,0,20.330061365419805,0,64.32503621578216,0.0122750043869018,0,0.0122750043869018,0,0,0
5.5,0,58.0,0,58.0,0,58.0,0,0.0,0,0.0,0.0012570858001708,0,0.0012570858001708,0,0,0
13.5,0,200.8,0,1132.477230165775,0,8634.0,0,2460.256297561481,0,351.22492547035216,166421907.31806213,0,166421907.31806213,0,0,0
5.5,0,2636.4,0,2680.4866666666667,0,2922.0,0,590.504759798162,0,2.8320645570755003,0.0009323835372924,0,0.0009323835372924,0,0,0
5.5,0,116.4,0,100.68738095238096,0,184.0,0,48.80820777945634,0,909.4230997562408,0.0205503940582275,0,0.0205503940582275,0,0,0
5.5,0,75.0,0,71.38285714285715,0,114.3,0,17.916499182696814,0,159.3901251077652,0.0141788005828857,0,0.0141788005828857,0,0,0
9.5,0,118.3,0,122.46709674067765,0,278.71,0,69.05053932422183,0,193.08559975624084,83241835.85137731,0,83241835.85137731,0,0,0
5.5,0,53.6,0,53.42841269841269,0,54.0,0,1.1888043677822109,0,81.05406880378723,0.000377607345581,0,0.000377607345581,0,0,0
5.5,0,54.0,0,54.0,0,54.0,0,0.0,0,0.4696599006652832,0.0001215934753417,0,0.0001215934753417,0,0,0
13.5,0,101.7,0,87.77895061680667,0,238.7,0,45.714511498901615,0,173.98412652015685,166429809.3491824,0,166429809.3491824,0,0,0
5.5,0,149.5,0,119.81869047619048,0,213.6,0,51.83079442712303,0,363.0127298593521,0.0402956008911132,0,0.0402956008911132,0,0,0
13.5,0,74.3,0,265.211770426426,0,1514.0,0,488.16585853499447,0,63.45490212440491,166429136.8872028,0,166429136.8872028,0,0,0
13.5,0,54.0,0,54.0,0,54.0,0,0.0,0,0.0,166430702.1185092,0,166430702.1185092,0,0,0
5.5,0,84.9,0,69.22099206349206,0,129.6,0,25.680035531765565,0,80.48836762905121,0.0049945831298828,0,0.0049945831298828,0,0,0
13.5,0,100.8,0,107.47364314606962,0,317.0,0,74.09847995366246,0,288.76634340286256,166421134.1619671,0,166421134.1619671,0,0,0
13.5,0,57.2,0,56.35391359758232,0,65.2,0,3.036652968611525,0,0.2542699813842773,166430954.0343864,0,166430954.0343864,0,0,0
13.5,0,89.8,0,68.09232611643603,0,149.0,0,24.334055566103626,0,4.611501717567444,166430919.4822454,0,166430919.4822454,0,0,0
13.5,0,69.4,0,81.01618425176474,0,230.0,0,48.5112062140084,0,0.6492035865783692,166430202.22634658,0,166430202.22634658,0,0,0
5.5,0,790.0,0,1149.471746031746,0,1514.0,0,414.5884893539557,0,1.9132946491241456,0.0003859996795654,0,0.0003859996795654,0,0,0
9.5,0,269.23,0,229.23945560029927,0,944.88,0,273.1013237202955,0,71.90074686765671,83241525.10726304,0,83241525.10726304,0,0,0
5.5,0,58.0,0,58.0,0,58.0,0,0.0,0,0.0,2.6941299438476564e-06,0,2.6941299438476564e-06,0,0,0
5.5,0,252.3,0,150.55079365079365,0,295.4,0,87.62024904924748,0,75.4147313594818,0.0091787815093994,0,0.0091787815093994,0,0,0
13.5,0,58.0,0,58.0,0,58.0,0,0.0,0,0.0,166438028.9494841,0,166438028.9494841,0,0,0
13.5,0,68.3,0,68.432885573319,0,128.0,0,22.16898912314776,0,0.0966834783554077,166421787.4597416,0,166421787.4597416,0,0,0
9.5,0,241.25,0,296.82132972162,0,1098.68,0,351.795332817495,0,24.522543189525603,83243402.54519625,0,83243402.54519625,0,0,0
5.5,0,85.9,0,84.86301587301588,0,145.8,0,34.45393931383723,0,7.740256929397583,0.0122061967849731,0,0.0122061967849731,0,0,0
9.5,0,115.1,0,126.54284044623246,0,342.73,0,92.57553754739595,0,385.4142864084244,83242931.71693388,0,83242931.71693388,0,0,0
9.5,0,114.6,0,104.46707889676544,0,220.41,0,54.775622069967206,0,643.8348572039604,83242434.83118623,0,83242434.83118623,0,0,0
5.5,0,98.0,0,98.79111111111112,0,173.7,0,41.91926664413911,0,148.99320001602172,0.0123650789260864,0,0.0123650789260864,0,0,0
5.5,0,87.6,0,63.37325396825396,0,87.6,0,9.505355467443934,0,20.23836688995361,0.0100615978240966,0,0.0100615978240966,0,0,0
5.5,0,587.5,0,194.5944047619048,0,656.2,0,196.69069536463425,0,16.471821188926697,0.0045521974563598,0,0.0045521974563598,0,0,0
5.5,0,54.0,0,54.0,0,54.0,0,0.0,0,1.275131678581238,8.797645568847656e-06,0,8.797645568847656e-06,0,0,0
13.5,0,355.6,0,226.78080235468005,0,1514.0,0,412.5873143932369,0,30.43083987236023,166429100.57105908,0,166429100.57105908,0,0,0
13.5,0,1969.0,0,467.0216003690152,0,2576.8,0,806.2342960844862,0,12877.853667521476,166437414.5127584,0,166437414.5127584,0,0,0
5.5,0,922.8,0,765.8333333333333,0,1494.0,0,620.8077625107062,0,0.8938616752624512,0.0077841997146606,0,0.0077841997146606,0,0,0
9.5,0,108.08,0,107.85568230376434,0,271.6,0,63.8609443074116,0,21.256598393917084,83243705.8048224,0,83243705.8048224,0,0,0
5.5,0,135.8,0,108.96892857142856,0,296.4,0,83.29370860775127,0,12.709408712387084,0.0043350934982299,0,0.0043350934982299,0,0,0
5.5,0,2081.6,0,2668.5084126984125,0,2922.0,0,458.2220523367722,0,0.3145426511764526,0.0034805059432983,0,0.0034805059432983,0,0,0
13.5,0,801.9,0,411.4881488931605,0,3402.0,0,915.8172442076324,0,29.60769340991974,166438048.63013402,0,166438048.63013402,0,0,0
5.5,0,87.5,0,61.08519841269841,0,106.3,0,17.96836370109668,0,252.5950566530228,0.0148445129394531,0,0.0148445129394531,0,0,0
13.5,0,90.8,0,118.40214085278326,0,230.0,0,64.3206603616587,0,38.99345123767853,166430618.85146752,0,166430618.85146752,0,0,0
9.5,0,128.26,0,138.4327337241362,0,332.33,0,96.59081313977516,0,135.73867243766784,83241917.2321618,0,83241917.2321618,0,0,0
13.5,0,66.6,0,110.3928206691829,0,342.0,0,81.10471000168643,0,17.589119291305543,166430684.4718424,0,166430684.4718424,0,0,0
13.5,0,438.6,0,594.1331028886834,0,1633.7,0,649.3963855907596,0,16.301274633407594,166430359.5892534,0,166430359.5892534,0,0,0
5.5,0,1224.4,0,810.5707936507936,0,1224.4,0,526.0892935325135,0,11.783613204956056,0.0002240896224975,0,0.0002240896224975,0,0,0
9.5,0,113.59,0,143.5045983353592,0,347.96,0,93.57896919733167,0,344.78640875101087,83243029.46563447,0,83243029.46563447,0,0,0
5.5,0,220.7,0,108.75888888888888,0,317.4,0,83.64416724502442,0,14.311602973937989,0.0059184074401855,0,0.0059184074401855,0,0,0
9.5,0,122.39,0,116.2246145394853,0,285.29,0,74.34300885387512,0,169.5331062912941,83242627.87261398,0,83242627.87261398,0,0,0
5.5,0,535.7,0,531.0413888888888,0,2094.8,0,760.3248523125378,0,3.481365251541137,0.0048227071762084,0,0.0048227071762084,0,0,0
13.5,0,108.2,0,81.75672687563555,0,282.0,0,54.04007116463496,0,20.18620789051056,166428845.2221104,0,166428845.2221104,0,0,0
5.5,0,170.9,0,192.8086904761905,0,519.3,0,178.80792161800983,0,53.71488783359528,0.0123641967773437,0,0.0123641967773437,0,0,0
13.5,0,156.3,0,364.759496213281,0,523.0,0,183.9657831253156,0,267.34560561180115,166439360.85215768,0,166439360.85215768,0,0,0
5.5,0,74.1,0,76.25547619047619,0,131.4,0,25.061126980774908,0,233.88684647083284,0.0134665966033935,0,0.0134665966033935,0,0,0
13.5,0,59.5,0,58.12640172048454,0,79.3,0,6.074702310616064,0,33.01661729812622,166430774.0914483,0,166430774.0914483,0,0,0
5.5,0,72.6,0,69.7707142857143,0,98.6,0,11.715254463423246,0,237.9722820043564,0.0140981912612915,0,0.0140981912612915,0,0,0
5.5,0,1137.1,0,1123.6638888888888,0,2527.6,0,859.8072003906973,0,1.329496169090271,0.0018155097961425,0,0.0018155097961425,0,0,0
5.5,0,369.9,0,222.9089285714286,0,949.8,0,317.5544175270692,0,35.721023535728456,0.0022894144058227,0,0.0022894144058227,0,0,0
13.5,0,410.7,0,367.1540989767885,0,1374.8,0,468.5907157879834,0,66.99819910526276,166421053.5102457,0,166421053.5102457,0,0,0
5.5,0,57.6,0,56.82841269841269,0,57.6,0,1.3888043677822106,0,0.0002226114273071,0.0001565933227539,0,0.0001565933227539,0,0,0
13.5,0,145.1,0,125.5285425419094,0,288.2,0,75.43251899756024,0,62.5762580871582,166430217.8345475,0,166430217.8345475,0,0,0
5.5,0,68.0,0,66.2,0,68.0,0,0.6,0,0.7585201501846314,0.0001719951629638,0,0.0001719951629638,0,0,0
13.5,0,114.9,0,113.68625280077678,0,441.0,0,95.1745979145396,0,46.29771885871887,166430881.1510469,0,166430881.1510469,0,0,0
9.5,0,113.1,0,114.80481224112144,0,271.68,0,69.96643576499386,0,241.10384739160537,83244249.83885618,0,83244249.83885618,0,0,0
5.5,0,98.4,0,84.1234126984127,0,160.2,0,37.40568447162983,0,18.979777145385743,0.0188705921173095,0,0.0188705921173095,0,0,0
9.5,0,123.41,0,124.40710631753008,0,248.82,0,67.28258962375045,0,302.9101349401474,83241989.37114388,0,83241989.37114388,0,0,0
9.5,0,1657.56,0,1842.0604716599191,0,2885.92,0,520.1412194960456,0,2.188986723423004,83243083.17068477,0,83243083.17068477,0,0,0
5.5,0,54.0,0,54.0,0,54.0,0,0.0,0,0.0153735637664794,1.4710426330566409e-05,0,1.4710426330566409e-05,0,0,0
13.5,0,211.5,0,142.3410557532423,0,390.0,0,107.89434762649245,0,253.3294876337052,166439358.1754562,0,166439358.1754562,0,0,0
9.5,0,149.54,0,160.36903801929924,0,329.0,0,101.18794573010716,0,404.25410593271255,83243962.89450157,0,83243962.89450157,0,0,0
5.5,0,55.6,0,56.06761904761904,0,58.0,0,1.5115104451324846,0,0.027463412284851,4.420280456542969e-05,0,4.420280456542969e-05,0,0,0
13.5,0,58.0,0,58.0,0,58.0,0,0.0,0,0.0,166430846.5133097,0,166430846.5133097,0,0,0
13.5,0,55.2,0,55.1943617304608,0,58.0,0,1.8219427194130733,0,0.0248414039611816,166421052.5751889,0,166421052.5751889,0,0,0
13.5,0,55.2,0,54.41731755860239,0,56.8,0,0.9853592479983426,0,0.0409555912017822,166421282.578012,0,166421282.578012,0,0,0
9.5,0,176.47,0,208.6307993625741,0,669.63,0,199.49077310330065,0,219.98475112199785,83241932.34852925,0,83241932.34852925,0,0,0
13.5,0,74.1,0,132.28410676569732,0,791.0,0,178.15803008150033,0,21.646389102935792,166438265.0411974,0,166438265.0411974,0,0,0
5.5,0,1070.9,0,605.4535317460317,0,1072.2,0,472.9147779654175,0,18.919552898406984,0.0028233051300048,0,0.0028233051300048,0,0,0
5.5,0,73.2,0,66.91261904761906,0,96.6,0,13.747556073889786,0,146.43445072174072,0.0035718202590942,0,0.0035718202590942,0,0,0
13.5,0,58.0,0,58.0,0,58.0,0,0.0,0,0.0,166439170.82584363,0,166439170.82584363,0,0,0
5.5,0,58.0,0,58.0,0,58.0,0,0.0,0,0.0,4.529953002929688e-05,0,4.529953002929688e-05,0,0,0
13.5,0,228.5,0,508.0034201226191,0,1508.0,0,624.5191751299642,0,21.4226352930069,166439317.9605604,0,166439317.9605604,0,0,0
5.5,0,542.0,0,310.8684523809524,0,1313.4,0,416.75143249829335,0,75.60933368206024,0.0053153038024902,0,0.0053153038024902,0,0,0
13.5,0,78.6,0,81.08655082619478,0,156.0,0,32.08475182401958,0,33.9111608505249,166430746.9207758,0,166430746.9207758,0,0,0
13.5,0,58.0,0,56.39494863237898,0,58.0,0,1.9350867442946025,0,0.0,166430352.7077417,0,166430352.7077417,0,0,0
9.5,0,107.33,0,105.68240941067876,0,237.29,0,55.76425095966647,0,346.4267171025276,83242791.09300561,0,83242791.09300561,0,0,0
13.5,0,54.0,0,54.0,0,54.0,0,0.0,0,0.0433345794677734,166430228.7257875,0,166430228.7257875,0,0,0
13.5,0,78.6,0,65.17344464488039,0,156.0,0,27.75278357856424,0,497.9814527988434,166430826.2707504,0,166430826.2707504,0,0,0
5.5,0,261.0,0,365.5686507936508,0,1258.3,0,443.2827289147951,0,1.2975534915924072,0.0072346925735473,0,0.0072346925735473,0,0,0
13.5,0,1514.0,0,1567.2293346110375,0,2527.6,0,253.8235178920096,0,13.510433387756349,166430305.7643161,0,166430305.7643161,0,0,0
9.5,0,891.04,0,831.4760913639163,0,2412.12,0,844.7866512169082,0,0.5377467060089112,83243082.51563697,0,83243082.51563697,0,0,0
13.5,0,124.2,0,104.60307154403904,0,308.3,0,71.96149346153533,0,119.0957968235016,166421675.3010623,0,166421675.3010623,0,0,0
13.5,0,57.6,0,57.98,0,66.0,0,2.53895406961559,0,0.0292288064956665,166437938.866259,0,166437938.866259,0,0,0
5.5,0,66.0,0,66.0,0,66.0,0,0.0,0,3.110080671310425,0.0001908063888549,0,0.0001908063888549,0,0,0
9.5,0,146.94,0,146.36231826468165,0,509.71,0,138.17337926408155,0,130.37439620018006,83243102.5441718,0,83243102.5441718,0,0,0
5.5,0,101.5,0,133.678373015873,0,253.0,0,76.92378822760551,0,7.929342532157898,0.0011085987091064,0,0.0011085987091064,0,0,0
5.5,0,1079.6,0,1276.114285714286,0,1514.0,0,422.5687679634842,0,1.4040332078933715,0.0037820100784301,0,0.0037820100784301,0,0,0
5.5,0,58.0,0,58.0,0,58.0,0,0.0,0,0.0,6.98089599609375e-05,0,6.98089599609375e-05,0,0,0
5.5,0,65.6,0,77.97603174603174,0,95.0,0,13.167645511450866,0,0.203870940208435,0.0019873142242431,0,0.0019873142242431,0,0,0
5.5,0,935.5,0,1067.2585714285717,0,1514.0,0,609.7815475757646,0,3.953676629066467,0.0035894870758056,0,0.0035894870758056,0,0,0
13.5,0,54.0,0,54.0,0,54.0,0,0.0,0,0.0180948972702026,166428768.80222693,0,166428768.80222693,0,0,0
5.5,0,58.4,0,57.90492063492063,0,70.0,0,5.693465083394552,0,0.7073994874954224,0.0006983995437622,0,0.0006983995437622,0,0,0
5.5,0,57.6,0,57.66952380952381,0,58.8,0,0.8340026860347765,0,17.547149586677552,0.0009948968887329,0,0.0009948968887329,0,0,0
5.5,0,96.5,0,109.23527777777778,0,213.2,0,64.26060451856974,0,7.599920797348022,0.0217741012573242,0,0.0217741012573242,0,0,0
5.5,0,121.6,0,122.25325396825396,0,230.9,0,59.136307773406905,0,130.8110468864441,0.0067017078399658,0,0.0067017078399658,0,0,0
5.5,0,1079.6,0,1328.4031746031746,0,1514.0,0,351.8082640750457,0,2.209560871124268,0.0011110067367553,0,0.0011110067367553,0,0,0
13.5,0,54.0,0,54.80252568381052,0,66.0,0,2.9819718839707416,0,0.1364273071289062,166428930.68261927,0,166428930.68261927,0,0,0
13.5,0,89.9,0,96.7034354461328,0,230.0,0,51.5855896058725,0,14.419220328330994,166439386.88651243,0,166439386.88651243,0,0,0
13.5,0,1803.6,0,1466.519278839066,0,2962.0,0,802.6324909222715,0,3.274374485015869,166430884.6569701,0,166430884.6569701,0,0,0
5.5,0,100.8,0,117.69448412698414,0,210.0,0,53.41292191181088,0,443.24593591690063,0.0312341213226318,0,0.0312341213226318,0,0,0
9.5,0,249.16,0,205.21193610203863,0,625.88,0,195.4183189941089,0,278.72084540843963,83244084.59933746,0,83244084.59933746,0,0,0
5.5,0,54.8,0,55.9431746031746,0,58.0,0,1.453285341250037,0,0.0201870918273925,0.0022271156311035,0,0.0022271156311035,0,0,0
13.5,0,1494.0,0,1494.0,0,1494.0,0,0.0,0,1.0990604877471923,166428841.00375062,0,166428841.00375062,0,0,0
9.5,0,194.97,0,188.0435621581291,0,928.17,0,274.23073924741817,0,32.31367062568665,83241731.39986603,0,83241731.39986603,0,0,0
9.5,0,104.46,0,117.48101930486952,0,260.65,0,67.10202600571894,0,427.83157548666,83242052.35382873,0,83242052.35382873,0,0,0
5.5,0,61.2,0,71.48857142857143,0,90.0,0,13.079568071250332,0,0.312471866607666,0.0001851797103881,0,0.0001851797103881,0,0,0
5.5,0,142.7,0,100.23222222222223,0,240.6,0,57.78707959582107,0,4.687319111824036,0.0056710004806518,0,0.0056710004806518,0,0,0
5.5,0,242.1,0,470.1352777777778,0,1385.0,0,454.10993820100674,0,274.32440931797026,0.0106504201889038,0,0.0106504201889038,0,0,0
9.5,0,103.24,0,103.03196394485283,0,236.36,0,56.489161011106575,0,360.3459962368012,83243739.74755861,0,83243739.74755861,0,0,0
13.5,0,225.8,0,550.6051502582385,0,2866.0,0,807.9030260137821,0,85.48249518871307,166430325.3019958,0,166430325.3019958,0,0,0
13.5,0,95.2,0,93.18216881845365,0,168.8,0,40.87343826000019,0,112.05780408382417,166429246.4262773,0,166429246.4262773,0,0,0
5.5,0,119.3,0,147.18638888888887,0,403.5,0,128.56933152979235,0,26.96670477390289,0.0144604921340942,0,0.0144604921340942,0,0,0
9.5,0,74.61,0,73.4406936217807,0,183.94,0,35.08416664267705,0,6.761979923248291,83241457.4789299,0,83241457.4789299,0,0,0
13.5,0,58.0,0,62.14638269968765,0,156.0,0,25.072390629269385,0,0.0007756948471069,166430809.6873944,0,166430809.6873944,0,0,0
5.5,0,58.2,0,58.58579365079365,0,60.0,0,0.6944021838911053,0,960.0230628728866,0.0051318883895874,0,0.0051318883895874,0,0,0
9.5,0,210.89,0,186.01738929530228,0,816.9,0,234.74672657799,0,3.402648708820343,83241776.8091216,0,83241776.8091216,0,0,0
9.5,0,111.94,0,124.51906898888866,0,303.58,0,82.27727231801754,0,245.1377091479301,83243299.41990234,0,83243299.41990234,0,0,0
5.5,0,119.6,0,124.78103174603174,0,262.9,0,74.60601791394026,0,325.5922621726989,0.0153588056564331,0,0.0153588056564331,0,0,0
5.5,0,120.5,0,202.5444047619048,0,488.0,0,142.79371828629704,0,57.22634301185608,0.02445650100708,0,0.02445650100708,0,0,0
5.5,0,109.4,0,92.0836507936508,0,160.2,0,37.48410150563736,0,107.52740094661712,0.0317751884460449,0,0.0317751884460449,0,0,0
5.5,0,61.1,0,65.17980158730158,0,76.3,0,6.220209347137741,0,26.68298251628876,0.0005750179290771,0,0.0005750179290771,0,0,0
5.5,0,54.0,0,54.0,0,54.0,0,0.0,0,0.0,1.3113021850585938e-06,0,1.3113021850585938e-06,0,0,0
13.5,0,82.4,0,78.51725462617877,0,228.4,0,43.0010532639087,0,11.498750233650208,166429140.80300072,0,166429140.80300072,0,0,0
5.5,0,147.2,0,109.60853174603172,0,185.1,0,52.98032294803568,0,0.194677186012268,0.0021276950836181,0,0.0021276950836181,0,0,0
13.5,0,90.8,0,507.4294125581162,0,2026.0,0,690.1868556147643,0,266.5578153848648,166429225.50329918,0,166429225.50329918,0,0,0
5.5,0,82.4,0,89.43507936507936,0,197.2,0,48.74097907907064,0,7.218941450119018,0.0006362915039062,0,0.0006362915039062,0,0,0
13.5,0,2284.9,0,1966.492438828372,0,2922.0,0,722.4784383771158,0,0.2778036594390869,166438143.3370243,0,166438143.3370243,0,0,0
13.5,0,141.5,0,154.21649045356088,0,681.0,0,162.77951947839307,0,4.479679870605469,166430992.5720239,0,166430992.5720239,0,0,0
5.5,0,72.4,0,73.7511111111111,0,74.0,0,0.5714157444218836,0,0.0196301937103271,0.0034848928451538,0,0.0034848928451538,0,0,0
5.5,0,403.4,0,113.22706349206348,0,454.6,0,120.82340511739493,0,19.864570879936217,0.0004100084304809,0,0.0004100084304809,0,0,0
13.5,0,58.0,0,56.1274400711088,0,58.0,0,1.962613538850724,0,0.0,166428643.25741714,0,166428643.25741714,0,0,0
13.5,0,98.9,0,101.5921293747532,0,230.0,0,60.717858059907584,0,287.31789526939394,166439283.8577787,0,166439283.8577787,0,0,0
9.5,0,242.08,0,236.78342062615744,0,1187.49,0,327.4835828961671,0,42.663593151569366,83242970.19433111,0,83242970.19433111,0,0,0
5.5,0,239.0,0,288.351746031746,0,1051.1,0,334.6366257595366,0,27.62406630516052,0.0069741964340209,0,0.0069741964340209,0,0,0
5.5,0,66.0,0,66.0,0,66.0,0,0.0,0,0.1099478244781494,0.0001637935638427,0,0.0001637935638427,0,0,0
13.5,0,56.4,0,55.95763107377659,0,58.0,0,1.995942133138864,0,0.0005185842514038,166429867.1232721,0,166429867.1232721,0,0,0
5.5,0,54.8,0,55.50984126984126,0,58.0,0,1.6264904220069247,0,0.0134939908981323,0.0010615110397338,0,0.0010615110397338,0,0,0
9.5,0,108.6,0,98.32299567915749,0,218.57,0,53.51244588674301,0,247.28318584442133,83242179.09811477,0,83242179.09811477,0,0,0
13.5,0,427.0,0,130.29662242212552,0,846.8,0,191.24199585705904,0,26.49128727912903,166438247.9272967,0,166438247.9272967,0,0,0
13.5,0,115.1,0,100.06230860256014,0,315.7,0,68.40177939220169,0,37.62820210456848,166430709.4926032,0,166430709.4926032,0,0,0
13.5,0,57.6,0,57.93672514619883,0,58.0,0,0.2681212996367581,0,0.0105211019515991,166430683.3759688,0,166430683.3759688,0,0,0
5.5,0,93.9,0,83.87559523809524,0,177.2,0,46.43266596629424,0,30.83090577125549,0.0063935995101928,0,0.0063935995101928,0,0,0
5.5,0,209.3,0,387.74892857142856,0,718.0,0,233.8257700681104,0,4.280881786346436,0.0113426923751831,0,0.0113426923751831,0,0,0
5.5,0,73.4,0,92.51007936507936,0,156.0,0,32.3758680782786,0,43.885478782653806,0.0094405889511108,0,0.0094405889511108,0,0,0
13.5,0,112.1,0,80.87569979599004,0,292.4,0,57.907802039991246,0,5.558935070037842,166430740.3448047,0,166430740.3448047,0,0,0
5.5,0,115.0,0,100.91277777777778,0,191.4,0,50.25031282389456,0,9.297783303260804,0.0164623022079467,0,0.0164623022079467,0,0,0
13.5,0,530.9,0,643.9761091235047,0,1514.0,0,673.4439523965632,0,9.302634835243223,166437416.12999588,0,166437416.12999588,0,0,0
5.5,0,55.2,0,55.34809523809524,0,57.2,0,1.5479836548862416,0,0.0103473424911499,0.0007708072662353,0,0.0007708072662353,0,0,0
13.5,0,54.8,0,149.69536328566514,0,1468.0,0,351.0749622470112,0,0.047323727607727,166428662.73269048,0,166428662.73269048,0,0,0
13.5,0,58.0,0,58.0,0,58.0,0,0.0,0,0.0,166421125.1129182,0,166421125.1129182,0,0,0
13.5,0,1234.3,0,1041.4233985798344,0,2962.0,0,1106.078482530074,0,4.17579562664032,166429018.82994407,0,166429018.82994407,0,0,0
13.5,0,54.0,0,54.0,0,54.0,0,0.0,0,0.4164292097091674,166437994.1732993,0,166437994.1732993,0,0,0
13.5,0,117.5,0,81.0824607624917,0,207.2,0,37.66844844801819,0,4.390865421295166,166430356.5506768,0,166430356.5506768,0,0,0
13.5,0,58.4,0,110.1179566713816,0,773.0,0,177.18374329211332,0,24.19163508415222,166430934.87213582,0,166430934.87213582,0,0,0
13.5,0,113.2,0,79.05717233016381,0,198.4,0,42.84130322215841,0,305.9927837371826,166438136.9392562,0,166438136.9392562,0,0,0
5.5,0,112.4,0,92.93055555555556,0,151.4,0,29.865383722374816,0,107.4079956293106,0.0514106035232544,0,0.0514106035232544,0,0,0
5.5,0,56.8,0,57.41571428571429,0,58.0,0,0.8952867825060533,0,0.0031078100204467,0.0007589101791381,0,0.0007589101791381,0,0,0
5.5,0,97.9,0,100.74218253968256,0,150.4,0,29.164902555074026,0,17.145655584335326,0.0162523031234741,0,0.0162523031234741,0,0,0
13.5,0,775.9,0,1025.4045637519516,0,2382.7,0,758.302526038183,0,116.15127427577973,166439360.4901636,0,166439360.4901636,0,0,0
13.5,0,58.0,0,58.0,0,58.0,0,0.0,0,0.0,166438224.9800837,0,166438224.9800837,0,0,0
9.5,0,200.91,0,173.35363252176094,0,730.65,0,187.8122323533632,0,49.64468815088272,83243069.88746677,0,83243069.88746677,0,0,0
5.5,0,84.7,0,57.72460317460318,0,87.1,0,12.107610129672882,0,3113.386208605766,0.0102585792541503,0,0.0102585792541503,0,0,0
9.5,0,109.15,0,106.63555220673722,0,257.15,0,62.94046837054081,0,389.6992535758018,83244240.21847376,0,83244240.21847376,0,0,0
13.5,0,292.8,0,118.72387128007873,0,359.2,0,97.17652325968984,0,474.1470326900482,166421687.2233039,0,166421687.2233039,0,0,0
5.5,0,2962.7,0,4099.559246031746,0,8174.8,0,2523.685953747353,0,1.1268356323242188,0.0028752088546752,0,0.0028752088546752,0,0,0
5.5,0,175.0,0,137.08444444444444,0,195.6,0,52.90003909469681,0,60.45887098312378,0.0129536867141723,0,0.0129536867141723,0,0,0
9.5,0,98.54,0,80.6514299903313,0,230.71,0,52.39574462167322,0,1.92159568309784,83241464.67301536,0,83241464.67301536,0,0,0
13.5,0,192.9,0,404.3076221430788,0,1514.0,0,572.3439653967484,0,24.450794053077697,166430289.71964613,0,166430289.71964613,0,0,0
5.5,0,1494.0,0,2415.9666666666667,0,2922.0,0,658.4390506954512,0,2.030605173110962,0.0004038095474243,0,0.0004038095474243,0,0,0
13.5,0,62.3,0,101.6732709529033,0,317.0,0,75.25447115076842,0,81.41298758983612,166421871.033901,0,166421871.033901,0,0,0
13.5,0,132.5,0,122.52643312355,0,423.1,0,99.95850401041486,0,28.87103238105773,166428918.0676515,0,166428918.0676515,0,0,0
9.5,0,160.13,0,142.5311037341142,0,571.25,0,152.91341663046,0,218.600649933815,83243841.65517074,0,83243841.65517074,0,0,0
13.5,0,714.6,0,437.9896612920104,0,2872.3,0,865.1724683175901,0,245.68950381278992,166429068.3836761,0,166429068.3836761,0,0,0
9.5,0,129.82,0,124.29198014506996,0,358.35,0,95.14649801477746,0,166.1212751030922,83240314.05771308,0,83240314.05771308,0,0,0
9.5,0,111.24,0,102.48595524509032,0,250.02,0,61.619534061106215,0,159.63140942811967,83242172.21067736,0,83242172.21067736,0,0,0
13.5,0,127.9,0,136.37847052199606,0,345.0,0,103.27896567868191,0,363.4137814283371,166421285.3209831,0,166421285.3209831,0,0,0
13.5,0,142.0,0,395.4043554630784,0,2962.0,0,770.7751973575398,0,2614.561904644966,166438278.1460157,0,166438278.1460157,0,0,0
5.5,0,513.4,0,559.6542063492063,0,1225.2,0,556.8921424415701,0,2.815681266784668,0.000569200515747,0,0.000569200515747,0,0,0
9.5,0,187.19,0,304.73159349018715,0,1001.79,0,291.89165003897784,0,138.16360031843186,83243290.20945612,0,83243290.20945612,0,0,0
9.5,0,358.65,0,370.7283272290575,0,1173.32,0,403.3195403644469,0,74.44449937582016,83241766.57886064,0,83241766.57886064,0,0,0
13.5,0,57.2,0,55.762540865567175,0,60.0,0,2.144705832440269,0,0.0258331060409545,166421593.26543766,0,166421593.26543766,0,0,0
5.5,0,65.4,0,55.57714285714286,0,66.2,0,3.836102304221606,0,26.773241233825683,0.0009361028671264,0,0.0009361028671264,0,0,0
5.5,0,126.7,0,138.9977777777778,0,355.5,0,98.97504507297712,0,2.12862446308136,0.018933081626892,0,0.018933081626892,0,0,0
13.5,0,56.4,0,57.9645725447583,0,66.0,0,3.577718499153684,0,0.2069667816162109,166438047.02956638,0,166438047.02956638,0,0,0
5.5,0,1151.9,0,1197.260238095238,0,1514.0,0,499.9867832710109,0,22.84807906150818,0.0035973072052001,0,0.0035973072052001,0,0,0
9.5,0,89.82,0,87.21298633637603,0,210.68,0,47.04389336119215,0,673.2174016237259,83243856.94424167,0,83243856.94424167,0,0,0
9.5,0,448.26,0,499.25598929291385,0,1529.68,0,542.5350848187863,0,156.08712378263473,83241755.89225318,0,83241755.89225318,0,0,0
13.5,0,173.3,0,135.13513679174284,0,512.7,0,137.44554959535623,0,2951.4439306735994,166439226.2564087,0,166439226.2564087,0,0,0
5.5,0,148.4,0,108.57642857142858,0,203.7,0,54.933495418923975,0,240.11181678771973,0.0169542074203491,0,0.0169542074203491,0,0,0
13.5,0,296.3,0,479.955736354289,0,5500.0,0,1361.0426771784273,0,66.6530826330185,166429875.11617452,0,166429875.11617452,0,0,0
5.5,0,1248.2,0,1213.3969047619048,0,1514.0,0,471.4478310807472,0,23.938910698890687,0.002544093132019,0,0.002544093132019,0,0,0
13.5,0,82.2,0,88.41993426465174,0,244.0,0,48.68445332132968,0,85.45177400112152,166430431.78864712,0,166430431.78864712,0,0,0
5.5,0,1383.6,0,1482.96,0,1494.0,0,33.12,0,1.3807815074920655,0.0059705018997192,0,0.0059705018997192,0,0,0
5.5,0,112.5,0,109.82273809523808,0,220.4,0,51.28166178539217,0,70.9181856393814,0.0148576974868774,0,0.0148576974868774,0,0,0
5.5,0,55.6,0,56.58253968253968,0,58.0,0,1.859807071836802,0,0.1589873552322387,0.0032236814498901,0,0.0032236814498901,0,0,0
9.5,0,114.41,0,115.13653200454516,0,275.43,0,67.34105278496097,0,172.7761451792717,83243017.47707088,0,83243017.47707088,0,0,0
5.5,0,122.7,0,117.33587301587302,0,202.0,0,50.04521236247572,0,488.364900803566,0.0225264072418212,0,0.0225264072418212,0,0,0
5.5,0,54.0,0,54.0,0,54.0,0,0.0,0,0.0056365966796875,1.4781951904296875e-06,0,1.4781951904296875e-06,0,0,0
13.5,0,948.4,0,1313.5484311594837,0,4699.6,0,1264.4115497274568,0,17.312777996063232,166430970.65697008,0,166430970.65697008,0,0,0
5.5,0,215.6,0,247.1822222222222,0,253.0,0,13.356843025861531,0,0.0324427366256713,0.0002985000610351,0,0.0002985000610351,0,0,0
5.5,0,191.9,0,187.5005952380953,0,666.7,0,207.63047673279948,0,193.44455058574675,0.0120670080184936,0,0.0120670080184936,0,0,0
13.5,0,109.8,0,97.8469596133141,0,317.0,0,65.54581986821371,0,5.951604223251342,166430234.4367566,0,166430234.4367566,0,0,0
5.5,0,520.8,0,1048.2826587301588,0,3322.0,0,1124.789184489274,0,117.251646399498,0.0012153148651123,0,0.0012153148651123,0,0,0
5.5,0,122.1,0,134.8175396825397,0,308.6,0,86.7397708079514,0,235.2412793636322,0.0265559196472167,0,0.0265559196472167,0,0,0
5.5,0,717.7,0,387.5528174603175,0,1079.6,0,450.9847191494548,0,7.625232267379761,0.0008743047714233,0,0.0008743047714233,0,0,0
13.5,0,56.8,0,57.03602636097993,0,58.0,0,1.7019334934169374,0,0.0121881008148193,166421052.57001752,0,166421052.57001752,0,0,0
13.5,0,269.2,0,218.24450555507445,0,1047.6,0,249.65689577399863,0,8.1984050989151,166430654.2831953,0,166430654.2831953,0,0,0
5.5,0,89.9,0,89.43734126984127,0,170.5,0,33.328210930349655,0,0.0268784046173095,0.0008917093276977,0,0.0008917093276977,0,0,0
13.5,0,54.0,0,54.0,0,54.0,0,0.0,0,0.1244476795196533,166439310.7163809,0,166439310.7163809,0,0,0
13.5,0,709.4,0,622.9559838269745,0,2562.8,0,779.7097899815811,0,33.39028706550598,166430685.64272112,0,166430685.64272112,0,0,0
9.5,0,121.11,0,132.6137423317996,0,352.54,0,101.4555490799944,0,124.63837843179702,83243539.5045008,0,83243539.5045008,0,0,0
9.5,0,97.01,0,84.77922653717971,0,198.94,0,43.09366280408854,0,572.7527637147904,83243745.18322104,0,83243745.18322104,0,0,0
13.5,0,109.9,0,123.61334283406654,0,441.0,0,105.2790008178991,0,5.105330634117126,166428646.0774224,0,166428646.0774224,0,0,0
5.5,0,58.0,0,58.0,0,58.0,0,0.0,0,0.0,4.6086311340332034e-05,0,4.6086311340332034e-05,0,0,0
5.5,0,82.4,0,74.10373015873016,0,128.2,0,26.079580373402724,0,194.13163051605224,0.0080883979797363,0,0.0080883979797363,0,0,0
5.5,0,111.4,0,87.19829365079364,0,162.5,0,39.40206961534731,0,58.2040432214737,0.0064774990081787,0,0.0064774990081787,0,0,0
5.5,0,375.4,0,480.4596031746031,0,521.4,0,58.62108224691861,0,336.20475218296053,0.0028337001800537,0,0.0028337001800537,0,0,0
9.5,0,2222.32,0,2310.3336783952195,0,3192.0,0,695.3041913075739,0,7.136477267742157,83242134.30126442,0,83242134.30126442,0,0,0
13.5,0,212.3,0,202.62573919587464,0,680.0,0,202.436624498942,0,30.84665162563324,166428833.4946299,0,166428833.4946299,0,0,0
13.5,0,58.0,0,58.0,0,58.0,0,0.0,0,0.0,166437898.8686665,0,166437898.8686665,0,0,0
13.5,0,72.6,0,61.84154598755217,0,75.0,0,7.382782706410344,0,70.47254512310028,166430938.8120578,0,166430938.8120578,0,0,0
5.5,0,116.0,0,112.95757936507934,0,249.5,0,72.90665866463614,0,44.05075604915619,0.0230218172073364,0,0.0230218172073364,0,0,0
13.5,0,86.6,0,73.76792305991223,0,136.4,0,18.92354236804068,0,0.0471222877502441,166430747.454811,0,166430747.454811,0,0,0
13.5,0,122.5,0,122.47104919031776,0,441.0,0,100.34772374043376,0,442.6365515470505,166437861.6070345,0,166437861.6070345,0,0,0
5.5,0,1779.6,0,1990.57,0,2922.0,0,921.083297815754,0,0.3643299341201782,0.0008939027786254,0,0.0008939027786254,0,0,0
13.5,0,420.9,0,404.3692287438224,0,3322.0,0,975.0009727705676,0,8.734745311737061,166421216.3085543,0,166421216.3085543,0,0,0
5.5,0,199.5,0,187.36059523809524,0,308.8,0,105.55889538885872,0,14.802364540100095,0.0129958868026733,0,0.0129958868026733,0,0,0
5.5,0,811.1,0,359.34488095238095,0,855.6,0,354.12857794028025,0,26.405210638046263,0.0086976051330566,0,0.0086976051330566,0,0,0
5.5,0,132.1,0,111.3525,0,235.6,0,60.93733188537743,0,88.93184843063355,0.0077309131622314,0,0.0077309131622314,0,0,0
13.5,0,84.6,0,101.60428525121247,0,317.0,0,68.14829812777691,0,271.80865783691405,166428971.4334655,0,166428971.4334655,0,0,0
5.5,0,645.2,0,229.072380952381,0,645.2,0,252.56628176053616,0,1.9428040981292725,0.001982307434082,0,0.001982307434082,0,0,0
13.5,0,223.2,0,550.1615174398186,0,2974.0,0,981.5027299798816,0,82.69620096683502,166430981.80349252,0,166430981.80349252,0,0,0
5.5,0,213.0,0,166.00087301587303,0,633.2,0,187.45438365105684,0,216.9750297307968,0.0437421083450317,0,0.0437421083450317,0,0,0
5.5,0,117.7,0,71.17,0,117.7,0,15.51,0,11.188260054588318,0.0005781888961791,0,0.0005781888961791,0,0,0
13.5,0,71.9,0,101.910800465874,0,262.0,0,57.5789016087749,0,435.48565859794616,166421682.1971642,0,166421682.1971642,0,0,0
5.5,0,85.6,0,90.48285714285716,0,156.6,0,40.356414174737935,0,24.715117692947388,0.0268462896347045,0,0.0268462896347045,0,0,0
13.5,0,58.0,0,57.46498287745966,0,58.0,0,1.9879812559804944,0,0.0318096160888671,166421098.829247,0,166421098.829247,0,0,0
13.5,0,113.4,0,154.27764958682525,0,766.0,0,178.5674839578699,0,37.41195287704468,166430339.3039597,0,166430339.3039597,0,0,0
13.5,0,93.6,0,79.50729164712136,0,233.2,0,53.00758616224188,0,2082.2220148563383,166421593.8305105,0,166421593.8305105,0,0,0
13.5,0,96.6,0,103.99264318842492,0,317.0,0,69.59822277402196,0,113.45871846675873,166421324.05992037,0,166421324.05992037,0,0,0
5.5,0,54.0,0,54.0,0,54.0,0,0.0,0,0.591214632987976,0.0001013994216918,0,0.0001013994216918,0,0,0
5.5,0,239.8,0,155.60876984126986,0,466.3,0,137.52631398368874,0,4381.216471600533,0.0114259004592895,0,0.0114259004592895,0,0,0
13.5,0,423.3,0,210.0622904623756,0,2094.4,0,476.250035004695,0,37.63947410583496,166428932.5488954,0,166428932.5488954,0,0,0
13.5,0,547.1,0,236.1240410608484,0,1386.1,0,341.2504302301272,0,59.06646778583527,166430381.4330846,0,166430381.4330846,0,0,0
13.5,0,125.8,0,387.02228870029177,0,2962.0,0,772.6602794841265,0,4.692762613296509,166439324.0531228,0,166439324.0531228,0,0,0
5.5,0,177.5,0,160.70507936507937,0,313.5,0,101.74636822474996,0,53.64959032535553,0.0135663032531738,0,0.0135663032531738,0,0,0
5.5,0,57.2,0,56.43063492063492,0,60.8,0,2.4664384328541,0,13.507985520362856,0.0024178981781005,0,0.0024178981781005,0,0,0
5.5,0,1174.2,0,1393.7342063492065,0,1514.0,0,219.62628243871967,0,5.183611798286438,0.0019540071487426,0,0.0019540071487426,0,0,0
13.5,0,140.1,0,124.26231401682251,0,344.0,0,90.45128718147592,0,115.56653237342834,166439317.62125728,0,166439317.62125728,0,0,0
5.5,0,264.4,0,250.26170634920635,0,897.9,0,309.5991655139333,0,200.87466700077056,0.0093029975891113,0,0.0093029975891113,0,0,0
5.5,0,669.5,0,643.4702777777778,0,1351.2,0,607.1041524667094,0,250.97874157428743,0.0109432935714721,0,0.0109432935714721,0,0,0
5.5,0,115.0,0,109.7510714285714,0,169.2,0,34.41731824677849,0,5.499471759796142,0.0116127014160156,0,0.0116127014160156,0,0,0
9.5,0,889.96,0,877.4502087327877,0,2342.04,0,806.6919057669578,0,0.7169417619705201,83243082.56633198,0,83243082.56633198,0,0,0
5.5,0,58.0,0,58.0,0,58.0,0,0.0,0,0.0,5.340576171875e-05,0,5.340576171875e-05,0,0,0
9.5,0,134.31,0,128.8853233184514,0,307.38,0,83.95676349104288,0,70.35802284955979,83242817.32768069,0,83242817.32768069,0,0,0
9.5,0,216.02,0,175.0836591284103,0,875.03,0,249.9169616830155,0,160.87271363735198,83241670.64965025,0,83241670.64965025,0,0,0
13.5,0,1494.0,0,549.5610244356606,0,1494.0,0,633.6316401144875,0,1.0832920789718627,166428975.84390292,0,166428975.84390292,0,0,0
5.5,0,835.1,0,1358.1811507936509,0,2817.2,0,829.9255562051798,0,4.680854725837707,0.0072221994400024,0,0.0072221994400024,0,0,0
5.5,0,118.7,0,99.43623015873015,0,173.4,0,38.11120957647247,0,72.6150533914566,0.0151565074920654,0,0.0151565074920654,0,0,0
13.5,0,89.9,0,96.61785906473987,0,230.0,0,61.96703694844878,0,209.2058069705963,166438264.55481273,0,166438264.55481273,0,0,0
13.5,0,109.0,0,143.93009013346474,0,809.0,0,184.3232058621128,0,26.27295358181,166430360.4008475,0,166430360.4008475,0,0,0
13.5,0,137.8,0,327.90976764807255,0,1494.0,0,497.9739369437101,0,25677.67721374035,166437414.1900488,0,166437414.1900488,0,0,0
5.5,0,91.8,0,90.2824603174603,0,183.2,0,46.20140224419714,0,339.87004268169403,0.0120917797088623,0,0.0120917797088623,0,0,0
5.5,0,69.2,0,71.90603174603174,0,74.0,0,2.282462498922411,0,0.4278674840927124,3.2901763916015627e-06,0,3.2901763916015627e-06,0,0,0
5.5,0,539.8,0,693.9569444444444,0,1369.9,0,590.0207724970521,0,6.924613547325135,0.0017518997192382,0,0.0017518997192382,0,0,0
9.5,0,71.42,0,62.24376863470207,0,140.73,0,21.19603484098728,0,0.1589348673820495,83241461.70349833,0,83241461.70349833,0,0,0
13.5,0,885.2,0,672.6082145932843,0,2318.8,0,870.1807617052558,0,861.0091840028763,166429810.3369612,0,166429810.3369612,0,0,0
13.5,0,75.8,0,110.69936906789462,0,441.0,0,108.2707964005012,0,56.71960813999176,166421759.7307708,0,166421759.7307708,0,0,0
5.5,0,60.4,0,60.345396825396826,0,69.2,0,6.786942109759886,0,8.471181797981263,0.0160085201263427,0,0.0160085201263427,0,0,0
5.5,0,452.0,0,480.5940079365079,0,512.2,0,37.27589526612813,0,756.3507206916809,3.321170806884766e-05,0,3.321170806884766e-05,0,0,0
13.5,0,91.1,0,67.255,0,91.1,0,5.4704181741435445,0,1.843935370445252,166428661.2001849,0,166428661.2001849,0,0,0
13.5,0,66.4,0,112.38764382976844,0,357.0,0,90.6768983737378,0,20.801536750793456,166428634.6925424,0,166428634.6925424,0,0,0
5.5,0,58.0,0,58.0,0,58.0,0,0.0,0,0.0,4.589557647705078e-05,0,4.589557647705078e-05,0,0,0
13.5,0,642.0,0,261.01981616938275,0,1210.8,0,411.9293727717669,0,17.028382658958435,166421632.1335187,0,166421632.1335187,0,0,0
9.5,0,140.76,0,126.40481059270108,0,284.9,0,79.83751566306731,0,199.2285158681869,83243459.67295787,0,83243459.67295787,0,0,0
5.5,0,720.9,0,970.6544047619047,0,2996.4,0,1323.305926504258,0,0.3131511211395263,0.0003023862838745,0,0.0003023862838745,0,0,0
5.5,0,87.0,0,76.16392857142857,0,100.9,0,13.694083676658972,0,0.1244073629379272,0.0128016948699951,0,0.0128016948699951,0,0,0
13.5,0,135.0,0,121.97788133950672,0,230.0,0,67.69786599716409,0,12.547431159019473,166439381.1987384,0,166439381.1987384,0,0,0
5.5,0,81.0,0,76.20714285714286,0,104.0,0,13.261791465335424,0,5.924692392349243,0.0137258052825927,0,0.0137258052825927,0,0,0
13.5,0,136.0,0,107.50629703715616,0,239.6,0,64.57029079925516,0,518.76941781044,166421183.2931189,0,166421183.2931189,0,0,0
13.5,0,1725.4,0,1054.8211630406056,0,8030.0,0,1956.137410625793,0,49.24230062961578,166430962.32802898,0,166430962.32802898,0,0,0
9.5,0,59.74,0,59.31060239923476,0,104.44,0,13.90025391939988,0,4.870353248119354,83241474.71328947,0,83241474.71328947,0,0,0
13.5,0,833.0,0,260.5646143738442,0,1952.2,0,484.0199888241558,0,94.7440238237381,166421244.5681768,0,166421244.5681768,0,0,0
13.5,0,168.0,0,336.5849097247782,0,1514.0,0,522.8075248385933,0,4.713133907318115,166430935.8639332,0,166430935.8639332,0,0,0
5.5,0,90.9,0,98.0143253968254,0,160.4,0,37.275624692112125,0,81.16626195907592,0.0141551971435546,0,0.0141551971435546,0,0,0
13.5,0,61.9,0,58.78365894726189,0,70.9,0,5.180691930078472,0,0.1380311250686645,166428806.76476547,0,166428806.76476547,0,0,0
13.5,0,637.2,0,527.9008629854836,0,1494.0,0,652.2747280821364,0,1.948074674606324,166429725.9198833,0,166429725.9198833,0,0,0
5.5,0,109.4,0,187.6923015873016,0,488.0,0,147.5699056758785,0,8.696154403686524,0.009134292602539,0,0.009134292602539,0,0,0
13.5,0,88.4,0,93.81347584003544,0,218.0,0,47.2731265760162,0,127.00358228683471,166430353.00695717,0,166430353.00695717,0,0,0
5.5,0,89.8,0,120.90944444444442,0,208.2,0,48.26226433299544,0,23.379256415367127,0.009827184677124,0,0.009827184677124,0,0,0
13.5,0,420.5,0,1208.3704775337324,0,1514.0,0,516.3481930349814,0,38.18581054210663,166430214.0385575,0,166430214.0385575,0,0,0
5.5,0,54.8,0,55.5431746031746,0,61.2,0,2.777608735564421,0,0.3140479803085327,0.0021642923355102,0,0.0021642923355102,0,0,0
13.5,0,105.0,0,864.5324304114358,0,7306.0,0,1809.057244613863,0,6.207840132713318,166439296.7158342,0,166439296.7158342,0,0,0
5.5,0,66.0,0,66.0,0,66.0,0,0.0,0,1.275009560585022,5.698204040527343e-06,0,5.698204040527343e-06,0,0,0
13.5,0,358.8,0,798.7738278671793,0,1514.0,0,711.1913726725777,0,48.77398495674133,166429849.1775485,0,166429849.1775485,0,0,0
5.5,0,1042.8,0,1660.8828571428571,0,2996.4,0,969.141917749626,0,0.0124810934066772,3.1900405883789065e-05,0,3.1900405883789065e-05,0,0,0
5.5,0,273.3,0,152.90011904761906,0,322.0,0,104.74800942592763,0,5222.391333603859,0.0031165838241577,0,0.0031165838241577,0,0,0
5.5,0,85.9,0,68.74416666666667,0,93.8,0,11.394759675629562,0,18.883556294441224,0.0151533842086792,0,0.0151533842086792,0,0,0
5.5,0,103.4,0,113.21007936507938,0,215.6,0,67.94108970343923,0,15.907001948356628,0.0017520904541015,0,0.0017520904541015,0,0,0
5.5,0,122.8,0,108.51289682539682,0,171.7,0,52.51568416093291,0,3049.00133562088,0.0163741111755371,0,0.0163741111755371,0,0,0
13.5,0,720.4,0,218.78234265906093,0,1466.8,0,403.6422935740193,0,0.1690213203430176,166439318.8687262,0,166439318.8687262,0,0,0
5.5,0,73.6,0,103.69190476190477,0,214.0,0,54.16337034350621,0,15.21196391582489,0.000655722618103,0,0.000655722618103,0,0,0
13.5,0,569.1,0,942.4035266771411,0,1514.0,0,665.6505705628712,0,28.43447391986847,166439367.9122845,0,166439367.9122845,0,0,0
5.5,0,109.1,0,75.43400793650792,0,212.1,0,48.523213688998354,0,0.1140092134475708,0.0017896175384521,0,0.0017896175384521,0,0,0
13.5,0,66.0,0,116.02410095752202,0,253.0,0,82.06638312016645,0,0.1033083438873291,166421255.2303211,0,166421255.2303211,0,0,0
5.5,0,56.8,0,58.56730158730159,0,66.0,0,4.030330308569934,0,39.18624722957611,0.0024278879165649,0,0.0024278879165649,0,0,0
13.5,0,58.0,0,58.0,0,58.0,0,0.0,0,0.0,166421613.7281356,0,166421613.7281356,0,0,0
5.5,0,97.0,0,91.06976190476192,0,180.8,0,45.76958853709339,0,166.9170027732849,0.0050163984298706,0,0.0050163984298706,0,0,0
9.5,0,116.63,0,114.27725311616489,0,273.99,0,69.445273061134,0,152.79996678829193,83243932.16727112,0,83243932.16727112,0,0,0
13.5,0,75.4,0,229.7681015785041,0,1474.0,0,397.1348585100983,0,98.2798001050949,166430686.7243241,0,166430686.7243241,0,0,0
13.5,0,104.3,0,94.96255343641567,0,218.8,0,48.1613345854518,0,17.398481154441832,166429077.2180389,0,166429077.2180389,0,0,0
13.5,0,120.9,0,137.2386332333817,0,255.4,0,70.11897287922059,0,344.3292507648468,166428974.8376801,0,166428974.8376801,0,0,0
9.5,0,343.46,0,312.9201026989007,0,1018.79,0,376.19322765103817,0,165.01346286773682,83241576.51948375,0,83241576.51948375,0,0,0
5.5,0,58.0,0,58.0,0,58.0,0,0.0,0,0.0,5.888938903808594e-06,0,5.888938903808594e-06,0,0,0
5.5,0,127.9,0,122.50349206349208,0,241.8,0,59.16538813611563,0,26.878542590141297,0.0063158988952636,0,0.0063158988952636,0,0,0
9.5,0,151.08,0,143.3075535415307,0,260.42,0,67.25706774643918,0,134.22867841958998,83243350.9299783,0,83243350.9299783,0,0,0
13.5,0,57.2,0,57.62457926361564,0,77.0,0,5.990978076016555,0,30.86143882274628,166438065.86830628,0,166438065.86830628,0,0,0
13.5,0,70.6,0,75.49991154957873,0,230.0,0,43.87206962248504,0,91.0348007440567,166438261.78196353,0,166438261.78196353,0,0,0
9.5,0,386.7,0,550.4556410073843,0,1771.55,0,583.2055909182094,0,70.98799252510071,83241553.06276157,0,83241553.06276157,0,0,0
5.5,0,133.9,0,118.4801984126984,0,193.7,0,45.2174277326054,0,101.82080328464508,0.0190122842788696,0,0.0190122842788696,0,0,0
13.5,0,54.0,0,54.267508561270176,0,58.0,0,0.9939906279902472,0,0.0,166430702.11078018,0,166430702.11078018,0,0,0
13.5,0,76.6,0,76.69791239247509,0,230.0,0,44.17018922361707,0,255.47365341186523,166438213.23934588,0,166438213.23934588,0,0,0
5.5,0,1351.2,0,1831.11,0,4492.8,0,1247.7540543708485,0,0.8700211048126221,0.0021039009094238,0,0.0021039009094238,0,0,0
13.5,0,112.1,0,83.411274003774,0,188.2,0,39.60688955321528,0,468.5185384035111,166438015.77723852,0,166438015.77723852,0,0,0
9.5,0,111.16,0,115.87526384258156,0,265.14,0,66.96231456944969,0,365.271407623291,83244181.61334716,0,83244181.61334716,0,0,0
13.5,0,211.2,0,145.64030008948737,0,679.1,0,155.65568036528697,0,5.099983501434326,166439228.59189588,0,166439228.59189588,0,0,0
5.5,0,70.0,0,75.14761904761905,0,95.2,0,18.60744206756599,0,0.0263459205627441,0.0001867771148681,0,0.0001867771148681,0,0,0
9.5,0,228.82,0,159.41774546188245,0,573.61,0,170.34815754724116,0,12.208636984825134,83242137.14492342,0,83242137.14492342,0,0,0
5.5,0,57.6,0,60.49380952380952,0,66.0,0,4.1264773884177846,0,27.055073523521425,0.0020402908325195,0,0.0020402908325195,0,0,0
13.5,0,417.6,0,167.62742344686615,0,1466.8,0,325.7174313153332,0,60.28199045658111,166438190.9449411,0,166438190.9449411,0,0,0
5.5,0,54.0,0,54.0,0,54.0,0,0.0,0,0.0128918170928955,1.5974044799804688e-06,0,1.5974044799804688e-06,0,0,0
13.5,0,59.2,0,57.180297399538894,0,62.8,0,2.8224087942357965,0,0.0552376985549926,166421650.96590012,0,166421650.96590012,0,0,0
13.5,0,1361.6,0,1899.0302822976817,0,13098.0,0,3774.4861240778687,0,1.2882591009140014,166430827.33179632,0,166430827.33179632,0,0,0
13.5,0,1379.6,0,278.4050061874829,0,1405.2,0,408.3763452374439,0,20.580569076538087,166430648.9997838,0,166430648.9997838,0,0,0
5.5,0,74.8,0,67.62761904761905,0,75.6,0,3.3731409858141617,0,0.5820318222045898,0.0018007040023803,0,0.0018007040023803,0,0,0
9.5,0,107.35,0,120.25043901231209,0,294.02,0,74.5724543808772,0,213.7786623907089,83244179.72158256,0,83244179.72158256,0,0,0
9.5,0,112.48,0,115.50576119705028,0,312.98,0,84.62238086992903,0,61.62278765201569,83243275.76428744,0,83243275.76428744,0,0,0
13.5,0,110.6,0,92.15625298506104,0,252.6,0,50.50169593182214,0,4.581925225257874,166430234.1005599,0,166430234.1005599,0,0,0
5.5,0,101.0,0,108.90992063492064,0,199.2,0,50.89634946459702,0,1846.0293032169343,0.0227621793746948,0,0.0227621793746948,0,0,0
5.5,0,121.5,0,106.50123015873014,0,153.6,0,33.463140034033465,0,72.7112930059433,0.0206683158874511,0,0.0206683158874511,0,0,0
5.5,0,140.6,0,112.39761904761905,0,247.1,0,64.78499183351882,0,152.37370953559875,0.0163091897964477,0,0.0163091897964477,0,0,0
5.5,0,106.0,0,86.10555555555555,0,167.6,0,34.88630603746459,0,242.6442840576172,0.0218643903732299,0,0.0218643903732299,0,0,0
5.5,0,57.6,0,57.96,0,58.0,0,0.12,0,0.0041978120803833,1.6903877258300783e-05,0,1.6903877258300783e-05,0,0,0
13.5,0,58.0,0,58.53501712254034,0,66.0,0,1.9879812559804944,0,0.0,166438066.2376101,0,166438066.2376101,0,0,0
5.5,0,192.5,0,123.27873015873016,0,270.1,0,63.6692494716328,0,15.096872901916504,0.0070405960083007,0,0.0070405960083007,0,0,0
5.5,0,54.8,0,54.12444444444444,0,54.8,0,0.2857078722109418,0,1.0153247594833374,0.0041800022125244,0,0.0041800022125244,0,0,0
9.5,0,147.63,0,152.17633606129854,0,357.58,0,100.65626249990046,0,117.41634743690491,83241970.89008759,0,83241970.89008759,0,0,0
5.5,0,880.6,0,1656.570873015873,0,2962.0,0,832.108006159503,0,173.36439270973204,0.0030958890914916,0,0.0030958890914916,0,0,0
13.5,0,88.6,0,84.00575109058468,0,159.8,0,24.896478152226184,0,135.49607620239257,166421343.6346643,0,166421343.6346643,0,0,0
5.5,0,81.2,0,59.6973015873016,0,96.0,0,14.517915762290926,0,39.34417338371277,0.0095396995544433,0,0.0095396995544433,0,0,0
9.5,0,128.49,0,130.1517343421972,0,316.54,0,92.22082084035868,0,519.1856642627716,83242249.06663975,0,83242249.06663975,0,0,0
5.5,0,206.3,0,193.32734126984127,0,799.9,0,261.0510389131242,0,0.1874180555343628,0.0050918102264404,0,0.0050918102264404,0,0,0
5.5,0,58.0,0,58.0,0,58.0,0,0.0,0,0.0,2.269744873046875e-05,0,2.269744873046875e-05,0,0,0
13.5,0,122.9,0,108.46454019363848,0,237.6,0,59.62220989467244,0,80.9722577571869,166430421.1501284,0,166430421.1501284,0,0,0
5.5,0,65.0,0,56.96317460317461,0,67.8,0,4.330718468085919,0,78.30343761444092,0.000236701965332,0,0.000236701965332,0,0,0
5.5,0,55.2,0,56.51476190476191,0,58.0,0,1.3326269273267166,0,0.0051254034042358,9.894371032714844e-06,0,9.894371032714844e-06,0,0,0
5.5,0,67.4,0,76.3323015873016,0,112.4,0,19.25194568029719,0,516.6754442930221,0.0041843891143798,0,0.0041843891143798,0,0,0
5.5,0,66.0,0,66.0,0,66.0,0,0.0,0,13.253976511955262,0.003550100326538,0,0.003550100326538,0,0,0
13.5,0,54.4,0,56.94259417397189,0,58.0,0,1.563938354321132,0,0.0087880611419677,166421704.6736955,0,166421704.6736955,0,0,0
5.5,0,2922.0,0,3101.0666666666666,0,4207.2,0,836.2023640035665,0,0.3938812255859375,0.0002405166625976,0,0.0002405166625976,0,0,0
9.5,0,151.75,0,127.16143248212056,0,501.18,0,127.67284152456878,0,9.845659480094907,83243385.22228007,0,83243385.22228007,0,0,0
13.5,0,214.3,0,338.4138043174576,0,2922.0,0,731.0433720846847,0,1.0212997198104858,166421632.2202335,0,166421632.2202335,0,0,0
5.5,0,85.3,0,83.91031746031744,0,149.0,0,27.22511777391935,0,85.098593211174,0.0368403911590576,0,0.0368403911590576,0,0,0
9.5,0,117.35,0,131.32479978810318,0,330.67,0,91.26087060469084,0,426.0090778851509,83243256.50096434,0,83243256.50096434,0,0,0
5.5,0,312.6,0,408.4519444444444,0,507.9,0,102.33298889992072,0,218.29333806037903,0.0121145009994506,0,0.0121145009994506,0,0,0
5.5,0,58.0,0,58.0,0,58.0,0,0.0,0,0.0,0.0001313924789428,0,0.0001313924789428,0,0,0
9.5,0,779.03,0,973.0913864407008,0,3538.34,0,992.0965878262236,0,1.7332514071464538,83244315.80268879,0,83244315.80268879,0,0,0
5.5,0,1079.6,0,1804.002222222222,0,2962.0,0,823.1521340396224,0,8.471639585494994,0.0007633924484252,0,0.0007633924484252,0,0,0
13.5,0,97.0,0,77.02542897934539,0,207.2,0,41.92739130671343,0,85.21382038593292,166439241.3417056,0,166439241.3417056,0,0,0
9.5,0,125.11,0,108.96853835491991,0,266.75,0,68.68228897088757,0,291.0373454499245,83242416.57146902,0,83242416.57146902,0,0,0
13.5,0,58.0,0,58.0,0,58.0,0,0.0,0,0.0,166421286.5784649,0,166421286.5784649,0,0,0
13.5,0,65.2,0,62.01195575666164,0,128.4,0,17.017771009526562,0,597.8703309059143,166421593.8934022,0,166421593.8934022,0,0,0
5.5,0,121.6,0,164.68365079365077,0,395.8,0,115.90535247519392,0,0.2762128114700317,0.0091974973678588,0,0.0091974973678588,0,0,0
5.5,0,72.8,0,60.88142857142857,0,110.4,0,19.07200137498465,0,781.2472221136093,0.0162177085876464,0,0.0162177085876464,0,0,0
13.5,0,204.1,0,1209.3541906923488,0,5858.0,0,1395.2875031900155,0,73.46162524223328,166430888.8979265,0,166430888.8979265,0,0,0
5.5,0,57.2,0,57.49063492063492,0,63.6,0,3.144547193789645,0,0.0446267843246459,0.016115379333496,0,0.016115379333496,0,0,0
5.5,0,110.1,0,88.84242063492064,0,201.6,0,50.16097424523114,0,30.213636469841003,0.0123059034347534,0,0.0123059034347534,0,0,0
13.5,0,1431.7,0,1197.5953368526898,0,2962.0,0,1011.0945863947476,0,5.820494794845581,166430647.3149678,0,166430647.3149678,0,0,0
9.5,0,131.09,0,128.6182062659133,0,363.16,0,90.75609884924796,0,99.43127304315568,83243005.0133397,0,83243005.0133397,0,0,0
13.5,0,2350.8,0,2397.071283278125,0,2922.0,0,684.5764799504536,0,0.5925150632858276,166428815.92719,0,166428815.92719,0,0,0
13.5,0,103.8,0,107.2854686030344,0,423.1,0,94.08638022267506,0,17.530290484428406,166439244.0984106,0,166439244.0984106,0,0,0
13.5,0,162.3,0,189.81382873361588,0,729.0,0,184.34321375334525,0,177.6255000591278,166439271.1075496,0,166439271.1075496,0,0,0
13.5,0,67.6,0,357.11004068987427,0,1514.0,0,551.7202215062591,0,7.015806031227112,166429829.1370799,0,166429829.1370799,0,0,0
13.5,0,92.6,0,115.66333976352166,0,230.0,0,61.81787535300386,0,287.85615334510805,166438016.3481803,0,166438016.3481803,0,0,0
5.5,0,54.0,0,54.0,0,54.0,0,0.0,0,0.1595567226409912,0.0014021873474121,0,0.0014021873474121,0,0,0
5.5,0,69.4,0,67.19230158730159,0,81.6,0,11.275825204479755,0,162.22119545936584,0.0060938835144042,0,0.0060938835144042,0,0,0
5.5,0,58.0,0,58.0,0,58.0,0,0.0,0,0.0,0.0003108978271484,0,0.0003108978271484,0,0,0
9.5,0,177.06,0,185.51769813116024,0,622.78,0,184.8073215740047,0,129.6280584025383,83241850.47954328,0,83241850.47954328,0,0,0
5.5,0,492.0,0,483.2521428571428,0,511.0,0,24.304378496177968,0,30.258376836776733,6.9141387939453125e-06,0,6.9141387939453125e-06,0,0,0
13.5,0,107.8,0,95.8868712427923,0,239.6,0,55.6352290330057,0,55.16931314468384,166430210.7459791,0,166430210.7459791,0,0,0
5.5,0,1212.4,0,1405.1725396825398,0,1514.0,0,218.4348073044004,0,2.292026734352112,0.0006860017776489,0,0.0006860017776489,0,0,0
5.5,0,139.3,0,101.81361111111111,0,263.0,0,63.72192758663148,0,116.27652707099917,0.0035282135009765,0,0.0035282135009765,0,0,0
9.5,0,135.96,0,144.54257027166162,0,482.67,0,118.32185986079114,0,239.77290875434875,83243625.73618175,0,83243625.73618175,0,0,0
5.5,0,1824.2,0,672.8580158730158,0,1970.2,0,777.6463026826501,0,12840.135295677184,0.0121477842330932,0,0.0121477842330932,0,0,0
5.5,0,644.4,0,1134.395238095238,0,1514.0,0,413.8516066291735,0,28.24342563152313,0.0027090072631835,0,0.0027090072631835,0,0,0
13.5,0,114.1,0,110.14291050968296,0,317.0,0,77.55449218286324,0,204.04654421806336,166421128.38981932,0,166421128.38981932,0,0,0
13.5,0,111.8,0,95.44310524743574,0,230.0,0,54.106054044665726,0,317.35515480041505,166421765.1628468,0,166421765.1628468,0,0,0
9.5,0,167.9,0,194.1399273804541,0,627.25,0,176.94666990541012,0,145.01543380260466,83244162.11535503,0,83244162.11535503,0,0,0
5.5,0,95.0,0,102.51436507936508,0,156.0,0,39.12975210659493,0,23.17493178844452,0.0299885988235473,0,0.0299885988235473,0,0,0
5.5,0,770.8,0,322.1842857142857,0,796.2,0,333.0664194827858,0,253.03522474765776,0.0075326919555664,0,0.0075326919555664,0,0,0
5.5,0,74.4,0,89.17507936507936,0,212.4,0,60.70800088664422,0,81.11043438911437,0.0014200925827026,0,0.0014200925827026,0,0,0
13.5,0,84.8,0,67.23250558007524,0,123.5,0,19.470734340673445,0,313.680912899971,166421868.7701646,0,166421868.7701646,0,0,0
13.5,0,54.0,0,54.0,0,54.0,0,0.0,0,0.5995541095733643,166421234.9918173,0,166421234.9918173,0,0,0
5.5,0,120.5,0,121.59234126984128,0,354.0,0,100.58331639505872,0,42.53694088459015,0.0085758209228515,0,0.0085758209228515,0,0,0
13.5,0,236.9,0,1089.803569788055,0,1999.0,0,647.6952142058823,0,81.601065325737,166430692.67121238,0,166430692.67121238,0,0,0
13.5,0,790.7,0,336.4430638908735,0,2087.0,0,594.1653498285514,0,78.36036541461945,166438032.6991337,0,166438032.6991337,0,0,0
5.5,0,403.6,0,278.5273809523809,0,419.3,0,150.51910438724622,0,336.2631640434265,0.0008375883102416,0,0.0008375883102416,0,0,0
13.5,0,78.4,0,58.16403115632219,0,106.3,0,12.48581309047733,0,1202.617037177086,166421594.19035238,0,166421594.19035238,0,0,0
5.5,0,155.0,0,134.5382142857143,0,278.3,0,86.99187227197206,0,438.3206318616867,0.0073230981826782,0,0.0073230981826782,0,0,0
13.5,0,54.8,0,152.22141126932925,0,1514.0,0,362.6573161120573,0,0.0,166430882.145328,0,166430882.145328,0,0,0
5.5,0,118.0,0,110.4934523809524,0,192.1,0,52.93635610828517,0,2694.8125720977782,0.0272475957870483,0,0.0272475957870483,0,0,0
5.5,0,351.6,0,902.5133333333335,0,2922.0,0,991.6063185964985,0,1.10939781665802,0.0001707077026367,0,0.0001707077026367,0,0,0
13.5,0,114.6,0,124.2479740155785,0,414.0,0,94.26421232098392,0,3.608955883979797,166421705.1606474,0,166421705.1606474,0,0,0
9.5,0,181.5,0,270.68193460555614,0,910.81,0,248.52218280836416,0,240.2286187148094,83244279.03804415,0,83244279.03804415,0,0,0
13.5,0,3820.4,0,2805.6999783077263,0,4410.0,0,1742.711852902671,0,0.6206036806106567,166439297.9421172,0,166439297.9421172,0,0,0
5.5,0,103.1,0,114.37059523809523,0,200.9,0,52.36284913089448,0,36.508274698257445,0.0185042142868042,0,0.0185042142868042,0,0,0
13.5,0,54.0,0,146.75859362043187,0,530.0,0,140.81846415354698,0,0.990373158454895,166438157.8781978,0,166438157.8781978,0,0,0
5.5,0,195.3,0,284.1955952380953,0,1053.3,0,380.1822959526566,0,9.231587767601011,0.0014867067337036,0,0.0014867067337036,0,0,0
13.5,0,1090.2,0,806.1362813373416,0,1514.0,0,714.6202090575208,0,19.23730139732361,166430219.1561476,0,166430219.1561476,0,0,0
5.5,0,58.0,0,58.0,0,58.0,0,0.0,0,0.0,4.291534423828125e-06,0,4.291534423828125e-06,0,0,0
9.5,0,113.63,0,107.79253341279464,0,298.22,0,72.28033151054007,0,71.01583622217179,83243042.9358357,0,83243042.9358357,0,0,0
5.5,0,58.0,0,58.0,0,58.0,0,0.0,0,0.0,7.779598236083985e-05,0,7.779598236083985e-05,0,0,0
13.5,0,69.0,0,71.25554755315204,0,156.0,0,30.474612591586457,0,50.79400267601013,166439386.7829814,0,166439386.7829814,0,0,0
13.5,0,123.8,0,122.45863321147375,0,441.0,0,99.1753454536442,0,2075.0004366874696,166437937.4366927,0,166437937.4366927,0,0,0
13.5,0,96.2,0,93.69273110489442,0,221.6,0,47.34737433775734,0,325.8877313375473,166421094.8461941,0,166421094.8461941,0,0,0
5.5,0,113.6,0,96.3018253968254,0,183.1,0,44.41020253797477,0,142.4982173204422,0.0139819145202636,0,0.0139819145202636,0,0,0
9.5,0,111.53,0,105.32733889145771,0,286.35,0,72.00897021124084,0,343.5713119363785,83242927.23856457,0,83242927.23856457,0,0,0
13.5,0,78.8,0,70.31788743806933,0,101.5,0,10.781688202742584,0,218.5891278028488,166438109.4117408,0,166438109.4117408,0,0,0
9.5,0,452.5,0,448.00410199329394,0,1326.64,0,485.1665628922957,0,20.881342825889583,83241730.26359072,0,83241730.26359072,0,0,0
13.5,0,66.0,0,66.0,0,66.0,0,0.0,0,0.4208348035812378,166439296.443973,0,166439296.443973,0,0,0
5.5,0,1803.6,0,1599.271111111111,0,2527.6,0,425.8866517867088,0,50.18590221405029,0.0026957035064697,0,0.0026957035064697,0,0,0
5.5,0,137.7,0,122.39404761904764,0,263.0,0,67.38001679058061,0,6.430049586296081,0.0093119144439697,0,0.0093119144439697,0,0,0
9.5,0,112.42,0,117.71948946877858,0,260.93,0,67.38269651032705,0,258.0575273180008,83244283.1253985,0,83244283.1253985,0,0,0
5.5,0,239.1,0,237.95607142857145,0,894.5,0,286.8470489750697,0,48.52848446369171,0.004979395866394,0,0.004979395866394,0,0,0
13.5,0,58.0,0,58.0,0,58.0,0,0.0,0,0.0,166429025.01151058,0,166429025.01151058,0,0,0
13.5,0,94.2,0,96.51249060494028,0,230.0,0,45.23266615745357,0,37.13456819057465,166439316.93888313,0,166439316.93888313,0,0,0
5.5,0,56.0,0,55.913015873015866,0,57.6,0,1.781231249461206,0,0.0011120796203613,0.0023934125900268,0,0.0023934125900268,0,0,0
5.5,0,115.0,0,112.09753968253968,0,206.6,0,63.79288763398237,0,29.50665338039398,0.0306138038635253,0,0.0306138038635253,0,0,0
13.5,0,500.4,0,913.444315533108,0,1514.0,0,696.4284993756859,0,1.492777180671692,166430700.17918968,0,166430700.17918968,0,0,0
13.5,0,100.2,0,74.8494942003301,0,199.3,0,43.75036143623255,0,1.072876524925232,166438136.90768552,0,166438136.90768552,0,0,0
5.5,0,66.0,0,66.0,0,66.0,0,0.0,0,0.2255234003067016,1.5974044799804688e-06,0,1.5974044799804688e-06,0,0,0
5.5,0,106.1,0,119.82353174603176,0,365.4,0,111.51482133752442,0,27.68807210922241,0.0096561908721923,0,0.0096561908721923,0,0,0
9.5,0,150.95,0,129.56357560477878,0,290.26,0,74.3198489812263,0,120.96834497213364,83243525.0158301,0,83243525.0158301,0,0,0
5.5,0,347.4,0,247.7056349206349,0,691.2,0,194.4896230218293,0,12.841874694824218,0.0082635879516601,0,0.0082635879516601,0,0,0
5.5,0,55.6,0,55.32873015873016,0,57.6,0,1.715359402126424,0,0.002521800994873,0.0023738861083984,0,0.0023738861083984,0,0,0
9.5,0,103.41,0,110.52987109820002,0,269.11,0,64.7880555300554,0,597.2963368368149,83243970.46811123,0,83243970.46811123,0,0,0
9.5,0,133.3,0,151.4158714379446,0,320.76,0,88.5632564731869,0,341.8494936037064,83241945.09530406,0,83241945.09530406,0,0,0
9.5,0,173.48,0,166.15390763807056,0,494.33,0,142.73946514667605,0,332.14686601400376,83243748.44474727,0,83243748.44474727,0,0,0
9.5,0,98.0,0,96.66124085091036,0,222.62,0,51.02196253419106,0,51.81723938941956,83243128.28416611,0,83243128.28416611,0,0,0
5.5,0,89.1,0,77.10666666666665,0,129.0,0,24.50416830984729,0,23.309138560295104,0.0137983083724975,0,0.0137983083724975,0,0,0
5.5,0,88.2,0,79.31785714285715,0,151.2,0,29.41007199345351,0,79.81595792770386,0.0189790964126586,0,0.0189790964126586,0,0,0
5.5,0,122.2,0,100.00492063492064,0,184.0,0,45.45110036422295,0,102.99126400947571,0.0243479967117309,0,0.0243479967117309,0,0,0
13.5,0,236.9,0,377.8395535493059,0,3495.0,0,843.5554322916344,0,56.67397499084473,166430991.8476329,0,166430991.8476329,0,0,0
13.5,0,54.0,0,54.0,0,54.0,0,0.0,0,0.0626205921173095,166421249.1402058,0,166421249.1402058,0,0,0
13.5,0,67.2,0,973.383189696011,0,4410.0,0,1416.8907212251383,0,38.38139357566833,166430286.5606303,0,166430286.5606303,0,0,0
13.5,0,244.3,0,974.9119467507896,0,1388.0,0,567.5781118138431,0,0.7526724576950073,166429722.4288934,0,166429722.4288934,0,0,0
13.5,0,61.1,0,60.00660900202308,0,71.6,0,5.149398359685252,0,0.0815096378326416,166430953.86119872,0,166430953.86119872,0,0,0
13.5,0,60.0,0,540.9746745634827,0,2974.0,0,1010.07759949657,0,0.0608157157897949,166421738.83062142,0,166421738.83062142,0,0,0
5.5,0,1079.6,0,981.1704761904764,0,1948.4,0,641.540495698089,0,33.956954789161685,0.0007624149322509,0,0.0007624149322509,0,0,0
5.5,0,58.0,0,58.0,0,58.0,0,0.0,0,0.0,0.0001744985580444,0,0.0001744985580444,0,0,0
9.5,0,163.02,0,177.513162618771,0,730.89,0,203.8768306901142,0,59.09659389972687,83242384.32264803,0,83242384.32264803,0,0,0
5.5,0,98.3,0,86.85527777777779,0,183.2,0,44.233453813638725,0,69.47591626644135,0.0185322999954223,0,0.0185322999954223,0,0,0
13.5,0,256.7,0,143.79466946838852,0,652.6,0,140.47686131488717,0,151.13657631874085,166438073.2682266,0,166438073.2682266,0,0,0
9.5,0,2420.7,0,2450.3341329529603,0,4070.0,0,1100.456543035422,0,14.67209286928177,83242133.11927353,0,83242133.11927353,0,0,0
9.5,0,127.51,0,137.94071615450252,0,362.05,0,96.21733554998416,0,60.60834254741669,83243868.06787914,0,83243868.06787914,0,0,0
13.5,0,54.0,0,58.34701412064028,0,119.0,0,16.152347704841514,0,0.0062971115112304,166429015.91001937,0,166429015.91001937,0,0,0
9.5,0,80.87,0,79.79662617379181,0,188.65,0,44.04953905525007,0,438.8517857027054,83243412.13384627,0,83243412.13384627,0,0,0
5.5,0,74.2,0,60.64757936507938,0,101.1,0,14.83212627112702,0,111.08289134502412,0.0076838016510009,0,0.0076838016510009,0,0,0
9.5,0,116.29,0,114.54635933558188,0,261.52,0,66.77916018627008,0,291.0155132341385,83242677.8499119,0,83242677.8499119,0,0,0
5.5,0,58.0,0,58.0,0,58.0,0,0.0,0,0.0,6.000995635986328e-05,0,6.000995635986328e-05,0,0,0
5.5,0,609.2,0,839.8945238095237,0,2542.4,0,890.31202513674,0,166.6368582010269,0.0270864963531494,0,0.0270864963531494,0,0,0
5.5,0,118.5,0,103.0254365079365,0,211.5,0,50.07434505163134,0,1033.2667725801468,0.0153495073318481,0,0.0153495073318481,0,0,0
9.5,0,90.18,0,93.67570150901729,0,243.09,0,55.96114132863905,0,162.95736251115798,83242707.89261827,0,83242707.89261827,0,0,0
13.5,0,56.6,0,56.74864507869152,0,58.8,0,1.916655906968301,0,0.0011918067932128,166421704.98421472,0,166421704.98421472,0,0,0
5.5,0,75.8,0,78.69103174603174,0,97.4,0,11.81253264231256,0,44.700610876083374,0.0053953170776367,0,0.0053953170776367,0,0,0
13.5,0,63.0,0,59.27813999639851,0,92.0,0,10.430386717811391,0,0.3079152822494507,166438014.0885012,0,166438014.0885012,0,0,0
13.5,0,73.6,0,58.78,0,73.6,0,3.3999411759617253,0,32.959941792488095,166428768.74759072,0,166428768.74759072,0,0,0
13.5,0,72.8,0,80.51554985176503,0,156.0,0,22.89278717412737,0,9.805704402923585,166421262.9035246,0,166421262.9035246,0,0,0
13.5,0,89.7,0,79.69771147583067,0,272.4,0,52.9603687799579,0,38.60566382408142,166429000.12975508,0,166429000.12975508,0,0,0
5.5,0,1803.6,0,2031.60253968254,0,2962.0,0,575.7723098155059,0,1.6044591903686525,0.0006239891052246,0,0.0006239891052246,0,0,0
13.5,0,983.3,0,663.408623604208,0,1948.4,0,718.9521034062263,0,1.5750656127929688,166430943.13426408,0,166430943.13426408,0,0,0
13.5,0,56.3,0,59.53204836572097,0,86.0,0,9.099630129801664,0,11.596861243247986,166421302.9747168,0,166421302.9747168,0,0,0
13.5,0,1193.2,0,799.2075404566194,0,1474.0,0,663.9292909416388,0,16.49320228099823,166430357.0608477,0,166430357.0608477,0,0,0
13.5,0,58.0,0,58.0,0,58.0,0,0.0,0,0.0,166421612.76861328,0,166421612.76861328,0,0,0
9.5,0,114.58,0,113.59286056508851,0,262.02,0,66.69940464584295,0,301.5095267057419,83241512.97554821,0,83241512.97554821,0,0,0
9.5,0,204.65,0,192.9937214192757,0,738.13,0,195.10766163897424,0,138.98835904121398,83242661.55495986,0,83242661.55495986,0,0,0
9.5,0,142.51,0,143.76126962073016,0,316.29,0,86.40144214644181,0,503.1179039859772,83243639.52334903,0,83243639.52334903,0,0,0
5.5,0,58.0,0,58.0,0,58.0,0,0.0,0,0.0,0.0001705884933471,0,0.0001705884933471,0,0,0
5.5,0,54.8,0,54.12444444444444,0,54.8,0,0.2857078722109418,0,0.0064234972000122,0.0003380060195922,0,0.0003380060195922,0,0,0
5.5,0,66.6,0,58.920634920634924,0,81.0,0,9.417329012854504,0,134.9339877843857,0.011581802368164,0,0.011581802368164,0,0,0
13.5,0,1374.3,0,672.774672395458,0,3835.9,0,1197.5181627828672,0,0.1521345376968383,166420989.6752351,0,166420989.6752351,0,0,0
9.5,0,101.2,0,107.33481480696804,0,270.62,0,73.02390235420896,0,221.25290944576264,83243405.61594588,0,83243405.61594588,0,0,0
13.5,0,99.6,0,125.90819280822376,0,409.0,0,94.9997029274374,0,358.6822780132294,166421688.0423153,0,166421688.0423153,0,0,0
13.5,0,636.6,0,410.7819946359111,0,2694.3,0,697.0577262585905,0,0.2483831644058227,166421744.1852507,0,166421744.1852507,0,0,0
9.5,0,140.62,0,146.55350752824745,0,324.6,0,87.76641145078311,0,96.97470301866532,83242817.47900434,0,83242817.47900434,0,0,0
13.5,0,131.5,0,74.23419558511664,0,162.1,0,25.298157257950923,0,1.7004257917404175,166438143.49698502,0,166438143.49698502,0,0,0
5.5,0,68.1,0,58.130515873015874,0,84.4,0,11.256522930379852,0,499.6831751346588,0.0122188091278076,0,0.0122188091278076,0,0,0
13.5,0,104.7,0,629.8821490807094,0,1999.0,0,708.7624793850222,0,5.941732382774353,166430647.5839537,0,166430647.5839537,0,0,0
9.5,0,399.46,0,365.1840284371631,0,1185.4,0,402.3912924341184,0,123.5410380935669,83241754.97786243,0,83241754.97786243,0,0,0
13.5,0,58.0,0,58.0,0,58.0,0,0.0,0,0.0,166429849.6262656,0,166429849.6262656,0,0,0
13.5,0,103.4,0,85.18237286406405,0,276.3,0,57.461566790211066,0,37.51480493545533,166428661.3806916,0,166428661.3806916,0,0,0
9.5,0,95.02,0,86.60182906339449,0,217.84,0,53.35747263154013,0,98.28896958112716,83242164.21076547,0,83242164.21076547,0,0,0
5.5,0,54.0,0,54.0,0,54.0,0,0.0,0,0.517483925819397,0.0012032985687255,0,0.0012032985687255,0,0,0
13.5,0,54.8,0,56.02263904825825,0,58.0,0,1.985388718072388,0,0.0062888145446777,166421665.0622722,0,166421665.0622722,0,0,0
13.5,0,809.5,0,224.98082882287991,0,864.0,0,277.9966172484747,0,11.447347235679626,166430283.2115165,0,166430283.2115165,0,0,0
9.5,0,156.36,0,116.37098220630418,0,364.1,0,89.06166030200889,0,92.09540487289428,83243598.65302959,0,83243598.65302959,0,0,0
5.5,0,301.1,0,427.1515476190477,0,507.0,0,101.38654693723086,0,66.10217244625092,0.0104117155075073,0,0.0104117155075073,0,0,0
13.5,0,149.0,0,111.84159705533546,0,351.5,0,76.29994784144922,0,219.85636656284333,166421059.50797132,0,166421059.50797132,0,0,0
9.5,0,333.21,0,321.4615717731271,0,1138.18,0,380.6294388630867,0,37.598578543663024,83241709.02092642,0,83241709.02092642,0,0,0
9.5,0,157.33,0,236.88723081261708,0,901.45,0,247.1869961497653,0,80.3703703713417,83243715.6533563,0,83243715.6533563,0,0,0
5.5,0,95.8,0,87.21468253968254,0,186.8,0,41.969231580744655,0,16.811451053619386,0.0186897993087768,0,0.0186897993087768,0,0,0
9.5,0,75.42,0,76.87347613368743,0,212.35,0,44.7015239544689,0,16.833098862171173,83241468.5749225,0,83241468.5749225,0,0,0
13.5,0,133.1,0,119.34348893023044,0,357.0,0,87.25093779184934,0,83.94492349624633,166428666.75348872,0,166428666.75348872,0,0,0
13.5,0,58.0,0,58.53501712254034,0,66.0,0,1.9879812559804944,0,0.0,166421338.5819647,0,166421338.5819647,0,0,0
13.5,0,102.2,0,112.30618030619192,0,488.0,0,108.96346515573872,0,24.22382311820984,166428829.9551161,0,166428829.9551161,0,0,0
9.5,0,112.25,0,100.66609991491995,0,240.29,0,60.28890830231191,0,37.8037490773201,83242270.21483727,0,83242270.21483727,0,0,0
5.5,0,125.0,0,116.79984126984128,0,201.0,0,46.521320466158,0,4.832417726516724,0.0104314088821411,0,0.0104314088821411,0,0,0
5.5,0,125.7,0,151.30940476190477,0,543.6,0,177.42905189149496,0,2.773414659500122,0.0017308950424194,0,0.0017308950424194,0,0,0
13.5,0,56.0,0,56.06174166476798,0,60.0,0,2.1817334773744625,0,0.0258028745651245,166428664.9535336,0,166428664.9535336,0,0,0
9.5,0,118.77,0,129.30407068340156,0,315.45,0,88.89716062888681,0,323.37455734491346,83242782.05325937,0,83242782.05325937,0,0,0
13.5,0,76.8,0,100.21134794385182,0,265.0,0,61.33584888025344,0,159.53466114997863,166430425.49590927,0,166430425.49590927,0,0,0
13.5,0,146.3,0,115.15327373735656,0,485.0,0,103.9370466554052,0,0.0844816207885742,166421098.42760488,0,166421098.42760488,0,0,0
5.5,0,54.0,0,54.0,0,54.0,0,0.0,0,0.0161056041717529,0.0002181053161621,0,0.0002181053161621,0,0,0
5.5,0,1626.4,0,1730.1634920634922,0,2672.4,0,468.4176226986812,0,0.2441718339920044,0.0007163047790527,0,0.0007163047790527,0,0,0
5.5,0,59.4,0,70.5313492063492,0,112.0,0,20.7012892404098,0,90.4165832042694,0.0194927930831909,0,0.0194927930831909,0,0,0
13.5,0,73.6,0,62.080594883272894,0,132.0,0,18.68111669283824,0,21.50961880683899,166421724.643914,0,166421724.643914,0,0,0
9.5,0,116.4,0,113.63333578899598,0,271.48,0,64.4351842056557,0,6869.857819938659,83241450.76823017,0,83241450.76823017,0,0,0
5.5,0,1226.8,0,1397.0688888888888,0,1514.0,0,229.29402893002552,0,1.614331269264221,0.0012773990631103,0,0.0012773990631103,0,0,0
13.5,0,95.9,0,59.397379636187694,0,135.4,0,19.43999947394163,0,306.4224611282349,166438137.2327049,0,166438137.2327049,0,0,0
13.5,0,125.1,0,128.64983226010315,0,441.0,0,110.5003459724984,0,8.167952966690063,166428647.17858902,0,166428647.17858902,0,0,0
5.5,0,58.0,0,58.0,0,58.0,0,0.0,0,0.0,6.34908676147461e-05,0,6.34908676147461e-05,0,0,0
13.5,0,210.8,0,1131.2190909778217,0,1514.0,0,566.1456842642499,0,2.9081360578536986,166430282.0560254,0,166430282.0560254,0,0,0
5.5,0,102.1,0,114.80265873015873,0,195.9,0,42.01471012309448,0,356.3222307443619,0.0091284990310668,0,0.0091284990310668,0,0,0
13.5,0,1351.2,0,732.20249464287,0,1494.0,0,694.4264474581507,0,0.89298574924469,166429244.6773566,0,166429244.6773566,0,0,0
13.5,0,87.6,0,79.62761669960587,0,226.8,0,53.30383140141198,0,32.14190464019775,166428829.7420307,0,166428829.7420307,0,0,0
5.5,0,786.7,0,858.4001984126984,0,1510.0,0,639.0256484099212,0,29.77063884735108,0.0034015178680419,0,0.0034015178680419,0,0,0
13.5,0,143.6,0,337.0825681117128,0,1514.0,0,472.4724806168628,0,38.7020085811615,166430814.1666885,0,166430814.1666885,0,0,0
13.5,0,58.0,0,54.2,0,58.0,0,0.8717797887081348,0,0.091841721534729,166421265.1215812,0,166421265.1215812,0,0,0
13.5,0,178.5,0,184.66041753611023,0,345.0,0,106.35306989949486,0,0.9154701709747316,166438170.94846788,0,166438170.94846788,0,0,0
5.5,0,106.1,0,116.68246031746033,0,258.8,0,66.48428391733187,0,195.93633179664613,0.0154878854751586,0,0.0154878854751586,0,0,0
13.5,0,1387.9,0,1580.535956802915,0,10202.0,0,2502.748133184813,0,81.34792511463165,166430719.11643487,0,166430719.11643487,0,0,0
5.5,0,102.2,0,111.6420634920635,0,220.3,0,51.08319265998523,0,48.80939230918885,0.0215691804885864,0,0.0215691804885864,0,0,0
9.5,0,108.02,0,100.0596419062963,0,232.99,0,58.73539622070293,0,195.9964488363266,83244000.98510784,0,83244000.98510784,0,0,0
5.5,0,100.0,0,85.46857142857142,0,164.4,0,36.86384322674279,0,114.42279019355774,0.0192476987838745,0,0.0192476987838745,0,0,0
5.5,0,69.3,0,70.47234126984128,0,101.8,0,19.586320227190846,0,91.95927708148956,0.0068037033081054,0,0.0068037033081054,0,0,0
5.5,0,54.0,0,54.0,0,54.0,0,0.0,0,0.0,3.2186508178710938e-06,0,3.2186508178710938e-06,0,0,0
13.5,0,60.9,0,62.51009636519312,0,95.7,0,10.559981679159014,0,16.43618311882019,166430719.1744983,0,166430719.1744983,0,0,0
13.5,0,58.0,0,58.0,0,58.0,0,0.0,0,0.0,166430435.96440777,0,166430435.96440777,0,0,0
13.5,0,82.0,0,67.57991941495038,0,214.0,0,39.52336334919583,0,52.20794312953949,166421666.99886423,0,166421666.99886423,0,0,0
5.5,0,56.3,0,54.48555555555555,0,58.6,0,1.4128202652129151,0,81.37370429039001,0.0014889001846313,0,0.0014889001846313,0,0,0
13.5,0,1001.2,0,298.7100353439131,0,1106.6,0,411.1757686562485,0,32.701952123641966,166430925.2593684,0,166430925.2593684,0,0,0
13.5,0,95.2,0,82.23975626239945,0,168.2,0,30.797596267555623,0,44.60161290168762,166438253.39954272,0,166438253.39954272,0,0,0
13.5,0,71.0,0,54.85,0,71.0,0,3.705064102009573,0,14.496299457550048,166430298.68811372,0,166430298.68811372,0,0,0
5.5,0,73.6,0,106.19809523809523,0,230.0,0,61.07138267468988,0,218.63110723495484,0.0070509910583496,0,0.0070509910583496,0,0,0
13.5,0,509.4,0,826.4729435262021,0,1514.0,0,712.0444820050914,0,22.12626459598541,166430378.8068644,0,166430378.8068644,0,0,0
13.5,0,95.0,0,150.28028068551674,0,782.0,0,187.0768976340368,0,34.258227705955505,166428752.85148758,0,166428752.85148758,0,0,0
13.5,0,83.4,0,72.62613178445223,0,193.0,0,37.81809344093589,0,103.23595538139344,166430421.3039439,0,166430421.3039439,0,0,0
9.5,0,105.54,0,99.03850984679237,0,221.7,0,52.34605912615831,0,79.45273638486862,83243392.4852532,0,83243392.4852532,0,0,0
13.5,0,790.0,0,508.6825603533034,0,1514.0,0,659.3339759447189,0,78.3914088010788,166430431.61997622,0,166430431.61997622,0,0,0
13.5,0,58.0,0,58.0,0,58.0,0,0.0,0,0.0,166428842.70639652,0,166428842.70639652,0,0,0
5.5,0,85.6,0,103.80777777777776,0,242.4,0,68.05141402132833,0,9.006320357322693,0.0015028953552246,0,0.0015028953552246,0,0,0
5.5,0,1667.2,0,1443.3407936507938,0,3251.6,0,916.747107289046,0,33.20385375022888,0.0042915105819702,0,0.0042915105819702,0,0,0
13.5,0,107.0,0,101.38166081166855,0,262.0,0,61.598253213633015,0,615.4776427030563,166429825.72078982,0,166429825.72078982,0,0,0
5.5,0,96.6,0,76.14285714285715,0,115.6,0,17.042303942290665,0,414.33824985027314,0.035312819480896,0,0.035312819480896,0,0,0
9.5,0,482.7,0,542.0889584043408,0,1166.3,0,330.94302750199773,0,4.11297732591629,83244315.87461665,0,83244315.87461665,0,0,0
5.5,0,54.0,0,54.0,0,54.0,0,0.0,0,0.0997763633728027,0.0001238107681274,0,0.0001238107681274,0,0,0
13.5,0,57.4,0,56.273139547071445,0,63.6,0,2.7705889715108585,0,33.039355182647704,166421650.429434,0,166421650.429434,0,0,0
13.5,0,364.6,0,820.6818833209276,0,1514.0,0,714.5888234965369,0,178.89682767391204,166429225.27915102,0,166429225.27915102,0,0,0
5.5,0,153.1,0,122.8243253968254,0,352.3,0,101.35319967592464,0,83.38922369480133,0.0049401044845581,0,0.0049401044845581,0,0,0
5.5,0,103.6,0,103.01920634920634,0,184.4,0,49.267803246292544,0,18.55325939655304,0.0132370948791503,0,0.0132370948791503,0,0,0
5.5,0,135.7,0,230.6599603174603,0,526.0,0,154.574731272429,0,217.16539506912235,0.007344913482666,0,0.007344913482666,0,0,0
13.5,0,1212.7,0,1107.568118579477,0,2208.0,0,710.3230231516366,0,70.67866480350494,166438104.6137262,0,166438104.6137262,0,0,0
5.5,0,58.0,0,58.0,0,58.0,0,0.0,0,0.0,0.0003127098083496,0,0.0003127098083496,0,0,0
5.5,0,99.5,0,86.21011904761905,0,146.2,0,27.05014573756528,0,33.1132794380188,0.0068166971206665,0,0.0068166971206665,0,0,0
5.5,0,145.1,0,114.53638888888888,0,240.2,0,61.42642140251343,0,62.72081184387207,0.0223451137542724,0,0.0223451137542724,0,0,0
13.5,0,658.1,0,166.13122615258837,0,1026.4,0,238.1057729332497,0,0.1213374137878418,166439273.1393456,0,166439273.1393456,0,0,0
13.5,0,63.6,0,90.41622488536576,0,253.0,0,63.52791397421959,0,1.0033735036849976,166438157.9194919,0,166438157.9194919,0,0,0
5.5,0,91.1,0,75.48615079365081,0,111.8,0,24.12729817096348,0,35.15993709564209,0.0100104093551635,0,0.0100104093551635,0,0,0
9.5,0,889.96,0,898.3835597776837,0,2285.92,0,765.5749484981133,0,0.545375406742096,83243082.39649627,0,83243082.39649627,0,0,0
13.5,0,58.0,0,58.0,0,58.0,0,0.0,0,0.0,166430666.15294367,0,166430666.15294367,0,0,0
5.5,0,175.1,0,196.5035317460317,0,397.2,0,112.44684132405806,0,2.715801167488098,0.0071363925933837,0,0.0071363925933837,0,0,0
13.5,0,131.1,0,70.74152069980244,0,205.8,0,34.95710863840907,0,149.59716670513154,166430266.7776486,0,166430266.7776486,0,0,0
13.5,0,127.2,0,135.1093265862964,0,645.0,0,150.51801489996487,0,42.13768477439881,166429068.4398622,0,166429068.4398622,0,0,0
5.5,0,427.1,0,166.2040476190476,0,582.4,0,183.55236757766093,0,10.410658979415894,0.0044140100479125,0,0.0044140100479125,0,0,0
13.5,0,793.2,0,535.103591387113,0,1514.0,0,655.7557191066064,0,7.695310950279236,166429849.16291752,0,166429849.16291752,0,0,0
5.5,0,135.2,0,89.05186507936507,0,197.9,0,48.84977319190056,0,27.033004212379456,0.0018463850021362,0,0.0018463850021362,0,0,0
13.5,0,118.8,0,187.4548131293372,0,348.0,0,108.72841397638554,0,186.07206225395203,166429854.83610243,0,166429854.83610243,0,0,0
13.5,0,57.6,0,57.98,0,58.0,0,0.0871779788708134,0,0.0043902873992919,166430263.4100166,0,166430263.4100166,0,0,0
13.5,0,93.8,0,112.15795177689526,0,441.0,0,104.36269802864442,0,0.1803933382034301,166421230.63524577,0,166421230.63524577,0,0,0
5.5,0,208.6,0,252.29468253968247,0,373.0,0,124.33115069611956,0,45.31649241447449,0.0230276107788085,0,0.0230276107788085,0,0,0
13.5,0,58.0,0,56.92996575491932,0,58.0,0,1.7554306549768224,0,0.0,166430990.2406531,0,166430990.2406531,0,0,0
5.5,0,650.3,0,176.64051587301586,0,650.3,0,205.13154133539803,0,76.68385071754456,0.0012685060501098,0,0.0012685060501098,0,0,0
13.5,0,393.3,0,209.90849016179897,0,1819.5,0,413.0240726406353,0,4.303906893730163,166428719.28655988,0,166428719.28655988,0,0,0
13.5,0,89.6,0,67.47341279635398,0,178.4,0,31.671609406448805,0,22.21694850921631,166421105.6453249,0,166421105.6453249,0,0,0
5.5,0,95.8,0,91.63666666666668,0,161.6,0,33.573260805831055,0,159.71333878040315,0.0189514875411987,0,0.0189514875411987,0,0,0
13.5,0,92.3,0,74.65666750131533,0,207.8,0,44.818620282810535,0,149.25532689094544,166430760.238068,0,166430760.238068,0,0,0
5.5,0,124.6,0,113.08849206349204,0,204.8,0,47.647318981826096,0,110.61687169075012,0.0158861875534057,0,0.0158861875534057,0,0,0
13.5,0,100.8,0,91.01241437183388,0,300.9,0,60.93279005749598,0,32.54820020198822,166429243.07783452,0,166429243.07783452,0,0,0
13.5,0,1234.5,0,408.6278084183618,0,1263.6,0,481.0607006856674,0,31.243484330177303,166429078.8467129,0,166429078.8467129,0,0,0
13.5,0,2001.7,0,1270.4095767278818,0,7306.0,0,1948.747593742686,0,1.8449289560318,166430738.61299902,0,166430738.61299902,0,0,0
5.5,0,88.6,0,81.9423015873016,0,154.8,0,34.50088723564929,0,1.9133034229278565,0.0092743158340454,0,0.0092743158340454,0,0,0
13.5,0,56.8,0,79.63581390745478,0,358.0,0,74.25886668749551,0,0.0691474199295043,166421724.2229182,0,166421724.2229182,0,0,0
5.5,0,159.5,0,99.13313492063492,0,159.5,0,43.112080700297405,0,0.0675376892089843,2.050399780273437e-05,0,2.050399780273437e-05,0,0,0
9.5,0,222.55,0,181.53596404163432,0,884.41,0,227.74009565776075,0,258.6401134967804,83242201.10885945,0,83242201.10885945,0,0,0
5.5,0,113.1,0,82.4623015873016,0,133.9,0,26.147522086223045,0,253.9032255411148,0.0093844175338745,0,0.0093844175338745,0,0,0
13.5,0,56.4,0,55.46761395123624,0,58.0,0,1.91782389490574,0,0.0008862257003784,166430668.01505762,0,166430668.01505762,0,0,0
13.5,0,116.6,0,119.9746924081251,0,345.0,0,100.43267711968458,0,56.28477690219879,166438063.1248191,0,166438063.1248191,0,0,0
5.5,0,103.5,0,133.80892857142857,0,230.0,0,52.77663703913963,0,187.7679494142532,0.0098702907562255,0,0.0098702907562255,0,0,0
13.5,0,54.0,0,54.267508561270176,0,58.0,0,0.9939906279902472,0,0.0,166430702.11550242,0,166430702.11550242,0,0,0
13.5,0,146.5,0,102.57879535969708,0,265.8,0,63.98659621341835,0,439.51513562202456,166438013.15052387,0,166438013.15052387,0,0,0
9.5,0,173.96,0,187.46324152954028,0,763.51,0,222.22782226810384,0,225.3285574698448,83242405.03875466,0,83242405.03875466,0,0,0
5.5,0,54.8,0,54.12444444444444,0,54.8,0,0.2857078722109418,0,0.0457988977432251,1.049041748046875e-05,0,1.049041748046875e-05,0,0,0
13.5,0,108.7,0,85.31752413092583,0,180.4,0,32.47661946381433,0,245.14858050346373,166438270.2563989,0,166438270.2563989,0,0,0
13.5,0,58.0,0,58.0,0,58.0,0,0.0,0,0.0,166421336.4817159,0,166421336.4817159,0,0,0
5.5,0,101.2,0,82.65793650793651,0,152.8,0,29.85897194711646,0,236.4252000808716,0.0152797937393188,0,0.0152797937393188,0,0,0
5.5,0,109.4,0,111.41119047619048,0,201.1,0,48.62471877645506,0,223.4173546791077,0.0218504190444946,0,0.0218504190444946,0,0,0
9.5,0,204.1,0,273.4324826139633,0,1026.27,0,309.49256585019606,0,130.98382571935653,83241839.58183601,0,83241839.58183601,0,0,0
9.5,0,104.85,0,103.18548296380264,0,255.4,0,65.09548057655287,0,127.1716918182373,83243820.12975067,0,83243820.12975067,0,0,0
13.5,0,346.0,0,93.41141905780836,0,504.4,0,108.41577581323706,0,1.655249285697937,166428914.8473157,0,166428914.8473157,0,0,0
9.5,0,97.77,0,91.22850813264822,0,234.13,0,55.44493325693091,0,283.5131498837471,83243410.42788106,0,83243410.42788106,0,0,0
13.5,0,66.0,0,473.7499245160584,0,1514.0,0,627.2746497127258,0,0.1146886825561523,166430837.3896412,0,166430837.3896412,0,0,0
5.5,0,140.1,0,184.83829365079364,0,376.1,0,97.45075631835772,0,113.13157176971436,0.0127877950668334,0,0.0127877950668334,0,0,0
5.5,0,80.1,0,77.95380952380951,0,103.1,0,18.834492883327307,0,0.1790986061096191,0.0044146060943603,0,0.0044146060943603,0,0,0
13.5,0,1382.3,0,612.832380334234,0,2382.8,0,785.2170007186952,0,15.110095453262328,166430833.15406317,0,166430833.15406317,0,0,0
13.5,0,494.4,0,386.5739737455527,0,1494.0,0,594.6175337079709,0,1.0815008640289308,166428756.9242583,0,166428756.9242583,0,0,0
5.5,0,58.0,0,58.0,0,58.0,0,0.0,0,0.0,0.0012500047683715,0,0.0012500047683715,0,0,0
13.5,0,1006.2,0,513.8285151750554,0,2410.7,0,665.989791298748,0,30.22817063331604,166430970.46374378,0,166430970.46374378,0,0,0
5.5,0,54.0,0,54.0,0,54.0,0,0.0,0,0.8854393720626831,0.0002540111541748,0,0.0002540111541748,0,0,0
13.5,0,58.0,0,58.0,0,58.0,0,0.0,0,0.0,166421593.36541688,0,166421593.36541688,0,0,0
5.5,0,106.7,0,151.75373015873015,0,317.0,0,91.20416542317254,0,232.66736636161804,0.013475489616394,0,0.013475489616394,0,0,0
5.5,0,1081.8,0,1140.916587301587,0,1514.0,0,480.67532155920617,0,24.18443524837494,0.0006383180618286,0,0.0006383180618286,0,0,0
13.5,0,129.9,0,114.97151334046072,0,310.8,0,78.11263920692859,0,16.0856575012207,166429833.91443908,0,166429833.91443908,0,0,0
13.5,0,943.8,0,1103.4683741473525,0,2962.0,0,837.3812381640176,0,5.520631647109985,166439325.230121,0,166439325.230121,0,0,0
5.5,0,217.7,0,357.84468253968254,0,1442.7,0,533.2234251678641,0,171.4455195903778,0.0034486055374145,0,0.0034486055374145,0,0,0
13.5,0,54.4,0,56.94259417397189,0,58.0,0,1.563938354321132,0,0.0288172245025634,166429887.2691707,0,166429887.2691707,0,0,0
13.5,0,169.2,0,1070.5652205809326,0,4410.0,0,1330.4672584349537,0,0.5068662405014038,166430711.0763885,0,166430711.0763885,0,0,0
5.5,0,96.6,0,105.2911111111111,0,268.4,0,74.09986819198662,0,0.4636983394622803,0.02324960231781,0,0.02324960231781,0,0,0
13.5,0,668.2,0,2011.452196734724,0,10202.0,0,2373.539200942787,0,13.421032738685607,166429832.644873,0,166429832.644873,0,0,0
13.5,0,100.0,0,760.1880045702491,0,2962.0,0,875.8039652389858,0,18.334933757781982,166430847.81426162,0,166430847.81426162,0,0,0
5.5,0,57.2,0,57.673968253968255,0,58.0,0,0.6394718070582603,0,0.0141459941864013,0.0008737087249755,0,0.0008737087249755,0,0,0
9.5,0,122.79,0,125.6804863023973,0,333.78,0,88.28452855735839,0,164.9766346645355,83242571.0696473,0,83242571.0696473,0,0,0
13.5,0,372.0,0,182.7634264965341,0,1381.9,0,358.42484541058525,0,56.33415484428406,166430738.3546109,0,166430738.3546109,0,0,0
5.5,0,105.1,0,81.72210317460318,0,169.6,0,37.258309681092335,0,24.932916665077208,0.0096628189086914,0,0.0096628189086914,0,0,0
5.5,0,120.4,0,106.16154761904764,0,196.8,0,60.27294434686414,0,366.11599085330965,0.019539999961853,0,0.019539999961853,0,0,0
5.5,0,77.0,0,71.60198412698412,0,104.0,0,12.330657645772858,0,13.962588596343997,0.014636206626892,0,0.014636206626892,0,0,0
13.5,0,651.6,0,1043.2829967624396,0,1514.0,0,667.10547278092,0,40.98816254138946,166430756.6128922,0,166430756.6128922,0,0,0
5.5,0,121.5,0,100.8227380952381,0,334.8,0,90.73137283452,0,6.58436176776886,0.0099092960357666,0,0.0099092960357666,0,0,0
9.5,0,98.61,0,111.53452606359068,0,298.88,0,75.73706217889227,0,279.57538073539735,83243019.94554797,0,83243019.94554797,0,0,0
13.5,0,136.2,0,510.3708042439157,0,2922.0,0,809.9440927192488,0,270.2847023010254,166438102.6734916,0,166438102.6734916,0,0,0
9.5,0,1624.4,0,1356.4130697982357,0,2974.03,0,843.6692904430976,0,55.058948969841005,83242326.13346188,0,83242326.13346188,0,0,0
5.5,0,54.0,0,54.0,0,54.0,0,0.0,0,0.053973913192749,0.0018070936203002,0,0.0018070936203002,0,0,0
13.5,0,105.1,0,110.63890946815482,0,214.0,0,54.57873860132738,0,139.69992163181306,166430736.765883,0,166430736.765883,0,0,0
5.5,0,58.0,0,58.0,0,58.0,0,0.0,0,0.0,0.0007102966308593,0,0.0007102966308593,0,0,0
13.5,0,89.9,0,94.39027348597396,0,256.0,0,56.205068166892985,0,8.251622724533082,166430381.3321984,0,166430381.3321984,0,0,0
5.5,0,218.7,0,179.8656746031746,0,764.4,0,241.3286730413428,0,0.1489667892456054,0.0008105039596557,0,0.0008105039596557,0,0,0
5.5,0,126.4,0,88.1720634920635,0,165.1,0,34.514231656377284,0,7.1837140083312985,0.0062766075134277,0,0.0062766075134277,0,0,0
5.5,0,58.0,0,58.0,0,58.0,0,0.0,0,0.0,2.369880676269532e-05,0,2.369880676269532e-05,0,0,0
13.5,0,79.9,0,945.809493924978,0,2974.0,0,1015.1192761967196,0,53.98577506542206,166430738.0121972,0,166430738.0121972,0,0,0
13.5,0,66.0,0,283.75196887391934,0,3322.0,0,809.1083711840611,0,0.3303102493286133,166430615.3665555,0,166430615.3665555,0,0,0
13.5,0,191.7,0,217.81520155927663,0,1999.0,0,484.1018436674811,0,27.65901885032654,166430323.22258028,0,166430323.22258028,0,0,0
13.5,0,83.1,0,118.21412845023912,0,441.0,0,98.64338649174891,0,91.9209403514862,166438065.61994272,0,166438065.61994272,0,0,0
13.5,0,622.9,0,280.9370845507262,0,1399.6,0,339.6103903434078,0,78.7262968301773,166430849.5273931,0,166430849.5273931,0,0,0
9.5,0,120.68,0,126.22603797432356,0,314.02,0,76.63932697104227,0,135.31202244997024,83242082.09623073,0,83242082.09623073,0,0,0
13.5,0,107.5,0,108.40314276323952,0,262.0,0,67.21712055183521,0,79.43707990646362,166437997.4523802,0,166437997.4523802,0,0,0
9.5,0,113.38,0,117.39164789695168,0,274.14,0,66.93793778809922,0,209.11085847377777,83244224.9691216,0,83244224.9691216,0,0,0
13.5,0,54.6,0,54.16770639834881,0,57.0,0,0.6885952955261507,0,0.3949593067169189,166437994.1580109,0,166437994.1580109,0,0,0
5.5,0,650.1,0,402.1717857142857,0,1586.0,0,516.650384735871,0,0.6381019353866577,0.0050806999206542,0,0.0050806999206542,0,0,0
5.5,0,975.0,0,1367.857142857143,0,1514.0,0,225.040976642732,0,30.719394731521607,0.0095115900039672,0,0.0095115900039672,0,0,0
5.5,0,79.2,0,70.29630952380953,0,84.0,0,6.54799382071833,0,22.8809095621109,0.0016900062561035,0,0.0016900062561035,0,0,0
5.5,0,2672.4,0,2300.229523809524,0,3396.4,0,827.7177625755891,0,14.79927568435669,0.0004041910171508,0,0.0004041910171508,0,0,0
5.5,0,97.7,0,81.59146825396826,0,122.1,0,25.81664240255873,0,53.7260491847992,0.0052902936935424,0,0.0052902936935424,0,0,0
13.5,0,116.9,0,381.6038918000644,0,523.0,0,169.23327374782986,0,12.029540705680848,166430216.3558289,0,166430216.3558289,0,0,0
5.5,0,58.4,0,58.3715873015873,0,64.8,0,3.505965135441508,0,0.0195389986038208,0.0008280038833618,0,0.0008280038833618,0,0,0
9.5,0,138.9,0,118.22004832061644,0,420.64,0,98.79127529095476,0,3.377042083740234,83244031.38718638,0,83244031.38718638,0,0,0
5.5,0,69.2,0,71.77269841269842,0,86.8,0,7.33264508156603,0,35.150248122215274,0.0053800106048583,0,0.0053800106048583,0,0,0
13.5,0,115.0,0,97.647504995005,0,230.2,0,51.12859414868944,0,2.245008850097656,166430995.11920983,0,166430995.11920983,0,0,0
13.5,0,720.4,0,263.9516714181072,0,1082.8,0,327.9716931650802,0,0.0236931562423706,166421201.23007998,0,166421201.23007998,0,0,0
5.5,0,1368.2,0,1720.4236507936507,0,2672.4,0,607.6401809086603,0,1.8113261699676515,0.0038588047027587,0,0.0038588047027587,0,0,0
5.5,0,74.4,0,67.69833333333334,0,84.0,0,5.782434169010778,0,29.604833912849426,0.0064207077026367,0,0.0064207077026367,0,0,0
5.5,0,108.7,0,82.26575396825396,0,135.8,0,26.650305352068266,0,1752.992383503914,0.0327682018280029,0,0.0327682018280029,0,0,0
13.5,0,67.4,0,271.3814261847544,0,2974.0,0,721.6635415001643,0,35.82970020771027,166421738.97957963,0,166421738.97957963,0,0,0
13.5,0,63.1,0,798.7050744224815,0,4410.0,0,1357.723189661605,0,3.0716515302658083,166430300.70334157,0,166430300.70334157,0,0,0
5.5,0,1494.0,0,1494.0,0,1494.0,0,0.0,0,3.783595013618469,0.0001350164413452,0,0.0001350164413452,0,0,0
5.5,0,54.0,0,54.0,0,54.0,0,0.0,0,0.4540204286575317,0.0008677005767822,0,0.0008677005767822,0,0,0
13.5,0,116.4,0,89.85045776162261,0,276.0,0,57.98393944449741,0,71.74633302688599,166438267.3145625,0,166438267.3145625,0,0,0
13.5,0,205.2,0,860.0722053252045,0,2962.0,0,1033.823425650164,0,0.2565924167633057,166430923.8512372,0,166430923.8512372,0,0,0
13.5,0,54.0,0,55.60505136762102,0,58.0,0,1.9350867442946025,0,0.0258268356323242,166428898.35199198,0,166428898.35199198,0,0,0
13.5,0,56.0,0,57.67706398348813,0,58.0,0,0.7110497417938346,0,0.2928722143173218,166428896.0891803,0,166428896.0891803,0,0,0
13.5,0,84.5,0,113.79378013927936,0,262.0,0,61.07095996169623,0,1.188392186164856,166437418.9839078,0,166437418.9839078,0,0,0
9.5,0,102.59,0,105.52029089344607,0,253.63,0,61.63429745273438,0,28.649703669548035,83244206.80923262,0,83244206.80923262,0,0,0
13.5,0,86.2,0,96.3287686797207,0,441.0,0,94.3223336946038,0,181.71647186279296,166428779.78803712,0,166428779.78803712,0,0,0
9.5,0,552.64,0,611.3673118224225,0,2011.68,0,634.285353049726,0,5.403396415710449,83241454.38927199,0,83241454.38927199,0,0,0
13.5,0,391.6,0,239.5246607799665,0,2708.2,0,634.6940603758287,0,0.0477810859680175,166429835.2661064,0,166429835.2661064,0,0,0
5.5,0,55.2,0,55.71476190476191,0,63.6,0,3.5664131033466324,0,1.3015000581741334,0.0017191171646118,0,0.0017191171646118,0,0,0
13.5,0,239.1,0,159.7245761024321,0,575.0,0,162.0631327010338,0,155.76284143924713,166438082.8412231,0,166438082.8412231,0,0,0
13.5,0,152.8,0,136.06885534056588,0,480.0,0,108.461003633545,0,365.40331797599794,166421912.72623983,0,166421912.72623983,0,0,0
13.5,0,107.8,0,104.1896949623304,0,239.6,0,62.16041245378769,0,125.4059156179428,166421324.7992478,0,166421324.7992478,0,0,0
5.5,0,386.8,0,808.5463492063493,0,1514.0,0,495.9473083186695,0,31.71785697937012,0.0021674871444702,0,0.0021674871444702,0,0,0
9.5,0,117.69,0,139.36598901506989,0,339.02,0,99.53998138639513,0,454.1185570192337,83243746.01091704,0,83243746.01091704,0,0,0
13.5,0,56.0,0,56.172448045590464,0,58.0,0,1.9849147227866728,0,0.0041740894317626,166428898.563303,0,166428898.563303,0,0,0
5.5,0,57.2,0,57.87555555555556,0,58.0,0,0.2857078722109418,0,0.0032859802246093,4.978179931640625e-05,0,4.978179931640625e-05,0,0,0
13.5,0,219.8,0,371.8253501709849,0,1514.0,0,587.9736638147301,0,0.2562459230422974,166429097.5566658,0,166429097.5566658,0,0,0
13.5,0,1514.0,0,1240.255618438579,0,1658.8,0,554.5521358286306,0,0.9226888179779053,166429828.34430188,0,166429828.34430188,0,0,0
5.5,0,83.4,0,115.66309523809522,0,230.0,0,57.04967629579103,0,1843.8522709846493,0.0235802888870239,0,0.0235802888870239,0,0,0
13.5,0,143.5,0,115.6177760620872,0,342.3,0,88.3781478104904,0,25.574563407897948,166429866.719433,0,166429866.719433,0,0,0
5.5,0,54.0,0,54.0,0,54.0,0,0.0,0,0.1317325592041015,1.811981201171875e-06,0,1.811981201171875e-06,0,0,0
9.5,0,60.3,0,60.73541187372999,0,94.6,0,11.41304841427239,0,1.2708887910842896,83241455.23977374,0,83241455.23977374,0,0,0
5.5,0,54.0,0,54.0,0,54.0,0,0.0,0,0.4912675857543945,0.0001321077346801,0,0.0001321077346801,0,0,0
9.5,0,111.2,0,103.27793431585614,0,248.87,0,69.09105657379591,0,73.08750170946121,83242511.33422996,0,83242511.33422996,0,0,0
9.5,0,150.74,0,124.09746358607848,0,440.48,0,109.15797448058557,0,83.53302512168884,83242831.46094042,0,83242831.46094042,0,0,0
5.5,0,56.8,0,57.7411111111111,0,58.0,0,0.4818864772080827,0,0.0011972904205322,0.0006968021392822,0,0.0006968021392822,0,0,0
5.5,0,58.0,0,58.0,0,58.0,0,0.0,0,0.0,4.739761352539063e-05,0,4.739761352539063e-05,0,0,0
5.5,0,88.8,0,91.97095238095238,0,160.4,0,30.10259772259869,0,369.2399459123611,0.0210144996643066,0,0.0210144996643066,0,0,0
5.5,0,866.8,0,346.9876984126984,0,1206.6,0,386.9256011458684,0,69.60288197994232,0.0032218933105468,0,0.0032218933105468,0,0,0
5.5,0,192.8,0,206.62626984126987,0,519.6,0,145.47089849398276,0,10.79504361152649,0.021116018295288,0,0.021116018295288,0,0,0
13.5,0,79.2,0,92.7928581781136,0,414.0,0,93.97368500403176,0,326.9227968454361,166439274.25756177,0,166439274.25756177,0,0,0
5.5,0,56.4,0,56.89412698412698,0,58.0,0,1.4966473058448768,0,0.2089027881622314,0.0026134967803955,0,0.0026134967803955,0,0,0
5.5,0,1572.4,0,1967.5092063492064,0,2817.2,0,634.6133545027277,0,35.90318353176117,0.0033552169799804,0,0.0033552169799804,0,0,0
5.5,0,55.6,0,55.2263492063492,0,56.8,0,1.361833701324335,0,0.1771535158157348,0.0008208036422729,0,0.0008208036422729,0,0,0
9.5,0,64.28,0,62.308916241996734,0,112.98,0,16.358969547160928,0,6.500979781150818,83241465.58279857,0,83241465.58279857,0,0,0
9.5,0,97.21,0,91.62820288028108,0,237.15,0,60.49205524776287,0,265.44742769002914,83243404.64539227,0,83243404.64539227,0,0,0
5.5,0,66.0,0,66.0,0,66.0,0,0.0,0,0.1104848623275756,0.000183892250061,0,0.000183892250061,0,0,0
9.5,0,119.38,0,114.66925946069756,0,317.15,0,85.77529401411073,0,200.93634146928787,83242308.57298693,0,83242308.57298693,0,0,0
5.5,0,58.0,0,58.0,0,58.0,0,0.0,0,0.0,2.25067138671875e-05,0,2.25067138671875e-05,0,0,0
5.5,0,57.6,0,57.96,0,58.0,0,0.12,0,0.0040930986404418,0.0002725839614868,0,0.0002725839614868,0,0,0
13.5,0,365.6,0,459.5495337930903,0,2962.0,0,799.3273488474717,0,63.97090032100677,166430428.7419189,0,166430428.7419189,0,0,0
13.5,0,105.8,0,77.43559805476602,0,167.0,0,30.06295804467104,0,39.40136556625366,166430925.0784716,0,166430925.0784716,0,0,0
5.5,0,56.0,0,55.20920634920636,0,56.8,0,1.3658745219016806,0,1.5509571790695191,0.0016112089157104,0,0.0016112089157104,0,0,0
13.5,0,491.9,0,287.62848045530325,0,517.0,0,189.0760767110514,0,479.8088923692703,166421339.2155317,0,166421339.2155317,0,0,0
9.5,0,243.7,0,221.5725311622932,0,996.75,0,322.3078796932415,0,59.58043761730194,83241583.63672943,0,83241583.63672943,0,0,0
13.5,0,454.9,0,314.2644837090155,0,519.0,0,203.8731999288596,0,210.3040886163712,166428665.2303179,0,166428665.2303179,0,0,0
5.5,0,64.4,0,60.15460317460317,0,89.2,0,12.139885607741018,0,0.9139386892318726,0.0025499105453491,0,0.0025499105453491,0,0,0
13.5,0,98.9,0,82.14278400134438,0,210.2,0,43.95274878268658,0,0.5652345895767212,166438181.21308643,0,166438181.21308643,0,0,0
9.5,0,106.16,0,108.89661474417396,0,270.85,0,66.82785019352961,0,4.13312864780426,83241816.7836358,0,83241816.7836358,0,0,0
9.5,0,228.98,0,177.70547049785444,0,597.55,0,182.69887725338288,0,320.1503175234795,83242923.55344447,0,83242923.55344447,0,0,0
13.5,0,110.6,0,108.20642920418076,0,441.0,0,99.04805086793615,0,60.35530610084534,166430323.2776963,0,166430323.2776963,0,0,0
5.5,0,114.4,0,108.89333333333336,0,190.4,0,51.37951972908145,0,291.08804497718813,0.0144829034805297,0,0.0144829034805297,0,0,0
5.5,0,58.0,0,58.0,0,58.0,0,0.0,0,0.0,3.1948089599609376e-06,0,3.1948089599609376e-06,0,0,0
13.5,0,162.3,0,63.18740884072928,0,176.9,0,28.77299959440373,0,88.70430381298065,166438065.0125596,0,166438065.0125596,0,0,0
13.5,0,130.1,0,109.50774305845512,0,279.9,0,74.94931229948766,0,65.04465341567993,166430688.33320302,0,166430688.33320302,0,0,0
13.5,0,140.3,0,86.16478328860681,0,242.5,0,56.99973554956065,0,672.4153330564499,166421874.4536996,0,166421874.4536996,0,0,0
5.5,0,1240.8,0,858.6058730158732,0,1257.2,0,506.0159247104327,0,35.613602662086485,0.0125370979309082,0,0.0125370979309082,0,0,0
5.5,0,153.3,0,154.75928571428568,0,278.6,0,65.77540763369599,0,66.8342453956604,0.0125227928161621,0,0.0125227928161621,0,0,0
5.5,0,83.8,0,93.02007936507935,0,156.0,0,33.594194054837246,0,48.62329859733582,0.0107252120971679,0,0.0107252120971679,0,0,0
13.5,0,206.8,0,145.66343618842455,0,287.0,0,74.03683789175689,0,623.5224576234817,166421601.49564168,0,166421601.49564168,0,0,0
13.5,0,58.0,0,58.0,0,58.0,0,0.0,0,0.0,166430334.5906517,0,166430334.5906517,0,0,0
5.5,0,58.0,0,58.0,0,58.0,0,0.0,0,0.0,3.0994415283203125e-06,0,3.0994415283203125e-06,0,0,0
13.5,0,56.4,0,54.46140694874441,0,56.4,0,0.9102909769097228,0,0.0009892225265502,166428770.7858088,0,166428770.7858088,0,0,0
5.5,0,166.3,0,361.2455158730159,0,1075.0,0,350.4350754849877,0,10.716073727607728,0.006743311882019,0,0.006743311882019,0,0,0
13.5,0,54.0,0,54.0,0,54.0,0,0.0,0,0.1334964752197265,166438242.8883574,0,166438242.8883574,0,0,0
13.5,0,58.0,0,58.0,0,58.0,0,0.0,0,0.0,166421263.4196486,0,166421263.4196486,0,0,0
13.5,0,57.6,0,65.06897687365954,0,156.0,0,24.29502501434467,0,0.0431342124938964,166438009.3469394,0,166438009.3469394,0,0,0
9.5,0,201.58,0,239.18855138368687,0,810.5,0,253.2811410920883,0,161.222551548481,83243888.89108692,0,83243888.89108692,0,0,0
5.5,0,109.7,0,131.31305555555554,0,329.6,0,98.71476667265856,0,90.47421879768372,0.0070853948593139,0,0.0070853948593139,0,0,0
13.5,0,170.2,0,83.40397359821121,0,314.3,0,56.76189326400288,0,1.168060564994812,166429894.00699252,0,166429894.00699252,0,0,0
9.5,0,131.37,0,136.00409767206477,0,343.92,0,85.08279838598608,0,257.3330001688004,83243547.05289792,0,83243547.05289792,0,0,0
5.5,0,1394.6,0,732.200873015873,0,1563.2,0,550.7583665321123,0,61.71014795303345,0.0156145095825195,0,0.0156145095825195,0,0,0
9.5,0,315.88,0,357.52989765665194,0,1286.04,0,404.5109957691347,0,380.9104532647133,83242533.29695646,0,83242533.29695646,0,0,0
5.5,0,54.0,0,54.0,0,54.0,0,0.0,0,0.5592714071273803,0.0010504961013793,0,0.0010504961013793,0,0,0
9.5,0,299.85,0,319.29184749882035,0,1196.65,0,404.2661212298802,0,127.82785215854643,83241621.87526557,0,83241621.87526557,0,0,0
13.5,0,145.0,0,137.74498064714783,0,441.0,0,105.6216138582416,0,61.91910667419434,166430976.0338344,0,166430976.0338344,0,0,0
13.5,0,85.4,0,92.4570151915508,0,230.0,0,46.27516638761991,0,738.3919377088547,166421181.54171112,0,166421181.54171112,0,0,0
5.5,0,139.8,0,133.64194444444445,0,277.1,0,78.03308762545544,0,235.0772634744644,0.0281646966934204,0,0.0281646966934204,0,0,0
5.5,0,73.2,0,73.92,0,74.0,0,0.24,0,8.351802825927735e-05,8.351802825927735e-05,0,8.351802825927735e-05,0,0,0
13.5,0,180.1,0,154.72782963983042,0,773.0,0,180.79978538496104,0,0.5349888563156128,166428624.83661228,0,166428624.83661228,0,0,0
13.5,0,95.5,0,115.45091366107232,0,230.0,0,65.4979551557361,0,32000.982876515387,166437393.8624811,0,166437393.8624811,0,0,0
5.5,0,54.0,0,54.0,0,54.0,0,0.0,0,0.0167877435684204,0.0011817932128906,0,0.0011817932128906,0,0,0
5.5,0,58.0,0,58.0,0,58.0,0,0.0,0,0.0,4.711151123046875e-05,0,4.711151123046875e-05,0,0,0
5.5,0,1073.6,0,801.4384126984127,0,1216.4,0,517.347755742976,0,22.909554219245912,0.0031497001647949,0,0.0031497001647949,0,0,0
9.5,0,120.81,0,117.80900859739675,0,304.18,0,79.40053260791461,0,442.92343729496,83243856.87604234,0,83243856.87604234,0,0,0
13.5,0,93.8,0,101.73971174766066,0,225.2,0,54.67243480221873,0,495.09941387176514,166421194.6325656,0,166421194.6325656,0,0,0
5.5,0,75.0,0,92.3607142857143,0,156.0,0,31.248098275099743,0,81.6271548986435,0.0074486970901489,0,0.0074486970901489,0,0,0
13.5,0,84.4,0,72.6535580110464,0,160.0,0,31.285428927169285,0,259.2956978082657,166428968.4637726,0,166428968.4637726,0,0,0
13.5,0,58.0,0,58.13375428063508,0,60.0,0,0.4969953139951236,0,0.0,166430970.7124082,0,166430970.7124082,0,0,0
5.5,0,88.4,0,75.61496031746032,0,124.8,0,22.579600565053006,0,68.80009698867798,0.0197803020477294,0,0.0197803020477294,0,0,0
13.5,0,174.2,0,129.17633768751028,0,487.9,0,111.77072080656735,0,61.5858323097229,166430978.75117868,0,166430978.75117868,0,0,0
9.5,0,346.53,0,356.841917216942,0,2508.93,0,673.537014014344,0,239.696380045414,83243354.4239707,0,83243354.4239707,0,0,0
9.5,0,1632.8,0,1654.7557311603089,0,2510.61,0,735.3100188903483,0,2.264511489868164,83244333.11301127,0,83244333.11301127,0,0,0
9.5,0,464.57,0,648.5120866767393,0,1820.92,0,601.0790034878265,0,143.52209010362623,83241671.26549181,0,83241671.26549181,0,0,0
13.5,0,148.2,0,384.9700741131933,0,2962.0,0,785.8500923854247,0,1.877675008773804,166439328.0522133,0,166439328.0522133,0,0,0
13.5,0,662.0,0,854.6141027324927,0,1494.0,0,703.4454294150031,0,18.30585532188416,166430720.9561239,0,166430720.9561239,0,0,0
5.5,0,91.7,0,85.265,0,110.6,0,14.59090661081832,0,30.269966340065004,0.0067650079727172,0,0.0067650079727172,0,0,0
5.5,0,54.0,0,54.0,0,54.0,0,0.0,0,0.0364953756332397,4.53948974609375e-05,0,4.53948974609375e-05,0,0,0
13.5,0,132.3,0,79.8982322295867,0,301.8,0,63.284186895094535,0,79.59480464458466,166421869.10338217,0,166421869.10338217,0,0,0
9.5,0,87.57,0,87.86457782327753,0,191.12,0,42.0957060210398,0,107.78933985233309,83242896.90388337,0,83242896.90388337,0,0,0
5.5,0,153.7,0,101.80908730158733,0,215.2,0,60.81386222160136,0,112.80824811458588,0.0173521041870117,0,0.0173521041870117,0,0,0
5.5,0,136.6,0,128.12920634920633,0,268.4,0,75.75555916016393,0,166.2670198202133,0.0155127048492431,0,0.0155127048492431,0,0,0
5.5,0,55.6,0,54.45047619047618,0,55.6,0,0.6976969109407076,0,0.0014828205108642,2.598762512207032e-06,0,2.598762512207032e-06,0,0,0
13.5,0,54.0,0,54.0,0,54.0,0,0.0,0,0.0130701780319213,166421614.8256558,0,166421614.8256558,0,0,0
13.5,0,355.6,0,405.2625114642839,0,1514.0,0,594.7743460405931,0,9.513229632377625,166429826.1520879,0,166429826.1520879,0,0,0
13.5,0,54.0,0,54.0,0,54.0,0,0.0,0,0.0277400493621826,166428768.7706012,0,166428768.7706012,0,0,0
13.5,0,91.8,0,102.34793441895224,0,217.2,0,47.24257433760929,0,162.89827523231506,166439249.07777113,0,166439249.07777113,0,0,0
13.5,0,58.0,0,58.0,0,58.0,0,0.0,0,0.0,166428751.2372587,0,166428751.2372587,0,0,0
5.5,0,56.4,0,55.04698412698413,0,56.4,0,1.1412312494612056,0,0.0149627208709716,0.0002097129821777,0,0.0002097129821777,0,0,0
5.5,0,91.9,0,92.25670634920634,0,240.5,0,64.50208850191339,0,0.285590672492981,0.0071136951446533,0,0.0071136951446533,0,0,0
5.5,0,580.0,0,361.66876984126986,0,1482.9,0,508.33670927700615,0,31.09339978694916,0.007988691329956,0,0.007988691329956,0,0,0
5.5,0,133.2,0,98.01190476190474,0,236.9,0,74.39613144386196,0,0.7558869600296021,0.0040148019790649,0,0.0040148019790649,0,0,0
9.5,0,116.12,0,130.6660501534499,0,295.71,0,73.50393192601295,0,108.13962896347046,83243401.93947674,0,83243401.93947674,0,0,0
13.5,0,119.3,0,104.20659053450848,0,298.6,0,68.53746769342649,0,428.31023998260497,166438029.7801732,0,166438029.7801732,0,0,0
9.5,0,389.95,0,375.4479028319032,0,1460.21,0,456.5998323327627,0,3.104853208065033,83244032.55164352,0,83244032.55164352,0,0,0
5.5,0,104.3,0,101.88559523809523,0,187.8,0,41.80116287212273,0,21.047672319412232,0.0147799015045166,0,0.0147799015045166,0,0,0
13.5,0,88.3,0,487.1788936557938,0,2962.0,0,836.3922526215265,0,19.34227466583252,166430336.66976187,0,166430336.66976187,0,0,0
5.5,0,392.4,0,99.70317460317462,0,397.2,0,99.791233348274,0,0.3680087089538574,0.0005803823471069,0,0.0005803823471069,0,0,0
5.5,0,142.2,0,218.93515873015872,0,498.0,0,142.8901126633313,0,253.2276502132416,0.0122997045516967,0,0.0122997045516967,0,0,0
13.5,0,94.0,0,113.57798691719356,0,441.0,0,102.01950943555508,0,150.37530245780945,166438210.5872725,0,166438210.5872725,0,0,0
5.5,0,56.0,0,55.76698412698413,0,57.6,0,1.781231249461206,0,0.0008584737777709,0.002908182144165,0,0.002908182144165,0,0,0
5.5,0,97.1,0,117.38007936507935,0,200.0,0,47.2829566424606,0,1642.536696243286,0.0266149997711181,0,0.0266149997711181,0,0,0
5.5,0,58.0,0,58.0,0,58.0,0,0.0,0,0.0,6.489753723144531e-05,0,6.489753723144531e-05,0,0,0
5.5,0,58.0,0,58.0,0,58.0,0,0.0,0,0.0,3.359317779541016e-05,0,3.359317779541016e-05,0,0,0
13.5,0,1378.2,0,646.8268922228442,0,1514.0,0,659.4827846126075,0,28.537705969810485,166430700.0853659,0,166430700.0853659,0,0,0
13.5,0,351.6,0,95.31157894736842,0,637.2,0,126.01866534751176,0,0.9162107229232788,166428815.9669411,0,166428815.9669411,0,0,0
5.5,0,155.0,0,198.42059523809525,0,661.8,0,218.4486551627461,0,450.6381817102432,0.0321244955062866,0,0.0321244955062866,0,0,0
13.5,0,137.2,0,140.07408200330798,0,305.5,0,82.89362164447553,0,244.79337496757503,166428967.0959737,0,166428967.0959737,0,0,0
5.5,0,66.6,0,60.74,0,82.2,0,8.521152816802019,0,185.2793478012085,0.0094093084335327,0,0.0094093084335327,0,0,0
5.5,0,71.5,0,68.91837301587302,0,79.1,0,6.60111227800432,0,1.7031604528427124,0.0101823806762695,0,0.0101823806762695,0,0,0
9.5,0,305.77,0,298.4266394619742,0,1111.58,0,374.2125366661736,0,56.465694732666016,83241536.61630993,0,83241536.61630993,0,0,0
13.5,0,143.1,0,95.26322316701189,0,317.1,0,69.63919170057616,0,12804.115691113471,166437397.6617667,0,166437397.6617667,0,0,0
9.5,0,506.02,0,567.6278193812982,0,1540.37,0,514.5649296035384,0,1.2579334115982057,83241596.23197307,0,83241596.23197307,0,0,0
13.5,0,1319.9,0,817.5579067861963,0,2335.7,0,847.1017058064712,0,77.33044052124023,166439359.8828859,0,166439359.8828859,0,0,0
5.5,0,157.6,0,198.1511904761905,0,531.3,0,193.0889342315621,0,3.2443156242370605,0.0067292213439941,0,0.0067292213439941,0,0,0
5.5,0,104.3,0,119.5513888888889,0,242.4,0,74.60121772808068,0,76.94177901744843,0.0349140882492065,0,0.0349140882492065,0,0,0
5.5,0,129.7,0,79.11166666666665,0,155.9,0,30.31647563700826,0,18.92383201122284,0.0040914058685302,0,0.0040914058685302,0,0,0
13.5,0,252.1,0,187.5261694364288,0,790.0,0,216.8131779648888,0,96.89620521068574,166430340.0080525,0,166430340.0080525,0,0,0
13.5,0,1224.4,0,804.7101616065394,0,1514.0,0,716.3547042104539,0,1.9323006629943849,166429858.3972942,0,166429858.3972942,0,0,0
13.5,0,96.6,0,398.985257260799,0,1924.0,0,630.2240616908696,0,20.29194984436036,166430305.2386475,0,166430305.2386475,0,0,0
13.5,0,85.5,0,95.43647326873332,0,156.0,0,31.92314041088132,0,27.889616417884827,166430336.44686452,0,166430336.44686452,0,0,0
5.5,0,497.4,0,490.19333333333327,0,515.4,0,23.15521703869844,0,9360.215568304062,6.604194641113281e-06,0,6.604194641113281e-06,0,0,0
5.5,0,54.0,0,54.0,0,54.0,0,0.0,0,0.5530118942260742,0.0003196954727172,0,0.0003196954727172,0,0,0
13.5,0,58.0,0,58.0,0,58.0,0,0.0,0,0.0,166430229.6950438,0,166430229.6950438,0,0,0
13.5,0,1128.8,0,1339.049203881773,0,1514.0,0,454.8913434679248,0,2.2710052728652954,166430219.1493901,0,166430219.1493901,0,0,0
13.5,0,57.6,0,56.69882083001278,0,58.0,0,1.8606157355914608,0,0.0521239042282104,166438009.46208513,0,166438009.46208513,0,0,0
13.5,0,395.9,0,153.97516262332437,0,634.0,0,168.02725004372724,0,18.67981493473053,166429876.4067117,0,166429876.4067117,0,0,0
13.5,0,123.8,0,120.70727278010948,0,441.0,0,114.47984095000976,0,45.78428933620453,166438080.9134652,0,166438080.9134652,0,0,0
9.5,0,346.79,0,393.3152499149888,0,1457.3,0,470.6534976463907,0,162.03010605096816,83241673.53211106,0,83241673.53211106,0,0,0
13.5,0,136.8,0,141.75654761088583,0,425.4,0,111.2346228914992,0,170.63217911720275,166421673.82463542,0,166421673.82463542,0,0,0
13.5,0,71.0,0,98.69609273767168,0,317.0,0,65.90214894191253,0,95.7448476076126,166439246.5003779,0,166439246.5003779,0,0,0
5.5,0,111.7,0,115.041626984127,0,248.9,0,68.21075114639186,0,74.33612570762634,0.0190984010696411,0,0.0190984010696411,0,0,0
13.5,0,1086.2,0,1658.2010366001384,0,2962.0,0,979.0541983329192,0,21.266453623771667,166439328.2665828,0,166439328.2665828,0,0,0
5.5,0,513.1,0,180.31781746031749,0,535.9,0,184.6981991954929,0,0.0314343214035034,0.0059967041015625,0,0.0059967041015625,0,0,0
13.5,0,54.0,0,54.0,0,54.0,0,0.0,0,0.5519357919692993,166438081.4284704,0,166438081.4284704,0,0,0
5.5,0,159.5,0,99.13313492063492,0,159.5,0,43.112080700297405,0,0.0054426193237304,0.0005548954010009,0,0.0005548954010009,0,0,0
5.5,0,81.8,0,75.64174603174604,0,101.6,0,12.35119419459507,0,398.30987799167633,0.0229890823364257,0,0.0229890823364257,0,0,0
5.5,0,54.8,0,55.9431746031746,0,58.0,0,1.453285341250037,0,0.0148812055587768,0.0001128911972045,0,0.0001128911972045,0,0,0
5.5,0,1707.3,0,1435.5325396825397,0,5278.8,0,1722.0158863722634,0,9.067670631408692,0.0040773153305053,0,0.0040773153305053,0,0,0
9.5,0,153.75,0,124.32074046984148,0,351.49,0,91.45549087745528,0,34.18917715787887,83241777.06226054,0,83241777.06226054,0,0,0
5.5,0,112.4,0,81.8059126984127,0,125.3,0,22.93260180281476,0,13.527700996398924,0.0050935983657836,0,0.0050935983657836,0,0,0
13.5,0,225.1,0,115.19987185329292,0,346.7,0,85.12916460081313,0,247.1576386451721,166429129.01487538,0,166429129.01487538,0,0,0
5.5,0,58.0,0,58.0,0,58.0,0,0.0,0,0.0,3.314018249511719e-06,0,3.314018249511719e-06,0,0,0
5.5,0,547.6,0,271.57349206349204,0,887.7,0,263.05877023171564,0,490.6856522083282,0.0029857158660888,0,0.0029857158660888,0,0,0
13.5,0,61.8,0,569.0751063066621,0,1514.0,0,663.2882690321856,0,0.5004475831985473,166429131.7477124,0,166429131.7477124,0,0,0
13.5,0,54.0,0,55.33754280635086,0,74.0,0,4.969953139951235,0,0.2953071117401123,166428932.2760546,0,166428932.2760546,0,0,0
5.5,0,734.4,0,364.3705952380952,0,1976.2,0,623.3836278900723,0,8.258798980712891,0.0104971170425415,0,0.0104971170425415,0,0,0
13.5,0,102.7,0,129.0640903884557,0,317.0,0,79.84343603699543,0,55.32016935348511,166430722.04731137,0,166430722.04731137,0,0,0
5.5,0,145.5,0,204.3583333333333,0,441.0,0,128.38241685794677,0,28.987228393554688,0.0041491985321044,0,0.0041491985321044,0,0,0
5.5,0,66.0,0,66.0,0,66.0,0,0.0,0,5.941331768035889,1.5020370483398435e-06,0,1.5020370483398435e-06,0,0,0
13.5,0,58.0,0,58.0,0,58.0,0,0.0,0,0.0,166438098.74066982,0,166438098.74066982,0,0,0
13.5,0,132.4,0,132.45791718773145,0,356.2,0,107.39385498986336,0,8.770822381973266,166430921.623681,0,166430921.623681,0,0,0
5.5,0,661.4,0,212.26436507936504,0,961.6,0,293.3309790391915,0,86.6460146665573,0.0098847866058349,0,0.0098847866058349,0,0,0
5.5,0,56.0,0,56.84079365079365,0,58.0,0,1.3595236892120517,0,72.03400225639344,0.0028339862823486,0,0.0028339862823486,0,0,0
13.5,0,101.1,0,169.70453620253156,0,1469.0,0,347.9040093793862,0,110.73314740657808,166429856.12423378,0,166429856.12423378,0,0,0
13.5,0,56.0,0,56.73051306794341,0,58.0,0,1.8423201134150289,0,0.0192589044570922,166429243.67529207,0,166429243.67529207,0,0,0
5.5,0,92.7,0,84.79154761904762,0,137.6,0,31.504314208169667,0,458.3249118328095,0.015384292602539,0,0.015384292602539,0,0,0
5.5,0,1368.4,0,1729.620634920635,0,2996.4,0,990.2956237000086,0,0.7595232248306274,0.0003652095794677,0,0.0003652095794677,0,0,0
13.5,0,58.8,0,55.06623839009288,0,72.0,0,4.160849561294614,0,29.06582028865814,166429887.4349954,0,166429887.4349954,0,0,0
13.5,0,54.0,0,54.0,0,54.0,0,0.0,0,0.0147380113601684,166430319.20348862,0,166430319.20348862,0,0,0
13.5,0,54.0,0,54.0,0,54.0,0,0.0,0,0.896577000617981,166421266.62673023,0,166421266.62673023,0,0,0
13.5,0,54.4,0,54.28750856127017,0,58.0,0,1.0268126491194338,0,0.0411211252212524,166421174.7647768,0,166421174.7647768,0,0,0
13.5,0,95.7,0,99.2729800582974,0,317.0,0,73.91208936564847,0,2.5697391986846925,166439227.12612814,0,166439227.12612814,0,0,0
9.5,0,109.24,0,92.44342621078611,0,220.42,0,49.7778548223944,0,56.52429483413696,83241824.18549286,0,83241824.18549286,0,0,0
13.5,0,1948.4,0,634.1651795126099,0,3251.6,0,938.8757481701869,0,1.7042956829071043,166430657.9727526,0,166430657.9727526,0,0,0
13.5,0,58.0,0,55.85993150983863,0,58.0,0,1.9506775901005573,0,0.0,166438242.9155308,0,166438242.9155308,0,0,0
5.5,0,90.0,0,58.01666666666667,0,90.0,0,10.906944083244367,0,0.5283824920654296,0.0010296821594238,0,0.0010296821594238,0,0,0
13.5,0,84.2,0,87.26834022702442,0,228.4,0,55.553309990003655,0,134.88268666267396,166430865.3116297,0,166430865.3116297,0,0,0
13.5,0,663.2,0,397.4796569662707,0,2661.0,0,718.6038918138436,0,0.2534898042678833,166428955.2157188,0,166428955.2157188,0,0,0
5.5,0,942.0,0,742.0228571428572,0,1352.0,0,623.684338772531,0,10.02130377292633,0.0044594049453735,0,0.0044594049453735,0,0,0
13.5,0,54.0,0,54.0,0,54.0,0,0.0,0,0.5467077016830444,166438064.6022593,0,166438064.6022593,0,0,0
5.5,0,55.2,0,54.25333333333333,0,56.4,0,0.7371236166328254,0,29.700848698616028,0.001715612411499,0,0.001715612411499,0,0,0
9.5,0,170.23,0,178.84988827194476,0,552.68,0,147.640937562847,0,91.93588868379592,83244216.58198975,0,83244216.58198975,0,0,0
13.5,0,66.4,0,566.9966581187131,0,2954.0,0,829.5293940435434,0,6.010542678833008,166429027.703131,0,166429027.703131,0,0,0
13.5,0,144.0,0,115.19887344896247,0,441.0,0,104.44287871059596,0,220.78254754543303,166421287.10609904,0,166421287.10609904,0,0,0
5.5,0,1233.4,0,1438.3053968253969,0,2962.0,0,956.3088144219212,0,50.4521803855896,0.0015252113342285,0,0.0015252113342285,0,0,0
13.5,0,501.2,0,597.5782994095688,0,1514.0,0,695.2499739333344,0,40.083598780632016,166430650.87894922,0,166430650.87894922,0,0,0
5.5,0,58.0,0,58.0,0,58.0,0,0.0,0,0.0,1.6999244689941406e-05,0,1.6999244689941406e-05,0,0,0
5.5,0,157.6,0,129.21015873015872,0,516.8,0,154.0866051814986,0,51.78212490081787,0.0073091030120849,0,0.0073091030120849,0,0,0
13.5,0,279.9,0,402.9910839324075,0,2962.0,0,768.2907157042399,0,39.4123521566391,166421629.310968,0,166421629.310968,0,0,0
9.5,0,140.45,0,156.70082429270934,0,322.43,0,84.52418136287137,0,37.61385359287262,83244153.50681692,0,83244153.50681692,0,0,0
5.5,0,1161.2,0,1082.8785317460315,0,1611.0,0,547.3438369788271,0,30.323630475997923,0.0014959096908569,0,0.0014959096908569,0,0,0
5.5,0,85.7,0,113.84309523809524,0,230.0,0,57.51933033507447,0,212.7127363204956,0.006994605064392,0,0.006994605064392,0,0,0
5.5,0,863.2,0,259.23031746031745,0,1044.0,0,373.51168483946697,0,0.4276265144348145,5.102157592773437e-06,0,5.102157592773437e-06,0,0,0
5.5,0,54.0,0,54.0,0,54.0,0,0.0,0,0.1555264472961425,1.900196075439453e-05,0,1.900196075439453e-05,0,0,0
9.5,0,163.65,0,118.72197127687414,0,437.12,0,109.46655937741184,0,2.496583564281464,83241455.33746815,0,83241455.33746815,0,0,0
5.5,0,54.0,0,54.0,0,54.0,0,0.0,0,0.0896603345870971,0.001525592803955,0,0.001525592803955,0,0,0
13.5,0,1596.1,0,600.6592371268223,0,6337.7,0,1491.8020622579304,0,58.42251651287079,166430686.04079637,0,166430686.04079637,0,0,0
13.5,0,66.0,0,78.5060252393805,0,253.0,0,46.469061858544045,0,0.0203058242797851,166421615.3159737,0,166421615.3159737,0,0,0
13.5,0,62.2,0,63.78470176924899,0,93.0,0,12.738143800524558,0,760.0068759202957,166421289.4003407,0,166421289.4003407,0,0,0
13.5,0,64.6,0,60.12316734521069,0,69.2,0,3.5696193416535045,0,5.4260529518127445,166430647.31227452,0,166430647.31227452,0,0,0
5.5,0,88.5,0,85.215,0,172.0,0,42.09508570336482,0,240.97256553173065,0.0511072874069213,0,0.0511072874069213,0,0,0
5.5,0,377.0,0,197.4354761904762,0,669.3,0,219.61690739816405,0,2.858693313598633,0.0059303045272827,0,0.0059303045272827,0,0,0
5.5,0,97.7,0,116.62269841269844,0,242.4,0,67.57929378113118,0,482.6783660888672,0.0254564046859741,0,0.0254564046859741,0,0,0
5.5,0,175.4,0,176.35924603174607,0,813.5,0,270.3664648432597,0,0.0878801345825195,0.0028917074203491,0,0.0028917074203491,0,0,0
9.5,0,122.71,0,130.6048814154112,0,339.29,0,89.60507839021004,0,154.112054374218,83242631.2123947,0,83242631.2123947,0,0,0
5.5,0,130.8,0,104.35916666666668,0,163.6,0,37.86994353115674,0,27361.13774859905,0.0151626110076904,0,0.0151626110076904,0,0,0
13.5,0,1192.0,0,1364.2997425729586,0,1950.5,0,471.0873519589106,0,10.700630474090577,166430921.793428,0,166430921.793428,0,0,0
9.5,0,79.58,0,80.08204659105084,0,218.04,0,48.24430461826725,0,215.8963876986504,83240301.91366449,0,83240301.91366449,0,0,0
5.5,0,93.4,0,81.1313492063492,0,115.4,0,18.80924396885635,0,371.4841587305069,0.0119191884994506,0,0.0119191884994506,0,0,0
13.5,0,155.7,0,79.1418261425537,0,286.8,0,55.66009576357874,0,55.18568682670593,166439245.8282117,0,166439245.8282117,0,0,0
5.5,0,84.2,0,96.01944444444446,0,280.0,0,83.32887866572042,0,0.3834620237350464,0.0026726007461547,0,0.0026726007461547,0,0,0
13.5,0,186.0,0,196.4720045902669,0,790.9,0,230.2260085578811,0,163.22787528038026,166430891.0175024,0,166430891.0175024,0,0,0
5.5,0,241.2,0,104.02563492063491,0,328.4,0,86.74460963632008,0,7.570951914787292,0.012978982925415,0,0.012978982925415,0,0,0
5.5,0,58.0,0,58.0,0,58.0,0,0.0,0,0.0,5.300045013427735e-05,0,5.300045013427735e-05,0,0,0
9.5,0,74.22,0,73.54895062947888,0,196.55,0,43.57501373119657,0,2.881955063343048,83241473.29845761,0,83241473.29845761,0,0,0
13.5,0,1042.8,0,593.6380722270505,0,3322.0,0,1173.1517610512035,0,78.56388142108918,166421177.221955,0,166421177.221955,0,0,0
9.5,0,131.09,0,143.364289712996,0,287.54,0,82.04108684746102,0,34.44827325344086,83241899.83207211,0,83241899.83207211,0,0,0
13.5,0,130.3,0,158.40372661265462,0,699.0,0,168.0654496851453,0,82.10531461238861,166439319.357332,0,166439319.357332,0,0,0
13.5,0,63.9,0,100.922244961351,0,342.0,0,76.30416246779247,0,36.1838271856308,166438155.2826118,0,166438155.2826118,0,0,0
5.5,0,429.2,0,745.3770238095237,0,1409.0,0,455.66284946871326,0,1356.4807516813278,0.0323662996292114,0,0.0323662996292114,0,0,0
5.5,0,93.5,0,80.97972222222222,0,135.2,0,27.388604923299063,0,26.22516691684723,0.0229761123657226,0,0.0229761123657226,0,0,0
13.5,0,139.2,0,327.5796863164356,0,3322.0,0,800.982148022915,0,2.9285967350006104,166430921.4556235,0,166430921.4556235,0,0,0
5.5,0,140.7,0,172.07329365079366,0,316.8,0,81.28812384591511,0,201.3790825843811,0.0128520965576171,0,0.0128520965576171,0,0,0
9.5,0,189.51,0,251.2008939424868,0,630.88,0,231.6909731622544,0,81.18995456457138,83243440.4043642,0,83243440.4043642,0,0,0
5.5,0,108.5,0,114.5001984126984,0,238.6,0,65.15849931555623,0,35.533308720588686,0.0105862855911254,0,0.0105862855911254,0,0,0
13.5,0,96.9,0,114.0868094736361,0,317.0,0,77.15979237321058,0,55.53698773384095,166428921.75677007,0,166428921.75677007,0,0,0
9.5,0,162.53,0,181.11518124866183,0,737.59,0,210.2441607826963,0,117.1239550614357,83242515.63842167,0,83242515.63842167,0,0,0
9.5,0,201.47,0,217.22212376946243,0,941.28,0,259.25259162935987,0,136.55644288778305,83242715.98963691,0,83242715.98963691,0,0,0
13.5,0,58.0,0,55.85993150983863,0,58.0,0,1.9506775901005573,0,0.0,166438224.9817381,0,166438224.9817381,0,0,0
9.5,0,104.98,0,94.70380967720791,0,236.08,0,53.1517199248361,0,111.79128828525543,83242352.2369782,0,83242352.2369782,0,0,0
5.5,0,92.8,0,90.17095238095236,0,167.8,0,39.85388736078831,0,202.73790621757507,0.0087300062179565,0,0.0087300062179565,0,0,0
5.5,0,58.0,0,58.0,0,58.0,0,0.0,0,0.0,3.6001205444335937e-06,0,3.6001205444335937e-06,0,0,0
5.5,0,210.8,0,224.6479365079365,0,1079.6,0,362.0878065266189,0,1.4160227060317994,9.088516235351562e-05,0,9.088516235351562e-05,0,0,0
13.5,0,113.2,0,88.13334905462614,0,218.6,0,48.107720900917336,0,65.3381288766861,166430721.65499213,0,166430721.65499213,0,0,0
13.5,0,58.8,0,58.17360853113174,0,61.2,0,0.7244778933911633,0,0.0731645107269287,166421095.5593893,0,166421095.5593893,0,0,0
5.5,0,111.2,0,132.51746031746035,0,212.0,0,61.14482361230331,0,105.6627469778061,0.0150630950927734,0,0.0150630950927734,0,0,0
5.5,0,54.0,0,54.0,0,54.0,0,0.0,0,0.5895840883255005,1.883506774902344e-06,0,1.883506774902344e-06,0,0,0
9.5,0,125.78,0,130.4894439295225,0,294.24,0,76.99320841162084,0,139.9980694627762,83242625.13016805,0,83242625.13016805,0,0,0
5.5,0,500.4,0,159.7177777777778,0,500.4,0,174.44290474932595,0,1.3679826259613037,0.0007580041885375,0,0.0007580041885375,0,0,0
9.5,0,160.71,0,241.08672023629103,0,917.6,0,272.0358123253824,0,104.94710268974303,83244275.84399705,0,83244275.84399705,0,0,0
9.5,0,110.53,0,116.94298019752004,0,256.37,0,64.31653717518421,0,543.8308465647698,83244202.46178912,0,83244202.46178912,0,0,0
5.5,0,56.4,0,57.8295238095238,0,63.6,0,2.665253854653433,0,0.0403564929962158,0.0005522966384887,0,0.0005522966384887,0,0,0
5.5,0,108.7,0,117.97480158730158,0,222.6,0,54.95849010745758,0,102.34776277542116,0.0163970947265625,0,0.0163970947265625,0,0,0
5.5,0,1209.1,0,718.3369444444445,0,1923.8,0,652.3198450258934,0,0.8270521402359009,0.0029786825180053,0,0.0029786825180053,0,0,0
13.5,0,120.9,0,103.06339434258553,0,351.5,0,77.53633493560369,0,5.651070547103882,166421706.3070552,0,166421706.3070552,0,0,0
9.5,0,208.79,0,184.81399497934987,0,883.9,0,219.88786013268023,0,15.200275118350982,83242640.97794911,0,83242640.97794911,0,0,0
5.5,0,1571.0,0,1367.6049603174604,0,5003.8,0,1596.8216218040736,0,15.964818358421326,0.0033384799957275,0,0.0033384799957275,0,0,0
5.5,0,62.0,0,69.71587301587303,0,98.0,0,13.888043677822107,0,0.0,0.000473403930664,0,0.000473403930664,0,0,0
9.5,0,97.46,0,94.3997625944317,0,232.24,0,56.47181023977623,0,51.427444820404055,83241479.8919071,0,83241479.8919071,0,0,0
13.5,0,122.9,0,107.24586010008224,0,230.0,0,66.45064738909971,0,171.01909124851227,166430671.7562834,0,166430671.7562834,0,0,0
5.5,0,922.8,0,998.45,0,1494.0,0,557.1484109243063,0,1.1198190450668335,0.0024245023727416,0,0.0024245023727416,0,0,0
9.5,0,1196.76,0,1203.1257093657975,0,2383.36,0,790.4639317062513,0,0.0985003089904785,83243082.57653782,0,83243082.57653782,0,0,0
9.5,0,257.51,0,379.2908687367415,0,1396.46,0,422.2486694256536,0,14.847277750968932,83242274.95708115,0,83242274.95708115,0,0,0
5.5,0,58.0,0,58.0,0,58.0,0,0.0,0,0.0,0.0002532005310058,0,0.0002532005310058,0,0,0
5.5,0,54.0,0,54.0,0,54.0,0,0.0,0,0.0402674436569213,0.0021203994750976,0,0.0021203994750976,0,0,0
13.5,0,540.7,0,163.25914816951197,0,943.6,0,226.4468616850063,0,0.3596816778182983,166421105.1969706,0,166421105.1969706,0,0,0
13.5,0,54.0,0,56.74196275301925,0,95.0,0,10.188403936900034,0,0.0697701454162597,166421301.911253,0,166421301.911253,0,0,0
9.5,0,424.5,0,412.238367934568,0,1463.48,0,486.6242745629272,0,161.75463123798372,83241755.28023127,0,83241755.28023127,0,0,0
9.5,0,171.59,0,177.21721550173257,0,523.71,0,137.3445889995735,0,198.78224491119383,83241916.5816255,0,83241916.5816255,0,0,0
13.5,0,423.5,0,271.1530627065573,0,1277.5,0,369.4339586366103,0,69.63582968711853,166430630.19068748,0,166430630.19068748,0,0,0
5.5,0,58.0,0,58.0,0,58.0,0,0.0,0,0.0,1.9097328186035155e-05,0,1.9097328186035155e-05,0,0,0
13.5,0,58.3,0,57.09932817483514,0,70.2,0,5.555211678092919,0,1.1606074094772338,166428685.1813302,0,166428685.1813302,0,0,0
9.5,0,372.16,0,314.54091936718254,0,1008.81,0,348.59829380000133,0,224.2708512663841,83241691.46519248,0,83241691.46519248,0,0,0
5.5,0,64.4,0,63.717301587301584,0,89.6,0,12.767367865229389,0,2.331565022468567,0.0054335832595825,0,0.0054335832595825,0,0,0
9.5,0,171.41,0,171.33956478957057,0,654.5,0,180.49623216881605,0,265.67150645017625,83241854.14101872,0,83241854.14101872,0,0,0
13.5,0,102.6,0,367.85981724888455,0,1514.0,0,571.1046058876531,0,16.163096499443053,166430998.2391299,0,166430998.2391299,0,0,0
13.5,0,119.3,0,129.71983626109014,0,344.0,0,82.52354572346981,0,134.88339450359345,166429017.1417145,0,166429017.1417145,0,0,0
5.5,0,79.7,0,75.36623015873016,0,154.2,0,33.72365963891054,0,11.126558113098143,0.0129947900772094,0,0.0129947900772094,0,0,0
13.5,0,64.2,0,113.01245722930318,0,571.0,0,130.3803450912704,0,83.51878018379212,166430952.2315418,0,166430952.2315418,0,0,0
5.5,0,101.5,0,103.14948412698412,0,327.3,0,95.7579668151786,0,0.1366830348968505,0.0009856939315795,0,0.0009856939315795,0,0,0
13.5,0,55.2,0,57.19373909887842,0,58.0,0,1.3343219092042946,0,0.0741335391998291,166438242.8897287,0,166438242.8897287,0,0,0
13.5,0,54.0,0,55.33754280635086,0,58.0,0,1.8673692975159144,0,0.0691905260086059,166430683.3809379,0,166430683.3809379,0,0,0
13.5,0,59.6,0,69.04785101207702,0,230.0,0,42.90693024590295,0,0.0999924898147583,166421301.639983,0,166421301.639983,0,0,0
13.5,0,58.0,0,58.0,0,58.0,0,0.0,0,0.0,166421095.9763486,0,166421095.9763486,0,0,0
13.5,0,58.3,0,100.38317479991628,0,441.0,0,99.93515479732795,0,31.35584614276886,166428831.2455882,0,166428831.2455882,0,0,0
13.5,0,54.0,0,54.0,0,54.0,0,0.0,0,0.0,166430702.2256404,0,166430702.2256404,0,0,0
5.5,0,426.6,0,223.8580952380952,0,788.0,0,232.9037842489297,0,102.23227331638336,0.0272814035415649,0,0.0272814035415649,0,0,0
13.5,0,58.0,0,58.0,0,58.0,0,0.0,0,0.0,166429243.6819821,0,166429243.6819821,0,0,0
5.5,0,116.0,0,109.54257936507938,0,205.6,0,50.319665275829536,0,26.74094386100769,0.0208431959152221,0,0.0208431959152221,0,0,0
5.5,0,66.0,0,66.0,0,66.0,0,0.0,0,6.368664836883545,0.0014387845993041,0,0.0014387845993041,0,0,0
5.5,0,55.8,0,54.74341269841269,0,56.2,0,0.9521987641032356,0,11.752204513549804,0.0016288995742797,0,0.0016288995742797,0,0,0
13.5,0,555.1,0,148.4124853938631,0,1264.0,0,285.1356037341314,0,0.2816229104995728,166430873.3857171,0,166430873.3857171,0,0,0
13.5,0,99.2,0,91.80112689211371,0,334.0,0,73.79365333720972,0,19.701630544662475,166438248.8274679,0,166438248.8274679,0,0,0
5.5,0,356.2,0,468.0600396825397,0,519.2,0,69.78877523768996,0,290.8603079795837,0.0179054021835327,0,0.0179054021835327,0,0,0
9.5,0,72.34,0,70.87370496419646,0,148.11,0,25.60212143141185,0,25.607647278308868,83241809.92677203,0,83241809.92677203,0,0,0
5.5,0,58.0,0,58.0,0,58.0,0,0.0,0,0.0,0.0006235837936401,0,0.0006235837936401,0,0,0
9.5,0,1104.76,0,1212.24598011311,0,3095.52,0,1033.6389301620643,0,0.4217964053153992,83243082.50949776,0,83243082.50949776,0,0,0
13.5,0,97.5,0,114.9700756871268,0,441.0,0,98.07948573585028,0,192.7247405052185,166430814.3444211,0,166430814.3444211,0,0,0
5.5,0,176.2,0,145.13500000000002,0,270.1,0,85.8958958836707,0,2807.898610496521,0.0329750061035156,0,0.0329750061035156,0,0,0
5.5,0,72.8,0,73.31952380952382,0,84.0,0,6.175651329322008,0,0.0687317132949829,0.0020643949508666,0,0.0020643949508666,0,0,0
5.5,0,79.9,0,76.45440476190477,0,149.4,0,28.16146278234666,0,83.14487185478211,0.0133669137954711,0,0.0133669137954711,0,0,0
5.5,0,107.7,0,83.89896825396826,0,132.2,0,27.08681027220148,0,0.1413091659545898,0.0076737880706787,0,0.0076737880706787,0,0,0
5.5,0,79.2,0,69.63817460317462,0,107.5,0,17.48414916396195,0,132.97539167404176,0.0141978979110717,0,0.0141978979110717,0,0,0
5.5,0,58.0,0,58.0,0,58.0,0,0.0,0,0.0,9.548664093017578e-05,0,9.548664093017578e-05,0,0,0
5.5,0,113.6,0,151.45460317460316,0,296.4,0,81.08648466881985,0,50.89043242931366,0.0151774168014526,0,0.0151774168014526,0,0,0
13.5,0,1637.9,0,535.5682780480613,0,3636.0,0,918.0636875521446,0,53.91802730560303,166438011.01976082,0,166438011.01976082,0,0,0
9.5,0,386.53,0,454.1707529026272,0,1258.57,0,448.7541823907941,0,11.65296169281006,83241613.50983138,0,83241613.50983138,0,0,0
5.5,0,88.4,0,86.51777777777778,0,88.4,0,0.9637729544161656,0,0.711673355102539,2.312660217285156e-06,0,2.312660217285156e-06,0,0,0
13.5,0,86.4,0,109.2691191178962,0,317.0,0,76.2601349735268,0,153.3033843755722,166428808.4190535,0,166428808.4190535,0,0,0
5.5,0,114.0,0,102.99722222222222,0,299.5,0,82.81043985759325,0,44.94905288219452,0.0016947031021118,0,0.0016947031021118,0,0,0
9.5,0,107.31,0,105.8541327656262,0,234.57,0,54.688459405073154,0,266.7772908329964,83243112.27432865,0,83243112.27432865,0,0,0
13.5,0,96.1,0,100.04379108980116,0,169.3,0,39.49121103994539,0,8.743572664260864,166429098.9683487,0,166429098.9683487,0,0,0
13.5,0,124.5,0,389.5199987138764,0,2962.0,0,743.1716051056212,0,0.5265403032302857,166439114.9220428,0,166439114.9220428,0,0,0
5.5,0,90.3,0,89.27956349206349,0,238.2,0,62.90553129724367,0,3515.919719028473,0.0114118099212646,0,0.0114118099212646,0,0,0
13.5,0,54.0,0,55.60505136762102,0,78.0,0,5.963943767941484,0,1.2518736362457277,166438170.6497473,0,166438170.6497473,0,0,0
13.5,0,840.6,0,1110.026199079129,0,1474.0,0,584.7737662986311,0,18.868640422821045,166430777.9633657,0,166430777.9633657,0,0,0
5.5,0,1512.0,0,1576.7190476190476,0,2238.0,0,285.54000037405854,0,2.154630756378174,0.0028723001480102,0,0.0028723001480102,0,0,0
5.5,0,71.9,0,82.48091269841271,0,117.0,0,16.89861646979805,0,139.28922679424286,0.0005192041397094,0,0.0005192041397094,0,0,0
13.5,0,58.0,0,68.70034245080686,0,218.0,0,39.75962511960988,0,0.0,166421613.8321777,0,166421613.8321777,0,0,0
9.5,0,74.67,0,72.26902525076403,0,124.87,0,16.851141906231515,0,0.3696422696113586,83243383.38921404,0,83243383.38921404,0,0,0
5.5,0,96.5,0,120.25166666666668,0,230.0,0,63.17797966762803,0,101.8968463420868,0.006985592842102,0,0.006985592842102,0,0,0
5.5,0,97.2,0,83.59063492063493,0,137.6,0,24.95921942525363,0,92.40155107975006,0.0111415863037109,0,0.0111415863037109,0,0,0
13.5,0,163.3,0,304.19338829127526,0,3322.0,0,806.058942767123,0,52.21737699508667,166438052.795642,0,166438052.795642,0,0,0
9.5,0,150.1,0,136.3854967205567,0,312.18,0,87.87410635061333,0,160.8651995205879,83241923.22183584,0,83241923.22183584,0,0,0
5.5,0,54.0,0,54.0,0,54.0,0,0.0,0,0.5676742315292358,1.71661376953125e-06,0,1.71661376953125e-06,0,0,0
13.5,0,441.4,0,298.00020709424734,0,3168.5,0,753.089677078601,0,54.23924310207367,166438011.80666548,0,166438011.80666548,0,0,0
13.5,0,57.2,0,57.06075295018019,0,64.2,0,2.879171941717825,0,7.502758884429932,166430970.89189708,0,166430970.89189708,0,0,0
5.5,0,110.3,0,93.82150793650791,0,160.4,0,32.35328706287069,0,244.00728545188903,0.0176186084747314,0,0.0176186084747314,0,0,0
5.5,0,80.3,0,72.04178571428571,0,118.8,0,21.67291372346736,0,167.808060669899,0.0542182922363281,0,0.0542182922363281,0,0,0
9.5,0,321.95,0,355.3788256394448,0,1399.91,0,464.9954408097988,0,69.9945058274269,83241536.43339585,0,83241536.43339585,0,0,0
9.5,0,121.39,0,116.9278676482616,0,282.58,0,76.96395135586461,0,355.17214818954466,83241863.1452573,0,83241863.1452573,0,0,0
5.5,0,1230.1,0,1851.1393253968247,0,2817.2,0,946.141139990268,0,65.11289710998535,0.0005496025085449,0,0.0005496025085449,0,0,0
5.5,0,84.5,0,101.62075396825396,0,214.7,0,57.21165123446169,0,410.7297096014023,0.0251777172088623,0,0.0251777172088623,0,0,0
13.5,0,57.6,0,55.592422948568455,0,58.0,0,1.896525772197481,0,0.0198358058929443,166428714.701551,0,166428714.701551,0,0,0
13.5,0,58.0,0,58.0,0,58.0,0,0.0,0,0.0,166439170.90881962,0,166439170.90881962,0,0,0
9.5,0,209.27,0,190.0615583386342,0,827.57,0,230.06097541856383,0,107.62408015727996,83242566.61960682,0,83242566.61960682,0,0,0
5.5,0,97.8,0,101.51992063492062,0,212.4,0,60.76830220988305,0,161.88335576057435,0.0103403091430664,0,0.0103403091430664,0,0,0
13.5,0,653.7,0,792.2489015168698,0,1514.0,0,721.6573988030104,0,113.39485342502594,166429136.5748195,0,166429136.5748195,0,0,0
5.5,0,54.4,0,55.17158730158731,0,58.0,0,1.3888043677822106,0,0.0001188039779663,0.0002745866775512,0,0.0002745866775512,0,0,0
5.5,0,59.8,0,59.03420634920635,0,72.0,0,5.425939519898179,0,0.0011174917221069,0.0020482063293457,0,0.0020482063293457,0,0,0
5.5,0,115.5,0,163.2572619047619,0,317.0,0,89.66887830858249,0,230.2360671043396,0.0126866102218627,0,0.0126866102218627,0,0,0
9.5,0,407.12,0,409.7935391204083,0,1355.85,0,456.7314786367199,0,143.83931874275208,83241703.10777819,0,83241703.10777819,0,0,0
13.5,0,100.7,0,163.77374606430723,0,507.0,0,140.40297344284252,0,1.08798508644104,166438244.83769378,0,166438244.83769378,0,0,0
5.5,0,865.2,0,1293.2580952380954,0,1514.0,0,304.00689341188826,0,6.839382672309876,0.0007585048675537,0,0.0007585048675537,0,0,0
13.5,0,58.0,0,58.0,0,58.0,0,0.0,0,0.0,166421263.4870617,0,166421263.4870617,0,0,0
13.5,0,91.8,0,97.2442292279444,0,230.0,0,58.78576106706902,0,276.0846480846405,166428958.96912712,0,166428958.96912712,0,0,0
9.5,0,60.94,0,59.77644154821786,0,99.76,0,12.807375595099495,0,8.920904264450073,83241474.19695178,0,83241474.19695178,0,0,0
9.5,0,396.51,0,292.98324284298434,0,1207.31,0,381.5451086969237,0,89.5215466761589,83241541.38727613,0,83241541.38727613,0,0,0
5.5,0,112.7,0,92.01214285714283,0,142.2,0,23.89643767676625,0,1863.53033952713,0.0141981840133667,0,0.0141981840133667,0,0,0
13.5,0,103.5,0,111.76507545945626,0,246.0,0,62.65870387768291,0,18.19301245212555,166429102.66062382,0,166429102.66062382,0,0,0
13.5,0,58.0,0,58.0,0,58.0,0,0.0,0,0.0,166430430.6785491,0,166430430.6785491,0,0,0
5.5,0,137.0,0,147.12023809523808,0,229.0,0,48.43337176885028,0,27.578938055038453,0.0122468948364257,0,0.0122468948364257,0,0,0
9.5,0,139.27,0,143.32288053153417,0,362.32,0,108.34786757796186,0,161.84618790864943,83242313.48619258,0,83242313.48619258,0,0,0
13.5,0,83.6,0,77.47882530610084,0,121.2,0,21.11474568017829,0,21.94944336414337,166421724.14270762,0,166421724.14270762,0,0,0
5.5,0,122.1,0,196.0660714285714,0,473.0,0,137.11635238191516,0,49.20980978012085,0.0138059139251708,0,0.0138059139251708,0,0,0
13.5,0,187.6,0,245.59656210533527,0,680.0,0,252.8644379321904,0,12.69304130077362,166428952.0743706,0,166428952.0743706,0,0,0
13.5,0,54.0,0,54.0,0,54.0,0,0.0,0,0.4702571868896484,166421227.1841229,0,166421227.1841229,0,0,0
13.5,0,58.0,0,58.0,0,58.0,0,0.0,0,0.0,166430334.5910045,0,166430334.5910045,0,0,0
9.5,0,98.69,0,83.03878141230116,0,232.31,0,51.14353470246477,0,444.0874780702591,83244240.96173948,0,83244240.96173948,0,0,0
5.5,0,58.0,0,58.0,0,58.0,0,0.0,0,0.0,5.888938903808594e-06,0,5.888938903808594e-06,0,0,0
5.5,0,55.2,0,54.2588888888889,0,55.2,0,0.4818864772080827,0,0.0217885732650756,0.0011734008789062,0,0.0011734008789062,0,0,0
5.5,0,1417.7,0,1493.67,0,1514.0,0,59.15417023478424,0,23.918439960479738,0.0010344982147216,0,0.0010344982147216,0,0,0
5.5,0,57.6,0,57.09507936507937,0,64.0,0,3.952629492649488,0,230.69846189022064,0.0014249086380004,0,0.0014249086380004,0,0,0
9.5,0,116.38,0,132.91786301929062,0,291.17,0,72.46599757748419,0,0.1961172747611999,99890718.73166393,0,99890718.73166393,0,0,0
5.5,0,60.4,0,60.781587301587294,0,75.2,0,7.717642763959231,0,1.0690213680267333,0.000673508644104,0,0.000673508644104,0,0,0
13.5,0,79.2,0,66.53158369837938,0,179.2,0,30.31768391657227,0,2.520469069480896,166421705.0180257,0,166421705.0180257,0,0,0
13.5,0,66.2,0,60.64422138147371,0,136.4,0,19.71581142910095,0,51.88338117599487,166430827.4882757,0,166430827.4882757,0,0,0
5.5,0,2350.8,0,2483.343333333333,0,2922.0,0,550.5490927289245,0,0.9388864517211916,0.0015681028366088,0,0.0015681028366088,0,0,0
9.5,0,128.92,0,133.52232727429092,0,266.21,0,64.71221527895446,0,6.187708969116211,83240286.79551533,0,83240286.79551533,0,0,0
13.5,0,85.1,0,96.28334991333055,0,290.9,0,71.34301919825205,0,303.84529092311857,166428958.8006925,0,166428958.8006925,0,0,0
13.5,0,54.4,0,55.8725599288912,0,58.0,0,1.962613538850724,0,0.0382312059402465,166421052.5822891,0,166421052.5822891,0,0,0
5.5,0,788.6,0,646.1064285714286,0,1498.4,0,587.4787164231022,0,9.916130137443542,0.0024024009704589,0,0.0024024009704589,0,0,0
9.5,0,385.73,0,380.08205222400574,0,1498.89,0,500.8850851584786,0,182.3752386116981,83241674.74452919,0,83241674.74452919,0,0,0
5.5,0,66.8,0,66.26888888888888,0,68.4,0,0.7559908755283427,0,0.0175836086273193,0.0003274917602539,0,0.0003274917602539,0,0,0
13.5,0,417.9,0,122.09108323393154,0,461.4,0,109.6082047259325,0,161.6031711101532,166430989.54667258,0,166430989.54667258,0,0,0
13.5,0,1079.6,0,1101.9979538452603,0,1514.0,0,649.0155157801203,0,1.8745255708694453,166430344.47053102,0,166430344.47053102,0,0,0
13.5,0,97.1,0,149.11705526714428,0,345.0,0,109.19054120358408,0,19189.17523493767,166437391.18195933,0,166437391.18195933,0,0,0
5.5,0,93.1,0,104.11484126984128,0,268.4,0,74.58005296878923,0,40.03739495277405,0.0234205961227417,0,0.0234205961227417,0,0,0
13.5,0,66.8,0,308.7792474755207,0,3322.0,0,804.6325935423978,0,0.1414906978607177,166429850.2588826,0,166429850.2588826,0,0,0
9.5,0,915.02,0,983.2800269277076,0,2582.25,0,1020.1352087137816,0,1.5105878400802613,83242833.41448402,0,83242833.41448402,0,0,0
5.5,0,80.8,0,94.54873015873014,0,199.2,0,51.3857616079418,0,5.968779730796814,0.0018302917480468,0,0.0018302917480468,0,0,0
5.5,0,156.4,0,135.53785714285715,0,250.4,0,74.51142284103342,0,381.9879160642624,0.0295760869979858,0,0.0295760869979858,0,0,0
9.5,0,74.02,0,74.82369039397136,0,177.53,0,35.79392268904925,0,8.680061869621277,83241473.7484829,0,83241473.7484829,0,0,0
9.5,0,163.31,0,193.8359041931152,0,727.6,0,203.9396009959493,0,375.6247256016731,83243754.66324063,0,83243754.66324063,0,0,0
5.5,0,108.6,0,143.9452380952381,0,217.0,0,55.13709564221757,0,319.7942874193192,0.0076338052749633,0,0.0076338052749633,0,0,0
13.5,0,230.4,0,758.6834632558705,0,1494.0,0,686.8902330645111,0,0.2272305965423584,166429867.20312628,0,166429867.20312628,0,0,0
5.5,0,55.6,0,54.45047619047618,0,55.6,0,0.6976969109407076,0,0.0178715705871582,1.3208389282226562e-05,0,1.3208389282226562e-05,0,0,0
9.5,0,932.6,0,966.8237268278676,0,2677.64,0,996.4613246005918,0,0.1856685543060302,83243082.16588993,0,83243082.16588993,0,0,0
13.5,0,67.6,0,86.99378240094958,0,150.0,0,31.464551184470245,0,0.042269492149353,166429811.25605768,0,166429811.25605768,0,0,0
9.5,0,95.89,0,107.24600130025634,0,402.51,0,107.84994668472964,0,305.59178855895993,83243407.17103435,0,83243407.17103435,0,0,0
13.5,0,126.4,0,121.874361699532,0,498.0,0,120.39670692799496,0,168.58032104969024,166438069.4505097,0,166438069.4505097,0,0,0
13.5,0,67.6,0,503.3132037071975,0,3322.0,0,1100.8355409989945,0,0.0547205448150634,166421618.28167513,0,166421618.28167513,0,0,0
5.5,0,121.6,0,138.9438888888889,0,310.6,0,84.09339833919135,0,266.25980911254885,0.014708399772644,0,0.014708399772644,0,0,0
13.5,0,82.8,0,105.69112257109934,0,555.0,0,121.91745092992056,0,14.105452251434324,166430357.7486182,0,166430357.7486182,0,0,0
13.5,0,54.0,0,55.07003424508069,0,66.0,0,3.073437704847592,0,0.7943278789520264,166430334.6740337,0,166430334.6740337,0,0,0
13.5,0,58.0,0,58.0,0,58.0,0,0.0,0,0.0,166421175.3148306,0,166421175.3148306,0,0,0
13.5,0,58.1,0,57.37960593199371,0,74.5,0,5.033024969522169,0,0.001400089263916,166430721.56465158,0,166430721.56465158,0,0,0
13.5,0,66.0,0,830.0044509876088,0,2922.0,0,1140.285034695693,0,0.797633695602417,166428815.9571718,0,166428815.9571718,0,0,0
5.5,0,790.0,0,907.9660317460316,0,1514.0,0,570.1067108713107,0,1.5892209529876709,0.0019134044647216,0,0.0019134044647216,0,0,0
13.5,0,58.0,0,58.0,0,58.0,0,0.0,0,0.0,166421227.13835603,0,166421227.13835603,0,0,0
13.5,0,73.2,0,107.92945787227907,0,583.0,0,126.6336792299366,0,0.6851009368896485,166421097.4281604,0,166421097.4281604,0,0,0
5.5,0,153.3,0,149.05249999999998,0,291.9,0,89.33798199796004,0,40.30174617767334,0.0127552032470703,0,0.0127552032470703,0,0,0
13.5,0,97.2,0,122.5804162834929,0,230.0,0,62.51308607303432,0,270.2878715276718,166421744.8263341,0,166421744.8263341,0,0,0
5.5,0,119.7,0,107.56499999999998,0,217.5,0,55.65291465900656,0,471.07637577056886,0.0162867069244384,0,0.0162867069244384,0,0,0
13.5,0,84.2,0,138.1469221030947,0,348.0,0,92.89592481946671,0,192.5402766942978,166421318.87329772,0,166421318.87329772,0,0,0
5.5,0,84.7,0,80.32686507936509,0,154.8,0,30.94460376836177,0,13.954134011268616,0.0051553010940551,0,0.0051553010940551,0,0,0
5.5,0,67.0,0,66.17801587301588,0,70.0,0,2.181025773491,0,14.913496780395509,0.0021297931671142,0,0.0021297931671142,0,0,0
9.5,0,191.66,0,257.1346828678288,0,891.77,0,257.04216161656854,0,223.72725028038025,83243567.4896758,0,83243567.4896758,0,0,0
5.5,0,2527.6,0,2587.4161904761904,0,2962.0,0,482.4109476922714,0,0.7748815059661865,0.0006376028060913,0,0.0006376028060913,0,0,0
5.5,0,133.2,0,199.22337301587305,0,441.0,0,141.30539739198375,0,262.89987938404084,0.0075870990753173,0,0.0075870990753173,0,0,0
13.5,0,101.9,0,87.86473610926397,0,224.0,0,53.78350568737746,0,3777.415892004967,166439182.325108,0,166439182.325108,0,0,0
5.5,0,69.0,0,69.51531746031746,0,85.1,0,9.34263179222483,0,42.52209987640381,0.0062215089797973,0,0.0062215089797973,0,0,0
13.5,0,54.0,0,54.0,0,54.0,0,0.0,0,0.0016165018081665,166428858.91314763,0,166428858.91314763,0,0,0
5.5,0,839.8,0,443.5335714285714,0,1987.2,0,678.5064938379553,0,165.63178060054778,0.0042866945266723,0,0.0042866945266723,0,0,0
13.5,0,175.6,0,112.60861662073737,0,376.0,0,81.30615049836081,0,1.2027273893356325,166439293.69947547,0,166439293.69947547,0,0,0
13.5,0,218.8,0,295.7991748043838,0,1140.0,0,351.02056713979937,0,86.91595046520233,166430262.5174944,0,166430262.5174944,0,0,0
13.5,0,58.0,0,58.0,0,58.0,0,0.0,0,0.0,166421191.3461601,0,166421191.3461601,0,0,0
13.5,0,79.4,0,140.03057137521918,0,441.0,0,121.28851979586416,0,8.05018708705902,166430334.8903836,0,166430334.8903836,0,0,0
5.5,0,83.2,0,99.97825396825397,0,214.4,0,56.00884821890078,0,51.07048852443695,0.0009376049041748,0,0.0009376049041748,0,0,0
13.5,0,134.4,0,109.58349594849594,0,230.0,0,65.26816620220404,0,237.88777248859407,166430272.84829,0,166430272.84829,0,0,0
9.5,0,279.18,0,232.960992855184,0,956.36,0,323.1971734100009,0,1.261736822128296,83241547.62889482,0,83241547.62889482,0,0,0
9.5,0,83.71,0,89.88088058020412,0,282.12,0,67.82600515069961,0,97.85825517892836,83242514.1349823,0,83242514.1349823,0,0,0
5.5,0,1290.0,0,1641.4228968253967,0,2528.3,0,468.4441708681951,0,7.428909707069397,0.0048924922943115,0,0.0048924922943115,0,0,0
5.5,0,54.0,0,54.0,0,54.0,0,0.0,0,0.0134737968444824,5.91278076171875e-06,0,5.91278076171875e-06,0,0,0
13.5,0,156.8,0,127.10874807339204,0,500.0,0,106.52733435986433,0,222.4301057577133,166438067.1435594,0,166438067.1435594,0,0,0
9.5,0,191.66,0,257.1346828678288,0,891.77,0,257.04216161656854,0,223.72725028038025,83243567.4896758,0,83243567.4896758,0,0,0
9.5,0,99.07,0,106.0646089164104,0,240.98,0,58.45563418992441,0,193.141106710434,83243136.13368656,0,83243136.13368656,0,0,0
5.5,0,58.0,0,58.0,0,58.0,0,0.0,0,0.0,0.0040869951248168,0,0.0040869951248168,0,0,0
5.5,0,90.0,0,75.76833333333335,0,120.6,0,20.652252672134928,0,71.77851440906525,0.0026097059249877,0,0.0026097059249877,0,0,0
5.5,0,1105.5,0,737.2164682539683,0,1249.5,0,539.7294816052388,0,2.1336175441741942,0.0023903846740722,0,0.0023903846740722,0,0,0
5.5,0,99.9,0,70.4857142857143,0,147.4,0,29.678318756604178,0,126.29989242553712,0.0146849870681762,0,0.0146849870681762,0,0,0
9.5,0,102.01,0,99.53684082528238,0,224.53,0,54.50998093953738,0,318.20907460927964,83242959.88269363,0,83242959.88269363,0,0,0
13.5,0,1079.6,0,967.2353073345644,0,1514.0,0,699.9181432904552,0,8.412395691871643,166430212.1001016,0,166430212.1001016,0,0,0
13.5,0,200.4,0,335.40212682742094,0,1494.0,0,561.2263359402945,0,0.6308759689331055,166438014.0692411,0,166438014.0692411,0,0,0
5.5,0,71.6,0,71.95531746031746,0,107.4,0,19.349258304755363,0,216.25124068260192,0.023127794265747,0,0.023127794265747,0,0,0
5.5,0,78.5,0,107.02138888888888,0,214.0,0,53.73836260718813,0,1207.8473383665084,0.0044785022735595,0,0.0044785022735595,0,0,0
13.5,0,91.9,0,72.48281972585377,0,185.6,0,33.43603787129249,0,289.98410429954527,166430266.7644664,0,166430266.7644664,0,0,0
13.5,0,75.2,0,62.33776893213426,0,177.2,0,29.074970886263475,0,17.14141011238098,166430298.75619903,0,166430298.75619903,0,0,0
5.5,0,120.6,0,145.7993253968254,0,216.5,0,49.71227632109007,0,492.0063277959824,0.0199664115905761,0,0.0199664115905761,0,0,0
5.5,0,101.4,0,104.68103174603176,0,215.5,0,55.19668398037221,0,2.851287603378296,0.0063103914260864,0,0.0063103914260864,0,0,0
13.5,0,484.7,0,222.9803438155412,0,515.4,0,188.85626593484503,0,180.22475860118865,166428923.23215848,0,166428923.23215848,0,0,0
5.5,0,226.4,0,178.2440873015873,0,463.5,0,164.5534189924095,0,41066.77770645618,0.0266438007354736,0,0.0266438007354736,0,0,0
5.5,0,116.2,0,102.42515873015876,0,181.3,0,42.89913093586377,0,246.90628774166103,0.0124721050262451,0,0.0124721050262451,0,0,0
13.5,0,2065.2,0,1550.5480940988837,0,2922.0,0,781.3751148081705,0,0.4750242710113525,166428827.9623883,0,166428827.9623883,0,0,0
5.5,0,120.9,0,103.12896825396828,0,190.9,0,45.42346875366974,0,11.23535270690918,0.0144489049911499,0,0.0144489049911499,0,0,0
9.5,0,244.27,0,207.8357345440077,0,882.71,0,247.0016058059041,0,94.26850655794144,83242089.81472082,0,83242089.81472082,0,0,0
5.5,0,54.8,0,54.12444444444444,0,54.8,0,0.2857078722109418,0,0.0442083835601806,4.038810729980469e-05,0,4.038810729980469e-05,0,0,0
13.5,0,2345.2,0,921.472737589638,0,3015.1,0,1237.4007425541035,0,0.0425867557525634,166429733.2463042,0,166429733.2463042,0,0,0
9.5,0,328.74,0,241.2756333386686,0,1089.44,0,334.4883271462355,0,166.88112517118455,83241723.92868361,0,83241723.92868361,0,0,0
9.5,0,164.03,0,162.01808855789895,0,701.64,0,186.08361521557865,0,0.2523765921592712,83242131.70314604,0,83242131.70314604,0,0,0
13.5,0,101.5,0,234.75771030010577,0,792.0,0,234.4491598026777,0,673.0831985712051,166421211.02720618,0,166421211.02720618,0,0,0
9.5,0,381.05,0,309.2517418884435,0,1113.73,0,383.9526215918215,0,135.64179494142533,83241771.74410678,0,83241771.74410678,0,0,0
5.5,0,1071.0,0,1258.027738095238,0,1514.0,0,437.1785800122446,0,9.536231446266177,0.0024178981781005,0,0.0024178981781005,0,0,0
13.5,0,54.0,0,54.0,0,54.0,0,0.0,0,0.0145428895950317,166421613.83374,0,166421613.83374,0,0,0
13.5,0,177.1,0,740.7716814755591,0,3322.0,0,1286.200352943683,0,435.0556006908417,166437854.8337498,0,166437854.8337498,0,0,0
13.5,0,1078.4,0,1030.1405109922755,0,1514.0,0,684.2818139774129,0,1.3197930812835694,166430775.57808262,0,166430775.57808262,0,0,0
13.5,0,572.7,0,1206.9892324449715,0,2962.0,0,920.530215234887,0,54.203659415245056,166430955.66339427,0,166430955.66339427,0,0,0
5.5,0,55.6,0,56.95301587301587,0,58.0,0,1.1412312494612056,0,0.0070894002914428,5.929470062255859e-05,0,5.929470062255859e-05,0,0,0
9.5,0,74.58,0,74.48783094382398,0,150.21,0,29.26620515464004,0,190.7228278660774,83242819.6752928,0,83242819.6752928,0,0,0
13.5,0,60.8,0,119.71848415473414,0,791.0,0,182.8286967807994,0,36.31467471122742,166438051.017803,0,166438051.017803,0,0,0
5.5,0,674.1,0,509.2159920634921,0,1135.2,0,494.4428521725478,0,69.08349480628968,0.0070383071899414,0,0.0070383071899414,0,0,0
5.5,0,57.0,0,55.70547619047619,0,66.9,0,7.321157608411328,0,298.076856136322,0.0120603084564208,0,0.0120603084564208,0,0,0
13.5,0,58.0,0,58.0,0,58.0,0,0.0,0,0.0,166430647.58899587,0,166430647.58899587,0,0,0
13.5,0,67.8,0,58.49,0,67.8,0,2.13586048233493,0,27.84230389595032,166421319.3838306,0,166421319.3838306,0,0,0
5.5,0,3677.5,0,3316.431309523809,0,4120.4,0,1030.0969762808909,0,1.3575033664703369,0.0002905130386352,0,0.0002905130386352,0,0,0
5.5,0,60.0,0,64.16984126984127,0,66.0,0,3.31387417428247,0,84.73002791404724,0.0081598043441772,0,0.0081598043441772,0,0,0
5.5,0,253.4,0,269.6875396825397,0,723.0,0,227.25726194476755,0,0.1970580339431762,0.0081937074661254,0,0.0081937074661254,0,0,0
5.5,0,90.0,0,69.78555555555555,0,122.8,0,27.386652109817497,0,45.29912467002869,0.0060639858245849,0,0.0060639858245849,0,0,0
5.5,0,54.0,0,54.0,0,54.0,0,0.0,0,0.3943106174468994,1.5020370483398435e-06,0,1.5020370483398435e-06,0,0,0
13.5,0,69.2,0,1372.7571933604752,0,3322.0,0,1460.0381974455454,0,6.652235317230224,166429835.2921004,0,166429835.2921004,0,0,0
9.5,0,84.7,0,86.83235173662766,0,230.21,0,54.13854808483134,0,17.904240489006042,83242995.90387587,0,83242995.90387587,0,0,0
9.5,0,408.3,0,284.3556947289467,0,1096.92,0,325.18683287104074,0,59.10179276227951,83243480.17622988,0,83243480.17622988,0,0,0
13.5,0,88.4,0,109.29713313088698,0,317.0,0,76.81215623354692,0,0.5017274379730224,166438037.0933674,0,166438037.0933674,0,0,0
5.5,0,662.4,0,998.0323412698413,0,2636.4,0,978.9907813251224,0,0.162383770942688,0.0047597885131835,0,0.0047597885131835,0,0,0
5.5,0,54.0,0,54.0,0,54.0,0,0.0,0,0.0379056692123413,1.4066696166992188e-06,0,1.4066696166992188e-06,0,0,0
13.5,0,62.4,0,440.9308935195351,0,2962.0,0,821.3584346217604,0,10.173767328262327,166430740.07819027,0,166430740.07819027,0,0,0
5.5,0,58.0,0,58.0,0,58.0,0,0.0,0,0.0,3.0994415283203125e-06,0,3.0994415283203125e-06,0,0,0
5.5,0,54.4,0,54.13444444444444,0,55.2,0,0.3779954377641713,0,0.0409769058227539,0.0026389837265014,0,0.0026389837265014,0,0,0
13.5,0,112.1,0,110.63570813431492,0,275.6,0,61.82879894751701,0,26.23541557788849,166430719.6955306,0,166430719.6955306,0,0,0
13.5,0,67.6,0,501.8040959865727,0,3322.0,0,1101.4362442088936,0,0.0494674205780029,166421933.2490731,0,166421933.2490731,0,0,0
9.5,0,110.59,0,111.36352350173904,0,247.29,0,64.68314048848231,0,105.83604714393616,83243175.69800928,0,83243175.69800928,0,0,0
9.5,0,152.89,0,159.5492943367692,0,582.37,0,153.4569212313505,0,35.39676749944687,83242141.54778749,0,83242141.54778749,0,0,0
13.5,0,171.5,0,137.38970300640193,0,1085.7,0,249.42410093792108,0,12.647409319877625,166439305.80654752,0,166439305.80654752,0,0,0
9.5,0,78.36,0,66.04283960904937,0,167.16,0,28.78612138611576,0,1.6182659196853637,83241471.4160868,0,83241471.4160868,0,0,0
13.5,0,133.8,0,133.625310545148,0,343.2,0,100.45367907594232,0,85.42618865966797,166430850.83765402,0,166430850.83765402,0,0,0
13.5,0,109.4,0,98.2319704895208,0,243.0,0,53.96894111192741,0,0.1596683979034424,166430262.4826139,0,166430262.4826139,0,0,0
9.5,0,125.04,0,135.6687960104481,0,344.16,0,95.57370410975524,0,184.34939603805543,83242479.01215565,0,83242479.01215565,0,0,0
9.5,0,147.26,0,137.4527410784949,0,461.02,0,127.41712686446456,0,111.48317884922028,83244052.48299724,0,83244052.48299724,0,0,0
5.5,0,1707.3,0,1825.6474206349203,0,2527.6,0,556.7498096274779,0,11.853640031814574,0.001194405555725,0,0.001194405555725,0,0,0
13.5,0,109.6,0,87.82897204274913,0,420.2,0,86.09640623682085,0,1.467678165435791,166430281.9256552,0,166430281.9256552,0,0,0
13.5,0,68.8,0,116.38154486895974,0,388.0,0,101.90731623337273,0,3.065650796890259,166429234.77804542,0,166429234.77804542,0,0,0
5.5,0,117.7,0,106.28170634920636,0,222.5,0,55.03386518919336,0,267.8400007009506,0.021041202545166,0,0.021041202545166,0,0,0
13.5,0,1209.6,0,593.6634202553553,0,2469.0,0,834.6643487399737,0,1.080772614479065,166430373.2003598,0,166430373.2003598,0,0,0
13.5,0,501.0,0,1028.886991398694,0,1494.0,0,653.6379526539998,0,109.05064170360563,166430229.235218,0,166430229.235218,0,0,0
5.5,0,105.6,0,93.891626984127,0,155.0,0,30.21689190418519,0,1223.3311074256897,0.0121387958526611,0,0.0121387958526611,0,0,0
13.5,0,159.5,0,103.42676856683048,0,235.0,0,62.525816831869655,0,0.3192794799804687,166437944.82759932,0,166437944.82759932,0,0,0
5.5,0,99.9,0,95.83650793650791,0,178.9,0,38.9557084646734,0,2.325472187995911,0.0338088035583496,0,0.0338088035583496,0,0,0
13.5,0,58.0,0,58.0,0,58.0,0,0.0,0,0.0,166438049.55745882,0,166438049.55745882,0,0,0
9.5,0,145.66,0,160.93250759946966,0,541.77,0,137.46149319603924,0,0.1133398747444152,99888343.31898291,0,99888343.31898291,0,0,0
5.5,0,115.3,0,91.87424603174604,0,235.6,0,56.96141813536566,0,40.46895871162415,0.0018684864044189,0,0.0018684864044189,0,0,0
13.5,0,1080.8,0,341.2738020884345,0,1192.1,0,429.64718596862247,0,12.527347469329834,166430320.0848763,0,166430320.0848763,0,0,0
13.5,0,128.8,0,117.72341824584085,0,233.2,0,66.93952922562916,0,48.59361429214478,166430781.82815993,0,166430781.82815993,0,0,0
5.5,0,82.4,0,83.14761904761903,0,195.6,0,52.46381672247956,0,474.4982111215592,0.0283951997756958,0,0.0283951997756958,0,0,0
9.5,0,95.62,0,107.70580568240668,0,334.36,0,82.4382351046373,0,14.362770864963531,83243396.20658563,0,83243396.20658563,0,0,0
5.5,0,106.8,0,110.0715873015873,0,242.4,0,69.51905029977989,0,3.494165849685669,0.0144250869750976,0,0.0144250869750976,0,0,0
9.5,0,110.59,0,118.31859602570631,0,275.06,0,67.2328721420489,0,197.26117975234985,83243239.34704323,0,83243239.34704323,0,0,0
13.5,0,1804.4,0,1635.1990264190574,0,5858.0,0,1295.4465094516067,0,0.4731457233428955,166430738.43466797,0,166430738.43466797,0,0,0
9.5,0,117.1,0,104.1219101431764,0,252.19,0,60.28648966653583,0,351.23032175540925,83243695.29805884,0,83243695.29805884,0,0,0
5.5,0,81.6,0,87.31126984126983,0,162.0,0,40.57953389296431,0,20509.14388804436,0.0177654981613159,0,0.0177654981613159,0,0,0
13.5,0,78.5,0,178.642210486452,0,792.0,0,243.23904936954065,0,298.65100584030154,166438030.05447972,0,166438030.05447972,0,0,0
9.5,0,119.29,0,115.6419045898632,0,257.01,0,69.78839681927805,0,348.43840965986254,83242122.29666227,0,83242122.29666227,0,0,0
13.5,0,58.0,0,56.92996575491932,0,58.0,0,1.7554306549768224,0,0.0,166421612.8784873,0,166421612.8784873,0,0,0
13.5,0,285.2,0,216.2147155841235,0,706.3,0,194.75520660706496,0,10.226883935928344,166421618.0083779,0,166421618.0083779,0,0,0
13.5,0,93.2,0,63.97342444191516,0,122.7,0,19.095685038076297,0,29.75694959163666,166421793.41638312,0,166421793.41638312,0,0,0
5.5,0,790.0,0,989.2149206349208,0,1948.4,0,652.7439136976561,0,13.517806434631348,0.0001127004623413,0,0.0001127004623413,0,0,0
13.5,0,149.2,0,83.40733569363213,0,197.2,0,52.30430826575557,0,7816.309674882888,166439220.4360595,0,166439220.4360595,0,0,0
13.5,0,63.6,0,77.945563012409,0,156.0,0,27.57358276294851,0,78.84579513072967,166430428.77842242,0,166430428.77842242,0,0,0
5.5,0,113.9,0,88.21980158730159,0,216.0,0,54.14029794161428,0,101.34150886535645,0.0146216869354248,0,0.0146216869354248,0,0,0
13.5,0,107.5,0,97.11093118611691,0,255.6,0,64.34060022327046,0,66.81544439792633,166430940.29663068,0,166430940.29663068,0,0,0
13.5,0,58.0,0,58.0,0,58.0,0,0.0,0,0.0,166429243.6733339,0,166429243.6733339,0,0,0
13.5,0,91.3,0,88.79297203785207,0,159.5,0,30.794500753059527,0,20.623201775550843,166430287.70738417,0,166430287.70738417,0,0,0
13.5,0,84.0,0,102.0152439944816,0,339.0,0,81.03928125622875,0,8.714143443107606,166429866.83051178,0,166429866.83051178,0,0,0
13.5,0,426.7,0,204.25267644206497,0,465.5,0,152.39096800586418,0,1.9711796045303345,166428905.24128932,0,166428905.24128932,0,0,0
5.5,0,90.2,0,87.71698412698413,0,167.6,0,37.21822311728164,0,24.890678215026856,0.0096424102783203,0,0.0096424102783203,0,0,0
5.5,0,531.8,0,192.31166666666667,0,670.4,0,234.46786288032308,0,31.49004256725312,0.0076871156692504,0,0.0076871156692504,0,0,0
13.5,0,140.6,0,140.03945046568498,0,348.0,0,128.19489439006148,0,566.0082470178604,166438242.27256042,0,166438242.27256042,0,0,0
13.5,0,739.0,0,1254.2777995894714,0,1514.0,0,495.014121735834,0,28.652823758125304,166429142.702665,0,166429142.702665,0,0,0
13.5,0,116.8,0,386.6641553093449,0,1514.0,0,567.6395795230674,0,12.904735088348389,166430862.42537183,0,166430862.42537183,0,0,0
9.5,0,392.69,0,312.0534710406123,0,1365.06,0,413.6063115650252,0,109.68021231889723,83241741.01747747,0,83241741.01747747,0,0,0
13.5,0,934.8,0,978.3249835969845,0,1514.0,0,672.8307535807211,0,20.0358229637146,166430867.42013058,0,166430867.42013058,0,0,0
5.5,0,58.0,0,58.0,0,58.0,0,0.0,0,0.0,4.816055297851562e-06,0,4.816055297851562e-06,0,0,0
13.5,0,190.0,0,132.4110526556347,0,300.2,0,84.63312954126249,0,139.20267000198365,166428844.8658986,0,166428844.8658986,0,0,0
9.5,0,124.93,0,127.08323109063278,0,292.91,0,83.41528747863335,0,178.89990544080734,83244287.657602,0,83244287.657602,0,0,0
5.5,0,58.0,0,58.0,0,58.0,0,0.0,0,0.0,3.504753112792969e-06,0,3.504753112792969e-06,0,0,0
13.5,0,124.0,0,109.28367452035408,0,315.7,0,77.295717820871,0,154.31357481479645,166428732.69117692,0,166428732.69117692,0,0,0
13.5,0,66.0,0,296.2579941132999,0,3322.0,0,807.0382717278876,0,0.0566620111465454,166428665.24692568,0,166428665.24692568,0,0,0
5.5,0,58.0,0,58.0,0,58.0,0,0.0,0,0.0,0.001331615447998,0,0.001331615447998,0,0,0
5.5,0,101.4,0,92.2618253968254,0,131.0,0,20.7708969845412,0,32044.42998352051,0.0323750019073486,0,0.0323750019073486,0,0,0
9.5,0,138.55,0,123.85295668121869,0,289.77,0,79.43043033889388,0,69.75521807670593,83241881.54115108,0,83241881.54115108,0,0,0
5.5,0,77.0,0,71.0197619047619,0,97.4,0,10.153420299906662,0,87.05554141998292,0.0129015922546386,0,0.0129015922546386,0,0,0
13.5,0,108.6,0,92.75189262191198,0,293.3,0,63.59532443764091,0,7.4938270330429075,166430319.7636489,0,166430319.7636489,0,0,0
5.5,0,54.0,0,54.0,0,54.0,0,0.0,0,0.3507544040679932,0.0014026880264282,0,0.0014026880264282,0,0,0
9.5,0,354.56,0,360.1093378588216,0,1068.25,0,392.5284499210305,0,14.170718369483948,83241661.16836505,0,83241661.16836505,0,0,0
9.5,0,75.86,0,79.44957539446277,0,195.13,0,41.94764711681524,0,428.5298107504845,83243060.26531357,0,83243060.26531357,0,0,0
5.5,0,71.6,0,79.1236507936508,0,104.0,0,13.828960260210945,0,0.0310009956359863,0.0216660976409912,0,0.0216660976409912,0,0,0
13.5,0,120.7,0,120.0256694741447,0,377.7,0,86.50075736229914,0,8.28611958026886,166430335.5167593,0,166430335.5167593,0,0,0
13.5,0,66.0,0,66.0,0,66.0,0,0.0,0,0.1033306837081909,166421228.288665,0,166421228.288665,0,0,0
9.5,0,144.44,0,115.7162120815631,0,363.37,0,91.32887598168836,0,95.5273987197876,83242164.89161116,0,83242164.89161116,0,0,0
5.5,0,55.2,0,54.71428571428571,0,56.8,0,1.2080477767094575,0,0.0042336463928222,0.0012784957885742,0,0.0012784957885742,0,0,0
5.5,0,92.2,0,121.72579365079366,0,230.0,0,58.77737638755536,0,218.92744386196136,0.0073109149932861,0,0.0073109149932861,0,0,0
5.5,0,792.0,0,324.2515873015873,0,792.0,0,333.72427288546737,0,3.11167049407959,0.0013351917266845,0,0.0013351917266845,0,0,0
9.5,0,312.13,0,281.47665612208567,0,1188.41,0,359.10362470822975,0,35.06442492723465,83243096.18394212,0,83243096.18394212,0,0,0
5.5,0,117.1,0,155.24242063492062,0,326.0,0,92.92268994097915,0,218.7308227777481,0.0084142923355102,0,0.0084142923355102,0,0,0
5.5,0,58.0,0,58.0,0,58.0,0,0.0,0,0.0,3.886222839355469e-06,0,3.886222839355469e-06,0,0,0
9.5,0,322.49,0,323.58790500748825,0,1157.3,0,366.7699901145264,0,21.388228192329407,83243421.62593873,0,83243421.62593873,0,0,0
13.5,0,103.4,0,173.37398679064316,0,698.0,0,170.0423233459976,0,26.315155696868896,166439308.7060256,0,166439308.7060256,0,0,0
13.5,0,71.3,0,94.1863287542351,0,317.0,0,63.9036549484361,0,170.63162202835082,166421263.6487397,0,166421263.6487397,0,0,0
5.5,0,94.3,0,99.3951984126984,0,136.5,0,21.085313404736272,0,70.25512306690216,0.0054598093032836,0,0.0054598093032836,0,0,0
5.5,0,209.5,0,281.4950396825397,0,671.2,0,215.34523060932912,0,38.14941501617432,0.0130760908126831,0,0.0130760908126831,0,0,0
9.5,0,137.37,0,134.88361933856476,0,320.25,0,74.98278523726891,0,22.133440313339232,83242997.37379828,0,83242997.37379828,0,0,0
13.5,0,137.0,0,128.0456896698073,0,441.0,0,102.39749045484083,0,1306.408251476288,166437940.5724548,0,166437940.5724548,0,0,0
13.5,0,2102.2,0,715.7226831815415,0,6157.5,0,1554.288209072988,0,21.3806174993515,166430632.1765613,0,166430632.1765613,0,0,0
5.5,0,58.7,0,59.5845634920635,0,85.6,0,13.24359779142472,0,80.74217410087586,0.0033572912216186,0,0.0033572912216186,0,0,0
13.5,0,54.0,0,54.0,0,54.0,0,0.0,0,0.040805959701538,166421210.41902667,0,166421210.41902667,0,0,0
13.5,0,1423.5,0,1188.8659893176998,0,1514.0,0,565.0840663123342,0,43.80695753097534,166430974.4838576,0,166430974.4838576,0,0,0
5.5,0,82.8,0,97.8442857142857,0,198.6,0,52.19321707733809,0,216.53985719680787,0.0445927858352661,0,0.0445927858352661,0,0,0
13.5,0,55.6,0,54.08,0,55.6,0,0.3487119154832538,0,0.073973798751831,166430370.675875,0,166430370.675875,0,0,0
5.5,0,115.7,0,121.51900793650792,0,366.0,0,111.1305727566482,0,16.83980813026428,0.0107213020324707,0,0.0107213020324707,0,0,0
13.5,0,88.8,0,112.33396696655596,0,345.0,0,73.39263116111889,0,22.057771039009094,166430886.3141581,0,166430886.3141581,0,0,0
5.5,0,1369.2,0,759.8907936507937,0,1948.4,0,699.3119713807866,0,1.8591912508010864,0.0010410070419311,0,0.0010410070419311,0,0,0
9.5,0,90.44,0,99.99066702475372,0,236.17,0,59.96736082940135,0,174.11759916305542,83243099.43365784,0,83243099.43365784,0,0,0
13.5,0,196.9,0,99.593265061392,0,206.2,0,53.89041872427564,0,0.0365101099014282,166428950.2318821,0,166428950.2318821,0,0,0
9.5,0,119.6,0,119.0908499351096,0,280.77,0,69.82371872757909,0,38.759821410179136,83244260.61597389,0,83244260.61597389,0,0,0
13.5,0,98.2,0,131.60580280142972,0,230.0,0,63.14412266101672,0,72.6931749343872,166429871.86804408,0,166429871.86804408,0,0,0
9.5,0,113.46,0,116.19767034771216,0,277.27,0,76.2192989752169,0,271.8827504491806,83243566.60999018,0,83243566.60999018,0,0,0
13.5,0,54.0,0,54.0,0,54.0,0,0.0,0,0.0451512575149536,166421124.77496856,0,166421124.77496856,0,0,0
13.5,0,133.9,0,208.1219557618164,0,791.0,0,236.050891959949,0,152.8490552186966,166430692.0235233,0,166430692.0235233,0,0,0
9.5,0,125.57,0,110.81375441380084,0,279.12,0,69.69255420357797,0,361.4601056718826,83242792.89738573,0,83242792.89738573,0,0,0
5.5,0,195.0,0,328.4090476190476,0,791.0,0,241.9774530784718,0,68.34364585876465,0.0070861101150512,0,0.0070861101150512,0,0,0
9.5,0,166.09,0,147.07741891291545,0,591.62,0,155.6462246914436,0,263.2123564624786,83244289.53641106,0,83244289.53641106,0,0,0
5.5,0,125.7,0,111.5363492063492,0,189.7,0,45.015357405982456,0,6.5268310546875,0.0112021923065185,0,0.0112021923065185,0,0,0
5.5,0,517.1,0,414.2460714285715,0,1093.6,0,470.38705951425845,0,0.3485862255096436,0.008386206626892,0,0.008386206626892,0,0,0
13.5,0,126.3,0,132.88216732570837,0,344.0,0,90.11519213220416,0,13705.280081605912,166428648.1631306,0,166428648.1631306,0,0,0
13.5,0,54.0,0,87.77295586035912,0,233.0,0,62.917639673312046,0,0.630115270614624,166438098.83217248,0,166438098.83217248,0,0,0
5.5,0,58.0,0,58.0,0,58.0,0,0.0,0,0.0,9.119510650634766e-05,0,9.119510650634766e-05,0,0,0
5.5,0,122.2,0,96.16722222222224,0,235.2,0,54.83005341413205,0,0.1381899833679199,0.0129787921905517,0,0.0129787921905517,0,0,0
13.5,0,94.8,0,144.77667813052102,0,795.0,0,186.69793511068093,0,74.6769514799118,166439373.2551743,0,166439373.2551743,0,0,0
13.5,0,300.0,0,998.3854341728104,0,5858.0,0,1495.0535208515832,0,30.22512104511261,166439374.5395408,0,166439374.5395408,0,0,0
13.5,0,115.7,0,113.50298947225804,0,423.1,0,93.113590210389,0,143.17193200588227,166421284.3941352,0,166421284.3941352,0,0,0
13.5,0,70.9,0,76.33316130463965,0,235.0,0,48.2310956959452,0,21.79660518169403,166430760.0689157,0,166430760.0689157,0,0,0
5.5,0,58.0,0,58.0,0,58.0,0,0.0,0,0.0,4.842281341552734e-05,0,4.842281341552734e-05,0,0,0
5.5,0,58.0,0,58.0,0,58.0,0,0.0,0,0.0,4.661083221435547e-05,0,4.661083221435547e-05,0,0,0
5.5,0,287.7,0,163.80623015873013,0,663.0,0,212.27512868436185,0,1.4401419401168822,4.911422729492188e-05,0,4.911422729492188e-05,0,0,0
9.5,0,106.97,0,98.53506314312622,0,225.39,0,54.93826530049844,0,437.4760688996315,83242007.88915429,0,83242007.88915429,0,0,0
9.5,0,331.68,0,300.2128968643155,0,1160.27,0,358.2673046218057,0,62.21328310489655,83241586.91796032,0,83241586.91796032,0,0,0
9.5,0,355.98,0,390.1633922172168,0,1634.13,0,524.1613943070256,0,59.35760335445404,83241535.68440908,0,83241535.68440908,0,0,0
13.5,0,1224.0,0,379.278924188127,0,1676.8,0,534.1025244625496,0,18.38789031505585,166430971.56375802,0,166430971.56375802,0,0,0
13.5,0,1417.7,0,936.0623203155634,0,1514.0,0,679.6242036981041,0,10.262819838523864,166430881.0968033,0,166430881.0968033,0,0,0
13.5,0,58.0,0,58.0,0,58.0,0,0.0,0,0.0,166421594.0106199,0,166421594.0106199,0,0,0
5.5,0,234.5,0,194.2575396825397,0,608.4,0,181.3898297553281,0,16.356197786331176,0.0102293014526367,0,0.0102293014526367,0,0,0
5.5,0,156.7,0,110.65242063492065,0,428.2,0,119.09635320700968,0,42.076097989082335,0.0108374834060668,0,0.0108374834060668,0,0,0
5.5,0,101.2,0,86.25920634920635,0,153.2,0,30.9796721569252,0,71.91768007278442,0.0186208963394165,0,0.0186208963394165,0,0,0
5.5,0,104.6,0,123.46579365079364,0,169.2,0,32.48700272872763,0,144.4811101913452,0.0166215181350708,0,0.0166215181350708,0,0,0
13.5,0,55.2,0,55.49899076156042,0,58.0,0,1.9255358418068027,0,0.0732840538024902,166421301.49154598,0,166421301.49154598,0,0,0
5.5,0,132.7,0,124.9486111111111,0,319.5,0,90.27363884437516,0,0.3400662422180175,0.0111872911453247,0,0.0111872911453247,0,0,0
5.5,0,1957.4,0,1448.7327777777778,0,3396.4,0,1019.8865956742362,0,10.88206226825714,0.0052863121032714,0,0.0052863121032714,0,0,0
9.5,0,456.3,0,381.58462913269216,0,1339.48,0,477.4213508844295,0,2.8726220512390137,83241660.33827859,0,83241660.33827859,0,0,0
9.5,0,138.86,0,112.13442293739972,0,248.98,0,85.63093749833193,0,5.825431051254273,83241474.4102065,0,83241474.4102065,0,0,0
5.5,0,83.5,0,110.83234126984128,0,291.9,0,88.83548621173927,0,51.69890198707581,0.0122029066085815,0,0.0122029066085815,0,0,0
13.5,0,107.5,0,102.9474205885274,0,235.5,0,53.90303536872192,0,37.414038968086246,166429876.55275172,0,166429876.55275172,0,0,0
5.5,0,67.8,0,58.98,0,67.8,0,2.94,0,1.9619067907333367,0.0045536041259765,0,0.0045536041259765,0,0,0
13.5,0,1368.4,0,989.3221094694778,0,3322.0,0,1454.1680186631274,0,0.5637956142425538,166438139.8566342,0,166438139.8566342,0,0,0
13.5,0,58.0,0,58.0,0,58.0,0,0.0,0,0.0,166421054.54973492,0,166421054.54973492,0,0,0
13.5,0,66.0,0,1019.4673895072076,0,2922.0,0,1228.6739393444725,0,0.0508634090423584,166421097.6053832,0,166421097.6053832,0,0,0
9.5,0,716.42,0,723.3860626682399,0,2264.98,0,637.391729529909,0,20.27131581306457,83241468.21535422,0,83241468.21535422,0,0,0
13.5,0,54.0,0,54.0,0,54.0,0,0.0,0,0.1294370412826538,166438189.15422088,0,166438189.15422088,0,0,0
13.5,0,718.8,0,302.4987931817924,0,2708.2,0,716.8172688414918,0,0.0571979999542236,166430672.3534063,0,166430672.3534063,0,0,0
13.5,0,1272.9,0,1104.5286116029654,0,1514.0,0,626.8455108282421,0,23.96042094230652,166430977.1987506,0,166430977.1987506,0,0,0
13.5,0,66.0,0,66.0,0,66.0,0,0.0,0,0.0532325029373168,166430783.3477144,0,166430783.3477144,0,0,0
13.5,0,202.6,0,936.2041153355588,0,2962.0,0,849.5545522197514,0,19.172269916534425,166430881.1640982,0,166430881.1640982,0,0,0
13.5,0,58.0,0,58.0,0,58.0,0,0.0,0,0.0,166438170.52316698,0,166438170.52316698,0,0,0
9.5,0,116.88,0,118.45083217900093,0,267.02,0,66.58609524164538,0,369.7047581624985,83242600.44152087,0,83242600.44152087,0,0,0
9.5,0,155.98,0,146.9155648555521,0,574.51,0,152.49589917724524,0,274.2056805229187,83243246.63582896,0,83243246.63582896,0,0,0
5.5,0,113.3,0,93.19853174603176,0,328.5,0,92.70108628741816,0,220.3717135667801,0.0143510818481445,0,0.0143510818481445,0,0,0
5.5,0,60.2,0,61.595000000000006,0,72.4,0,8.131883547249213,0,432.98692944049833,0.0106388092041015,0,0.0106388092041015,0,0,0
5.5,0,58.0,0,58.0,0,58.0,0,0.0,0,0.0,3.314018249511719e-06,0,3.314018249511719e-06,0,0,0
9.5,0,91.73,0,77.70566876145011,0,230.7,0,47.452954027799294,0,396.7210764360428,83242242.91721298,0,83242242.91721298,0,0,0
5.5,0,82.0,0,77.67190476190476,0,112.8,0,20.04316213618252,0,13.811838102340698,0.0081660032272338,0,0.0081660032272338,0,0,0
13.5,0,59.2,0,73.63290084915086,0,175.0,0,38.43190864170977,0,421.53896222114565,166428778.7605353,0,166428778.7605353,0,0,0
5.5,0,56.0,0,54.33888888888889,0,56.0,0,0.6673652277015647,0,31.3990330696106,0.0011579990386962,0,0.0011579990386962,0,0,0
13.5,0,140.4,0,97.5718191629492,0,369.5,0,74.13788546629935,0,17.938743925094606,166430889.6901324,0,166430889.6901324,0,0,0
5.5,0,940.2,0,461.8413492063492,0,957.6,0,417.1770752092688,0,17.635989689826964,0.0061337947845458,0,0.0061337947845458,0,0,0
13.5,0,95.8,0,131.57970279763236,0,274.0,0,76.45298232882365,0,349.08781282901765,166428822.81404242,0,166428822.81404242,0,0,0
5.5,0,54.0,0,54.0,0,54.0,0,0.0,0,0.1005548238754272,0.0039515972137451,0,0.0039515972137451,0,0,0
13.5,0,1093.2,0,2420.786801442881,0,10687.0,0,2525.815712495883,0,45.39272313117981,166430728.3883207,0,166430728.3883207,0,0,0
9.5,0,161.75,0,189.57133690105903,0,573.89,0,157.68598394313565,0,9.21048290491104,83241780.1166915,0,83241780.1166915,0,0,0
5.5,0,137.7,0,155.5436111111111,0,333.6,0,90.93736791285806,0,41.43063404560089,0.0115987062454223,0,0.0115987062454223,0,0,0
13.5,0,803.4,0,592.550320451822,0,1514.0,0,684.1055215441581,0,23.352892875671387,166429031.50765783,0,166429031.50765783,0,0,0
5.5,0,87.1,0,105.02289682539684,0,265.2,0,79.54321555473605,0,20.687271213531496,0.0051598787307739,0,0.0051598787307739,0,0,0
13.5,0,66.0,0,782.321049941201,0,2962.0,0,915.8679878959174,0,34.79499316215515,166430323.93117338,0,166430323.93117338,0,0,0
13.5,0,87.3,0,92.15967113725628,0,203.6,0,44.993891357511885,0,83.01031794548035,166421305.8144047,0,166421305.8144047,0,0,0
5.5,0,242.6,0,248.58174603174604,0,677.6,0,205.91387094186325,0,19.457161402702333,0.0105768918991088,0,0.0105768918991088,0,0,0
13.5,0,2202.7,0,1362.1193800300148,0,5858.0,0,1598.884984571664,0,4.41389229297638,166430924.1709364,0,166430924.1709364,0,0,0
13.5,0,1369.2,0,929.4020424776464,0,2962.0,0,883.8548452543973,0,28.46894171237945,166430887.17478082,0,166430887.17478082,0,0,0
13.5,0,351.6,0,1021.0055637345112,0,2922.0,0,1227.4348039479237,0,0.7987619400024414,166428815.946637,0,166428815.946637,0,0,0
5.5,0,965.8,0,824.0296031746032,0,1369.2,0,576.8863469059963,0,43.125079488754274,0.0028610944747924,0,0.0028610944747924,0,0,0
13.5,0,125.8,0,92.11709623666668,0,252.6,0,51.30830611251129,0,31.413189578056336,166430289.6353555,0,166430289.6353555,0,0,0
13.5,0,116.7,0,133.4401935079025,0,441.0,0,100.14667914757425,0,35.20077629089356,166429015.4181046,0,166429015.4181046,0,0,0
5.5,0,58.0,0,58.0,0,58.0,0,0.0,0,0.0,5.197525024414063e-06,0,5.197525024414063e-06,0,0,0
5.5,0,550.0,0,993.3560317460316,0,1514.0,0,469.0894726132462,0,44.8449021100998,0.0077969789505004,0,0.0077969789505004,0,0,0
13.5,0,58.0,0,58.0,0,58.0,0,0.0,0,0.0,166438080.7907744,0,166438080.7907744,0,0,0
9.5,0,520.22,0,485.0181235033456,0,2088.56,0,603.5652119103042,0,50.079833731651306,83244332.38035113,0,83244332.38035113,0,0,0
13.5,0,395.9,0,126.99388401416266,0,571.2,0,131.64296621334657,0,8.512401819229126,166430619.6549688,0,166430619.6549688,0,0,0
5.5,0,82.2,0,115.41095238095238,0,208.2,0,52.299745166368936,0,147.66906065940856,0.0113142967224121,0,0.0113142967224121,0,0,0
5.5,0,223.2,0,164.25333333333336,0,690.0,0,200.6540107267216,0,137.7908961057663,0.0097227811813354,0,0.0097227811813354,0,0,0
5.5,0,110.5,0,105.94043650793652,0,307.4,0,86.9432692481842,0,13.531034588813782,0.0081187009811401,0,0.0081187009811401,0,0,0
9.5,0,323.55,0,269.1310996692506,0,1025.95,0,349.127051118773,0,113.87787547826768,83241641.062468,0,83241641.062468,0,0,0
13.5,0,102.0,0,135.42397563521791,0,441.0,0,111.55907748364788,0,1.2059832572937013,166421285.6754476,0,166421285.6754476,0,0,0
5.5,0,145.5,0,201.6858333333333,0,441.0,0,126.82192904464424,0,87.35193781852722,0.0084155797958374,0,0.0084155797958374,0,0,0
13.5,0,645.2,0,1286.7898420636811,0,1514.0,0,449.2092083934333,0,5.800221061706543,166430619.661379,0,166430619.661379,0,0,0
5.5,0,774.7,0,846.2750793650794,0,1369.2,0,616.5501038745276,0,14.343240571022031,0.0009308815002441,0,0.0009308815002441,0,0,0
13.5,0,54.0,0,54.0,0,54.0,0,0.0,0,0.0962599992752075,166421304.0094209,0,166421304.0094209,0,0,0
5.5,0,54.0,0,54.0,0,54.0,0,0.0,0,0.1233009338378906,0.000173282623291,0,0.000173282623291,0,0,0
5.5,0,76.7,0,71.52996031746032,0,106.9,0,14.804619224690322,0,152.95309414863587,0.0119189977645874,0,0.0119189977645874,0,0,0
5.5,0,93.2,0,129.53150793650792,0,262.0,0,67.06677989311717,0,36.45752105712891,0.0139972925186157,0,0.0139972925186157,0,0,0
13.5,0,395.1,0,636.6126455046502,0,1474.0,0,667.7899726332795,0,254.76711657047272,166429068.9883612,0,166429068.9883612,0,0,0
5.5,0,124.2,0,129.10420634920635,0,433.0,0,131.0375885203654,0,1767.1064242601394,0.0072848081588745,0,0.0072848081588745,0,0,0
13.5,0,120.3,0,118.6353452653298,0,302.0,0,85.46693888087698,0,0.3189187526702881,166438032.65472418,0,166438032.65472418,0,0,0
5.5,0,146.7,0,117.69646825396826,0,258.5,0,59.12947405046541,0,37.22862823009491,0.011350393295288,0,0.011350393295288,0,0,0
5.5,0,111.4,0,88.72087301587302,0,161.4,0,35.19929653774824,0,344.0462594032288,0.0179733037948608,0,0.0179733037948608,0,0,0
13.5,0,508.0,0,1081.8538562933456,0,1494.0,0,623.685441176215,0,162.50891506671906,166429021.7659815,0,166429021.7659815,0,0,0
5.5,0,108.1,0,84.50496031746033,0,153.3,0,29.09755165843437,0,44.86192133426666,0.010381007194519,0,0.010381007194519,0,0,0
9.5,0,1123.03,0,1066.9713111425467,0,2327.05,0,706.4583552821551,0,14.839106342792512,83243930.35589595,0,83243930.35589595,0,0,0
13.5,0,71.7,0,108.13533767402188,0,230.0,0,55.15031711118617,0,112.5793628692627,166430299.7187721,0,166430299.7187721,0,0,0
13.5,0,66.6,0,59.73486845971367,0,97.2,0,9.572517735291788,0,36.64627618789673,166430775.0244094,0,166430775.0244094,0,0,0
13.5,0,149.4,0,166.92604406944963,0,348.0,0,121.61927096126924,0,106.2750210762024,166421669.96955043,0,166421669.96955043,0,0,0
13.5,0,265.6,0,129.5605416204023,0,580.0,0,148.11353192373195,0,146.14987683296204,166421665.0071141,0,166421665.0071141,0,0,0
5.5,0,58.0,0,59.93047619047619,0,72.4,0,6.260453630321612,0,0.0115886926651,0.002271294593811,0,0.002271294593811,0,0,0
13.5,0,118.7,0,98.38747343901368,0,356.6,0,83.51945669954503,0,299.4995595932007,166438008.290993,0,166438008.290993,0,0,0
5.5,0,134.8,0,126.56396825396826,0,494.2,0,148.75218218588935,0,0.7823154926300049,0.0061259031295776,0,0.0061259031295776,0,0,0
9.5,0,179.48,0,255.39094818666024,0,869.33,0,255.4394447468801,0,62.300551772117615,83243422.48949714,0,83243422.48949714,0,0,0
13.5,0,137.0,0,91.30140131840984,0,385.3,0,82.56794658932797,0,613.0337412834167,166430610.28883278,0,166430610.28883278,0,0,0
13.5,0,950.5,0,1474.5575855680268,0,2962.0,0,612.7539705845148,0,28.232669949531555,166429833.69785172,0,166429833.69785172,0,0,0
5.5,0,126.6,0,93.63599206349208,0,171.5,0,43.97510896947712,0,317.7116609096527,0.0509899139404296,0,0.0509899139404296,0,0,0
5.5,0,856.3,0,736.4502777777778,0,2151.7,0,818.4686580906789,0,11.930258989334106,0.0012280941009521,0,0.0012280941009521,0,0,0
9.5,0,284.38,0,367.3308833767711,0,1216.59,0,428.1286939897441,0,182.6167162203789,83241531.11099844,0,83241531.11099844,0,0,0
13.5,0,239.4,0,147.0317750571582,0,419.8,0,101.91046470273126,0,471.3629075527191,166421053.204391,0,166421053.204391,0,0,0
5.5,0,71.1,0,67.42845238095238,0,74.3,0,2.6832499441343813,0,33.545994305610655,0.0013589859008789,0,0.0013589859008789,0,0,0
5.5,0,87.9,0,82.90511904761904,0,163.5,0,31.707358195871983,0,0.4135402679443359,1.5974044799804688e-06,0,1.5974044799804688e-06,0,0,0
5.5,0,162.0,0,235.58214285714288,0,497.0,0,138.1393756099915,0,439.3599737644196,0.0306169986724853,0,0.0306169986724853,0,0,0
5.5,0,97.2,0,106.48353174603172,0,266.8,0,73.13192621626101,0,45.24454910755158,0.0272748947143554,0,0.0272748947143554,0,0,0
5.5,0,54.0,0,54.0,0,54.0,0,0.0,0,0.1248924016952514,0.0002243995666503,0,0.0002243995666503,0,0,0
13.5,0,54.0,0,152.44315054742296,0,1494.0,0,357.25944010766057,0,0.0454634428024292,166430264.94823658,0,166430264.94823658,0,0,0
13.5,0,178.2,0,129.0157831173814,0,253.0,0,92.61767960337752,0,0.0073248386383056,166430936.4822511,0,166430936.4822511,0,0,0
5.5,0,58.0,0,57.8,0,64.8,0,3.8469369210004856,0,47.13719158172607,0.0002085924148559,0,0.0002085924148559,0,0,0
9.5,0,116.8,0,124.59006877144184,0,281.21,0,71.30995430495317,0,141.33345986843108,83242906.32648121,0,83242906.32648121,0,0,0
5.5,0,155.2,0,94.60099206349209,0,236.6,0,58.275366481982985,0,37.56504940986633,0.0133800983428955,0,0.0133800983428955,0,0,0
13.5,0,66.0,0,66.0,0,66.0,0,0.0,0,1.2265268325805665,166428816.0165153,0,166428816.0165153,0,0,0
5.5,0,1065.6,0,459.21,0,1494.0,0,560.9563455518677,0,4.676961088180542,0.0019466876983642,0,0.0019466876983642,0,0,0
13.5,0,173.8,0,169.53929029389943,0,792.0,0,195.78485976034145,0,1.7813866853713989,166439364.0071992,0,166439364.0071992,0,0,0
13.5,0,142.0,0,103.51579875147212,0,296.0,0,69.67613432552938,0,92.48385713100431,166430990.40637773,0,166430990.40637773,0,0,0
5.5,0,132.6,0,129.92015873015873,0,249.0,0,64.66609100620477,0,166.32102608680725,0.0184488058090209,0,0.0184488058090209,0,0,0
5.5,0,191.5,0,196.7676587301588,0,386.2,0,119.12292104404408,0,10.577206826210022,0.0083805084228515,0,0.0083805084228515,0,0,0
13.5,0,2238.0,0,846.9112454315549,0,6147.6,0,1505.9999140926398,0,9.76363389492035,166430755.0341273,0,166430755.0341273,0,0,0
5.5,0,57.6,0,57.2284126984127,0,58.0,0,1.3888043677822106,0,0.0037546157836914,0.0005836009979248,0,0.0005836009979248,0,0,0
5.5,0,105.6,0,101.12880952380952,0,181.6,0,49.0387295935946,0,1810.0138150215148,0.0834396123886108,0,0.0834396123886108,0,0,0
13.5,0,113.4,0,91.92736800050656,0,372.4,0,72.89276927409678,0,81.0124656200409,166421784.9428314,0,166421784.9428314,0,0,0
13.5,0,58.0,0,58.0,0,58.0,0,0.0,0,0.0,166428714.83308372,0,166428714.83308372,0,0,0
13.5,0,55.2,0,56.26439597554148,0,58.0,0,1.9571859098015256,0,0.0071124076843261,166421704.79966038,0,166421704.79966038,0,0,0
5.5,0,569.2,0,848.6233333333333,0,1494.0,0,540.6509118463549,0,1.7819118976593018,0.0023880004882812,0,0.0023880004882812,0,0,0
5.5,0,142.8,0,84.22238095238097,0,233.2,0,58.72228205302256,0,26.04433331489563,0.0049268960952758,0,0.0049268960952758,0,0,0
13.5,0,130.0,0,85.51944204831976,0,308.4,0,64.62335693568836,0,13.60003411769867,166430633.4339806,0,166430633.4339806,0,0,0
5.5,0,207.2,0,191.38952380952384,0,729.0,0,224.00706002444485,0,144.60827634334564,0.01960289478302,0,0.01960289478302,0,0,0
9.5,0,107.56,0,104.28030519781218,0,235.75,0,56.61397544577503,0,56.40290450334549,83242160.64551023,0,83242160.64551023,0,0,0
5.5,0,1233.4,0,1851.8442063492064,0,4989.2,0,1563.4159159006433,0,22.65061435699463,0.0008656024932861,0,0.0008656024932861,0,0,0
9.5,0,109.1,0,109.93441048283503,0,275.58,0,66.6332293364549,0,78.82848982572555,83242082.92370136,0,83242082.92370136,0,0,0
9.5,0,879.92,0,798.7661156957936,0,1993.2,0,734.6308338553292,0,1.3318475532531735,83243082.74017207,0,83243082.74017207,0,0,0
5.5,0,130.5,0,134.12146825396826,0,366.0,0,111.52952849769947,0,2.346890664100647,0.0034078121185302,0,0.0034078121185302,0,0,0
13.5,0,54.0,0,54.0,0,54.0,0,0.0,0,0.1087447166442871,166429243.68527,0,166429243.68527,0,0,0
9.5,0,150.27,0,147.69124633480556,0,325.26,0,91.89033349580542,0,153.5125968170166,83243482.98058654,0,83243482.98058654,0,0,0
5.5,0,81.0,0,74.92357142857142,0,129.0,0,28.08551319430768,0,274.0158947467804,0.0248848915100097,0,0.0248848915100097,0,0,0
13.5,0,68.8,0,98.81208271132031,0,262.0,0,61.85246084938408,0,8.715568113327027,166429099.97755188,0,166429099.97755188,0,0,0
13.5,0,54.0,0,54.267508561270176,0,58.0,0,0.9939906279902472,0,0.4700424194335937,166421336.5304398,0,166421336.5304398,0,0,0
5.5,0,429.2,0,165.14904761904762,0,467.4,0,143.4086034568083,0,1729.2180565834046,0.0203521013259887,0,0.0203521013259887,0,0,0
13.5,0,139.9,0,387.89290463664304,0,523.0,0,160.88433408589856,0,25.616389274597168,166430618.36918458,0,166430618.36918458,0,0,0
13.5,0,497.6,0,197.02217472929544,0,1640.0,0,394.1065920217106,0,0.6637394428253174,166438010.8201474,0,166438010.8201474,0,0,0
13.5,0,116.1,0,137.9541495948152,0,345.0,0,101.3277158146678,0,251.31669254302977,166429890.2523934,0,166429890.2523934,0,0,0
5.5,0,124.2,0,105.41428571428573,0,182.4,0,46.27568497325589,0,347.8407226085663,0.0359141111373901,0,0.0359141111373901,0,0,0
5.5,0,96.3,0,84.26079365079364,0,167.2,0,37.51011279078218,0,269.03318717479704,0.0123151063919067,0,0.0123151063919067,0,0,0
5.5,0,57.6,0,56.82841269841269,0,57.6,0,1.3888043677822106,0,0.0086192607879638,0.0002925872802734,0,0.0002925872802734,0,0,0
5.5,0,1708.9,0,2835.0987698412696,0,5858.0,0,1491.0266022204607,0,4.768130493164063,0.0007389783859252,0,0.0007389783859252,0,0,0
13.5,0,238.5,0,189.92785576051057,0,1172.6,0,282.292230046068,0,19.17930839061737,166430890.88246018,0,166430890.88246018,0,0,0
13.5,0,54.0,0,54.0,0,54.0,0,0.0,0,0.0470421314239501,166421052.5930403,0,166421052.5930403,0,0,0
5.5,0,120.7,0,110.4177777777778,0,220.4,0,52.860527870743454,0,1.7277959823608398,0.0171807050704956,0,0.0171807050704956,0,0,0
13.5,0,66.0,0,227.3745395862308,0,1514.0,0,378.0542085906002,0,0.26160888671875,166439295.1885429,0,166439295.1885429,0,0,0
5.5,0,74.2,0,72.79896825396825,0,120.0,0,19.31080800812172,0,139.7756353855133,0.0094033002853393,0,0.0094033002853393,0,0,0
5.5,0,193.0,0,127.98789682539682,0,392.1,0,124.76832562081238,0,203.42211227417,0.0035098075866699,0,0.0035098075866699,0,0,0
5.5,0,935.6,0,1327.0631746031745,0,1514.0,0,306.1341696292576,0,0.0004172563552856,166430871.8273004,0,166430871.8273004,0,0,0
5.5,0,62.8,0,60.881587301587295,0,87.8,0,11.69798780044894,0,8.785427236557007,0.0056732177734375,0,0.0056732177734375,0,0,0
9.5,0,115.25,0,110.5709613894877,0,255.0,0,64.42956124744946,0,282.42849414348603,83241925.12463157,0,83241925.12463157,0,0,0
9.5,0,1757.99,0,1680.2078323031028,0,2744.08,0,672.6637945340698,0,11.32567188501358,83242133.01256098,0,83242133.01256098,0,0,0
13.5,0,58.0,0,58.13375428063508,0,60.0,0,0.4969953139951236,0,0.0,166439170.1762038,0,166439170.1762038,0,0,0
13.5,0,1658.8,0,1097.3648742210662,0,2527.6,0,791.790889875266,0,1.9946367502212523,166430685.2733649,0,166430685.2733649,0,0,0
13.5,0,95.2,0,111.34679960132746,0,441.0,0,102.60215848740395,0,110.81808333396911,166428758.0652056,0,166428758.0652056,0,0,0
5.5,0,2163.9,0,4668.497936507936,0,13098.0,0,4202.293592446591,0,1.6255749940872193,0.0028958082199096,0,0.0028958082199096,0,0,0
5.5,0,68.0,0,61.19619047619047,0,76.4,0,11.402216455865991,0,117.7474380493164,0.0121194839477539,0,0.0121194839477539,0,0,0
5.5,0,157.9,0,108.1234523809524,0,178.2,0,53.75517933406409,0,7.560562348365783,0.0001405954360961,0,0.0001405954360961,0,0,0
13.5,0,54.0,0,55.8725599288912,0,58.0,0,1.962613538850724,0,0.0,166430702.11151356,0,166430702.11151356,0,0,0
5.5,0,58.4,0,58.7715873015873,0,61.6,0,1.3888043677822106,0,0.0302227973937988,0.0005614042282104,0,0.0005614042282104,0,0,0
13.5,0,56.4,0,56.05947622209232,0,58.0,0,1.9881113813168736,0,0.0068241834640502,166421631.9223463,0,166421631.9223463,0,0,0
5.5,0,1370.5,0,1582.781388888889,0,2962.0,0,833.9722780290376,0,13.847172617912292,0.0007135868072509,0,0.0007135868072509,0,0,0
9.5,0,168.9,0,144.6749833181524,0,566.85,0,144.37086583549794,0,228.6671720981598,83241952.42660643,0,83241952.42660643,0,0,0
13.5,0,109.8,0,99.1374730665791,0,441.0,0,99.72606911136356,0,12804.5686542511,166437398.1772697,0,166437398.1772697,0,0,0
5.5,0,125.5,0,125.8165476190476,0,261.6,0,73.55355925700596,0,23.49514963626861,0.0053689002990722,0,0.0053689002990722,0,0,0
9.5,0,435.12,0,474.4413247437117,0,1619.77,0,534.4580509940922,0,123.64317021846772,83241572.13289371,0,83241572.13289371,0,0,0
13.5,0,65.7,0,102.6234855619956,0,230.0,0,56.43492708405704,0,1.3353683233261109,166429074.8052417,0,166429074.8052417,0,0,0
5.5,0,102.7,0,113.19948412698412,0,213.6,0,60.015314696606346,0,134.14628636837006,0.0176813125610351,0,0.0176813125610351,0,0,0
5.5,0,57.6,0,57.43714285714286,0,61.2,0,2.2093090871088927,0,52.255540990829466,0.0032942056655883,0,0.0032942056655883,0,0,0
5.5,0,867.3,0,1322.8123412698412,0,1943.0,0,406.3383195974477,0,4.340892243385315,0.0018632888793945,0,0.0018632888793945,0,0,0
13.5,0,58.0,0,58.0,0,58.0,0,0.0,0,0.0,166428752.589214,0,166428752.589214,0,0,0
13.5,0,55.2,0,54.191131750946,0,55.6,0,0.5085109979516856,0,0.0678223133087158,166421301.6236465,0,166421301.6236465,0,0,0
13.5,0,133.9,0,328.591992278877,0,1661.0,0,504.52602863267896,0,24.828695058822632,166437982.42977187,0,166437982.42977187,0,0,0
13.5,0,70.4,0,59.70587965010566,0,150.4,0,22.429222123357995,0,15.727500915527344,166430687.20018092,0,166430687.20018092,0,0,0
13.5,0,95.5,0,149.30536678319964,0,791.0,0,180.90108962646303,0,84.35301747322083,166438267.11984986,0,166438267.11984986,0,0,0
13.5,0,164.0,0,134.62849272072955,0,273.2,0,68.36162795871971,0,71.38783326148987,166430380.3518042,0,166430380.3518042,0,0,0
5.5,0,110.7,0,120.41412698412698,0,214.3,0,59.75813311184686,0,72.26687536239623,0.0040102005004882,0,0.0040102005004882,0,0,0
5.5,0,101.1,0,107.9167857142857,0,266.8,0,73.2669236320635,0,18.17099480628968,0.017121410369873,0,0.017121410369873,0,0,0
13.5,0,58.0,0,56.39494863237898,0,58.0,0,1.9350867442946025,0,0.0141553163528442,166429071.7969042,0,166429071.7969042,0,0,0
5.5,0,55.6,0,54.922539682539686,0,56.4,0,1.1412312494612056,0,0.0199671268463134,0.0050071954727172,0,0.0050071954727172,0,0,0
9.5,0,118.26,0,107.45499454978284,0,246.02,0,61.49794169431301,0,31.261249096393584,83241956.63235337,0,83241956.63235337,0,0,0
13.5,0,58.0,0,58.0,0,58.0,0,0.0,0,0.0,166421210.42620802,0,166421210.42620802,0,0,0
5.5,0,747.0,0,714.7161904761905,0,1477.2,0,630.418806460747,0,0.02933030128479,0.0025889158248901,0,0.0025889158248901,0,0,0
13.5,0,89.0,0,96.13664967041902,0,345.0,0,96.1072357261394,0,0.4815485000610351,166438051.14980632,0,166438051.14980632,0,0,0
13.5,0,84.1,0,146.18962240889485,0,441.0,0,118.73584218786328,0,1558.5478274345398,166437938.36150616,0,166437938.36150616,0,0,0
5.5,0,171.2,0,110.52928571428572,0,241.2,0,65.98223469156133,0,254.72184073925013,0.0209260940551757,0,0.0209260940551757,0,0,0
13.5,0,1350.6,0,1192.780962458594,0,1494.0,0,580.1633242332556,0,0.9406184434890748,166439294.3830732,0,166439294.3830732,0,0,0
5.5,0,85.6,0,113.91325396825394,0,164.0,0,36.17918805973859,0,689.3133523702621,0.0513221025466918,0,0.0513221025466918,0,0,0
13.5,0,58.0,0,58.0,0,58.0,0,0.0,0,0.0,166437956.9884557,0,166437956.9884557,0,0,0
9.5,0,138.28,0,136.1639017806239,0,309.07,0,87.30775651222231,0,389.2688880634308,83241953.15972938,0,83241953.15972938,0,0,0
5.5,0,58.0,0,58.0,0,58.0,0,0.0,0,0.0,0.0003597974777221,0,0.0003597974777221,0,0,0
13.5,0,114.9,0,107.5999027039352,0,256.1,0,64.25332772070911,0,239.88231291770936,166429803.8157222,0,166429803.8157222,0,0,0
5.5,0,60.4,0,60.89619047619048,0,70.0,0,4.476563463243394,0,0.0600786924362182,0.0002001047134399,0,0.0002001047134399,0,0,0
13.5,0,57.6,0,68.0842450403054,0,230.0,0,43.2330432077614,0,0.0686490297317505,166428991.29925162,0,166428991.29925162,0,0,0
5.5,0,145.3,0,171.57170634920635,0,315.7,0,81.52529406508928,0,36.1503027677536,0.0129392862319946,0,0.0129392862319946,0,0,0
5.5,0,59.6,0,61.04825396825397,0,79.2,0,10.167332363186746,0,105.27229771614074,0.0105891942977905,0,0.0105891942977905,0,0,0
9.5,0,92.0,0,95.65507480324972,0,207.21,0,46.99337495927072,0,594.779382340908,83243365.65288605,0,83243365.65288605,0,0,0
9.5,0,319.27,0,319.1676763702414,0,1516.25,0,471.4662304767783,0,238.756361887455,83241546.16770792,0,83241546.16770792,0,0,0
13.5,0,157.4,0,171.34316624594874,0,790.0,0,213.8772233090908,0,274.2294229269028,166430267.01202017,0,166430267.01202017,0,0,0
13.5,0,223.6,0,149.22929642424998,0,1112.2,0,249.93594087669408,0,160.49534885883332,166430269.5785362,0,166430269.5785362,0,0,0
5.5,0,54.0,0,54.0,0,54.0,0,0.0,0,0.6426591157913208,0.0009165048599243,0,0.0009165048599243,0,0,0
5.5,0,96.2,0,77.50984126984127,0,104.4,0,10.7418767420444,0,31.33944361209869,0.0109807014465332,0,0.0109807014465332,0,0,0
9.5,0,109.3,0,111.1927991713309,0,249.81,0,66.1885378879862,0,370.5361057853699,83243962.17531575,0,83243962.17531575,0,0,0
5.5,0,491.9,0,478.0109126984127,0,508.3,0,24.26642809730385,0,1200.102802491188,6.103515625e-06,0,6.103515625e-06,0,0,0
5.5,0,113.2,0,148.97333333333333,0,252.4,0,73.78418151157932,0,73.97355692386627,0.022998309135437,0,0.022998309135437,0,0,0
9.5,0,180.99,0,175.66085457975976,0,578.92,0,157.44906406348332,0,262.5272098588944,83243303.96913977,0,83243303.96913977,0,0,0
9.5,0,301.85,0,245.8971228620021,0,883.69,0,288.13745941604344,0,57.51865099191666,83241601.77838223,0,83241601.77838223,0,0,0
13.5,0,109.8,0,132.55451213732948,0,441.0,0,108.54831415081374,0,67.0561733007431,166430433.7295774,0,166430433.7295774,0,0,0
5.5,0,58.2,0,58.58579365079365,0,60.0,0,0.6944021838911053,0,0.0,0.0010668992996215,0,0.0010668992996215,0,0,0
5.5,0,101.8,0,97.04999999999998,0,183.6,0,43.21626738458462,0,210.7402643918991,0.0130014181137084,0,0.0130014181137084,0,0,0
13.5,0,58.0,0,58.0,0,58.0,0,0.0,0,0.0,166438100.098065,0,166438100.098065,0,0,0
5.5,0,106.8,0,85.6920634920635,0,130.3,0,23.850641570948987,0,20.170821738243102,0.0056580066680908,0,0.0056580066680908,0,0,0
13.5,0,71.2,0,91.76585767302872,0,214.0,0,63.12684281464168,0,702.999491739273,166421868.3832525,0,166421868.3832525,0,0,0
5.5,0,96.1,0,84.9395634920635,0,173.1,0,37.70842832551601,0,5.42155077457428,0.0063796997070312,0,0.0063796997070312,0,0,0
5.5,0,657.3,0,476.83849206349214,0,1779.6,0,626.7922935366014,0,40.28832786083221,0.0020021200180053,0,0.0020021200180053,0,0,0
13.5,0,68.4,0,260.9046502568639,0,2922.0,0,708.6837239091113,0,3.9786394834518433,166430373.5538174,0,166430373.5538174,0,0,0
9.5,0,144.4,0,142.796883636874,0,318.82,0,88.92062271902188,0,247.2635102725029,83242232.67404069,0,83242232.67404069,0,0,0
9.5,0,97.66,0,97.6330218462738,0,234.81,0,56.1010058621259,0,0.1587112092971802,83243527.47185543,0,83243527.47185543,0,0,0
5.5,0,548.1,0,568.8926190476191,0,1224.8,0,551.6251913639127,0,7.983628487586975,0.0016668081283569,0,0.0016668081283569,0,0,0
5.5,0,587.1,0,994.1441666666668,0,1514.0,0,497.4487092135719,0,78.90497229099273,0.0058258056640625,0,0.0058258056640625,0,0,0
13.5,0,74.0,0,70.89366047265429,0,147.8,0,21.07531459382468,0,70.06543772220611,166430265.05573508,0,166430265.05573508,0,0,0
5.5,0,83.0,0,92.8138888888889,0,136.0,0,22.957216955906155,0,19.700114917755126,0.0073252201080322,0,0.0073252201080322,0,0,0
13.5,0,84.7,0,94.08711896892235,0,253.0,0,63.66888321135224,0,0.999684476852417,166429142.3365652,0,166429142.3365652,0,0,0
9.5,0,143.36,0,159.04105566488036,0,808.47,0,219.21403294729697,0,208.08173682928089,83241812.26368095,0,83241812.26368095,0,0,0
5.5,0,110.4,0,82.62063492063491,0,158.0,0,41.56544304066805,0,51182.92677052021,0.0095001220703125,0,0.0095001220703125,0,0,0
13.5,0,58.2,0,55.67594412897044,0,59.4,0,2.022542328075789,0,0.0,166428751.2153918,0,166428751.2153918,0,0,0
5.5,0,54.0,0,54.0,0,54.0,0,0.0,0,0.6952581167221069,0.0005897998809814,0,0.0005897998809814,0,0,0
13.5,0,55.2,0,56.10837625223074,0,58.0,0,1.9892924030770551,0,0.0922468662261963,166421335.61414778,0,166421335.61414778,0,0,0
5.5,0,114.2,0,84.55888888888889,0,136.0,0,25.914605871489584,0,2.6795098781585693,0.0088603973388671,0,0.0088603973388671,0,0,0
13.5,0,143.6,0,518.9781125264483,0,2962.0,0,814.9356584112212,0,82.56586380004883,166430229.4419942,0,166430229.4419942,0,0,0
5.5,0,58.0,0,58.12428571428571,0,67.6,0,4.217864548452929,0,0.0056924819946289,0.0045422077178955,0,0.0045422077178955,0,0,0
5.5,0,57.0,0,57.126428571428576,0,60.2,0,2.161597692695993,0,0.02271728515625,0.0147701978683471,0,0.0147701978683471,0,0,0
13.5,0,105.8,0,101.61348660412514,0,207.8,0,47.64917103297931,0,17.043511199951173,166439324.53687233,0,166439324.53687233,0,0,0
13.5,0,270.0,0,169.18116962371994,0,680.0,0,166.92098030457262,0,55.13823938369751,166428950.0410099,0,166428950.0410099,0,0,0
13.5,0,89.8,0,120.15895577977236,0,230.0,0,62.86999173519814,0,51.7413545370102,166421710.23166,0,166421710.23166,0,0,0
5.5,0,560.1,0,1405.9533333333334,0,4410.0,0,1470.8216408714138,0,75.3841370344162,0.006603717803955,0,0.006603717803955,0,0,0
13.5,0,62.8,0,87.8050496188538,0,218.0,0,55.20849475361687,0,287.36063396930695,166438071.2271215,0,166438071.2271215,0,0,0
5.5,0,156.8,0,165.6122222222222,0,365.8,0,115.21554557378964,0,322.2430421113968,0.0124994993209838,0,0.0124994993209838,0,0,0
13.5,0,60.8,0,59.21108523399543,0,68.8,0,3.1717703460350086,0,0.0386437892913818,166421124.7760762,0,166421124.7760762,0,0,0
5.5,0,89.6,0,80.1704761904762,0,138.4,0,22.95391002141551,0,207.4320977687836,0.0088629007339477,0,0.0088629007339477,0,0,0
5.5,0,58.8,0,58.26888888888889,0,60.4,0,0.7559908755283427,0,0.0370747804641723,0.0002041101455688,0,0.0002041101455688,0,0,0
5.5,0,100.2,0,75.66531746031745,0,121.8,0,22.102074578021018,0,96.22613980770112,0.0587140083312988,0,0.0587140083312988,0,0,0
13.5,0,84.3,0,95.30806019401994,0,317.0,0,67.63042254977928,0,54.52808396816253,166430685.6991044,0,166430685.6991044,0,0,0
13.5,0,54.0,0,54.0,0,54.0,0,0.0,0,0.1727833032608032,166421248.1474077,0,166421248.1474077,0,0,0
5.5,0,834.6,0,364.375634920635,0,834.6,0,335.43194633987537,0,45.42261927127838,0.0043710947036743,0,0.0043710947036743,0,0,0
5.5,0,99.8,0,108.89468253968256,0,213.0,0,65.62682975276981,0,217.13821079730988,0.0110620021820068,0,0.0110620021820068,0,0,0
13.5,0,83.9,0,107.94046493066617,0,441.0,0,98.09331944316794,0,214.95189561843875,166438011.62304038,0,166438011.62304038,0,0,0
13.5,0,58.0,0,75.19934745509049,0,204.0,0,41.97092438754167,0,606.5246422767639,166421595.0275273,0,166421595.0275273,0,0,0
13.5,0,112.5,0,95.49430765441988,0,250.8,0,54.29325647695431,0,118.4082993030548,166437983.6607622,0,166437983.6607622,0,0,0
9.5,0,127.21,0,122.84760998147878,0,282.03,0,71.17962654222504,0,117.89842875957488,83241828.32438105,0,83241828.32438105,0,0,0
5.5,0,56.0,0,54.4436507936508,0,59.6,0,3.4009939756832344,0,292.95503463745115,0.0103800058364868,0,0.0103800058364868,0,0,0
13.5,0,88.6,0,84.5734963449863,0,261.0,0,50.50212525189848,0,0.0058051824569702,166421592.7193511,0,166421592.7193511,0,0,0
13.5,0,1240.9,0,749.7622172654486,0,1514.0,0,683.176109797744,0,33.21236491203308,166429079.5297651,0,166429079.5297651,0,0,0
5.5,0,58.0,0,58.0,0,58.0,0,0.0,0,0.0,0.0001212835311889,0,0.0001212835311889,0,0,0
13.5,0,672.2,0,452.3771201257463,0,3116.8,0,972.307679317024,0,36.05111858844757,166430952.72303388,0,166430952.72303388,0,0,0
13.5,0,113.5,0,788.15955210682,0,2962.0,0,1006.3310099719872,0,24.773986673355104,166430885.8695317,0,166430885.8695317,0,0,0
5.5,0,54.8,0,55.9431746031746,0,58.0,0,1.453285341250037,0,0.0020370721817016,1.2612342834472656e-05,0,1.2612342834472656e-05,0,0,0
5.5,0,86.8,0,82.18896825396826,0,139.6,0,28.28904206676257,0,393.00950558185576,0.0577386856079101,0,0.0577386856079101,0,0,0
5.5,0,70.2,0,73.55619047619048,0,116.5,0,23.995670251220687,0,666.500337600708,0.0102474927902221,0,0.0102474927902221,0,0,0
5.5,0,56.8,0,57.48063492063492,0,63.6,0,3.126064001413526,0,0.0442917823791503,0.0018149137496948,0,0.0018149137496948,0,0,0
9.5,0,218.32,0,201.7025235955565,0,877.54,0,228.82945255640195,0,65.89627701997757,83243097.67131534,0,83243097.67131534,0,0,0
13.5,0,876.9,0,412.4776041901854,0,1704.4,0,565.4081034905828,0,155.17123062610625,166430689.07457098,0,166430689.07457098,0,0,0
5.5,0,1223.8,0,631.3267460317461,0,2382.8,0,766.8877183895585,0,1.399459147453308,0.0027395009994506,0,0.0027395009994506,0,0,0
13.5,0,1137.1,0,1341.0720402713905,0,1514.0,0,433.81210855207945,0,53.35529019832611,166430815.2828384,0,166430815.2828384,0,0,0
13.5,0,143.9,0,142.72378172266332,0,345.0,0,111.75904056819265,0,121.80180008411408,166438231.29573232,0,166438231.29573232,0,0,0
5.5,0,58.0,0,58.0,0,58.0,0,0.0,0,0.0,5.316734313964844e-06,0,5.316734313964844e-06,0,0,0
5.5,0,66.0,0,66.0,0,66.0,0,0.0,0,2.345428395271301,0.0011148929595947,0,0.0011148929595947,0,0,0
13.5,0,98.0,0,103.87757098938214,0,306.7,0,67.35920547019974,0,4.2217893362045285,166421102.38155952,0,166421102.38155952,0,0,0
5.5,0,215.9,0,91.34845238095238,0,256.4,0,61.41825534359831,0,25.75213167667389,0.0043084144592285,0,0.0043084144592285,0,0,0
9.5,0,128.26,0,124.72443837620928,0,321.67,0,90.17550873372711,0,260.2987871026993,83243113.08376932,0,83243113.08376932,0,0,0
5.5,0,54.0,0,54.0,0,54.0,0,0.0,0,0.0484836101531982,2.09808349609375e-06,0,2.09808349609375e-06,0,0,0
13.5,0,520.9,0,1190.473948682037,0,1494.0,0,519.4840790455116,0,329.56480183601377,166439292.7886399,0,166439292.7886399,0,0,0
9.5,0,112.21,0,96.85148386069557,0,227.71,0,49.13485656237048,0,359.9232044506073,83244069.20863317,0,83244069.20863317,0,0,0
13.5,0,104.9,0,191.7268811163896,0,1321.0,0,309.17061194812123,0,25.67092971801758,166430338.54802468,0,166430338.54802468,0,0,0
13.5,0,58.0,0,58.0,0,58.0,0,0.0,0,0.0,166421173.7026656,0,166421173.7026656,0,0,0
9.5,0,308.66,0,327.1228709163214,0,1109.03,0,370.08169841797263,0,102.84051141977312,83241542.79802327,0,83241542.79802327,0,0,0
13.5,0,934.8,0,860.743874821429,0,1514.0,0,717.7965459161967,0,26.366685342788696,166429079.269366,0,166429079.269366,0,0,0
5.5,0,115.7,0,191.34876984126984,0,441.0,0,125.35225105827332,0,1965.130220746994,0.0126196146011352,0,0.0126196146011352,0,0,0
5.5,0,83.2,0,89.16277777777779,0,163.6,0,33.24598758441412,0,191.2033640861511,0.0113883018493652,0,0.0113883018493652,0,0,0
13.5,0,58.0,0,57.46498287745966,0,58.0,0,1.3532424383706476,0,0.0,166428645.3870904,0,166428645.3870904,0,0,0
13.5,0,1224.4,0,342.3740636328755,0,1849.2,0,545.555964450713,0,10.627986001968384,166439360.76416463,0,166439360.76416463,0,0,0
13.5,0,128.5,0,97.1567789743796,0,226.8,0,60.870932712047946,0,314.00287172794344,166439275.698517,0,166439275.698517,0,0,0
13.5,0,57.6,0,71.34400481355588,0,262.0,0,50.94604728556872,0,0.0223636865615844,166421759.3444497,0,166421759.3444497,0,0,0
9.5,0,100.94,0,100.85470069541742,0,263.89,0,60.46636074046438,0,105.36161067724228,83243078.19844088,0,83243078.19844088,0,0,0
5.5,0,58.0,0,58.0,0,58.0,0,0.0,0,0.0,3.831386566162109e-05,0,3.831386566162109e-05,0,0,0
5.5,0,81.3,0,89.91293650793651,0,123.0,0,21.567997980123373,0,108.05658421516418,0.0069833040237426,0,0.0069833040237426,0,0,0
5.5,0,445.1,0,821.0061507936509,0,1514.0,0,493.436338647743,0,24.06718451976776,0.0018896102905273,0,0.0018896102905273,0,0,0
5.5,0,100.4,0,139.40984126984125,0,262.0,0,77.97599772304113,0,327.32216639518737,0.0126054048538208,0,0.0126054048538208,0,0,0
13.5,0,934.8,0,814.0579105242883,0,1514.0,0,719.6373990830548,0,1.4584758043289183,166429129.0703571,0,166429129.0703571,0,0,0
5.5,0,904.9,0,1588.0799603174603,0,2817.2,0,921.7815497289575,0,75.9463032245636,0.0010782003402709,0,0.0010782003402709,0,0,0
13.5,0,123.8,0,94.5007550533402,0,345.0,0,82.953879054682,0,348.57740635871886,166428806.7120123,0,166428806.7120123,0,0,0
5.5,0,56.0,0,55.62206349206349,0,58.0,0,1.6439504334646888,0,0.0053930282592773,0.0007192850112915,0,0.0007192850112915,0,0,0
9.5,0,101.15,0,106.99473811113208,0,236.15,0,57.102356770260975,0,133.62671259641647,83242766.15942056,0,83242766.15942056,0,0,0
5.5,0,63.2,0,59.77126984126985,0,66.8,0,4.669414170803998,0,82.950124335289,0.0047543048858642,0,0.0047543048858642,0,0,0
13.5,0,95.6,0,75.1713990034733,0,200.4,0,42.211249741127325,0,0.5212986946105957,166430355.299766,0,166430355.299766,0,0,0
9.5,0,421.96,0,534.0261116490149,0,1758.77,0,578.7007014812111,0,149.45062378406524,83241738.8002307,0,83241738.8002307,0,0,0
5.5,0,66.8,0,66.67650793650793,0,70.8,0,1.6540749574178206,0,0.3693361282348633,0.0004348993301391,0,0.0004348993301391,0,0,0
13.5,0,58.0,0,55.32491438729828,0,58.0,0,1.790851267620394,0,0.0,166421303.02798408,0,166421303.02798408,0,0,0
5.5,0,1957.4,0,1712.2245238095238,0,3260.6,0,1201.4162629197824,0,13.380242276191712,0.000360107421875,0,0.000360107421875,0,0,0
13.5,0,1350.6,0,807.083432840809,0,1494.0,0,695.4718248366497,0,1.4736020803451535,166421334.2922035,0,166421334.2922035,0,0,0
13.5,0,67.4,0,102.53915294715604,0,230.0,0,55.74754644816934,0,76.63875532150269,166429135.66781938,0,166429135.66781938,0,0,0
13.5,0,143.4,0,485.60269606941046,0,2954.0,0,792.3314137878153,0,6419.911357593536,166437414.216072,0,166437414.216072,0,0,0
9.5,0,132.37,0,152.43876110709894,0,590.03,0,173.66922611997066,0,10147.43768941164,83241145.66055715,0,83241145.66055715,0,0,0
5.5,0,778.8,0,851.2419047619047,0,1494.0,0,552.6972284266359,0,0.8434743881225586,0.0068320989608764,0,0.0068320989608764,0,0,0
13.5,0,66.0,0,1845.8013352707665,0,4410.0,0,1916.073136415464,0,0.9983834743499757,166429031.24056402,0,166429031.24056402,0,0,0
9.5,0,862.16,0,968.7523007623614,0,2342.32,0,840.523278515271,0,0.2979615449905395,83243082.2151829,0,83243082.2151829,0,0,0
13.5,0,109.7,0,90.45494880678318,0,187.8,0,39.75993746106836,0,41.44472110271454,166439329.1610592,0,166439329.1610592,0,0,0
13.5,0,1725.7,0,707.4214418192746,0,6193.2,0,1762.3033111185182,0,37.162194061279294,166430811.3986229,0,166430811.3986229,0,0,0
5.5,0,58.0,0,58.0,0,58.0,0,0.0,0,0.0,3.6001205444335937e-06,0,3.6001205444335937e-06,0,0,0
5.5,0,142.5,0,198.92107142857145,0,317.0,0,77.58661874961922,0,141.08238875865936,0.0100807905197143,0,0.0100807905197143,0,0,0
5.5,0,89.2,0,99.47706349206352,0,200.7,0,47.01097407187935,0,257.79868772029874,0.0032774209976196,0,0.0032774209976196,0,0,0
9.5,0,106.28,0,105.9076942963727,0,220.62,0,52.86866994714936,0,46.47215784072876,83240291.91760276,0,83240291.91760276,0,0,0
13.5,0,471.1,0,215.3026544972056,0,1084.8,0,300.35946120510687,0,89.33999018669128,166429134.3442428,0,166429134.3442428,0,0,0
13.5,0,201.6,0,835.754628950341,0,2962.0,0,886.9177406428228,0,1.1463342905044556,166430755.20258683,0,166430755.20258683,0,0,0
13.5,0,67.2,0,938.2258139761856,0,3322.0,0,1300.8497185534557,0,0.2498000860214233,166429007.28932,0,166429007.28932,0,0,0
13.5,0,71.6,0,58.76614739233935,0,89.2,0,8.126383215494917,0,1.134968113899231,166421098.9521007,0,166421098.9521007,0,0,0
9.5,0,89.17,0,90.10464715246916,0,207.91,0,55.77663082795272,0,316.90356833457946,83244278.41517831,0,83244278.41517831,0,0,0
13.5,0,151.6,0,129.9936272469361,0,349.8,0,94.08883461967822,0,21.89757509231568,166439387.59443682,0,166439387.59443682,0,0,0
5.5,0,54.0,0,54.0,0,54.0,0,0.0,0,0.0988799810409545,4.179477691650391e-05,0,4.179477691650391e-05,0,0,0
13.5,0,54.0,0,54.0,0,54.0,0,0.0,0,0.1441726446151733,166439310.7198675,0,166439310.7198675,0,0,0
9.5,0,149.64,0,128.95494292291812,0,304.2,0,76.87041628004945,0,322.46035092115403,83242594.99491784,0,83242594.99491784,0,0,0
5.5,0,89.1,0,82.0272619047619,0,118.5,0,25.79720604088727,0,26.35237295627594,0.0086003065109252,0,0.0086003065109252,0,0,0
5.5,0,54.6,0,54.85738095238096,0,58.8,0,1.7832065516733162,0,0.8429603099822998,0.0023321866989135,0,0.0023321866989135,0,0,0
13.5,0,54.0,0,54.267508561270176,0,58.0,0,0.9939906279902472,0,0.030333924293518,166421125.11363032,0,166421125.11363032,0,0,0
13.5,0,73.2,0,65.14470998256988,0,98.8,0,15.6187003168464,0,1081.381256532669,166421910.1617484,0,166421910.1617484,0,0,0
9.5,0,122.16,0,131.82196839941963,0,316.35,0,84.31197766790864,0,187.58722358465195,83243608.33203246,0,83243608.33203246,0,0,0
13.5,0,58.0,0,58.0,0,58.0,0,0.0,0,0.0,166437994.1010532,0,166437994.1010532,0,0,0
5.5,0,107.7,0,130.76666666666668,0,222.6,0,52.20964096826115,0,20.085803294181822,0.0148622035980224,0,0.0148622035980224,0,0,0
5.5,0,54.0,0,54.0,0,54.0,0,0.0,0,0.007117223739624,0.0007345914840698,0,0.0007345914840698,0,0,0
13.5,0,2019.6,0,838.7674430703457,0,3014.4,0,1244.8990879337143,0,0.0524744033813476,166421318.23357198,0,166421318.23357198,0,0,0
13.5,0,58.0,0,58.0,0,58.0,0,0.0,0,0.0,166429849.73103932,0,166429849.73103932,0,0,0
5.5,0,58.0,0,58.0,0,58.0,0,0.0,0,0.0,3.314018249511719e-06,0,3.314018249511719e-06,0,0,0
9.5,0,432.32,0,467.65502200955234,0,1261.77,0,482.3220509355037,0,389.598740670681,83242638.07099122,0,83242638.07099122,0,0,0
5.5,0,695.9,0,1429.8521031746034,0,2962.0,0,843.2510925949489,0,9.785843086242677,0.0098251104354858,0,0.0098251104354858,0,0,0
5.5,0,57.6,0,55.28142857142857,0,62.4,0,2.832363727985848,0,31.09337291717529,0.0008347988128662,0,0.0008347988128662,0,0,0
13.5,0,66.0,0,71.35017122540343,0,74.0,0,3.581702535240788,0,0.033668828010559,166429130.2573517,0,166429130.2573517,0,0,0
5.5,0,148.7,0,108.38174603174602,0,220.3,0,58.45393401615864,0,39.18818004131317,0.022062611579895,0,0.022062611579895,0,0,0
13.5,0,658.0,0,431.0817408271124,0,1494.0,0,602.3225519712782,0,11.761764883995056,166430981.6546835,0,166430981.6546835,0,0,0
5.5,0,54.4,0,54.04,0,54.4,0,0.12,0,0.007996129989624,0.0001173019409179,0,0.0001173019409179,0,0,0
5.5,0,129.2,0,123.12083333333332,0,208.6,0,54.16363725013117,0,344.3553043365479,0.0232286930084228,0,0.0232286930084228,0,0,0
13.5,0,393.2,0,350.6070801579741,0,3322.0,0,862.6939924160328,0,0.0414946556091308,166438109.81348982,0,166438109.81348982,0,0,0
5.5,0,61.4,0,65.16849206349207,0,75.1,0,7.00215503433305,0,125.1796152830124,0.0083367824554443,0,0.0083367824554443,0,0,0
13.5,0,56.0,0,56.036774520629,0,58.0,0,1.995942133138864,0,0.0130258083343505,166421720.75161543,0,166421720.75161543,0,0,0
5.5,0,484.7,0,474.1111507936509,0,508.2,0,27.74546072907457,0,359.9431851148605,0.0106036186218261,0,0.0106036186218261,0,0,0
13.5,0,58.0,0,58.0,0,58.0,0,0.0,0,0.0,166438172.7997774,0,166438172.7997774,0,0,0
5.5,0,1658.8,0,1486.8212698412697,0,2527.6,0,773.4609019841323,0,16.90656156539917,0.0022716999053955,0,0.0022716999053955,0,0,0
13.5,0,56.8,0,61.13186190615371,0,123.0,0,16.74393873998759,0,72.03821108341216,166428896.7080048,0,166428896.7080048,0,0,0
13.5,0,117.2,0,93.59045736470271,0,240.6,0,57.18750015735477,0,11.10644233226776,166430741.81017238,0,166430741.81017238,0,0,0
13.5,0,79.2,0,75.83398214101001,0,235.6,0,48.12437459533877,0,0.0474236011505126,166421871.6302054,0,166421871.6302054,0,0,0
13.5,0,201.2,0,107.31511820824514,0,931.6,0,204.28043374817696,0,8.353637838363648,166430719.33205813,0,166430719.33205813,0,0,0
5.5,0,55.2,0,54.2588888888889,0,55.2,0,0.4818864772080827,0,0.1702011108398437,0.0026227951049804,0,0.0026227951049804,0,0,0
5.5,0,58.0,0,58.0,0,58.0,0,0.0,0,0.0,0.0001519918441772,0,0.0001519918441772,0,0,0
5.5,0,73.2,0,66.64904761904764,0,143.2,0,29.64657405897252,0,26.005801177024843,0.0041451930999755,0,0.0041451930999755,0,0,0
9.5,0,126.4,0,145.9252301784902,0,377.61,0,104.78382818539656,0,80.23777478933334,83243869.96074337,0,83243869.96074337,0,0,0
9.5,0,100.82,0,95.57245636716225,0,190.12,0,44.86922275316586,0,29.932264194488525,83244320.19174919,0,83244320.19174919,0,0,0
13.5,0,57.2,0,54.82626090112158,0,57.2,0,1.3394932483435598,0,0.0082939863204956,166421212.86242312,0,166421212.86242312,0,0,0
5.5,0,66.0,0,66.0,0,66.0,0,0.0,0,0.0166373252868652,2.09808349609375e-06,0,2.09808349609375e-06,0,0,0
13.5,0,436.8,0,222.58524176846544,0,2350.8,0,548.7855552738063,0,0.5147071599960327,166430373.05142698,0,166430373.05142698,0,0,0
13.5,0,109.0,0,104.26115395010906,0,441.0,0,101.2668161645562,0,254.84453077316283,166421183.3292417,0,166421183.3292417,0,0,0
9.5,0,117.83,0,119.66398065414978,0,304.99,0,76.78049221881342,0,58.39487680196762,83243002.4970869,0,83243002.4970869,0,0,0
13.5,0,122.1,0,79.16879537645016,0,154.3,0,24.26327866872702,0,0.3585349798202514,166437965.8195017,0,166437965.8195017,0,0,0
9.5,0,113.82,0,101.61390749738736,0,246.47,0,56.63716267935041,0,51.912718770504,83243818.39037131,0,83243818.39037131,0,0,0
13.5,0,64.2,0,67.88670012177364,0,97.0,0,7.815386675151188,0,0.717214035987854,166437398.7050637,0,166437398.7050637,0,0,0
5.5,0,88.0,0,82.78396825396825,0,116.4,0,15.893117944812474,0,25.55270907878876,0.0251175165176391,0,0.0251175165176391,0,0,0
5.5,0,54.8,0,54.21888888888888,0,55.2,0,0.4585834494098491,0,0.5113584280014039,0.000559115409851,0,0.000559115409851,0,0,0
5.5,0,796.8,0,1199.2300793650793,0,2682.6,0,1155.7948647769613,0,3.518729591369629,0.0119889974594116,0,0.0119889974594116,0,0,0
13.5,0,62.0,0,143.8782213499435,0,1115.0,0,260.83914175848105,0,0.0047032117843627,166430845.4097018,0,166430845.4097018,0,0,0
5.5,0,58.0,0,58.0,0,58.0,0,0.0,0,0.0,4.699230194091797e-05,0,4.699230194091797e-05,0,0,0
13.5,0,220.1,0,181.35248082327027,0,980.2,0,228.7698547869415,0,1.8661826610565184,166438171.2210665,0,166438171.2210665,0,0,0
5.5,0,100.9,0,81.21599206349207,0,166.4,0,32.874290067532435,0,62.10895147323608,0.0124118089675903,0,0.0124118089675903,0,0,0
5.5,0,66.0,0,66.0,0,66.0,0,0.0,0,0.4384608030319213,1.71661376953125e-06,0,1.71661376953125e-06,0,0,0
5.5,0,58.0,0,58.0,0,58.0,0,0.0,0,0.0,4.570484161376953e-05,0,4.570484161376953e-05,0,0,0
5.5,0,1132.8,0,1244.568611111111,0,1514.0,0,434.5018066837487,0,14.472943305969238,0.0005527019500732,0,0.0005527019500732,0,0,0
5.5,0,54.8,0,54.77650793650794,0,56.8,0,1.237928613690512,0,0.0599097728729248,0.0009034156799316,0,0.0009034156799316,0,0,0
5.5,0,97.2,0,104.23880952380952,0,224.4,0,58.85359981065609,0,107.20485758781432,0.0166332006454467,0,0.0166332006454467,0,0,0
13.5,0,67.1,0,72.75459117207183,0,156.0,0,22.331680054341938,0,2.105830359458923,166429235.2528337,0,166429235.2528337,0,0,0
5.5,0,138.5,0,140.65579365079367,0,216.1,0,65.49191542762688,0,667.069658112526,0.0024562835693359,0,0.0024562835693359,0,0,0
5.5,0,187.8,0,90.8926984126984,0,316.0,0,78.72755522325971,0,5.838048887252808,0.0042953968048095,0,0.0042953968048095,0,0,0
13.5,0,100.8,0,187.27152183686627,0,718.0,0,215.5858700404568,0,225.5697363376617,166428812.6102479,0,166428812.6102479,0,0,0
5.5,0,57.2,0,56.7884126984127,0,57.6,0,1.4288043677822106,0,0.0020820617675781,0.0004878997802734,0,0.0004878997802734,0,0,0
5.5,0,74.4,0,81.60333333333332,0,146.4,0,32.041677734689145,0,18.923515105247496,0.0113131046295166,0,0.0113131046295166,0,0,0
5.5,0,58.0,0,58.0,0,58.0,0,0.0,0,0.0,4.00543212890625e-06,0,4.00543212890625e-06,0,0,0
5.5,0,115.6,0,188.8626984126984,0,441.0,0,125.44683361384946,0,55.42098033428192,0.0154556989669799,0,0.0154556989669799,0,0,0
13.5,0,69.8,0,210.49175042965288,0,1514.0,0,376.2514222306061,0,33.32775149345398,166430370.92473,0,166430370.92473,0,0,0
5.5,0,198.5,0,178.09789682539682,0,234.3,0,77.05807532704753,0,0.8059372901916504,1.5020370483398435e-06,0,1.5020370483398435e-06,0,0,0
5.5,0,60.4,0,63.4295238095238,0,73.2,0,5.15263711135275,0,0.0267554283142089,0.0007462978363037,0,0.0007462978363037,0,0,0
9.5,0,165.92,0,167.80661815184297,0,666.02,0,182.1701317147174,0,299.1326960849762,83242048.35570681,0,83242048.35570681,0,0,0
9.5,0,106.5,0,107.754542239752,0,299.11,0,73.25804711448293,0,124.49760818719864,83242627.4680704,0,83242627.4680704,0,0,0
13.5,0,58.0,0,58.0,0,58.0,0,0.0,0,0.0,166430740.65839642,0,166430740.65839642,0,0,0
13.5,0,827.0,0,434.87632809141326,0,1514.0,0,611.4502032472633,0,52.77424490451813,166430319.0731335,0,166430319.0731335,0,0,0
5.5,0,58.0,0,58.0,0,58.0,0,0.0,0,0.0,2.181529998779297e-05,0,2.181529998779297e-05,0,0,0
13.5,0,58.0,0,58.0,0,58.0,0,0.0,0,0.0,166421098.8733071,0,166421098.8733071,0,0,0
5.5,0,68.4,0,71.02952380952381,0,74.0,0,2.665253854653433,0,0.032348084449768,0.0013889074325561,0,0.0013889074325561,0,0,0
13.5,0,395.1,0,126.33779411678792,0,591.6,0,136.55506190511065,0,84.04482142925262,166430867.7208793,0,166430867.7208793,0,0,0
9.5,0,92.19,0,94.8203247094323,0,215.37,0,51.00766755867868,0,39.52791644573212,83242338.15872125,0,83242338.15872125,0,0,0
5.5,0,125.8,0,152.87587301587303,0,446.6,0,145.65608489566105,0,173.71346764564515,0.0226402044296264,0,0.0226402044296264,0,0,0
9.5,0,127.37,0,132.8993120912885,0,423.54,0,102.87380419313382,0,432.6665489053726,83243641.4338718,0,83243641.4338718,0,0,0
5.5,0,121.3,0,142.37285714285716,0,403.5,0,129.5798782998265,0,91.133855676651,23.99286570549011,0,23.99286570549011,0,0,0
13.5,0,790.7,0,1009.779765303496,0,2962.0,0,865.3892504173976,0,1.6506670475006104,166429858.3672683,0,166429858.3672683,0,0,0
9.5,0,114.78,0,116.2862472426954,0,242.85,0,64.47352265675619,0,22.20387288093567,83243705.89442585,0,83243705.89442585,0,0,0
8.88679245283019,0,1198.6037735849056,0,1134.66996982903,0,1672.7169811320755,0,595.8025877130049,0,2.214676650065296,62824968.26447664,0,62824968.26447664,0,0,0
9.5,0,200.25,0,187.19521855449327,0,822.59,0,254.7359974703029,0,223.2787954068184,83243408.76853989,0,83243408.76853989,0,0,0
5.5,0,66.0,0,66.0,0,66.0,0,0.0,0,0.9579689741134644,1.5974044799804688e-06,0,1.5974044799804688e-06,0,0,0
13.5,0,58.0,0,58.0,0,58.0,0,0.0,0,0.0,166430337.0584323,0,166430337.0584323,0,0,0
13.5,0,54.0,0,80.55022470606448,0,262.0,0,62.28590417348475,0,0.3397930145263672,166428993.32542282,0,166428993.32542282,0,0,0
5.5,0,87.9,0,80.53123015873017,0,96.6,0,9.982226653595214,0,23.72462332248688,0.0317939043045043,0,0.0317939043045043,0,0,0
13.5,0,136.8,0,125.48353894342672,0,230.0,0,65.9406932160895,0,231.44568157196045,166421736.3107637,0,166421736.3107637,0,0,0
13.5,0,66.0,0,87.33380776129614,0,323.0,0,63.73158499134296,0,9.242919445037842,166430837.41007823,0,166430837.41007823,0,0,0
13.5,0,122.6,0,380.987179048162,0,519.0,0,149.36757354011078,0,3.539068412780762,166430942.39840332,0,166430942.39840332,0,0,0
9.5,0,73.02,0,78.78532281263628,0,174.08,0,38.73964867505592,0,217.3816588640213,83242519.418405,0,83242519.418405,0,0,0
5.5,0,1541.3,0,1851.9061507936503,0,6833.0,0,2077.6346591409088,0,10.63930721282959,0.0065022945404052,0,0.0065022945404052,0,0,0
13.5,0,508.8,0,123.01189340157607,0,626.4,0,166.52300825545043,0,55.86322202682495,166430719.1101351,0,166430719.1101351,0,0,0
5.5,0,69.4,0,70.8215873015873,0,84.0,0,6.975636708298178,0,4.2009227752685545,0.0176536083221435,0,0.0176536083221435,0,0,0
5.5,0,157.8,0,139.93087301587303,0,220.0,0,68.21012969042538,0,117.16786839962006,0.0107858896255493,0,0.0107858896255493,0,0,0
5.5,0,88.7,0,77.98099206349207,0,208.3,0,49.9963628843645,0,1.0611048936843872,0.0005337953567504,0,0.0005337953567504,0,0,0
9.0,0,135.63076923076923,0,163.45485481177548,0,701.8,0,193.59134420353607,0,259.5054609555464,76839117.13617022,0,76839117.13617022,0,0,0
13.5,0,58.0,0,60.14006849016137,0,66.0,0,3.5108613099536456,0,0.0,166421321.2682827,0,166421321.2682827,0,0,0
5.5,0,161.8,0,141.63388888888886,0,565.2,0,170.9357558148044,0,84.29108920097352,0.0143999814987182,0,0.0143999814987182,0,0,0
5.5,0,164.2,0,176.92210317460317,0,438.2,0,134.3070864804038,0,426.56408886909486,0.0106254816055297,0,0.0106254816055297,0,0,0
13.5,0,66.6,0,58.69276323178026,0,116.8,0,14.746721111318738,0,10.405479073524477,166429868.887267,0,166429868.887267,0,0,0
9.5,0,92.59,0,86.39769929863738,0,201.36,0,42.650160580497776,0,66.31183589696884,83243091.1345573,0,83243091.1345573,0,0,0
9.5,0,131.61,0,132.54811751032764,0,326.49,0,87.82612468122944,0,225.41364726543424,83242667.2657774,0,83242667.2657774,0,0,0
13.5,0,718.0,0,152.80456633150132,0,1048.4,0,274.441587842035,0,0.3724036455154419,166438268.873594,0,166438268.873594,0,0,0
5.5,0,126.0,0,106.15662698412696,0,214.1,0,53.35376184707516,0,2215.014372897148,0.0155050039291381,0,0.0155050039291381,0,0,0
13.5,0,54.0,0,54.53501712254034,0,58.0,0,1.3532424383706476,0,0.0221696853637695,166428732.4928706,0,166428732.4928706,0,0,0
13.5,0,84.9,0,92.26863003396672,0,262.0,0,57.32280876505704,0,169.31102623939515,166428685.47868568,0,166428685.47868568,0,0,0
9.5,0,177.21,0,140.4438386634865,0,465.66,0,117.84048961834417,0,412.8320839381218,83243748.86757617,0,83243748.86757617,0,0,0
5.5,0,108.4,0,93.91277777777778,0,182.8,0,43.27022237403286,0,200.3863776683808,0.006927490234375,0,0.006927490234375,0,0,0
13.5,0,167.2,0,181.83804147005384,0,680.0,0,173.4867311223248,0,17.299598693847656,166439229.39642102,0,166439229.39642102,0,0,0
13.5,0,151.5,0,127.3188459193026,0,332.6,0,75.09671547479789,0,186.05974407196044,166428688.7202348,0,166428688.7202348,0,0,0
13.5,0,1043.6,0,365.9692009250639,0,2700.4,0,796.1278311263061,0,0.0444609403610229,166421288.229159,0,166421288.229159,0,0,0
13.5,0,58.4,0,87.34384561989438,0,441.0,0,94.54659415640432,0,0.0087418794631958,166421703.4748953,0,166421703.4748953,0,0,0
5.5,0,112.1,0,87.57805555555555,0,151.9,0,30.49040900709911,0,102.80485708713532,0.0031373977661132,0,0.0031373977661132,0,0,0
13.5,0,60.1,0,106.49460388467742,0,473.0,0,106.56896792764717,0,122.4611189365387,166428750.2338967,0,166428750.2338967,0,0,0
13.5,0,68.0,0,263.3750686589812,0,1514.0,0,488.4595458145296,0,4.845395874977112,166429030.78997153,0,166429030.78997153,0,0,0
13.5,0,58.0,0,58.13375428063508,0,60.0,0,0.4969953139951236,0,0.0,166428751.21541303,0,166428751.21541303,0,0,0
5.5,0,56.0,0,57.291269841269845,0,58.0,0,0.9221835443913882,0,0.058750319480896,0.0005969047546386,0,0.0005969047546386,0,0,0
13.5,0,55.2,0,57.37155069045163,0,58.0,0,1.120668486872693,0,0.004976201057434,166429226.21327838,0,166429226.21327838,0,0,0
9.5,0,946.92,0,903.1866021027477,0,2094.68,0,695.0447817014934,0,0.4562976384162903,83243082.22321,0,83243082.22321,0,0,0
9.5,0,181.29,0,167.21256965712308,0,635.65,0,168.49766260249052,0,92.85013687610626,83242624.92679764,0,83242624.92679764,0,0,0
5.5,0,66.0,0,66.0,0,66.0,0,0.0,0,0.1248217582702636,2.2912025451660155e-05,0,2.2912025451660155e-05,0,0,0
5.5,0,137.5,0,158.38781746031745,0,226.8,0,58.61742923742842,0,65.9118314743042,0.0406990051269531,0,0.0406990051269531,0,0,0
9.5,0,103.19,0,107.365834978489,0,267.66,0,70.98395994248699,0,287.8787213468552,83243366.48259696,0,83243366.48259696,0,0,0
5.5,0,66.6,0,70.96912698412697,0,136.4,0,29.59885530392674,0,49.23341600894928,0.0012280941009521,0,0.0012280941009521,0,0,0
13.5,0,55.2,0,57.98093618112195,0,90.0,0,8.738028838762995,0,0.313383150100708,166438009.5024198,0,166438009.5024198,0,0,0
13.5,0,121.9,0,137.1893834330444,0,427.0,0,98.69650848682426,0,78.17738289833069,166430936.8165239,0,166430936.8165239,0,0,0
13.5,0,637.2,0,704.9318820541343,0,2922.0,0,1036.65832589121,0,5.176602125167847,166430373.60803702,0,166430373.60803702,0,0,0
9.5,0,114.53,0,119.75371040835668,0,254.74,0,64.57488896456236,0,284.906445748806,83242670.82509956,0,83242670.82509956,0,0,0
5.5,0,54.0,0,54.0,0,54.0,0,0.0,0,0.0148452281951904,0.0001101970672607,0,0.0001101970672607,0,0,0
13.5,0,1658.8,0,424.5866258784216,0,2093.2,0,685.9972340505103,0,0.3265182256698608,166439296.4348976,0,166439296.4348976,0,0,0
5.5,0,61.2,0,60.64380952380952,0,82.8,0,9.916305449211707,0,0.6939800024032593,0.0120451927185058,0,0.0120451927185058,0,0,0
13.5,0,56.0,0,57.67706398348813,0,58.0,0,0.7110497417938346,0,0.0089269638061523,166428751.2024354,0,166428751.2024354,0,0,0
9.5,0,110.36,0,113.60463196925195,0,293.74,0,70.36045096916355,0,26.713296921253203,83241820.41980709,0,83241820.41980709,0,0,0
5.5,0,54.0,0,54.0,0,54.0,0,0.0,0,0.5847590446472168,4.270076751708984e-05,0,4.270076751708984e-05,0,0,0
5.5,0,440.2,0,359.536865079365,0,466.2,0,145.30567715995488,0,701.6687821865082,5.4836273193359375e-06,0,5.4836273193359375e-06,0,0,0
13.5,0,56.4,0,56.45132544270315,0,58.0,0,1.9392476714197395,0,0.0006654739379882,166428823.4621179,0,166428823.4621179,0,0,0
13.5,0,66.0,0,430.8816775725135,0,2962.0,0,924.9361661705948,0,20.68658103942871,166429830.32720357,0,166429830.32720357,0,0,0
13.5,0,717.2,0,1545.597115450769,0,3322.0,0,1514.5266575525727,0,0.0515487670898437,166429145.24152952,0,166429145.24152952,0,0,0
5.5,0,78.5,0,78.48829365079365,0,95.2,0,7.907301150978232,0,416.0799890756607,0.008449101448059,0,0.008449101448059,0,0,0
13.5,0,55.2,0,56.53190453681166,0,58.0,0,1.8900174524965128,0,0.0499994993209838,166421052.58953452,0,166421052.58953452,0,0,0
5.5,0,792.0,0,990.4705555555554,0,2996.4,0,1313.3787318961924,0,0.1204469442367553,0.0004040956497192,0,0.0004040956497192,0,0,0
5.5,0,114.9,0,81.6613492063492,0,145.2,0,26.75795556110548,0,80.24127473831177,0.0219732046127319,0,0.0219732046127319,0,0,0
5.5,0,1196.0,0,802.7968253968254,0,1201.4,0,497.3411904875409,0,41.929156231880185,0.0125520944595336,0,0.0125520944595336,0,0,0
5.5,0,780.8,0,1444.159841269841,0,2779.2,0,994.125867939827,0,2.2642550230026246,0.0003554105758666,0,0.0003554105758666,0,0,0
5.5,0,114.3,0,115.54734126984128,0,230.1,0,63.34742103644864,0,163.6994668006897,0.0172322988510131,0,0.0172322988510131,0,0,0
9.5,0,129.1,0,160.63115253992655,0,522.64,0,132.94586378661472,0,124.65182116746902,83243296.26042494,0,83243296.26042494,0,0,0
13.5,0,54.0,0,54.267508561270176,0,58.0,0,0.9939906279902472,0,0.483180832862854,166421234.9786264,0,166421234.9786264,0,0,0
13.5,0,63.3,0,62.832673197975055,0,112.7,0,16.228944880653113,0,18.026679611206056,166430737.40365928,0,166430737.40365928,0,0,0
13.5,0,1079.6,0,771.5125682642092,0,1514.0,0,704.8847643498084,0,19.4928674697876,166429141.7374952,0,166429141.7374952,0,0,0
5.5,0,106.7,0,82.49503968253968,0,148.6,0,29.404515650571703,0,20525.112240719794,0.0125000953674316,0,0.0125000953674316,0,0,0
9.5,0,265.32,0,243.2200593458829,0,486.38,0,154.95538636579823,0,9.36295158147812,83241470.11606796,0,83241470.11606796,0,0,0
13.5,0,64.6,0,60.12316734521069,0,69.2,0,3.5696193416535045,0,5.4260529518127445,166430647.31227452,0,166430647.31227452,0,0,0
13.5,0,105.4,0,118.67860172722015,0,336.0,0,81.68347112662055,0,230.81634066104888,166438015.9215976,0,166438015.9215976,0,0,0
5.5,0,2382.8,0,2012.180952380952,0,5858.0,0,2310.069026196916,0,0.1321856260299682,0.0013278007507324,0,0.0013278007507324,0,0,0
5.5,0,131.9,0,179.03464285714284,0,345.0,0,100.86286203721158,0,255.3741145849228,0.0081648111343383,0,0.0081648111343383,0,0,0
9.5,0,106.16,0,104.06759453768628,0,265.69,0,65.91238583397188,0,331.87486577034,83243688.7409205,0,83243688.7409205,0,0,0
5.5,0,294.0,0,311.4797619047619,0,1591.3,0,542.5163935573885,0,71.428915143013,0.0081820964813232,0,0.0081820964813232,0,0,0
5.5,0,116.7,0,105.92571428571428,0,278.2,0,83.68737065371931,0,97.80470938682556,0.0126480102539062,0,0.0126480102539062,0,0,0
5.5,0,56.0,0,55.38698412698413,0,57.2,0,1.5544363302180932,0,1.606392431259155,0.003545594215393,0,0.003545594215393,0,0,0
5.5,0,172.1,0,183.20353174603173,0,234.3,0,72.53420777818874,0,0.3830586910247803,0.0003203868865966,0,0.0003203868865966,0,0,0
9.5,0,160.26,0,173.3852604958251,0,624.65,0,165.26856193004227,0,429.12673600673673,83244087.63736133,0,83244087.63736133,0,0,0
5.5,0,61.1,0,59.53575396825397,0,67.1,0,5.901203041244624,0,138.35023324489595,0.0101178884506225,0,0.0101178884506225,0,0,0
5.5,0,54.0,0,54.0,0,54.0,0,0.0,0,0.0456819772720336,1.4066696166992188e-06,0,1.4066696166992188e-06,0,0,0
13.5,0,70.0,0,551.9963384405412,0,1494.0,0,660.8936819212041,0,72.4949114561081,166421334.1968852,0,166421334.1968852,0,0,0
5.5,0,104.3,0,115.15345238095236,0,364.4,0,113.49095925755326,0,30.27169027328491,0.0023451089859008,0,0.0023451089859008,0,0,0
9.5,0,274.44,0,297.031670868648,0,1181.32,0,329.1269379521059,0,663.332141802311,83241871.59262848,0,83241871.59262848,0,0,0
13.5,0,113.2,0,94.24680951573366,0,249.2,0,57.62705610042356,0,295.02219145298005,166439276.005708,0,166439276.005708,0,0,0
5.5,0,103.6,0,85.50543650793651,0,191.5,0,41.66369740029686,0,287.9403696537018,0.0098424911499023,0,0.0098424911499023,0,0,0
5.5,0,58.0,0,58.0,0,58.0,0,0.0,0,0.0,4.220008850097656e-05,0,4.220008850097656e-05,0,0,0
13.5,0,1232.8,0,1156.918449719355,0,1514.0,0,592.4439067940007,0,16.565498852729796,166430978.8894787,0,166430978.8894787,0,0,0
5.5,0,66.0,0,66.0,0,66.0,0,0.0,0,575.7414058923721,0.003281021118164,0,0.003281021118164,0,0,0
13.5,0,1079.6,0,906.6674527055332,0,1803.6,0,739.6396363614826,0,31.807569837570192,166430431.6075688,0,166430431.6075688,0,0,0
13.5,0,1528.6,0,463.2513984192622,0,5738.0,0,1298.813320467189,0,3.382424664497376,166439228.3465154,0,166439228.3465154,0,0,0
9.5,0,132.1,0,128.98952778160094,0,273.94,0,72.13225066334516,0,368.15777031421663,83243677.84119985,0,83243677.84119985,0,0,0
5.5,0,2209.2,0,1945.921587301588,0,3350.8,0,1139.799165087901,0,0.3113827228546142,0.0006278038024902,0,0.0006278038024902,0,0,0
13.5,0,102.8,0,109.58016061037344,0,267.5,0,63.6404913899144,0,483.2181431531906,166437901.3885415,0,166437901.3885415,0,0,0
5.5,0,69.0,0,67.84880952380952,0,79.6,0,6.435941313579455,0,0.4247059345245361,0.0414825916290283,0,0.0414825916290283,0,0,0
13.5,0,61.6,0,914.6444408549826,0,2026.0,0,854.2169651928191,0,64.47109670639038,166430372.8981297,0,166430372.8981297,0,0,0
9.5,0,216.59,0,262.926983380139,0,349.31,0,116.4581103635612,0,3.2411316418647766,83241464.47707482,0,83241464.47707482,0,0,0
5.5,0,56.8,0,57.7411111111111,0,58.0,0,0.4818864772080827,0,0.0022284030914306,9.107589721679688e-06,0,9.107589721679688e-06,0,0,0
13.5,0,101.7,0,105.12979403293646,0,257.6,0,59.24881676568411,0,19218.82430911064,166437401.11307162,0,166437401.11307162,0,0,0
13.5,0,57.2,0,57.44498287745965,0,58.0,0,1.3760710069415043,0,0.0162836790084838,166430687.1234389,0,166430687.1234389,0,0,0
9.5,0,430.87,0,386.9541773931262,0,1308.59,0,444.8126840224504,0,120.2183976316452,83241736.8117913,0,83241736.8117913,0,0,0
5.5,0,55.6,0,56.95301587301587,0,58.0,0,1.1412312494612056,0,0.0053932666778564,0.0016653060913085,0,0.0016653060913085,0,0,0
5.5,0,66.1,0,63.11011904761905,0,73.4,0,6.699403756297089,0,0.1866182804107666,0.0081873893737792,0,0.0081873893737792,0,0,0
5.5,0,54.0,0,54.0,0,54.0,0,0.0,0,0.018870735168457,0.0001353025436401,0,0.0001353025436401,0,0,0
9.5,0,103.01,0,112.14178093195932,0,326.86,0,81.46205640225475,0,79.49161922931671,83241788.52929044,0,83241788.52929044,0,0,0
5.5,0,154.6,0,237.3677777777778,0,498.0,0,131.74856418047898,0,374.2340839624405,0.0207839965820312,0,0.0207839965820312,0,0,0
5.5,0,58.0,0,58.0,0,58.0,0,0.0,0,0.0138974428176879,0.0002655982971191,0,0.0002655982971191,0,0,0
13.5,0,58.0,0,57.197474316189485,0,58.0,0,1.5903798119214847,0,0.0,166429849.7416486,0,166429849.7416486,0,0,0
13.5,0,115.3,0,124.11207415950064,0,405.2,0,94.55203334012582,0,33.851711297035216,166430880.6710137,0,166430880.6710137,0,0,0
5.5,0,81.8,0,79.23746031746032,0,100.4,0,13.277556578091865,0,3.993108868598938,0.0079175949096679,0,0.0079175949096679,0,0,0
13.5,0,97.6,0,390.6789847905792,0,1514.0,0,562.7173484911402,0,24.441858577728272,166430988.95709378,0,166430988.95709378,0,0,0
13.5,0,58.0,0,58.0,0,58.0,0,0.0,0,0.0,166428841.5595386,0,166428841.5595386,0,0,0
9.5,0,174.75,0,184.99978566969668,0,788.78,0,216.1969411890051,0,278.8280930924416,83243846.8572665,0,83243846.8572665,0,0,0
5.5,0,321.3,0,189.95559523809524,0,356.9,0,123.49496242344966,0,170.69776537418366,0.0160902023315429,0,0.0160902023315429,0,0,0
13.5,0,91.0,0,77.6709167810174,0,194.0,0,33.79675168181317,0,87.51377081871033,166429809.7046471,0,166429809.7046471,0,0,0
5.5,0,82.4,0,90.17436507936507,0,156.0,0,34.50830487387059,0,37.09870245456696,0.0099313020706176,0,0.0099313020706176,0,0,0
5.5,0,55.8,0,55.27166666666666,0,58.2,0,1.6857868032934462,0,0.0016150474548339,0.0018462896347045,0,0.0018462896347045,0,0,0
9.5,0,1493.04,0,1495.8401135866195,0,2455.32,0,818.1751402689678,0,0.7474348402023315,83243082.98806368,0,83243082.98806368,0,0,0
5.5,0,56.0,0,55.00698412698413,0,56.4,0,1.1452720700385517,0,0.0530278205871582,0.0024920940399169,0,0.0024920940399169,0,0,0
5.5,0,319.6,0,104.30325396825396,0,330.6,0,95.73325752969382,0,0.0797930479049682,0.0075898885726928,0,0.0075898885726928,0,0,0
13.5,0,64.4,0,85.5720250028609,0,230.0,0,51.12547541760375,0,21.58523750305176,166429084.78926498,0,166429084.78926498,0,0,0
13.5,0,491.9,0,392.7722952511885,0,523.0,0,189.3643552473248,0,4860.592344689369,166437905.8123301,0,166437905.8123301,0,0,0
5.5,0,55.2,0,56.51476190476191,0,58.0,0,1.3326269273267166,0,0.0087576150894165,0.0005213975906372,0,0.0005213975906372,0,0,0
13.5,0,94.0,0,325.5996105077413,0,523.0,0,203.38728664462056,0,48.77232897281647,166428950.2665675,0,166428950.2665675,0,0,0
9.5,0,167.16,0,147.10245057058523,0,398.96,0,99.21026813225237,0,338.9154390692711,83242008.574688,0,83242008.574688,0,0,0
5.5,0,112.7,0,92.01214285714283,0,142.2,0,23.89643767676625,0,1863.53033952713,0.0141981840133667,0,0.0141981840133667,0,0,0
13.5,0,1577.3,0,853.0260705445226,0,2382.8,0,837.1305647131591,0,45.297275161743165,166430955.72148842,0,166430955.72148842,0,0,0
13.5,0,110.2,0,103.29626435784716,0,317.0,0,67.0101627645263,0,19.51673483848572,166430236.96633342,0,166430236.96633342,0,0,0
5.5,0,143.0,0,120.2161111111111,0,184.5,0,54.71512291871733,0,395.848332285881,0.0206676006317138,0,0.0206676006317138,0,0,0
13.5,0,58.0,0,58.0,0,58.0,0,0.0,0,0.0168017864227294,166429069.57433742,0,166429069.57433742,0,0,0
5.5,0,686.1,0,1033.0082142857143,0,1514.0,0,468.4573891151485,0,78.7639179468155,0.0092353820800781,0,0.0092353820800781,0,0,0
13.5,0,54.0,0,54.0,0,54.0,0,0.0,0,1.3163368463516236,166438172.9323116,0,166438172.9323116,0,0,0
5.5,0,58.0,0,58.0,0,58.0,0,0.0,0,0.0,9.202957153320313e-06,0,9.202957153320313e-06,0,0,0
9.5,0,339.23,0,342.431159845916,0,1240.81,0,409.64035099734014,0,85.30433493375779,83241667.58605485,0,83241667.58605485,0,0,0
13.5,0,115.1,0,108.89386448046278,0,351.5,0,76.32767259290344,0,71.92623257637024,166430707.91570503,0,166430707.91570503,0,0,0
13.5,0,54.0,0,54.40126284190526,0,60.0,0,1.4909859419853706,0,0.0289366722106933,166429869.3333567,0,166429869.3333567,0,0,0
5.5,0,72.8,0,79.72460317460317,0,194.8,0,52.14595019722335,0,22.46121544837952,0.0008222818374633,0,0.0008222818374633,0,0,0
13.5,0,60.7,0,59.31955950868877,0,71.6,0,5.365952911437206,0,0.1108268976211547,166428805.98404807,0,166428805.98404807,0,0,0
13.5,0,183.8,0,112.86839986681704,0,711.5,0,152.86532599195073,0,5.875171518325805,166429829.21112508,0,166429829.21112508,0,0,0
13.5,0,136.6,0,133.12737251568518,0,509.4,0,134.69213270570208,0,52.83648166656494,166439294.5975059,0,166439294.5975059,0,0,0
13.5,0,54.0,0,56.407577051431545,0,58.0,0,1.896525772197481,0,0.0411133289337158,166421173.70328292,0,166421173.70328292,0,0,0
5.5,0,1224.4,0,810.5707936507936,0,1224.4,0,526.0892935325135,0,9.176376128196717,0.0052019119262695,0,0.0052019119262695,0,0,0
13.5,0,94.7,0,79.60075446526298,0,202.0,0,34.16435267009852,0,5.35901288986206,166438173.1209057,0,166438173.1209057,0,0,0
5.5,0,400.4,0,492.40365079365074,0,605.2,0,72.28312070234131,0,38.45128903388977,0.0011870861053466,0,0.0011870861053466,0,0,0
9.5,0,99.39,0,98.62333597358094,0,240.78,0,61.497852476378775,0,38.40063476800918,83242750.6565627,0,83242750.6565627,0,0,0
5.5,0,634.0,0,220.71396825396823,0,635.6,0,252.92799131768905,0,1.5123979091644286,0.0053171873092651,0,0.0053171873092651,0,0,0
5.5,0,54.0,0,54.0,0,54.0,0,0.0,0,0.0120454788208007,0.0002681970596313,0,0.0002681970596313,0,0,0
5.5,0,62.8,0,68.05904761904762,0,94.8,0,13.12980595529652,0,15.1125137090683,0.00239098072052,0,0.00239098072052,0,0,0
13.5,0,697.7,0,208.5524871001032,0,870.2,0,254.07209622916184,0,10.80618176460266,166430648.5659599,0,166430648.5659599,0,0,0
13.5,0,66.0,0,833.3483080034861,0,2922.0,0,1251.3251048793486,0,0.9596118450164794,166430373.08564782,0,166430373.08564782,0,0,0
5.5,0,58.0,0,58.0,0,58.0,0,0.0,0,0.0,0.0002342939376831,0,0.0002342939376831,0,0,0
5.5,0,57.2,0,56.0568253968254,0,57.2,0,1.453285341250037,0,0.0029436111450195,9.80854034423828e-05,0,9.80854034423828e-05,0,0,0
13.5,0,95.0,0,122.2730355063753,0,359.0,0,82.9409348201701,0,7.591183924674988,166428826.58513278,0,166428826.58513278,0,0,0
9.5,0,81.6,0,77.35181687077971,0,196.56,0,43.36437518903403,0,624.3134847831726,83242795.67933476,0,83242795.67933476,0,0,0
13.5,0,162.5,0,148.91586512300913,0,829.0,0,203.4012980375984,0,6.440470957756043,166429233.80329922,0,166429233.80329922,0,0,0
9.5,0,401.35,0,387.5179308728768,0,1546.8,0,505.29361914401767,0,111.55009483098983,83241683.58491817,0,83241683.58491817,0,0,0
5.5,0,54.0,0,54.0,0,54.0,0,0.0,0,1.6962430953979493,0.0006615877151489,0,0.0006615877151489,0,0,0
13.5,0,101.2,0,391.4819749286661,0,2962.0,0,741.4756239317296,0,507.3007957458496,166437925.98358864,0,166437925.98358864,0,0,0
13.5,0,803.4,0,966.116153093982,0,2962.0,0,945.6688902297726,0,22.673656511306763,166430963.0520075,0,166430963.0520075,0,0,0
5.5,0,79.2,0,81.49412698412699,0,201.6,0,51.02957610008749,0,0.0295366048812866,0.0019640922546386,0,0.0019640922546386,0,0,0
13.5,0,54.0,0,54.0,0,54.0,0,0.0,0,0.0285295009613037,166429884.77890527,0,166429884.77890527,0,0,0
5.5,0,790.0,0,1192.2796825396829,0,1514.0,0,454.450682303676,0,2.331406855583191,0.0010209083557128,0,0.0010209083557128,0,0,0
5.5,0,1514.0,0,1514.0,0,1514.0,0,0.0,0,4.840895867347717,0.0014425039291381,0,0.0014425039291381,0,0,0
13.5,0,95.8,0,392.097503875983,0,2962.0,0,770.3760664952033,0,119.8707308292389,166429858.34804028,0,166429858.34804028,0,0,0
9.5,0,106.11,0,99.82762629089176,0,268.69,0,64.5650140354536,0,397.74086545944215,83242984.2518315,0,83242984.2518315,0,0,0
9.5,0,904.48,0,986.3933096470092,0,2341.76,0,837.4555638498761,0,0.4406911015510559,83243082.51023681,0,83243082.51023681,0,0,0
9.5,0,134.51,0,143.8310495059636,0,514.23,0,129.53566901886347,0,172.33314348220824,83242967.6918468,0,83242967.6918468,0,0,0
5.5,0,1380.5,0,1657.6988888888889,0,2672.4,0,601.5245813640797,0,11.052748918533323,0.0073646068572998,0,0.0073646068572998,0,0,0
5.5,0,93.2,0,66.97063492063492,0,144.2,0,33.42148881387091,0,185.9903585910797,0.0364585876464843,0,0.0364585876464843,0,0,0
13.5,0,119.4,0,98.97677131605926,0,315.7,0,66.40389335423843,0,4.296932601928711,166429076.63917118,0,166429076.63917118,0,0,0
13.5,0,718.8,0,320.6995585872675,0,2348.8,0,707.3425525101476,0,0.0889365434646606,166439270.85837278,0,166439270.85837278,0,0,0
5.5,0,91.9,0,76.47928571428572,0,111.2,0,16.72950575747651,0,4.083440685272217,0.0115814208984375,0,0.0115814208984375,0,0,0
5.5,0,110.7,0,183.53011904761905,0,441.0,0,127.28590523539216,0,3.098906087875366,0.012328290939331,0,0.012328290939331,0,0,0
13.5,0,58.0,0,58.0,0,58.0,0,0.0,0,0.0,166428916.8093575,0,166428916.8093575,0,0,0
5.5,0,66.0,0,66.0,0,66.0,0,0.0,0,0.5036406993865967,4.031658172607422e-05,0,4.031658172607422e-05,0,0,0
5.5,0,151.0,0,158.49337301587303,0,226.2,0,58.05138812534265,0,272.08406188488004,0.0126578092575073,0,0.0126578092575073,0,0,0
13.5,0,101.4,0,86.9850516322343,0,330.0,0,72.16856198470326,0,2.565804600715637,166429868.8489775,0,166429868.8489775,0,0,0
5.5,0,2310.3,0,3439.032976190476,0,4434.0,0,974.7669737524052,0,0.6002676725387573,0.0071116924285888,0,0.0071116924285888,0,0,0
5.5,0,159.4,0,170.63599206349207,0,279.9,0,77.02481551501864,0,22.74164972305298,0.0128338098526,0,0.0128338098526,0,0,0
5.5,0,82.6,0,69.68198412698413,0,138.6,0,30.07674244128972,0,64.68565101623535,0.0074474096298217,0,0.0074474096298217,0,0,0
13.5,0,58.0,0,55.85993150983863,0,58.0,0,1.9506775901005573,0,0.0,166421301.6002707,0,166421301.6002707,0,0,0
5.5,0,660.0,0,243.5611111111112,0,674.4,0,261.12496493634467,0,2.102049684524536,0.0091144084930419,0,0.0091144084930419,0,0,0
5.5,0,54.0,0,54.0,0,54.0,0,0.0,0,0.5277911901474,0.0011615991592407,0,0.0011615991592407,0,0,0
5.5,0,114.2,0,112.24261904761904,0,183.8,0,52.53429042922989,0,59.48483939170838,0.0278223991394042,0,0.0278223991394042,0,0,0
5.5,0,1521.2,0,1166.456507936508,0,3114.0,0,1256.0073222693468,0,15.14195568561554,0.0006783008575439,0,0.0006783008575439,0,0,0
5.5,0,1088.2,0,665.9119841269841,0,1231.8,0,545.3091041867799,0,17.4284068107605,0.0017337083816528,0,0.0017337083816528,0,0,0
5.5,0,935.1,0,1833.6141666666667,0,2974.0,0,838.591509900614,0,9.18090522289276,0.0124650001525878,0,0.0124650001525878,0,0,0
13.5,0,91.1,0,72.14771966552539,0,216.6,0,36.95432448354321,0,0.8483604431152344,166438064.7044075,0,166438064.7044075,0,0,0
5.5,0,101.6,0,114.17265873015872,0,252.6,0,64.40860538182486,0,13.44563581943512,0.0245159149169921,0,0.0245159149169921,0,0,0
5.5,0,1079.8,0,1012.8641269841268,0,1370.0,0,560.973209229937,0,10.571273159980771,0.0014850854873657,0,0.0014850854873657,0,0,0
13.5,0,122.2,0,133.37137379777084,0,317.0,0,83.5559112727503,0,276.8312815189362,166421758.76278722,0,166421758.76278722,0,0,0
13.5,0,54.0,0,55.60505136762102,0,58.0,0,1.9350867442946025,0,0.0126021146774291,166429849.0177004,0,166429849.0177004,0,0,0
13.5,0,1138.7,0,1523.617277473129,0,5858.0,0,1461.788700280295,0,17.94601676464081,166439372.2585262,0,166439372.2585262,0,0,0
9.5,0,135.81,0,135.8473282808523,0,359.91,0,91.02882717376332,0,133.04432534694672,83243284.10319334,0,83243284.10319334,0,0,0
5.5,0,66.8,0,62.41777777777777,0,89.2,0,11.331796931951862,0,15.888526773452758,0.0073493003845214,0,0.0073493003845214,0,0,0
13.5,0,2259.0,0,1349.7106791046072,0,4222.8,0,1513.6953000955968,0,0.1026054620742797,166439294.94474012,0,166439294.94474012,0,0,0
13.5,0,65.8,0,184.51606864197035,0,1795.0,0,428.9947665977013,0,6403.171876287461,166437397.86609158,0,166437397.86609158,0,0,0
9.5,0,109.39,0,99.51952938023447,0,262.78,0,62.63268878242834,0,436.674269452095,83243912.71768874,0,83243912.71768874,0,0,0
13.5,0,1494.0,0,1589.500556373451,0,2922.0,0,354.8546541925183,0,0.7462814569473266,166421097.4391154,0,166421097.4391154,0,0,0
9.5,0,145.47,0,135.2228800939772,0,261.65,0,70.44975583986941,0,345.6802939748764,83242433.32628651,0,83242433.32628651,0,0,0
9.5,0,140.08,0,142.12041851225828,0,364.07,0,105.2554768604662,0,57.4468192410469,83244097.48317525,0,83244097.48317525,0,0,0
5.5,0,361.9,0,230.82031746031748,0,383.6,0,133.67613491214206,0,217.2226125478745,0.0095634937286376,0,0.0095634937286376,0,0,0
13.5,0,1494.8,0,1378.6415677081775,0,2922.0,0,857.380628928594,0,0.5848369836807251,166438143.3757519,0,166438143.3757519,0,0,0
9.5,0,111.67,0,112.86746752701204,0,282.42,0,68.75472854277494,0,167.53522534132003,83243146.0926953,0,83243146.0926953,0,0,0
5.5,0,54.8,0,54.21888888888888,0,55.2,0,0.4585834494098491,0,0.0512367248535156,0.0016324996948242,0,0.0016324996948242,0,0,0
13.5,0,126.5,0,92.54951565118748,0,221.6,0,47.03357918521032,0,88.07571711540223,166430935.1007831,0,166430935.1007831,0,0,0
5.5,0,697.4,0,795.7488888888888,0,2354.5,0,854.7453025755585,0,56.93027617931366,0.0062949180603027,0,0.0062949180603027,0,0,0
9.5,0,159.03,0,284.6825057275456,0,774.1,0,197.4535040880744,0,273.5736227083206,83243178.9106127,0,83243178.9106127,0,0,0
13.5,0,58.0,0,59.60505136762104,0,82.0,0,5.963943767941484,0,0.0,166439305.6436736,0,166439305.6436736,0,0,0
5.5,0,58.0,0,58.0,0,58.0,0,0.0,0,0.0,0.0002470016479492,0,0.0002470016479492,0,0,0
13.5,0,58.0,0,58.0,0,58.0,0,0.0,0,0.0,166428991.47046018,0,166428991.47046018,0,0,0
5.5,0,97.5,0,78.86111111111111,0,122.6,0,15.257364691070467,0,0.05382981300354,0.0037337779998779,0,0.0037337779998779,0,0,0
9.5,0,931.84,0,1051.4233770572391,0,2900.44,0,958.0973865938022,0,0.2168648552894592,83243082.38007851,0,83243082.38007851,0,0,0
13.5,0,65.4,0,190.02709528904185,0,1514.0,0,364.3521015880589,0,19.55531549453736,166430997.45644778,0,166430997.45644778,0,0,0
9.5,0,207.48,0,238.57078714371283,0,883.41,0,240.0904552557101,0,67.7170843744278,83242564.54055491,0,83242564.54055491,0,0,0
13.5,0,117.6,0,321.84579302534405,0,3322.0,0,804.2070634055449,0,123.9269719839096,166421726.3837753,0,166421726.3837753,0,0,0
13.5,0,2061.6,0,1686.4257398397956,0,2962.0,0,443.98624894111424,0,71.90465416908265,166428809.48717248,0,166428809.48717248,0,0,0
5.5,0,58.0,0,58.0,0,58.0,0,0.0,0,0.0,3.385543823242188e-06,0,3.385543823242188e-06,0,0,0
13.5,0,213.9,0,146.69538402644827,0,1369.2,0,319.9291194579046,0,0.1630807161331176,166430953.953766,0,166430953.953766,0,0,0
13.5,0,959.9,0,969.2809447260686,0,1514.0,0,665.8309909073143,0,7.342978191375733,166430723.42495802,0,166430723.42495802,0,0,0
13.5,0,384.0,0,94.32891038871688,0,394.4,0,85.09586182735973,0,82.19773905277252,166439321.46490937,0,166439321.46490937,0,0,0
13.5,0,58.0,0,55.85993150983863,0,58.0,0,1.9506775901005573,0,0.0,166421301.8507855,0,166421301.8507855,0,0,0
5.5,0,95.6,0,134.33253968253968,0,252.4,0,73.0323227301448,0,16.67583808898926,0.016744589805603,0,0.016744589805603,0,0,0
9.5,0,129.35,0,116.39264605406632,0,273.63,0,68.23060693362535,0,136.96734919786454,83242232.87649174,0,83242232.87649174,0,0,0
5.5,0,523.8,0,205.6923015873016,0,561.0,0,193.94176231414627,0,17.34717216491699,0.0075636863708496,0,0.0075636863708496,0,0,0
5.5,0,66.0,0,66.0,0,66.0,0,0.0,0,4.690009546279907,0.0015661001205444,0,0.0015661001205444,0,0,0
5.5,0,58.0,0,58.0,0,58.0,0,0.0,0,0.0,5.059242248535156e-05,0,5.059242248535156e-05,0,0,0
13.5,0,101.4,0,93.25070032049136,0,230.0,0,59.39049816182138,0,57.064528703689575,166439306.6676914,0,166439306.6676914,0,0,0
13.5,0,65.7,0,127.06517577108134,0,463.0,0,114.17849928946004,0,298.6807594060898,166438136.0313695,0,166438136.0313695,0,0,0
5.5,0,54.8,0,54.44984126984126,0,56.0,0,0.8292737436945435,0,0.2486083030700683,9.529590606689451e-05,0,9.529590606689451e-05,0,0,0
5.5,0,84.8,0,94.53436507936506,0,199.9,0,49.2716776800816,0,134.3295011281967,0.0100656986236572,0,0.0100656986236572,0,0,0
5.5,0,69.2,0,81.83738095238097,0,123.0,0,20.610207467591017,0,78.71558558940887,0.0082625865936279,0,0.0082625865936279,0,0,0
13.5,0,387.9,0,197.12563902772496,0,936.0,0,262.3804531304688,0,540.8264620780944,166429228.57696408,0,166429228.57696408,0,0,0
5.5,0,653.0,0,1051.8360317460315,0,1514.0,0,543.1696111789513,0,37.94456875324249,0.005019998550415,0,0.005019998550415,0,0,0
5.5,0,105.7,0,92.6386507936508,0,159.9,0,30.50153499081303,0,212.5216559171677,0.0131020069122314,0,0.0131020069122314,0,0,0
13.5,0,103.8,0,96.77832086686963,0,228.4,0,53.01534368474834,0,1860.1873240470889,166439173.17212158,0,166439173.17212158,0,0,0
5.5,0,54.8,0,55.9431746031746,0,58.0,0,1.453285341250037,0,0.0118708133697509,0.0001258850097656,0,0.0001258850097656,0,0,0
13.5,0,69.0,0,88.01367089652693,0,230.0,0,44.6612216381984,0,424.7420765161514,166421183.5402362,0,166421183.5402362,0,0,0
13.5,0,58.0,0,57.732491438729824,0,58.0,0,0.9939906279902472,0,0.0,166437896.2680523,0,166437896.2680523,0,0,0
5.5,0,606.0,0,1083.1878571428572,0,1514.0,0,390.6411433119559,0,0.2515136241912842,0.0001925945281982,0,0.0001925945281982,0,0,0
5.5,0,125.1,0,135.94543650793648,0,349.8,0,108.53637223550096,0,0.1693918228149414,0.0162749052047729,0,0.0162749052047729,0,0,0
9.5,0,107.93,0,100.75272516982504,0,238.38,0,57.573724828014,0,291.8109553265572,83243843.87367864,0,83243843.87367864,0,0,0
5.5,0,125.9,0,120.94484126984128,0,255.6,0,61.56252909926057,0,64.90763328075408,0.0113523006439208,0,0.0113523006439208,0,0,0
9.5,0,130.1,0,131.4900414199234,0,356.92,0,95.2994649633615,0,398.43649093389513,83243569.97455023,0,83243569.97455023,0,0,0
5.5,0,85.1,0,109.2513888888889,0,291.9,0,89.65450264623702,0,2889.464741277695,0.0130565881729125,0,0.0130565881729125,0,0,0
13.5,0,152.4,0,137.9726105696849,0,314.4,0,66.19874094889963,0,14.745220518112182,166437961.69537002,0,166437961.69537002,0,0,0
13.5,0,122.8,0,120.93298094750108,0,317.0,0,84.27404623067096,0,215.43437361717224,166438091.9032632,0,166438091.9032632,0,0,0
9.5,0,190.69,0,158.84680554150873,0,529.79,0,145.51926279682343,0,358.3633714914322,83242979.06484124,0,83242979.06484124,0,0,0
13.5,0,98.4,0,89.41037262788811,0,178.2,0,38.82689079395459,0,31.115307092666622,166429729.52655238,0,166429729.52655238,0,0,0
13.5,0,64.2,0,59.04419558511664,0,135.6,0,19.59533611161126,0,2.3773473262786866,166439364.44123852,0,166439364.44123852,0,0,0
5.5,0,132.9,0,122.095753968254,0,298.8,0,94.6816472298576,0,1.823229718208313,0.0220374107360839,0,0.0220374107360839,0,0,0
13.5,0,839.2,0,1497.4205360648125,0,4434.0,0,1433.6958430767318,0,9.736712861061095,166438144.23957032,0,166438144.23957032,0,0,0
13.5,0,2238.0,0,1180.1190576984077,0,3251.6,0,1061.583628937125,0,1.996138286590576,166430692.5197269,0,166430692.5197269,0,0,0
5.5,0,100.0,0,76.15809523809523,0,118.4,0,21.04771375171915,0,36.225445127487184,0.0128144025802612,0,0.0128144025802612,0,0,0
5.5,0,1134.5,0,1407.0619047619048,0,2382.8,0,550.4211682764537,0,12.296788549423216,0.0030829191207885,0,0.0030829191207885,0,0,0
9.5,0,132.5,0,119.07635584328814,0,328.13,0,84.50569670539326,0,52.53773411989212,83243274.05452892,0,83243274.05452892,0,0,0
5.5,0,79.4,0,73.38714285714286,0,98.4,0,15.445406145045393,0,9.187862062454224,0.0071526050567626,0,0.0071526050567626,0,0,0
13.5,0,99.6,0,98.03259723077062,0,230.2,0,53.938451670063365,0,6.860448002815247,166421103.1365462,0,166421103.1365462,0,0,0
13.5,0,1653.2,0,1590.2430266225006,0,4921.2,0,979.6112661360476,0,26.32524738311768,166438163.83121988,0,166438163.83121988,0,0,0
9.5,0,109.82,0,106.78085945822322,0,245.24,0,57.45279259845425,0,102.16242754220964,83242163.69236569,0,83242163.69236569,0,0,0
5.5,0,56.4,0,56.39365079365079,0,58.0,0,1.5657522372002723,0,0.0060719013214111,0.0019880056381225,0,0.0019880056381225,0,0,0
9.5,0,2003.18,0,1833.952009140456,0,2488.2,0,589.1418061648836,0,0.8674261713027954,83243024.21500681,0,83243024.21500681,0,0,0
13.5,0,109.6,0,114.19133209454805,0,293.5,0,82.75188708476534,0,116.86527805328367,166430934.3104983,0,166430934.3104983,0,0,0
5.5,0,1220.4,0,1217.857619047619,0,4410.0,0,1506.582236801627,0,0.11622314453125,0.0014401197433471,0,0.0014401197433471,0,0,0
13.5,0,173.6,0,147.07562057567475,0,365.4,0,101.22640067726044,0,114.09957463741304,166421211.6722893,0,166421211.6722893,0,0,0
13.5,0,79.0,0,70.90762857111929,0,132.8,0,17.005717791887406,0,3.2785773038864137,166430357.4286157,0,166430357.4286157,0,0,0
13.5,0,391.8,0,545.4900512988904,0,2866.0,0,895.6962279121013,0,21.09763579368592,166421724.20318082,0,166421724.20318082,0,0,0
13.5,0,108.0,0,124.9366581470645,0,258.8,0,67.2857568186283,0,92.27889080047608,166428843.8490329,0,166428843.8490329,0,0,0
5.5,0,55.6,0,55.55253968253968,0,57.6,0,1.770839596194231,0,0.0041889905929565,0.0028566837310791,0,0.0028566837310791,0,0,0
13.5,0,58.0,0,58.0,0,58.0,0,0.0,0,0.0,166438050.8702312,0,166438050.8702312,0,0,0
5.5,0,790.0,0,1099.1939682539685,0,1514.0,0,543.2491017648447,0,1.73366539478302,0.0030065059661865,0,0.0030065059661865,0,0,0
13.5,0,413.8,0,528.1256117558053,0,3322.0,0,1116.6228316740012,0,1.0231241941452027,166438139.8637127,0,166438139.8637127,0,0,0
13.5,0,106.6,0,97.66264476923146,0,317.0,0,71.28914825015679,0,19.702005100250243,166430945.5597328,0,166430945.5597328,0,0,0
9.5,0,102.14,0,98.5992221228204,0,244.75,0,58.24351261750444,0,107.71155561208724,83242153.18490107,0,83242153.18490107,0,0,0
5.5,0,97.2,0,86.97119047619049,0,167.0,0,39.30025233939055,0,156.05414035320285,0.0184382915496826,0,0.0184382915496826,0,0,0
13.5,0,1369.2,0,1119.407603280792,0,1514.0,0,640.2461363356031,0,1.9443699598312376,166430264.074578,0,166430264.074578,0,0,0
13.5,0,91.5,0,78.08320427422593,0,218.0,0,46.56619806646852,0,76.62258317470551,166428751.06924382,0,166428751.06924382,0,0,0
13.5,0,63.2,0,646.0745308286484,0,1514.0,0,701.2592607823336,0,0.9837136507034302,166430775.573713,0,166430775.573713,0,0,0
9.5,0,125.29,0,120.7818548654218,0,352.54,0,82.18820184239559,0,209.603155875206,83242861.46373749,0,83242861.46373749,0,0,0
13.5,0,93.6,0,146.908176628583,0,441.0,0,103.83755865518506,0,1253.6259771585464,166421613.10442728,0,166421613.10442728,0,0,0
5.5,0,141.9,0,153.73404761904763,0,227.6,0,69.21018482589584,0,34.5705225944519,0.0088665008544921,0,0.0088665008544921,0,0,0
5.5,0,66.0,0,66.0,0,66.0,0,0.0,0,0.2364686489105224,0.0011533975601196,0,0.0011533975601196,0,0,0
5.5,0,1079.6,0,1365.4076190476192,0,1514.0,0,247.984754872496,0,15.312916684150697,0.0031951189041137,0,0.0031951189041137,0,0,0
5.5,0,215.6,0,191.94301587301584,0,234.3,0,70.60698757402481,0,0.1150007009506225,0.0004785060882568,0,0.0004785060882568,0,0,0
13.5,0,1980.8,0,1030.6982701766758,0,3830.8,0,1193.9584392513543,0,0.4720160245895385,166439296.44128698,0,166439296.44128698,0,0,0
5.5,0,76.6,0,80.0470634920635,0,132.6,0,23.59642703535061,0,29.371700477600097,0.0065049886703491,0,0.0065049886703491,0,0,0
5.5,0,58.0,0,59.9895238095238,0,66.4,0,4.499533359143298,0,1.483294773101807,0.0051854133605957,0,0.0051854133605957,0,0,0
9.5,0,105.22,0,105.93015570214098,0,264.54,0,63.29040355288421,0,16.935480551719664,83242069.20575403,0,83242069.20575403,0,0,0
13.5,0,96.9,0,118.62858641100902,0,307.0,0,72.90797939100196,0,16.300722360610962,166430307.5968812,0,166430307.5968812,0,0,0
13.5,0,122.5,0,134.929591279034,0,348.0,0,109.5359010775832,0,128.12723574638366,166421317.2029639,0,166421317.2029639,0,0,0
5.5,0,129.5,0,144.8013888888889,0,403.5,0,129.5277330865143,0,6.257141900062561,0.0081933975219726,0,0.0081933975219726,0,0,0
5.5,0,114.0,0,140.65666666666667,0,230.0,0,51.190575217764014,0,4657.672933197022,0.0193096876144409,0,0.0193096876144409,0,0,0
9.5,0,150.73,0,166.07832225918216,0,548.47,0,149.820438805906,0,278.7705523705483,83244166.63309811,0,83244166.63309811,0,0,0
13.5,0,533.8,0,192.27433174754384,0,878.2,0,263.877769656092,0,45.65802991390228,166430978.7983871,0,166430978.7983871,0,0,0
5.5,0,1226.8,0,1151.0669841269842,0,1514.0,0,522.3190283509392,0,0.264738917350769,0.0003471136093139,0,0.0003471136093139,0,0,0
13.5,0,85.5,0,89.88706760130135,0,253.0,0,61.24589670105452,0,0.4516682147979736,166438019.9429401,0,166438019.9429401,0,0,0
13.5,0,66.0,0,362.53324016798473,0,1514.0,0,573.0634356038927,0,0.1114338397979736,166430202.05673462,0,166430202.05673462,0,0,0
13.5,0,121.8,0,160.60296694275797,0,345.0,0,103.48775409694672,0,1.1737893104553223,166428990.7559046,0,166428990.7559046,0,0,0
9.5,0,176.22,0,273.8617176002962,0,773.62,0,212.4640371797272,0,248.82168297529225,83243678.02073671,0,83243678.02073671,0,0,0
13.5,0,102.6,0,116.64934228697,0,230.0,0,58.67184498213745,0,304.00601387023926,166421063.7400696,0,166421063.7400696,0,0,0
13.5,0,58.0,0,58.0,0,58.0,0,0.0,0,0.0,166428752.7423666,0,166428752.7423666,0,0,0
5.5,0,110.0,0,111.45420634920636,0,213.6,0,63.78994722100922,0,304.3807029485703,0.0310940027236938,0,0.0310940027236938,0,0,0
9.5,0,76.18,0,82.11990337560617,0,189.94,0,40.4285934205765,0,276.8807165241241,83242172.41474944,0,83242172.41474944,0,0,0
13.5,0,225.5,0,126.2817968598309,0,337.5,0,98.98154280688276,0,68.37822186946869,166438153.7343041,0,166438153.7343041,0,0,0
9.5,0,98.04,0,98.1777974296945,0,255.08,0,60.504831812086415,0,79.29894954681396,83241490.18902904,0,83241490.18902904,0,0,0
13.5,0,141.0,0,170.25265055163277,0,402.6,0,116.8161821847008,0,12.208114457130431,166437859.203689,0,166437859.203689,0,0,0
5.5,0,54.0,0,54.0,0,54.0,0,0.0,0,0.3408348083496094,6.551742553710938e-05,0,6.551742553710938e-05,0,0,0
13.5,0,1042.8,0,558.1346520524539,0,3322.0,0,1128.440254574008,0,0.0494607210159301,166430669.3450614,0,166430669.3450614,0,0,0
13.5,0,394.0,0,937.2565304664374,0,3322.0,0,1428.7939520207146,0,0.0396490097045898,166439243.8517456,0,166439243.8517456,0,0,0
13.5,0,67.6,0,514.816071841815,0,3322.0,0,1097.1153981750974,0,12.065571713447572,166421303.2358812,0,166421303.2358812,0,0,0
5.5,0,95.7,0,97.17535714285717,0,156.0,0,39.49270771880638,0,29.9513179063797,0.0219234943389892,0,0.0219234943389892,0,0,0
5.5,0,80.8,0,72.26015873015874,0,102.0,0,12.664835728996998,0,63.01122751235962,0.0214160203933715,0,0.0214160203933715,0,0,0
13.5,0,107.9,0,109.36792316343784,0,246.0,0,58.0375257502741,0,190.3165500879288,166428775.0588467,0,166428775.0588467,0,0,0
13.5,0,99.7,0,95.95474038001902,0,319.5,0,72.40543414656328,0,2983.32602493763,166439222.0901207,0,166439222.0901207,0,0,0
13.5,0,164.4,0,115.25738884009009,0,329.0,0,74.70433412965687,0,28.557906198501588,166430620.5901776,0,166430620.5901776,0,0,0
13.5,0,108.8,0,101.30786196603536,0,317.0,0,71.31544047957452,0,211.143073129654,166430263.19082618,0,166430263.19082618,0,0,0
13.5,0,1042.8,0,994.3465476663,0,3322.0,0,1467.6228890636617,0,0.0592493057250976,166428806.23508298,0,166428806.23508298,0,0,0
5.5,0,642.8,0,362.87428571428575,0,934.8,0,409.6236266581069,0,176.0044580936432,0.0046993017196655,0,0.0046993017196655,0,0,0
5.5,0,54.0,0,54.0,0,54.0,0,0.0,0,0.0053541183471679,6.604194641113281e-06,0,6.604194641113281e-06,0,0,0
5.5,0,95.0,0,109.19246031746032,0,156.0,0,37.16008930118808,0,30.71840188503265,0.0337049007415771,0,0.0337049007415771,0,0,0
13.5,0,89.5,0,155.58067131569842,0,1247.0,0,291.86150832028454,0,24.35607032775879,166430654.18111438,0,166430654.18111438,0,0,0
5.5,0,58.0,0,58.0,0,58.0,0,0.0,0,0.0187833547592163,6.411075592041015e-05,0,6.411075592041015e-05,0,0,0
9.5,0,347.29,0,341.449240425725,0,1087.14,0,404.1095925122704,0,28.21765058517456,83241646.14322664,0,83241646.14322664,0,0,0
13.5,0,878.6,0,812.3790756818001,0,2527.6,0,851.0437460842392,0,38.67718305587768,166430867.89835012,0,166430867.89835012,0,0,0
9.5,0,79.3,0,78.63066186419361,0,177.14,0,37.687401737983,0,650.799669497013,83243199.15679789,0,83243199.15679789,0,0,0
13.5,0,711.1,0,611.186313902386,0,1929.1,0,718.6767363103002,0,4.823200821876526,166430941.1996217,0,166430941.1996217,0,0,0
9.5,0,80.41,0,83.16500827938833,0,214.31,0,48.30795933883982,0,650.1779053258896,83243202.92929491,0,83243202.92929491,0,0,0
5.5,0,58.0,0,58.0,0,58.0,0,0.0,0,0.0206604957580566,0.0001397848129272,0,0.0001397848129272,0,0,0
13.5,0,72.0,0,70.55745832426948,0,75.2,0,4.030351688525366,0,0.3347938060760498,166439282.9101869,0,166439282.9101869,0,0,0
5.5,0,1922.4,0,2424.6366666666668,0,2922.0,0,618.9728427414317,0,0.8298861980438232,0.0009373903274536,0,0.0009373903274536,0,0,0
9.5,0,115.35,0,114.78076992610931,0,257.0,0,65.2415300792342,0,436.48155733346937,83243638.6219872,0,83243638.6219872,0,0,0
5.5,0,793.1,0,494.16107142857146,0,1089.0,0,493.1224100314591,0,0.1700566053390503,0.0009225845336914,0,0.0009225845336914,0,0,0
5.5,0,1369.2,0,1631.3914285714286,0,3686.0,0,830.4302433680534,0,29.26355857849121,0.0026450872421264,0,0.0026450872421264,0,0,0
5.5,0,214.3,0,400.83543650793655,0,1140.0,0,364.901465736668,0,86.25318093299866,0.0075397968292236,0,0.0075397968292236,0,0,0
13.5,0,1042.8,0,784.4194678919292,0,3322.0,0,1343.4998600065362,0,0.0341363430023193,166438226.9220342,0,166438226.9220342,0,0,0
5.5,0,76.0,0,64.16428571428571,0,110.4,0,16.45524403112725,0,111.70352330207824,0.0119364976882934,0,0.0119364976882934,0,0,0
13.5,0,105.9,0,335.0562087400903,0,515.0,0,187.56199771068955,0,91.15306265354155,166429889.2677561,0,166429889.2677561,0,0,0
13.5,0,102.0,0,112.3636130166703,0,252.4,0,60.192490129344414,0,5.335641503334045,166428983.0766279,0,166428983.0766279,0,0,0
13.5,0,93.5,0,99.67800630097456,0,225.2,0,60.43724619790341,0,41.434066557884215,166438159.3378099,0,166438159.3378099,0,0,0
9.5,0,334.12,0,378.85480322459625,0,1409.37,0,463.8187945297382,0,124.12036103010178,83241558.24090363,0,83241558.24090363,0,0,0
13.5,0,650.2,0,164.00588171245678,0,795.8,0,231.88353546936725,0,79.92271852493286,166439379.22012478,0,166439379.22012478,0,0,0
5.5,0,85.6,0,99.34714285714286,0,212.0,0,63.35925248249671,0,61.747206044197085,0.0121202945709228,0,0.0121202945709228,0,0,0
5.5,0,82.4,0,109.33269841269842,0,200.0,0,52.75114833611831,0,21.530983400344848,0.0015876054763793,0,0.0015876054763793,0,0,0
5.5,0,90.7,0,119.9890873015873,0,230.0,0,63.36036584745942,0,123.2861804008484,0.0099179029464721,0,0.0099179029464721,0,0,0
13.5,0,256.8,0,415.0320964372745,0,522.6,0,152.59775370924936,0,108.1043226480484,166438271.8164939,0,166438271.8164939,0,0,0
13.5,0,54.0,0,54.0,0,54.0,0,0.0,0,0.0,166429071.7904894,0,166429071.7904894,0,0,0
5.5,0,161.4,0,126.2877380952381,0,259.4,0,80.22023977825914,0,119.05393536090853,0.013598895072937,0,0.013598895072937,0,0,0
5.5,0,87.1,0,82.0611111111111,0,124.4,0,18.80449322149614,0,190.59946026802064,0.0151124000549316,0,0.0151124000549316,0,0,0
5.5,0,56.8,0,56.96523809523809,0,58.0,0,1.3326269273267166,0,0.0162555932998657,0.0008823871612548,0,0.0008823871612548,0,0,0
13.5,0,54.0,0,54.0,0,54.0,0,0.0,0,0.0468658924102783,166421052.57590002,0,166421052.57590002,0,0,0
13.5,0,79.0,0,124.89493043549156,0,441.0,0,104.49800659740328,0,10.391261768341064,166421101.09637982,0,166421101.09637982,0,0,0
13.5,0,151.2,0,137.86652175911465,0,364.0,0,103.97606666901068,0,394.0933457136154,166428813.6756817,0,166428813.6756817,0,0,0
13.5,0,100.0,0,61.59881379886024,0,130.7,0,19.467793830967658,0,29.73153398036957,166430298.8246353,0,166430298.8246353,0,0,0
5.5,0,117.9,0,110.53583333333331,0,207.0,0,61.44940041936279,0,383.6336597919464,0.0184405088424682,0,0.0184405088424682,0,0,0
13.5,0,497.4,0,316.26266222296795,0,517.8,0,182.2662817129425,0,60.020878601074216,166430654.3283532,0,166430654.3283532,0,0,0
5.5,0,393.8,0,341.26722222222224,0,2021.0,0,675.2284605618864,0,0.0149245023727417,0.0025408029556274,0,0.0025408029556274,0,0,0
9.5,0,117.55,0,130.0061369833297,0,329.48,0,86.38213456923093,0,25.71360147714615,83241782.84386766,0,83241782.84386766,0,0,0
5.5,0,103.0,0,114.50285714285717,0,213.6,0,58.58444267936342,0,646.5812821388245,0.0316961050033569,0,0.0316961050033569,0,0,0
13.5,0,98.0,0,124.66673485140592,0,441.0,0,99.96817196724264,0,100.9578232049942,166429892.1322422,0,166429892.1322422,0,0,0
13.5,0,184.8,0,135.75843784998972,0,317.5,0,77.24567770151643,0,333.64241018295286,166429805.8383873,0,166429805.8383873,0,0,0
5.5,0,123.7,0,113.74242063492063,0,179.5,0,42.790230974082974,0,72.72722952365875,0.0218790054321289,0,0.0218790054321289,0,0,0
9.5,0,104.67,0,93.65187646452272,0,238.22,0,54.70601630642373,0,392.40127348661423,83243579.78168586,0,83243579.78168586,0,0,0
13.5,0,54.0,0,54.0,0,54.0,0,0.0,0,0.0944310903549194,166438207.6988883,0,166438207.6988883,0,0,0
9.5,0,102.01,0,95.478174482724,0,243.59,0,61.25612569866131,0,311.8920574212074,83243883.18405245,0,83243883.18405245,0,0,0
13.5,0,211.8,0,186.0294037674572,0,1172.6,0,283.75801334991104,0,1.0094378232955932,166430872.7092587,0,166430872.7092587,0,0,0
5.5,0,790.6,0,1153.7472222222225,0,1494.0,0,405.5339225926382,0,10.558914256095886,0.0068753004074096,0,0.0068753004074096,0,0,0
9.5,0,107.74,0,110.9937856612342,0,238.89,0,58.44276316338262,0,65.28538265705109,83243710.44538818,0,83243710.44538818,0,0,0
5.5,0,104.9,0,108.0901984126984,0,328.5,0,93.47415696390811,0,0.3822882413864136,0.004652190208435,0,0.004652190208435,0,0,0
13.5,0,91.3,0,941.5414237813272,0,1514.0,0,682.372766718587,0,11.005371856689454,166430212.15702942,0,166430212.15702942,0,0,0
5.5,0,66.0,0,66.0,0,66.0,0,0.0,0,1.4249386548995973,2.47955322265625e-06,0,2.47955322265625e-06,0,0,0
9.5,0,132.52,0,146.40920611010935,0,334.79,0,88.10697093901379,0,206.0039929175377,83244276.3810227,0,83244276.3810227,0,0,0
9.5,0,107.02,0,108.73015039015851,0,290.87,0,66.33541590968385,0,161.7102030992508,83241887.7525391,0,83241887.7525391,0,0,0
13.5,0,155.7,0,103.70111257120932,0,282.7,0,70.25650141647421,0,18.18436095714569,166421654.0431845,0,166421654.0431845,0,0,0
5.5,0,498.4,0,308.1134920634921,0,933.6,0,391.6510180058999,0,10.573501372337342,0.0018107175827026,0,0.0018107175827026,0,0,0
13.5,0,60.0,0,70.17117648261612,0,156.0,0,25.40281106399357,0,189.82421464920043,166421125.847183,0,166421125.847183,0,0,0
5.5,0,58.0,0,58.0,0,58.0,0,0.0,0,0.0,1.931190490722656e-05,0,1.931190490722656e-05,0,0,0
13.5,0,115.9,0,87.87195095925746,0,218.0,0,42.66020500953814,0,19.344598937034608,166439329.1092127,0,166439329.1092127,0,0,0
13.5,0,98.4,0,82.95681090581246,0,222.6,0,47.48882499225935,0,29.51832952499389,166439306.9792459,0,166439306.9792459,0,0,0
9.5,0,119.87,0,103.36225226592292,0,236.84,0,57.28141087997541,0,8.767788314819336,83244148.82773837,0,83244148.82773837,0,0,0
13.5,0,105.0,0,101.185393639728,0,317.0,0,66.85044908649513,0,4.546773672103882,166430233.96738207,0,166430233.96738207,0,0,0
13.5,0,149.1,0,134.93996525232595,0,230.0,0,61.3223770351844,0,436.3191127538681,166428809.22454602,0,166428809.22454602,0,0,0
5.5,0,102.3,0,111.85035714285716,0,217.7,0,48.735736521331845,0,32.19005601406097,0.0067343950271606,0,0.0067343950271606,0,0,0
9.5,0,407.09,0,323.6049251202444,0,2042.25,0,561.1238224323058,0,58.53946744203567,83241554.39243342,0,83241554.39243342,0,0,0
9.5,0,349.91,0,288.56747170747207,0,1301.75,0,393.7428428214876,0,728.768168091774,83242263.2077516,0,83242263.2077516,0,0,0
13.5,0,189.2,0,117.66600882218916,0,389.2,0,99.2638600755544,0,0.1075161695480346,166430882.6420456,0,166430882.6420456,0,0,0
13.5,0,84.0,0,163.7411793830524,0,681.0,0,153.96721947318284,0,70.57914378643036,166430666.02569568,0,166430666.02569568,0,0,0
5.5,0,91.8,0,90.715,0,169.6,0,39.237535509423694,0,120.7655371427536,0.0203119039535522,0,0.0203119039535522,0,0,0
13.5,0,58.0,0,59.60505136762104,0,82.0,0,5.963943767941484,0,0.0017681121826171,166437853.63713,0,166437853.63713,0,0,0
13.5,0,510.8,0,571.3087077688394,0,2922.0,0,849.7403484902019,0,6.9147682905197145,166430373.8851114,0,166430373.8851114,0,0,0
9.5,0,193.0,0,184.23530243303307,0,640.65,0,175.1328593545655,0,3989.758887591362,83241142.58874951,0,83241142.58874951,0,0,0
13.5,0,528.1,0,264.5693572702667,0,2142.4,0,514.1234808862368,0,18.23328437805176,166430353.79382724,0,166430353.79382724,0,0,0
5.5,0,66.0,0,66.0,0,66.0,0,0.0,0,2.2130969285964968,0.0007125854492187,0,0.0007125854492187,0,0,0
13.5,0,84.1,0,104.97274740008872,0,317.0,0,71.56391117329702,0,17.510586524009703,166430779.96700877,0,166430779.96700877,0,0,0
5.5,0,84.4,0,84.87230158730158,0,103.8,0,9.674460123127565,0,128.32958524227143,0.036337399482727,0,0.036337399482727,0,0,0
9.5,0,479.88,0,431.85119101985055,0,1693.1,0,492.7421316894217,0,343.08324462652206,83243146.93093891,0,83243146.93093891,0,0,0
5.5,0,1514.0,0,1514.0,0,1514.0,0,0.0,0,3.8222051858901978,0.0010260105133056,0,0.0010260105133056,0,0,0
5.5,0,66.0,0,66.0,0,66.0,0,0.0,0,0.9120114803314208,1.5974044799804688e-06,0,1.5974044799804688e-06,0,0,0
13.5,0,86.4,0,151.49424216392484,0,488.0,0,142.49742985072209,0,16.81815297603607,166421719.95970172,0,166421719.95970172,0,0,0
5.5,0,54.0,0,54.0,0,54.0,0,0.0,0,0.0065778017044067,0.0005357027053833,0,0.0005357027053833,0,0,0
9.5,0,129.95,0,139.28331226315825,0,340.35,0,94.9193894843351,0,161.93932394981385,83244106.00460379,0,83244106.00460379,0,0,0
13.5,0,54.4,0,58.63444980715879,0,86.0,0,9.490741016117742,0,0.9543653964996338,166430334.69980958,0,166430334.69980958,0,0,0
5.5,0,1225.6,0,2015.983015873016,0,2974.0,0,897.2353532013888,0,1.9063003540039063,0.0036539077758789,0,0.0036539077758789,0,0,0
5.5,0,109.9,0,128.74805555555557,0,370.8,0,110.29167259109728,0,0.0793761491775512,0.0175791025161743,0,0.0175791025161743,0,0,0
13.5,0,116.9,0,115.64254277241508,0,223.6,0,61.26566656898656,0,54.11503674983978,166421300.60428518,0,166421300.60428518,0,0,0
13.5,0,129.7,0,133.7138088291997,0,357.0,0,92.0370980276017,0,18.0560180425644,166421309.8084214,0,166421309.8084214,0,0,0
13.5,0,105.4,0,109.7990919726988,0,303.0,0,69.52129806686744,0,10.182020592689517,166439324.46990252,0,166439324.46990252,0,0,0
5.5,0,122.0,0,111.3570238095238,0,203.0,0,54.50253164534073,0,132.60570192337036,0.0278948068618774,0,0.0278948068618774,0,0,0
13.5,0,54.0,0,54.0,0,54.0,0,0.0,0,0.5933683156967163,166438064.59055918,0,166438064.59055918,0,0,0
5.5,0,84.6,0,85.10523809523811,0,89.5,0,3.323769855712068,0,7.581710815429688e-06,2.09808349609375e-06,0,2.09808349609375e-06,0,0,0
13.5,0,71.3,0,176.32522235289647,0,1105.0,0,261.1026777831664,0,6.417538738250732,166421744.4058639,0,166421744.4058639,0,0,0
13.5,0,92.6,0,100.45978733985314,0,230.0,0,53.59377538794138,0,96.10112702846529,166438152.8812647,0,166438152.8812647,0,0,0
13.5,0,54.8,0,67.92684289953255,0,198.0,0,35.02990736487335,0,0.0109106302261352,166430372.7541761,0,166430372.7541761,0,0,0
13.5,0,54.0,0,56.67508561270172,0,58.0,0,1.790851267620394,0,0.1361080884933471,166438261.72958606,0,166438261.72958606,0,0,0
9.5,0,104.43,0,97.29043461371788,0,225.37,0,61.019977039044704,0,338.27021862745283,83242540.64630796,0,83242540.64630796,0,0,0
13.5,0,63.8,0,79.5496999702224,0,342.0,0,71.5695405381364,0,0.3472697019577026,166437976.31026453,0,166437976.31026453,0,0,0
13.5,0,387.0,0,119.61168889718812,0,486.8,0,122.05602861822136,0,16.276110792160033,166429142.8247344,0,166429142.8247344,0,0,0
5.5,0,1240.5,0,1049.9986111111111,0,1370.5,0,533.6629076631779,0,20.469361877441408,0.0077014207839965,0,0.0077014207839965,0,0,0
13.5,0,2527.6,0,2656.5316346261234,0,4410.0,0,1428.2973643321468,0,0.4404129743576049,166439295.9610857,0,166439295.9610857,0,0,0
13.5,0,106.7,0,98.49451416832224,0,194.7,0,39.91458514759457,0,196.7117554664612,166429884.4456659,0,166429884.4456659,0,0,0
13.5,0,747.5,0,217.59112848408904,0,1393.6,0,376.3864116331936,0,48.4024162530899,166429871.2464296,0,166429871.2464296,0,0,0
5.5,0,81.4,0,112.3250793650794,0,230.0,0,58.16114030321173,0,74.52226290702819,0.0415118932723999,0,0.0415118932723999,0,0,0
9.5,0,115.71,0,134.3263379117872,0,295.34,0,76.35979946319084,0,499.6016659808159,83243205.84796162,0,83243205.84796162,0,0,0
13.5,0,104.0,0,128.05967810655116,0,441.0,0,105.73888199265564,0,156.06152021884918,166421060.9542579,0,166421060.9542579,0,0,0
13.5,0,58.0,0,58.0,0,58.0,0,0.0,0,0.0,166439222.0068336,0,166439222.0068336,0,0,0
5.5,0,60.0,0,57.39603174603175,0,64.0,0,3.700457027331504,0,190.8876430034637,0.0082995891571044,0,0.0082995891571044,0,0,0
13.5,0,72.8,0,70.878321757362,0,76.4,0,4.324504890553852,0,0.6797462940216065,166430936.4811719,0,166430936.4811719,0,0,0
9.5,0,407.61,0,330.435727234324,0,1206.41,0,398.4047923316173,0,134.317459192276,83241625.7591153,0,83241625.7591153,0,0,0
13.5,0,1693.5,0,1025.2943091720804,0,5858.0,0,1594.1738050843655,0,6.999411296844483,166439327.99970952,0,166439327.99970952,0,0,0
5.5,0,703.9,0,236.87511904761905,0,992.7,0,304.44877047475194,0,0.1406717300415039,0.002652096748352,0,0.002652096748352,0,0,0
13.5,0,1374.9,0,949.4548102585408,0,4410.0,0,1239.836216027074,0,129.3314843893051,166429229.05011672,0,166429229.05011672,0,0,0
5.5,0,107.6,0,112.1834126984127,0,266.8,0,79.32068560744099,0,86.44073405265809,0.016844892501831,0,0.016844892501831,0,0,0
13.5,0,99.0,0,90.28023937921384,0,175.0,0,37.56866604609845,0,627.2747291564941,166429800.9367204,0,166429800.9367204,0,0,0
13.5,0,132.1,0,138.20391671795696,0,791.0,0,181.0714579910039,0,675.8298078298569,166438110.12008852,0,166438110.12008852,0,0,0
5.5,0,197.7,0,136.57805555555558,0,197.7,0,61.81585450298792,0,0.0847057819366455,0.0001551866531372,0,0.0001551866531372,0,0,0
13.5,0,88.2,0,567.468928089884,0,2866.0,0,829.5309586783278,0,203.5927834749222,166429021.810603,0,166429021.810603,0,0,0
9.5,0,573.87,0,551.000039632581,0,1225.86,0,393.2185838713577,0,12.902765817642212,83241900.02635288,0,83241900.02635288,0,0,0
13.5,0,62.2,0,1425.548801398979,0,4434.0,0,1782.3497769452013,0,22.643906784057616,166430325.3220394,0,166430325.3220394,0,0,0
5.5,0,96.1,0,68.63289682539683,0,139.7,0,28.12964196356622,0,162.81251819133757,0.0101984977722167,0,0.0101984977722167,0,0,0
13.5,0,193.9,0,150.52714037553434,0,341.4,0,99.75257207455022,0,167.21408479213716,166421021.2489478,0,166421021.2489478,0,0,0
5.5,0,105.4,0,81.97472222222221,0,152.1,0,29.97901838706315,0,82.4245233297348,0.017779803276062,0,0.017779803276062,0,0,0
9.5,0,110.37,0,113.91491237237138,0,313.3,0,83.01121518067653,0,319.9189642763138,83244089.21041378,0,83244089.21041378,0,0,0
5.5,0,58.0,0,58.0,0,58.0,0,0.0,0,0.0,2.5033950805664062e-06,0,2.5033950805664062e-06,0,0,0
13.5,0,83.5,0,69.0451848413884,0,266.8,0,51.18078919602821,0,1.0396928071975708,166428685.16906038,0,166428685.16906038,0,0,0
13.5,0,58.0,0,58.0,0,58.0,0,0.0,0,0.0,166430282.9119429,0,166430282.9119429,0,0,0
5.5,0,59.6,0,61.88634920634921,0,66.0,0,2.906570682500074,0,0.0663795948028564,0.0043987989425659,0,0.0043987989425659,0,0,0
5.5,0,110.0,0,93.44253968253967,0,149.6,0,35.18530449718567,0,67.81592717170716,0.01043701171875,0,0.01043701171875,0,0,0
13.5,0,102.9,0,99.19390425407066,0,317.0,0,70.63194964260876,0,497.2998363018036,166421268.5364243,0,166421268.5364243,0,0,0
13.5,0,1071.4,0,892.0537377869808,0,1494.0,0,686.2377579386459,0,0.857638955116272,166421727.0714473,0,166421727.0714473,0,0,0
5.5,0,66.0,0,66.0,0,66.0,0,0.0,0,0.9744247436523438,1.811981201171875e-06,0,1.811981201171875e-06,0,0,0
5.5,0,57.2,0,56.99015873015874,0,58.0,0,1.453285341250037,0,0.0025942325592041,2.789497375488281e-06,0,2.789497375488281e-06,0,0,0
5.5,0,108.8,0,125.40400793650797,0,272.1,0,78.85515512210603,0,9.590856313705444,0.0128561973571777,0,0.0128561973571777,0,0,0
13.5,0,54.0,0,54.0,0,54.0,0,0.0,0,0.1518881797790527,166421301.91202396,0,166421301.91202396,0,0,0
13.5,0,200.7,0,145.72513112446546,0,433.8,0,104.17666840332026,0,121.21227724552156,166429020.0695298,0,166429020.0695298,0,0,0
5.5,0,484.7,0,474.1111507936509,0,508.2,0,27.74546072907457,0,180.09234981536866,0.0029632091522216,0,0.0029632091522216,0,0,0
5.5,0,112.5,0,87.86535714285714,0,144.2,0,30.14761712278075,0,225.47169716358184,0.051075005531311,0,0.051075005531311,0,0,0
13.5,0,66.0,0,66.0,0,66.0,0,0.0,0,0.6380760431289673,166437398.63423532,0,166437398.63423532,0,0,0
13.5,0,66.0,0,66.0,0,66.0,0,0.0,0,0.6937035083770752,166421097.4272031,0,166421097.4272031,0,0,0
9.5,0,97.66,0,105.54787119145904,0,260.57,0,69.7432176032105,0,172.74330686807633,83243232.20035388,0,83243232.20035388,0,0,0
9.5,0,287.64,0,281.25483224691544,0,1078.95,0,367.8427481692933,0,133.07100774288176,83241770.4503492,0,83241770.4503492,0,0,0
13.5,0,97.0,0,85.59635404971705,0,211.6,0,37.24240755046343,0,69.02685039043426,166421674.4905737,0,166421674.4905737,0,0,0
13.5,0,85.6,0,99.13028802638708,0,441.0,0,94.61596018811328,0,62.49977819919586,166438066.24499992,0,166438066.24499992,0,0,0
9.5,0,196.46,0,258.1961398643926,0,1374.86,0,402.6267117220505,0,27.40405563831329,83242139.95251791,0,83242139.95251791,0,0,0
13.5,0,2779.2,0,2539.997774506196,0,2922.0,0,626.6887438267256,0,0.7731400012969971,166437398.62757862,0,166437398.62757862,0,0,0
13.5,0,107.6,0,114.57997971928312,0,230.0,0,55.585134182501214,0,37.5145718574524,166439306.3572182,0,166439306.3572182,0,0,0
5.5,0,210.8,0,272.91460317460314,0,1224.4,0,430.34718113716025,0,4.262001609802246,0.0008548974990844,0,0.0008548974990844,0,0,0
13.5,0,104.7,0,102.63656495723058,0,315.7,0,80.93615712853166,0,0.1445228099822998,166421683.7713715,0,166421683.7713715,0,0,0
13.5,0,156.3,0,275.01659640668925,0,2245.0,0,536.6108642236964,0,15.439370131492614,166429144.85886315,0,166429144.85886315,0,0,0
5.5,0,62.2,0,60.42809523809525,0,72.2,0,6.235946467136861,0,99.15576269626618,0.007208514213562,0,0.007208514213562,0,0,0
5.5,0,122.1,0,78.10305555555556,0,122.1,0,22.52819280947787,0,0.045197582244873,2.09808349609375e-06,0,2.09808349609375e-06,0,0,0
5.5,0,58.4,0,58.3715873015873,0,64.8,0,3.505965135441508,0,0.048523998260498,0.0012332916259765,0,0.0012332916259765,0,0,0
5.5,0,71.6,0,79.14984126984127,0,194.8,0,52.30739218241727,0,15.81611771583557,0.0024816036224365,0,0.0024816036224365,0,0,0
5.5,0,545.6,0,219.49547619047613,0,600.1,0,202.31486941868903,0,99.46931302547456,0.0093984127044677,0,0.0093984127044677,0,0,0
9.5,0,100.17,0,104.98046443979996,0,225.62,0,54.57439430047475,0,109.70556286811828,83243769.10591479,0,83243769.10591479,0,0,0
5.5,0,66.0,0,66.0,0,66.0,0,0.0,0,0.0304152727127075,0.0002483129501342,0,0.0002483129501342,0,0,0
13.5,0,119.3,0,128.18083827936772,0,441.0,0,113.63726940822536,0,198.38027260303497,166430705.1050686,0,166430705.1050686,0,0,0
5.5,0,104.2,0,121.94992063492064,0,287.6,0,78.12344274512431,0,13.525324511528016,0.0641315937042236,0,0.0641315937042236,0,0,0
5.5,0,54.0,0,54.0,0,54.0,0,0.0,0,0.0199723005294799,0.0001267910003662,0,0.0001267910003662,0,0,0
5.5,0,123.1,0,137.78972222222222,0,201.4,0,49.42239193842023,0,31.769134593009948,0.0208385944366455,0,0.0208385944366455,0,0,0
13.5,0,83.9,0,82.60677651811552,0,214.0,0,41.47081236883511,0,64.79625449180602,166430633.09985703,0,166430633.09985703,0,0,0
5.5,0,91.4,0,87.03579365079364,0,132.2,0,27.433844765980403,0,138.00199313163756,0.0223583936691284,0,0.0223583936691284,0,0,0
13.5,0,110.6,0,90.30243890354572,0,227.0,0,48.14955104670503,0,30.87293381690979,166430973.8047548,0,166430973.8047548,0,0,0
13.5,0,54.0,0,54.0,0,54.0,0,0.0,0,0.0963327884674072,166438224.99417287,0,166438224.99417287,0,0,0
5.5,0,54.0,0,54.0,0,54.0,0,0.0,0,1.1647693634033205,0.0014724969863891,0,0.0014724969863891,0,0,0
13.5,0,58.0,0,58.0,0,58.0,0,0.0,0,0.0,166430203.9974359,0,166430203.9974359,0,0,0
5.5,0,99.5,0,85.0552380952381,0,160.8,0,39.12813479641883,0,2942.6328624725343,0.0316298007965087,0,0.0316298007965087,0,0,0
13.5,0,58.0,0,58.53501712254034,0,66.0,0,1.9879812559804944,0,0.0,166428685.0234234,0,166428685.0234234,0,0,0
9.5,0,170.78,0,144.25649289594995,0,520.68,0,126.34454688013732,0,86.99218524932861,83243164.05554314,0,83243164.05554314,0,0,0
5.5,0,1113.9,0,423.59503968253966,0,1410.9,0,458.4224799719544,0,61.39064207077026,0.0089247941970825,0,0.0089247941970825,0,0,0
5.5,0,84.5,0,85.43519841269841,0,119.1,0,19.138372430647625,0,2.975937581062317,0.0140048027038574,0,0.0140048027038574,0,0,0
5.5,0,69.2,0,71.90603174603174,0,74.0,0,2.282462498922411,0,45.02841827869416,0.0021077156066894,0,0.0021077156066894,0,0,0
9.5,0,1886.0,0,1907.4589096490024,0,2768.0,0,652.906041130091,0,17.67141053199768,83242134.80999866,0,83242134.80999866,0,0,0
13.5,0,966.3,0,1119.878131943306,0,7306.0,0,1761.113509446978,0,74.79674146175384,166430864.01155192,0,166430864.01155192,0,0,0
13.5,0,1668.3,0,644.0675400657134,0,7264.8,0,1706.6595943124526,0,14.875862383842469,166437965.1842354,0,166437965.1842354,0,0,0
5.5,0,58.0,0,56.19047619047619,0,70.0,0,5.314984920419405,0,0.5168366193771362,0.0006208181381225,0,0.0006208181381225,0,0,0
5.5,0,1658.8,0,1528.48,0,1658.8,0,43.440000000000005,0,2.883886909484864,0.0013209819793701,0,0.0013209819793701,0,0,0
9.5,0,92.92,0,82.59987625506588,0,215.41,0,50.57640536945391,0,62.90647027492523,83242510.53109583,0,83242510.53109583,0,0,0
13.5,0,467.8,0,1243.668658834286,0,2962.0,0,736.3136972826258,0,13.607222628593444,166430943.7700428,0,166430943.7700428,0,0,0
9.5,0,62.62,0,66.70171831866104,0,132.84,0,23.43413079289066,0,12.92754281282425,83241460.32866082,0,83241460.32866082,0,0,0
5.5,0,95.5,0,83.61027777777778,0,218.5,0,54.18345958167591,0,24.70222861766815,0.0056602001190185,0,0.0056602001190185,0,0,0
9.5,0,101.42,0,102.9520385082324,0,232.48,0,51.60836194392354,0,536.8969128966331,83242879.73943973,0,83242879.73943973,0,0,0
13.5,0,122.3,0,104.4872126205408,0,315.7,0,70.25425178019891,0,116.31414539813996,166421906.0088242,0,166421906.0088242,0,0,0
13.5,0,1388.4,0,2937.815868550094,0,5894.0,0,1623.1423368744122,0,32.63177723884583,166421105.4586571,0,166421105.4586571,0,0,0
5.5,0,106.6,0,75.33103174603175,0,121.4,0,21.05100751318087,0,12799.536352872849,0.0082401037216186,0,0.0082401037216186,0,0,0
9.5,0,76.15,0,80.37091298686693,0,153.03,0,32.058594046009205,0,95.2280887389183,83243520.90559211,0,83243520.90559211,0,0,0
5.5,0,65.5,0,68.05742063492063,0,94.4,0,13.537885499661268,0,50.16577234268188,0.0085833072662353,0,0.0085833072662353,0,0,0
5.5,0,66.1,0,61.879642857142855,0,90.4,0,10.488817174230716,0,96.18478119373322,4.4918060302734376e-05,0,4.4918060302734376e-05,0,0,0
13.5,0,109.5,0,118.4820978020088,0,441.0,0,107.77738144714884,0,27.66098325252533,166421125.60159472,0,166421125.60159472,0,0,0
13.5,0,90.6,0,71.67085760730497,0,181.2,0,32.074245501442725,0,3168.1622681617737,166437946.7406045,0,166437946.7406045,0,0,0
5.5,0,552.1,0,238.53492063492064,0,1100.0,0,350.7281647934037,0,21.713746619224548,0.0091960906982421,0,0.0091960906982421,0,0,0
9.5,0,141.03,0,165.96616910080803,0,549.94,0,146.09535597671484,0,34.73731869220734,83243763.12221909,0,83243763.12221909,0,0,0
13.5,0,190.2,0,141.47325302363615,0,441.0,0,117.69853461513362,0,49.02175188064575,166428666.1114884,0,166428666.1114884,0,0,0
5.5,0,85.2,0,61.24222222222223,0,102.0,0,15.90194097398044,0,86.45276205539703,0.0007679939270019,0,0.0007679939270019,0,0,0
9.5,0,105.93,0,117.36099318199858,0,283.57,0,70.44811351383532,0,192.0201527762413,83243350.23451062,0,83243350.23451062,0,0,0
13.5,0,387.0,0,136.50386193098265,0,486.8,0,123.55712186512916,0,50.45034210681915,166430289.8954136,0,166430289.8954136,0,0,0
5.5,0,116.2,0,113.50492063492064,0,250.2,0,80.22937953710357,0,50.17127158641815,0.0172340154647827,0,0.0172340154647827,0,0,0
13.5,0,120.6,0,125.54209918263707,0,230.0,0,63.32681685068162,0,243.85824303627007,166430424.7175334,0,166430424.7175334,0,0,0
13.5,0,109.0,0,123.07590912484493,0,441.0,0,111.4118850105649,0,94.70156373977662,166421192.1552111,0,166421192.1552111,0,0,0
5.5,0,103.5,0,91.52968253968254,0,169.0,0,37.21919893032443,0,37.01840434074402,0.0116647005081176,0,0.0116647005081176,0,0,0
13.5,0,58.0,0,58.0,0,58.0,0,0.0,0,0.0,166428714.8367257,0,166428714.8367257,0,0,0
13.5,0,1323.8,0,1205.9838510019392,0,3975.6,0,1072.6723909976738,0,12.65478060245514,166439331.1140874,0,166439331.1140874,0,0,0
5.5,0,97.1,0,113.54234126984127,0,198.4,0,52.69628309820133,0,432.0965021371841,0.0278816223144531,0,0.0278816223144531,0,0,0
5.5,0,1514.0,0,1514.0,0,1514.0,0,0.0,0,2.928105592727661,0.0004487037658691,0,0.0004487037658691,0,0,0
13.5,0,61.4,0,60.47126284190525,0,66.8,0,1.6857953856011445,0,0.0105379104614257,166421341.8948767,0,166421341.8948767,0,0,0
5.5,0,779.2,0,559.7693650793651,0,1810.0,0,746.7581151431414,0,28.303970718383788,0.0121587991714477,0,0.0121587991714477,0,0,0
9.5,0,83.29,0,81.81736180030839,0,218.53,0,45.2473257489793,0,5.388487112522125,83241464.1824374,0,83241464.1824374,0,0,0
9.5,0,104.24,0,94.66985523532196,0,189.08,0,43.58070698638497,0,345.1928840327263,83243784.13419476,0,83243784.13419476,0,0,0
5.5,0,101.1,0,87.8457142857143,0,158.0,0,31.06456157198105,0,429.4687591791153,0.0091277122497558,0,0.0091277122497558,0,0,0
5.5,0,57.6,0,56.82841269841269,0,57.6,0,1.3888043677822106,0,0.0042199850082397,0.000132417678833,0,0.000132417678833,0,0,0
13.5,0,645.2,0,565.1024635082838,0,2962.0,0,856.5129777686346,0,24.311445116996765,166430997.7141648,0,166430997.7141648,0,0,0
5.5,0,85.8,0,81.8676984126984,0,173.0,0,44.22125478608406,0,111.52740716934204,0.0134593963623046,0,0.0134593963623046,0,0,0
5.5,0,127.0,0,133.94833333333332,0,222.4,0,50.29266345196946,0,76.69977107048035,0.0120007991790771,0,0.0120007991790771,0,0,0
13.5,0,1779.6,0,2294.4614587167216,0,2922.0,0,804.416110851144,0,3.7616328954696656,166438143.7115315,0,166438143.7115315,0,0,0
13.5,0,796.4,0,1216.460179430133,0,2922.0,0,1339.8761375775923,0,1.031238675117493,166430373.2079235,0,166430373.2079235,0,0,0
5.5,0,59.6,0,61.88634920634921,0,66.0,0,2.906570682500074,0,2.153065299987793,0.0023422956466674,0,0.0023422956466674,0,0,0
9.5,0,106.11,0,96.8581007053662,0,273.16,0,67.54241995827572,0,167.82863340616225,83242305.9829988,0,83242305.9829988,0,0,0
5.5,0,112.7,0,147.98496031746032,0,317.0,0,89.41079027820051,0,79.82472019195556,0.0126717090606689,0,0.0126717090606689,0,0,0
9.5,0,224.49,0,315.0167198041896,0,1252.32,0,365.43288028391856,0,122.49613461732864,83243911.42234331,0,83243911.42234331,0,0,0
13.5,0,147.1,0,99.39578396148056,0,412.2,0,83.46937060147344,0,45.14984982013702,166429003.8842035,0,166429003.8842035,0,0,0
5.5,0,70.6,0,75.30753968253968,0,131.0,0,25.160456573604765,0,80.0325795173645,0.0110975980758666,0,0.0110975980758666,0,0,0
9.5,0,108.21,0,108.40464608654162,0,240.3,0,63.16961925879318,0,463.24391427516935,83243691.33933143,0,83243691.33933143,0,0,0
5.5,0,131.0,0,158.21698412698413,0,327.3,0,117.5063887590896,0,37.63917279243469,0.0139194011688232,0,0.0139194011688232,0,0,0
13.5,0,58.4,0,58.25608531131751,0,66.0,0,1.967347941906304,0,0.2673262119293212,166421337.45537892,0,166421337.45537892,0,0,0
13.5,0,107.8,0,110.32205867704708,0,441.0,0,99.92780173388162,0,26.63144521713257,166428650.792826,0,166428650.792826,0,0,0
5.5,0,354.6,0,431.22357142857146,0,1351.2,0,569.7395778661144,0,7.711745691299439,0.0056158065795898,0,0.0056158065795898,0,0,0
13.5,0,412.2,0,1088.1291377198652,0,5858.0,0,1617.03846321098,0,2.4113691091537475,166439381.19621968,0,166439381.19621968,0,0,0
5.5,0,1370.0,0,1356.2285714285713,0,1514.0,0,360.0873214076873,0,2.031164312362671,0.0017086029052734,0,0.0017086029052734,0,0,0
5.5,0,58.0,0,58.0,0,58.0,0,0.0,0,0.0,0.0004260063171386,0,0.0004260063171386,0,0,0
13.5,0,115.7,0,112.01957445461316,0,333.6,0,76.93059301774852,0,19.32872936725617,166430720.5789873,0,166430720.5789873,0,0,0
5.5,0,58.0,0,58.0,0,58.0,0,0.0,0,0.0,2.040863037109375e-05,0,2.040863037109375e-05,0,0,0
9.5,0,291.41,0,242.04020498142208,0,1508.25,0,413.4852167196428,0,51.28082351922989,83241884.44691882,0,83241884.44691882,0,0,0
13.5,0,84.9,0,111.77070451392431,0,441.0,0,99.08352003467569,0,30.32936260700226,166439110.9519752,0,166439110.9519752,0,0,0
5.5,0,57.2,0,56.42031746031746,0,58.8,0,1.92994316494446,0,16.875802063941954,0.0025917053222656,0,0.0025917053222656,0,0,0
5.5,0,765.8,0,563.444126984127,0,1091.4,0,474.539490478848,0,68.607040143013,0.0135730028152465,0,0.0135730028152465,0,0,0
13.5,0,130.2,0,87.53285091628358,0,213.6,0,45.33379103050757,0,65.09640538692474,166438160.37747097,0,166438160.37747097,0,0,0
13.5,0,509.6,0,285.8029048230751,0,2414.0,0,606.582043239853,0,0.7418412208557129,166438170.64983922,0,166438170.64983922,0,0,0
13.5,0,75.8,0,112.20291636725848,0,317.0,0,76.66390813078695,0,111.11525309085846,166421344.53543788,0,166421344.53543788,0,0,0
13.5,0,1087.0,0,628.9386158861778,0,1514.0,0,696.4953929950004,0,73.08632984161378,166430889.2252682,0,166430889.2252682,0,0,0
13.5,0,68.3,0,67.7224921054178,0,74.0,0,3.230180403664485,0,0.1286558866500854,166430981.39170402,0,166430981.39170402,0,0,0
13.5,0,166.4,0,114.4972868875191,0,380.4,0,86.00000129096432,0,164.40582575798035,166429891.4425877,0,166429891.4425877,0,0,0
13.5,0,831.2,0,1688.0614655820616,0,4410.0,0,891.4416429562328,0,16.050401592254637,166430685.3735636,0,166430685.3735636,0,0,0
5.5,0,79.4,0,81.69769841269841,0,139.6,0,29.50312211107438,0,111.89370987415312,0.0116861820220947,0,0.0116861820220947,0,0,0
13.5,0,58.0,0,67.19907302020306,0,214.0,0,39.20491161979327,0,0.1281607866287231,166428824.7705622,0,166428824.7705622,0,0,0
5.5,0,81.5,0,72.49753968253968,0,99.8,0,11.599651871065516,0,45.40206418037415,0.0114270210266113,0,0.0114270210266113,0,0,0
13.5,0,236.5,0,266.01883994445524,0,1514.0,0,488.8170603293101,0,11.554598808288574,166439105.9386697,0,166439105.9386697,0,0,0
5.5,0,55.6,0,55.441428571428574,0,57.6,0,1.749201614827075,0,0.0100092649459838,0.0029767036437988,0,0.0029767036437988,0,0,0
5.5,0,84.3,0,73.8351984126984,0,141.5,0,27.862700864177725,0,290.4661921262741,0.0089581966400146,0,0.0089581966400146,0,0,0
13.5,0,66.0,0,327.0214786593696,0,1514.0,0,514.0594760506908,0,2.8736241817474366,166430940.9387378,0,166430940.9387378,0,0,0
5.5,0,113.6,0,146.0218253968254,0,230.0,0,74.29484115792718,0,154.80527510643006,0.0602036952972412,0,0.0602036952972412,0,0,0
5.5,0,83.8,0,103.0940476190476,0,212.0,0,61.94810241972279,0,291.34515664577486,0.0087692022323608,0,0.0087692022323608,0,0,0
13.5,0,58.0,0,58.0,0,58.0,0,0.0,0,0.0,166421212.8528966,0,166421212.8528966,0,0,0
13.5,0,1231.1,0,1003.4187598516894,0,1803.6,0,711.0170627592495,0,66.72597117424012,166430756.05795938,0,166430756.05795938,0,0,0
5.5,0,66.0,0,66.0,0,66.0,0,0.0,0,1.8602446079254151,0.0015460968017578,0,0.0015460968017578,0,0,0
5.5,0,132.8,0,158.9195238095238,0,377.7,0,109.20824806153357,0,266.34165189266207,0.0280545949935913,0,0.0280545949935913,0,0,0
13.5,0,154.6,0,172.7419301329905,0,414.0,0,120.64330703635213,0,207.4395071744919,166438026.79544958,0,166438026.79544958,0,0,0
5.5,0,237.8,0,516.7134126984128,0,1514.0,0,492.65376896786375,0,49.69468872547149,0.0045552015304565,0,0.0045552015304565,0,0,0
13.5,0,58.0,0,58.0,0,58.0,0,0.0,0,0.0,166430687.12288117,0,166430687.12288117,0,0,0
13.5,0,70.5,0,108.65882495084897,0,352.0,0,95.5354207721632,0,86.35131628513336,166428868.0855895,0,166428868.0855895,0,0,0
13.5,0,524.3,0,285.9305172549329,0,2416.0,0,631.3941583855869,0,0.1084088325500488,166421720.7948893,0,166421720.7948893,0,0,0
5.5,0,107.0,0,125.9201587301587,0,307.8,0,89.37383768764133,0,81.54850549697876,0.0078533887863159,0,0.0078533887863159,0,0,0
13.5,0,79.3,0,103.04491401314544,0,230.0,0,61.30323579228658,0,8.438413953781128,166428905.0803131,0,166428905.0803131,0,0,0
13.5,0,67.4,0,70.09193538315829,0,172.0,0,33.94104222163817,0,62.15562222003937,166430884.79333138,0,166430884.79333138,0,0,0
13.5,0,54.0,0,54.0,0,54.0,0,0.0,0,0.0474324226379394,166430281.4349375,0,166430281.4349375,0,0,0
13.5,0,54.0,0,54.0,0,54.0,0,0.0,0,0.0076527118682861,166428823.47052172,0,166428823.47052172,0,0,0
9.5,0,173.95,0,224.78981261119344,0,875.68,0,251.71212943095333,0,117.3174530863762,83243169.89113353,0,83243169.89113353,0,0,0
5.5,0,94.9,0,78.96365079365079,0,136.4,0,21.91721635471496,0,144.18029358386994,0.0077561140060424,0,0.0077561140060424,0,0,0
13.5,0,2238.0,0,1916.3126149272125,0,8030.0,0,2173.5316075967057,0,1.7946965932846068,166430813.7762738,0,166430813.7762738,0,0,0
5.5,0,92.0,0,81.89,0,148.8,0,32.767057799724405,0,281.6529933929443,0.0175798892974853,0,0.0175798892974853,0,0,0
5.5,0,54.0,0,54.0,0,54.0,0,0.0,0,0.0039833545684814,1.6927719116210937e-06,0,1.6927719116210937e-06,0,0,0
5.5,0,58.0,0,58.0,0,58.0,0,0.0,0,0.0,3.314018249511719e-06,0,3.314018249511719e-06,0,0,0
13.5,0,73.9,0,93.00514766451298,0,344.0,0,72.50848761179887,0,466.8795695781708,166421268.3676484,0,166421268.3676484,0,0,0
5.5,0,427.1,0,949.7214285714286,0,3024.0,0,1023.4491249822285,0,0.3116835117340087,0.0012490034103393,0,0.0012490034103393,0,0,0
5.5,0,144.7,0,130.11099206349206,0,250.2,0,72.59386431604008,0,42.2094172000885,0.0188180923461914,0,0.0188180923461914,0,0,0
13.5,0,86.5,0,76.21862366048126,0,192.2,0,37.53566787366545,0,112.01894998550416,166439284.84446007,0,166439284.84446007,0,0,0
5.5,0,58.0,0,58.0,0,58.0,0,0.0,0,0.0153447389602661,2.8085708618164065e-05,0,2.8085708618164065e-05,0,0,0
13.5,0,205.0,0,262.7279108391608,0,1295.5,0,357.4181879793029,0,300.1408403635025,166421601.5636332,0,166421601.5636332,0,0,0
13.5,0,1369.2,0,497.53434431366713,0,1385.6,0,547.9788320120293,0,22.72552764415741,166430319.0678063,0,166430319.0678063,0,0,0
5.5,0,119.3,0,115.63138888888888,0,254.0,0,70.7934745997508,0,227.2444546461105,0.0153462886810302,0,0.0153462886810302,0,0,0
13.5,0,66.0,0,95.76032744130654,0,284.0,0,67.76705660160584,0,0.0753670930862426,166428755.2824512,0,166428755.2824512,0,0,0
5.5,0,64.8,0,65.01595238095237,0,66.0,0,1.9040885691418328,0,4.625732707977295,0.0028109073638916,0,0.0028109073638916,0,0,0
13.5,0,111.5,0,94.0641849645023,0,230.0,0,55.61838344135138,0,300.50891251564025,166421689.38986892,0,166421689.38986892,0,0,0
13.5,0,1059.3,0,1382.4968855976326,0,1514.0,0,339.138193019428,0,14.003822875022887,166430855.2640759,0,166430855.2640759,0,0,0
13.5,0,54.0,0,55.07003424508069,0,58.0,0,1.7554306549768224,0,0.1203047037124633,166438244.86729923,0,166438244.86729923,0,0,0
13.5,0,103.3,0,69.69377321981423,0,116.8,0,11.687027550410278,0,941.8684444189072,166439112.865489,0,166439112.865489,0,0,0
5.5,0,1224.9,0,1115.735238095238,0,1384.0,0,466.5558424949424,0,57.900030088424685,0.0038189888000488,0,0.0038189888000488,0,0,0
5.5,0,654.7,0,211.6896031746032,0,792.1,0,258.41588710999173,0,247.6958688020706,0.0127731084823608,0,0.0127731084823608,0,0,0
5.5,0,356.4,0,506.3057142857143,0,1370.0,0,597.2628917143873,0,1.243021845817566,0.0006530046463012,0,0.0006530046463012,0,0,0
13.5,0,340.7,0,276.1643461766991,0,2281.7,0,532.8785104381801,0,157.61296210289,166421655.2544528,0,166421655.2544528,0,0,0
9.5,0,136.45,0,138.98467666015617,0,355.83,0,107.89911681079052,0,134.55017456531525,83243171.55241138,0,83243171.55241138,0,0,0
13.5,0,1542.0,0,2917.1508990081124,0,4434.0,0,1624.0702733600317,0,0.8703867197036743,166430834.9072888,0,166430834.9072888,0,0,0
5.5,0,1358.6,0,3337.582936507936,0,8634.0,0,2640.136655109499,0,55.756493139266965,0.0084306001663208,0,0.0084306001663208,0,0,0
9.5,0,97.97,0,114.44912382882856,0,297.42,0,73.98316544019208,0,23.20476550817489,83242999.28141405,0,83242999.28141405,0,0,0
5.5,0,390.2,0,268.2560714285714,0,417.5,0,146.77676125341154,0,29.752212643623352,0.0043058156967163,0,0.0043058156967163,0,0,0
5.5,0,70.9,0,64.45345238095237,0,109.4,0,19.18999289963845,0,89.95289604663849,0.0112653017044067,0,0.0112653017044067,0,0,0
13.5,0,59.5,0,60.5539597511192,0,109.0,0,14.143193158305444,0,14.118661546707154,166428993.53123662,0,166428993.53123662,0,0,0
5.5,0,1065.6,0,955.7804761904764,0,1802.8,0,682.5531568213821,0,15.74732301235199,0.0023995876312255,0,0.0023995876312255,0,0,0
5.5,0,96.6,0,93.00857142857144,0,134.2,0,36.47555150062605,0,42.614931964874266,0.0056799888610839,0,0.0056799888610839,0,0,0
13.5,0,278.2,0,123.48662612284517,0,565.8,0,123.39255095380304,0,0.0563416481018066,166439238.1898705,0,166439238.1898705,0,0,0
13.5,0,67.4,0,61.47071645159106,0,126.6,0,16.799043782129196,0,17.581123304367065,166430934.81727588,0,166430934.81727588,0,0,0
5.5,0,69.4,0,65.38277777777776,0,103.6,0,16.13254958275715,0,165.52902708053588,0.0055755853652954,0,0.0055755853652954,0,0,0
9.5,0,119.39,0,110.37250931365678,0,308.63,0,73.38816546894127,0,464.4525591254234,83243324.03326565,0,83243324.03326565,0,0,0
5.5,0,58.0,0,58.0,0,58.0,0,0.0,0,0.0,2.9802322387695312e-06,0,2.9802322387695312e-06,0,0,0
9.5,0,185.45,0,181.38164835083225,0,643.93,0,189.52308296226963,0,108.0939355301857,83242496.64293836,0,83242496.64293836,0,0,0
5.5,0,94.9,0,96.3572619047619,0,170.4,0,39.493575647201496,0,151.19832723140718,0.008839988708496,0,0.008839988708496,0,0,0
13.5,0,115.7,0,130.9199762956342,0,387.3,0,90.02430121181987,0,192.7654200077057,166421289.61102563,0,166421289.61102563,0,0,0
9.5,0,115.74,0,113.09629295730068,0,252.05,0,66.56088011721229,0,562.838293170929,83242607.60193935,0,83242607.60193935,0,0,0
5.5,0,129.3,0,87.51043650793652,0,156.6,0,33.09853701364774,0,3.1491857051849363,0.010905385017395,0,0.010905385017395,0,0,0
9.5,0,94.61,0,93.79901366353803,0,219.74,0,47.50382884441374,0,57.34605661630631,83241879.7542636,0,83241879.7542636,0,0,0
13.5,0,353.3,0,2595.2241930974947,0,4434.0,0,1622.713587720977,0,80.15148022174836,166438048.7461082,0,166438048.7461082,0,0,0
5.5,0,106.0,0,110.32238095238094,0,200.8,0,46.2003389673229,0,54.27339763641358,0.018218183517456,0,0.018218183517456,0,0,0
13.5,0,55.6,0,69.08918051891348,0,156.0,0,33.799261695705816,0,0.0093651056289672,166421755.9362775,0,166421755.9362775,0,0,0
9.5,0,305.92,0,316.77184408612544,0,1977.54,0,542.2554096337485,0,157.76083708047867,83244018.44577096,0,83244018.44577096,0,0,0
9.5,0,172.75,0,131.31797917369008,0,305.98,0,87.06630323521289,0,288.4956703591347,83242919.63129051,0,83242919.63129051,0,0,0
5.5,0,97.1,0,76.03876984126984,0,125.1,0,18.48426111435532,0,0.5467401027679444,0.0117893934249877,0,0.0117893934249877,0,0,0
13.5,0,54.4,0,56.94259417397189,0,58.0,0,1.563938354321132,0,0.0066334009170532,166428732.4893975,0,166428732.4893975,0,0,0
13.5,0,105.6,0,1636.3000728622944,0,4434.0,0,1764.0461483037518,0,95.79304921627045,166428757.51191768,0,166428757.51191768,0,0,0
13.5,0,90.3,0,97.21000895690136,0,317.0,0,68.62742430814595,0,22.649578046798705,166428739.4935448,0,166428739.4935448,0,0,0
9.5,0,121.02,0,121.66919984809653,0,261.37,0,68.07121182136147,0,534.7055687236785,83242204.61894621,0,83242204.61894621,0,0,0
13.5,0,144.1,0,180.4963007627907,0,309.4,0,95.31743820244392,0,0.0996408224105835,166430831.3818712,0,166430831.3818712,0,0,0
9.5,0,122.68,0,115.57765210786803,0,381.6,0,94.4096946405361,0,66.84044029951096,83243391.80239192,0,83243391.80239192,0,0,0
13.5,0,66.0,0,719.255906621758,0,3322.0,0,1152.6744620743025,0,0.1422004222869873,166429004.2883642,0,166429004.2883642,0,0,0
5.5,0,94.7,0,128.9113888888889,0,244.0,0,60.5733402175384,0,53.50030002593994,0.0137269973754882,0,0.0137269973754882,0,0,0
13.5,0,127.5,0,97.09740408842964,0,230.0,0,55.61111352097125,0,408.0822252988816,166421180.1531709,0,166421180.1531709,0,0,0
5.5,0,92.6,0,94.55166666666666,0,186.4,0,45.01301079413285,0,203.5696358203888,0.0200214862823486,0,0.0200214862823486,0,0,0
5.5,0,106.7,0,92.33162698412698,0,255.5,0,62.888329886115365,0,31.31551730632782,0.017222785949707,0,0.017222785949707,0,0,0
9.5,0,155.38,0,205.22980670121072,0,726.15,0,213.5828775363396,0,34.30775483608246,83242215.431106,0,83242215.431106,0,0,0
5.5,0,90.6,0,110.6953968253968,0,214.0,0,51.532421300436624,0,653.340042591095,0.0025154113769531,0,0.0025154113769531,0,0,0
13.5,0,66.0,0,257.0011127469022,0,1494.0,0,483.10755049832113,0,2.588327980041504,166438143.56999698,0,166438143.56999698,0,0,0
13.5,0,66.0,0,64.92996575491932,0,66.0,0,3.073437704847592,0,9.339434051513672,166430282.6943366,0,166430282.6943366,0,0,0
5.5,0,1121.0,0,829.3430158730158,0,2102.4,0,825.1929981289106,0,56.974854063987735,0.0034429788589477,0,0.0034429788589477,0,0,0
9.5,0,429.53,0,379.2472127768602,0,1402.28,0,454.801406957593,0,188.0116624236107,83241559.98054667,0,83241559.98054667,0,0,0
5.5,0,60.6,0,66.22333333333333,0,90.0,0,12.078510292665133,0,52.66675379276276,0.007086706161499,0,0.007086706161499,0,0,0
13.5,0,57.5,0,66.57941582969832,0,156.0,0,25.452426383544086,0,7.184952902793884,166430971.1222042,0,166430971.1222042,0,0,0
13.5,0,109.0,0,76.3060644257703,0,200.5,0,33.60461415029867,0,18.90724985599518,166429078.0745298,0,166429078.0745298,0,0,0
13.5,0,68.6,0,95.77973414700196,0,230.0,0,58.594225499195865,0,221.04022140502929,166421096.6496334,0,166421096.6496334,0,0,0
13.5,0,55.2,0,64.26518956877315,0,156.0,0,26.79780802940234,0,1.3880234956741333,166430687.2760252,0,166430687.2760252,0,0,0
5.5,0,162.4,0,152.22301587301587,0,273.2,0,75.91702088933775,0,139.41942298412323,0.0088517904281616,0,0.0088517904281616,0,0,0
5.5,0,283.9,0,643.3451984126983,0,1999.0,0,669.3061317855224,0,64.02882792949677,0.0049980878829956,0,0.0049980878829956,0,0,0
5.5,0,127.8,0,194.71452380952377,0,441.0,0,135.96697898690442,0,0.1441939115524292,0.0236779928207397,0,0.0236779928207397,0,0,0
5.5,0,66.0,0,66.0,0,66.0,0,0.0,0,0.7551876306533813,1.811981201171875e-06,0,1.811981201171875e-06,0,0,0
5.5,0,59.1,0,67.8377380952381,0,99.0,0,15.4234541168865,0,303.6221027851105,0.0034312009811401,0,0.0034312009811401,0,0,0
9.5,0,184.46,0,219.72866390107137,0,983.07,0,264.60178833909055,0,16.377927236557007,83244260.21811712,0,83244260.21811712,0,0,0
9.5,0,224.16,0,223.12302008650968,0,1051.87,0,285.50383497250374,0,263.6719528436661,83242600.32247028,0,83242600.32247028,0,0,0
13.5,0,76.6,0,747.7119981386003,0,1514.0,0,707.4092057069704,0,30.46749994754792,166430863.40928903,0,166430863.40928903,0,0,0
13.5,0,58.0,0,58.0,0,58.0,0,0.0,0,0.0,166421337.36532828,0,166421337.36532828,0,0,0
9.5,0,83.14,0,78.8664079537164,0,199.91,0,42.15977595389448,0,471.6676236748696,83243575.69328289,0,83243575.69328289,0,0,0
9.5,0,105.46,0,109.38464904007245,0,257.34,0,66.05425520904716,0,216.98886085510253,83242910.38225628,0,83242910.38225628,0,0,0
5.5,0,65.1,0,66.4636111111111,0,77.0,0,8.603615098269593,0,96.83496696949004,0.0073026895523071,0,0.0073026895523071,0,0,0
13.5,0,101.9,0,119.65226954461087,0,441.0,0,105.032010762458,0,23.234530520439147,166430761.9464596,0,166430761.9464596,0,0,0
13.5,0,54.8,0,55.39859543792981,0,58.0,0,1.8947449118000388,0,0.003119421005249,166428751.1951808,0,166428751.1951808,0,0,0
5.5,0,58.0,0,58.0,0,58.0,0,0.0,0,0.0,3.2186508178710938e-06,0,3.2186508178710938e-06,0,0,0
5.5,0,55.2,0,54.2588888888889,0,55.2,0,0.4818864772080827,0,0.0324053287506103,0.0009680032730102,0,0.0009680032730102,0,0,0
5.5,0,54.4,0,55.17158730158731,0,58.0,0,1.3888043677822106,0,0.0035619974136352,0.0001900911331176,0,0.0001900911331176,0,0,0
5.5,0,173.2,0,113.93468253968254,0,458.8,0,126.9839183381162,0,21.52473735809326,0.0010915040969848,0,0.0010915040969848,0,0,0
5.5,0,2238.7,0,1990.823055555556,0,3975.6,0,1078.0400805609345,0,1.6356639623641969,0.000562310218811,0,0.000562310218811,0,0,0
13.5,0,114.7,0,226.2983022953998,0,761.0,0,225.28178407784625,0,26.46668014526368,166430729.7474404,0,166430729.7474404,0,0,0
13.5,0,394.8,0,153.38551582232697,0,1698.0,0,377.1758966103879,0,0.0423041343688964,166421318.26169688,0,166421318.26169688,0,0,0
13.5,0,111.5,0,77.52490013598371,0,189.5,0,30.711626595288635,0,53.209907507896425,166430339.1824298,0,166430339.1824298,0,0,0
9.304878048780488,0,1304.1463414634147,0,1526.5129938651044,0,3249.560975609756,0,1084.6733565453285,0,0.8648765726787287,81212763.20654851,0,81212763.20654851,0,0,0
13.5,0,55.6,0,57.53859305125559,0,58.0,0,0.9102909769097228,0,0.1482044458389282,166437913.1011797,0,166437913.1011797,0,0,0
5.5,0,58.0,0,58.0,0,58.0,0,0.0,0,0.0,3.921985626220703e-05,0,3.921985626220703e-05,0,0,0
13.5,0,54.0,0,54.0,0,54.0,0,0.0,0,0.0418381214141845,166421210.959757,0,166421210.959757,0,0,0
13.5,0,67.2,0,87.13285968030937,0,230.0,0,46.72153672783982,0,468.7693439245224,166438224.2359835,0,166438224.2359835,0,0,0
13.5,0,73.4,0,109.23909850383534,0,441.0,0,100.923168220787,0,182.9884629011154,166438232.0706869,0,166438232.0706869,0,0,0
9.5,0,84.54,0,72.92369207035654,0,177.37,0,32.6087123596843,0,0.7934189295768738,83241469.01841526,0,83241469.01841526,0,0,0
5.5,0,100.6,0,84.03849206349207,0,151.4,0,34.43864571273291,0,4506.513889932632,0.0250359058380126,0,0.0250359058380126,0,0,0
5.5,0,58.0,0,58.0,0,58.0,0,0.0,0,0.0,4.816055297851562e-06,0,4.816055297851562e-06,0,0,0
5.5,0,76.8,0,73.9379365079365,0,162.0,0,35.48205225656928,0,1.6165127992630004,0.0019954919815063,0,0.0019954919815063,0,0,0
9.5,0,164.81,0,227.5106767945676,0,818.6,0,236.5045823037551,0,157.21150927066802,83242083.63495025,0,83242083.63495025,0,0,0
13.5,0,203.6,0,304.6898234307832,0,2962.0,0,757.7977785292906,0,34.10673842430115,166429129.76988223,0,166429129.76988223,0,0,0
13.5,0,58.0,0,58.0,0,58.0,0,0.0,0,0.0157097816467285,166429015.8952521,0,166429015.8952521,0,0,0
5.5,0,128.8,0,140.97801587301586,0,261.5,0,65.22227906062159,0,178.92308723926544,0.0271234989166259,0,0.0271234989166259,0,0,0
13.5,0,168.1,0,163.06000245196842,0,789.4,0,177.04960344767937,0,46.77356719970703,166430340.7181438,0,166430340.7181438,0,0,0
9.5,0,128.38,0,115.37771992601482,0,431.68,0,101.00113820975552,0,163.8672636318207,83243143.4653782,0,83243143.4653782,0,0,0
5.5,0,87.4,0,72.61023809523809,0,147.0,0,33.522337835253886,0,7.583170580863952,0.002073311805725,0,0.002073311805725,0,0,0
13.5,0,499.8,0,596.8429243417401,0,1514.0,0,698.3637017735266,0,1.5313241004943847,166430380.9916518,0,166430380.9916518,0,0,0
5.5,0,1378.2,0,1365.2127777777778,0,1514.0,0,339.58234893863846,0,21.22592072486877,0.0003854036331176,0,0.0003854036331176,0,0,0
5.5,0,97.7,0,76.19210317460318,0,136.1,0,25.10212089096639,0,328.43008093833924,0.0299268960952758,0,0.0299268960952758,0,0,0
5.5,0,99.8,0,89.96932539682538,0,159.5,0,31.654275281874884,0,4.179290509223938,0.0268696069717407,0,0.0268696069717407,0,0,0
13.5,0,65.4,0,101.59221792955928,0,317.0,0,72.07831156657743,0,207.41551239490508,166421685.2120271,0,166421685.2120271,0,0,0
13.5,0,131.6,0,191.35005085214064,0,792.0,0,248.0087038125066,0,161.2795603275299,166421179.0421098,0,166421179.0421098,0,0,0
9.5,0,156.78,0,153.0686644199454,0,307.23,0,92.87171136946552,0,311.153342294693,83242805.1287541,0,83242805.1287541,0,0,0
13.5,0,1065.0,0,487.07133847361786,0,3016.0,0,883.4475908269578,0,0.0847093820571899,166430774.37012058,0,166430774.37012058,0,0,0
13.5,0,801.5,0,681.3426863006274,0,1514.0,0,713.7024552981305,0,38.84307413101196,166430864.17807084,0,166430864.17807084,0,0,0
5.5,0,129.0,0,135.00095238095238,0,207.8,0,51.7717949249555,0,30.42696368694305,0.0373594999313354,0,0.0373594999313354,0,0,0
13.5,0,394.0,0,96.17895539488032,0,559.9,0,112.9754875454973,0,0.0470994710922241,166430888.3588231,0,166430888.3588231,0,0,0
5.5,0,84.7,0,110.30345238095238,0,291.9,0,88.97298255272673,0,0.1096127033233642,0.0112746000289916,0,0.0112746000289916,0,0,0
13.5,0,1076.4,0,949.7572242360324,0,2817.2,0,847.0588164001744,0,88.4858021736145,166429137.0861471,0,166429137.0861471,0,0,0
13.5,0,72.4,0,92.66457228100415,0,253.0,0,62.73849856144343,0,0.0095108985900878,166430942.4560572,0,166430942.4560572,0,0,0
5.5,0,58.0,0,58.0,0,58.0,0,0.0,0,0.0,3.385543823242188e-06,0,3.385543823242188e-06,0,0,0
9.5,0,342.99,0,366.7471177874413,0,1229.64,0,441.36162209641793,0,22.809542071819305,83241662.0463269,0,83241662.0463269,0,0,0
5.5,0,66.0,0,66.0,0,66.0,0,0.0,0,1.0536005258560182,1.1897087097167968e-05,0,1.1897087097167968e-05,0,0,0
5.5,0,118.6,0,117.83484126984126,0,264.4,0,66.74411707160534,0,9.9154100894928,0.00535089969635,0,0.00535089969635,0,0,0
5.5,0,134.1,0,80.814126984127,0,181.8,0,38.59272446326162,0,19207.435558414458,0.0050045013427734,0,0.0050045013427734,0,0,0
5.5,0,130.5,0,122.0870238095238,0,236.5,0,56.28389840369184,0,16.482184648513794,0.0174898147583007,0,0.0174898147583007,0,0,0
13.5,0,240.7,0,164.78331062126728,0,611.0,0,156.2081318796696,0,6.714328002929688,166430942.0271619,0,166430942.0271619,0,0,0
5.5,0,54.0,0,54.0,0,54.0,0,0.0,0,0.0420559406280517,2.002716064453125e-06,0,2.002716064453125e-06,0,0,0
13.5,0,136.6,0,94.62541963067892,0,241.4,0,54.85156883069703,0,109.56332898139954,166438010.6195248,0,166438010.6195248,0,0,0
9.5,0,204.52,0,159.82165531767853,0,541.32,0,162.34150037588083,0,11.157871251106265,83241465.15472029,0,83241465.15472029,0,0,0
5.5,0,56.0,0,57.291269841269845,0,58.0,0,0.9221835443913882,0,0.005930209159851,0.0002276182174682,0,0.0002276182174682,0,0,0
13.5,0,92.6,0,145.84927843913914,0,345.0,0,103.01913431323786,0,184.74972705841063,166430706.5293907,0,166430706.5293907,0,0,0
9.5,0,273.59,0,244.78054941188847,0,858.05,0,245.1110742596555,0,43.95146111249924,83241963.36617574,0,83241963.36617574,0,0,0
5.5,0,58.0,0,58.0,0,58.0,0,0.0,0,0.0,1.3279914855957032e-05,0,1.3279914855957032e-05,0,0,0
9.5,0,123.08,0,127.21203683227677,0,313.35,0,80.88202890160224,0,48.35854653835297,83243088.1188853,0,83243088.1188853,0,0,0
9.5,0,129.12,0,134.79537977493783,0,316.45,0,91.6063457533882,0,498.6699012327194,83242803.54651217,0,83242803.54651217,0,0,0
13.5,0,126.1,0,128.07129178312226,0,343.2,0,104.0682766289416,0,1.639354586601257,166428846.11659798,0,166428846.11659798,0,0,0
13.5,0,54.8,0,56.73613824428067,0,58.0,0,1.784578837340769,0,0.0346881866455078,166428951.09208292,0,166428951.09208292,0,0,0
9.5,0,93.14,0,87.89940335593201,0,183.3,0,40.73009829212756,0,649.7533213162422,83243914.6710165,0,83243914.6710165,0,0,0
5.5,0,81.5,0,98.48539682539682,0,242.4,0,70.83558216111308,0,104.10543451309204,0.0133053064346313,0,0.0133053064346313,0,0,0
13.5,0,326.5,0,381.7543977410618,0,521.0,0,184.203350754372,0,54.227654576301575,166430657.3539915,0,166430657.3539915,0,0,0
5.5,0,114.7,0,140.51027777777776,0,403.5,0,129.80964120428362,0,1866.0075100898744,0.0123232841491699,0,0.0123232841491699,0,0,0
13.5,0,66.0,0,128.53012619690253,0,253.0,0,87.29951465886901,0,0.0559351205825805,166439228.8360438,0,166439228.8360438,0,0,0
9.5,0,124.46,0,125.36996862124802,0,283.92,0,75.03134477535878,0,297.98902206897736,83243621.89351617,0,83243621.89351617,0,0,0
9.5,0,133.19,0,134.53917066915713,0,319.56,0,86.08005579752003,0,420.4072760176659,83242687.90250492,0,83242687.90250492,0,0,0
5.5,0,130.5,0,103.20170634920638,0,189.1,0,47.3637370839085,0,121.07603948116302,0.0314328908920288,0,0.0314328908920288,0,0,0
13.5,0,109.9,0,117.6391070668238,0,441.0,0,104.32704464159563,0,68.19193658828735,166430669.1100718,0,166430669.1100718,0,0,0
5.5,0,86.3,0,102.9713888888889,0,234.3,0,64.62496062209955,0,0.0389772415161132,0.0009587049484252,0,0.0009587049484252,0,0,0
13.5,0,510.9,0,1007.177431563964,0,1514.0,0,651.6951600129256,0,26.057203674316405,166430649.3676073,0,166430649.3676073,0,0,0
5.5,0,54.0,0,54.0,0,54.0,0,0.0,0,1.1000211477279662,0.0022578954696655,0,0.0022578954696655,0,0,0
13.5,0,77.6,0,618.6179999549814,0,5858.0,0,1452.4396416016366,0,22.75449175834656,166439308.3278201,0,166439308.3278201,0,0,0
13.5,0,1080.8,0,914.2617468496416,0,2962.0,0,864.1161248436435,0,0.4447010040283203,166430851.59331548,0,166430851.59331548,0,0,0
5.5,0,75.1,0,80.53535714285714,0,136.8,0,31.211607118396067,0,0.8512218952178955,0.0228514194488525,0,0.0228514194488525,0,0,0
13.5,0,178.2,0,88.10579197634152,0,181.4,0,43.31186224874871,0,0.0776914596557617,166421255.2280082,0,166421255.2280082,0,0,0
5.5,0,88.4,0,89.16650793650794,0,142.8,0,30.741369172957207,0,57.61141586303711,0.0180675029754638,0,0.0180675029754638,0,0,0
13.5,0,101.2,0,134.97466244282035,0,441.0,0,105.31644679805385,0,580.773565363884,166421194.80751908,0,166421194.80751908,0,0,0
5.5,0,72.6,0,79.43095238095239,0,186.0,0,48.33308429820019,0,21.56723597049713,0.0031596899032592,0,0.0031596899032592,0,0,0
9.5,0,99.32,0,95.58862253140737,0,202.67,0,47.088738326975225,0,11.129030375480651,83244205.20933934,0,83244205.20933934,0,0,0
13.5,0,799.8,0,739.876700275129,0,1494.0,0,674.2207638126763,0,20.084512519836423,166421105.2610293,0,166421105.2610293,0,0,0
5.5,0,132.7,0,138.12623015873015,0,219.0,0,61.91283636809211,0,27.415930366516115,0.0158732891082763,0,0.0158732891082763,0,0,0
5.5,0,1220.4,0,800.8549206349205,0,1220.4,0,533.3557202387636,0,12.572481155395508,0.0005636930465698,0,0.0005636930465698,0,0,0
13.5,0,136.7,0,164.07721868688586,0,345.0,0,93.12927789154924,0,6119.61238117218,166439118.089771,0,166439118.089771,0,0,0
13.5,0,96.4,0,83.19445233387184,0,230.0,0,50.23076671845773,0,109.15295248031616,166430761.53176743,0,166430761.53176743,0,0,0
5.5,0,66.0,0,66.0,0,66.0,0,0.0,0,0.6447931528091431,0.0013722896575927,0,0.0013722896575927,0,0,0
5.5,0,157.6,0,125.5811507936508,0,255.9,0,81.11433639958791,0,2190.832382917404,0.0713205099105835,0,0.0713205099105835,0,0,0
13.5,0,83.9,0,90.79283045385986,0,230.0,0,41.303056067397975,0,314.70580031871793,166429802.25431553,0,166429802.25431553,0,0,0
5.5,0,112.9,0,86.07694444444445,0,170.4,0,36.85752214882773,0,14.040252375602725,0.0307563066482543,0,0.0307563066482543,0,0,0
5.5,0,54.0,0,54.0,0,54.0,0,0.0,0,0.0,0.0005466938018798,0,0.0005466938018798,0,0,0
13.5,0,664.7,0,1745.6868030507508,0,4410.0,0,1911.00483638304,0,5.153774785995483,166429031.2683658,0,166429031.2683658,0,0,0
13.5,0,75.0,0,842.4435990866717,0,1514.0,0,696.6110364100034,0,23.16413280963898,166430378.5326806,0,166430378.5326806,0,0,0
5.5,0,57.2,0,57.87555555555556,0,58.0,0,0.2857078722109418,0,0.0116589069366455,0.0030162096023559,0,0.0030162096023559,0,0,0
9.5,0,270.87,0,210.13749930410148,0,1164.34,0,313.972418005804,0,2.711999065876007,83241464.34889928,0,83241464.34889928,0,0,0
13.5,0,56.4,0,57.25385112651367,0,58.0,0,1.5341276693219157,0,0.0052736282348632,166421614.822688,0,166421614.822688,0,0,0
5.5,0,54.0,0,54.0,0,54.0,0,0.0,0,0.4517623901367187,0.0028022050857543,0,0.0028022050857543,0,0,0
13.5,0,214.8,0,219.27781106492404,0,1314.2,0,323.866341019555,0,1902.488337278366,166439183.63650793,0,166439183.63650793,0,0,0
5.5,0,58.0,0,58.0,0,58.0,0,0.0,0,0.0,4.570484161376953e-05,0,4.570484161376953e-05,0,0,0
5.5,0,54.0,0,54.0,0,54.0,0,0.0,0,0.0314573049545288,1.208782196044922e-05,0,1.208782196044922e-05,0,0,0
9.5,0,474.16,0,607.1905669273108,0,3570.24,0,1038.495642494556,0,18.820368921756742,83243534.45621192,0,83243534.45621192,0,0,0
13.5,0,66.0,0,283.75196887391934,0,3322.0,0,809.1083711840611,0,0.1075685024261474,166439285.85311508,0,166439285.85311508,0,0,0
13.5,0,510.8,0,147.28917592598322,0,762.9,0,197.6661736339128,0,76.9085170507431,166430266.9003804,0,166430266.9003804,0,0,0
13.5,0,137.4,0,113.83145175515918,0,248.0,0,64.32943591947756,0,21.447398948669434,166421794.2684785,0,166421794.2684785,0,0,0
5.5,0,54.0,0,54.0,0,54.0,0,0.0,0,0.0022400856018066,3.509521484375e-05,0,3.509521484375e-05,0,0,0
5.5,0,136.7,0,211.4477380952381,0,441.0,0,140.69589763884963,0,0.2928089618682861,0.0051279067993164,0,0.0051279067993164,0,0,0
13.5,0,135.2,0,110.25071291281816,0,441.0,0,104.95772065768526,0,212.1088004589081,166428974.4369849,0,166428974.4369849,0,0,0
5.5,0,109.0,0,98.74880952380953,0,175.8,0,43.788194894911065,0,247.3032282352448,0.0510148048400878,0,0.0510148048400878,0,0,0
13.5,0,123.5,0,113.57229251699452,0,279.9,0,64.05793368311558,0,161.01923794746398,166430435.61053672,0,166430435.61053672,0,0,0
13.5,0,123.2,0,94.60182426620509,0,295.5,0,77.27800551560861,0,87.47166216373444,166439313.2479373,0,166439313.2479373,0,0,0
13.5,0,511.8,0,930.1033095971794,0,7206.0,0,1995.628574998856,0,45.9048189163208,166438193.366353,0,166438193.366353,0,0,0
5.5,0,123.0,0,106.51380952380951,0,175.2,0,45.15455040137402,0,229.17237296104432,0.0461785078048706,0,0.0461785078048706,0,0,0
5.5,0,72.1,0,59.45218253968254,0,78.0,0,7.60618414287497,0,0.0135647773742675,0.0176318883895874,0,0.0176318883895874,0,0,0
9.5,0,275.28,0,212.7436707847536,0,951.57,0,286.7184076932274,0,199.9469215774536,83241591.1579688,0,83241591.1579688,0,0,0
13.5,0,54.6,0,54.40126284190526,0,60.0,0,1.4909859419853706,0,0.644279146194458,166421195.682499,0,166421195.682499,0,0,0
5.5,0,119.7,0,129.24579365079367,0,298.1,0,81.82367885670286,0,2092.5179928064344,0.0425360918045043,0,0.0425360918045043,0,0,0
5.5,0,58.0,0,58.0,0,58.0,0,0.0,0,0.0,5.102157592773437e-06,0,5.102157592773437e-06,0,0,0
13.5,0,102.2,0,91.93879301340216,0,214.0,0,47.49864984217877,0,47843.057481503485,166428624.1717805,0,166428624.1717805,0,0,0
13.5,0,85.2,0,81.7196398931306,0,198.6,0,31.25688896758388,0,12.645160269737245,166429871.2599368,0,166429871.2599368,0,0,0
5.5,0,1548.9,0,2664.13880952381,0,4265.2,0,1229.731472413515,0,1.581703519821167,0.0039713144302368,0,0.0039713144302368,0,0,0
5.5,0,56.8,0,56.96523809523809,0,58.0,0,1.3326269273267166,0,0.0055382013320922,0.0003350973129272,0,0.0003350973129272,0,0,0
13.5,0,88.4,0,340.8300199795904,0,1514.0,0,509.5070754463962,0,90.60621347427367,166430962.410279,0,166430962.410279,0,0,0
9.5,0,111.51,0,121.4531909078194,0,337.08,0,89.68147954381924,0,63.291430537700656,83244157.78741437,0,83244157.78741437,0,0,0
5.5,0,117.7,0,95.65503968253968,0,211.6,0,50.06537127850727,0,188.13921461105343,0.030931282043457,0,0.030931282043457,0,0,0
13.5,0,81.4,0,99.2121977085522,0,317.0,0,73.98890418527117,0,141.91153905391693,166421651.2136009,0,166421651.2136009,0,0,0
9.5,0,862.6,0,858.9797540969522,0,2468.52,0,817.5154671315144,0,0.330000364780426,83243082.17309074,0,83243082.17309074,0,0,0
9.5,0,135.81,0,150.55715438027744,0,613.74,0,163.42989906100007,0,1.4055832505226136,83241778.13471863,0,83241778.13471863,0,0,0
9.5,0,855.76,0,929.0548539231664,0,2229.56,0,761.4566832101252,0,0.354216148853302,83243082.67284498,0,83243082.67284498,0,0,0
13.5,0,100.3,0,71.38403432867442,0,139.1,0,19.90586636614156,0,55.527329087257385,166437972.30898702,0,166437972.30898702,0,0,0
5.5,0,57.2,0,57.80777777777778,0,64.8,0,4.724202222548293,0,2.7983617067337034,0.0006315946578979,0,0.0006315946578979,0,0,0
5.5,0,1080.4,0,1249.664126984127,0,1514.0,0,395.9334577806264,0,2.9491144895553587,0.0003093957901,0,0.0003093957901,0,0,0
5.5,0,208.7,0,83.09853174603174,0,218.7,0,46.74407019308505,0,27.78886408805847,0.0008799076080322,0,0.0008799076080322,0,0,0
9.5,0,118.31,0,136.43559379148542,0,391.6,0,91.86676719951384,0,133.03314581632614,83242080.50818558,0,83242080.50818558,0,0,0
5.5,0,138.2,0,137.67019841269845,0,272.2,0,72.07998971457846,0,1610.981880259514,0.0251333951950073,0,0.0251333951950073,0,0,0
5.5,0,68.6,0,74.08984126984126,0,138.0,0,29.290789087580777,0,116.02374243736269,0.009652304649353,0,0.009652304649353,0,0,0
9.5,0,105.5,0,102.87564244286848,0,265.05,0,64.97567127519234,0,76.89517647266388,83243131.10646564,0,83243131.10646564,0,0,0
13.5,0,58.0,0,58.0,0,58.0,0,0.0,0,0.0,166428685.01872373,0,166428685.01872373,0,0,0
13.5,0,134.1,0,155.7364146998512,0,383.4,0,108.40830990718472,0,24.76796321868897,166428666.7129871,0,166428666.7129871,0,0,0
5.5,0,56.4,0,54.50666666666668,0,58.8,0,1.4742472332656509,0,13.44862940311432,0.0027158021926879,0,0.0027158021926879,0,0,0
13.5,0,140.3,0,140.55179321323672,0,703.0,0,158.62733056132922,0,63.31419990062714,166421244.4904542,0,166421244.4904542,0,0,0
13.5,0,71.0,0,91.15224607650693,0,156.0,0,39.44227478187396,0,413.68713598251344,166429825.6893012,0,166429825.6893012,0,0,0
9.5,0,106.92,0,110.08407626437892,0,243.85,0,62.034431863669134,0,287.0424768590927,83243353.11492404,0,83243353.11492404,0,0,0
5.5,0,56.8,0,55.79857142857143,0,57.2,0,1.5479836548862416,0,0.0153476238250732,0.0004707098007202,0,0.0004707098007202,0,0,0
5.5,0,549.8,0,1041.8848412698412,0,1842.0,0,549.562071576579,0,10.497581744194031,0.0105391025543212,0,0.0105391025543212,0,0,0
13.5,0,946.2,0,552.8776597924779,0,1514.0,0,649.4162716244914,0,11.168419075012206,166429868.4085431,0,166429868.4085431,0,0,0
13.5,0,56.4,0,56.47354563221436,0,58.0,0,1.941092742185294,0,0.0232691049575805,166428645.7462882,0,166428645.7462882,0,0,0
13.5,0,55.2,0,57.37155069045163,0,58.0,0,1.120668486872693,0,0.0002530097961425,166429825.7220934,0,166429825.7220934,0,0,0
13.5,0,150.3,0,118.6776115830334,0,534.5,0,116.49237523394348,0,92.72100250720976,166430994.1044422,0,166430994.1044422,0,0,0
5.5,0,58.0,0,58.0,0,58.0,0,0.0,0,0.0,3.314018249511719e-06,0,3.314018249511719e-06,0,0,0
5.5,0,100.9,0,81.79027777777777,0,170.6,0,34.59070541849953,0,3.775064206123352,0.0201539993286132,0,0.0201539993286132,0,0,0
5.5,0,411.9,0,435.5817857142857,0,2347.6,0,811.1191576471788,0,0.0037285089492797,0.0009680032730102,0,0.0009680032730102,0,0,0
5.5,0,324.4,0,806.3609920634921,0,2587.0,0,874.6018288162462,0,72.91481657028199,0.0018736839294433,0,0.0018736839294433,0,0,0
13.5,0,54.0,0,56.27382277079646,0,60.0,0,2.128622930017169,0,0.0341490983963012,166439362.181391,0,166439362.181391,0,0,0
5.5,0,115.7,0,86.53162698412697,0,218.4,0,49.22519610906395,0,53.29189288616181,0.0042855978012084,0,0.0042855978012084,0,0,0
5.5,0,58.0,0,58.0,0,58.0,0,0.0,0,0.0,0.0015228033065795,0,0.0015228033065795,0,0,0
13.5,0,84.7,0,71.8090848315771,0,206.0,0,36.10894134751055,0,1827.268831443787,166421602.8414673,0,166421602.8414673,0,0,0
9.5,0,182.66,0,179.38451545637886,0,716.28,0,195.4074334021003,0,155.04113476514817,83243944.48928353,0,83243944.48928353,0,0,0
9.5,0,892.27,0,911.525880095094,0,4964.9,0,1374.8266457994912,0,0.3069326448440552,83243809.34524624,0,83243809.34524624,0,0,0
9.5,0,187.91,0,301.5674501649452,0,811.31,0,259.40091596872446,0,100.67253257989884,83242175.95687895,0,83242175.95687895,0,0,0
5.5,0,97.8,0,135.98396825396824,0,230.0,0,60.87362724655468,0,443.470564198494,0.0065743923187255,0,0.0065743923187255,0,0,0
13.5,0,55.0,0,57.28931156133168,0,59.8,0,1.5046765944206395,0,0.5906518697738647,166421335.7995154,0,166421335.7995154,0,0,0
5.5,0,1049.6,0,974.404007936508,0,1948.4,0,675.4327115333147,0,5.884272241592408,0.004755687713623,0,0.004755687713623,0,0,0
13.5,0,103.4,0,1377.3891231850366,0,3322.0,0,1572.127818215859,0,0.0958293437957763,166421741.2907197,0,166421741.2907197,0,0,0
9.5,0,162.83,0,194.47234141009488,0,714.71,0,194.0099192065795,0,221.8172605490685,83244006.57195157,0,83244006.57195157,0,0,0
5.5,0,122.2,0,80.0376984126984,0,163.4,0,38.30431287767363,0,19195.431619811057,0.0690305948257446,0,0.0690305948257446,0,0,0
13.5,0,255.1,0,199.5619898947801,0,792.0,0,223.87201484972644,0,35.049428367614745,166428741.00915748,0,166428741.00915748,0,0,0
13.5,0,63.6,0,103.40879487686377,0,262.0,0,70.50315239734485,0,37.32531273365021,166437976.86644349,0,166437976.86644349,0,0,0
13.5,0,86.5,0,311.206567851653,0,1466.0,0,416.479339020602,0,15.243989253044129,166428750.6425315,0,166428750.6425315,0,0,0
5.5,0,96.0,0,103.86928571428572,0,266.8,0,73.92887542518676,0,95.951189827919,0.0110923051834106,0,0.0110923051834106,0,0,0
13.5,0,83.0,0,75.20591163953006,0,162.2,0,25.6514300817907,0,14.30761115550995,166430855.9117532,0,166430855.9117532,0,0,0
5.5,0,74.0,0,74.0,0,74.0,0,0.0,0,0.0065225839614868,0.0027949094772338,0,0.0027949094772338,0,0,0
9.5,0,114.88,0,109.56544647646815,0,335.06,0,75.42537281561452,0,5.100804641246795,83243038.53771904,0,83243038.53771904,0,0,0
13.5,0,92.0,0,104.70894638986744,0,441.0,0,104.91573950440402,0,0.2225511789321899,166428719.460653,0,166428719.460653,0,0,0
9.5,0,124.59,0,130.83277418139997,0,277.03,0,74.41507609672935,0,216.28392522573472,83242491.47895738,0,83242491.47895738,0,0,0
13.5,0,129.2,0,114.99373583803538,0,322.4,0,85.04778969157056,0,170.80732049942017,166421657.0118295,0,166421657.0118295,0,0,0
5.5,0,103.2,0,99.1709523809524,0,230.6,0,56.46401467335753,0,134.60446524620056,0.0096259117126464,0,0.0096259117126464,0,0,0
13.5,0,54.0,0,55.33754280635086,0,74.0,0,4.969953139951235,0,0.0,166430303.1854514,0,166430303.1854514,0,0,0
5.5,0,74.4,0,63.65666666666666,0,109.6,0,16.30001725395099,0,15.63953719139099,0.0009582996368408,0,0.0009582996368408,0,0,0
9.5,0,179.91,0,147.60482975748883,0,507.19,0,145.06713466249613,0,27.981531369686127,83242139.87425326,0,83242139.87425326,0,0,0
13.5,0,124.6,0,108.72823155173,0,226.8,0,62.104973532035785,0,30.351864433288576,166430236.9066003,0,166430236.9066003,0,0,0
9.5,0,328.65,0,202.649163284385,0,599.74,0,193.1402524370532,0,12.01357946395874,83244317.3086354,0,83244317.3086354,0,0,0
5.5,0,80.1,0,72.70738095238094,0,89.1,0,8.23798831094772,0,0.5401278734207153,0.0025674104690551,0,0.0025674104690551,0,0,0
5.5,0,456.0,0,470.413373015873,0,503.1,0,28.26593220363004,0,1.7250927448272706,0.0011649847030639,0,0.0011649847030639,0,0,0
13.5,0,1222.4,0,1207.640949236522,0,1514.0,0,590.8036018121588,0,4.583510756492615,166429868.7788838,0,166429868.7788838,0,0,0
5.5,0,154.0,0,121.48349206349204,0,343.6,0,101.16945227809984,0,0.4659119606018066,0.0044450998306274,0,0.0044450998306274,0,0,0
13.5,0,102.6,0,70.39893376833005,0,201.1,0,33.83644674648483,0,22.080694174766546,166430923.14154917,0,166430923.14154917,0,0,0
13.5,0,146.5,0,102.57879535969708,0,265.8,0,63.98659621341835,0,439.51513562202456,166438013.15052387,0,166438013.15052387,0,0,0
5.5,0,99.9,0,101.28095238095236,0,198.4,0,48.02576512459588,0,2202.3314122676848,0.0101253986358642,0,0.0101253986358642,0,0,0
13.5,0,1803.6,0,1170.790558217153,0,3251.6,0,906.1519137232468,0,7.468719148635865,166430745.53429222,0,166430745.53429222,0,0,0
5.5,0,76.0,0,60.78809523809524,0,103.2,0,15.339712429600493,0,98.2837696313858,0.0456993103027343,0,0.0456993103027343,0,0,0
5.5,0,58.0,0,58.0,0,58.0,0,0.0,0,0.0,0.000465703010559,0,0.000465703010559,0,0,0
9.5,0,166.44,0,204.46258765877224,0,943.59,0,255.17601927266944,0,26.36391955137253,83242269.61618479,0,83242269.61618479,0,0,0
13.5,0,54.0,0,54.0,0,54.0,0,0.0,0,0.1340695858001709,166438242.918837,0,166438242.918837,0,0,0
13.5,0,110.7,0,119.25042784614766,0,233.2,0,70.39856042553218,0,26.127371859550475,166430379.8888136,0,166430379.8888136,0,0,0
5.5,0,455.6,0,477.1269841269842,0,505.7,0,31.423022487445326,0,0.0019113779067993,0.0003578901290893,0,0.0003578901290893,0,0,0
5.5,0,54.0,0,54.0,0,54.0,0,0.0,0,2.4054178953170777,0.0028414011001586,0,0.0028414011001586,0,0,0
5.5,0,58.0,0,58.0,0,58.0,0,0.0,0,0.0,3.0994415283203125e-06,0,3.0994415283203125e-06,0,0,0
5.5,0,56.0,0,57.291269841269845,0,58.0,0,0.9221835443913882,0,0.0003813982009887,8.590221405029297e-05,0,8.590221405029297e-05,0,0,0
5.5,0,57.5,0,59.03472222222223,0,71.3,0,5.285666367173263,0,16.413647413253784,0.000576114654541,0,0.000576114654541,0,0,0
9.5,0,124.0,0,119.0167870961598,0,281.29,0,71.96982149503935,0,143.06698659658431,83242355.22703907,0,83242355.22703907,0,0,0
5.5,0,1208.4,0,455.64,0,1494.0,0,552.5175477437227,0,0.7704071760177612,0.0009550809860229,0,0.0009550809860229,0,0,0
13.5,0,67.8,0,54.87947368421053,0,67.8,0,3.1220361414041498,0,38.30983018875122,166430420.2475594,0,166430420.2475594,0,0,0
13.5,0,141.9,0,129.100515223081,0,366.2,0,90.9583818940411,0,41.152917695045474,166421254.2596082,0,166421254.2596082,0,0,0
13.5,0,319.0,0,129.45029370612187,0,409.4,0,116.23066004676488,0,72.16150279045105,166421630.2354377,0,166421630.2354377,0,0,0
5.5,0,57.6,0,56.82841269841269,0,57.6,0,1.3888043677822106,0,0.0116639137268066,0.0001579999923706,0,0.0001579999923706,0,0,0
5.5,0,89.2,0,91.09714285714288,0,183.2,0,43.72421583949331,0,257.5690501689911,0.0239912033081054,0,0.0239912033081054,0,0,0
13.5,0,123.6,0,68.01563606156485,0,186.8,0,31.871776983218844,0,15.687952589988708,166421105.58399388,0,166421105.58399388,0,0,0
5.5,0,651.5,0,625.244246031746,0,2034.1,0,797.6033330014292,0,1.3024035930633544,0.0067206859588623,0,0.0067206859588623,0,0,0
5.5,0,58.0,0,58.0,0,58.0,0,0.0,0,0.0,3.2901763916015627e-06,0,3.2901763916015627e-06,0,0,0
5.5,0,164.1,0,160.26781746031747,0,403.5,0,131.25362228707348,0,39.36727297306061,0.0100938081741333,0,0.0100938081741333,0,0,0
13.5,0,112.1,0,106.21960371456888,0,214.0,0,44.34554684847789,0,167.0061589717865,166430736.61469048,0,166430736.61469048,0,0,0
13.5,0,790.7,0,1079.2038803495266,0,2962.0,0,840.133576620335,0,30.931380963325505,166429858.3581855,0,166429858.3581855,0,0,0
5.5,0,58.0,0,58.0,0,58.0,0,0.0,0,0.0,3.0040740966796874e-06,0,3.0040740966796874e-06,0,0,0
5.5,0,2382.8,0,2555.5831746031745,0,3975.6,0,1130.794452031381,0,0.1629759788513183,0.0002004861831665,0,0.0002004861831665,0,0,0
5.5,0,176.8,0,215.0967063492064,0,498.0,0,149.9788432251795,0,146.04764752388002,0.0124779939651489,0,0.0124779939651489,0,0,0
13.5,0,58.0,0,58.0,0,58.0,0,0.0,0,0.0,166428858.8004186,0,166428858.8004186,0,0,0
13.5,0,126.4,0,98.1199714114575,0,259.4,0,63.914080910198,0,0.3030450344085693,166429871.26350862,0,166429871.26350862,0,0,0
13.5,0,67.8,0,70.39561893644711,0,74.0,0,4.382498858213905,0,0.4785770177841186,166438037.8643234,0,166438037.8643234,0,0,0
5.5,0,1368.4,0,2161.66507936508,0,3322.0,0,1073.0007089915266,0,0.0387504339218139,4.899501800537109e-05,0,4.899501800537109e-05,0,0,0
13.5,0,58.3,0,57.83144165818701,0,72.3,0,5.24826276033359,0,0.0859596252441406,166437390.7338974,0,166437390.7338974,0,0,0
5.5,0,971.6,0,521.6442857142857,0,987.2,0,395.31825266633575,0,83.88211667537689,0.0085370063781738,0,0.0085370063781738,0,0,0
13.5,0,790.0,0,1738.3313674827066,0,7306.0,0,1792.5531569624309,0,10.778365325927734,166429145.90070218,0,166429145.90070218,0,0,0
9.5,0,156.1,0,168.48964960993598,0,505.98,0,126.4166940317405,0,163.26584645986557,83243829.5736228,0,83243829.5736228,0,0,0
13.5,0,86.6,0,160.2079091608426,0,364.0,0,110.2336308977744,0,201.0244820356369,166430668.9897384,0,166430668.9897384,0,0,0
9.5,0,410.77,0,376.4912983086745,0,1383.24,0,463.1944168771058,0,59.00719587087631,83241536.56277205,0,83241536.56277205,0,0,0
5.5,0,674.0,0,265.57666666666665,0,699.2,0,269.96567994845645,0,76.75776991844177,0.0256191968917846,0,0.0256191968917846,0,0,0
13.5,0,214.6,0,132.44192002957482,0,419.9,0,104.26715516463894,0,7.5932742834091185,166430874.0323566,0,166430874.0323566,0,0,0
13.5,0,676.7,0,471.6205461501862,0,1494.0,0,607.7416773863822,0,0.7378555536270142,166421300.953504,0,166421300.953504,0,0,0
13.5,0,220.6,0,124.25347995356894,0,721.5,0,159.7050412014974,0,15.183271241188049,166439382.33782962,0,166439382.33782962,0,0,0
13.5,0,116.0,0,486.5470345203472,0,4410.0,0,1120.7021984089863,0,12860.165963292122,166437415.1298917,0,166437415.1298917,0,0,0
13.5,0,58.0,0,58.0,0,58.0,0,0.0,0,0.0,166420990.27672163,0,166420990.27672163,0,0,0
13.5,0,57.2,0,57.04739519682245,0,58.0,0,1.698313436511711,0,0.0107819080352783,166421631.46224803,0,166421631.46224803,0,0,0
13.5,0,111.6,0,84.99146685057289,0,178.2,0,38.04693792671402,0,289.40836200714114,166430774.7206095,0,166430774.7206095,0,0,0
5.5,0,79.1,0,89.70924603174605,0,147.8,0,29.721036967071512,0,150.61455125808715,0.0097064971923828,0,0.0097064971923828,0,0,0
13.5,0,128.6,0,132.74841515811332,0,530.0,0,121.0428529549765,0,1221.1036423444748,166421925.3333962,0,166421925.3333962,0,0,0
13.5,0,123.1,0,116.06922319811252,0,230.0,0,56.59721308421261,0,128.47899894714357,166430340.3727236,0,166430340.3727236,0,0,0
13.5,0,87.8,0,102.3965745696512,0,441.0,0,93.63379255800616,0,83.88815939426422,166430421.5805074,0,166430421.5805074,0,0,0
5.5,0,78.4,0,74.43654761904762,0,100.4,0,10.64711609070896,0,176.5521875858307,0.0129817962646484,0,0.0129817962646484,0,0,0
13.5,0,68.8,0,77.3586013217089,0,214.0,0,47.423621396586825,0,581.1851636648178,166421271.3935636,0,166421271.3935636,0,0,0
5.5,0,71.5,0,75.40988095238095,0,107.5,0,18.5878217677512,0,0.174487018585205,0.008849287033081,0,0.008849287033081,0,0,0
5.5,0,514.7,0,173.25369047619049,0,536.4,0,185.9793276253152,0,18.046169495582586,0.0038338184356689,0,0.0038338184356689,0,0,0
9.5,0,139.67,0,126.23736959806618,0,349.1,0,88.61893783789488,0,453.73525700330737,83242064.52933058,0,83242064.52933058,0,0,0
5.5,0,163.9,0,164.3205555555556,0,271.0,0,81.63566264445613,0,17.17452664375305,0.005952501296997,0,0.005952501296997,0,0,0
13.5,0,194.9,0,108.00805254557964,0,735.0,0,155.51617359841765,0,11.91591958999634,166430204.5195607,0,166430204.5195607,0,0,0
