srcNumPackets,dstNumPackets,srcPayloadSize,dstPayloadSize,srcAvgPayloadSize,dstAvgPayloadSize,srcMaxPayloadSize,dstMaxPayloadSize,srcStdDevPayloadSize,dstStdDevPayloadSize,flowDuration,srcAvgInterarrivalTime,dstAvgInterarrivalTime,avgInterarrivalTime,srcStdDevInterarrivalTime,dstStdDevInterarrivalTime,stdDevInterarrivalTime
2,0,200,0,100,0,100,0,0,0,9e-06,0.009,0.0,0.0045,0.0,0.0,0.0
2,0,200,0,100,0,100,0,0,0,9e-06,0.009,0.0,0.0045,0.0,0.0,0.0
2,0,200,0,100,0,100,0,0,0,9e-06,0.009,0.0,0.0045,0.0,0.0,0.0
2,0,200,0,100,0,100,0,0,0,3e-06,0.003,0.0,0.0015,0.0,0.0,0.0
2,0,200,0,100,0,100,0,0,0,8e-06,0.008,0.0,0.004,0.0,0.0,0.0
2,0,200,0,100,0,100,0,0,0,5e-06,0.005,0.0,0.0025,0.0,0.0,0.0
2,0,200,0,100,0,100,0,0,0,8e-06,0.008,0.0,0.004,0.0,0.0,0.0
2,0,200,0,100,0,100,0,0,0,5e-06,0.005,0.0,0.0025,0.0,0.0,0.0
2,0,200,0,100,0,100,0,0,0,8e-06,0.008,0.0,0.004,0.0,0.0,0.0
2,0,200,0,100,0,100,0,0,0,2e-06,0.002,0.0,0.001,0.0,0.0,0.0
2,0,200,0,100,0,100,0,0,0,8e-06,0.008,0.0,0.004,0.0,0.0,0.0
2,0,200,0,100,0,100,0,0,0,3e-06,0.003,0.0,0.0015,0.0,0.0,0.0
2,0,200,0,100,0,100,0,0,0,9e-06,0.009,0.0,0.0045,0.0,0.0,0.0
2,0,200,0,100,0,100,0,0,0,9e-06,0.009,0.0,0.0045,0.0,0.0,0.0
2,0,200,0,100,0,100,0,0,0,4e-06,0.004,0.0,0.002,0.0,0.0,0.0
2,0,200,0,100,0,100,0,0,0,9e-06,0.009,0.0,0.0045,0.0,0.0,0.0
2,0,200,0,100,0,100,0,0,0,5e-06,0.005,0.0,0.0025,0.0,0.0,0.0
2,0,200,0,100,0,100,0,0,0,8e-06,0.008,0.0,0.004,0.0,0.0,0.0
2,0,200,0,100,0,100,0,0,0,3e-06,0.003,0.0,0.0015,0.0,0.0,0.0
2,0,200,0,100,0,100,0,0,0,8e-06,0.008,0.0,0.004,0.0,0.0,0.0
2,0,200,0,100,0,100,0,0,0,9e-06,0.009,0.0,0.0045,0.0,0.0,0.0
2,0,200,0,100,0,100,0,0,0,9e-06,0.009,0.0,0.0045,0.0,0.0,0.0
2,0,200,0,100,0,100,0,0,0,9e-06,0.009,0.0,0.0045,0.0,0.0,0.0
2,0,200,0,100,0,100,0,0,0,3e-06,0.003,0.0,0.0015,0.0,0.0,0.0
2,0,200,0,100,0,100,0,0,0,3e-06,0.003,0.0,0.0015,0.0,0.0,0.0
2,0,200,0,100,0,100,0,0,0,9e-06,0.009,0.0,0.0045,0.0,0.0,0.0
2,0,200,0,100,0,100,0,0,0,7e-06,0.007,0.0,0.0035,0.0,0.0,0.0
2,0,200,0,100,0,100,0,0,0,8e-06,0.008,0.0,0.004,0.0,0.0,0.0
2,0,200,0,100,0,100,0,0,0,8e-06,0.008,0.0,0.004,0.0,0.0,0.0
2,0,200,0,100,0,100,0,0,0,8e-06,0.008,0.0,0.004,0.0,0.0,0.0
2,0,200,0,100,0,100,0,0,0,8e-06,0.008,0.0,0.004,0.0,0.0,0.0
2,0,200,0,100,0,100,0,0,0,8e-06,0.008,0.0,0.004,0.0,0.0,0.0
2,0,200,0,100,0,100,0,0,0,9e-06,0.009,0.0,0.0045,0.0,0.0,0.0
2,0,200,0,100,0,100,0,0,0,8e-06,0.008,0.0,0.004,0.0,0.0,0.0
2,0,200,0,100,0,100,0,0,0,8e-06,0.008,0.0,0.004,0.0,0.0,0.0
2,0,200,0,100,0,100,0,0,0,8e-06,0.008,0.0,0.004,0.0,0.0,0.0
2,0,200,0,100,0,100,0,0,0,7e-06,0.007,0.0,0.0035,0.0,0.0,0.0
2,0,200,0,100,0,100,0,0,0,9e-06,0.009,0.0,0.0045,0.0,0.0,0.0
2,0,200,0,100,0,100,0,0,0,8e-06,0.008,0.0,0.004,0.0,0.0,0.0
2,0,200,0,100,0,100,0,0,0,8e-06,0.008,0.0,0.004,0.0,0.0,0.0
2,0,200,0,100,0,100,0,0,0,9e-06,0.009,0.0,0.0045,0.0,0.0,0.0
2,0,200,0,100,0,100,0,0,0,3e-06,0.003,0.0,0.0015,0.0,0.0,0.0
2,0,200,0,100,0,100,0,0,0,9e-06,0.009,0.0,0.0045,0.0,0.0,0.0
2,0,200,0,100,0,100,0,0,0,9e-06,0.009,0.0,0.0045,0.0,0.0,0.0
2,0,200,0,100,0,100,0,0,0,8e-06,0.008,0.0,0.004,0.0,0.0,0.0
2,0,200,0,100,0,100,0,0,0,8e-06,0.008,0.0,0.004,0.0,0.0,0.0
2,0,200,0,100,0,100,0,0,0,3e-06,0.003,0.0,0.0015,0.0,0.0,0.0
2,0,200,0,100,0,100,0,0,0,9e-06,0.009,0.0,0.0045,0.0,0.0,0.0
2,0,200,0,100,0,100,0,0,0,3e-06,0.003,0.0,0.0015,0.0,0.0,0.0
2,0,200,0,100,0,100,0,0,0,3e-06,0.003,0.0,0.0015,0.0,0.0,0.0
2,0,200,0,100,0,100,0,0,0,6e-06,0.006,0.0,0.003,0.0,0.0,0.0
2,0,200,0,100,0,100,0,0,0,3e-06,0.003,0.0,0.0015,0.0,0.0,0.0
2,0,200,0,100,0,100,0,0,0,9e-06,0.009,0.0,0.0045,0.0,0.0,0.0
2,0,200,0,100,0,100,0,0,0,9e-06,0.009,0.0,0.0045,0.0,0.0,0.0
2,0,200,0,100,0,100,0,0,0,3e-06,0.003,0.0,0.0015,0.0,0.0,0.0
2,0,200,0,100,0,100,0,0,0,1e-06,0.001,0.0,0.0005,0.0,0.0,0.0
2,0,200,0,100,0,100,0,0,0,4e-06,0.004,0.0,0.002,0.0,0.0,0.0
2,0,200,0,100,0,100,0,0,0,3e-06,0.003,0.0,0.0015,0.0,0.0,0.0
2,0,200,0,100,0,100,0,0,0,8e-06,0.008,0.0,0.004,0.0,0.0,0.0
2,0,200,0,100,0,100,0,0,0,8e-06,0.008,0.0,0.004,0.0,0.0,0.0
2,0,200,0,100,0,100,0,0,0,6e-06,0.006,0.0,0.003,0.0,0.0,0.0
2,0,200,0,100,0,100,0,0,0,3e-06,0.003,0.0,0.0015,0.0,0.0,0.0
2,0,200,0,100,0,100,0,0,0,6e-06,0.006,0.0,0.003,0.0,0.0,0.0
2,0,200,0,100,0,100,0,0,0,8e-06,0.008,0.0,0.004,0.0,0.0,0.0
2,0,200,0,100,0,100,0,0,0,3e-06,0.003,0.0,0.0015,0.0,0.0,0.0
2,0,200,0,100,0,100,0,0,0,8e-06,0.008,0.0,0.004,0.0,0.0,0.0
2,0,200,0,100,0,100,0,0,0,3e-06,0.003,0.0,0.0015,0.0,0.0,0.0
2,0,200,0,100,0,100,0,0,0,8e-06,0.008,0.0,0.004,0.0,0.0,0.0
2,0,200,0,100,0,100,0,0,0,8e-06,0.008,0.0,0.004,0.0,0.0,0.0
2,0,200,0,100,0,100,0,0,0,3e-06,0.003,0.0,0.0015,0.0,0.0,0.0
2,0,200,0,100,0,100,0,0,0,8e-06,0.008,0.0,0.004,0.0,0.0,0.0
2,0,200,0,100,0,100,0,0,0,8e-06,0.008,0.0,0.004,0.0,0.0,0.0
2,0,200,0,100,0,100,0,0,0,8e-06,0.008,0.0,0.004,0.0,0.0,0.0
2,0,200,0,100,0,100,0,0,0,8e-06,0.008,0.0,0.004,0.0,0.0,0.0
2,0,200,0,100,0,100,0,0,0,8e-06,0.008,0.0,0.004,0.0,0.0,0.0
2,0,200,0,100,0,100,0,0,0,3e-06,0.003,0.0,0.0015,0.0,0.0,0.0
4,0,400,0,100,0,100,0,0,0,7.200432,2400.144,0.0,1200.072,3394.30925,0.0,1697.154625
2,0,200,0,100,0,100,0,0,0,3e-06,0.003,0.0,0.0015,0.0,0.0,0.0
2,0,200,0,100,0,100,0,0,0,8e-06,0.008,0.0,0.004,0.0,0.0,0.0
2,0,200,0,100,0,100,0,0,0,7e-06,0.007,0.0,0.0035,0.0,0.0,0.0
2,0,200,0,100,0,100,0,0,0,7e-06,0.007,0.0,0.0035,0.0,0.0,0.0
2,0,200,0,100,0,100,0,0,0,9e-06,0.009,0.0,0.0045,0.0,0.0,0.0
2,0,200,0,100,0,100,0,0,0,9e-06,0.009,0.0,0.0045,0.0,0.0,0.0
2,0,200,0,100,0,100,0,0,0,8e-06,0.008,0.0,0.004,0.0,0.0,0.0
2,0,200,0,100,0,100,0,0,0,8e-06,0.008,0.0,0.004,0.0,0.0,0.0
2,0,200,0,100,0,100,0,0,0,3e-06,0.003,0.0,0.0015,0.0,0.0,0.0
2,0,200,0,100,0,100,0,0,0,8e-06,0.008,0.0,0.004,0.0,0.0,0.0
2,0,200,0,100,0,100,0,0,0,8e-06,0.008,0.0,0.004,0.0,0.0,0.0
2,0,200,0,100,0,100,0,0,0,8e-06,0.008,0.0,0.004,0.0,0.0,0.0
2,0,200,0,100,0,100,0,0,0,8e-06,0.008,0.0,0.004,0.0,0.0,0.0
2,0,200,0,100,0,100,0,0,0,8e-06,0.008,0.0,0.004,0.0,0.0,0.0
2,0,200,0,100,0,100,0,0,0,9e-06,0.009,0.0,0.0045,0.0,0.0,0.0
2,0,200,0,100,0,100,0,0,0,5e-06,0.005,0.0,0.0025,0.0,0.0,0.0
2,0,200,0,100,0,100,0,0,0,8e-06,0.008,0.0,0.004,0.0,0.0,0.0
2,0,200,0,100,0,100,0,0,0,8e-06,0.008,0.0,0.004,0.0,0.0,0.0
2,0,200,0,100,0,100,0,0,0,8e-06,0.008,0.0,0.004,0.0,0.0,0.0
2,0,200,0,100,0,100,0,0,0,3e-06,0.003,0.0,0.0015,0.0,0.0,0.0
2,0,200,0,100,0,100,0,0,0,1e-06,0.001,0.0,0.0005,0.0,0.0,0.0
2,0,200,0,100,0,100,0,0,0,8e-06,0.008,0.0,0.004,0.0,0.0,0.0
2,0,200,0,100,0,100,0,0,0,3e-06,0.003,0.0,0.0015,0.0,0.0,0.0
2,0,200,0,100,0,100,0,0,0,8e-06,0.008,0.0,0.004,0.0,0.0,0.0
2,0,200,0,100,0,100,0,0,0,8e-06,0.008,0.0,0.004,0.0,0.0,0.0
2,0,200,0,100,0,100,0,0,0,3e-06,0.003,0.0,0.0015,0.0,0.0,0.0
2,0,200,0,100,0,100,0,0,0,9e-06,0.009,0.0,0.0045,0.0,0.0,0.0
2,0,200,0,100,0,100,0,0,0,5e-06,0.005,0.0,0.0025,0.0,0.0,0.0
10,6,624,268,62,45,62,45,0,0,0.283214,28.336,45.470398,36.903199,1427.461316,64.724004,746.0926599999999
12,12,2616,682,218,57,218,57,0,0,0.67547,61.406365,52.081363,56.743864,3035.186668,64.822973,1550.0048204999998
2,0,200,0,100,0,100,0,0,0,9e-06,0.009,0.0,0.0045,0.0,0.0,0.0
2,0,200,0,100,0,100,0,0,0,6e-06,0.006,0.0,0.003,0.0,0.0,0.0
2,0,200,0,100,0,100,0,0,0,9e-06,0.009,0.0,0.0045,0.0,0.0,0.0
2,0,200,0,100,0,100,0,0,0,5e-06,0.005,0.0,0.0025,0.0,0.0,0.0
2,0,200,0,100,0,100,0,0,0,8e-06,0.008,0.0,0.004,0.0,0.0,0.0
12,12,1592,682,133,57,133,57,0,0,0.758792,68.981089,56.896637,62.938863,3479.837164,74.756141,1777.2966525
2,0,200,0,100,0,100,0,0,0,9e-06,0.009,0.0,0.0045,0.0,0.0,0.0
2,0,200,0,100,0,100,0,0,0,3e-06,0.003,0.0,0.0015,0.0,0.0,0.0
2,0,200,0,100,0,100,0,0,0,8e-06,0.008,0.0,0.004,0.0,0.0,0.0
28,24,1560,1364,56,57,56,57,0,0,55.968578,2072.012854,2429.71775,2250.865302,327619.0985,10979.056,169299.07725
2,0,200,0,100,0,100,0,0,0,3e-06,0.003,0.0,0.0015,0.0,0.0,0.0
2,0,200,0,100,0,100,0,0,0,8e-06,0.008,0.0,0.004,0.0,0.0,0.0
2,0,200,0,100,0,100,0,0,0,8e-06,0.008,0.0,0.004,0.0,0.0,0.0
2,0,200,0,100,0,100,0,0,0,8e-06,0.008,0.0,0.004,0.0,0.0,0.0
2,0,200,0,100,0,100,0,0,0,5e-06,0.005,0.0,0.0025,0.0,0.0,0.0
14,12,810,682,58,57,58,57,0,0,1.210288,93.032536,100.553273,96.79290449999999,4780.272456,124.781102,2452.526779
2,0,200,0,100,0,100,0,0,0,4e-06,0.004,0.0,0.002,0.0,0.0,0.0
2,0,200,0,100,0,100,0,0,0,2e-06,0.002,0.0,0.001,0.0,0.0,0.0
2,0,200,0,100,0,100,0,0,0,8e-06,0.008,0.0,0.004,0.0,0.0,0.0
2,0,200,0,100,0,100,0,0,0,8e-06,0.008,0.0,0.004,0.0,0.0,0.0
2,0,200,0,100,0,100,0,0,0,3e-06,0.003,0.0,0.0015,0.0,0.0,0.0
2,0,200,0,100,0,100,0,0,0,8e-06,0.008,0.0,0.004,0.0,0.0,0.0
2,0,200,0,100,0,100,0,0,0,8e-06,0.008,0.0,0.004,0.0,0.0,0.0
2,0,200,0,100,0,100,0,0,0,3e-06,0.003,0.0,0.0015,0.0,0.0,0.0
2,0,200,0,100,0,100,0,0,0,6e-06,0.006,0.0,0.003,0.0,0.0,0.0
2,0,200,0,100,0,100,0,0,0,3e-06,0.003,0.0,0.0015,0.0,0.0,0.0
2,0,200,0,100,0,100,0,0,0,8e-06,0.008,0.0,0.004,0.0,0.0,0.0
2,0,200,0,100,0,100,0,0,0,3e-06,0.003,0.0,0.0015,0.0,0.0,0.0
2,0,200,0,100,0,100,0,0,0,5e-06,0.005,0.0,0.0025,0.0,0.0,0.0
2,0,200,0,100,0,100,0,0,0,5e-06,0.005,0.0,0.0025,0.0,0.0,0.0
2,0,200,0,100,0,100,0,0,0,8e-06,0.008,0.0,0.004,0.0,0.0,0.0
2,0,200,0,100,0,100,0,0,0,9e-06,0.009,0.0,0.0045,0.0,0.0,0.0
2,0,200,0,100,0,100,0,0,0,9e-06,0.009,0.0,0.0045,0.0,0.0,0.0
2,0,200,0,100,0,100,0,0,0,8e-06,0.008,0.0,0.004,0.0,0.0,0.0
2,0,200,0,100,0,100,0,0,0,8e-06,0.008,0.0,0.004,0.0,0.0,0.0
2,0,200,0,100,0,100,0,0,0,3e-06,0.003,0.0,0.0015,0.0,0.0,0.0
2,0,200,0,100,0,100,0,0,0,3e-06,0.003,0.0,0.0015,0.0,0.0,0.0
2,0,200,0,100,0,100,0,0,0,3e-06,0.003,0.0,0.0015,0.0,0.0,0.0
2,0,200,0,100,0,100,0,0,0,9e-06,0.009,0.0,0.0045,0.0,0.0,0.0
2,0,200,0,100,0,100,0,0,0,9e-06,0.009,0.0,0.0045,0.0,0.0,0.0
2,0,200,0,100,0,100,0,0,0,8e-06,0.008,0.0,0.004,0.0,0.0,0.0
2,0,200,0,100,0,100,0,0,0,9e-06,0.009,0.0,0.0045,0.0,0.0,0.0
2,0,200,0,100,0,100,0,0,0,5e-06,0.005,0.0,0.0025,0.0,0.0,0.0
2,0,200,0,100,0,100,0,0,0,3e-06,0.003,0.0,0.0015,0.0,0.0,0.0
2,0,200,0,100,0,100,0,0,0,8e-06,0.008,0.0,0.004,0.0,0.0,0.0
2,0,200,0,100,0,100,0,0,0,8e-06,0.008,0.0,0.004,0.0,0.0,0.0
2,0,200,0,100,0,100,0,0,0,5e-06,0.005,0.0,0.0025,0.0,0.0,0.0
2,0,200,0,100,0,100,0,0,0,6e-06,0.006,0.0,0.003,0.0,0.0,0.0
2,0,200,0,100,0,100,0,0,0,8e-06,0.008,0.0,0.004,0.0,0.0,0.0
2,0,200,0,100,0,100,0,0,0,8e-06,0.008,0.0,0.004,0.0,0.0,0.0
2,0,200,0,100,0,100,0,0,0,2e-06,0.002,0.0,0.001,0.0,0.0,0.0
2,0,200,0,100,0,100,0,0,0,8e-06,0.008,0.0,0.004,0.0,0.0,0.0
2,0,200,0,100,0,100,0,0,0,5e-06,0.005,0.0,0.0025,0.0,0.0,0.0
2,0,200,0,100,0,100,0,0,0,8e-06,0.008,0.0,0.004,0.0,0.0,0.0
2,0,200,0,100,0,100,0,0,0,8e-06,0.008,0.0,0.004,0.0,0.0,0.0
2,0,200,0,100,0,100,0,0,0,8e-06,0.008,0.0,0.004,0.0,0.0,0.0
2,0,200,0,100,0,100,0,0,0,8e-06,0.008,0.0,0.004,0.0,0.0,0.0
2,0,200,0,100,0,100,0,0,0,5e-06,0.005,0.0,0.0025,0.0,0.0,0.0
2,0,200,0,100,0,100,0,0,0,4e-06,0.004,0.0,0.002,0.0,0.0,0.0
2,0,200,0,100,0,100,0,0,0,1e-06,0.001,0.0,0.0005,0.0,0.0,0.0
2,0,200,0,100,0,100,0,0,0,3e-06,0.003,0.0,0.0015,0.0,0.0,0.0
2,0,200,0,100,0,100,0,0,0,7e-06,0.007,0.0,0.0035,0.0,0.0,0.0
2,0,200,0,100,0,100,0,0,0,9e-06,0.009,0.0,0.0045,0.0,0.0,0.0
2,0,200,0,100,0,100,0,0,0,3e-06,0.003,0.0,0.0015,0.0,0.0,0.0
2,0,200,0,100,0,100,0,0,0,1e-06,0.001,0.0,0.0005,0.0,0.0,0.0
2,0,200,0,100,0,100,0,0,0,8e-06,0.008,0.0,0.004,0.0,0.0,0.0
2,0,200,0,100,0,100,0,0,0,9e-06,0.009,0.0,0.0045,0.0,0.0,0.0
2,0,200,0,100,0,100,0,0,0,5e-06,0.005,0.0,0.0025,0.0,0.0,0.0
2,0,200,0,100,0,100,0,0,0,9e-06,0.009,0.0,0.0045,0.0,0.0,0.0
2,0,200,0,100,0,100,0,0,0,7e-06,0.007,0.0,0.0035,0.0,0.0,0.0
2,0,200,0,100,0,100,0,0,0,8e-06,0.008,0.0,0.004,0.0,0.0,0.0
2,0,200,0,100,0,100,0,0,0,9e-06,0.009,0.0,0.0045,0.0,0.0,0.0
2,0,200,0,100,0,100,0,0,0,8e-06,0.008,0.0,0.004,0.0,0.0,0.0
2,0,200,0,100,0,100,0,0,0,9e-06,0.009,0.0,0.0045,0.0,0.0,0.0
2,0,200,0,100,0,100,0,0,0,8e-06,0.008,0.0,0.004,0.0,0.0,0.0
2,0,200,0,100,0,100,0,0,0,8e-06,0.008,0.0,0.004,0.0,0.0,0.0
2,0,200,0,100,0,100,0,0,0,3e-06,0.003,0.0,0.0015,0.0,0.0,0.0
2,0,200,0,100,0,100,0,0,0,8e-06,0.008,0.0,0.004,0.0,0.0,0.0
2,0,200,0,100,0,100,0,0,0,5e-06,0.005,0.0,0.0025,0.0,0.0,0.0
2,0,200,0,100,0,100,0,0,0,8e-06,0.008,0.0,0.004,0.0,0.0,0.0
2,0,200,0,100,0,100,0,0,0,8e-06,0.008,0.0,0.004,0.0,0.0,0.0
2,0,200,0,100,0,100,0,0,0,8e-06,0.008,0.0,0.004,0.0,0.0,0.0
2,0,200,0,100,0,100,0,0,0,3e-06,0.003,0.0,0.0015,0.0,0.0,0.0
2,0,200,0,100,0,100,0,0,0,8e-06,0.008,0.0,0.004,0.0,0.0,0.0
2,0,200,0,100,0,100,0,0,0,9e-06,0.009,0.0,0.0045,0.0,0.0,0.0
2,0,200,0,100,0,100,0,0,0,4e-06,0.004,0.0,0.002,0.0,0.0,0.0
10,6,520,268,52,45,52,45,0,0,0.232816,24.365,37.95,31.1575,1388.925166,62.67182,725.798493
2,0,200,0,100,0,100,0,0,0,3e-06,0.003,0.0,0.0015,0.0,0.0,0.0
10,6,604,268,60,45,60,45,0,0,0.414332,46.036889,67.561203,56.799046000000004,2600.453079,128.194789,1364.323934
2,0,200,0,100,0,100,0,0,0,1e-06,0.001,0.0,0.0005,0.0,0.0,0.0
2,0,200,0,100,0,100,0,0,0,9e-06,0.009,0.0,0.0045,0.0,0.0,0.0
2,0,200,0,100,0,100,0,0,0,8e-06,0.008,0.0,0.004,0.0,0.0,0.0
2,0,200,0,100,0,100,0,0,0,7e-06,0.007,0.0,0.0035,0.0,0.0,0.0
2,0,200,0,100,0,100,0,0,0,8e-06,0.008,0.0,0.004,0.0,0.0,0.0
14,12,750,682,54,57,54,57,0,0,0.765948,58.90577,64.387363,61.64656649999999,3026.566898,78.349031,1552.4579645000001
2,0,200,0,100,0,100,0,0,0,9e-06,0.009,0.0,0.0045,0.0,0.0,0.0
2,0,200,0,100,0,100,0,0,0,5e-06,0.005,0.0,0.0025,0.0,0.0,0.0
14,12,750,682,54,57,54,57,0,0,0.96005,71.376541,77.873453,74.62499700000001,3545.693761,88.740117,1817.216939
2,0,200,0,100,0,100,0,0,0,8e-06,0.008,0.0,0.004,0.0,0.0,0.0
2,0,200,0,100,0,100,0,0,0,9e-06,0.009,0.0,0.0045,0.0,0.0,0.0
2,0,200,0,100,0,100,0,0,0,8e-06,0.008,0.0,0.004,0.0,0.0,0.0
2,0,200,0,100,0,100,0,0,0,3e-06,0.003,0.0,0.0015,0.0,0.0,0.0
2,0,200,0,100,0,100,0,0,0,6e-06,0.006,0.0,0.003,0.0,0.0,0.0
2,0,200,0,100,0,100,0,0,0,3e-06,0.003,0.0,0.0015,0.0,0.0,0.0
10,6,534,268,53,45,53,45,0,0,0.394325,41.168,65.245,53.206500000000005,2194.77955,97.811219,1146.2953845000002
2,0,200,0,100,0,100,0,0,0,3e-06,0.003,0.0,0.0015,0.0,0.0,0.0
2,0,200,0,100,0,100,0,0,0,3e-06,0.003,0.0,0.0015,0.0,0.0,0.0
2,0,200,0,100,0,100,0,0,0,8e-06,0.008,0.0,0.004,0.0,0.0,0.0
2,0,200,0,100,0,100,0,0,0,8e-06,0.008,0.0,0.004,0.0,0.0,0.0
2,0,200,0,100,0,100,0,0,0,8e-06,0.008,0.0,0.004,0.0,0.0,0.0
2,0,200,0,100,0,100,0,0,0,8e-06,0.008,0.0,0.004,0.0,0.0,0.0
2,0,200,0,100,0,100,0,0,0,9e-06,0.009,0.0,0.0045,0.0,0.0,0.0
2,0,200,0,100,0,100,0,0,0,9e-06,0.009,0.0,0.0045,0.0,0.0,0.0
2,0,200,0,100,0,100,0,0,0,8e-06,0.008,0.0,0.004,0.0,0.0,0.0
2,0,200,0,100,0,100,0,0,0,8e-06,0.008,0.0,0.004,0.0,0.0,0.0
20,12,2216,536,111,45,111,45,0,0,31.56226,1659.707526,2863.0295,2261.368513,222837.7046,8828.67,115833.1873
2,0,200,0,100,0,100,0,0,0,9e-06,0.009,0.0,0.0045,0.0,0.0,0.0
10,6,2558,268,256,45,256,45,0,0,0.390183,41.479778,70.726,56.102889000000005,2201.536846,118.690328,1160.113587
10,6,532,268,53,45,53,45,0,0,0.242112,26.901333,31.678801,29.290067,1527.600337,58.144309,792.872323
2,0,200,0,100,0,100,0,0,0,3e-06,0.003,0.0,0.0015,0.0,0.0,0.0
20,12,1670,536,84,45,84,45,0,0,41.066822,2161.412,3729.15275,2945.282375,293071.6771,11612.165,152341.92104999998
2,0,200,0,100,0,100,0,0,0,9e-06,0.009,0.0,0.0045,0.0,0.0,0.0
2,0,200,0,100,0,100,0,0,0,8e-06,0.008,0.0,0.004,0.0,0.0,0.0
2,0,200,0,100,0,100,0,0,0,9e-06,0.009,0.0,0.0045,0.0,0.0,0.0
2,0,104,0,52,0,52,0,0,0,3e-06,0.003,0.0,0.0015,0.0,0.0,0.0
20,12,1302,536,65,45,65,45,0,0,31.519764,1658.934895,2859.43975,2259.1873225,223645.4948,8858.302,116251.89839999999
10,6,892,268,89,45,89,45,0,0,0.373618,38.055556,63.704398,50.879977,2006.536794,97.941258,1052.239026
2,0,200,0,100,0,100,0,0,0,9e-06,0.009,0.0,0.0045,0.0,0.0,0.0
14,12,810,682,58,57,58,57,0,0,1.444385,111.088536,122.103453,116.5959945,5471.728555,143.089063,2807.408809
2,0,200,0,100,0,100,0,0,0,3e-06,0.003,0.0,0.0015,0.0,0.0,0.0
10,6,518,268,52,45,52,45,0,0,0.31597,33.498444,48.070602,40.784523,1866.507084,74.117461,970.3122725000001
2,0,200,0,100,0,100,0,0,0,7e-06,0.007,0.0,0.0035,0.0,0.0,0.0
2,0,200,0,100,0,100,0,0,0,3e-06,0.003,0.0,0.0015,0.0,0.0,0.0
2,0,200,0,100,0,100,0,0,0,9e-06,0.009,0.0,0.0045,0.0,0.0,0.0
2,0,200,0,100,0,100,0,0,0,3e-06,0.003,0.0,0.0015,0.0,0.0,0.0
2,0,200,0,100,0,100,0,0,0,8e-06,0.008,0.0,0.004,0.0,0.0,0.0
10,6,766,268,77,45,77,45,0,0,0.645937,68.741,114.979398,91.860199,3795.113692,198.414141,1996.7639165
14,12,810,682,58,57,58,57,0,0,1.407269,108.228846,120.24982,114.239333,5755.661132,153.017578,2954.339355
20,12,2216,536,111,45,111,45,0,0,31.56226,1659.707526,2863.0295,2261.368513,222837.7046,8828.67,115833.1873
10,6,610,268,61,45,61,45,0,0,0.36213,37.997556,62.910801,50.4541785,1894.935277,91.803125,993.369201
2,0,200,0,100,0,100,0,0,0,5e-06,0.005,0.0,0.0025,0.0,0.0,0.0
10,6,846,268,85,45,85,45,0,0,0.410453,45.605889,66.898398,56.2521435,2318.243907,118.762422,1218.5031645
2,0,200,0,100,0,100,0,0,0,9e-06,0.009,0.0,0.0045,0.0,0.0,0.0
2,0,200,0,100,0,100,0,0,0,9e-06,0.009,0.0,0.0045,0.0,0.0,0.0
2,0,200,0,100,0,100,0,0,0,5e-06,0.005,0.0,0.0025,0.0,0.0,0.0
2,0,200,0,100,0,100,0,0,0,9e-06,0.009,0.0,0.0045,0.0,0.0,0.0
2,0,200,0,100,0,100,0,0,0,3e-06,0.003,0.0,0.0015,0.0,0.0,0.0
2,0,200,0,100,0,100,0,0,0,9e-06,0.009,0.0,0.0045,0.0,0.0,0.0
2,0,200,0,100,0,100,0,0,0,5e-06,0.005,0.0,0.0025,0.0,0.0,0.0
2,0,200,0,100,0,100,0,0,0,8e-06,0.008,0.0,0.004,0.0,0.0,0.0
2,0,200,0,100,0,100,0,0,0,2e-06,0.002,0.0,0.001,0.0,0.0,0.0
2,0,200,0,100,0,100,0,0,0,2e-06,0.002,0.0,0.001,0.0,0.0,0.0
2,0,200,0,100,0,100,0,0,0,9e-06,0.009,0.0,0.0045,0.0,0.0,0.0
2,0,200,0,100,0,100,0,0,0,9e-06,0.009,0.0,0.0045,0.0,0.0,0.0
2,0,200,0,100,0,100,0,0,0,9e-06,0.009,0.0,0.0045,0.0,0.0,0.0
2,0,200,0,100,0,100,0,0,0,2e-06,0.002,0.0,0.001,0.0,0.0,0.0
2,0,200,0,100,0,100,0,0,0,9e-06,0.009,0.0,0.0045,0.0,0.0,0.0
2,0,200,0,100,0,100,0,0,0,8e-06,0.008,0.0,0.004,0.0,0.0,0.0
2,0,200,0,100,0,100,0,0,0,3e-06,0.003,0.0,0.0015,0.0,0.0,0.0
2,0,200,0,100,0,100,0,0,0,9e-06,0.009,0.0,0.0045,0.0,0.0,0.0
2,0,200,0,100,0,100,0,0,0,5e-06,0.005,0.0,0.0025,0.0,0.0,0.0
2,0,104,0,52,0,52,0,0,0,4e-06,0.004,0.0,0.002,0.0,0.0,0.0
20,8,17286,354,864,44,864,44,0,0,0.658425,33.091054,77.51657,55.303812,2366.284727,113.905219,1240.0949730000002
2,0,200,0,100,0,100,0,0,0,3e-06,0.003,0.0,0.0015,0.0,0.0,0.0
2,0,200,0,100,0,100,0,0,0,5e-06,0.005,0.0,0.0025,0.0,0.0,0.0
2,0,200,0,100,0,100,0,0,0,1e-06,0.001,0.0,0.0005,0.0,0.0,0.0
12,12,632,682,53,57,53,57,0,0,0.754877,68.625183,59.151637,63.88841000000001,3760.655437,94.62693,1927.6411835
22,14,17352,768,789,55,789,55,0,0,0.921728,43.891809,63.869152,53.880480500000004,3295.399167,96.153125,1695.776146
12,12,632,682,53,57,53,57,0,0,1.211159,110.105365,100.955453,105.530409,5576.551885,131.593094,2854.0724895
12,12,824,682,69,57,69,57,0,0,0.779948,70.904366,66.361547,68.6329565,3913.224066,101.354328,2007.289197
12,12,2616,682,218,57,218,57,0,0,0.788997,71.727001,63.101,67.4140005,3577.604971,78.878953,1828.241962
10,8,534,354,53,44,53,44,0,0,0.858313,95.289889,113.037859,104.16387399999999,5709.034608,191.354547,2950.1945775
2,0,200,0,100,0,100,0,0,0,9e-06,0.009,0.0,0.0045,0.0,0.0,0.0
14,12,810,682,58,57,58,57,0,0,1.574115,121.067226,131.448453,126.2578395,6843.456516,174.872516,3509.1645160000003
12,12,1592,682,133,57,133,57,0,0,0.651312,59.210183,56.929816,58.0699995,2874.556774,67.263258,1470.910016
2,0,104,0,52,0,52,0,0,0,9e-06,0.009,0.0,0.0045,0.0,0.0,0.0
10,6,2530,268,253,45,253,45,0,0,0.691876,72.722111,116.781797,94.751954,3937.354664,184.711531,2061.0330975
2,0,200,0,100,0,100,0,0,0,1e-06,0.001,0.0,0.0005,0.0,0.0,0.0
34,12,36414,526,1071,44,1071,44,0,0,1.714032,2950.628263,8357.39,5654.0091315,534917.3028,27222.634,281069.96839999995
2,0,200,0,100,0,100,0,0,0,6e-06,0.006,0.0,0.003,0.0,0.0,0.0
2,0,200,0,100,0,100,0,0,0,9e-06,0.009,0.0,0.0045,0.0,0.0,0.0
12,12,824,682,69,57,69,57,0,0,1.491358,135.578,127.26982,131.42391,7843.217902,228.750141,4035.9840215000004
2,0,200,0,100,0,100,0,0,0,8e-06,0.008,0.0,0.004,0.0,0.0,0.0
2,0,200,0,100,0,100,0,0,0,6e-06,0.006,0.0,0.003,0.0,0.0,0.0
2,0,200,0,100,0,100,0,0,0,3e-06,0.003,0.0,0.0015,0.0,0.0,0.0
2,0,200,0,100,0,100,0,0,0,3e-06,0.003,0.0,0.0015,0.0,0.0,0.0
2,0,200,0,100,0,100,0,0,0,6e-06,0.006,0.0,0.003,0.0,0.0,0.0
12,12,572,682,48,57,48,57,0,0,0.979832,89.075636,84.264727,86.6701815,4649.448362,107.59132,2378.5198410000003
2,0,200,0,100,0,100,0,0,0,5e-06,0.005,0.0,0.0025,0.0,0.0,0.0
2,0,200,0,100,0,100,0,0,0,4e-06,0.004,0.0,0.002,0.0,0.0,0.0
20,12,1670,536,84,45,84,45,0,0,41.066822,2161.412,3729.15275,2945.282375,293071.6771,11612.165,152341.92104999998
2,0,200,0,100,0,100,0,0,0,9e-06,0.009,0.0,0.0045,0.0,0.0,0.0
2,0,104,0,52,0,52,0,0,0,9e-06,0.009,0.0,0.0045,0.0,0.0,0.0
2,0,200,0,100,0,100,0,0,0,3e-06,0.003,0.0,0.0015,0.0,0.0,0.0
2,0,200,0,100,0,100,0,0,0,9e-06,0.009,0.0,0.0045,0.0,0.0,0.0
14,12,810,682,58,57,58,57,0,0,1.439511,109.29931,120.74282,115.021065,5973.850328,151.701469,3062.7758985
2,0,200,0,100,0,100,0,0,0,8e-06,0.008,0.0,0.004,0.0,0.0,0.0
14,12,798,682,57,57,57,57,0,0,0.941119,70.594079,81.229273,75.911676,3915.860976,99.503508,2007.6822419999999
10,6,574,268,57,45,57,45,0,0,0.448242,46.216111,77.685602,61.9508565,2529.0213,124.992492,1327.0068959999999
2,0,200,0,100,0,100,0,0,0,5e-06,0.005,0.0,0.0025,0.0,0.0,0.0
2,0,200,0,100,0,100,0,0,0,8e-06,0.008,0.0,0.004,0.0,0.0,0.0
14,12,810,682,58,57,58,57,0,0,0.89836,66.381151,75.440906,70.9110285,3435.480585,89.638523,1762.559554
10,6,526,268,53,45,53,45,0,0,0.421859,43.748556,69.532398,56.640477000000004,2318.740225,110.183195,1214.46171
10,6,2050,268,205,45,205,45,0,0,0.486094,50.382556,80.035797,65.2091765,3064.847549,119.306828,1592.0771885
14,12,798,682,57,57,57,57,0,0,0.991343,73.398,85.87082,79.63441,4132.598857,105.343922,2118.9713895
2,0,200,0,100,0,100,0,0,0,8e-06,0.008,0.0,0.004,0.0,0.0,0.0
30,24,1610,1364,54,57,54,57,0,0,34.455128,1185.715518,1495.680375,1340.6979465,187570.9331,6498.8565,97034.8948
2,0,200,0,100,0,100,0,0,0,3e-06,0.003,0.0,0.0015,0.0,0.0,0.0
2,0,200,0,100,0,100,0,0,0,8e-06,0.008,0.0,0.004,0.0,0.0,0.0
2,0,200,0,100,0,100,0,0,0,8e-06,0.008,0.0,0.004,0.0,0.0,0.0
2,0,200,0,100,0,100,0,0,0,8e-06,0.008,0.0,0.004,0.0,0.0,0.0
2,0,200,0,100,0,100,0,0,0,8e-06,0.008,0.0,0.004,0.0,0.0,0.0
2,0,200,0,100,0,100,0,0,0,6e-06,0.006,0.0,0.003,0.0,0.0,0.0
2,0,200,0,100,0,100,0,0,0,8e-06,0.008,0.0,0.004,0.0,0.0,0.0
24,48,8012,43634,334,909,334,909,0,0,2.303635,100.114436,47.607873,73.8611545,5210.267404,3641.417695,4425.8425495
2,0,104,0,52,0,52,0,0,0,5e-06,0.005,0.0,0.0025,0.0,0.0,0.0
2,0,200,0,100,0,100,0,0,0,6e-06,0.006,0.0,0.003,0.0,0.0,0.0
2,0,104,0,52,0,52,0,0,0,8e-06,0.008,0.0,0.004,0.0,0.0,0.0
2,0,200,0,100,0,100,0,0,0,3e-06,0.003,0.0,0.0015,0.0,0.0,0.0
2,0,200,0,100,0,100,0,0,0,3e-06,0.003,0.0,0.0015,0.0,0.0,0.0
2,0,200,0,100,0,100,0,0,0,9e-06,0.009,0.0,0.0045,0.0,0.0,0.0
2,0,200,0,100,0,100,0,0,0,5e-06,0.005,0.0,0.0025,0.0,0.0,0.0
2,0,200,0,100,0,100,0,0,0,8e-06,0.008,0.0,0.004,0.0,0.0,0.0
2,0,200,0,100,0,100,0,0,0,8e-06,0.008,0.0,0.004,0.0,0.0,0.0
2,0,200,0,100,0,100,0,0,0,3e-06,0.003,0.0,0.0015,0.0,0.0,0.0
10,6,994,268,99,45,99,45,0,0,0.958551,104.048889,172.101594,138.0752415,5490.865182,291.96925,2891.417216
2,0,200,0,100,0,100,0,0,0,9e-06,0.009,0.0,0.0045,0.0,0.0,0.0
2,0,200,0,100,0,100,0,0,0,8e-06,0.008,0.0,0.004,0.0,0.0,0.0
10,8,534,354,53,44,53,44,0,0,0.779161,83.442111,105.06257,94.2523405,5131.343187,173.985562,2652.6643745
10,6,2550,268,255,45,255,45,0,0,0.64789,71.987778,108.511203,90.24949050000001,3762.225429,188.919437,1975.572433
2,0,104,0,52,0,52,0,0,0,1e-05,0.01,0.0,0.005,0.0,0.0,0.0
10,8,534,354,53,44,53,44,0,0,0.944288,100.168556,126.421,113.29477800000001,5465.293518,217.111672,2841.202595
10,8,522,354,52,44,52,44,0,0,0.735093,78.512556,95.84457,87.178563,5907.294608,139.846609,3023.5706085
10,8,534,354,53,44,53,44,0,0,0.944288,100.168556,126.421,113.29477800000001,5465.293518,217.111672,2841.202595
20,14,1068,622,53,44,53,44,0,0,35.215721,1853.458947,2704.0955,2278.7772235,247124.2816,9070.123,128097.20229999999
2,0,200,0,100,0,100,0,0,0,6e-06,0.006,0.0,0.003,0.0,0.0,0.0
2,0,200,0,100,0,100,0,0,0,9e-06,0.009,0.0,0.0045,0.0,0.0,0.0
2,0,200,0,100,0,100,0,0,0,9e-06,0.009,0.0,0.0045,0.0,0.0,0.0
2,0,200,0,100,0,100,0,0,0,8e-06,0.008,0.0,0.004,0.0,0.0,0.0
10,8,534,354,53,44,53,44,0,0,0.816666,90.62,110.63057,100.625285,5621.023554,182.673047,2901.8483005000003
14,10,774,556,55,56,55,56,0,0,0.908719,68.858231,89.431445,79.144838,3755.826611,121.6615,1938.7440555
12,6,4678,268,390,45,390,45,0,0,0.85134,74.333634,155.668406,115.00102000000001,4251.627333,254.685375,2253.156354
2,0,200,0,100,0,100,0,0,0,9e-06,0.009,0.0,0.0045,0.0,0.0,0.0
2,0,200,0,100,0,100,0,0,0,3e-06,0.003,0.0,0.0015,0.0,0.0,0.0
2,0,104,0,52,0,52,0,0,0,3e-06,0.003,0.0,0.0015,0.0,0.0,0.0
2,0,200,0,100,0,100,0,0,0,9e-06,0.009,0.0,0.0045,0.0,0.0,0.0
2,0,200,0,100,0,100,0,0,0,3e-06,0.003,0.0,0.0015,0.0,0.0,0.0
2,0,104,0,52,0,52,0,0,0,9e-06,0.009,0.0,0.0045,0.0,0.0,0.0
2,0,200,0,100,0,100,0,0,0,3e-06,0.003,0.0,0.0015,0.0,0.0,0.0
2,0,200,0,100,0,100,0,0,0,8e-06,0.008,0.0,0.004,0.0,0.0,0.0
2,0,104,0,52,0,52,0,0,0,1e-06,0.001,0.0,0.0005,0.0,0.0,0.0
10,6,588,268,59,45,59,45,0,0,0.40397,44.885556,54.203,49.544278000000006,2273.634948,90.862828,1182.2488879999999
10,6,2050,268,205,45,205,45,0,0,0.448878,46.245111,77.960398,62.1027545,2392.09864,111.831102,1251.9648710000001
20,12,2438,536,122,45,122,45,0,0,52.422104,2755.762947,4763.7965,3759.7797235000003,375314.4069,14883.168,195098.78745
10,6,542,268,54,45,54,45,0,0,0.399363,43.464667,75.277602,59.3711345,2303.250443,126.101391,1214.675917
2,0,200,0,100,0,100,0,0,0,8e-06,0.008,0.0,0.004,0.0,0.0,0.0
2,0,200,0,100,0,100,0,0,0,8e-06,0.008,0.0,0.004,0.0,0.0,0.0
20,12,2216,536,111,45,111,45,0,0,31.56226,1659.707526,2863.0295,2261.368513,222837.7046,8828.67,115833.1873
2,0,200,0,100,0,100,0,0,0,8e-06,0.008,0.0,0.004,0.0,0.0,0.0
20,12,1176,536,59,45,59,45,0,0,32.28117,1690.805211,2930.67225,2310.7387305,225493.3107,8929.216,117211.26335
10,6,588,268,59,45,59,45,0,0,0.374003,41.555889,62.146199,51.851044,2002.674101,84.082898,1043.3784995
10,6,588,268,59,45,59,45,0,0,0.382156,40.697222,59.357,50.027111,2167.7049,91.936234,1129.820567
10,6,514,268,51,45,51,45,0,0,0.268046,28.286222,40.576199,34.4312105,1534.386792,61.241793,797.8142925
20,12,1302,536,65,45,65,45,0,0,31.519764,1658.934895,2859.43975,2259.1873225,223645.4948,8858.302,116251.89839999999
2,0,200,0,100,0,100,0,0,0,9e-06,0.009,0.0,0.0045,0.0,0.0,0.0
10,6,2044,268,204,45,204,45,0,0,0.291529,31.524667,44.451398,37.9880325,1810.562571,71.630437,941.096504
10,6,526,268,53,45,53,45,0,0,0.590624,64.204111,107.467203,85.835657,3791.240622,185.053391,1988.1470064999999
10,6,1282,268,128,45,128,45,0,0,0.339562,37.729111,46.430398,42.0797545,1980.259357,79.716922,1029.9881395
10,6,646,268,65,45,65,45,0,0,0.514028,55.311222,89.585203,72.44821250000001,2865.123593,142.912344,1504.0179684999998
2,0,200,0,100,0,100,0,0,0,3e-06,0.003,0.0,0.0015,0.0,0.0,0.0
2,0,200,0,100,0,100,0,0,0,8e-06,0.008,0.0,0.004,0.0,0.0,0.0
10,6,2566,268,257,45,257,45,0,0,0.608386,67.529222,103.648,85.588611,3498.076935,162.337312,1830.2071235
12,12,576,682,48,57,48,57,0,0,0.83236,75.669092,69.526633,72.5978625,4494.543901,117.105227,2305.824564
2,0,200,0,100,0,100,0,0,0,6e-06,0.006,0.0,0.003,0.0,0.0,0.0
10,6,638,268,64,45,64,45,0,0,0.329786,33.632889,58.156398,45.8946435,1684.010304,80.012594,882.011449
2,0,200,0,100,0,100,0,0,0,8e-06,0.008,0.0,0.004,0.0,0.0,0.0
10,6,1022,268,102,45,102,45,0,0,0.509218,52.87,92.737398,72.803699,2870.355866,147.537203,1508.9465344999999
2,0,200,0,100,0,100,0,0,0,6e-06,0.006,0.0,0.003,0.0,0.0,0.0
12,12,2616,682,218,57,218,57,0,0,1.0209,92.809092,83.64182,88.22545600000001,5530.078203,153.870141,2841.974172
2,0,104,0,52,0,52,0,0,0,9e-06,0.009,0.0,0.0045,0.0,0.0,0.0
2,0,200,0,100,0,100,0,0,0,9e-06,0.009,0.0,0.0045,0.0,0.0,0.0
34,10,35002,440,1029,44,1029,44,0,0,0.910099,936.826706,3182.5855,2059.706103,167828.3209,9270.878,88549.59945
10,6,706,268,71,45,71,45,0,0,0.368707,37.722556,57.032602,47.377579,2183.83988,87.677156,1135.758518
2,0,200,0,100,0,100,0,0,0,6e-06,0.006,0.0,0.003,0.0,0.0,0.0
20,14,3740,622,187,44,187,44,0,0,54.354286,2860.702893,4177.62225,3519.1625715,383065.1029,14076.29,198570.69645
20,14,3740,622,187,44,187,44,0,0,54.354286,2860.702893,4177.62225,3519.1625715,383065.1029,14076.29,198570.69645
2,0,104,0,52,0,52,0,0,0,4e-06,0.004,0.0,0.002,0.0,0.0,0.0
2,0,200,0,100,0,100,0,0,0,8e-06,0.008,0.0,0.004,0.0,0.0,0.0
28,24,1560,1364,56,57,56,57,0,0,55.968578,2072.012854,2429.71775,2250.865302,327619.0985,10979.056,169299.07725
2,0,200,0,100,0,100,0,0,0,9e-06,0.009,0.0,0.0045,0.0,0.0,0.0
10,8,484,354,48,44,48,44,0,0,0.829596,92.177333,105.394141,98.78573700000001,5175.427196,188.278266,2681.852731
2,0,200,0,100,0,100,0,0,0,9e-06,0.009,0.0,0.0045,0.0,0.0,0.0
10,8,486,354,49,44,49,44,0,0,1.182084,127.053222,163.334578,145.19389999999999,7521.452549,291.269906,3906.3612274999996
2,0,200,0,100,0,100,0,0,0,8e-06,0.008,0.0,0.004,0.0,0.0,0.0
2,0,200,0,100,0,100,0,0,0,8e-06,0.008,0.0,0.004,0.0,0.0,0.0
10,6,756,268,76,45,76,45,0,0,0.536707,55.975222,86.707203,71.34121250000001,2988.305796,117.701555,1553.0036755
10,6,756,268,76,45,76,45,0,0,0.603104,63.265,102.34,82.80250000000001,3378.975433,159.632969,1769.304201
2,0,200,0,100,0,100,0,0,0,8e-06,0.008,0.0,0.004,0.0,0.0,0.0
10,8,756,354,76,44,76,44,0,0,0.740381,75.979556,92.07543,84.02749299999999,4771.956882,146.471359,2459.2141205000003
10,6,756,268,76,45,76,45,0,0,0.785393,84.837778,131.956406,108.39709199999999,4435.391098,224.673375,2330.0322365
10,8,546,354,55,44,55,44,0,0,1.1411,126.779889,153.687422,140.2336555,7298.644544,325.789781,3812.2171625
10,6,756,268,76,45,76,45,0,0,1.107593,123.065889,204.998,164.0319445,7199.505673,352.747625,3776.126649
10,6,756,268,76,45,76,45,0,0,0.454934,42.563222,75.017,58.790110999999996,2146.033629,97.726555,1121.880092
10,8,738,354,74,44,74,44,0,0,1.209884,134.419444,164.641141,149.5302925,8430.302573,239.064562,4334.6835675
2,0,200,0,100,0,100,0,0,0,8e-06,0.008,0.0,0.004,0.0,0.0,0.0
28,0,12832,0,458,0,458,0,0,0,17.330788,641.881062,0.0,320.940531,746.488812,0.0,373.244406
2,0,200,0,100,0,100,0,0,0,9e-06,0.009,0.0,0.0045,0.0,0.0,0.0
10,6,1014,268,101,45,101,45,0,0,1.217802,132.738667,228.063594,180.4011305,9031.159452,429.856187,4730.5078195
2,0,200,0,100,0,100,0,0,0,9e-06,0.009,0.0,0.0045,0.0,0.0,0.0
10,8,1014,354,101,44,101,44,0,0,0.981964,105.455,131.879281,118.66714049999999,6398.080147,276.384469,3337.2323079999996
12,14,576,768,48,55,48,55,0,0,0.970467,88.224271,67.433844,77.8290575,4763.491394,96.583062,2430.0372279999997
20,8,17266,354,863,44,863,44,0,0,1.451651,74.343054,197.536141,135.9395975,7072.497785,300.257844,3686.3778144999997
10,8,1526,354,153,44,153,44,0,0,0.799005,88.778333,99.124859,93.951596,5187.341542,171.802203,2679.5718725
2,0,200,0,100,0,100,0,0,0,5e-06,0.005,0.0,0.0025,0.0,0.0,0.0
2,0,200,0,100,0,100,0,0,0,9e-06,0.009,0.0,0.0045,0.0,0.0,0.0
2,0,200,0,100,0,100,0,0,0,6e-06,0.006,0.0,0.003,0.0,0.0,0.0
112,22,135649,956,1211,43,1211,43,0,0,2.273491,20.176658,109.059102,64.61788,2584.489932,183.212687,1383.8513095
2,0,104,0,52,0,52,0,0,0,5e-06,0.005,0.0,0.0025,0.0,0.0,0.0
2,0,104,0,52,0,52,0,0,0,5e-06,0.005,0.0,0.0025,0.0,0.0,0.0
2,0,200,0,100,0,100,0,0,0,8e-06,0.008,0.0,0.004,0.0,0.0,0.0
2,0,200,0,100,0,100,0,0,0,8e-06,0.008,0.0,0.004,0.0,0.0,0.0
2,0,104,0,52,0,52,0,0,0,1e-06,0.001,0.0,0.0005,0.0,0.0,0.0
10,6,706,268,71,45,71,45,0,0,1.008415,111.941778,183.936797,147.9392875,7117.466519,322.861125,3720.163822
2,0,200,0,100,0,100,0,0,0,8e-06,0.008,0.0,0.004,0.0,0.0,0.0
10,8,804,2912,80,364,80,364,0,0,0.370517,41.168556,49.12143,45.144993,3087.785371,112.496508,1600.1409395
34,10,35002,440,1029,44,1029,44,0,0,0.910099,936.826706,3182.5855,2059.706103,167828.3209,9270.878,88549.59945
2,0,200,0,100,0,100,0,0,0,9e-06,0.009,0.0,0.0045,0.0,0.0,0.0
14,12,810,682,58,57,58,57,0,0,1.865058,140.257923,156.168813,148.213368,7800.461719,222.372531,4011.417125
16,12,908,642,57,54,57,54,0,0,0.980217,65.347799,77.228367,71.288083,3350.372956,115.601461,1732.9872085000002
2,0,200,0,100,0,100,0,0,0,9e-06,0.009,0.0,0.0045,0.0,0.0,0.0
2,0,104,0,52,0,52,0,0,0,9e-06,0.009,0.0,0.0045,0.0,0.0,0.0
10,6,774,268,77,45,77,45,0,0,0.731259,78.829444,132.714594,105.772019,4738.402534,231.739688,2485.0711109999997
10,8,588,354,59,44,59,44,0,0,1.200132,129.551889,148.477578,139.01473349999998,6878.596873,269.178656,3573.8877645000002
10,8,1030,354,103,44,103,44,0,0,1.225152,136.019111,157.001578,146.5103445,8291.467628,211.611281,4251.5394545
2,0,104,0,52,0,52,0,0,0,1e-06,0.001,0.0,0.0005,0.0,0.0,0.0
2,0,104,0,52,0,52,0,0,0,1e-06,0.001,0.0,0.0005,0.0,0.0,0.0
10,6,756,268,76,45,76,45,0,0,0.60575,65.564556,107.382797,86.4736765,3715.979085,182.422297,1949.200691
20,14,1512,622,76,44,76,44,0,0,43.314888,2277.467842,3324.28975,2800.878796,305457.2037,11205.526,158331.36485
2,0,200,0,100,0,100,0,0,0,5e-06,0.005,0.0,0.0025,0.0,0.0,0.0
14,14,798,768,57,55,57,55,0,0,0.981541,73.901536,71.999539,72.9505375,4128.62545,106.238227,2117.4318384999997
42,0,2688,0,64,0,64,0,0,0,2.097541,51.159535,0.0,25.5797675,55.640574,0.0,27.820287
10,6,756,268,76,45,76,45,0,0,0.746207,76.346889,118.122,97.2344445,3999.091591,170.887969,2084.98978
2,0,200,0,100,0,100,0,0,0,8e-06,0.008,0.0,0.004,0.0,0.0,0.0
2,0,200,0,100,0,100,0,0,0,8e-06,0.008,0.0,0.004,0.0,0.0,0.0
10,8,610,354,61,44,61,44,0,0,1.921773,209.862778,261.373578,235.618178,12551.30293,425.496719,6488.3998245
2,0,104,0,52,0,52,0,0,0,9e-06,0.009,0.0,0.0045,0.0,0.0,0.0
14,12,750,682,54,57,54,57,0,0,1.031442,79.265849,87.424094,83.3449715,4082.516857,110.041266,2096.2790615
2,0,104,0,52,0,52,0,0,0,6e-06,0.006,0.0,0.003,0.0,0.0,0.0
2,0,104,0,52,0,52,0,0,0,7e-06,0.007,0.0,0.0035,0.0,0.0,0.0
12,8,1046,744,87,93,87,93,0,0,0.630487,55.890001,83.515859,69.70293000000001,3160.495016,112.16425,1636.3296329999998
10,6,588,268,59,45,59,45,0,0,0.326889,36.228444,57.864199,47.046321500000005,1761.803138,86.698102,924.25062
10,8,588,354,59,44,59,44,0,0,1.170537,129.95,156.991859,143.4709295,8412.98225,227.656859,4320.3195545
42,0,18480,0,440,0,440,0,0,0,45.037312,1098.471,0.0,549.2355,1384.726625,0.0,692.3633125
2,0,104,0,52,0,52,0,0,0,9e-06,0.009,0.0,0.0045,0.0,0.0,0.0
10,6,588,268,59,45,59,45,0,0,0.284422,27.712889,51.010801,39.361845,1437.459702,69.505148,753.482425
14,12,726,682,52,57,52,57,0,0,1.024119,77.396921,83.694727,80.54582400000001,4017.304038,105.132555,2061.2182965
2,0,2974,0,1487,0,1487,0,0,0,1.1e-05,0.011,0.0,0.0055,0.0,0.0,0.0
10,6,588,268,59,45,59,45,0,0,0.433047,44.127889,76.382203,60.25504600000001,2488.5552,108.488148,1298.5216739999998
22,14,17352,768,789,55,789,55,0,0,0.522368,24.874666,34.116,29.495333000000002,1733.988282,51.08282,892.535551
10,6,588,268,59,45,59,45,0,0,0.502511,48.143111,90.711602,69.4273565,2407.223432,119.204727,1263.2140794999998
2,0,104,0,52,0,52,0,0,0,3e-06,0.003,0.0,0.0015,0.0,0.0,0.0
60,14,68201,612,1137,44,1137,44,0,0,0.799454,12.67539,55.153078,33.914234,1305.194481,68.204594,686.6995375
60,14,68197,612,1137,44,1137,44,0,0,0.971873,16.472423,70.270461,43.371442,1645.293399,88.359664,866.8265315
12,10,1080,788,90,79,90,79,0,0,0.952181,6586.162831,7901.0375,7243.6001655,712771.1352,23407.462,368089.2986
42,0,2688,0,64,0,64,0,0,0,2.097541,51.159535,0.0,25.5797675,55.640574,0.0,27.820287
14,12,774,642,55,54,55,54,0,0,0.930821,71.530767,77.197367,74.364067,4562.789927,114.939727,2338.864827
20,12,1302,536,65,45,65,45,0,0,31.519764,1658.934895,2859.43975,2259.1873225,223645.4948,8858.302,116251.89839999999
14,10,774,556,55,56,55,56,0,0,1.299671,97.016538,135.654562,116.33555,5165.314476,201.778031,2683.5462534999997
20,12,2438,536,122,45,122,45,0,0,52.422104,2755.762947,4763.7965,3759.7797235000003,375314.4069,14883.168,195098.78745
10,6,534,268,53,45,53,45,0,0,0.454651,50.516778,64.424398,57.470588,2636.043972,93.274289,1364.6591305
14,12,810,682,58,57,58,57,0,0,1.615839,116.879077,139.259,128.06903849999998,6813.192355,192.037578,3502.6149665000003
10,6,538,268,54,45,54,45,0,0,0.394373,41.863889,70.048398,55.9561435,2401.897962,116.267633,1259.0827975
10,6,534,268,53,45,53,45,0,0,0.698918,75.101556,127.19,101.145778,4945.070494,227.157688,2586.114091
14,12,810,682,58,57,58,57,0,0,1.325386,101.943921,114.494273,108.219097,5016.968293,140.866797,2578.917545
10,6,562,268,56,45,56,45,0,0,0.462496,49.584778,73.791,61.687889,2640.180863,128.266555,1384.223709
10,6,534,268,53,45,53,45,0,0,0.698918,75.101556,127.19,101.145778,4945.070494,227.157688,2586.114091
42,0,2184,0,52,0,52,0,0,0,30.121977,734.682437,0.0,367.3412185,861.593813,0.0,430.7969065
14,12,810,682,58,57,58,57,0,0,0.964412,74.158387,79.755094,76.9567405,3638.698747,92.949125,1865.823936
60,14,68199,612,1137,44,1137,44,0,0,0.971909,16.268441,65.51623,40.892335499999994,1596.741837,86.218984,841.4804105000001
10,6,534,268,53,45,53,45,0,0,0.920901,102.216889,177.18,139.6984445,5888.627572,299.738688,3094.1831300000003
10,8,1526,354,153,44,153,44,0,0,0.935049,100.455111,124.139141,112.29712599999999,5875.658808,219.731125,3047.6949665
10,8,534,354,53,44,53,44,0,0,0.84428,88.774778,105.357711,97.0662445,5188.354649,172.444375,2680.399512
10,8,756,354,76,44,76,44,0,0,0.602803,66.875222,77.26457,72.069896,4632.667182,119.595633,2376.1314075
10,6,534,268,53,45,53,45,0,0,0.66894,71.297556,106.974,89.135778,3784.444742,172.971359,1978.7080505000001
2,0,104,0,52,0,52,0,0,0,1e-05,0.01,0.0,0.005,0.0,0.0,0.0
10,6,756,268,76,45,76,45,0,0,0.40552,39.869,69.617203,54.7431015,2198.811667,90.158484,1144.4850755
14,12,774,642,55,54,55,54,0,0,1.415078,106.530231,116.959367,111.744799,6221.313392,155.059609,3188.1865005
14,12,774,642,55,54,55,54,0,0,1.46706,111.025921,129.088367,120.057144,6853.194574,202.849531,3528.0220525
20,12,1176,536,59,45,59,45,0,0,32.022385,1684.540842,2905.7235,2295.132171,223539.4413,8850.564,116195.00265000001
10,6,756,268,76,45,76,45,0,0,0.39839,41.815444,68.83,55.322722,2102.109178,93.625172,1097.867175
10,6,534,268,53,45,53,45,0,0,0.448495,11795.3563,19658.666,15727.01115,1174993.804,43789.168,609391.486
10,6,756,268,76,45,76,45,0,0,0.561849,57.736778,89.884797,73.8107875,3022.369518,135.281313,1578.8254155
60,14,68195,612,1137,44,1137,44,0,0,1.007031,14.902949,71.533766,43.218357499999996,1504.920195,83.165266,794.0427305
14,12,726,682,52,57,52,57,0,0,0.93688,72.067695,78.17782,75.1227575,3958.028746,94.34643,2026.187588
10,6,756,268,76,45,76,45,0,0,0.534774,57.334333,91.635398,74.4848655,2894.18305,139.514594,1516.848822
10,6,756,268,76,45,76,45,0,0,0.689922,76.552222,125.210602,100.881412,3881.47721,184.593813,2033.0355115
10,8,588,354,59,44,59,44,0,0,0.882482,93.194889,111.104859,102.14987400000001,5140.089928,222.127969,2681.1089485
2,0,2982,0,1491,0,1491,0,0,0,1.2e-05,0.012,0.0,0.006,0.0,0.0,0.0
2,0,104,0,52,0,52,0,0,0,4e-06,0.004,0.0,0.002,0.0,0.0,0.0
10,6,592,268,59,45,59,45,0,0,0.419928,36.983889,71.776,54.37994449999999,1919.168141,94.77493,1006.9715355000001
1624,252,2162355,10846,1331,43,1331,43,0,0,19.923668,12.294593,79.421711,45.858152000000004,1427.051509,86.86932,756.9604145
10,8,1014,354,101,44,101,44,0,0,1.06649,118.498889,147.156,132.8274445,7035.20872,241.550609,3638.3796644999998
10,6,1014,268,101,45,101,45,0,0,0.793032,85.816444,151.154406,118.48542499999999,5621.593811,261.987344,2941.7905775
10,6,1792,268,179,45,179,45,0,0,0.681279,66.35,123.541602,94.94580099999999,3534.231766,162.490453,1848.3611094999999
12,8,3024,714,252,89,252,89,0,0,1.341779,121.897821,182.585281,152.24155100000002,7328.327792,300.951875,3814.6398335
10,6,3072,268,307,45,307,45,0,0,0.745662,82.747778,127.325602,105.03669,4296.482915,193.396922,2244.9399184999997
10,6,1526,268,153,45,153,45,0,0,0.860558,92.142667,156.488797,124.315732,5275.754536,271.8325,2773.7935180000004
20,16,1108,708,55,44,55,44,0,0,31.6392,1664.515895,2105.8175,1885.1666975,220039.6434,7559.8765,113799.75995
2,0,104,0,52,0,52,0,0,0,9e-06,0.009,0.0,0.0045,0.0,0.0,0.0
2,0,104,0,52,0,52,0,0,0,5e-06,0.005,0.0,0.0025,0.0,0.0,0.0
10,8,2550,354,255,44,255,44,0,0,0.675564,69.567444,85.944711,77.7560775,4186.108016,145.210297,2165.6591565
20,12,1176,536,59,45,59,45,0,0,32.28117,1690.805211,2930.67225,2310.7387305,225493.3107,8929.216,117211.26335
10,8,588,354,59,44,59,44,0,0,0.644756,70.827333,82.186,76.5066665,4742.588809,137.720625,2440.154717
12,10,1098,800,92,80,92,80,0,0,1.212774,110.252179,130.401,120.32658950000001,6736.306174,208.945812,3472.625993
10,6,534,268,53,45,53,45,0,0,0.603435,8329.1111,13874.736,11101.92355,826841.7284,30788.134,428814.9312
10,6,588,268,59,45,59,45,0,0,0.413382,41.823556,70.026797,55.925176500000006,2270.024794,97.263437,1183.6441155
12,10,1044,816,87,82,87,82,0,0,1.193868,108.533455,120.798664,114.6660595,5823.792982,223.106594,3023.449788
10,6,756,268,76,45,76,45,0,0,0.754474,83.830444,120.617398,102.22392099999999,4132.725354,191.949234,2162.337294
10,6,756,268,76,45,76,45,0,0,0.51102,56.78,76.072,66.426,2776.426202,117.963688,1447.194945
12,10,976,852,81,85,81,85,0,0,0.825867,74.996182,86.622555,80.8093685,5129.011191,124.877547,2626.944369
10,8,588,354,59,44,59,44,0,0,0.635743,68.163222,81.097289,74.6302555,4784.60703,121.740289,2453.1736595
30,24,1610,1364,54,57,54,57,0,0,34.455128,1185.715518,1495.680375,1340.6979465,187570.9331,6498.8565,97034.8948
10,6,534,268,53,45,53,45,0,0,0.936098,97.584111,169.131406,133.3577585,6036.605227,289.713875,3163.159551
14,12,774,642,55,54,55,54,0,0,0.918788,68.207464,78.02582,73.116642,4418.736704,112.221109,2265.4789065
10,6,534,268,53,45,53,45,0,0,0.404378,39.639444,66.073602,52.856522999999996,2159.698344,98.399172,1129.048758
14,10,774,556,55,56,55,56,0,0,0.993475,71.295849,102.776,87.0359245,3855.717645,126.229016,1990.9733305
10,6,756,268,76,45,76,45,0,0,0.568766,57.576667,99.350398,78.4635325,2888.906455,145.077797,1516.9921259999999
10,6,534,268,53,45,53,45,0,0,0.454651,50.516778,64.424398,57.470588,2636.043972,93.274289,1364.6591305
10,6,534,268,53,45,53,45,0,0,0.675796,70.987,99.480797,85.2338985,4063.355928,153.154984,2108.255456
12,8,600,404,50,51,50,51,0,0,0.883285,80.22082,94.585141,87.4029805,4510.128285,130.034578,2320.0814315
28,0,12832,0,458,0,458,0,0,0,17.330788,641.881062,0.0,320.940531,746.488812,0.0,373.244406
10,6,534,268,53,45,53,45,0,0,0.323492,33.564778,47.651199,40.6079885,1832.45635,72.207367,952.3318585
12,8,1046,752,87,94,87,94,0,0,0.599973,54.542999,79.21943,66.8812145,2912.548102,120.328883,1516.4384925000002
4,0,208,0,52,0,52,0,0,0,19.349009,6449.67,0.0,3224.835,9121.206,0.0,4560.603
12,10,3024,814,252,81,252,81,0,0,1.468103,131.117097,154.215328,142.6662125,8096.598966,306.67775,4201.638358
2,0,224,0,112,0,112,0,0,0,1e-05,0.01,0.0,0.005,0.0,0.0,0.0
12,8,986,716,82,90,82,90,0,0,1.712489,152.545824,214.511,183.528412,8650.768182,353.357656,4502.062919
60,14,68189,612,1136,44,1136,44,0,0,0.687969,11.362492,50.124691,30.7435915,1181.091885,68.126359,624.6091220000001
2,0,584,0,292,0,292,0,0,0,4e-06,0.004,0.0,0.002,0.0,0.0,0.0
2,0,744,0,372,0,372,0,0,0,3.4e-05,0.034,0.0,0.017,0.0,0.0,0.0
62,20,68109,1026,1099,51,1099,51,0,0,1.691088,28.184799,84.104367,56.144583,2798.11305,125.48268,1461.797865
12,10,1106,806,92,81,92,81,0,0,0.666553,60.595726,68.237,64.41636299999999,3556.413633,128.470109,1842.441871
24,18,2144,1524,89,85,89,85,0,0,53.549648,2328.19939,3146.653,2737.426195,342749.5853,12217.134,177483.35965
2,0,104,0,52,0,52,0,0,0,8e-06,0.008,0.0,0.004,0.0,0.0,0.0
20,12,1302,536,65,45,65,45,0,0,31.519764,1658.934895,2859.43975,2259.1873225,223645.4948,8858.302,116251.89839999999
12,8,3022,694,252,87,252,87,0,0,0.78228,69.273727,105.81243,87.54307850000001,3742.687855,143.366437,1943.0271460000001
2,0,104,0,52,0,52,0,0,0,3e-06,0.003,0.0,0.0015,0.0,0.0,0.0
12,8,1140,756,95,95,95,95,0,0,0.735505,66.864094,94.10443,80.484262,4007.664556,127.47075,2067.567653
10,8,2550,354,255,44,255,44,0,0,1.16401,129.334444,156.473422,142.903933,7830.139782,241.567,4035.853391
24,16,1998,1478,83,92,83,92,0,0,38.784328,1685.767174,2581.99375,2133.880462,247334.2207,9348.487,128341.35385
12,8,1000,756,83,95,83,95,0,0,0.541002,45.944001,66.99257,56.4682855,2464.731896,84.737133,1274.7345145
2,0,104,0,52,0,52,0,0,0,8e-06,0.008,0.0,0.004,0.0,0.0,0.0
12,10,1232,844,103,84,103,84,0,0,0.920591,83.578543,92.722445,88.150494,4823.218087,144.80375,2484.0109185
12,8,2018,742,168,93,168,93,0,0,0.54139,47.212363,70.324859,58.76861100000001,2381.917002,87.216938,1234.56697
2,0,104,0,52,0,52,0,0,0,3e-06,0.003,0.0,0.0015,0.0,0.0,0.0
12,8,2002,720,167,90,167,90,0,0,0.761222,66.262724,86.951711,76.6072175,4018.475978,124.656672,2071.566325
12,10,1250,778,104,78,104,78,0,0,0.617236,55.215909,60.899668,58.0577885,3528.286109,109.358031,1818.8220700000002
12,8,1238,762,103,95,103,95,0,0,0.798179,77.7311,104.472141,91.1016205,3749.929879,152.736219,1951.3330489999998
60,14,68201,612,1137,44,1137,44,0,0,0.82436,13.578085,58.219539,35.898812,1366.483241,83.146961,724.8151009999999
10,6,534,268,53,45,53,45,0,0,0.448495,11795.3563,19658.666,15727.01115,1174993.804,43789.168,609391.486
12,8,1040,704,87,88,87,88,0,0,0.987074,87.606912,135.452859,111.52988549999999,5374.700978,234.909469,2804.8052235
2,0,104,0,52,0,52,0,0,0,3e-06,0.003,0.0,0.0015,0.0,0.0,0.0
120,28,136392,1224,1137,44,1137,44,0,0,32.081898,271.692478,1185.538625,728.6155514999999,88918.9537,5758.2835,47338.6186
12,10,1038,840,87,84,87,84,0,0,0.866346,77.001729,92.110664,84.5561965,5319.947506,130.269313,2725.1084095
2,0,104,0,52,0,52,0,0,0,4e-06,0.004,0.0,0.002,0.0,0.0,0.0
2,0,104,0,52,0,52,0,0,0,3e-06,0.003,0.0,0.0015,0.0,0.0,0.0
2,0,104,0,52,0,52,0,0,0,4e-06,0.004,0.0,0.002,0.0,0.0,0.0
12,8,1250,766,104,96,104,96,0,0,0.700896,61.925548,85.842711,73.8841295,3178.712143,126.910094,1652.8111185
22,10,17778,796,808,80,808,80,0,0,0.668729,31.109046,66.130445,48.61974549999999,2244.501861,108.507859,1176.50486
12,8,1058,728,88,91,88,91,0,0,0.752484,68.407636,95.683711,82.04567349999999,3460.079894,149.293875,1804.6868845
2,0,104,0,52,0,52,0,0,0,8e-06,0.008,0.0,0.004,0.0,0.0,0.0
12,8,1058,726,88,91,88,91,0,0,0.710357,61.252821,96.172141,78.712481,3188.357588,134.346469,1661.3520285
14,8,1324,726,95,91,95,91,0,0,0.903286,66.206075,118.968859,92.587467,4153.331487,168.682406,2161.0069465
2,0,1144,0,572,0,572,0,0,0,4e-06,0.004,0.0,0.002,0.0,0.0,0.0
12,8,996,718,83,90,83,90,0,0,0.628406,57.127818,72.547711,64.8377645,2878.986634,105.799063,1492.3928485
60,14,68185,612,1136,44,1136,44,0,0,1.118193,18.58522,77.520234,48.052727000000004,1812.051691,90.111602,951.0816464999999
2,0,104,0,52,0,52,0,0,0,9e-06,0.009,0.0,0.0045,0.0,0.0,0.0
12,8,996,722,83,90,83,90,0,0,0.671311,61.028274,80.57043,70.799352,2935.112995,103.348453,1519.230724
2,0,1064,0,532,0,532,0,0,0,2e-06,0.002,0.0,0.001,0.0,0.0,0.0
12,8,998,766,83,96,83,96,0,0,0.630103,57.282089,78.996711,68.1394,2838.510461,110.154258,1474.3323595
2,0,1304,0,652,0,652,0,0,0,5e-06,0.005,0.0,0.0025,0.0,0.0,0.0
12,8,1034,726,86,91,86,91,0,0,0.697718,59.377817,92.96,76.1689085,3528.841039,122.607055,1825.724047
2,0,1984,0,992,0,992,0,0,0,5e-06,0.005,0.0,0.0025,0.0,0.0,0.0
12,8,1042,758,87,95,87,95,0,0,0.863581,78.420912,113.60343,96.012171,4014.543794,158.528484,2086.5361390000003
82,0,5248,0,64,0,64,0,0,0,2.888513,35.660656,0.0,17.830328,38.80402,0.0,19.40201
60,14,68183,612,1136,44,1136,44,0,0,1.138659,18.282678,81.857234,50.069956000000005,1837.800676,100.368492,969.0845840000001
60,14,68185,612,1136,44,1136,44,0,0,1.029348,17.446577,71.798461,44.622519000000004,1645.198807,96.782594,870.9907005
60,14,68195,612,1137,44,1137,44,0,0,0.775459,12.993475,54.81477,33.9041225,1320.405186,75.303914,697.85455
2,0,104,0,52,0,52,0,0,0,6e-06,0.006,0.0,0.003,0.0,0.0,0.0
10,6,526,268,53,45,53,45,0,0,0.36329,39.248,69.032398,54.140198999999996,2876.887129,128.233594,1502.5603615
12,6,4658,268,388,45,388,45,0,0,0.895223,77.63609,161.867594,119.751842,0.0,272.767031,136.3835155
2,0,104,0,52,0,52,0,0,0,9e-06,0.009,0.0,0.0045,0.0,0.0,0.0
42,0,18480,0,440,0,440,0,0,0,45.037312,1098.471,0.0,549.2355,1384.726625,0.0,692.3633125
12,8,3666,354,306,44,306,44,0,0,0.779894,63.671906,97.933711,80.8028085,4123.33838,162.215859,2142.7771195
10,6,534,268,53,45,53,45,0,0,0.733297,79.473889,116.651,98.0624445,4043.874394,174.821531,2109.3479625
34,10,35002,440,1029,44,1029,44,0,0,0.910099,936.826706,3182.5855,2059.706103,167828.3209,9270.878,88549.59945
2,0,104,0,52,0,52,0,0,0,8e-06,0.008,0.0,0.004,0.0,0.0,0.0
2,0,104,0,52,0,52,0,0,0,8e-06,0.008,0.0,0.004,0.0,0.0,0.0
2,0,104,0,52,0,52,0,0,0,1e-06,0.001,0.0,0.0005,0.0,0.0,0.0
2,0,104,0,52,0,52,0,0,0,8e-06,0.008,0.0,0.004,0.0,0.0,0.0
2,0,104,0,52,0,52,0,0,0,3e-06,0.003,0.0,0.0015,0.0,0.0,0.0
2,0,104,0,52,0,52,0,0,0,5e-06,0.005,0.0,0.0025,0.0,0.0,0.0
2,0,104,0,52,0,52,0,0,0,8e-06,0.008,0.0,0.004,0.0,0.0,0.0
2,0,104,0,52,0,52,0,0,0,9e-06,0.009,0.0,0.0045,0.0,0.0,0.0
2,0,104,0,52,0,52,0,0,0,3e-06,0.003,0.0,0.0015,0.0,0.0,0.0
2,0,104,0,52,0,52,0,0,0,8e-06,0.008,0.0,0.004,0.0,0.0,0.0
2,0,104,0,52,0,52,0,0,0,3e-06,0.003,0.0,0.0015,0.0,0.0,0.0
60,14,68199,612,1137,44,1137,44,0,0,1.05499,17.519085,75.537305,46.528195000000004,1736.945948,108.282898,922.614423
2,0,424,0,212,0,212,0,0,0,1e-05,0.01,0.0,0.005,0.0,0.0,0.0
2,0,864,0,432,0,432,0,0,0,1e-05,0.01,0.0,0.005,0.0,0.0,0.0
10,6,498,268,50,45,50,45,0,0,1.109073,123.230333,208.858797,166.044565,7335.160067,361.301781,3848.230924
2,0,1504,0,752,0,752,0,0,0,1e-05,0.01,0.0,0.005,0.0,0.0,0.0
10,8,514,354,51,44,51,44,0,0,1.730255,190.432,234.300422,212.366211,14393.5724,368.884125,7381.2282625
60,14,68185,612,1136,44,1136,44,0,0,0.934241,15.28639,66.691695,40.9890425,1599.599524,79.739516,839.66952
2,0,104,0,52,0,52,0,0,0,9e-06,0.009,0.0,0.0045,0.0,0.0,0.0
20,12,1670,536,84,45,84,45,0,0,41.066822,2161.412,3729.15275,2945.282375,293071.6771,11612.165,152341.92104999998
10,6,1506,268,151,45,151,45,0,0,0.986512,102.896889,180.299203,141.598046,5272.965864,279.017844,2775.991854
60,14,68181,612,1136,44,1136,44,0,0,0.907345,15.643879,65.069461,40.35667,1492.02689,74.570586,783.2987380000001
12,10,1250,842,104,84,104,84,0,0,0.66712,60.647276,69.566219,65.1067475,3991.744362,122.198523,2056.9714424999997
34,12,36414,526,1071,44,1071,44,0,0,1.714032,2950.628263,8357.39,5654.0091315,534917.3028,27222.634,281069.96839999995
12,8,1058,770,88,96,88,96,0,0,0.385741,34.245545,47.63143,40.9384875,1726.645642,63.904707,895.2751744999999
10,6,574,268,57,45,57,45,0,0,0.448242,46.216111,77.685602,61.9508565,2529.0213,124.992492,1327.0068959999999
12,8,1058,718,88,90,88,90,0,0,0.789855,68.404545,97.844289,83.124417,3658.706804,152.942,1905.824402
10,6,562,268,56,45,56,45,0,0,0.540603,60.007333,93.569398,76.7883655,3194.018009,143.585922,1668.8019655
22,12,17778,862,808,72,808,72,0,0,0.744412,34.325715,61.955816,48.1407655,3139.25839,105.601844,1622.4301169999999
10,6,550,268,55,45,55,45,0,0,0.528144,58.608111,91.268,74.9380555,2970.592075,120.843445,1545.71776
10,6,1022,268,102,45,102,45,0,0,0.509218,52.87,92.737398,72.803699,2870.355866,147.537203,1508.9465344999999
12,8,2018,722,168,90,168,90,0,0,0.660746,57.236271,85.013141,71.124706,2969.132767,107.771992,1538.4523795
12,6,3666,268,306,45,306,45,0,0,0.479727,43.611544,83.755,63.683272,2438.714826,133.937641,1286.3262335
10,6,542,268,54,45,54,45,0,0,0.509002,56.555778,77.775602,67.16569,2990.381247,136.864156,1563.6227015
10,6,534,268,53,45,53,45,0,0,0.541427,57.65,94.288602,75.969301,3305.846334,154.244672,1730.0455029999998
10,6,534,268,53,45,53,45,0,0,0.541427,57.65,94.288602,75.969301,3305.846334,154.244672,1730.0455029999998
10,6,1526,268,153,45,153,45,0,0,0.649788,68.970889,117.116398,93.0436435,3663.364812,182.110969,1922.7378904999998
10,8,1526,354,153,44,153,44,0,0,0.739602,82.178,99.313,90.74549999999999,4412.603278,181.125078,2296.864178
120,28,136392,1224,1137,44,1137,44,0,0,32.081898,271.692478,1185.538625,728.6155514999999,88918.9537,5758.2835,47338.6186
10,6,2550,268,255,45,255,45,0,0,0.644581,64.777667,117.871797,91.324732,3476.525303,184.885672,1830.7054875
12,8,1058,716,88,90,88,90,0,0,0.561362,51.03291,67.849711,59.4413105,2640.226925,90.093008,1365.1599664999999
4,0,360,0,90,0,90,0,0,0,23.934851,7978.2835,0.0,3989.14175,11282.986,0.0,5641.493
34,10,34210,440,1006,44,1006,44,0,0,0.866589,25.798485,89.111109,57.454797,2290.20965,133.377453,1211.7935515
4,0,460,0,115,0,115,0,0,0,16.495165,5498.3885,0.0,2749.19425,7775.884,0.0,3887.942
12,8,1058,722,88,90,88,90,0,0,0.699608,60.444821,87.150289,73.797555,3113.569676,122.302141,1617.9359085
2,0,104,0,52,0,52,0,0,0,8e-06,0.008,0.0,0.004,0.0,0.0,0.0
2,0,248,0,124,0,124,0,0,0,6e-06,0.006,0.0,0.003,0.0,0.0,0.0
60,14,68197,612,1137,44,1137,44,0,0,0.884127,14.627916,63.927539,39.277727500000005,1455.778172,79.366633,767.5724025000001
2,0,104,0,52,0,52,0,0,0,8e-06,0.008,0.0,0.004,0.0,0.0,0.0
2,0,224,0,112,0,112,0,0,0,7e-06,0.007,0.0,0.0035,0.0,0.0,0.0
2,0,186,0,93,0,93,0,0,0,5e-06,0.005,0.0,0.0025,0.0,0.0,0.0
2,0,104,0,52,0,52,0,0,0,9e-06,0.009,0.0,0.0045,0.0,0.0,0.0
60,14,68195,612,1137,44,1137,44,0,0,0.914134,15.493797,63.792461,39.643129,1559.410539,89.032797,824.221668
60,14,68195,612,1137,44,1137,44,0,0,1.215214,20.244661,73.793922,47.019291499999994,2680.260458,115.731406,1397.995932
2,0,104,0,52,0,52,0,0,0,6e-06,0.006,0.0,0.003,0.0,0.0,0.0
2,0,104,0,52,0,52,0,0,0,1e-05,0.01,0.0,0.005,0.0,0.0,0.0
2,0,140,0,70,0,70,0,0,0,5e-06,0.005,0.0,0.0025,0.0,0.0,0.0
2,0,160,0,80,0,80,0,0,0,3e-06,0.003,0.0,0.0015,0.0,0.0,0.0
10,8,588,354,59,44,59,44,0,0,0.544034,58.398444,68.912711,63.6555775,4034.320576,120.539094,2077.429835
2,0,194,0,97,0,97,0,0,0,8e-06,0.008,0.0,0.004,0.0,0.0,0.0
2,0,144,0,72,0,72,0,0,0,7e-06,0.007,0.0,0.0035,0.0,0.0,0.0
2,0,190,0,95,0,95,0,0,0,5e-06,0.005,0.0,0.0025,0.0,0.0,0.0
2,0,230,0,115,0,115,0,0,0,9e-06,0.009,0.0,0.0045,0.0,0.0,0.0
2,0,384,0,192,0,192,0,0,0,9e-06,0.009,0.0,0.0045,0.0,0.0,0.0
2,0,1104,0,552,0,552,0,0,0,1e-05,0.01,0.0,0.005,0.0,0.0,0.0
2,0,1984,0,992,0,992,0,0,0,5e-06,0.005,0.0,0.0025,0.0,0.0,0.0
10,8,534,354,53,44,53,44,0,0,0.798643,88.738111,104.947859,96.842985,5348.658285,153.262297,2750.9602910000003
10,6,534,268,53,45,53,45,0,0,0.578,64.222222,90.277602,77.249912,3364.393749,150.610562,1757.5021554999998
10,8,534,354,53,44,53,44,0,0,0.868413,96.490333,110.873859,103.682096,6159.178804,147.700719,3153.4397615000003
10,8,534,354,53,44,53,44,0,0,0.868413,96.490333,110.873859,103.682096,6159.178804,147.700719,3153.4397615000003
2,0,2624,0,1312,0,1312,0,0,0,4e-06,0.004,0.0,0.002,0.0,0.0,0.0
10,6,534,268,53,45,53,45,0,0,0.629777,68.132222,114.782398,91.45731,3683.252159,191.765672,1937.5089155
10,8,588,354,59,44,59,44,0,0,0.676569,72.066,86.851711,79.4588555,5083.891925,134.928609,2609.4102669999997
10,6,534,268,53,45,53,45,0,0,0.698918,75.101556,127.19,101.145778,4945.070494,227.157688,2586.114091
42,0,2184,0,52,0,52,0,0,0,30.121977,734.682437,0.0,367.3412185,861.593813,0.0,430.7969065
10,8,534,354,53,44,53,44,0,0,0.645488,69.539778,82.91643,76.228104,3941.676781,165.225109,2053.450945
10,6,672,268,67,45,67,45,0,0,0.319861,35.540111,52.929602,44.23485650000001,1702.796,76.54732,889.67166
10,6,832,268,83,45,83,45,0,0,0.502001,54.314111,87.157203,70.735657,2781.308923,142.304094,1461.8065085
10,6,534,268,53,45,53,45,0,0,0.45042,46.625333,79.128,62.8766665,2360.032295,111.904547,1235.968421
10,6,1152,268,115,45,115,45,0,0,0.39683,40.111889,70.427602,55.2697455,2034.316062,94.577109,1064.4465855
10,8,534,354,53,44,53,44,0,0,0.585943,65.104778,74.408141,69.7564595,3698.779373,155.572234,1927.1758035
10,6,610,268,61,45,61,45,0,0,0.631642,70.073889,107.886797,88.980343,3384.420513,159.158328,1771.7894205
2,0,2730,0,1365,0,1365,0,0,0,2.2e-05,0.022,0.0,0.011,0.0,0.0,0.0
10,6,1282,268,128,45,128,45,0,0,0.778108,80.232778,140.762203,110.4974905,4111.391672,199.487266,2155.439469
10,6,1282,268,128,45,128,45,0,0,0.778108,80.232778,140.762203,110.4974905,4111.391672,199.487266,2155.439469
20,14,1068,622,53,44,53,44,0,0,35.215721,1853.458947,2704.0955,2278.7772235,247124.2816,9070.123,128097.20229999999
10,6,534,268,53,45,53,45,0,0,0.625657,61.018333,111.33,86.1741665,3549.086538,166.435234,1857.760886
14,10,774,556,55,56,55,56,0,0,1.025272,76.985615,105.912,91.4488075,3924.872411,135.455187,2030.163799
2,0,86,0,43,0,43,0,0,0,1.5e-05,0.015,0.0,0.0075,0.0,0.0,0.0
14,10,774,556,55,56,55,56,0,0,0.798071,61.390077,82.484445,71.93726099999999,3432.831609,108.339359,1770.585484
10,6,1542,268,154,45,154,45,0,0,0.57168,57.993111,100.505,79.2490555,2867.052824,140.918922,1503.9858729999999
10,6,756,268,76,45,76,45,0,0,0.488439,50.586889,76.250398,63.4186435,2609.004863,111.943438,1360.4741505
10,6,756,268,76,45,76,45,0,0,0.61806,64.616444,113.412,89.014222,3459.486237,181.632406,1820.5593215000001
10,8,756,354,76,44,76,44,0,0,0.928003,103.015,123.74643,113.38071500000001,5768.419552,227.918937,2998.1692445000003
16,12,860,642,54,54,54,54,0,0,1.329347,87.5128,111.416633,99.46471650000001,5183.480798,164.693203,2674.0870004999997
60,14,68195,612,1137,44,1137,44,0,0,0.788643,13.126118,55.42523,34.275674,1366.111898,67.382844,716.747371
10,6,534,268,53,45,53,45,0,0,0.507784,54.001111,93.281602,73.6413565,3505.145883,160.930984,1833.0384335
10,6,756,268,76,45,76,45,0,0,0.629826,69.878111,105.497,87.6875555,3519.3907,158.425078,1838.907889
10,6,756,268,76,45,76,45,0,0,0.523583,47.410111,92.576203,69.993157,2321.7429,115.022781,1218.3828405000002
10,8,756,354,76,44,76,44,0,0,0.462855,51.428333,58.20943,54.8188815,3295.891552,108.541867,1702.2167095
10,6,2550,268,255,45,255,45,0,0,0.575441,58.628556,101.380602,80.004579,3294.505959,157.938297,1726.222128
2,0,104,0,52,0,52,0,0,0,8e-06,0.008,0.0,0.004,0.0,0.0,0.0
10,8,756,354,76,44,76,44,0,0,0.419267,45.659444,52.902285,49.2808645,3183.319607,103.820367,1643.5699869999999
2,0,104,0,52,0,52,0,0,0,3e-06,0.003,0.0,0.0015,0.0,0.0,0.0
2,0,104,0,52,0,52,0,0,0,2e-06,0.002,0.0,0.001,0.0,0.0,0.0
12,6,4694,268,391,45,391,45,0,0,0.822588,72.510816,144.521594,108.516205,4120.173194,245.239141,2182.7061675
2,0,152,0,76,0,76,0,0,0,1e-05,0.01,0.0,0.005,0.0,0.0,0.0
60,14,68181,612,1136,44,1136,44,0,0,0.937222,14.83722,67.157617,40.9974185,1482.568395,82.505906,782.5371505
2,0,152,0,76,0,76,0,0,0,1e-05,0.01,0.0,0.005,0.0,0.0,0.0
12,10,1162,840,97,84,97,84,0,0,0.640185,58.102363,66.878781,62.490572,3577.705546,114.546297,1846.1259215
14,8,1084,724,77,91,77,91,0,0,1.040622,80.047844,144.045141,112.0464925,4526.811226,218.150094,2372.4806599999997
2,0,2640,0,1320,0,1320,0,0,0,5e-06,0.005,0.0,0.0025,0.0,0.0,0.0
10,8,756,354,76,44,76,44,0,0,0.459474,47.712889,57.556715,52.63480199999999,3287.60813,107.525844,1697.5669870000002
12,10,1226,798,102,80,102,80,0,0,1.057387,96.126088,110.206891,103.1664895,6811.88146,154.366031,3483.1237454999996
12,8,2006,774,167,97,167,97,0,0,1.543901,139.341543,214.648422,176.9949825,9445.296757,435.806812,4940.5517845
10,8,756,354,76,44,76,44,0,0,0.668636,64.467556,87.48043,75.97399300000001,4287.669711,128.216688,2207.9431995
12,8,980,726,82,91,82,91,0,0,1.000002,86.624911,129.51243,108.0686705,4981.20826,161.412297,2571.3102785
10,6,756,268,76,45,76,45,0,0,0.404772,40.789889,72.126398,56.4581435,2248.04229,96.635852,1172.3390709999999
10,6,756,268,76,45,76,45,0,0,0.503579,52.462,80.574203,66.5181015,2699.195579,125.322898,1412.2592385
2,0,104,0,52,0,52,0,0,0,1e-05,0.01,0.0,0.005,0.0,0.0,0.0
10,8,756,354,76,44,76,44,0,0,0.630595,69.959,80.669289,75.3141445,4512.800964,117.974398,2315.387681
12,10,3042,830,254,83,254,83,0,0,0.878675,75.953912,90.141555,83.04773349999999,4951.3024,112.818664,2532.060532
12,8,2018,744,168,93,168,93,0,0,0.435826,36.161365,57.722285,46.941825,1860.897594,75.751805,968.3246995000001
12,8,1002,772,84,97,84,97,0,0,0.560076,49.096547,65.329855,57.213201,2614.06447,94.61418,1354.339325
22,10,17778,836,808,84,808,84,0,0,0.834541,39.673237,82.858,61.2656185,2903.4897,142.387422,1522.938561
4,0,208,0,52,0,52,0,0,0,41.95047,13983.491,0.0,6991.7455,19775.628,0.0,9887.814
10,6,756,268,76,45,76,45,0,0,0.504994,51.314778,93.216398,72.265588,2605.933204,136.00425,1370.968727
12,8,3042,712,254,89,254,89,0,0,0.531356,44.957546,66.41857,55.688058,2297.598193,78.613375,1188.1057839999999
10,6,534,268,53,45,53,45,0,0,0.603435,8329.1111,13874.736,11101.92355,826841.7284,30788.134,428814.9312
12,8,1058,700,88,88,88,88,0,0,0.865435,78.675909,115.16657,96.9212395,3864.148154,149.887719,2007.0179365
12,10,1058,828,88,83,88,83,0,0,1.013007,92.091543,102.889,97.4902715,5202.067383,188.560656,2695.3140194999996
2,0,304,0,152,0,152,0,0,0,9e-06,0.009,0.0,0.0045,0.0,0.0,0.0
12,8,1058,722,88,90,88,90,0,0,0.714854,64.899276,90.484859,77.69206750000001,3214.137675,131.083578,1672.6106264999999
10,8,756,354,76,44,76,44,0,0,0.95817,95.500222,125.851141,110.6756815,5516.102401,212.367516,2864.2349585
10,8,534,354,53,44,53,44,0,0,0.60806,6926.6965,8655.616,7791.15625,686572.9078,22704.686,354638.7969
10,8,534,354,53,44,53,44,0,0,0.60806,6926.6965,8655.616,7791.15625,686572.9078,22704.686,354638.7969
12,10,1058,844,88,84,88,84,0,0,0.790022,68.659185,78.708,73.6835925,4328.911431,112.151742,2220.5315865000002
24,18,2144,1524,89,85,89,85,0,0,53.549648,2328.19939,3146.653,2737.426195,342749.5853,12217.134,177483.35965
12,8,1058,776,88,97,88,97,0,0,0.748205,64.075547,90.617289,77.346418,3369.202976,128.583313,1748.8931445
26,16,3154,1452,121,91,121,91,0,0,44.66917,1786.07996,2972.95625,2379.518105,272290.5872,10722.186,141506.3866
10,6,588,268,59,45,59,45,0,0,0.456567,49.662,77.831,63.7465,2633.068344,135.429156,1384.24875
60,14,68185,612,1136,44,1136,44,0,0,0.942812,15.51639,64.817078,40.166734,1584.280835,88.426508,836.3536715
14,8,1074,746,77,93,77,93,0,0,0.817035,58.853154,111.34357,85.09836200000001,4203.823311,149.162937,2176.493124
10,6,756,268,76,45,76,45,0,0,0.911787,101.183889,162.831406,132.0076475,5379.201469,267.438781,2823.3201249999997
2,0,104,0,52,0,52,0,0,0,8e-06,0.008,0.0,0.004,0.0,0.0,0.0
12,10,1036,812,86,81,86,81,0,0,0.712001,63.848635,74.279664,69.0641495,4789.564133,120.482203,2455.0231679999997
10,6,756,268,76,45,76,45,0,0,0.751286,80.121778,133.558594,106.840186,4309.183271,216.022391,2262.602831
22,10,17758,808,807,81,807,81,0,0,0.957034,45.573049,98.061109,71.817079,3489.117707,141.438328,1815.2780175
2,0,104,0,52,0,52,0,0,0,5e-06,0.005,0.0,0.0025,0.0,0.0,0.0
2,0,104,0,52,0,52,0,0,0,3e-06,0.003,0.0,0.0015,0.0,0.0,0.0
2,0,104,0,52,0,52,0,0,0,3e-06,0.003,0.0,0.0015,0.0,0.0,0.0
22,10,17764,830,807,83,807,83,0,0,1.401886,66.710188,144.696562,105.703375,5070.518349,281.645,2676.0816745
10,6,756,268,76,45,76,45,0,0,0.706089,73.001889,125.704203,99.353046,3755.551166,186.396594,1970.97388
82,0,5248,0,64,0,64,0,0,0,2.888513,35.660656,0.0,17.830328,38.80402,0.0,19.40201
82,0,5248,0,64,0,64,0,0,0,2.888513,35.660656,0.0,17.830328,38.80402,0.0,19.40201
10,8,756,354,76,44,76,44,0,0,1.522331,169.036667,205.004,187.0203335,10886.46376,249.798406,5568.131083
12,10,1234,804,103,80,103,80,0,0,1.230491,110.367999,128.775891,119.571945,6612.692719,228.666594,3420.6796565
22,12,17852,916,811,76,811,76,0,0,1.755375,82.409571,150.460641,116.435106,7075.304115,349.291531,3712.297823
12,10,1040,802,87,80,87,80,0,0,1.041683,90.823912,107.402109,99.1130105,5501.33931,179.173531,2840.2564205000003
10,6,756,268,76,45,76,45,0,0,0.66963,67.774444,103.591398,85.682921,3617.505857,153.736891,1885.621374
12,8,1042,720,87,90,87,90,0,0,0.828614,73.869456,106.951141,90.41029850000001,4443.02691,149.395438,2296.211174
12,8,1034,754,86,94,86,94,0,0,0.586728,50.659637,75.577289,63.11846299999999,2615.436781,109.046312,1362.2415465
2,0,104,0,52,0,52,0,0,0,3e-06,0.003,0.0,0.0015,0.0,0.0,0.0
10,8,534,354,53,44,53,44,0,0,0.858313,95.289889,113.037859,104.16387399999999,5709.034608,191.354547,2950.1945775
2,0,104,0,52,0,52,0,0,0,6e-06,0.006,0.0,0.003,0.0,0.0,0.0
12,10,1142,836,95,84,95,84,0,0,1.274868,115.897091,135.993672,125.9453815,6200.986648,211.0255,3206.006074
10,6,756,268,76,45,76,45,0,0,0.311889,31.177778,50.289398,40.733588,1768.057289,68.378438,918.2178635
12,10,1046,810,87,81,87,81,0,0,0.773903,70.354818,76.244445,73.2996315,3596.940349,127.979109,1862.459729
2,0,104,0,52,0,52,0,0,0,4e-06,0.004,0.0,0.002,0.0,0.0,0.0
10,6,756,268,76,45,76,45,0,0,0.615386,68.274222,93.656,80.96511100000001,3464.213407,155.456609,1809.835008
12,10,1080,788,90,79,90,79,0,0,0.952181,6586.162831,7901.0375,7243.6001655,712771.1352,23407.462,368089.2986
2,0,184,0,92,0,92,0,0,0,9e-06,0.009,0.0,0.0045,0.0,0.0,0.0
2,0,264,0,132,0,132,0,0,0,4e-06,0.004,0.0,0.002,0.0,0.0,0.0
2,0,104,0,52,0,52,0,0,0,9e-06,0.009,0.0,0.0045,0.0,0.0,0.0
2,0,104,0,52,0,52,0,0,0,6e-06,0.006,0.0,0.003,0.0,0.0,0.0
2,0,544,0,272,0,272,0,0,0,1e-05,0.01,0.0,0.005,0.0,0.0,0.0
10,8,534,354,53,44,53,44,0,0,0.940276,98.145,118.31943,108.232215,5183.583917,217.220234,2700.4020755
2,0,664,0,332,0,332,0,0,0,1e-05,0.01,0.0,0.005,0.0,0.0,0.0
14,8,8834,354,631,44,631,44,0,0,2.152099,165.474767,299.507156,232.49096150000003,12473.87567,524.047375,6498.9615225
14,10,774,556,55,56,55,56,0,0,0.78126,59.020999,77.382,68.20149950000001,2951.679466,107.658406,1529.668936
2,0,104,0,52,0,52,0,0,0,3e-06,0.003,0.0,0.0015,0.0,0.0,0.0
2,0,86,0,43,0,43,0,0,0,1.5e-05,0.015,0.0,0.0075,0.0,0.0,0.0
2,0,104,0,52,0,52,0,0,0,3e-06,0.003,0.0,0.0015,0.0,0.0,0.0
2,0,104,0,52,0,52,0,0,0,1e-05,0.01,0.0,0.005,0.0,0.0,0.0
2,0,704,0,352,0,352,0,0,0,6e-06,0.006,0.0,0.003,0.0,0.0,0.0
2,0,104,0,52,0,52,0,0,0,1.1e-05,0.011,0.0,0.0055,0.0,0.0,0.0
20,8,17286,354,864,44,864,44,0,0,0.658425,33.091054,77.51657,55.303812,2366.284727,113.905219,1240.0949730000002
10,6,534,268,53,45,53,45,0,0,0.629777,68.132222,114.782398,91.45731,3683.252159,191.765672,1937.5089155
2,0,504,0,252,0,252,0,0,0,9e-06,0.009,0.0,0.0045,0.0,0.0,0.0
10,6,534,268,53,45,53,45,0,0,0.601407,66.823,103.349797,85.0863985,3482.697742,176.098469,1829.3981055
4,2,536,440,134,220,134,220,0,0,0.596136,198.712,0.008,99.36,281.009187,0.0,140.5045935
10,8,534,354,53,44,53,44,0,0,1.024128,101.006889,136.913578,118.9602335,6042.781743,183.861828,3113.3217855
2,0,1024,0,512,0,512,0,0,0,1e-06,0.001,0.0,0.0005,0.0,0.0,0.0
10,8,1014,354,101,44,101,44,0,0,1.297935,141.494444,174.78,158.137222,10179.75868,245.623859,5212.6912695
8,8,364,374,46,47,46,47,0,0,0.497825,71.108571,61.04343,66.07600049999999,3878.499996,77.005117,1977.7525565
2,0,2024,0,1012,0,1012,0,0,0,2e-06,0.002,0.0,0.001,0.0,0.0,0.0
2,0,2704,0,1352,0,1352,0,0,0,1.1e-05,0.011,0.0,0.0055,0.0,0.0,0.0
10,6,1526,268,153,45,153,45,0,0,0.569347,63.260778,103.640797,83.4507875,3258.693969,176.254063,1717.474016
10,6,588,268,59,45,59,45,0,0,0.299034,30.455,50.492199,40.4735995,1688.85753,67.856508,878.357019
20,12,1176,536,59,45,59,45,0,0,32.022385,1684.540842,2905.7235,2295.132171,223539.4413,8850.564,116195.00265000001
2,0,104,0,52,0,52,0,0,0,9e-06,0.009,0.0,0.0045,0.0,0.0,0.0
2,0,104,0,52,0,52,0,0,0,6e-06,0.006,0.0,0.003,0.0,0.0,0.0
2,0,104,0,52,0,52,0,0,0,9e-06,0.009,0.0,0.0045,0.0,0.0,0.0
10,8,1526,354,153,44,153,44,0,0,0.876665,97.407222,117.182289,107.29475550000001,5537.248563,178.865078,2858.0568205
2,0,104,0,52,0,52,0,0,0,6e-06,0.006,0.0,0.003,0.0,0.0,0.0
60,14,68183,612,1136,44,1136,44,0,0,0.755607,12.315237,54.348078,33.3316575,1306.459222,70.884008,688.671615
20,14,1512,622,76,44,76,44,0,0,43.314888,2277.467842,3324.28975,2800.878796,305457.2037,11205.526,158331.36485
60,14,68183,612,1136,44,1136,44,0,0,0.900617,15.264696,61.803691,38.5341935,1485.998982,84.221859,785.1104205
10,8,756,354,76,44,76,44,0,0,0.924692,98.780222,122.081711,110.4309665,7729.331763,167.760656,3948.5462095000003
10,6,756,268,76,45,76,45,0,0,0.54327,56.854444,92.027797,74.44112050000001,3017.731662,147.632797,1582.6822295000002
2,0,104,0,52,0,52,0,0,0,8e-06,0.008,0.0,0.004,0.0,0.0,0.0
10,6,756,268,76,45,76,45,0,0,0.727885,80.876111,119.694,100.2850555,4090.909119,193.055141,2141.98213
10,8,756,354,76,44,76,44,0,0,0.775347,86.044667,90.808141,88.426404,4601.88103,179.735469,2390.8082495
8,8,364,442,46,55,46,55,0,0,0.98383,140.409857,125.193,132.8014285,8633.111319,230.239031,4431.675174999999
10,8,756,354,76,44,76,44,0,0,0.662371,73.596778,79.598,76.59738899999999,4578.572369,129.349383,2353.960876
10,6,756,268,76,45,76,45,0,0,0.669289,70.569556,114.088398,92.32897700000001,3579.950697,162.010797,1870.980747
28,0,12832,0,458,0,458,0,0,0,17.330788,641.881062,0.0,320.940531,746.488812,0.0,373.244406
10,6,2550,268,255,45,255,45,0,0,0.631593,70.072889,109.758,89.9154445,3414.99444,159.206672,1787.1005559999999
10,8,1014,354,101,44,101,44,0,0,1.339421,141.925889,182.865141,162.395515,8728.197336,238.463406,4483.330371
10,6,2550,268,255,45,255,45,0,0,0.434664,48.296,79.545203,63.920601500000004,2446.830827,132.566406,1289.6986165
10,6,588,268,59,45,59,45,0,0,0.490007,52.144556,90.034797,71.0896765,2905.760806,141.566422,1523.6636139999998
10,6,588,268,59,45,59,45,0,0,0.288316,28.406,46.446199,37.4260995,1380.071828,59.424742,719.748285
60,14,68195,612,1137,44,1137,44,0,0,0.896357,15.192492,63.714,39.453246,1532.111325,78.500797,805.306061
8,8,364,566,46,71,46,71,0,0,0.488658,69.808283,51.34,60.5741415,3701.28233,89.381883,1895.3321065
10,6,588,268,59,45,59,45,0,0,0.256276,27.199444,42.764602,34.982023,1403.033068,65.000496,734.0167819999999
10,6,588,268,59,45,59,45,0,0,0.552245,57.780333,91.706203,74.743268,3123.539529,149.682703,1636.611116
60,14,68189,612,1136,44,1136,44,0,0,0.827199,13.487796,58.415383,35.9515895,1342.242033,79.096016,710.6690245
60,14,68187,612,1136,44,1136,44,0,0,1.183736,19.722882,86.237383,52.980132499999996,2054.41828,131.061086,1092.739683
2,0,344,0,172,0,172,0,0,0,3e-06,0.003,0.0,0.0015,0.0,0.0,0.0
2,0,464,0,232,0,232,0,0,0,9e-06,0.009,0.0,0.0045,0.0,0.0,0.0
2,0,104,0,52,0,52,0,0,0,4e-06,0.004,0.0,0.002,0.0,0.0,0.0
2,0,624,0,312,0,312,0,0,0,5e-06,0.005,0.0,0.0025,0.0,0.0,0.0
4,0,414,0,104,0,104,0,0,0,19.299595,6433.198,0.0,3216.599,9097.905,0.0,4548.9525
2,0,104,0,52,0,52,0,0,0,9e-06,0.009,0.0,0.0045,0.0,0.0,0.0
2,0,104,0,52,0,52,0,0,0,5e-06,0.005,0.0,0.0025,0.0,0.0,0.0
2,0,2664,0,1332,0,1332,0,0,0,5e-06,0.005,0.0,0.0025,0.0,0.0,0.0
2,0,104,0,52,0,52,0,0,0,8e-06,0.008,0.0,0.004,0.0,0.0,0.0
2,0,104,0,52,0,52,0,0,0,3e-06,0.003,0.0,0.0015,0.0,0.0,0.0
10,6,534,268,53,45,53,45,0,0,0.61917,68.796667,96.456797,82.626732,3656.445007,169.319141,1912.8820739999999
2,0,216,0,108,0,108,0,0,0,9e-06,0.009,0.0,0.0045,0.0,0.0,0.0
254,0,44196,0,174,0,174,0,0,0,59.883865,236.695094,0.0,118.347547,276.903594,0.0,138.451797
10,6,588,268,59,45,59,45,0,0,0.713938,74.008111,122.763398,98.38575449999999,3717.975077,179.349047,1948.662062
2,0,186,0,93,0,93,0,0,0,3e-06,0.003,0.0,0.0015,0.0,0.0,0.0
2,0,104,0,52,0,52,0,0,0,9e-06,0.009,0.0,0.0045,0.0,0.0,0.0
2,0,104,0,52,0,52,0,0,0,9e-06,0.009,0.0,0.0045,0.0,0.0,0.0
2,0,104,0,52,0,52,0,0,0,9e-06,0.009,0.0,0.0045,0.0,0.0,0.0
2,0,164,0,82,0,82,0,0,0,9e-06,0.009,0.0,0.0045,0.0,0.0,0.0
10,8,534,354,53,44,53,44,0,0,1.030197,111.379444,139.036719,125.2080815,6342.540808,293.637875,3318.0893415
2,0,104,0,52,0,52,0,0,0,8e-06,0.008,0.0,0.004,0.0,0.0,0.0
2,0,104,0,52,0,52,0,0,0,8e-06,0.008,0.0,0.004,0.0,0.0,0.0
12,8,1162,734,97,92,97,92,0,0,0.48746,42.24282,64.744855,53.4938375,2260.482896,85.540422,1173.011659
10,8,534,354,53,44,53,44,0,0,0.800454,88.939333,98.889289,93.914311,4549.411255,185.666297,2367.538776
12,10,3042,786,254,79,254,79,0,0,0.703813,62.06618,70.064109,66.0651445,4158.353337,107.47643,2132.9148834999996
12,8,3042,700,254,88,254,88,0,0,0.803823,70.775456,100.830141,85.8027985,3558.972455,143.007875,1850.9901650000002
2,2,76,122,38,61,38,61,0,0,0.175807,0.004,0.007,0.0055,0.0,0.0,0.0
12,8,1002,692,84,87,84,87,0,0,0.873816,79.437821,107.042289,93.240055,4072.845884,146.789484,2109.817684
12,10,1044,824,87,82,87,82,0,0,1.690336,152.053094,175.100781,163.57693749999999,11978.6928,238.002187,6108.3474935
2,0,200,0,100,0,100,0,0,0,3e-06,0.003,0.0,0.0015,0.0,0.0,0.0
2,0,206,0,103,0,103,0,0,0,8e-06,0.008,0.0,0.004,0.0,0.0,0.0
2,0,192,0,96,0,96,0,0,0,9e-06,0.009,0.0,0.0045,0.0,0.0,0.0
4,0,388,0,97,0,97,0,0,0,30.201363,10067.121,0.0,5033.5605,14237.047,0.0,7118.5235
4,0,392,0,98,0,98,0,0,0,31.048857,10349.619,0.0,5174.8095,14636.56,0.0,7318.28
2,0,104,0,52,0,52,0,0,0,4e-06,0.004,0.0,0.002,0.0,0.0,0.0
2,0,104,0,52,0,52,0,0,0,8e-06,0.008,0.0,0.004,0.0,0.0,0.0
2,0,104,0,52,0,52,0,0,0,4e-06,0.004,0.0,0.002,0.0,0.0,0.0
2,0,104,0,52,0,52,0,0,0,3e-06,0.003,0.0,0.0015,0.0,0.0,0.0
8,8,364,554,46,69,46,69,0,0,0.17352,24.788571,19.083715,21.936143,1236.079952,39.07348,637.576716
4,0,392,0,98,0,98,0,0,0,28.7034,9567.799,0.0,4783.8995,13530.906,0.0,6765.453
12,8,1058,732,88,92,88,92,0,0,0.636104,56.768911,78.428141,67.59852599999999,2970.483031,112.268969,1541.3760000000002
2,0,104,0,52,0,52,0,0,0,8e-06,0.008,0.0,0.004,0.0,0.0,0.0
2,0,204,0,102,0,102,0,0,0,8e-06,0.008,0.0,0.004,0.0,0.0,0.0
4,2,536,440,134,220,134,220,0,0,0.596136,198.712,0.008,99.36,281.009187,0.0,140.5045935
4,2,536,440,134,220,134,220,0,0,0.596136,198.712,0.008,99.36,281.009187,0.0,140.5045935
12,8,1122,764,94,96,94,96,0,0,0.345442,29.116272,46.545285,37.8307785,1560.787481,62.332313,811.5598970000001
2,0,178,0,89,0,89,0,0,0,3e-06,0.003,0.0,0.0015,0.0,0.0,0.0
2,0,172,0,86,0,86,0,0,0,3.2e-05,0.032,0.0,0.016,0.0,0.0,0.0
12,10,1122,814,94,81,94,81,0,0,0.548317,48.645909,54.796777,51.721343000000005,3431.800108,101.421,1766.6105539999999
24,16,1998,1478,83,92,83,92,0,0,38.784328,1685.767174,2581.99375,2133.880462,247334.2207,9348.487,128341.35385
2,0,104,0,52,0,52,0,0,0,5e-06,0.005,0.0,0.0025,0.0,0.0,0.0
2,0,104,0,52,0,52,0,0,0,8e-06,0.008,0.0,0.004,0.0,0.0,0.0
2,0,104,0,52,0,52,0,0,0,8e-06,0.008,0.0,0.004,0.0,0.0,0.0
12,10,1002,852,84,85,84,85,0,0,0.88884,76.616818,90.786891,83.7018545,5475.397935,124.07043,2799.7341825
2,0,104,0,52,0,52,0,0,0,9e-06,0.009,0.0,0.0045,0.0,0.0,0.0
2,0,188,0,94,0,94,0,0,0,8e-06,0.008,0.0,0.004,0.0,0.0,0.0
2,0,104,0,52,0,52,0,0,0,8e-06,0.008,0.0,0.004,0.0,0.0,0.0
2,0,104,0,52,0,52,0,0,0,9e-06,0.009,0.0,0.0045,0.0,0.0,0.0
2,0,104,0,52,0,52,0,0,0,6e-06,0.006,0.0,0.003,0.0,0.0,0.0
12,10,1058,838,88,84,88,84,0,0,0.973793,88.444545,92.983336,90.7139405,5410.957556,137.818625,2774.3880905
12,10,1058,778,88,78,88,78,0,0,1.071394,97.399455,108.098781,102.74911800000001,7032.139908,163.731922,3597.935915
10,6,622,268,62,45,62,45,0,0,0.408685,45.349778,69.774797,57.562287500000004,2311.658473,111.113023,1211.385748
2,0,104,0,52,0,52,0,0,0,3e-06,0.003,0.0,0.0015,0.0,0.0,0.0
2,0,188,0,94,0,94,0,0,0,8e-06,0.008,0.0,0.004,0.0,0.0,0.0
10,6,534,268,53,45,53,45,0,0,0.280538,31.133333,47.785,39.459166499999995,1530.073014,68.943805,799.5084095
2,0,170,0,85,0,85,0,0,0,3e-06,0.003,0.0,0.0015,0.0,0.0,0.0
2,0,1106,0,553,0,553,0,0,0,1e-05,0.01,0.0,0.005,0.0,0.0,0.0
2,0,104,0,52,0,52,0,0,0,3e-06,0.003,0.0,0.0015,0.0,0.0,0.0
2,0,1884,0,942,0,942,0,0,0,4e-06,0.004,0.0,0.002,0.0,0.0,0.0
60,14,68199,612,1137,44,1137,44,0,0,0.538644,8.863136,37.882383,23.3727595,1015.888562,55.827387,535.8579745
2,0,400,0,200,0,200,0,0,0,5e-06,0.005,0.0,0.0025,0.0,0.0,0.0
2,0,240,0,120,0,120,0,0,0,1.3e-05,0.013,0.0,0.0065,0.0,0.0,0.0
10,6,528,268,53,45,53,45,0,0,0.29487,30.510556,53.181801,41.8461785,1528.193848,79.521758,803.857803
10,6,756,268,76,45,76,45,0,0,0.173726,18.138667,29.299801,23.719234,967.365067,45.876855,506.62096099999997
2,0,1438,0,719,0,719,0,0,0,3.3e-05,0.033,0.0,0.0165,0.0,0.0,0.0
10,6,756,268,76,45,76,45,0,0,0.361446,37.812667,52.468602,45.1406345,2043.635285,78.044461,1060.8398730000001
2,0,300,0,150,0,150,0,0,0,3e-06,0.003,0.0,0.0015,0.0,0.0,0.0
2,0,220,0,110,0,110,0,0,0,2e-06,0.002,0.0,0.001,0.0,0.0,0.0
10,6,610,268,61,45,61,45,0,0,0.199274,20.981444,36.781398,28.881421000000003,1288.606614,62.243359,675.4249865
10,8,756,354,76,44,76,44,0,0,0.489954,49.685333,63.674285,56.679809,3363.11785,106.243016,1734.680433
10,8,756,354,76,44,76,44,0,0,0.470318,52.257556,60.349145,56.3033505,3302.897442,110.40493,1706.651186
10,8,756,354,76,44,76,44,0,0,0.468508,50.501444,59.885715,55.1935795,3394.537039,119.792227,1757.1646329999999
12,10,1614,804,135,80,135,80,0,0,0.500913,45.537546,52.031777,48.7846615,3145.618389,101.412469,1623.515429
2,0,216,0,108,0,108,0,0,0,8e-06,0.008,0.0,0.004,0.0,0.0,0.0
10,8,756,354,76,44,76,44,0,0,0.471063,50.810444,59.586855,55.1986495,3416.37009,123.969102,1770.169596
36,12,35074,882,974,74,974,74,0,0,0.797497,22.237085,65.771633,44.004358999999994,2058.391878,111.851508,1085.121693
36,12,35058,898,974,75,974,75,0,0,0.670912,18.681943,55.465816,37.0738795,1600.943504,80.967211,840.9553575
12,10,1258,798,105,80,105,80,0,0,0.659893,59.990271,66.928664,63.4594675,3980.879495,99.878648,2040.3790715
14,10,5506,814,393,81,393,81,0,0,0.711418,52.993922,74.275445,63.6346835,3857.926662,115.591188,1986.7589249999999
12,8,3382,708,282,89,282,89,0,0,0.658304,59.84582,87.282289,73.5640545,3102.043334,127.926937,1614.9851355
12,10,1258,832,105,83,105,83,0,0,0.62202,55.064455,60.625891,57.845173,3793.048416,95.223484,1944.13595
60,14,68199,612,1137,44,1137,44,0,0,0.545979,9.253881,36.79877,23.0263255,1054.670878,57.097551,555.8842145
10,8,756,354,76,44,76,44,0,0,0.47417,51.15,60.162285,55.6561425,3390.038152,118.859898,1754.4490250000001
12,10,1450,804,121,80,121,80,0,0,1.00464,91.330911,96.957219,94.144065,6329.740947,121.640484,3225.6907155
10,6,756,268,76,45,76,45,0,0,0.225643,23.641444,39.766801,31.7041225,1227.121891,64.731867,645.926879
12,8,1450,710,121,89,121,89,0,0,0.53023,45.673729,67.514859,56.594294000000005,2321.948289,88.835727,1205.392008
12,8,1012,726,84,91,84,91,0,0,1.39924,127.203639,185.482859,156.343249,6675.427781,281.337781,3478.3827810000003
12,8,3054,760,255,95,255,95,0,0,0.674912,61.355634,85.259141,73.3073875,3065.718087,104.648352,1585.1832195000002
10,6,756,268,76,45,76,45,0,0,0.427029,44.280778,67.483797,55.8822875,2376.279762,108.861359,1242.5705605
12,10,1066,826,89,83,89,83,0,0,0.906294,79.565,90.803555,85.18427750000001,5331.969711,135.020813,2733.495262
12,10,3050,828,254,83,254,83,0,0,0.83679,76.071821,86.020445,81.046133,4578.058387,141.493266,2359.7758265
116,0,11136,0,96,0,96,0,0,0,35.186535,305.969875,0.0,152.9849375,396.464625,0.0,198.2323125
2,0,214,0,107,0,107,0,0,0,8e-06,0.008,0.0,0.004,0.0,0.0,0.0
12,8,1062,758,89,95,89,95,0,0,0.5537,47.54909,70.342859,58.945974500000005,2807.828399,95.145188,1451.4867935
12,8,1000,716,83,90,83,90,0,0,0.697371,60.449,90.46943,75.459215,2939.644676,117.45818,1528.551428
12,8,1066,744,89,93,89,93,0,0,0.742014,65.410543,88.264,76.8372715,3299.024316,115.301531,1707.1629235
12,8,1066,728,89,91,89,91,0,0,0.784043,71.276636,103.937141,87.6068885,4397.298885,175.522625,2286.410755
12,8,1066,716,89,90,89,90,0,0,0.831242,71.940548,101.781141,86.86084450000001,4003.798351,144.455563,2074.126957
10,6,756,268,76,45,76,45,0,0,0.476562,49.200556,81.936398,65.568477,2503.512465,122.331734,1312.9220994999998
12,8,1066,726,89,91,89,91,0,0,0.788916,69.333547,102.74757,86.0405585,3573.721273,148.758281,1861.239777
2,0,200,0,100,0,100,0,0,0,5e-06,0.005,0.0,0.0025,0.0,0.0,0.0
10,6,756,268,76,45,76,45,0,0,0.499826,53.614222,73.484203,63.549212499999996,2734.307897,108.387242,1421.3475695
10,6,1014,268,101,45,101,45,0,0,0.912009,100.724667,141.967203,121.345935,6498.019618,276.975531,3387.4975745
2,0,1108,0,554,0,554,0,0,0,6e-06,0.006,0.0,0.003,0.0,0.0,0.0
2,0,1044,0,522,0,522,0,0,0,6e-06,0.006,0.0,0.003,0.0,0.0,0.0
2,0,788,0,394,0,394,0,0,0,1.1e-05,0.011,0.0,0.0055,0.0,0.0,0.0
2,0,1268,0,634,0,634,0,0,0,1.1e-05,0.011,0.0,0.0055,0.0,0.0,0.0
12,8,1250,712,104,89,104,89,0,0,0.503572,42.731999,65.290285,54.011142,2227.992334,81.510789,1154.7515615
2,0,278,0,139,0,139,0,0,0,4e-06,0.004,0.0,0.002,0.0,0.0,0.0
2,0,400,0,200,0,200,0,0,0,9e-06,0.009,0.0,0.0045,0.0,0.0,0.0
2,0,1934,0,967,0,967,0,0,0,1.1e-05,0.011,0.0,0.0055,0.0,0.0,0.0
2,0,1716,0,858,0,858,0,0,0,1e-05,0.01,0.0,0.005,0.0,0.0,0.0
12,8,1162,734,97,92,97,92,0,0,0.48746,42.24282,64.744855,53.4938375,2260.482896,85.540422,1173.011659
10,8,756,354,76,44,76,44,0,0,0.683435,72.829556,89.238289,81.03392249999999,4939.730591,124.3295,2532.0300454999997
10,6,888,268,89,45,89,45,0,0,0.179422,18.801444,34.297801,26.549622499999998,1004.215673,60.206633,532.211153
2,0,168,0,84,0,84,0,0,0,4e-06,0.004,0.0,0.002,0.0,0.0,0.0
250,24,248562,1652,994,69,994,69,0,0,17.625374,70.784617,169.608344,120.19648049999999,97.733031,196.928172,147.3306015
10,8,564,354,56,44,56,44,0,0,0.649247,70.600889,91.096289,80.848589,5355.539117,141.667313,2748.603215
14,12,774,642,55,54,55,54,0,0,0.829405,61.351615,72.149367,66.750491,3716.896887,116.715102,1916.8059945
10,6,756,268,76,45,76,45,0,0,0.683454,72.744667,96.065797,84.40523200000001,3713.425348,126.370437,1919.8978925000001
10,8,564,354,56,44,56,44,0,0,0.638471,70.438778,90.273859,80.3563185,5575.167182,140.161422,2857.664302
26,16,3154,1452,121,91,121,91,0,0,44.66917,1786.07996,2972.95625,2379.518105,272290.5872,10722.186,141506.3866
2,0,168,0,84,0,84,0,0,0,9e-06,0.009,0.0,0.0045,0.0,0.0,0.0
12,8,1142,748,95,94,95,94,0,0,0.718245,65.22618,95.892711,80.55944550000001,3309.570416,134.661719,1722.1160675
10,6,908,268,91,45,91,45,0,0,0.209777,22.162444,39.813602,30.988023000000002,1122.750182,64.435945,593.5930635
12,12,586,682,49,57,49,57,0,0,0.602076,54.734183,47.461453,51.097818000000004,2827.005144,70.68143,1448.8432870000001
10,6,830,268,83,45,83,45,0,0,0.226868,24.265778,35.893,30.079389,1280.046656,57.087191,668.5669235
14,12,774,642,55,54,55,54,0,0,0.759962,55.431306,65.803633,60.6174695,3461.092357,113.668375,1787.380366
12,8,3044,744,254,93,254,93,0,0,0.445172,39.135001,53.993,46.564000500000006,2020.882227,77.453875,1049.168051
12,10,1260,800,105,80,105,80,0,0,0.674827,59.538092,68.070664,63.804378,4136.007525,123.804664,2129.9060945
12,10,2026,842,169,84,169,84,0,0,0.641678,58.334364,62.785777,60.5600705,3849.198359,107.001445,1978.099902
3,0,3028,0,1009,0,1009,0,0,0,1.8e-05,0.014,0.0,0.007,0.0,0.0,0.0
10,8,564,354,56,44,56,44,0,0,0.832441,90.360222,110.045141,100.2026815,6786.801342,156.347109,3471.5742255
2,0,392,0,196,0,196,0,0,0,4e-06,0.004,0.0,0.002,0.0,0.0,0.0
10,8,564,354,56,44,56,44,0,0,0.68952,75.444444,96.77443,86.109437,5886.36857,147.178422,3016.773496
10,6,864,268,86,45,86,45,0,0,0.193383,19.142556,37.287801,28.2151785,1024.15899,61.725602,542.9422959999999
10,8,564,354,56,44,56,44,0,0,0.633506,69.598444,89.381289,79.4898665,5441.77731,137.813687,2789.7954985
2,0,168,0,84,0,84,0,0,0,3e-06,0.003,0.0,0.0015,0.0,0.0,0.0
12,8,986,744,82,93,82,93,0,0,0.742081,63.904729,101.669711,82.78722,3927.395885,169.908328,2048.6521065
2,0,168,0,84,0,84,0,0,0,3e-06,0.003,0.0,0.0015,0.0,0.0,0.0
116,0,9048,0,78,0,78,0,0,0,3.680949,32.008252,0.0,16.004126,41.342805,0.0,20.6714025
12,8,998,728,83,91,83,91,0,0,0.28661,25.451364,39.715715,32.5835395,1366.099296,59.476008,712.7876520000001
12,10,998,830,83,83,83,83,0,0,0.546223,47.984636,54.837555,51.4110955,3303.881763,96.794789,1700.338276
14,10,774,556,55,56,55,56,0,0,0.714591,54.968537,75.429781,65.19915900000001,2782.329058,106.850977,1444.5900175
12,8,998,718,83,90,83,90,0,0,0.349829,30.52518,46.430855,38.4780175,1636.124502,65.504496,850.814499
2,0,168,0,84,0,84,0,0,0,9e-06,0.009,0.0,0.0045,0.0,0.0,0.0
12,8,998,706,83,88,83,88,0,0,0.484749,44.06809,60.415285,52.2416875,2119.735223,81.233336,1100.4842795
12,8,998,728,83,91,83,91,0,0,0.623236,55.325001,80.25843,67.79171550000001,3087.713947,119.38818,1603.5510635
12,10,998,840,83,84,83,84,0,0,0.675768,59.398636,69.103445,64.2510405,3929.77371,102.699383,2016.2365465
12,8,1066,734,89,92,89,92,0,0,0.801351,71.605909,102.662,87.1339545,3995.697214,163.372391,2079.5348025
2,0,168,0,84,0,84,0,0,0,8e-06,0.008,0.0,0.004,0.0,0.0,0.0
12,8,998,732,83,92,83,92,0,0,0.488933,42.927364,63.30257,53.114967,2222.76148,93.525742,1158.143611
10,6,878,268,88,45,88,45,0,0,0.245386,25.250333,39.883,32.566666500000004,1259.165112,55.111438,657.1382749999999
12,8,998,708,83,89,83,89,0,0,0.282936,24.315727,37.181855,30.748790999999997,1233.424608,50.789621,642.1071145
12,8,998,694,83,87,83,87,0,0,0.425681,36.650365,49.952,43.301182499999996,1902.986912,65.884922,984.435917
4,2,228,91,57,46,57,46,0,0,0.060733,3.923,0.007,1.965,5.537353,0.0,2.7686765
10,8,620,354,62,44,62,44,0,0,0.607412,64.776111,74.676141,69.726126,4118.477482,133.886891,2126.1821865
10,6,578,268,58,45,58,45,0,0,0.306389,34.043222,53.312,43.677611,1673.03882,80.393273,876.7160465
10,6,580,268,58,45,58,45,0,0,0.467599,51.955444,38.048398,45.001920999999996,3206.443997,67.736289,1637.090143
10,8,578,354,58,44,58,44,0,0,0.500307,55.589667,60.37057,57.9801185,3624.738192,114.550875,1869.6445334999999
12,8,1058,760,88,95,88,95,0,0,0.731929,63.28282,92.87143,78.077125,3103.318466,114.446492,1608.882479
14,10,774,556,55,56,55,56,0,0,0.541762,36.331232,52.408223,44.369727499999996,1866.542419,59.12273,962.8325745000001
60,14,68199,612,1137,44,1137,44,0,0,0.798038,13.133508,56.319152,34.726330000000004,1336.426469,80.19143,708.3089495
2,0,168,0,84,0,84,0,0,0,3e-06,0.003,0.0,0.0015,0.0,0.0,0.0
2,0,168,0,84,0,84,0,0,0,9e-06,0.009,0.0,0.0045,0.0,0.0,0.0
12,8,1002,740,84,93,84,93,0,0,0.717793,63.88482,95.384141,79.6344805,3976.569872,164.023484,2070.296678
2,0,352,0,176,0,176,0,0,0,9e-06,0.009,0.0,0.0045,0.0,0.0,0.0
12,8,980,726,82,91,82,91,0,0,0.866551,78.725999,115.373,97.0494995,3966.832172,164.065188,2065.44868
60,14,68201,612,1137,44,1137,44,0,0,0.721694,12.232102,51.81377,32.022936,1252.001324,68.556414,660.278869
2,0,168,0,84,0,84,0,0,0,1.4e-05,0.014,0.0,0.007,0.0,0.0,0.0
10,8,564,354,56,44,56,44,0,0,0.626605,69.160222,88.59757,78.878896,5430.71726,138.249094,2784.483177
10,8,564,354,56,44,56,44,0,0,0.669079,72.355444,94.6,83.477722,5703.87166,141.752922,2922.8122909999997
2,0,168,0,84,0,84,0,0,0,7e-06,0.007,0.0,0.0035,0.0,0.0,0.0
10,6,880,268,88,45,88,45,0,0,0.182997,18.640778,35.035199,26.8379885,993.999065,59.116027,526.557546
20,0,1040,0,52,0,52,0,0,0,0.569211,29.958475,0.0,14.9792375,36.541867,0.0,18.2709335
12,8,980,724,82,91,82,91,0,0,1.098267,99.763091,140.804422,120.2837565,5644.064171,246.348516,2945.2063435
20,0,1040,0,52,0,52,0,0,0,0.569211,29.958475,0.0,14.9792375,36.541867,0.0,18.2709335
60,14,68201,612,1137,44,1137,44,0,0,0.715245,11.79122,52.689,32.24011,1239.2698,67.968898,653.619349
12,10,2090,820,174,82,174,82,0,0,1.25063,110.996365,129.937336,120.46685049999999,6941.946912,191.765453,3566.8561825
2,0,168,0,84,0,84,0,0,0,1e-05,0.01,0.0,0.005,0.0,0.0,0.0
12,26,860,26136,72,1005,72,1005,0,0,0.505999,45.999909,17.784881,31.892395,3178.403187,2219.545984,2698.9745855
118,34,132720,2334,1125,69,1125,69,0,0,1.200935,10.264402,34.595574,22.429988,1149.133631,53.243707,601.188669
22,22,1182,1626,54,74,54,74,0,0,1.329375,63.303573,62.447763,62.875668000000005,3570.238458,3289.542644,3429.890551
28,0,3024,0,108,0,108,0,0,0,1.213061,44.928184,0.0,22.464092,48.961914,0.0,24.480957
10,6,858,268,86,45,86,45,0,0,0.174813,18.521111,31.384199,24.952655,1016.321042,50.939711,533.6303765
20,12,1196,536,60,45,60,45,0,0,43.810734,2305.772263,3980.88975,3143.3310064999996,313161.4041,12428.767,162795.08555
20,14,1076,622,54,44,54,44,0,0,31.526554,1657.707632,2422.537,2040.122316,221272.5183,8129.545,114701.03165
10,6,1526,268,153,45,153,45,0,0,0.391574,37.207556,66.481,51.844277999999996,2009.050142,89.400695,1049.2254185
10,6,610,268,61,45,61,45,0,0,0.433802,44.880778,73.416602,59.14869,2593.701735,113.309305,1353.5055200000002
12,8,3022,742,252,93,252,93,0,0,0.625552,54.809,76.163289,65.4861445,2696.574018,102.422781,1399.4983995
2,0,142,0,71,0,71,0,0,0,8e-06,0.008,0.0,0.004,0.0,0.0,0.0
22,10,17766,808,808,81,808,81,0,0,0.670706,31.317858,67.723336,49.520597,2626.925007,126.092656,1376.5088314999998
22,38,1044,29072,47,765,47,765,0,0,1.736488,82.689908,43.024676,62.857292,3934.614841,2858.513046,3396.5639435000003
10,6,546,268,55,45,55,45,0,0,0.35955,37.174,56.528801,46.8514005,1837.839719,75.578812,956.7092655
20,8,17266,354,863,44,863,44,0,0,0.779217,38.199105,101.827859,70.01348200000001,3876.707789,149.145344,2012.9265665
10,6,860,268,86,45,86,45,0,0,0.419535,39.489556,72.220602,55.855079,2092.346493,90.238508,1091.2925005
10,6,2530,268,253,45,253,45,0,0,0.597355,63.310444,100.316797,81.8136205,3208.591194,156.058344,1682.324769
20,20,944,2658,47,133,47,133,0,0,2.853381,150.177952,143.548531,146.86324150000002,7799.873338,216.703313,4008.2883255
12,10,1130,844,94,84,94,84,0,0,0.803119,73.010815,74.372781,73.691798,4954.269203,110.463133,2532.366168
10,6,1112,268,111,45,111,45,0,0,0.816696,86.301222,72.796398,79.54881,5529.108398,95.686102,2812.39725
10,6,566,268,57,45,57,45,0,0,0.830432,90.183556,138.811406,114.497481,4959.205528,219.718375,2589.4619515000004
10,6,566,268,57,45,57,45,0,0,0.58364,60.735444,100.287602,80.51152300000001,3537.843957,154.407703,1846.12583
12,8,1034,754,86,94,86,94,0,0,0.857992,77.999271,112.242711,95.120991,4215.688744,158.72625,2187.207497
14,10,774,556,55,56,55,56,0,0,0.475158,35.749232,50.938668,43.34395,1851.877615,73.794398,962.8360065
10,10,792,1284,79,128,79,128,0,0,0.747423,83.047,72.690555,77.8687775,5340.729792,126.912305,2733.8210485
10,6,566,268,57,45,57,45,0,0,0.615407,64.661889,103.061797,83.861843,3418.6769,160.455969,1789.5664345
10,12,970,7516,97,626,97,626,0,0,0.636482,70.720222,52.491274,61.605748000000006,3381.798695,3871.09326,3626.4459775
2,0,168,0,84,0,84,0,0,0,9e-06,0.009,0.0,0.0045,0.0,0.0,0.0
12,8,1002,716,84,90,84,90,0,0,0.528835,48.075908,69.91143,58.993669,2365.558513,89.445422,1227.5019674999999
12,8,549,398,46,50,46,50,0,0,0.614759,55.887182,84.021289,69.9542355,3559.20901,136.692172,1847.950591
14,12,774,642,55,54,55,54,0,0,0.835806,64.292767,68.496367,66.394567,4277.238042,114.38343,2195.810736
10,8,564,354,56,44,56,44,0,0,0.78027,82.696889,101.632289,92.164589,5935.576864,143.083719,3039.3302915
10,6,486,268,49,45,49,45,0,0,0.570754,61.215333,101.417797,81.316565,3911.942606,180.672078,2046.307342
10,6,486,268,49,45,49,45,0,0,0.458856,47.855667,78.206797,63.031231999999996,2535.841112,126.755273,1331.2981925000001
20,14,1000,622,50,44,50,44,0,0,51.07135,2683.930632,3924.4295,3304.180066,360224.8161,13238.34,186731.57805
10,6,574,268,57,45,57,45,0,0,0.363788,37.163,60.278398,48.720698999999996,1955.989443,86.577867,1021.283655
2,0,200,0,100,0,100,0,0,0,8e-06,0.008,0.0,0.004,0.0,0.0,0.0
10,8,490,354,49,44,49,44,0,0,0.577568,60.143556,73.517141,66.8303485,3941.517409,117.343117,2029.430263
12,10,2018,830,168,83,168,83,0,0,0.831725,71.441634,87.182555,79.3120945,4624.550692,122.099969,2373.3253305
10,6,490,268,49,45,49,45,0,0,0.521238,57.795444,74.877203,66.33632349999999,3021.17517,123.534008,1572.354589
10,8,490,354,49,44,49,44,0,0,0.753679,76.357667,110.722336,93.5400015,5188.146213,130.137039,2659.141626
2,0,168,0,84,0,84,0,0,0,8e-06,0.008,0.0,0.004,0.0,0.0,0.0
12,12,1188,1328,99,111,99,111,0,0,1.332388,121.126188,113.637727,117.3819575,7037.69421,178.762078,3608.2281439999997
10,8,574,354,57,44,57,44,0,0,1.056951,117.335778,125.277141,121.3064595,6082.416218,261.763203,3172.0897105000004
2,0,168,0,84,0,84,0,0,0,5e-06,0.005,0.0,0.0025,0.0,0.0,0.0
10,6,622,268,62,45,62,45,0,0,0.611607,65.633,97.804,81.7185,3398.88488,151.966813,1775.4258465
14,12,774,642,55,54,55,54,0,0,0.924214,71.025541,78.640273,74.832907,4368.575953,116.501211,2242.5385819999997
10,6,2062,268,206,45,206,45,0,0,0.934529,92.882111,160.272406,126.5772585,4897.105092,229.721281,2563.4131865
10,8,574,354,57,44,57,44,0,0,0.899021,88.664667,109.578289,99.121478,5237.846232,184.444484,2711.1453579999998
10,6,1294,268,129,45,129,45,0,0,0.591242,61.276667,99.757203,80.516935,3063.737318,142.115828,1602.926573
12,8,1058,722,88,90,88,90,0,0,0.783864,71.260364,97.694859,84.4776115,3487.754638,129.757594,1808.756116
18,6,14092,268,783,45,783,45,0,0,0.653709,38.387118,110.721797,74.5544575,2521.711255,165.632953,1343.672104
20,14,1100,622,55,44,55,44,0,0,46.446964,2442.265474,3566.77975,3004.5226119999998,323309.2258,11869.635,167589.4304
46,24,39024,1970,848,82,848,82,0,0,2.802394,62.271158,117.735914,90.003536,5154.473537,177.131891,2665.802714
10,8,2958,526,296,66,296,66,0,0,0.927926,98.155,117.785,107.97,5405.806548,150.751984,2778.2792659999996
10,8,2164,354,216,44,216,44,0,0,1.408511,156.501222,185.865719,171.1834705,10435.43167,268.708813,5352.0702415
10,12,792,3920,79,327,79,327,0,0,1.035791,115.001889,86.642635,100.822262,6638.855577,5967.121768,6302.9886725
22,20,4027,1726,183,86,183,86,0,0,2.594216,123.534098,131.737,127.635549,6372.403243,168.000984,3270.2021135
12,8,1112,742,93,93,93,93,0,0,0.971701,88.324726,126.81743,107.571078,4627.154055,191.782906,2409.4684805
10,8,788,2088,79,261,79,261,0,0,0.684129,76.014333,86.206,81.11016649999999,3837.072093,141.544516,1989.3083045
10,6,526,268,53,45,53,45,0,0,0.522437,53.004222,78.875,65.939611,2830.570792,108.835609,1469.7032005
4316,682,5832679,30006,1351,44,1351,44,0,0,59.958851,13.911554,87.734156,50.822855,1735.675315,104.121375,919.898345
2,0,2008,0,1004,0,1004,0,0,0,1.4e-05,0.014,0.0,0.007,0.0,0.0,0.0
10,10,788,5488,79,549,79,549,0,0,1.491722,165.746889,155.980556,160.8637225,9509.525956,11698.14598,10603.835968
12,30,910,31068,76,1036,76,1036,0,0,1.578636,143.497551,49.64324,96.57039549999999,8370.205709,6238.858762,7304.5322355
2,0,156,0,78,0,78,0,0,0,8e-06,0.008,0.0,0.004,0.0,0.0,0.0
10,8,564,354,56,44,56,44,0,0,1.991371,221.263444,268.009437,244.6364405,12778.47793,402.093687,6590.2858085
2,0,200,0,100,0,100,0,0,0,9e-06,0.009,0.0,0.0045,0.0,0.0,0.0
2,0,200,0,100,0,100,0,0,0,9e-06,0.009,0.0,0.0045,0.0,0.0,0.0
10,8,564,354,56,44,56,44,0,0,1.482555,164.628,197.211859,180.9199295,9286.284174,322.337094,4804.310634
2,0,200,0,100,0,100,0,0,0,9e-06,0.009,0.0,0.0045,0.0,0.0,0.0
10,8,564,354,56,44,56,44,0,0,1.33242,143.119778,167.381,155.25038899999998,8512.397517,232.337609,4372.367563
2,0,200,0,100,0,100,0,0,0,7e-06,0.007,0.0,0.0035,0.0,0.0,0.0
12,8,1366,716,114,90,114,90,0,0,0.93723,85.113634,124.32243,104.718032,4307.561013,182.723797,2245.1424049999996
2,0,200,0,100,0,100,0,0,0,7e-06,0.007,0.0,0.0035,0.0,0.0,0.0
2,0,200,0,100,0,100,0,0,0,7e-06,0.007,0.0,0.0035,0.0,0.0,0.0
2,0,200,0,100,0,100,0,0,0,7e-06,0.007,0.0,0.0035,0.0,0.0,0.0
10,8,564,354,56,44,56,44,0,0,1.863138,202.184667,251.450141,226.817404,15391.63018,390.219031,7890.9246055
20,78,1218,96828,61,1241,61,1241,0,0,1.749777,92.093525,21.268819,56.681172000000004,4580.511741,2688.043006,3634.2773735
12,8,3032,716,253,90,253,90,0,0,1.44838,126.939185,190.856422,158.8978035,6774.977798,282.955281,3528.9665395
12,8,1494,720,125,90,125,90,0,0,0.91646,80.931997,118.285,99.6084985,4144.003844,160.255734,2152.129789
10,8,814,1340,81,168,81,168,0,0,0.716651,79.627889,89.77557,84.7017295,3914.587652,129.329992,2021.958822
12,8,1232,702,103,88,103,88,0,0,0.87289,74.511366,112.02643,93.26889800000001,4253.399883,141.173672,2197.2867775
10,6,1074,268,107,45,107,45,0,0,1.109115,118.435667,199.876594,159.15613050000002,6535.121037,329.255656,3432.1883465
10,6,2550,268,255,45,255,45,0,0,0.718977,76.844222,112.394,94.619111,4224.070826,166.095469,2195.0831475
12,8,1070,754,89,94,89,94,0,0,0.94426,80.361636,117.825,99.09331800000001,4069.984666,151.668844,2110.826755
12,8,1080,778,90,97,90,97,0,0,1.002553,87.710271,129.475289,108.59278,4436.835119,170.061344,2303.4482315
10,8,748,354,75,44,75,44,0,0,1.030446,111.360556,129.81343,120.586993,6773.400111,195.755203,3484.577657
10,6,994,268,99,45,99,45,0,0,0.623808,64.150222,106.082203,85.1162125,3210.566549,155.082609,1682.824579
2,0,246,0,123,0,123,0,0,0,8e-06,0.008,0.0,0.004,0.0,0.0,0.0
12,10,1234,822,103,82,103,82,0,0,1.643335,141.539369,168.539891,155.03963,9026.370007,209.707906,4618.0389565
12,10,1080,806,90,81,90,81,0,0,1.229804,108.995091,125.521336,117.25821350000001,6453.63406,201.284094,3327.459077
12,10,1362,804,114,80,114,80,0,0,1.810582,156.493455,183.349891,169.921673,9851.75155,255.558797,5053.6551735
12,6,4678,268,390,45,390,45,0,0,0.610772,55.438821,101.083602,78.2612115,0.0,140.527047,70.2635235
40,22,28236,1694,706,77,706,77,0,0,3.642538,93.398408,169.940141,131.6692745,8255.904575,296.005625,4275.9551
10,6,1078,268,108,45,108,45,0,0,0.831875,89.473444,143.979594,116.726519,4622.476194,230.556578,2426.516386
2,0,200,0,100,0,100,0,0,0,7e-06,0.007,0.0,0.0035,0.0,0.0,0.0
12,10,1170,810,98,81,98,81,0,0,3.474526,311.378188,376.371,343.874594,20323.45727,636.488562,10479.972915999999
2,0,200,0,100,0,100,0,0,0,9e-06,0.009,0.0,0.0045,0.0,0.0,0.0
12,8,3030,758,253,95,253,95,0,0,0.885087,77.913911,114.142,96.02795549999999,4193.639105,148.566,2171.1025525
2,0,200,0,100,0,100,0,0,0,9e-06,0.009,0.0,0.0045,0.0,0.0,0.0
24,48,1140,41170,48,858,48,858,0,0,4.812523,208.072693,100.109676,154.0911845,16727.26569,11654.67689,14190.971290000001
12,8,3026,762,252,95,252,95,0,0,0.997751,83.162999,127.925859,105.54442900000001,4358.320416,158.232812,2258.276614
8,8,364,540,46,68,46,68,0,0,2.351839,335.837286,317.492,326.664643,23127.2127,636.582625,11881.8976625
10,6,2530,268,253,45,253,45,0,0,0.951126,97.382889,170.665797,134.024343,5110.661428,258.549766,2684.605597
10,8,564,354,56,44,56,44,0,0,1.43135,155.008889,190.731281,172.87008500000002,10015.56638,275.316,5145.4411900000005
12,10,994,790,83,79,83,79,0,0,2.07484,186.250821,220.769109,203.509965,14647.42502,351.033656,7499.229338
2,0,200,0,100,0,100,0,0,0,9e-06,0.009,0.0,0.0045,0.0,0.0,0.0
12,8,3946,354,329,44,329,44,0,0,1.406311,122.305821,186.939281,154.622551,7818.645594,274.239875,4046.4427345
2,0,200,0,100,0,100,0,0,0,9e-06,0.009,0.0,0.0045,0.0,0.0,0.0
60,14,68201,612,1137,44,1137,44,0,0,0.550287,9.143526,38.526078,23.834802,1045.431361,59.377328,552.4043445
12,10,1110,842,93,84,93,84,0,0,2.557302,232.464182,266.335125,249.3996535,13111.33794,418.002844,6764.670392
2,0,200,0,100,0,100,0,0,0,5e-06,0.005,0.0,0.0025,0.0,0.0,0.0
10,8,564,354,56,44,56,44,0,0,1.73978,186.954111,234.688422,210.8212665,12659.68606,340.494375,6500.0902175
2,0,200,0,100,0,100,0,0,0,5e-06,0.005,0.0,0.0025,0.0,0.0,0.0
10,8,942,354,94,44,94,44,0,0,3.151742,345.136222,437.936562,391.536392,21637.29155,750.359312,11193.825431000001
2,0,200,0,100,0,100,0,0,0,5e-06,0.005,0.0,0.0025,0.0,0.0,0.0
14,10,5154,820,368,82,368,82,0,0,1.648574,124.858082,173.847672,149.35287699999998,8150.77408,304.826344,4227.800212
10,6,840,268,84,45,84,45,0,0,0.467847,48.953111,79.002,63.977555499999994,2587.133724,114.566289,1350.8500064999998
12,10,994,812,83,81,83,81,0,0,3.760793,339.151085,399.115219,369.133152,22438.93152,633.488625,11536.210072499998
2,0,200,0,100,0,100,0,0,0,9e-06,0.009,0.0,0.0045,0.0,0.0,0.0
14,12,788,682,56,57,56,57,0,0,1.935433,148.879457,164.148266,156.51386150000002,8851.527099,233.997891,4542.762495000001
2,0,200,0,100,0,100,0,0,0,9e-06,0.009,0.0,0.0045,0.0,0.0,0.0
12,8,994,718,83,90,83,90,0,0,1.072537,92.047636,138.622,115.33481800000001,4679.121546,199.781422,2439.451484
2,0,200,0,100,0,100,0,0,0,9e-06,0.009,0.0,0.0045,0.0,0.0,0.0
12,10,994,858,83,86,83,86,0,0,2.366951,207.991267,250.934219,229.462743,11996.67176,361.97475,6179.323254999999
12,10,1110,812,93,81,93,81,0,0,3.99278,362.979989,420.119125,391.549557,23542.60248,639.74675,12091.174615
2,0,200,0,100,0,100,0,0,0,1e-05,0.01,0.0,0.005,0.0,0.0,0.0
10,8,564,354,56,44,56,44,0,0,2.504564,278.174889,339.592719,308.883804,16429.90912,548.071563,8488.9903415
2,0,200,0,100,0,100,0,0,0,1e-05,0.01,0.0,0.005,0.0,0.0,0.0
60,14,68199,612,1137,44,1137,44,0,0,0.699916,11.862983,48.053617,29.9583,1207.753258,67.141891,637.4475745
28,20,5685,1796,203,90,203,90,0,0,5.651503,209.314926,285.845687,247.5803065,13250.73244,418.285844,6834.509142
2,0,200,0,100,0,100,0,0,0,1e-05,0.01,0.0,0.005,0.0,0.0,0.0
20,0,1280,0,64,0,64,0,0,0,30.693087,1615.425625,0.0,807.7128125,1884.148125,0.0,942.0740625
2,0,200,0,100,0,100,0,0,0,1e-05,0.01,0.0,0.005,0.0,0.0,0.0
20,0,1280,0,64,0,64,0,0,0,30.693087,1615.425625,0.0,807.7128125,1884.148125,0.0,942.0740625
4,2,632,496,158,248,158,248,0,0,0.493444,164.481328,0.01,82.24566399999999,232.599719,0.0,116.2998595
20,0,1280,0,64,0,64,0,0,0,30.693087,1615.425625,0.0,807.7128125,1884.148125,0.0,942.0740625
20,0,1280,0,64,0,64,0,0,0,30.693087,1615.425625,0.0,807.7128125,1884.148125,0.0,942.0740625
12,8,1110,740,93,93,93,93,0,0,1.092766,91.977635,146.491422,119.23452850000001,4987.451556,214.84325,2601.147403
14,12,1716,682,123,57,123,57,0,0,1.644954,123.46562,138.638906,131.05226299999998,7176.76646,174.253813,3675.5101365
10,8,1022,354,102,44,102,44,0,0,1.28194,142.347,169.447719,155.8973595,7976.723865,293.328688,4135.0262765
10,8,564,354,56,44,56,44,0,0,1.93347,214.730667,260.208719,237.469693,13095.63093,386.397594,6741.014262
2,0,200,0,100,0,100,0,0,0,4e-06,0.004,0.0,0.002,0.0,0.0,0.0
490,2940,21458,4044540,44,1376,44,1376,0,0,46.713413,95.920744,15.869927,55.8953355,5132.03336,2024.011972,3578.0226660000003
2,0,200,0,100,0,100,0,0,0,4e-06,0.004,0.0,0.002,0.0,0.0,0.0
2,0,200,0,100,0,100,0,0,0,1e-05,0.01,0.0,0.005,0.0,0.0,0.0
12,10,994,830,83,83,83,83,0,0,1.73002,148.141094,176.461,162.301047,8851.997099,282.498562,4567.2478305
2,0,200,0,100,0,100,0,0,0,1e-05,0.01,0.0,0.005,0.0,0.0,0.0
8,8,364,860,46,108,46,108,0,0,1.555244,222.016714,211.458578,216.73764599999998,15097.54592,403.5865,7750.56621
2,0,200,0,100,0,100,0,0,0,1e-05,0.01,0.0,0.005,0.0,0.0,0.0
2,0,190,0,95,0,95,0,0,0,8e-06,0.008,0.0,0.004,0.0,0.0,0.0
14,12,756,682,54,57,54,57,0,0,1.912071,140.832918,163.151359,151.9921385,8542.178435,239.881703,4391.0300689999995
2,0,214,0,107,0,107,0,0,0,7e-06,0.007,0.0,0.0035,0.0,0.0,0.0
20,20,960,3216,48,161,48,161,0,0,3.140661,165.269204,159.864375,162.5667895,8861.605745,217.533688,4539.5697165
12,10,980,804,82,80,82,80,0,0,1.957822,174.096097,204.243437,189.16976699999998,11972.453,275.925969,6124.1894845
20,8,15684,354,784,44,784,44,0,0,2.030307,102.684426,268.469562,185.576994,10840.48509,403.109656,5621.797373
14,12,948,682,68,57,68,57,0,0,3.26178,246.76699,282.874375,264.8206825,18223.8428,528.522312,9376.182556
14,10,1080,802,77,80,77,80,0,0,2.609662,195.777543,278.226656,237.00209949999999,12939.89626,419.297219,6679.5967395
14,12,1716,682,123,57,123,57,0,0,2.361051,179.811,200.423266,190.11713300000002,11656.25675,326.735187,5991.4959685
12,10,994,798,83,80,83,80,0,0,2.288405,207.949903,243.668672,225.80928749999998,13376.51634,488.084031,6932.3001855
2,2,168,112,84,56,84,56,0,0,0.170031,0.009,0.009,0.009,0.0,0.0,0.0
12,8,994,696,83,87,83,87,0,0,1.69557,154.129455,230.630422,192.3799385,9332.772888,400.039938,4866.406413
10,12,820,7286,82,607,82,607,0,0,2.584773,287.197,225.615364,256.406182,20050.18292,21370.75263,20710.467774999997
10,8,564,354,56,44,56,44,0,0,1.286422,139.351333,167.719719,153.535526,7915.634006,265.871969,4090.7529875
12,10,1768,690,147,69,147,69,0,0,2.746898,247.332284,285.859125,266.5957045,18214.24701,436.691688,9325.469348999999
10,8,1104,354,110,44,110,44,0,0,1.126658,125.054667,146.975859,136.015263,6562.841239,256.584547,3409.7128930000003
60,14,68191,612,1137,44,1137,44,0,0,1.398053,22.257118,100.088844,61.17298099999999,2138.98739,120.76082,1129.8741049999999
12,10,2452,1268,204,127,204,127,0,0,1.727578,147.720636,182.384781,165.0527085,8657.205537,271.835469,4464.520503
24,22,1288,1674,54,76,54,76,0,0,5.479779,238.251265,254.207531,246.229398,14989.04323,537.583687,7763.3134585
60,16,68193,698,1137,44,1137,44,0,0,1.54596,25.582508,98.526133,62.0543205,2533.562067,138.256484,1335.9092755
10,8,576,354,58,44,58,44,0,0,0.873026,96.899444,109.37043,103.13493700000001,5173.551715,208.356172,2690.9539434999997
40,150,1956,186028,49,1240,49,1240,0,0,4.731851,121.329513,30.308524,75.8190185,6548.6936,3144.425461,4846.5595305
10,6,586,268,59,45,59,45,0,0,0.705647,6626.9999,11046.299,8836.64945,656258.4845,24415.642,340337.06325
10,8,564,354,56,44,56,44,0,0,2.749292,301.957,382.149156,342.053078,19442.15235,674.900188,10058.526269
10,6,590,268,59,45,59,45,0,0,0.959046,96.832222,171.723406,134.277814,4849.652408,235.764734,2542.708571
2,0,212,0,106,0,106,0,0,0,7e-06,0.007,0.0,0.0035,0.0,0.0,0.0
10,6,596,268,60,45,60,45,0,0,0.728814,75.015556,125.579797,100.2976765,4063.445743,178.638453,2121.042098
10,8,564,354,56,44,56,44,0,0,1.368905,145.858333,177.275422,161.56687749999998,8971.690672,247.624609,4609.6576405000005
8,10,364,3754,46,375,46,375,0,0,2.094928,299.087429,212.880111,255.98377,19494.11777,16803.50115,18148.80946
10,8,564,354,56,44,56,44,0,0,1.347022,144.366222,176.829719,160.5979705,8531.542441,262.480062,4397.0112515
682,140,917553,6836,1345,49,1345,49,0,0,14.598914,21.500576,104.030703,62.7656395,2704.664717,148.335312,1426.5000145000001
60,16,68183,698,1136,44,1136,44,0,0,1.847537,31.310509,114.373266,72.8418875,3071.834544,185.549391,1628.6919675
24,22,1252,1618,52,74,52,74,0,0,5.911888,257.033318,275.002937,266.0181275,15849.63727,552.169562,8200.903416
8,10,364,3754,46,375,46,375,0,0,2.139302,305.580134,223.481333,264.5307335,21720.08228,18575.90419,20147.993235
26,44,1352,37812,52,859,52,859,0,0,4.266824,170.668765,96.087344,133.37805450000002,10946.66877,8265.501232,9606.085001
10,8,564,354,56,44,56,44,0,0,1.272776,137.565222,167.152859,152.3590405,8968.988896,226.544375,4597.7666355
2,2,152,82,76,41,76,41,0,0,0.233622,0.002,0.001,0.0015,0.0,0.0,0.0
2,2,152,82,76,41,76,41,0,0,0.233622,0.002,0.001,0.0015,0.0,0.0,0.0
10,8,564,354,56,44,56,44,0,0,2.067288,229.627889,280.268,254.9479445,15373.60395,427.719375,7900.661662500001
58,14,68099,612,1174,44,1174,44,0,0,1.177258,19.987456,85.488234,52.73784500000001,1942.990765,104.770188,1023.8804765
10,8,1002,354,100,44,100,44,0,0,0.843509,88.662,106.364141,97.5130705,4886.556168,180.536031,2533.5460995
60,14,68181,612,1136,44,1136,44,0,0,1.561667,26.468933,109.822078,68.1455055,2661.512625,174.815641,1418.164133
60,14,68181,612,1136,44,1136,44,0,0,1.201638,20.366746,85.294461,52.830603499999995,1904.725038,111.501523,1008.1132805
10,6,682,268,68,45,68,45,0,0,0.801039,7245.9112,12073.004,9659.4576,716882.8736,26703.87,371793.3718
10,14,820,10660,82,761,82,761,0,0,0.751476,83.472444,50.507541,66.9899925,4278.480569,3728.254339,4003.367454
24,22,1272,1606,53,73,53,73,0,0,5.267483,229.020997,245.776672,237.3988345,15798.06891,509.52575,8153.79733
150,402,18206,584658,121,1454,121,1454,0,0,15.620171,104.719979,38.725251,71.72261499999999,4993.972398,3114.476342,4054.22437
96,18,118098,784,1230,44,1230,44,0,0,1.283182,13.246379,71.733117,42.489748,1470.777907,110.730359,790.7541329999999
2,0,168,0,84,0,84,0,0,0,4e-06,0.004,0.0,0.002,0.0,0.0,0.0
10,8,934,354,93,44,93,44,0,0,1.011924,108.857889,129.65743,119.2576595,5978.777092,229.8515,3104.314296
10,8,564,354,56,44,56,44,0,0,0.897025,97.422667,117.741289,107.58197799999999,6506.102984,160.258734,3333.180859
10,8,974,354,97,44,97,44,0,0,0.740822,79.928333,96.462859,88.195596,5042.052315,161.178,2601.6151575
10,8,564,354,56,44,56,44,0,0,1.254576,139.397333,170.933422,155.1653775,10005.93919,245.558625,5125.748907499999
2,0,104,0,52,0,52,0,0,0,1e-05,0.01,0.0,0.005,0.0,0.0,0.0
2,0,2898,0,1449,0,1449,0,0,0,8e-06,0.008,0.0,0.004,0.0,0.0,0.0
10,8,756,354,76,44,76,44,0,0,0.537958,55.218111,64.642285,59.930198000000004,3700.059953,104.685234,1902.3725935
10,8,564,354,56,44,56,44,0,0,3.056254,339.570444,417.338719,378.4545815,20808.38351,649.64275,10729.01313
26,26,1322,1796,51,69,51,69,0,0,24.222017,968.8695,966.3855,967.6275,100854.0934,3147.876,52000.9847
22,40,1038,31110,47,778,47,778,0,0,5.127974,244.189244,127.566846,185.878045,20579.98894,14828.14512,17704.06703
50,24,41210,2022,824,84,824,84,0,0,4.701051,95.921405,199.666953,147.79417899999999,8664.190669,308.826719,4486.508694
26,26,3301,1986,127,76,127,76,0,0,8.341322,333.65289,327.090031,330.3714605,26915.79895,760.777875,13838.2884125
10,8,1222,354,122,44,122,44,0,0,1.995461,211.469667,275.322156,243.3959115,13387.69568,497.792125,6942.7439025
10,8,564,354,56,44,56,44,0,0,1.315218,146.016444,175.536422,160.776433,8262.8125,274.397094,4268.604797
24,20,3443,1756,143,88,143,88,0,0,2.270906,98.714783,113.926844,106.3208135,5158.595396,141.306094,2649.9507449999996
242,54,304078,3078,1257,57,1257,57,0,0,4.802888,19.925365,89.667773,54.796569,2155.221254,107.546992,1131.384123
10,8,756,354,76,44,76,44,0,0,0.709962,72.925889,94.718141,83.822015,4871.650903,153.109438,2512.3801705
4,2,728,384,182,192,182,192,0,0,1.078167,359.389,0.003,179.696,508.239375,0.0,254.1196875
4,2,728,384,182,192,182,192,0,0,1.078167,359.389,0.003,179.696,508.239375,0.0,254.1196875
4,2,728,384,182,192,182,192,0,0,1.078167,359.389,0.003,179.696,508.239375,0.0,254.1196875
4,2,728,384,182,192,182,192,0,0,1.078167,359.389,0.003,179.696,508.239375,0.0,254.1196875
66,0,7128,0,108,0,108,0,0,0,56.709965,872.460875,0.0,436.2304375,1090.813625,0.0,545.4068125
2,0,2994,0,1497,0,1497,0,0,0,4e-06,0.004,0.0,0.002,0.0,0.0,0.0
10,6,756,268,76,45,76,45,0,0,0.56556,59.192889,95.308797,77.250843,3125.180583,155.973375,1640.576979
52,24,41337,1876,795,78,795,78,0,0,2.618079,52.361581,110.736258,81.54891950000001,3781.445599,143.811641,1962.62862
62,368,2996,474434,48,1289,48,1289,0,0,4.930717,80.814607,13.314405,47.064505999999994,4362.104279,1688.488946,3025.2966125000003
2,0,104,0,52,0,52,0,0,0,6e-06,0.006,0.0,0.003,0.0,0.0,0.0
80,28,83134,2046,1039,73,1039,73,0,0,3.662974,46.366761,131.802437,89.084599,6174.907237,303.509313,3239.208275
10,6,1150,268,115,45,115,45,0,0,0.397866,39.787111,62.163602,50.975356500000004,2013.330847,83.153414,1048.2421305
2,0,104,0,52,0,52,0,0,0,8e-06,0.008,0.0,0.004,0.0,0.0,0.0
10,8,1182,354,118,44,118,44,0,0,1.053615,117.068333,139.189281,128.128807,7204.164586,217.451094,3710.80784
14,12,798,678,57,57,57,57,0,0,1.205235,92.705536,102.018367,97.3619515,4724.721515,178.932906,2451.8272105
2,0,640,0,320,0,320,0,0,0,4e-06,0.004,0.0,0.002,0.0,0.0,0.0
2,0,104,0,52,0,52,0,0,0,8e-06,0.008,0.0,0.004,0.0,0.0,0.0
2,0,2960,0,1480,0,1480,0,0,0,1e-05,0.01,0.0,0.005,0.0,0.0,0.0
2,0,2960,0,1480,0,1480,0,0,0,4e-06,0.004,0.0,0.002,0.0,0.0,0.0
2,0,104,0,52,0,52,0,0,0,9e-06,0.009,0.0,0.0045,0.0,0.0,0.0
2,0,104,0,52,0,52,0,0,0,8e-06,0.008,0.0,0.004,0.0,0.0,0.0
14,14,798,764,57,55,57,55,0,0,2.287224,175.940303,170.031688,172.9859955,11092.90852,394.881,5743.89476
70,0,19040,0,272,0,272,0,0,0,59.405674,874.671563,0.0,437.3357815,1011.991125,0.0,505.9955625
22,12,17778,928,808,77,808,77,0,0,0.980009,46.667096,83.860453,65.26377450000001,4088.142107,116.92193,2102.5320185
2,0,104,0,52,0,52,0,0,0,8e-06,0.008,0.0,0.004,0.0,0.0,0.0
2,0,104,0,52,0,52,0,0,0,6e-06,0.006,0.0,0.003,0.0,0.0,0.0
12,8,1250,746,104,93,104,93,0,0,0.569127,48.864911,71.84843,60.35667049999999,2513.167006,87.068422,1300.117714
12,8,1058,716,88,90,88,90,0,0,0.709482,61.530724,90.613,76.071862,3178.57266,124.278164,1651.4254119999998
12,10,1098,802,92,80,92,80,0,0,0.613701,55.707729,61.180109,58.443919,3655.811614,105.029484,1880.4205490000002
10,10,818,1206,82,121,82,121,0,0,0.679395,75.488333,69.029109,72.25872100000001,5272.507131,115.465797,2693.986464
12,8,1058,754,88,94,88,94,0,0,0.589044,51.412092,72.756289,62.0841905,2675.739365,103.618016,1389.6786905
10,10,826,1146,83,115,83,115,0,0,0.566906,62.989556,52.946777,57.968166499999995,4095.181631,97.857422,2096.5195264999998
22,10,17786,804,808,80,808,80,0,0,0.575568,26.525049,54.471555,40.498302,1946.506048,88.369289,1017.4376685
10,10,796,1314,80,131,80,131,0,0,1.085276,120.586222,109.696219,115.1412205,8993.338565,171.875,4582.6067825
10,10,796,1314,80,131,80,131,0,0,1.085276,120.586222,109.696219,115.1412205,8993.338565,171.875,4582.6067825
12,8,1066,720,89,90,89,90,0,0,0.783653,68.502908,92.523141,80.5130245,3628.364488,130.440508,1879.4024980000002
12,8,1066,714,89,89,89,89,0,0,1.044215,97.233199,131.630422,114.43181050000001,4669.471702,180.443187,2424.9574445
12,8,998,716,83,90,83,90,0,0,0.604633,54.966636,72.34843,63.657533,2753.015752,111.532078,1432.273915
12,10,1058,840,88,84,88,84,0,0,0.683727,57.542365,66.840781,62.191573000000005,3765.023559,111.810211,1938.416885
12,10,998,788,83,79,83,79,0,0,0.799962,72.723821,78.781891,75.75285600000001,4888.876828,130.552547,2509.7146875000003
12,10,1066,808,89,81,89,81,0,0,0.866264,76.859179,90.343219,83.60119900000001,5655.181731,123.649094,2889.4154125
10,8,826,1088,83,136,83,136,0,0,0.906794,100.754889,120.32357,110.5392295,5312.740057,176.859672,2744.7998645
14,8,1152,710,82,89,82,89,0,0,0.91289,69.007538,113.541711,91.2746245,3964.362677,163.091297,2063.726987
2,0,2128,0,1064,0,1064,0,0,0,1e-05,0.01,0.0,0.005,0.0,0.0,0.0
10,8,798,1212,80,152,80,152,0,0,0.723965,80.440556,88.573859,84.50720749999999,4144.047256,147.574172,2145.8107139999997
10,8,820,1086,82,136,82,136,0,0,0.96391,107.101111,127.727289,117.4142,5558.779973,248.209766,2903.4948695
10,8,818,1172,82,147,82,147,0,0,0.700927,77.870333,86.660141,82.265237,4288.199799,130.817617,2209.508708
10,8,798,1096,80,137,80,137,0,0,1.259861,139.884333,165.680578,152.7824555,7411.521693,315.144187,3863.33294
10,8,534,354,53,44,53,44,0,0,0.792978,88.010889,101.262141,94.636515,4633.405784,188.482422,2410.944103
10,8,534,354,53,44,53,44,0,0,1.036251,109.328333,133.556422,121.44237749999999,6115.257404,248.453469,3181.8554365
10,8,534,354,53,44,53,44,0,0,0.734301,79.607333,91.341,85.4741665,5056.084851,126.991242,2591.5380465
74,0,20128,0,272,0,272,0,0,0,58.684093,803.8915,0.0,401.94575,895.507375,0.0,447.7536875
10,8,534,354,53,44,53,44,0,0,1.082178,118.185333,144.824,131.5046665,6742.674766,265.020094,3503.84743
20,0,1280,0,64,0,64,0,0,0,22.04829,1160.436375,0.0,580.2181875,1438.506125,0.0,719.2530625
2,0,992,0,496,0,496,0,0,0,9e-06,0.009,0.0,0.0045,0.0,0.0,0.0
2,0,1920,0,960,0,960,0,0,0,9e-06,0.009,0.0,0.0045,0.0,0.0,0.0
250,24,248562,1652,994,69,994,69,0,0,17.625374,70.784617,169.608344,120.19648049999999,97.733031,196.928172,147.3306015
2,0,608,0,304,0,304,0,0,0,6e-06,0.006,0.0,0.003,0.0,0.0,0.0
2,0,190,0,95,0,95,0,0,0,3e-06,0.003,0.0,0.0015,0.0,0.0,0.0
2,0,1542,0,771,0,771,0,0,0,4e-06,0.004,0.0,0.002,0.0,0.0,0.0
2,0,2048,0,1024,0,1024,0,0,0,8e-06,0.008,0.0,0.004,0.0,0.0,0.0
2,0,624,0,312,0,312,0,0,0,1e-05,0.01,0.0,0.005,0.0,0.0,0.0
10,10,820,1148,82,115,82,115,0,0,1.024819,113.868778,102.325336,108.097057,7824.926265,164.719641,3994.822953
2,0,190,0,95,0,95,0,0,0,3e-06,0.003,0.0,0.0015,0.0,0.0,0.0
10,8,2516,354,252,44,252,44,0,0,0.775962,86.218,95.580289,90.8991445,5130.818217,167.312922,2649.0655695
2,0,104,0,52,0,52,0,0,0,4e-06,0.004,0.0,0.002,0.0,0.0,0.0
80,0,21760,0,272,0,272,0,0,0,59.478535,752.892875,0.0,376.4464375,1035.923438,0.0,517.961719
2,0,104,0,52,0,52,0,0,0,8e-06,0.008,0.0,0.004,0.0,0.0,0.0
2,0,222,0,111,0,111,0,0,0,1e-06,0.001,0.0,0.0005,0.0,0.0,0.0
2,0,220,0,110,0,110,0,0,0,4e-06,0.004,0.0,0.002,0.0,0.0,0.0
12,8,900,1064,75,133,75,133,0,0,0.64384,58.530908,84.232289,71.3815985,3755.107555,122.136086,1938.6218205
10,8,828,1268,83,159,83,159,0,0,0.437619,48.624333,53.25543,50.9398815,2486.71498,102.274023,1294.4945015
10,6,756,268,76,45,76,45,0,0,0.327481,34.954333,54.440602,44.6974675,2018.170604,93.790437,1055.9805205
2,0,210,0,105,0,105,0,0,0,8e-06,0.008,0.0,0.004,0.0,0.0,0.0
10,8,756,354,76,44,76,44,0,0,0.543537,57.685889,67.613859,62.649874000000004,3791.902154,120.306,1956.104077
22,16,1736,2442,79,153,79,153,0,0,36.649292,1745.204382,2437.78275,2091.493566,244410.4216,8852.264,126631.3428
2,0,226,0,113,0,113,0,0,0,8e-06,0.008,0.0,0.004,0.0,0.0,0.0
12,8,896,1066,75,133,75,133,0,0,0.672293,61.117545,84.26343,72.6904875,3773.611575,127.465531,1950.5385529999999
2,0,2128,0,1064,0,1064,0,0,0,1e-05,0.01,0.0,0.005,0.0,0.0,0.0
10,10,462,530,46,53,46,53,0,0,0.526927,58.547444,51.771445,55.1594445,3494.364748,100.283031,1797.3238895
10,8,826,1322,83,165,83,165,0,0,0.436945,48.549444,54.81057,51.680007,2453.91404,67.455414,1260.684727
10,6,756,268,76,45,76,45,0,0,0.451235,47.045444,74.291602,60.668523,2529.999837,118.360203,1324.18002
10,8,756,354,76,44,76,44,0,0,0.661595,67.591222,82.855141,75.22318150000001,4827.625574,114.674688,2471.150131
2,0,166,0,83,0,83,0,0,0,8e-06,0.008,0.0,0.004,0.0,0.0,0.0
30,20,14489,1906,483,95,483,95,0,0,2.277799,78.540725,113.317055,95.92889,4904.479746,160.446281,2532.4630134999998
10,8,756,354,76,44,76,44,0,0,0.423805,46.302222,57.125715,51.7139685,3095.331824,119.225672,1607.278748
286,62,368665,3666,1289,59,1289,59,0,0,5.130277,18.064356,82.594656,50.329506,1790.336744,90.085781,940.2112625
2,0,200,0,100,0,100,0,0,0,1e-05,0.01,0.0,0.005,0.0,0.0,0.0
10,8,564,354,56,44,56,44,0,0,2.123099,229.725556,291.995,260.860278,14195.39664,434.256281,7314.8264605
2,0,104,0,52,0,52,0,0,0,8e-06,0.008,0.0,0.004,0.0,0.0,0.0
2,0,200,0,100,0,100,0,0,0,1e-05,0.01,0.0,0.005,0.0,0.0,0.0
2,0,168,0,84,0,84,0,0,0,7e-06,0.007,0.0,0.0035,0.0,0.0,0.0
2,0,104,0,52,0,52,0,0,0,3e-06,0.003,0.0,0.0015,0.0,0.0,0.0
8,8,364,790,46,99,46,99,0,0,1.78412,254.778143,243.062719,248.920431,18360.38253,499.540313,9429.9614215
2,0,104,0,52,0,52,0,0,0,0.0,0.0,0.0,0.0,0.0,0.0,0.0
12,12,698,682,58,57,58,57,0,0,2.618374,238.034,225.060266,231.547133,17303.03075,452.642063,8877.8364065
10,8,824,1390,82,174,82,174,0,0,0.941739,104.637667,121.90143,113.2695485,5159.104412,210.604844,2684.854628
2,0,104,0,52,0,52,0,0,0,1e-06,0.001,0.0,0.0005,0.0,0.0,0.0
10,6,756,268,76,45,76,45,0,0,0.818326,90.741111,149.001,119.87105550000001,4997.365297,232.718672,2615.0419845
164,44,195768,2718,1194,62,1194,62,0,0,4.585421,28.131418,103.645141,65.8882795,3182.064317,158.309828,1670.1870724999999
80,0,8640,0,108,0,108,0,0,0,59.469406,794.258812,0.0,397.129406,978.922812,0.0,489.461406
80,0,8640,0,108,0,108,0,0,0,59.469406,794.258812,0.0,397.129406,978.922812,0.0,489.461406
2,0,104,0,52,0,52,0,0,0,4e-06,0.004,0.0,0.002,0.0,0.0,0.0
2,0,104,0,52,0,52,0,0,0,9e-06,0.009,0.0,0.0045,0.0,0.0,0.0
10,20,450,20702,45,1035,45,1035,0,0,1.739833,193.284889,87.357314,140.3211015,14462.75917,9934.436807,12198.5979885
2,0,104,0,52,0,52,0,0,0,8e-06,0.008,0.0,0.004,0.0,0.0,0.0
2,0,104,0,52,0,52,0,0,0,9e-06,0.009,0.0,0.0045,0.0,0.0,0.0
2,0,168,0,84,0,84,0,0,0,9e-06,0.009,0.0,0.0045,0.0,0.0,0.0
10,6,756,268,76,45,76,45,0,0,0.299277,33.142667,47.305398,40.2240325,1708.372132,78.868992,893.620562
2,0,104,0,52,0,52,0,0,0,8e-06,0.008,0.0,0.004,0.0,0.0,0.0
8,8,364,510,46,64,46,64,0,0,1.68225,240.321438,230.108141,235.2147895,17722.40039,495.596094,9108.998242
36,22,25334,1960,704,89,704,89,0,0,3.071191,87.748312,143.454719,115.6015155,5861.020654,171.539234,3016.279944
2,0,200,0,100,0,100,0,0,0,8e-06,0.008,0.0,0.004,0.0,0.0,0.0
10,12,820,8124,82,677,82,677,0,0,1.203151,133.613222,98.105091,115.85915650000001,6895.239978,7296.354501,7095.7972395
2,0,200,0,100,0,100,0,0,0,8e-06,0.008,0.0,0.004,0.0,0.0,0.0
10,8,1604,354,160,44,160,44,0,0,0.899374,96.592333,117.76943,107.1808815,6193.610355,181.578641,3187.594498
10,8,564,354,56,44,56,44,0,0,1.282687,142.422333,176.537859,159.480096,8852.296803,273.30225,4562.7995265
10,8,564,354,56,44,56,44,0,0,1.661257,181.522667,167.821719,174.672193,11050.98719,240.784891,5645.8860405
10,6,2514,268,251,45,251,45,0,0,0.638562,68.027111,114.451797,91.239454,3717.114961,179.396203,1948.2555820000002
10,14,800,10998,80,786,80,786,0,0,0.566085,62.898333,37.513924,50.206128500000005,3406.771914,2649.722642,3028.247278
22,0,2376,0,108,0,108,0,0,0,7.224219,370.975969,0.0,185.4879845,394.102156,0.0,197.051078
10,6,534,268,53,45,53,45,0,0,0.507194,9059.6808,15111.121,12085.4009,901688.5386,33607.64,467648.0893
2,0,1064,0,532,0,532,0,0,0,7e-06,0.007,0.0,0.0035,0.0,0.0,0.0
10,6,534,268,53,45,53,45,0,0,0.507194,9059.6808,15111.121,12085.4009,901688.5386,33607.64,467648.0893
2,0,104,0,52,0,52,0,0,0,8e-06,0.008,0.0,0.004,0.0,0.0,0.0
2,0,200,0,100,0,100,0,0,0,8e-06,0.008,0.0,0.004,0.0,0.0,0.0
2,0,1064,0,532,0,532,0,0,0,5e-06,0.005,0.0,0.0025,0.0,0.0,0.0
4,0,418,0,105,0,105,0,0,0,22.68646,7562.1535,0.0,3781.07675,10694.491,0.0,5347.2455
2,0,200,0,100,0,100,0,0,0,8e-06,0.008,0.0,0.004,0.0,0.0,0.0
12,12,572,682,48,57,48,57,0,0,1.042731,6080.5355,6080.4575,6080.4965,656558.8483,19873.908,338216.37815
2,0,200,0,100,0,100,0,0,0,8e-06,0.008,0.0,0.004,0.0,0.0,0.0
68,0,18496,0,272,0,272,0,0,0,59.744881,899.487062,0.0,449.743531,1010.908063,0.0,505.4540315
2,0,1064,0,532,0,532,0,0,0,5e-06,0.005,0.0,0.0025,0.0,0.0,0.0
2,0,200,0,100,0,100,0,0,0,8e-06,0.008,0.0,0.004,0.0,0.0,0.0
14,12,660,682,47,57,47,57,0,0,1.082192,83.245541,91.318,87.2817705,5022.548424,135.392844,2578.970634
2,0,200,0,100,0,100,0,0,0,8e-06,0.008,0.0,0.004,0.0,0.0,0.0
10,8,798,1064,80,133,80,133,0,0,0.720712,80.079111,92.15957,86.11934049999999,4374.793293,139.954156,2257.3737244999998
2,0,200,0,100,0,100,0,0,0,3e-06,0.003,0.0,0.0015,0.0,0.0,0.0
154,26,195010,1128,1266,43,1266,43,0,0,1.524209,10.027691,56.39,33.2088455,1156.020294,80.307336,618.163815
2,0,200,0,100,0,100,0,0,0,3e-06,0.003,0.0,0.0015,0.0,0.0,0.0
10,10,812,1142,81,114,81,114,0,0,0.964047,107.116333,95.973336,101.54483450000001,7171.80679,154.082875,3662.9448325
10,8,584,354,58,44,58,44,0,0,0.665002,73.889111,81.486711,77.687911,4094.819969,145.274984,2120.0474765
2,0,200,0,100,0,100,0,0,0,3e-06,0.003,0.0,0.0015,0.0,0.0,0.0
10,8,798,1074,80,134,80,134,0,0,0.887417,98.601889,106.505,102.5534445,5225.593935,199.072609,2712.333272
168,28,213111,1214,1269,43,1269,43,0,0,1.479307,8.737808,52.841891,30.7898495,1000.010193,75.187367,537.59878
2,0,200,0,100,0,100,0,0,0,5e-06,0.005,0.0,0.0025,0.0,0.0,0.0
10,6,2430,268,243,45,243,45,0,0,0.419561,46.556778,70.33,58.443388999999996,2339.80316,108.844211,1224.3236855
2,0,200,0,100,0,100,0,0,0,5e-06,0.005,0.0,0.0025,0.0,0.0,0.0
172,30,217655,1300,1265,43,1265,43,0,0,2.070405,12.173924,71.515891,41.8449075,1494.302402,107.974859,801.1386305
2,0,200,0,100,0,100,0,0,0,5e-06,0.005,0.0,0.0025,0.0,0.0,0.0
12,8,902,1306,75,163,75,163,0,0,0.927914,84.35582,121.39557,102.87569500000001,4883.215688,172.089266,2527.652477
42,22,31057,1758,739,80,739,80,0,0,1.8127,44.212196,83.970711,64.0914535,3123.158074,109.727617,1616.4428455
10,6,756,268,76,45,76,45,0,0,0.606569,61.123556,97.341,79.232278,3168.719535,147.700328,1658.2099315
10,8,564,354,56,44,56,44,0,0,1.027794,111.772667,139.887281,125.82997399999999,8350.014109,204.043219,4277.0286639999995
10,8,756,354,76,44,76,44,0,0,0.64367,68.360889,84.669141,76.515015,4492.672795,119.316227,2305.9945110000003
10,6,1148,268,115,45,115,45,0,0,0.482359,48.622444,72.115203,60.3688235,2763.40867,107.241711,1435.3251905
10,6,936,268,94,45,94,45,0,0,0.421833,43.763111,77.575602,60.669356500000006,2227.381712,117.266422,1172.324067
10,6,756,268,76,45,76,45,0,0,0.948795,102.010444,176.644797,139.32762050000002,5900.672393,290.478281,3095.5753369999998
10,8,808,1380,81,173,81,173,0,0,0.495573,55.063667,55.110285,55.086976,3213.738314,100.534047,1657.1361805000001
2,0,168,0,84,0,84,0,0,0,5e-06,0.005,0.0,0.0025,0.0,0.0,0.0
10,6,908,268,91,45,91,45,0,0,0.519793,54.387444,90.794398,72.59092100000001,2727.25931,135.137578,1431.1984439999999
2,0,200,0,100,0,100,0,0,0,8e-06,0.008,0.0,0.004,0.0,0.0,0.0
10,8,808,1102,81,138,81,138,0,0,0.773715,79.850444,99.55057,89.70050699999999,4253.693204,148.96225,2201.327727
2,0,200,0,100,0,100,0,0,0,8e-06,0.008,0.0,0.004,0.0,0.0,0.0
2,0,104,0,52,0,52,0,0,0,1e-06,0.001,0.0,0.0005,0.0,0.0,0.0
12,10,1008,782,84,78,84,78,0,0,0.627565,55.782363,63.807777,59.795069999999996,3852.231922,106.384609,1979.3082655
2,0,104,0,52,0,52,0,0,0,9e-06,0.009,0.0,0.0045,0.0,0.0,0.0
10,8,770,1360,77,170,77,170,0,0,0.470994,52.228556,60.18,56.204278,2585.565952,84.562,1335.063976
2,0,104,0,52,0,52,0,0,0,6e-06,0.006,0.0,0.003,0.0,0.0,0.0
14,6,7858,268,561,45,561,45,0,0,0.787054,55.214618,144.297594,99.756106,3453.989898,216.870297,1835.4300974999999
10,8,564,354,56,44,56,44,0,0,0.78749,82.415111,103.449289,92.9322,5839.840708,144.395391,2992.1180495
18,16,1012,703,56,44,56,44,0,0,1.046478,61.502706,66.053,63.777853,2894.032023,78.876977,1486.4545
20,20,944,3700,47,185,47,185,0,0,1.727798,90.936736,86.191055,88.5638955,4327.879309,99.114305,2213.496807
10,10,816,3704,82,370,82,370,0,0,0.448308,49.812,45.627778,47.719888999999995,2475.865896,2998.259059,2737.0624774999997
2,0,200,0,100,0,100,0,0,0,8e-06,0.008,0.0,0.004,0.0,0.0,0.0
10,6,918,268,92,45,92,45,0,0,0.264756,26.682667,43.120801,34.901734,1413.424009,61.831719,737.627864
10,8,2516,354,252,44,252,44,0,0,1.214463,131.184333,154.309,142.7466665,7670.475884,221.689297,3946.0825905
2,0,200,0,100,0,100,0,0,0,9e-06,0.009,0.0,0.0045,0.0,0.0,0.0
2,0,168,0,84,0,84,0,0,0,5e-06,0.005,0.0,0.0025,0.0,0.0,0.0
2,0,200,0,100,0,100,0,0,0,9e-06,0.009,0.0,0.0045,0.0,0.0,0.0
10,8,2516,354,252,44,252,44,0,0,0.96605,107.228889,124.832859,116.030874,6167.769512,221.885281,3194.8273965
10,8,564,354,56,44,56,44,0,0,0.656971,70.862778,89.710711,80.2867445,5480.782458,132.817594,2806.800026
2,0,200,0,100,0,100,0,0,0,9e-06,0.009,0.0,0.0045,0.0,0.0,0.0
10,6,534,268,53,45,53,45,0,0,0.946291,102.092667,171.989406,137.04103650000002,5597.182221,289.720594,2943.4514075
10,6,2516,268,252,45,252,45,0,0,0.577641,64.072778,98.926,81.49938900000001,3084.718286,148.052672,1616.3854789999998
10,6,652,268,65,45,65,45,0,0,0.197986,20.205222,33.603602,26.904412,1001.314225,47.629953,524.472089
2,0,640,0,320,0,320,0,0,0,4e-06,0.004,0.0,0.002,0.0,0.0,0.0
16,52,1050,61603,66,1185,66,1185,0,0,0.50162,33.384201,9.259725,21.321962999999997,1602.840105,1037.064747,1319.9524259999998
10,14,802,7394,80,528,80,528,0,0,0.746223,82.813333,54.131075,68.472204,5571.99333,3899.877393,4735.9353615
2,0,184,0,92,0,92,0,0,0,8e-06,0.008,0.0,0.004,0.0,0.0,0.0
12,8,539,444,45,56,45,56,0,0,0.79576,72.341821,106.19343,89.26762550000001,4539.265786,173.626125,2356.4459555
10,8,2516,354,252,44,252,44,0,0,0.680096,73.161,88.870289,81.01564450000001,4519.916307,141.275109,2330.5957080000003
10,8,858,1348,86,169,86,169,0,0,0.348008,38.667556,44.148285,41.4079205,2028.110799,64.37841,1046.2446045
2,0,640,0,320,0,320,0,0,0,4e-06,0.004,0.0,0.002,0.0,0.0,0.0
10,6,618,268,62,45,62,45,0,0,0.311507,32.561444,49.803801,41.1826225,1736.09657,77.616391,906.8564805
10,8,534,354,53,44,53,44,0,0,1.116145,119.972889,144.813422,132.3931555,6802.618479,224.808922,3513.7137005
10,6,542,268,54,45,54,45,0,0,0.495896,53.303889,88.054602,70.67924550000001,2819.965144,146.927687,1483.4464154999998
62,26,59588,2118,961,81,961,81,0,0,1.824011,29.90182,69.081039,49.4914295,2494.692001,90.420594,1292.5562975
2,0,200,0,100,0,100,0,0,0,9e-06,0.009,0.0,0.0045,0.0,0.0,0.0
12,10,1382,2936,115,294,115,294,0,0,0.604784,54.980365,63.346223,59.163294,2926.728346,89.620961,1508.1746535
2,0,200,0,100,0,100,0,0,0,9e-06,0.009,0.0,0.0045,0.0,0.0,0.0
10,6,1036,268,104,45,104,45,0,0,0.453193,40.614,84.941797,62.77789849999999,2081.809966,114.550711,1098.1803384999998
2,0,200,0,100,0,100,0,0,0,9e-06,0.009,0.0,0.0045,0.0,0.0,0.0
10,8,684,354,68,44,68,44,0,0,0.614854,64.852778,75.794711,70.3237445,4329.308274,111.417961,2220.3631175
2,0,200,0,100,0,100,0,0,0,9e-06,0.009,0.0,0.0045,0.0,0.0,0.0
10,6,574,268,57,45,57,45,0,0,0.460413,51.056667,75.489398,63.2730325,2542.57947,109.634563,1326.1070165
10,8,810,1248,81,156,81,156,0,0,1.055514,131.939244,144.281281,138.1102625,7258.004666,293.323688,3775.664177
10,6,534,268,53,45,53,45,0,0,0.729098,80.898556,123.063,101.980778,4297.388381,210.702906,2254.0456435
2,0,200,0,100,0,100,0,0,0,8e-06,0.008,0.0,0.004,0.0,0.0,0.0
10,6,602,268,60,45,60,45,0,0,0.542448,60.160778,93.044797,76.6027875,2889.107076,134.130953,1511.6190144999998
10,8,2516,354,252,44,252,44,0,0,0.816704,86.595444,100.613711,93.6045775,4851.742229,176.153156,2513.9476925000004
2,0,200,0,100,0,100,0,0,0,8e-06,0.008,0.0,0.004,0.0,0.0,0.0
10,12,762,4308,76,359,76,359,0,0,0.686911,76.323444,54.773456,65.54845,4923.372703,3931.940776,4427.6567395
10,6,2516,268,252,45,252,45,0,0,0.787657,87.517444,140.438594,113.97801899999999,4331.683002,222.623734,2277.153368
2,0,200,0,100,0,100,0,0,0,8e-06,0.008,0.0,0.004,0.0,0.0,0.0
24,20,4775,1856,199,93,199,93,0,0,1.490321,64.796568,75.267578,70.032073,3283.661205,86.990984,1685.3260945
2,0,200,0,100,0,100,0,0,0,3e-06,0.003,0.0,0.0015,0.0,0.0,0.0
2,0,168,0,84,0,84,0,0,0,9e-06,0.009,0.0,0.0045,0.0,0.0,0.0
2,0,196,0,98,0,98,0,0,0,4e-06,0.004,0.0,0.002,0.0,0.0,0.0
2,0,200,0,100,0,100,0,0,0,3e-06,0.003,0.0,0.0015,0.0,0.0,0.0
10,12,878,9164,88,764,88,764,0,0,0.426554,47.303556,33.828456,40.566006,2415.705105,2302.065044,2358.8850745
2,0,234,0,117,0,117,0,0,0,6e-06,0.006,0.0,0.003,0.0,0.0,0.0
2,0,200,0,100,0,100,0,0,0,3e-06,0.003,0.0,0.0015,0.0,0.0,0.0
2,0,2898,0,1449,0,1449,0,0,0,5e-06,0.005,0.0,0.0025,0.0,0.0,0.0
2,0,200,0,100,0,100,0,0,0,8e-06,0.008,0.0,0.004,0.0,0.0,0.0
92,30,99392,2350,1080,78,1080,78,0,0,1.905183,21.1687,63.81793,42.493314999999996,2141.723968,99.215703,1120.4698354999998
2,0,200,0,100,0,100,0,0,0,8e-06,0.008,0.0,0.004,0.0,0.0,0.0
10,8,632,354,63,44,63,44,0,0,0.67165,74.535778,86.370711,80.4532445,4207.868094,147.911594,2177.8898440000003
2,0,200,0,100,0,100,0,0,0,8e-06,0.008,0.0,0.004,0.0,0.0,0.0
96,30,105316,2266,1097,76,1097,76,0,0,1.707228,17.965001,57.290863,37.627932,1575.688784,64.961512,820.325148
2,0,200,0,100,0,100,0,0,0,6e-06,0.006,0.0,0.003,0.0,0.0,0.0
2,0,200,0,100,0,100,0,0,0,6e-06,0.006,0.0,0.003,0.0,0.0,0.0
2,0,754,0,377,0,377,0,0,0,5e-06,0.005,0.0,0.0025,0.0,0.0,0.0
2,0,200,0,100,0,100,0,0,0,6e-06,0.006,0.0,0.003,0.0,0.0,0.0
2,0,2962,0,1481,0,1481,0,0,0,1e-05,0.01,0.0,0.005,0.0,0.0,0.0
2,0,200,0,100,0,100,0,0,0,6e-06,0.006,0.0,0.003,0.0,0.0,0.0
10,8,564,354,56,44,56,44,0,0,1.093625,116.839444,148.873281,132.8563625,8911.085555,210.490281,4560.787918
2,0,200,0,100,0,100,0,0,0,9e-06,0.009,0.0,0.0045,0.0,0.0,0.0
2,0,200,0,100,0,100,0,0,0,9e-06,0.009,0.0,0.0045,0.0,0.0,0.0
1,0,60,0,60,0,60,0,0,0,1.4e-05,0.0,0.0,0.0,0.0,0.0,0.0
2,0,200,0,100,0,100,0,0,0,9e-06,0.009,0.0,0.0045,0.0,0.0,0.0
14,10,774,556,55,56,55,56,0,0,0.497039,36.306309,48.983109,42.644709,1866.075286,59.284945,962.6801155
1,0,60,0,60,0,60,0,0,0,1.4e-05,0.0,0.0,0.0,0.0,0.0,0.0
2,0,200,0,100,0,100,0,0,0,9e-06,0.009,0.0,0.0045,0.0,0.0,0.0
1,0,60,0,60,0,60,0,0,0,1.1e-05,0.0,0.0,0.0,0.0,0.0,0.0
2,0,200,0,100,0,100,0,0,0,9e-06,0.009,0.0,0.0045,0.0,0.0,0.0
1,0,60,0,60,0,60,0,0,0,1.1e-05,0.0,0.0,0.0,0.0,0.0,0.0
2,0,200,0,100,0,100,0,0,0,9e-06,0.009,0.0,0.0045,0.0,0.0,0.0
1,0,60,0,60,0,60,0,0,0,1.1e-05,0.0,0.0,0.0,0.0,0.0,0.0
1,0,60,0,60,0,60,0,0,0,4e-05,0.0,0.0,0.0,0.0,0.0,0.0
2,0,200,0,100,0,100,0,0,0,9e-06,0.009,0.0,0.0045,0.0,0.0,0.0
1,0,60,0,60,0,60,0,0,0,4e-05,0.0,0.0,0.0,0.0,0.0,0.0
2,0,200,0,100,0,100,0,0,0,9e-06,0.009,0.0,0.0045,0.0,0.0,0.0
1,0,60,0,60,0,60,0,0,0,4e-05,0.0,0.0,0.0,0.0,0.0,0.0
14,10,774,556,55,56,55,56,0,0,0.760827,63.402249,79.385445,71.393847,3124.960852,102.731313,1613.8460825000002
8,0,480,0,60,0,60,0,0,0,1.089362,155.623141,0.0,77.8115705,372.314781,0.0,186.1573905
2,0,200,0,100,0,100,0,0,0,8e-06,0.008,0.0,0.004,0.0,0.0,0.0
8,0,480,0,60,0,60,0,0,0,1.089362,155.623141,0.0,77.8115705,372.314781,0.0,186.1573905
2,0,200,0,100,0,100,0,0,0,8e-06,0.008,0.0,0.004,0.0,0.0,0.0
8,0,480,0,60,0,60,0,0,0,1.089362,155.623141,0.0,77.8115705,372.314781,0.0,186.1573905
12,10,1330,2084,111,208,111,208,0,0,0.676582,61.507452,66.110664,63.809058,3062.480074,78.02957,1570.254822
2,0,1064,0,532,0,532,0,0,0,1e-05,0.01,0.0,0.005,0.0,0.0,0.0
2,0,78,0,39,0,39,0,0,0,3e-06,0.003,0.0,0.0015,0.0,0.0,0.0
2,0,200,0,100,0,100,0,0,0,3e-06,0.003,0.0,0.0015,0.0,0.0,0.0
2,0,1064,0,532,0,532,0,0,0,1e-05,0.01,0.0,0.005,0.0,0.0,0.0
2,0,78,0,39,0,39,0,0,0,3e-06,0.003,0.0,0.0015,0.0,0.0,0.0
2,0,200,0,100,0,100,0,0,0,3e-06,0.003,0.0,0.0015,0.0,0.0,0.0
10,6,756,268,76,45,76,45,0,0,0.508663,56.518111,95.501,76.0095555,3484.739997,165.629063,1825.18453
22,20,5374,1792,244,90,244,90,0,0,1.460815,69.562618,73.437055,71.4998365,3547.305929,90.919047,1819.112488
2,0,200,0,100,0,100,0,0,0,9e-06,0.009,0.0,0.0045,0.0,0.0,0.0
10,6,618,268,62,45,62,45,0,0,0.503983,10367.425,17281.518,13824.4715,1032081.011,38450.888,535265.9495
14,10,774,556,55,56,55,56,0,0,0.605917,48.552667,62.039332,55.2959995,2421.286382,83.958672,1252.622527
2,0,200,0,100,0,100,0,0,0,9e-06,0.009,0.0,0.0045,0.0,0.0,0.0
14,10,774,556,55,56,55,56,0,0,0.875831,67.371613,89.278445,78.325029,3408.943668,129.477578,1769.210623
2,0,200,0,100,0,100,0,0,0,9e-06,0.009,0.0,0.0045,0.0,0.0,0.0
30,20,16870,1636,562,82,562,82,0,0,2.240967,77.274725,111.425211,94.349968,5144.502883,142.853813,2643.678348
2,0,200,0,100,0,100,0,0,0,9e-06,0.009,0.0,0.0045,0.0,0.0,0.0
2,0,78,0,39,0,39,0,0,0,1e-06,0.001,0.0,0.0005,0.0,0.0,0.0
2,0,200,0,100,0,100,0,0,0,9e-06,0.009,0.0,0.0045,0.0,0.0,0.0
14,12,774,642,55,54,55,54,0,0,0.865465,66.574228,71.187094,68.880661,4139.537425,105.711234,2122.6243295000004
84,16,101824,698,1212,44,1212,44,0,0,1.111721,13.394229,70.169602,41.7819155,1405.524346,83.305367,744.4148564999999
2,0,200,0,100,0,100,0,0,0,3e-06,0.003,0.0,0.0015,0.0,0.0,0.0
10,8,1484,354,148,44,148,44,0,0,0.871124,85.286889,113.871,99.5789445,5408.448521,175.811375,2792.1299480000002
2,0,200,0,100,0,100,0,0,0,3e-06,0.003,0.0,0.0015,0.0,0.0,0.0
2,0,78,0,39,0,39,0,0,0,1e-05,0.01,0.0,0.005,0.0,0.0,0.0
2,0,198,0,99,0,99,0,0,0,8e-06,0.008,0.0,0.004,0.0,0.0,0.0
2,0,200,0,100,0,100,0,0,0,3e-06,0.003,0.0,0.0015,0.0,0.0,0.0
2,0,78,0,39,0,39,0,0,0,7e-06,43706.568,0.0,21853.284,43706.556,0.0,21853.278
2,0,200,0,100,0,100,0,0,0,3e-06,0.003,0.0,0.0015,0.0,0.0,0.0
14,10,774,556,55,56,55,56,0,0,0.68725,50.805923,69.942445,60.374184,2603.88673,81.888672,1342.887701
2,0,78,0,39,0,39,0,0,0,8e-06,0.008,0.0,0.004,0.0,0.0,0.0
54,24,49872,1914,924,80,924,80,0,0,2.154153,40.644397,90.121047,65.382722,3836.356241,142.394078,1989.3751594999999
30,96,2894,124694,96,1299,96,1299,0,0,2.563068,88.381654,26.311757,57.3467055,4711.895702,2861.015807,3786.4557545
2,0,200,0,100,0,100,0,0,0,6e-06,0.006,0.0,0.003,0.0,0.0,0.0
10,6,1078,268,108,45,108,45,0,0,0.653652,67.256889,109.885203,88.571046,3564.327147,161.380719,1862.8539329999999
10,6,1150,268,115,45,115,45,0,0,0.550958,59.343889,94.344203,76.84404599999999,3097.532338,153.826625,1625.6794815
2,0,200,0,100,0,100,0,0,0,9e-06,0.009,0.0,0.0045,0.0,0.0,0.0
2,0,168,0,84,0,84,0,0,0,9e-06,0.009,0.0,0.0045,0.0,0.0,0.0
2,0,200,0,100,0,100,0,0,0,9e-06,0.009,0.0,0.0045,0.0,0.0,0.0
2,0,200,0,100,0,100,0,0,0,9e-06,0.009,0.0,0.0045,0.0,0.0,0.0
10,6,756,268,76,45,76,45,0,0,0.400544,41.276889,63.740398,52.5086435,2219.677583,98.634258,1159.1559205
2,0,200,0,100,0,100,0,0,0,5e-06,0.005,0.0,0.0025,0.0,0.0,0.0
10,6,1468,268,147,45,147,45,0,0,0.464351,47.958111,87.992602,67.9753565,2505.879539,138.855734,1322.3676365000001
10,8,774,354,77,44,77,44,0,0,1.447233,156.619667,199.437141,178.028404,11778.25104,300.245687,6039.2483635
10,8,756,354,76,44,76,44,0,0,0.651064,69.843333,83.096859,76.470096,4602.700454,122.860633,2362.7805435
10,8,814,1828,81,229,81,229,0,0,0.441516,49.057333,52.943145,51.000239,2494.545848,82.506047,1288.5259475
24,22,1252,1658,52,75,52,75,0,0,2.205362,95.885307,102.337187,99.11124699999999,5027.65145,5697.631289,5362.6413695
10,6,756,268,76,45,76,45,0,0,0.519357,55.314222,80.484602,67.899412,2823.477091,119.305102,1471.3910965
10,8,564,354,56,44,56,44,0,0,0.760143,84.460333,106.52043,95.49038150000001,5912.029916,146.933266,3029.481591
60,14,68469,612,1141,44,1141,44,0,0,0.607273,9.857559,45.589309,27.723434,1078.405979,62.373449,570.3897139999999
10,8,756,354,76,44,76,44,0,0,0.670973,68.754778,86.037289,77.3960335,4640.174898,119.768539,2379.9717185
10,6,822,268,82,45,82,45,0,0,0.201102,20.229222,38.419398,29.32431,1069.664112,63.016879,566.3404955
10,8,564,354,56,44,56,44,0,0,0.713905,77.696,99.227711,88.4618555,6119.792794,149.587516,3134.690155
10,8,798,1212,80,152,80,152,0,0,0.287425,31.936111,39.81143,35.8737705,1607.620049,54.707824,831.1639365000001
14,32,1002,35896,72,1122,72,1122,0,0,0.426691,32.822383,11.887193,22.354788,2106.190668,1415.839361,1761.0150145000002
10,6,756,268,76,45,76,45,0,0,0.702315,75.605,122.311398,98.95819900000001,4050.195389,205.108922,2127.6521555
28,92,1442,102092,52,1110,52,1110,0,0,0.93684,34.697777,10.3266,22.5121885,1699.473129,940.851477,1320.162303
2,0,200,0,100,0,100,0,0,0,9e-06,0.009,0.0,0.0045,0.0,0.0,0.0
2,0,168,0,84,0,84,0,0,0,9e-06,0.009,0.0,0.0045,0.0,0.0,0.0
10,8,818,1196,82,150,82,150,0,0,0.412557,45.741556,49.013,47.377278000000004,2276.456842,60.075516,1168.266179
10,8,564,354,56,44,56,44,0,0,0.624891,69.031111,88.182859,78.606985,5435.591213,138.235656,2786.9134344999998
2,0,200,0,100,0,100,0,0,0,3e-06,0.003,0.0,0.0015,0.0,0.0,0.0
10,8,810,1760,81,220,81,220,0,0,0.271638,30.182,37.61557,33.898785,1479.325425,54.271164,766.7982945
2,0,200,0,100,0,100,0,0,0,3e-06,0.003,0.0,0.0015,0.0,0.0,0.0
10,8,564,354,56,44,56,44,0,0,0.677835,75.315,95.285289,85.3001445,5474.657914,136.048062,2805.352988
10,8,846,1446,85,181,85,181,0,0,0.221136,24.570667,29.839857,27.205261999999998,1336.190507,53.776773,694.98364
10,12,884,7622,88,635,88,635,0,0,0.209058,23.228667,17.222636,20.2256515,1156.628469,1557.076338,1356.8524035
22,38,1052,28844,48,759,48,759,0,0,0.805472,38.355808,21.544189,29.9499985,1889.681064,1425.078638,1657.3798510000001
10,8,564,354,56,44,56,44,0,0,0.637165,70.270333,89.918,80.0941665,5531.058034,140.2,2835.6290169999997
16,14,2098,1930,131,138,131,138,0,0,0.59458,39.638666,44.548539,42.0936025,1928.221838,54.164332,991.193085
18,10,12254,3404,681,340,681,340,0,0,0.294789,16.289,31.951445,24.1202225,1149.439482,42.90175,596.170616
2,0,168,0,84,0,84,0,0,0,6e-06,0.006,0.0,0.003,0.0,0.0,0.0
20,20,962,2486,48,124,48,124,0,0,0.851073,44.793315,44.379527,44.586421,2123.837246,49.394984,1086.616115
2,0,104,0,52,0,52,0,0,0,5e-06,0.005,0.0,0.0025,0.0,0.0,0.0
12,10,570,1226,48,123,48,123,0,0,0.340529,30.957182,36.455777,33.7064795,1652.345693,56.341398,854.3435455
10,8,854,354,85,44,85,44,0,0,0.904376,97.881444,113.756289,105.8188665,6366.63972,165.056016,3265.847868
10,18,450,17668,45,982,45,982,0,0,0.352541,39.171222,20.004883,29.5880525,3037.990501,2376.363263,2707.176882
10,6,828,268,83,45,83,45,0,0,0.629369,59.484111,113.393,86.4385555,3106.194533,148.634437,1627.414485
2,0,200,0,100,0,100,0,0,0,8e-06,0.008,0.0,0.004,0.0,0.0,0.0
2,0,200,0,100,0,100,0,0,0,8e-06,0.008,0.0,0.004,0.0,0.0,0.0
2,0,104,0,52,0,52,0,0,0,2e-06,0.002,0.0,0.001,0.0,0.0,0.0
2,0,104,0,52,0,52,0,0,0,8e-06,0.008,0.0,0.004,0.0,0.0,0.0
2,0,1064,0,532,0,532,0,0,0,1e-05,0.01,0.0,0.005,0.0,0.0,0.0
8,10,364,3754,46,375,46,375,0,0,0.558274,79.753431,56.275667,68.014549,5506.120038,5057.912351,5282.0161945
2,0,104,0,52,0,52,0,0,0,9e-06,0.009,0.0,0.0045,0.0,0.0,0.0
2,0,168,0,84,0,84,0,0,0,9e-06,0.009,0.0,0.0045,0.0,0.0,0.0
12,10,3146,858,262,86,262,86,0,0,0.790975,69.678092,83.124,76.40104600000001,4718.658654,111.970922,2415.314788
2,0,200,0,100,0,100,0,0,0,3e-06,0.003,0.0,0.0015,0.0,0.0,0.0
2,0,440,0,220,0,220,0,0,0,9e-06,0.009,0.0,0.0045,0.0,0.0,0.0
2,0,200,0,100,0,100,0,0,0,3e-06,0.003,0.0,0.0015,0.0,0.0,0.0
2,0,440,0,220,0,220,0,0,0,9e-06,0.009,0.0,0.0045,0.0,0.0,0.0
2,0,200,0,100,0,100,0,0,0,3e-06,0.003,0.0,0.0015,0.0,0.0,0.0
2,0,440,0,220,0,220,0,0,0,9e-06,0.009,0.0,0.0045,0.0,0.0,0.0
2,0,200,0,100,0,100,0,0,0,9e-06,0.009,0.0,0.0045,0.0,0.0,0.0
10,8,762,1358,76,170,76,170,0,0,0.228691,25.410111,29.859715,27.634913,1375.859785,52.66009,714.2599375000001
2,0,200,0,100,0,100,0,0,0,9e-06,0.009,0.0,0.0045,0.0,0.0,0.0
2,0,168,0,84,0,84,0,0,0,9e-06,0.009,0.0,0.0045,0.0,0.0,0.0
10,8,828,1000,83,125,83,125,0,0,0.2196,24.4,29.807857,27.1039285,1324.978061,53.793242,689.3856515
10,8,1060,354,106,44,106,44,0,0,1.669582,184.922222,237.505141,211.2136815,12006.98712,402.395406,6204.691263
2,0,168,0,84,0,84,0,0,0,9e-06,0.009,0.0,0.0045,0.0,0.0,0.0
18,0,2858,0,159,0,159,0,0,0,1.534596,90.270352,0.0,45.135176,179.918469,0.0,89.9592345
12,18,930,17560,78,976,78,976,0,0,0.721047,65.456909,39.579293,52.518101,4158.899822,4364.644029,4261.7719255
2,0,200,0,100,0,100,0,0,0,8e-06,0.008,0.0,0.004,0.0,0.0,0.0
20,22,1116,1626,56,74,56,74,0,0,0.925374,48.703896,43.569666,46.136781,2710.555303,2554.956591,2632.755947
2,0,200,0,100,0,100,0,0,0,8e-06,0.008,0.0,0.004,0.0,0.0,0.0
2,0,168,0,84,0,84,0,0,0,9e-06,0.009,0.0,0.0045,0.0,0.0,0.0
16,12,2128,642,133,54,133,54,0,0,1.693483,112.898869,140.994547,126.946708,6328.033057,217.989219,3273.011138
10,8,872,2698,87,337,87,337,0,0,0.221475,24.608333,30.172572,27.3904525,1350.194166,54.58682,702.390493
30,10,28740,522,958,52,958,52,0,0,0.305005,9.98531,32.990777,21.4880435,857.870635,53.412223,455.641429
12,8,1066,750,89,94,89,94,0,0,0.653471,56.867908,82.78457,69.826239,2849.322167,118.816594,1484.0693804999999
10,8,1278,1832,128,229,128,229,0,0,0.288061,32.006778,40.132,36.069389,1581.580437,55.545727,818.563082
2,0,198,0,99,0,99,0,0,0,8e-06,0.008,0.0,0.004,0.0,0.0,0.0
2,0,432,0,216,0,216,0,0,0,9e-06,0.009,0.0,0.0045,0.0,0.0,0.0
10,6,944,268,94,45,94,45,0,0,0.203563,21.248444,36.18,28.714222,1110.990649,53.278574,582.1346115
2,0,1556,0,778,0,778,0,0,0,1e-05,0.01,0.0,0.005,0.0,0.0,0.0
2,0,942,0,471,0,471,0,0,0,6e-06,0.006,0.0,0.003,0.0,0.0,0.0
26,20,12784,1630,492,82,492,82,0,0,0.720128,28.80512,37.270844,33.037982,1618.39038,46.968672,832.679526
10,6,1154,268,115,45,115,45,0,0,0.205787,21.443556,39.713,30.578278,1148.553013,69.1505,608.8517565
2,0,200,0,100,0,100,0,0,0,6e-06,0.006,0.0,0.003,0.0,0.0,0.0
10,8,796,1122,80,140,80,140,0,0,0.684939,76.104333,83.27543,79.6898815,3735.295199,104.870188,1920.0826935
10,6,780,268,78,45,78,45,0,0,0.190014,19.334778,36.538801,27.9367895,1031.682144,61.62366,546.652902
2,0,200,0,100,0,100,0,0,0,6e-06,0.006,0.0,0.003,0.0,0.0,0.0
14,36,968,41902,69,1164,69,1164,0,0,0.318703,24.515615,8.897086,16.7063505,1224.480427,1015.622311,1120.051369
2,0,200,0,100,0,100,0,0,0,6e-06,0.006,0.0,0.003,0.0,0.0,0.0
2,0,336,0,168,0,168,0,0,0,9e-06,0.009,0.0,0.0045,0.0,0.0,0.0
2,0,200,0,100,0,100,0,0,0,3e-06,0.003,0.0,0.0015,0.0,0.0,0.0
112,704,5336,914585,48,1299,48,1299,0,0,4.220175,38.019594,6.018007,22.018800499999998,2054.591491,861.512891,1458.052191
2,0,200,0,100,0,100,0,0,0,3e-06,0.003,0.0,0.0015,0.0,0.0,0.0
2,0,168,0,84,0,84,0,0,0,6e-06,0.006,0.0,0.003,0.0,0.0,0.0
2,0,200,0,100,0,100,0,0,0,8e-06,0.008,0.0,0.004,0.0,0.0,0.0
10,6,1236,268,124,45,124,45,0,0,0.203798,21.007556,38.981398,29.994477,1134.961847,66.7865,600.8741735
2,0,200,0,100,0,100,0,0,0,8e-06,0.008,0.0,0.004,0.0,0.0,0.0
12,10,884,1398,74,140,74,140,0,0,0.873843,87.320199,91.341336,89.33076750000001,6320.084328,135.156031,3227.6201795
2,0,1064,0,532,0,532,0,0,0,1e-05,0.01,0.0,0.005,0.0,0.0,0.0
10,6,1076,268,108,45,108,45,0,0,0.217333,22.337111,39.030602,30.6838565,1154.203393,59.26259,606.7329915
2,0,200,0,100,0,100,0,0,0,8e-06,0.008,0.0,0.004,0.0,0.0,0.0
18,58,1162,68413,65,1180,65,1180,0,0,0.718296,42.252706,11.627579,26.9401425,2254.027137,1312.680623,1783.3538800000001
2,0,1064,0,532,0,532,0,0,0,5e-06,0.005,0.0,0.0025,0.0,0.0,0.0
2,0,200,0,100,0,100,0,0,0,8e-06,0.008,0.0,0.004,0.0,0.0,0.0
10,8,808,1272,81,159,81,159,0,0,0.627338,69.704222,82.49257,76.09839600000001,4199.330132,106.270219,2152.8001755
40,0,10880,0,272,0,272,0,0,0,7.85664,201.452313,0.0,100.7261565,234.329656,0.0,117.164828
2,0,200,0,100,0,100,0,0,0,8e-06,0.008,0.0,0.004,0.0,0.0,0.0
40,0,10880,0,272,0,272,0,0,0,7.85664,201.452313,0.0,100.7261565,234.329656,0.0,117.164828
2,0,200,0,100,0,100,0,0,0,8e-06,0.008,0.0,0.004,0.0,0.0,0.0
40,0,10880,0,272,0,272,0,0,0,7.85664,201.452313,0.0,100.7261565,234.329656,0.0,117.164828
2,0,200,0,100,0,100,0,0,0,8e-06,0.008,0.0,0.004,0.0,0.0,0.0
2,0,200,0,100,0,100,0,0,0,8e-06,0.008,0.0,0.004,0.0,0.0,0.0
40,0,10880,0,272,0,272,0,0,0,7.85664,201.452313,0.0,100.7261565,234.329656,0.0,117.164828
40,0,10880,0,272,0,272,0,0,0,7.85664,201.452313,0.0,100.7261565,234.329656,0.0,117.164828
12,10,2026,842,169,84,169,84,0,0,1.024308,93.034456,105.695891,99.3651735,5750.119027,166.938359,2958.5286929999997
10,6,844,268,84,45,84,45,0,0,0.553205,53.258,104.002398,78.630199,2975.463186,159.368625,1567.4159055
20,22,1104,1658,55,75,55,75,0,0,1.048941,55.156896,49.577952,52.367424,2801.793101,2582.718007,2692.2555540000003
20,20,2608,1686,130,84,130,84,0,0,1.190557,62.612211,60.823316,61.717763500000004,3147.592242,77.338664,1612.465453
8,8,364,708,46,89,46,89,0,0,0.376044,53.720573,51.847285,52.783929,3683.799705,116.167906,1899.9838055
12,8,4200,354,350,44,350,44,0,0,0.708129,62.922272,96.258141,79.5902065,4620.266906,140.863359,2380.5651325
12,10,2026,810,169,81,169,81,0,0,0.662393,59.107455,68.72,63.9137275,3707.876198,113.139641,1910.5079195
2,0,200,0,100,0,100,0,0,0,8e-06,0.008,0.0,0.004,0.0,0.0,0.0
20,20,968,3890,48,195,48,195,0,0,0.727993,38.31542,37.750684,38.033052,1888.202162,45.837492,967.0198270000001
10,8,564,354,56,44,56,44,0,0,0.79001,82.971667,105.520711,94.246189,5910.459241,151.727969,3031.0936049999996
12,10,3050,802,254,80,254,80,0,0,0.737076,67.006909,71.890891,69.4489,4256.172154,111.854242,2184.013198
2,0,200,0,100,0,100,0,0,0,8e-06,0.008,0.0,0.004,0.0,0.0,0.0
2,0,168,0,84,0,84,0,0,0,9e-06,0.009,0.0,0.0045,0.0,0.0,0.0
2,0,200,0,100,0,100,0,0,0,8e-06,0.008,0.0,0.004,0.0,0.0,0.0
10,8,820,354,82,44,82,44,0,0,0.486034,52.731111,64.89357,58.8123405,3698.000351,122.46368,1910.2320155
20,20,3392,1658,170,83,170,83,0,0,0.784152,41.271158,40.151578,40.711368,2001.323075,48.194387,1024.758731
2,0,1064,0,532,0,532,0,0,0,1.2e-05,0.012,0.0,0.006,0.0,0.0,0.0
2,0,168,0,84,0,84,0,0,0,3.8e-05,0.038,0.0,0.019,0.0,0.0,0.0
12,8,1154,1452,96,182,96,182,0,0,0.273235,24.839545,37.485145,31.162345000000002,1288.087092,58.194336,673.140714
10,8,802,1170,80,146,80,146,0,0,0.367402,40.822444,46.417855,43.6201495,2037.771659,65.649781,1051.71072
26,10,26462,1348,1018,135,1018,135,0,0,0.352227,14.08908,37.444445,25.7667625,1159.784882,53.948621,606.8667515
2,0,200,0,100,0,100,0,0,0,3e-06,0.003,0.0,0.0015,0.0,0.0,0.0
10,8,564,354,56,44,56,44,0,0,0.670717,73.362333,94.792,84.0771665,5696.356405,138.841594,2917.5989995
10,8,564,354,56,44,56,44,0,0,0.643108,69.866333,90.24543,80.0558815,5462.929979,137.622828,2800.2764034999996
2,0,200,0,100,0,100,0,0,0,3e-06,0.003,0.0,0.0015,0.0,0.0,0.0
20,22,1084,1610,54,73,54,73,0,0,1.016602,53.50537,48.039476,50.772423,2788.174962,2568.750039,2678.4625005
2,0,200,0,100,0,100,0,0,0,3e-06,0.003,0.0,0.0015,0.0,0.0,0.0
10,16,794,13196,79,825,79,825,0,0,0.242006,26.889556,15.655533,21.2725445,1286.925143,1428.247594,1357.5863685
10,6,896,268,90,45,90,45,0,0,0.187565,19.236778,35.971199,27.6039885,1029.31099,61.421297,545.3661435
10,10,844,1050,84,105,84,105,0,0,0.401872,44.652444,41.373445,43.0129445,3045.743163,91.808055,1568.775609
2,0,200,0,100,0,100,0,0,0,2e-06,0.002,0.0,0.001,0.0,0.0,0.0
10,10,802,3590,80,359,80,359,0,0,0.24717,27.463333,25.762778,26.6130555,1504.844404,1850.357452,1677.6009279999998
2,0,1064,0,532,0,532,0,0,0,1.1e-05,0.011,0.0,0.0055,0.0,0.0,0.0
2,0,440,0,220,0,220,0,0,0,9e-06,0.009,0.0,0.0045,0.0,0.0,0.0
22,22,1162,1660,53,75,53,75,0,0,1.529686,72.842192,72.459856,72.651024,4625.681981,5822.947171,5224.314576
2,0,440,0,220,0,220,0,0,0,9e-06,0.009,0.0,0.0045,0.0,0.0,0.0
2,0,1064,0,532,0,532,0,0,0,1.1e-05,0.011,0.0,0.0055,0.0,0.0,0.0
10,8,564,354,56,44,56,44,0,0,0.630355,68.650778,89.095141,78.87295950000001,5419.384472,137.174438,2778.279455
26,20,9295,1728,358,86,358,86,0,0,0.801344,32.053758,41.642789,36.848273500000005,1778.426031,50.081375,914.253703
10,8,790,1076,79,135,79,135,0,0,0.531331,59.036778,57.19,58.113389,2945.035279,90.244039,1517.6396590000002
10,10,844,4756,84,476,84,476,0,0,0.178411,19.823444,17.401333,18.6123885,1036.703061,1258.553184,1147.6281225
10,6,998,268,100,45,100,45,0,0,0.194378,19.434778,37.470602,28.45269,1040.250009,62.373438,551.3117235000001
12,10,2026,788,169,79,169,79,0,0,1.3947,126.790909,133.753672,130.2722905,7136.613264,250.070547,3693.3419055
10,8,852,1590,85,199,85,199,0,0,0.216482,24.053556,29.337857,26.6957065,1314.830721,53.487746,684.1592335
10,6,892,268,89,45,89,45,0,0,0.177158,18.208111,34.086,26.1470555,978.403853,58.399195,518.401524
2,2,2068,106,1034,53,1034,53,0,0,0.010402,0.014,0.003,0.0085,0.0,0.0,0.0
10,8,564,354,56,44,56,44,0,0,0.639282,70.440111,90.185,80.3125555,5401.297737,141.983672,2771.6407045
2,0,200,0,100,0,100,0,0,0,2e-06,0.002,0.0,0.001,0.0,0.0,0.0
22,22,1174,1618,53,74,53,74,0,0,1.208908,57.567047,56.896713,57.231880000000004,3126.942226,3652.981965,3389.9620955
10,8,810,1710,81,214,81,214,0,0,0.223253,24.805889,30.130857,27.468373,1345.20854,53.937129,699.5728345
2,0,200,0,100,0,100,0,0,0,2e-06,0.002,0.0,0.001,0.0,0.0,0.0
8,8,364,630,46,79,46,79,0,0,0.544642,77.806002,71.141,74.473501,5392.850565,150.96925,2771.9099075
10,8,564,354,56,44,56,44,0,0,0.630223,69.521778,87.896289,78.7090335,5431.037098,138.325469,2784.6812835
10,8,564,354,56,44,56,44,0,0,0.636269,70.195556,89.747,79.971278,5514.390849,137.940594,2826.1657215
18,0,2858,0,159,0,159,0,0,0,1.534596,90.270352,0.0,45.135176,179.918469,0.0,89.9592345
10,8,884,1068,88,134,88,134,0,0,0.186833,20.759222,24.659143,22.7091825,1027.605918,43.044684,535.325301
10,6,782,268,78,45,78,45,0,0,0.183394,19.453222,32.607801,26.030511500000003,1145.62216,52.860773,599.2414665
20,20,3484,1752,174,88,174,88,0,0,0.845592,44.504841,43.745844,44.1253425,2104.294571,48.966789,1076.63068
2,0,200,0,100,0,100,0,0,0,9e-06,0.009,0.0,0.0045,0.0,0.0,0.0
18,0,2858,0,159,0,159,0,0,0,1.534596,90.270352,0.0,45.135176,179.918469,0.0,89.9592345
2,0,200,0,100,0,100,0,0,0,9e-06,0.009,0.0,0.0045,0.0,0.0,0.0
10,6,536,268,54,45,54,45,0,0,0.185279,18.862556,35.689199,27.2758775,1003.42469,59.757023,531.5908565
2,0,1064,0,532,0,532,0,0,0,1.1e-05,0.011,0.0,0.0055,0.0,0.0,0.0
22,10,17786,856,808,86,808,86,0,0,0.671274,29.064951,64.363445,46.714197999999996,2034.899019,94.117789,1064.508404
2,0,200,0,100,0,100,0,0,0,9e-06,0.009,0.0,0.0045,0.0,0.0,0.0
2,0,1804,0,902,0,902,0,0,0,4e-06,0.004,0.0,0.002,0.0,0.0,0.0
2,0,200,0,100,0,100,0,0,0,9e-06,0.009,0.0,0.0045,0.0,0.0,0.0
2,0,1064,0,532,0,532,0,0,0,1.1e-05,0.011,0.0,0.0055,0.0,0.0,0.0
2,0,200,0,100,0,100,0,0,0,9e-06,0.009,0.0,0.0045,0.0,0.0,0.0
2,0,1598,0,799,0,799,0,0,0,6e-06,0.006,0.0,0.003,0.0,0.0,0.0
2,0,1064,0,532,0,532,0,0,0,1.1e-05,0.011,0.0,0.0055,0.0,0.0,0.0
2,0,200,0,100,0,100,0,0,0,9e-06,0.009,0.0,0.0045,0.0,0.0,0.0
2,0,200,0,100,0,100,0,0,0,4e-06,0.004,0.0,0.002,0.0,0.0,0.0
2,0,1622,0,811,0,811,0,0,0,1e-05,0.01,0.0,0.005,0.0,0.0,0.0
2,0,1064,0,532,0,532,0,0,0,1.1e-05,0.011,0.0,0.0055,0.0,0.0,0.0
2,0,200,0,100,0,100,0,0,0,4e-06,0.004,0.0,0.002,0.0,0.0,0.0
2,0,796,0,398,0,398,0,0,0,9e-06,0.009,0.0,0.0045,0.0,0.0,0.0
2,0,200,0,100,0,100,0,0,0,4e-06,0.004,0.0,0.002,0.0,0.0,0.0
30,20,15811,1822,527,91,527,91,0,0,0.839587,28.951277,43.779473,36.365375,1664.598784,49.098562,856.848673
2,0,1288,0,644,0,644,0,0,0,5e-06,0.005,0.0,0.0025,0.0,0.0,0.0
2,0,200,0,100,0,100,0,0,0,9e-06,0.009,0.0,0.0045,0.0,0.0,0.0
10,6,1498,268,150,45,150,45,0,0,0.194583,20.183889,37.646602,28.9152455,1081.770187,65.87918,573.8246835
2,0,1194,0,597,0,597,0,0,0,1.1e-05,0.011,0.0,0.0055,0.0,0.0,0.0
2,0,200,0,100,0,100,0,0,0,9e-06,0.009,0.0,0.0045,0.0,0.0,0.0
12,8,1066,718,89,90,89,90,0,0,0.747104,74.585698,87.578,81.081849,3462.014415,114.866945,1788.4406800000002
2,0,200,0,100,0,100,0,0,0,9e-06,0.009,0.0,0.0045,0.0,0.0,0.0
2,0,1886,0,943,0,943,0,0,0,1e-05,0.01,0.0,0.005,0.0,0.0,0.0
10,8,836,1056,84,132,84,132,0,0,0.220081,24.453444,30.131285,27.292364499999998,1337.80134,54.569492,696.185416
2,0,200,0,100,0,100,0,0,0,3e-06,0.003,0.0,0.0015,0.0,0.0,0.0
10,6,820,268,82,45,82,45,0,0,0.233787,23.849889,45.368199,34.609044,1193.796403,66.661344,630.2288735000001
10,6,610,268,61,45,61,45,0,0,0.179088,19.154556,34.492398,26.823477,1016.017651,61.273859,538.645755
2,0,200,0,100,0,100,0,0,0,3e-06,0.003,0.0,0.0015,0.0,0.0,0.0
10,8,546,354,55,44,55,44,0,0,0.525829,55.860333,69.02943,62.4448815,3744.832441,124.028094,1934.4302675
20,28,1096,18500,55,661,55,661,0,0,1.877955,98.839739,67.812372,83.3260555,5398.583049,4491.401207,4944.992128
10,6,740,268,74,45,74,45,0,0,0.18326,18.722667,35.343398,27.0330325,997.8352,59.927914,528.881557
2,0,200,0,100,0,100,0,0,0,9e-06,0.009,0.0,0.0045,0.0,0.0,0.0
12,12,1304,2856,109,238,109,238,0,0,1.496506,136.046006,124.477,130.261503,7426.475273,184.234312,3805.3547925
22,20,6656,1624,303,81,303,81,0,0,0.776293,36.966333,40.477,38.7216665,1838.522018,45.442293,941.9821555
2,0,200,0,100,0,100,0,0,0,8e-06,0.008,0.0,0.004,0.0,0.0,0.0
10,6,952,268,95,45,95,45,0,0,0.340785,37.865,64.443,51.153999999999996,1821.368573,97.621609,959.495091
2,0,200,0,100,0,100,0,0,0,8e-06,0.008,0.0,0.004,0.0,0.0,0.0
2,0,168,0,84,0,84,0,0,0,1.7e-05,0.017,0.0,0.0085,0.0,0.0,0.0
10,6,1258,268,126,45,126,45,0,0,0.252014,26.542444,46.803199,36.6728215,1430.646451,79.238742,754.9425965
2,0,200,0,100,0,100,0,0,0,8e-06,0.008,0.0,0.004,0.0,0.0,0.0
2,0,168,0,84,0,84,0,0,0,3e-06,0.003,0.0,0.0015,0.0,0.0,0.0
2,0,200,0,100,0,100,0,0,0,4e-06,0.004,0.0,0.002,0.0,0.0,0.0
2,0,168,0,84,0,84,0,0,0,3e-06,0.003,0.0,0.0015,0.0,0.0,0.0
2,0,200,0,100,0,100,0,0,0,4e-06,0.004,0.0,0.002,0.0,0.0,0.0
10,6,1246,268,125,45,125,45,0,0,0.200745,20.741,38.724199,29.7325995,1123.449402,67.271844,595.360623
10,14,822,10754,82,768,82,768,0,0,0.200586,22.287333,14.412769,18.350051,1162.568977,1439.009857,1300.789417
2,0,200,0,100,0,100,0,0,0,4e-06,0.004,0.0,0.002,0.0,0.0,0.0
10,6,1686,268,169,45,169,45,0,0,0.180587,20.065222,33.446801,26.7560115,1044.244865,64.766633,554.5057489999999
10,6,1732,268,173,45,173,45,0,0,0.193234,19.357222,37.448602,28.402912,1035.406413,61.875672,548.6410424999999
2,0,200,0,100,0,100,0,0,0,9e-06,0.009,0.0,0.0045,0.0,0.0,0.0
10,6,1268,268,127,45,127,45,0,0,0.221369,23.494111,38.242398,30.8682545,1230.178559,64.902324,647.5404414999999
40,22,30953,1830,774,83,774,83,0,0,0.533465,13.678589,24.045143,18.861866,968.79853,33.085121,500.9418255
10,8,814,354,81,44,81,44,0,0,1.070599,116.938556,142.489141,129.71384849999998,7001.340082,230.711906,3616.0259939999996
2,0,1064,0,532,0,532,0,0,0,1.1e-05,0.011,0.0,0.0055,0.0,0.0,0.0
2,0,168,0,84,0,84,0,0,0,9e-06,0.009,0.0,0.0045,0.0,0.0,0.0
10,8,1908,354,191,44,191,44,0,0,0.471837,50.721222,59.140145,54.9306835,3527.67696,106.526336,1817.1016479999998
2,0,200,0,100,0,100,0,0,0,7e-06,0.007,0.0,0.0035,0.0,0.0,0.0
2,0,322,0,161,0,161,0,0,0,9e-06,0.009,0.0,0.0045,0.0,0.0,0.0
40,0,10880,0,272,0,272,0,0,0,7.85664,201.452313,0.0,100.7261565,234.329656,0.0,117.164828
2,0,200,0,100,0,100,0,0,0,7e-06,0.007,0.0,0.0035,0.0,0.0,0.0
20,8,17286,354,864,44,864,44,0,0,0.384497,19.365737,47.75457,33.5601535,1495.698126,93.852773,794.7754495
40,0,10880,0,272,0,272,0,0,0,7.85664,201.452313,0.0,100.7261565,234.329656,0.0,117.164828
2,0,200,0,100,0,100,0,0,0,7e-06,0.007,0.0,0.0035,0.0,0.0,0.0
10,8,510,354,51,44,51,44,0,0,0.461406,49.577222,56.56057,53.068895999999995,3389.207642,106.084219,1747.6459304999998
2,0,200,0,100,0,100,0,0,0,4e-06,0.004,0.0,0.002,0.0,0.0,0.0
40,0,10880,0,272,0,272,0,0,0,7.85664,201.452313,0.0,100.7261565,234.329656,0.0,117.164828
10,6,566,268,57,45,57,45,0,0,0.431717,46.233667,75.414602,60.8241345,2881.287088,129.100047,1505.1935675
2,0,200,0,100,0,100,0,0,0,8e-06,0.008,0.0,0.004,0.0,0.0,0.0
10,6,2228,268,223,45,223,45,0,0,0.256638,26.657667,44.441602,35.5496345,1373.733939,65.743281,719.73861
10,6,566,268,57,45,57,45,0,0,0.271252,25.481111,47.303801,36.392455999999996,1279.298834,63.559328,671.429081
2,0,200,0,100,0,100,0,0,0,8e-06,0.008,0.0,0.004,0.0,0.0,0.0
10,6,2356,268,236,45,236,45,0,0,0.299026,30.256556,46.308398,38.282477,1606.746152,64.482801,835.6144764999999
10,6,508,268,51,45,51,45,0,0,0.238367,26.485222,33.587398,30.03631,1323.829602,45.878789,684.8541955000001
2,0,200,0,100,0,100,0,0,0,8e-06,0.008,0.0,0.004,0.0,0.0,0.0
10,8,564,354,56,44,56,44,0,0,0.664395,71.588889,93.301289,82.445089,5534.521372,140.327656,2837.4245140000003
2,0,168,0,84,0,84,0,0,0,9e-06,0.009,0.0,0.0045,0.0,0.0,0.0
2,0,200,0,100,0,100,0,0,0,5e-06,0.005,0.0,0.0025,0.0,0.0,0.0
18,10,10476,1576,582,158,582,158,0,0,0.601736,33.746647,60.455668,47.1011575,2847.43071,103.670148,1475.5504290000001
10,10,812,5542,81,554,81,554,0,0,0.291086,32.342889,29.646111,30.994500000000002,1748.694392,2132.899041,1940.7967165
2,0,200,0,100,0,100,0,0,0,5e-06,0.005,0.0,0.0025,0.0,0.0,0.0
10,8,814,1234,81,154,81,154,0,0,0.60502,67.224444,67.01357,67.11900700000001,3406.717486,113.602164,1760.159825
8,10,364,5076,46,508,46,508,0,0,0.494729,70.675571,51.484444,61.08000750000001,4495.689873,3766.97267,4131.3312715
10,6,1764,268,176,45,176,45,0,0,0.225945,22.800111,42.132602,32.4663565,1182.041545,65.378578,623.7100615
12,8,1066,710,89,89,89,89,0,0,0.670342,58.688636,87.858,73.273318,3377.450351,106.842477,1742.146414
2,0,200,0,100,0,100,0,0,0,1e-06,0.001,0.0,0.0005,0.0,0.0,0.0
10,6,1612,268,161,45,161,45,0,0,0.396926,40.287444,61.253,50.770222000000004,2107.230527,86.284852,1096.7576895000002
10,6,876,268,88,45,88,45,0,0,0.254214,24.863667,43.511,34.1873335,1234.774193,58.888586,646.8313895
2,0,168,0,84,0,84,0,0,0,9e-06,0.009,0.0,0.0045,0.0,0.0,0.0
2,0,200,0,100,0,100,0,0,0,1e-06,0.001,0.0,0.0005,0.0,0.0,0.0
20,20,2588,1626,129,81,129,81,0,0,0.827713,43.563843,42.735738,43.149790499999995,2111.907788,50.971551,1081.4396695
10,8,1612,354,161,44,161,44,0,0,0.514372,54.859889,66.175711,60.51780000000001,3702.698651,123.437914,1913.0682825000001
2,0,200,0,100,0,100,0,0,0,1e-06,0.001,0.0,0.0005,0.0,0.0,0.0
112,34,125844,2332,1124,69,1124,69,0,0,1.218729,10.979541,36.194184,23.5868625,1053.762133,48.69752,551.2298265
10,6,1612,268,161,45,161,45,0,0,0.482657,51.139222,80.369,65.754111,2893.421671,134.572641,1513.9971560000001
10,8,808,1272,81,159,81,159,0,0,0.627338,69.704222,82.49257,76.09839600000001,4199.330132,106.270219,2152.8001755
12,8,1162,714,97,89,97,89,0,0,0.687975,58.97191,89.691289,74.3315995,3378.49681,115.583461,1747.0401355000001
2,0,200,0,100,0,100,0,0,0,1e-06,0.001,0.0,0.0005,0.0,0.0,0.0
10,8,1612,354,161,44,161,44,0,0,0.532741,56.899667,63.857,60.3783335,3703.943381,99.686047,1901.814714
348,66,434746,3798,1249,58,1249,58,0,0,2.387242,6.87966,36.596492,21.738076,764.261152,44.328141,404.2946465
10,8,840,354,84,44,84,44,0,0,0.579785,55.393778,74.46043,64.927104,3604.503488,117.218867,1860.8611775
10,8,1902,354,190,44,190,44,0,0,0.390741,41.983444,54.61957,48.301507,2898.13464,119.489125,1508.8118825000001
2,0,200,0,100,0,100,0,0,0,9e-06,0.009,0.0,0.0045,0.0,0.0,0.0
24,22,1256,1600,52,73,52,73,0,0,2.092792,90.990957,97.429713,94.210335,4857.620684,6089.490892,5473.555788
2,0,200,0,100,0,100,0,0,0,9e-06,0.009,0.0,0.0045,0.0,0.0,0.0
2,0,168,0,84,0,84,0,0,0,8e-06,0.008,0.0,0.004,0.0,0.0,0.0
8,8,364,864,46,108,46,108,0,0,0.838846,119.835147,104.547289,112.191218,7252.604552,185.398641,3719.0015965
2,0,2424,0,1212,0,1212,0,0,0,6e-06,0.006,0.0,0.003,0.0,0.0,0.0
10,8,564,354,56,44,56,44,0,0,0.961303,106.811444,115.317141,111.0642925,7294.397688,164.490094,3729.443891
10,8,564,354,56,44,56,44,0,0,0.634088,69.945444,89.59343,79.769437,5507.516312,139.495438,2823.505875
12,8,3602,384,300,48,300,48,0,0,1.091878,87.359272,151.259281,119.3092765,5667.959978,183.031234,2925.495606
10,6,534,268,53,45,53,45,0,0,0.1928,20.229667,26.1344,23.1820335,1078.073083,37.637453,557.855268
10,6,522,268,52,45,52,45,0,0,0.179211,18.495,34.292801,26.3939005,985.309863,58.794043,522.051953
30,12,21738,642,725,54,725,54,0,0,2.058872,70.964515,174.570906,122.7677105,4728.183768,275.931812,2502.05779
2,0,1850,0,925,0,925,0,0,0,6e-06,0.006,0.0,0.003,0.0,0.0,0.0
10,8,534,354,53,44,53,44,0,0,0.475439,50.965889,58.755285,54.860586999999995,3346.246111,106.327258,1726.2866844999999
2,0,200,0,100,0,100,0,0,0,9e-06,0.009,0.0,0.0045,0.0,0.0,0.0
62,368,3042,474485,49,1289,49,1289,0,0,1.901215,31.16746,5.186696,18.177077999999998,1793.363762,816.230636,1304.797199
12,16,2030,9306,169,582,169,582,0,0,0.671466,61.042366,41.720668,51.381517,3893.74231,3155.604382,3524.673346
10,8,830,1636,83,205,83,205,0,0,0.231481,25.720111,31.508,28.6140555,1390.520345,56.755426,723.6378854999999
2,0,200,0,100,0,100,0,0,0,9e-06,0.009,0.0,0.0045,0.0,0.0,0.0
10,6,534,268,53,45,53,45,0,0,0.270083,27.357,46.946398,37.151699,1407.524274,68.544359,738.0343165
10,8,656,1530,66,191,66,191,0,0,0.288797,32.088556,39.605145,35.8468505,1614.574363,57.422832,835.9985975
2,0,200,0,100,0,100,0,0,0,9e-06,0.009,0.0,0.0045,0.0,0.0,0.0
10,6,534,268,53,45,53,45,0,0,0.40009,38.921,69.981602,54.451301,1977.553838,99.65675,1038.605294
2,0,200,0,100,0,100,0,0,0,9e-06,0.009,0.0,0.0045,0.0,0.0,0.0
90,30,94019,2132,1045,71,1045,71,0,0,0.976384,10.970607,32.82907,21.8998385,930.37291,39.238383,484.8056465
2,0,200,0,100,0,100,0,0,0,9e-06,0.009,0.0,0.0045,0.0,0.0,0.0
10,8,926,2156,93,270,93,270,0,0,0.266544,29.616,35.04643,32.331215,1703.949424,59.581402,881.765413
2,0,200,0,100,0,100,0,0,0,9e-06,0.009,0.0,0.0045,0.0,0.0,0.0
28,36,12730,28920,455,803,455,803,0,0,1.049496,38.870223,29.746342,34.308282500000004,2060.279014,1940.878765,2000.5788895
2,0,200,0,100,0,100,0,0,0,9e-06,0.009,0.0,0.0045,0.0,0.0,0.0
10,8,564,354,56,44,56,44,0,0,0.626943,69.023,88.46943,78.746215,5454.289162,137.91575,2796.102456
22,16,1736,2442,79,153,79,153,0,0,36.649292,1745.204382,2437.78275,2091.493566,244410.4216,8852.264,126631.3428
22,20,5682,1758,258,88,258,88,0,0,1.205188,57.389906,62.481684,59.935795,3287.884999,98.494812,1693.1899055
2,0,200,0,100,0,100,0,0,0,6e-06,0.006,0.0,0.003,0.0,0.0,0.0
10,8,564,354,56,44,56,44,0,0,0.623951,68.892111,88.327711,78.609911,5438.801157,138.290672,2788.5459145
2,0,168,0,84,0,84,0,0,0,9e-06,0.009,0.0,0.0045,0.0,0.0,0.0
2,0,200,0,100,0,100,0,0,0,6e-06,0.006,0.0,0.003,0.0,0.0,0.0
66,26,65640,1966,995,76,995,76,0,0,0.922621,14.194169,36.290238,25.242203500000002,1107.811665,42.341309,575.0764869999999
10,6,1250,268,125,45,125,45,0,0,0.193512,19.928111,37.254,28.5910555,1059.497574,63.506852,561.502213
10,8,794,1174,79,147,79,147,0,0,0.595242,66.138,74.989289,70.56364450000001,3713.859493,130.105828,1921.9826605
10,8,850,1242,85,155,85,155,0,0,0.263242,29.249111,34.376,31.8125555,1583.289367,62.9675,823.1284335
2,0,200,0,100,0,100,0,0,0,6e-06,0.006,0.0,0.003,0.0,0.0,0.0
10,8,836,1056,84,132,84,132,0,0,0.220081,24.453444,30.131285,27.292364499999998,1337.80134,54.569492,696.185416
10,10,820,1396,82,140,82,140,0,0,0.518283,57.587,52.275445,54.931222500000004,3692.42897,102.22993,1897.32945
10,8,564,354,56,44,56,44,0,0,0.62526,69.473333,87.73243,78.6028815,5398.716419,139.025219,2768.870819
8,10,364,3754,46,375,46,375,0,0,0.699255,99.893574,69.423333,84.65845350000001,6381.875592,5493.084329,5937.479960500001
2,0,200,0,100,0,100,0,0,0,9e-06,0.009,0.0,0.0045,0.0,0.0,0.0
22,16,1736,2442,79,153,79,153,0,0,36.649292,1745.204382,2437.78275,2091.493566,244410.4216,8852.264,126631.3428
10,8,564,354,56,44,56,44,0,0,0.635009,70.063222,89.878141,79.9706815,5527.346948,140.093078,2833.720013
10,8,738,354,74,44,74,44,0,0,0.516717,54.964667,63.28557,59.1251185,3632.86243,112.886281,1872.8743555
2,0,200,0,100,0,100,0,0,0,9e-06,0.009,0.0,0.0045,0.0,0.0,0.0
10,8,564,354,56,44,56,44,0,0,0.635279,69.102111,89.273289,79.1877,5456.132792,137.738281,2796.9355365
30,92,1376,99150,46,1078,46,1078,0,0,1.971449,67.980999,21.210703,44.595850999999996,3711.057169,2072.950169,2892.003669
2,0,200,0,100,0,100,0,0,0,9e-06,0.009,0.0,0.0045,0.0,0.0,0.0
20,22,942,6088,47,277,47,277,0,0,0.739769,41.098276,34.665141,37.8817085,1947.475947,1826.797439,1887.136693
10,6,1088,268,109,45,109,45,0,0,0.474727,49.650333,81.734203,65.692268,2512.409484,121.803633,1317.1065585
10,10,914,5108,91,511,91,511,0,0,0.210678,23.408667,21.829,22.6188335,1220.271925,1854.354414,1537.3131695
2,0,200,0,100,0,100,0,0,0,6e-06,0.006,0.0,0.003,0.0,0.0,0.0
10,6,546,268,55,45,55,45,0,0,0.460648,48.243667,79.013203,63.628435,2467.980143,122.579883,1295.280013
10,6,642,268,64,45,64,45,0,0,0.180496,18.479889,34.906,26.6929445,991.436819,59.549238,525.4930285
10,6,840,268,84,45,84,45,0,0,0.182069,18.568333,32.340199,25.454265999999997,1005.576253,54.533754,530.0550035
2,0,200,0,100,0,100,0,0,0,7e-06,0.007,0.0,0.0035,0.0,0.0,0.0
10,8,1016,354,102,44,102,44,0,0,0.634894,70.543778,76.164,73.35388900000001,3818.487275,162.012891,1990.250083
8,10,364,3754,46,375,46,375,0,0,0.652265,93.180714,70.097667,81.6391905,7199.757166,5888.953971,6544.3555685
10,6,546,268,55,45,55,45,0,0,0.296352,31.357667,47.906801,39.632234,1643.725381,64.584934,854.1551575
12,6,3550,268,296,45,296,45,0,0,0.379247,34.477001,63.514398,48.9956995,1833.819465,104.231969,969.025717
22,46,1182,41158,54,895,54,895,0,0,0.762206,36.295522,16.741867,26.5186945,1782.165947,1240.37199,1511.2689685
2,0,200,0,100,0,100,0,0,0,6e-06,0.006,0.0,0.003,0.0,0.0,0.0
10,10,828,3530,83,353,83,353,0,0,0.409078,45.453111,30.037889,37.7455,2188.433535,1987.929065,2088.1813
2,0,200,0,100,0,100,0,0,0,6e-06,0.006,0.0,0.003,0.0,0.0,0.0
10,6,546,268,55,45,55,45,0,0,0.557304,61.922667,91.745797,76.834232,3149.676701,168.648453,1659.1625769999998
38,10,42398,440,1116,44,1116,44,0,0,0.250314,6.73827,26.890666,16.814467999999998,610.994218,42.307199,326.6507085
10,6,546,268,55,45,55,45,0,0,0.516152,53.312444,79.130398,66.22142099999999,2805.01277,122.837797,1463.9252835
2,0,92,0,46,0,46,0,0,0,8e-06,0.008,0.0,0.004,0.0,0.0,0.0
10,8,564,354,56,44,56,44,0,0,0.694589,77.176556,97.159859,87.1682075,5628.71572,139.354031,2884.0348755
10,6,534,268,53,45,53,45,0,0,0.999809,110.979444,182.974594,146.97701899999998,6250.562894,305.222156,3277.8925249999998
2,0,88,0,44,0,44,0,0,0,5e-06,0.005,0.0,0.0025,0.0,0.0,0.0
270,48,337444,2226,1250,46,1250,46,0,0,14.151092,52.606289,298.721781,175.664035,19845.94894,1528.841,10687.39497
22,22,1202,1622,55,74,55,74,0,0,1.231447,58.640333,54.740665,56.690499,3065.618528,3169.475331,3117.5469295000003
10,10,924,3752,92,375,92,375,0,0,0.29312,32.568889,30.402111,31.485500000000002,1558.676527,1990.541968,1774.6092475
2,0,200,0,100,0,100,0,0,0,6e-06,0.006,0.0,0.003,0.0,0.0,0.0
4,0,5476,0,1369,0,1369,0,0,0,0.540251,180.083672,0.0,90.041836,254.665453,0.0,127.3327265
62,26,61446,2018,991,78,991,78,0,0,1.396017,22.885525,51.935238,37.4103815,1738.355979,60.883008,899.6194935
2,0,200,0,100,0,100,0,0,0,6e-06,0.006,0.0,0.003,0.0,0.0,0.0
20,20,3182,1872,159,94,159,94,0,0,1.04435,54.965791,49.594844,52.2803175,2621.178326,61.41943,1341.298878
10,6,2502,268,250,45,250,45,0,0,0.260804,26.155111,48.012199,37.083655,1344.096242,72.924227,708.5102345
2,0,200,0,100,0,100,0,0,0,6e-06,0.006,0.0,0.003,0.0,0.0,0.0
18,8,13484,354,749,44,749,44,0,0,0.646309,35.555942,82.280859,58.918400500000004,3086.668899,119.664852,1603.1668754999998
10,6,808,268,81,45,81,45,0,0,0.276783,25.441,49.745398,37.593199,1270.165145,65.321332,667.7432385
2,0,200,0,100,0,100,0,0,0,6e-06,0.006,0.0,0.003,0.0,0.0,0.0
10,8,564,354,56,44,56,44,0,0,0.92214,95.730111,125.528141,110.629126,6826.75605,153.740797,3490.2484235
10,10,822,1494,82,149,82,149,0,0,0.554107,61.567444,57.708555,59.6379995,3802.207965,113.834312,1958.0211385
8,8,364,1246,46,156,46,156,0,0,0.610244,87.177714,81.38443,84.281072,5408.834129,150.81725,2779.8256895
2,0,298,0,149,0,149,0,0,0,4e-06,0.004,0.0,0.002,0.0,0.0,0.0
10,6,566,268,57,45,57,45,0,0,0.326954,33.679333,59.636398,46.6578655,1767.877512,92.743617,930.3105645
12,10,1646,3506,137,351,137,351,0,0,0.519995,47.272272,54.500223,50.886247499999996,2301.187113,71.183891,1186.185502
2,0,168,0,84,0,84,0,0,0,3e-06,0.003,0.0,0.0015,0.0,0.0,0.0
10,6,886,268,89,45,89,45,0,0,0.360728,35.471,65.505398,50.488198999999994,1951.148379,99.721602,1025.4349905
10,8,564,354,56,44,56,44,0,0,0.651543,71.418333,91.213711,81.316022,5522.99571,140.698672,2831.847191
10,10,854,1422,85,142,85,142,0,0,0.552641,61.404556,54.432445,57.9185005,4088.71587,105.557828,2097.136849
10,6,1612,268,161,45,161,45,0,0,0.378437,40.252111,70.681203,55.466657,2094.940733,120.958773,1107.9497529999999
10,6,1612,268,161,45,161,45,0,0,0.220443,22.467667,36.618602,29.5431345,1132.698934,53.178398,592.938666
2,0,200,0,100,0,100,0,0,0,6e-06,0.006,0.0,0.003,0.0,0.0,0.0
10,8,1612,354,161,44,161,44,0,0,0.551461,58.992778,66.655711,62.8242445,3904.070836,128.893453,2016.4821445
26,20,8245,1906,317,95,317,95,0,0,1.491472,59.622919,76.577523,68.100221,3519.018036,102.7575,1810.887768
10,6,1612,268,161,45,161,45,0,0,0.610833,65.708778,114.147398,89.928088,3769.566908,195.809578,1982.6882429999998
36,0,7956,0,221,0,221,0,0,0,7.171936,204.912453,0.0,102.4562265,224.071,0.0,112.0355
2,0,250,0,125,0,125,0,0,0,6e-06,0.006,0.0,0.003,0.0,0.0,0.0
10,12,826,5230,83,436,83,436,0,0,0.652136,72.343333,53.54409,62.9437115,4778.643868,3613.847342,4196.245605
30,14,25324,1510,844,108,844,108,0,0,4.045673,138.81831,303.318781,221.0685455,18873.7168,784.075312,9828.896056
10,6,1168,268,117,45,117,45,0,0,0.515232,52.423778,77.656602,65.04019,2731.359103,111.14368,1421.2513915
10,10,840,4240,84,424,84,424,0,0,0.66286,73.651111,60.064333,66.857722,3808.726577,4616.20458,4212.4655784999995
10,6,764,268,76,45,76,45,0,0,0.253534,24.834333,38.535199,31.684766,1355.241747,52.368996,703.8053715
10,6,620,268,62,45,62,45,0,0,0.420081,43.889778,70.156602,57.02319,2682.186205,91.067688,1386.6269465
90,30,94129,2070,1046,69,1046,69,0,0,2.318909,26.055157,78.070484,52.0628205,2289.124083,98.938203,1194.0311430000002
14,10,774,556,55,56,55,56,0,0,1.062084,79.959615,114.228445,97.09403,4413.503393,156.566484,2285.0349385
10,8,796,1122,80,140,80,140,0,0,0.684939,76.104333,83.27543,79.6898815,3735.295199,104.870188,1920.0826935
10,8,838,1778,84,222,84,222,0,0,0.432736,48.081778,56.033855,52.0578165,2410.639907,91.782047,1251.2109770000002
10,6,2600,268,260,45,260,45,0,0,0.311553,31.003778,50.310801,40.6572895,1582.896759,68.004414,825.4505865
10,8,472,564,47,71,47,71,0,0,0.618636,68.737333,78.804289,73.77081100000001,3372.860503,130.571719,1751.716111
28,74,1310,75230,47,1017,47,1017,0,0,1.306708,48.396592,17.652233,33.0244125,2387.260913,1471.675798,1929.4683555000001
2,0,168,0,84,0,84,0,0,0,5e-06,0.005,0.0,0.0025,0.0,0.0,0.0
10,10,808,4078,81,408,81,408,0,0,0.292914,32.546,29.966667,31.2563335,1820.706205,2086.744883,1953.725544
2,0,168,0,84,0,84,0,0,0,9e-06,0.009,0.0,0.0045,0.0,0.0,0.0
2,0,144,0,72,0,72,0,0,0,3e-06,0.003,0.0,0.0015,0.0,0.0,0.0
2,0,200,0,100,0,100,0,0,0,4e-06,0.004,0.0,0.002,0.0,0.0,0.0
2,0,200,0,100,0,100,0,0,0,4e-06,0.004,0.0,0.002,0.0,0.0,0.0
40,164,1818,195620,45,1193,45,1193,0,0,1.206288,30.930462,7.351264,19.140863,1516.406892,747.601732,1132.004312
2,0,200,0,100,0,100,0,0,0,4e-06,0.004,0.0,0.002,0.0,0.0,0.0
10,6,944,268,94,45,94,45,0,0,0.165883,17.36,27.5344,22.447200000000002,984.688448,44.255023,514.4717355
10,8,836,2356,84,295,84,295,0,0,0.260976,28.997333,36.199,32.5981665,1420.394784,54.076355,737.2355695
2,0,200,0,100,0,100,0,0,0,1e-06,0.001,0.0,0.0005,0.0,0.0,0.0
2,0,168,0,84,0,84,0,0,0,7e-06,0.007,0.0,0.0035,0.0,0.0,0.0
2,0,200,0,100,0,100,0,0,0,1e-06,0.001,0.0,0.0005,0.0,0.0,0.0
10,6,534,268,53,45,53,45,0,0,0.327563,34.087125,60.351,47.2190625,41.676406,74.480992,58.078699
2,0,168,0,84,0,84,0,0,0,5e-06,0.005,0.0,0.0025,0.0,0.0,0.0
2,0,200,0,100,0,100,0,0,0,3e-06,0.003,0.0,0.0015,0.0,0.0,0.0
10,8,534,354,53,44,53,44,0,0,0.590151,65.503111,75.353289,70.4282,4044.595384,128.855484,2086.725434
10,8,778,1364,78,171,78,171,0,0,0.327738,36.315222,38.822285,37.5687535,1866.760041,69.088781,967.924411
2,0,200,0,100,0,100,0,0,0,3e-06,0.003,0.0,0.0015,0.0,0.0,0.0
2,0,200,0,100,0,100,0,0,0,3e-06,0.003,0.0,0.0015,0.0,0.0,0.0
2,0,128,0,64,0,64,0,0,0,9e-06,0.009,0.0,0.0045,0.0,0.0,0.0
2,0,200,0,100,0,100,0,0,0,1e-06,0.001,0.0,0.0005,0.0,0.0,0.0
14,14,4706,1208,336,86,336,86,0,0,0.485971,37.382383,36.295461,36.838922,1901.044441,46.557715,973.801078
16,12,872,682,55,57,55,57,0,0,1.061444,69.65687,89.81718,79.73702499999999,4143.378413,117.338484,2130.3584485
2,0,200,0,100,0,100,0,0,0,5e-06,0.005,0.0,0.0025,0.0,0.0,0.0
14,46,960,53175,69,1156,69,1156,0,0,0.317294,24.407231,6.906889,15.65706,1165.950667,796.67218,981.3114235
2,0,200,0,100,0,100,0,0,0,5e-06,0.005,0.0,0.0025,0.0,0.0,0.0
8,8,364,668,46,84,46,84,0,0,0.809956,115.586424,108.98,112.28321199999999,8476.361894,257.282859,4366.8223765
2,0,168,0,84,0,84,0,0,0,3e-06,0.003,0.0,0.0015,0.0,0.0,0.0
2,0,200,0,100,0,100,0,0,0,8e-06,0.008,0.0,0.004,0.0,0.0,0.0
112,20,136017,870,1214,44,1214,44,0,0,0.596076,5.258423,31.027736,18.1430795,558.6651,40.186508,299.425804
2,0,200,0,100,0,100,0,0,0,8e-06,0.008,0.0,0.004,0.0,0.0,0.0
2,0,168,0,84,0,84,0,0,0,6e-06,0.006,0.0,0.003,0.0,0.0,0.0
2,0,200,0,100,0,100,0,0,0,8e-06,0.008,0.0,0.004,0.0,0.0,0.0
10,8,808,1236,81,155,81,155,0,0,0.597337,66.370778,79.674859,73.0228185,3616.197085,118.922008,1867.5595465
2,0,200,0,100,0,100,0,0,0,8e-06,0.008,0.0,0.004,0.0,0.0,0.0
4,0,2128,0,532,0,532,0,0,0,15.644732,5214.9105,0.0,2607.45525,7374.989,0.0,3687.4945
2,0,740,0,370,0,370,0,0,0,9e-06,0.009,0.0,0.0045,0.0,0.0,0.0
10,6,590,268,59,45,59,45,0,0,0.38801,39.955444,67.679203,53.8173235,2128.18311,92.362828,1110.2729689999999
2,0,200,0,100,0,100,0,0,0,8e-06,0.008,0.0,0.004,0.0,0.0,0.0
2,0,1064,0,532,0,532,0,0,0,9e-06,0.009,0.0,0.0045,0.0,0.0,0.0
2,0,1066,0,533,0,533,0,0,0,1e-05,0.01,0.0,0.005,0.0,0.0,0.0
10,6,1550,268,155,45,155,45,0,0,0.535948,59.473556,75.058602,67.26607899999999,3244.117618,119.508141,1681.8128795
2,0,1064,0,532,0,532,0,0,0,4e-06,0.004,0.0,0.002,0.0,0.0,0.0
10,6,534,268,53,45,53,45,0,0,0.604945,62.743333,104.190797,83.467065,3365.338239,160.840703,1763.089471
90,30,94325,2296,1048,77,1048,77,0,0,0.913292,10.261708,30.819654,20.540681,898.620972,38.956156,468.788564
2,0,200,0,100,0,100,0,0,0,3e-06,0.003,0.0,0.0015,0.0,0.0,0.0
64,26,64166,2044,1003,79,1003,79,0,0,0.959344,15.227683,37.14748,26.1875815,1208.77903,47.571262,628.1751459999999
2,0,200,0,100,0,100,0,0,0,3e-06,0.003,0.0,0.0015,0.0,0.0,0.0
10,6,534,268,53,45,53,45,0,0,0.199119,21.039778,34.713,27.876389,1134.791914,55.258469,595.0251915
574,100,741910,5098,1293,51,1293,51,0,0,3.218583,5.626893,32.05501,18.840951500000003,698.390255,44.446953,371.418604
10,8,796,1088,80,136,80,136,0,0,0.591059,65.673222,65.57243,65.622826,3288.502528,101.920023,1695.2112755
50,274,2502,350474,50,1279,50,1279,0,0,2.280356,46.537879,8.262403,27.400140999999998,3569.813263,1279.74703,2424.7801465000002
2,0,952,0,476,0,476,0,0,0,1e-05,0.01,0.0,0.005,0.0,0.0,0.0
10,8,2528,354,253,44,253,44,0,0,0.443621,49.291222,56.654145,52.9726835,3124.628779,107.637586,1616.1331825
10,8,796,1088,80,136,80,136,0,0,0.591059,65.673222,65.57243,65.622826,3288.502528,101.920023,1695.2112755
2,0,168,0,84,0,84,0,0,0,1e-05,0.01,0.0,0.005,0.0,0.0,0.0
2,0,200,0,100,0,100,0,0,0,7e-06,0.007,0.0,0.0035,0.0,0.0,0.0
2,0,1608,0,804,0,804,0,0,0,6e-06,0.006,0.0,0.003,0.0,0.0,0.0
10,6,810,268,81,45,81,45,0,0,0.181392,18.442111,34.970801,26.706456000000003,993.63117,59.229516,526.430343
2,0,200,0,100,0,100,0,0,0,7e-06,0.007,0.0,0.0035,0.0,0.0,0.0
10,6,534,268,53,45,53,45,0,0,0.313587,34.828222,56.057,45.442611,1718.752252,75.486422,897.119337
22,20,4262,1832,194,92,194,92,0,0,0.833723,39.701096,43.543211,41.622153499999996,1965.074546,48.475961,1006.7752535000001
2,0,200,0,100,0,100,0,0,0,8e-06,0.008,0.0,0.004,0.0,0.0,0.0
2,0,1060,0,530,0,530,0,0,0,1e-05,0.01,0.0,0.005,0.0,0.0,0.0
10,8,564,354,56,44,56,44,0,0,0.624581,68.952556,87.767859,78.3602075,5437.636101,137.396688,2787.5163945
2,0,200,0,100,0,100,0,0,0,8e-06,0.008,0.0,0.004,0.0,0.0,0.0
2,0,1172,0,586,0,586,0,0,0,4e-06,0.004,0.0,0.002,0.0,0.0,0.0
8,10,364,4396,46,440,46,440,0,0,0.572882,81.840288,57.131667,69.4859775,5550.754342,4925.127703,5237.9410225
2,0,200,0,100,0,100,0,0,0,8e-06,0.008,0.0,0.004,0.0,0.0,0.0
2,0,398,0,199,0,199,0,0,0,3e-06,0.003,0.0,0.0015,0.0,0.0,0.0
8,8,364,856,46,107,46,107,0,0,0.426635,60.947859,56.322,58.6349295,4384.237681,116.728133,2250.4829069999996
2,0,200,0,100,0,100,0,0,0,1e-06,0.001,0.0,0.0005,0.0,0.0,0.0
10,8,790,2896,79,362,79,362,0,0,0.230856,25.650667,29.964857,27.807761999999997,1387.121617,52.524609,719.823113
2,0,200,0,100,0,100,0,0,0,1e-06,0.001,0.0,0.0005,0.0,0.0,0.0
12,8,1468,2528,122,316,122,316,0,0,0.282752,24.338636,39.315715,31.8271755,1306.448874,57.147012,681.7979429999999
2,0,376,0,188,0,188,0,0,0,9e-06,0.009,0.0,0.0045,0.0,0.0,0.0
2,0,200,0,100,0,100,0,0,0,1e-05,0.01,0.0,0.005,0.0,0.0,0.0
10,6,590,268,59,45,59,45,0,0,0.333923,33.973444,59.448801,46.7111225,1823.462596,92.272445,957.8675205000001
10,8,450,964,45,121,45,121,0,0,0.526958,58.550889,71.25357,64.9022295,4744.285298,108.979625,2426.6324615
2,0,200,0,100,0,100,0,0,0,1e-05,0.01,0.0,0.005,0.0,0.0,0.0
10,10,796,1408,80,141,80,141,0,0,0.481999,53.555444,47.966332,50.760888,3536.308976,97.454727,1816.8818514999998
2,0,200,0,100,0,100,0,0,0,1e-05,0.01,0.0,0.005,0.0,0.0,0.0
14,16,790,902,56,56,56,56,0,0,0.624663,48.051001,38.225265,43.138132999999996,2987.471927,2762.179967,2874.8259470000003
10,6,528,268,53,45,53,45,0,0,0.360234,37.228222,63.721801,50.4750115,1868.369146,86.917828,977.643487
10,6,718,268,72,45,72,45,0,0,0.254983,28.211333,43.101801,35.656567,1413.51117,61.780316,737.645743
22,22,1178,1630,54,74,54,74,0,0,0.908326,43.253618,41.334475,42.2940465,2542.743631,2305.529665,2424.1366479999997
10,6,654,268,65,45,65,45,0,0,0.347074,38.563778,60.968801,49.7662895,1930.833428,94.018406,1012.4259169999999
10,8,588,354,59,44,59,44,0,0,1.65371,181.138667,205.771719,193.455193,10802.32342,295.695469,5549.0094445
16,12,912,694,57,58,57,58,0,0,0.440667,28.624733,37.665184,33.1449585,1435.198864,47.372687,741.2857755
2,0,200,0,100,0,100,0,0,0,8e-06,0.008,0.0,0.004,0.0,0.0,0.0
10,6,1370,268,137,45,137,45,0,0,0.25842,26.070111,45.536199,35.803155000000004,1356.445347,70.58425,713.5147985000001
28,26,6092,7134,218,274,218,274,0,0,1.185708,43.915112,46.541,45.228055999999995,2115.332157,57.545746,1086.4389514999998
2,0,200,0,100,0,100,0,0,0,5e-06,0.005,0.0,0.0025,0.0,0.0,0.0
20,20,2810,1482,141,74,141,74,0,0,0.950605,50.031841,48.429949,49.230895000000004,2416.178726,56.104969,1236.1418475
116,0,14990,0,129,0,129,0,0,0,5.648362,49.116191,0.0,24.5580955,67.761961,0.0,33.8809805
10,8,1378,354,138,44,138,44,0,0,0.94995,105.55,118.786289,112.1681445,6743.235588,173.638797,3458.4371924999996
2,0,194,0,97,0,97,0,0,0,4e-06,0.004,0.0,0.002,0.0,0.0,0.0
10,6,588,268,59,45,59,45,0,0,0.611487,60.640778,92.954797,76.7977875,3207.389328,128.387766,1667.888547
22,22,1162,1632,53,74,53,74,0,0,1.325008,63.095618,60.652094,61.873856,3314.498489,3285.944099,3300.221294
20,14,1180,622,59,44,59,44,0,0,31.73068,1668.739053,2434.60725,2051.6731515,223743.6816,8215.742,115979.7118
10,8,450,822,45,103,45,103,0,0,1.114591,123.736667,148.383,136.0598335,9706.086644,246.938344,4976.5124940000005
16,12,912,694,57,58,57,58,0,0,0.76326,48.732468,62.966637,55.8495525,2406.90785,79.893914,1243.400882
2,0,168,0,84,0,84,0,0,0,5e-06,0.005,0.0,0.0025,0.0,0.0,0.0
10,6,1550,268,155,45,155,45,0,0,0.284201,31.568667,45.060602,38.314634500000004,1571.857299,74.32618,823.0917395
4,2,632,496,158,248,158,248,0,0,0.493444,164.481328,0.01,82.24566399999999,232.599719,0.0,116.2998595
24,22,1260,1610,53,73,53,73,0,0,3.238361,140.798298,149.064619,144.9314585,7189.56635,8782.8795,7986.222925
16,14,876,816,55,58,55,58,0,0,0.735989,49.065932,54.03523,51.550580999999994,2868.626354,74.072633,1471.3494934999999
10,6,590,268,59,45,59,45,0,0,0.323296,35.910778,56.468602,46.18969,1710.21273,75.931391,893.0720605
16,12,912,694,57,58,57,58,0,0,0.511508,33.003999,43.59091,38.2974545,1650.08063,53.332785,851.7067075
2,0,200,0,100,0,100,0,0,0,1e-05,0.01,0.0,0.005,0.0,0.0,0.0
10,12,942,4432,94,369,94,369,0,0,0.537626,59.736222,44.248453,51.9923375,3771.069807,3645.689769,3708.379788
10,8,822,1068,82,134,82,134,0,0,0.660922,73.435778,82.747711,78.0917445,3890.511286,135.959781,2013.2355335
2,0,200,0,100,0,100,0,0,0,1e-05,0.01,0.0,0.005,0.0,0.0,0.0
2,0,1178,0,589,0,589,0,0,0,4e-06,0.004,0.0,0.002,0.0,0.0,0.0
66,14,78481,612,1189,44,1189,44,0,0,0.338518,4.991231,25.489846,15.2405385,514.881352,38.656297,276.7688245
2,0,200,0,100,0,100,0,0,0,3e-06,0.003,0.0,0.0015,0.0,0.0,0.0
10,20,450,21026,45,1051,45,1051,0,0,0.573588,63.732,28.492632,46.112316,4820.985575,3482.214285,4151.59993
10,6,590,268,59,45,59,45,0,0,0.437513,42.816111,74.503203,58.659656999999996,2194.215614,105.866398,1150.0410060000002
2,0,200,0,100,0,100,0,0,0,3e-06,0.003,0.0,0.0015,0.0,0.0,0.0
62,26,58343,1942,941,75,941,75,0,0,1.056957,17.327164,41.890602,29.608883,1292.484418,47.391602,669.93801
10,6,588,268,59,45,59,45,0,0,0.758191,81.204556,130.248797,105.7266765,4242.824536,208.718719,2225.7716275000002
10,8,2574,354,257,44,257,44,0,0,0.744293,82.699222,96.13943,89.41932600000001,5065.83375,150.287703,2608.0607265
8,8,364,1302,46,163,46,163,0,0,0.396914,56.702002,54.731855,55.7169285,3887.52636,117.073844,2002.300102
8,8,364,650,46,81,46,81,0,0,1.124721,160.674424,141.332578,151.003501,10270.4967,280.691031,5275.5938655
10,8,472,564,47,71,47,71,0,0,0.471632,52.403556,51.053,51.728278,2694.278667,82.499961,1388.389314
10,6,2322,268,232,45,232,45,0,0,0.193646,19.771889,37.222199,28.497044000000002,1049.17682,62.571148,555.873984
2,0,200,0,100,0,100,0,0,0,9e-06,0.009,0.0,0.0045,0.0,0.0,0.0
10,8,564,354,56,44,56,44,0,0,0.625516,69.501778,87.677141,78.5894595,5392.819324,138.965922,2765.892623
2,0,200,0,100,0,100,0,0,0,9e-06,0.009,0.0,0.0045,0.0,0.0,0.0
42,0,1890,0,45,0,45,0,0,0,1.250442,30.498586,0.0,15.249293,35.10109,0.0,17.550545
10,8,590,354,59,44,59,44,0,0,1.079923,115.587222,139.684141,127.6356815,7191.802324,213.801953,3702.8021385
10,6,588,268,59,45,59,45,0,0,0.983124,109.236,179.395203,144.3156015,5344.39659,275.210156,2809.803373
12,10,796,652,66,65,66,65,0,0,0.550909,50.082636,58.280445,54.1815405,3276.020352,111.681938,1693.851145
10,8,826,1190,83,149,83,149,0,0,0.426695,9217.8343,11522.344,10370.08915,917472.727,30356.492,473914.60949999996
2,0,200,0,100,0,100,0,0,0,9e-06,0.009,0.0,0.0045,0.0,0.0,0.0
14,6,8930,268,638,45,638,45,0,0,0.152686,10.496385,28.162,19.329192499999998,714.620405,44.682543,379.651474
10,6,590,268,59,45,59,45,0,0,0.481109,49.385889,81.738602,65.5622455,2728.648749,132.128219,1430.388484
2,0,200,0,100,0,100,0,0,0,9e-06,0.009,0.0,0.0045,0.0,0.0,0.0
2,0,2004,0,1002,0,1002,0,0,0,1.1e-05,0.011,0.0,0.0055,0.0,0.0,0.0
2,0,200,0,100,0,100,0,0,0,9e-06,0.009,0.0,0.0045,0.0,0.0,0.0
10,6,956,268,96,45,96,45,0,0,0.183844,20.427111,32.791,26.609055499999997,1020.310649,62.306652,541.3086505
2,0,200,0,100,0,100,0,0,0,9e-06,0.009,0.0,0.0045,0.0,0.0,0.0
2,2,168,112,84,56,84,56,0,0,0.015932,0.009,0.007,0.008,0.0,0.0,0.0
2,0,200,0,100,0,100,0,0,0,9e-06,0.009,0.0,0.0045,0.0,0.0,0.0
2,0,856,0,428,0,428,0,0,0,1e-05,0.01,0.0,0.005,0.0,0.0,0.0
2,0,320,0,160,0,160,0,0,0,3e-06,0.003,0.0,0.0015,0.0,0.0,0.0
2,0,200,0,100,0,100,0,0,0,9e-06,0.009,0.0,0.0045,0.0,0.0,0.0
116,0,17078,0,147,0,147,0,0,0,3.956003,34.400027,0.0,17.2000135,38.490184,0.0,19.245092
2,0,1666,0,833,0,833,0,0,0,8e-06,0.008,0.0,0.004,0.0,0.0,0.0
2,0,200,0,100,0,100,0,0,0,5e-06,0.005,0.0,0.0025,0.0,0.0,0.0
10,8,564,354,56,44,56,44,0,0,0.672632,73.049778,92.28457,82.667174,5528.089712,133.939453,2831.0145825
2,0,200,0,100,0,100,0,0,0,5e-06,0.005,0.0,0.0025,0.0,0.0,0.0
12,10,2484,443,207,44,207,44,0,0,0.33499,30.453635,30.525889,30.489762,1604.847796,42.339824,823.59381
2,0,200,0,100,0,100,0,0,0,5e-06,0.005,0.0,0.0025,0.0,0.0,0.0
68,26,66859,2052,983,79,983,79,0,0,0.969696,14.692363,37.387602,26.0399825,1167.933125,44.043008,605.9880665000001
116,0,14990,0,129,0,129,0,0,0,5.648362,49.116191,0.0,24.5580955,67.761961,0.0,33.8809805
2,0,200,0,100,0,100,0,0,0,5e-06,0.005,0.0,0.0025,0.0,0.0,0.0
2,0,944,0,472,0,472,0,0,0,2e-06,0.002,0.0,0.001,0.0,0.0,0.0
2,0,200,0,100,0,100,0,0,0,9e-06,0.009,0.0,0.0045,0.0,0.0,0.0
8,4,362,178,45,45,45,45,0,0,0.18264,26.091428,34.137,30.114214,43.282121,48.274887,45.778504
2,0,200,0,100,0,100,0,0,0,9e-06,0.009,0.0,0.0045,0.0,0.0,0.0
10,6,1224,268,122,45,122,45,0,0,0.252695,25.569889,45.674602,35.6222455,1240.157899,62.773578,651.4657385
2,0,200,0,100,0,100,0,0,0,9e-06,0.009,0.0,0.0045,0.0,0.0,0.0
10,8,564,354,56,44,56,44,0,0,0.902318,100.257556,123.88057,112.069063,7609.251979,189.934672,3899.5933255
2,0,200,0,100,0,100,0,0,0,9e-06,0.009,0.0,0.0045,0.0,0.0,0.0
12,10,1828,1864,152,186,152,186,0,0,0.506466,46.030456,50.104891,48.0676735,2277.599362,57.212355,1167.4058585
2,0,200,0,100,0,100,0,0,0,9e-06,0.009,0.0,0.0045,0.0,0.0,0.0
16,12,900,642,56,54,56,54,0,0,0.859078,56.209734,73.323906,64.76682,3554.709139,111.244977,1832.977058
12,8,1608,750,134,94,134,94,0,0,0.245769,20.792546,31.712,26.252273000000002,1107.359614,44.970055,576.1648345
10,8,826,1362,83,170,83,170,0,0,0.473457,52.606333,62.260285,57.433309,2580.844973,100.093594,1340.4692835
2,0,200,0,100,0,100,0,0,0,8e-06,0.008,0.0,0.004,0.0,0.0,0.0
12,10,1358,820,113,82,113,82,0,0,0.573468,50.62591,59.79,55.207955,3237.536854,110.755305,1674.1460795
10,10,970,1560,97,156,97,156,0,0,1.500885,166.765,163.431781,165.0983905,10443.24601,297.927844,5370.586927
2,0,200,0,100,0,100,0,0,0,8e-06,0.008,0.0,0.004,0.0,0.0,0.0
12,8,1354,692,113,87,113,87,0,0,0.446281,39.318456,54.28757,46.803013,2090.228875,90.176805,1090.20284
64,20,68216,1026,1066,51,1066,51,0,0,1.479023,23.476556,75.208477,49.3425165,2273.71839,102.813484,1188.265937
26,64,1198,64712,46,1011,46,1011,0,0,1.324316,52.972641,20.676556,36.8245985,2591.396195,1629.509241,2110.452718
10,8,836,1730,84,216,84,216,0,0,0.282333,31.370333,34.967285,33.168808999999996,1578.384333,55.474496,816.9294145
12,8,1390,740,116,93,116,93,0,0,0.487067,43.33682,54.66157,48.999195,2264.38772,87.328391,1175.8580555
8,10,364,3754,46,375,46,375,0,0,0.800497,114.356714,82.877444,98.61707899999999,8203.031795,6946.495541,7574.7636680000005
2,0,200,0,100,0,100,0,0,0,9e-06,0.009,0.0,0.0045,0.0,0.0,0.0
10,10,778,4236,78,424,78,424,0,0,0.263043,29.227,23.436444,26.331722,1408.141637,1485.713048,1446.9273425000001
2,0,130,0,65,0,65,0,0,0,3e-06,0.003,0.0,0.0015,0.0,0.0,0.0
2,0,168,0,84,0,84,0,0,0,3e-06,0.003,0.0,0.0015,0.0,0.0,0.0
10,6,588,268,59,45,59,45,0,0,0.787501,87.394889,134.207594,110.8012415,4442.113573,200.181391,2321.147482
18,14,2762,1982,153,142,153,142,0,0,0.795024,46.766118,59.11123,52.938674,2339.407711,73.905586,1206.6566484999998
2,0,200,0,100,0,100,0,0,0,9e-06,0.009,0.0,0.0045,0.0,0.0,0.0
2,0,200,0,100,0,100,0,0,0,9e-06,0.009,0.0,0.0045,0.0,0.0,0.0
2,0,200,0,100,0,100,0,0,0,9e-06,0.009,0.0,0.0045,0.0,0.0,0.0
44,242,2276,311400,52,1287,52,1287,0,0,2.35147,54.685349,9.538361,32.111855,3000.463021,1528.593858,2264.5284395
12,10,1410,778,118,78,118,78,0,0,0.576434,50.53291,57.104891,53.8189005,3395.371294,102.289609,1748.8304515
10,8,790,1354,79,169,79,169,0,0,1.036446,115.050222,138.285422,126.667822,6265.335075,253.770125,3259.5526
5418,810,7164499,34840,1322,43,1322,43,0,0,42.942112,7.937347,53.010098,30.4737225,1066.314052,70.601641,568.4578465
12,10,1462,828,122,83,122,83,0,0,0.514139,46.195545,51.271445,48.733495000000005,3357.527909,96.489852,1727.0088805
10,8,750,978,75,122,75,122,0,0,0.415271,46.141222,47.88843,47.014826,2333.351331,67.84318,1200.5972554999998
12,8,1494,710,125,89,125,89,0,0,0.853339,77.576274,108.28343,92.929852,3938.905558,166.019844,2052.462701
14,6,6772,268,484,45,484,45,0,0,0.276536,18.378231,48.709,33.5436155,1231.164386,64.43441,647.799398
2,0,2992,0,1496,0,1496,0,0,0,1e-05,0.01,0.0,0.005,0.0,0.0,0.0
12,10,1474,780,123,78,123,78,0,0,0.598634,51.750183,60.682555,56.216369,3750.304748,103.861859,1927.0833035
12,8,1478,734,123,92,123,92,0,0,0.687792,62.526543,85.835141,74.180842,3121.488594,122.078,1621.783297
34,22,19773,1796,582,82,582,82,0,0,1.031744,31.26497,46.718715,38.991842500000004,1908.601253,54.355816,981.4785345
10,10,826,1180,83,118,83,118,0,0,1.579396,175.476556,165.057219,170.2668875,11241.12228,251.535266,5746.328773
12,8,1466,734,122,92,122,92,0,0,0.476274,41.781636,59.098,50.439818,2075.331032,78.855008,1077.09302
10,8,564,354,56,44,56,44,0,0,0.869959,96.543444,119.390859,107.9671515,6961.343237,166.188734,3563.7659855
12,10,1064,830,89,83,89,83,0,0,1.571119,142.828994,148.077891,145.4534425,8162.631874,312.792031,4237.7119525
10,8,808,1102,81,138,81,138,0,0,0.773715,79.850444,99.55057,89.70050699999999,4253.693204,148.96225,2201.327727
12,12,1298,6138,108,512,108,512,0,0,0.634728,57.687273,50.250364,53.9688185,2779.453501,3040.912443,2910.182972
12,8,3422,772,285,97,285,97,0,0,0.562509,50.053092,70.723,60.388046,2544.607395,104.108437,1324.357916
12,8,1002,762,84,95,84,95,0,0,1.060778,96.434364,139.648859,118.04161149999999,5353.698676,194.559516,2774.129096
2,0,136,0,68,0,68,0,0,0,1.6e-05,0.016,0.0,0.008,0.0,0.0,0.0
12,8,1878,736,157,92,157,92,0,0,0.717512,62.444729,81.501711,71.97322,3365.436709,118.287242,1741.8619755
10,8,802,354,80,44,80,44,0,0,1.014328,112.595778,132.082578,122.339178,6714.112458,195.171875,3454.6421665
24,58,2586,72532,108,1251,108,1251,0,0,1.616317,70.274656,26.148999,48.2118275,3545.725781,2427.097819,2986.4118
2,0,200,0,100,0,100,0,0,0,9e-06,0.009,0.0,0.0045,0.0,0.0,0.0
2,0,1064,0,532,0,532,0,0,0,2.3e-05,0.023,0.0,0.0115,0.0,0.0,0.0
2,0,200,0,100,0,100,0,0,0,9e-06,0.009,0.0,0.0045,0.0,0.0,0.0
12,8,1502,708,125,89,125,89,0,0,0.524605,44.414637,67.95,56.1823185,2350.083867,87.314383,1218.6991249999999
10,8,2516,354,252,44,252,44,0,0,1.199609,127.466333,159.937141,143.701737,7651.497247,263.853063,3957.675155
16,12,1060,642,66,54,66,54,0,0,1.142502,76.166798,94.825273,85.4960355,4540.359822,133.496266,2336.928044
2,0,200,0,100,0,100,0,0,0,9e-06,0.009,0.0,0.0045,0.0,0.0,0.0
12,24,908,25524,76,1064,76,1064,0,0,0.992009,90.125003,40.549477,65.33724000000001,5698.729752,4928.318989,5313.5243705
10,8,588,354,59,44,59,44,0,0,0.941659,104.628778,119.618,112.123389,5874.081421,183.772641,3028.9270309999997
12,8,1132,734,94,92,94,92,0,0,0.848232,73.834634,111.07243,92.453532,4410.097915,179.518297,2294.808106
14,12,932,678,67,57,67,57,0,0,0.816377,62.798228,63.489184,63.143706,3099.50143,90.304195,1594.9028125
2,0,200,0,100,0,100,0,0,0,9e-06,0.009,0.0,0.0045,0.0,0.0,0.0
10,8,564,354,56,44,56,44,0,0,0.836162,90.141556,113.449,101.795278,6470.514538,157.160031,3313.8372845000004
2,0,200,0,100,0,100,0,0,0,9e-06,0.009,0.0,0.0045,0.0,0.0,0.0
24,18,2250,1572,94,87,94,87,0,0,31.946695,1386.942519,1875.917375,1631.429947,200503.3312,7144.488,103823.9096
26,68,1224,65316,47,961,47,961,0,0,1.621523,64.841043,23.607209,44.224126,3479.736603,1929.799162,2704.7678825
2,0,2896,0,1448,0,1448,0,0,0,1e-05,0.01,0.0,0.005,0.0,0.0,0.0
12,8,1070,746,89,93,89,93,0,0,0.721105,62.35418,87.008289,74.6812345,3468.037579,137.381078,1802.7093284999999
2,0,200,0,100,0,100,0,0,0,9e-06,0.009,0.0,0.0045,0.0,0.0,0.0
14,6,8682,268,620,45,620,45,0,0,0.383961,26.139386,62.432801,44.2860935,1625.204667,82.153391,853.679029
70,0,19040,0,272,0,272,0,0,0,59.405674,874.671563,0.0,437.3357815,1011.991125,0.0,505.9955625
12,8,1008,722,84,90,84,90,0,0,1.020299,88.782729,134.885,111.8338645,4908.000211,197.702203,2552.8512069999997
2,0,200,0,100,0,100,0,0,0,9e-06,0.009,0.0,0.0045,0.0,0.0,0.0
10,8,564,354,56,44,56,44,0,0,0.855683,95.064889,113.84143,104.4531595,6415.99295,167.5055,3291.749225
12,8,1066,696,89,87,89,87,0,0,0.998921,90.723815,126.582711,108.65326300000001,4755.337526,178.729484,2467.0335050000003
26,20,8569,1802,330,90,330,90,0,0,1.511817,60.472677,74.912266,67.6924715,3163.585647,91.36775,1627.4766984999999
12,8,2028,760,169,95,169,95,0,0,0.833142,70.787185,108.81357,89.8003775,3659.344067,147.403437,1903.373752
2,0,200,0,100,0,100,0,0,0,5e-06,0.005,0.0,0.0025,0.0,0.0,0.0
10,8,564,354,56,44,56,44,0,0,1.053995,117.066778,141.283578,129.17517800000002,8572.628711,196.372922,4384.5008165
2,0,200,0,100,0,100,0,0,0,5e-06,0.005,0.0,0.0025,0.0,0.0,0.0
12,8,1070,730,89,91,89,91,0,0,0.693469,63.042636,90.093,76.567818,3185.507454,125.479953,1655.4937035
2,0,78,0,39,0,39,0,0,0,1e-06,0.001,0.0,0.0005,0.0,0.0,0.0
2,0,200,0,100,0,100,0,0,0,3e-06,0.003,0.0,0.0015,0.0,0.0,0.0
2,0,78,0,39,0,39,0,0,0,1e-06,0.001,0.0,0.0005,0.0,0.0,0.0
2,0,78,0,39,0,39,0,0,0,1e-06,0.001,0.0,0.0005,0.0,0.0,0.0
10,8,1818,354,182,44,182,44,0,0,0.757148,78.544111,98.72843,88.6362705,4322.342016,183.200422,2252.7712189999997
10,8,870,1706,87,213,87,213,0,0,0.47482,52.671333,57.518855,55.095094,2786.212756,89.271258,1437.742007
12,8,1258,744,105,93,105,93,0,0,0.839081,72.93773,103.256289,88.0970095,3775.931684,150.969719,1963.4507015000002
2,0,200,0,100,0,100,0,0,0,8e-06,0.008,0.0,0.004,0.0,0.0,0.0
10,8,628,354,63,44,63,44,0,0,0.435052,48.339111,60.64357,54.4913405,3023.607779,124.062008,1573.8348935
2,0,168,0,84,0,84,0,0,0,1.1e-05,0.011,0.0,0.0055,0.0,0.0,0.0
12,8,2024,714,169,89,169,89,0,0,0.849882,77.262001,109.825711,93.543856,4002.057162,157.127906,2079.592534
10,6,2516,268,252,45,252,45,0,0,0.784718,91.471,142.995203,117.2331015,4691.455446,230.860641,2461.1580435
10,8,564,354,56,44,56,44,0,0,0.833249,89.735222,113.140289,101.4377555,6348.693063,161.245688,3254.9693755
2,0,168,0,84,0,84,0,0,0,8e-06,0.008,0.0,0.004,0.0,0.0,0.0
12,8,1254,712,105,89,105,89,0,0,0.627862,53.313728,79.317,66.31536399999999,2654.990601,103.999609,1379.495105
14,12,1420,678,101,57,101,57,0,0,0.942817,72.524385,79.522633,76.02350899999999,3780.45853,104.342812,1942.4006709999999
12,10,2026,792,169,79,169,79,0,0,0.848555,73.69182,83.568336,78.630078,4849.682371,131.361891,2490.5221309999997
2,0,1074,0,537,0,537,0,0,0,1.1e-05,0.011,0.0,0.0055,0.0,0.0,0.0
14,12,1402,678,100,57,100,57,0,0,0.802306,61.715844,66.126633,63.9212385,2965.561829,91.640273,1528.601051
2,0,200,0,100,0,100,0,0,0,2e-06,0.002,0.0,0.001,0.0,0.0,0.0
2,0,1136,0,568,0,568,0,0,0,5e-06,0.005,0.0,0.0025,0.0,0.0,0.0
10,8,564,354,56,44,56,44,0,0,0.892343,99.103667,120.423289,109.76347799999999,6660.207722,172.528781,3416.3682515
2,0,200,0,100,0,100,0,0,0,2e-06,0.002,0.0,0.001,0.0,0.0,0.0
2,0,296,0,148,0,148,0,0,0,9e-06,0.009,0.0,0.0045,0.0,0.0,0.0
10,8,1862,354,186,44,186,44,0,0,0.594763,66.084778,74.780711,70.4327445,3843.745343,123.837234,1983.7912885
10,8,588,354,59,44,59,44,0,0,0.851794,94.643778,105.35457,99.999174,6177.924869,162.255625,3170.090247
2,0,490,0,245,0,245,0,0,0,6e-06,0.006,0.0,0.003,0.0,0.0,0.0
10,6,582,268,58,45,58,45,0,0,0.412406,45.749333,68.755,57.2521665,2224.148373,97.883398,1161.0158855
10,6,1054,268,105,45,105,45,0,0,0.364037,40.374444,62.219,51.296722,2021.98056,91.577883,1056.7792215
2,0,784,0,392,0,392,0,0,0,4e-06,0.004,0.0,0.002,0.0,0.0,0.0
10,6,2634,268,263,45,263,45,0,0,0.342469,37.939111,56.582602,47.2608565,1824.262223,74.506375,949.3842989999999
2,0,694,0,347,0,347,0,0,0,1e-05,0.01,0.0,0.005,0.0,0.0,0.0
10,6,2516,268,252,45,252,45,0,0,0.910501,96.42,164.812797,130.6163985,5451.478538,283.207531,2867.3430345
34,30,15244,3616,448,121,448,121,0,0,1.987865,60.238333,65.866586,63.0524595,3379.546729,86.920969,1733.233849
50,288,2506,370021,50,1285,50,1285,0,0,2.500626,51.033185,8.433761,29.733473000000004,2851.224155,1081.717798,1966.4709764999998
2,0,200,0,100,0,100,0,0,0,3e-06,0.003,0.0,0.0015,0.0,0.0,0.0
2,0,1932,0,966,0,966,0,0,0,1e-05,0.01,0.0,0.005,0.0,0.0,0.0
10,8,564,354,56,44,56,44,0,0,1.042854,115.858333,145.907,130.8826665,6900.700991,210.899719,3555.800355
2,0,200,0,100,0,100,0,0,0,3e-06,0.003,0.0,0.0015,0.0,0.0,0.0
10,10,816,5360,82,536,82,536,0,0,0.357792,39.647333,35.111778,37.3795555,1927.930658,2309.473906,2118.702282
10,8,564,354,56,44,56,44,0,0,0.645682,70.769889,88.778,79.7739445,5515.738599,136.006891,2825.872745
2,0,306,0,153,0,153,0,0,0,3e-06,0.003,0.0,0.0015,0.0,0.0,0.0
2,0,200,0,100,0,100,0,0,0,3e-06,0.003,0.0,0.0015,0.0,0.0,0.0
2,0,280,0,140,0,140,0,0,0,9e-06,0.009,0.0,0.0045,0.0,0.0,0.0
2,0,200,0,100,0,100,0,0,0,3e-06,0.003,0.0,0.0015,0.0,0.0,0.0
2,0,2034,0,1017,0,1017,0,0,0,1.1e-05,0.011,0.0,0.0055,0.0,0.0,0.0
10,8,564,354,56,44,56,44,0,0,0.714946,77.289222,100.012,88.650611,5859.331979,142.763781,3001.0478799999996
2,0,1448,0,724,0,724,0,0,0,1.1e-05,0.011,0.0,0.0055,0.0,0.0,0.0
2,0,180,0,90,0,90,0,0,0,3e-06,0.003,0.0,0.0015,0.0,0.0,0.0
2,0,1286,0,643,0,643,0,0,0,1e-05,0.01,0.0,0.005,0.0,0.0,0.0
2,0,180,0,90,0,90,0,0,0,9e-06,0.009,0.0,0.0045,0.0,0.0,0.0
2,0,104,0,52,0,52,0,0,0,8e-06,0.008,0.0,0.004,0.0,0.0,0.0
2,0,180,0,90,0,90,0,0,0,9e-06,0.009,0.0,0.0045,0.0,0.0,0.0
2,0,180,0,90,0,90,0,0,0,9e-06,0.009,0.0,0.0045,0.0,0.0,0.0
2,0,2992,0,1496,0,1496,0,0,0,7e-06,0.007,0.0,0.0035,0.0,0.0,0.0
2,0,180,0,90,0,90,0,0,0,9e-06,0.009,0.0,0.0045,0.0,0.0,0.0
10,8,564,354,56,44,56,44,0,0,0.661073,73.452556,93.456141,83.45434850000001,5414.303603,136.973109,2775.638356
2,0,180,0,90,0,90,0,0,0,9e-06,0.009,0.0,0.0045,0.0,0.0,0.0
14,16,798,850,57,53,57,53,0,0,1.915821,147.370841,122.897266,135.1340535,8115.529685,191.632,4153.5808425000005
2,0,180,0,90,0,90,0,0,0,9e-06,0.009,0.0,0.0045,0.0,0.0,0.0
2,0,102,0,51,0,51,0,0,0,9e-06,0.009,0.0,0.0045,0.0,0.0,0.0
2,0,180,0,90,0,90,0,0,0,9e-06,0.009,0.0,0.0045,0.0,0.0,0.0
12,10,1122,844,94,84,94,84,0,0,0.497052,44.688545,49.966555,47.32755,3194.77883,97.69768,1646.2382550000002
20,20,2898,1778,145,89,145,89,0,0,0.810384,42.651788,41.920367,42.286077500000005,2066.19297,50.476906,1058.334938
10,6,534,268,53,45,53,45,0,0,0.833561,82.519778,160.714,121.616889,5369.910461,250.719781,2810.315121
12,8,1192,736,99,92,99,92,0,0,0.304227,26.980454,41.832,34.406227,1526.354405,63.114926,794.7346655
10,6,1982,268,198,45,198,45,0,0,0.191309,19.254111,36.840801,28.047456,1017.173961,60.572871,538.873416
12,8,1010,690,84,86,84,86,0,0,0.315486,27.558909,39.750715,33.654812,1352.669527,51.78334,702.2264335
10,6,820,268,82,45,82,45,0,0,0.181343,18.679111,34.975602,26.8273565,1001.390775,59.855043,530.6229089999999
12,8,1008,722,84,90,84,90,0,0,0.498467,44.195365,61.269285,52.732325,2214.619668,84.435711,1149.5276895
16,50,1028,59859,64,1197,64,1197,0,0,0.400132,26.675467,7.985531,17.330499,1286.061654,915.963965,1101.0128095
10,8,534,354,53,44,53,44,0,0,0.950579,105.619889,123.150289,114.385089,5892.438792,243.067531,3067.7531615
2,0,168,0,84,0,84,0,0,0,9e-06,0.009,0.0,0.0045,0.0,0.0,0.0
2,0,200,0,100,0,100,0,0,0,4e-06,0.004,0.0,0.002,0.0,0.0,0.0
12,8,1012,722,84,90,84,90,0,0,0.443927,39.028637,51.273715,45.15117600000001,2022.966573,76.108922,1049.5377475
10,6,534,268,53,45,53,45,0,0,0.997682,110.853556,177.151406,144.002481,5399.999559,276.685,2838.3422795
4,0,360,0,90,0,90,0,0,0,1.009548,336.516,0.0,168.258,475.900531,0.0,237.9502655
2,0,200,0,100,0,100,0,0,0,4e-06,0.004,0.0,0.002,0.0,0.0,0.0
12,10,3050,780,254,78,254,78,0,0,0.69844,63.48018,74.216781,68.8484805,3551.076657,104.691445,1827.884051
4,0,360,0,90,0,90,0,0,0,1.009548,336.516,0.0,168.258,475.900531,0.0,237.9502655
10,8,2516,354,252,44,252,44,0,0,0.780433,83.730778,99.122711,91.4267445,4686.576492,177.898344,2432.237418
12,8,1014,714,85,89,85,89,0,0,0.445054,37.198091,58.28343,47.7407605,1906.369927,71.367422,988.8686745
4,0,360,0,90,0,90,0,0,0,1.009548,336.516,0.0,168.258,475.900531,0.0,237.9502655
4,0,360,0,90,0,90,0,0,0,1.009548,336.516,0.0,168.258,475.900531,0.0,237.9502655
12,8,1262,718,105,90,105,90,0,0,0.408788,34.410911,50.803715,42.607313,1806.605952,64.260828,935.4333899999999
4,0,360,0,90,0,90,0,0,0,1.009548,336.516,0.0,168.258,475.900531,0.0,237.9502655
14,12,774,642,55,54,55,54,0,0,0.619183,47.629463,51.684273,49.656868,3060.732785,91.187281,1575.960033
10,6,2516,268,252,45,252,45,0,0,0.812998,90.322889,135.625797,112.974343,4422.056232,202.242562,2312.149397
12,8,1002,716,84,90,84,90,0,0,0.401698,36.517999,47.750855,42.134427,1865.658824,70.52857,968.093697
4,0,360,0,90,0,90,0,0,0,1.009548,336.516,0.0,168.258,475.900531,0.0,237.9502655
2,0,200,0,100,0,100,0,0,0,9e-06,0.009,0.0,0.0045,0.0,0.0,0.0
22,10,17778,792,808,79,808,79,0,0,0.598714,27.461239,59.484223,43.472730999999996,1970.209676,83.380039,1026.7948575
10,6,534,268,53,45,53,45,0,0,0.680018,72.419556,120.025203,96.2223795,3803.384855,198.448109,2000.9164819999999
4,0,360,0,90,0,90,0,0,0,1.009548,336.516,0.0,168.258,475.900531,0.0,237.9502655
2,0,168,0,84,0,84,0,0,0,3e-06,0.003,0.0,0.0015,0.0,0.0,0.0
10,6,534,268,53,45,53,45,0,0,0.584837,11755.9096,19591.154,15673.5318,1169896.275,43592.728,606744.5015
12,8,1060,726,88,91,88,91,0,0,0.773089,69.07682,92.426711,80.7517655,3765.289179,148.736328,1957.0127535
2,0,200,0,100,0,100,0,0,0,1e-06,0.001,0.0,0.0005,0.0,0.0,0.0
10,6,534,268,53,45,53,45,0,0,0.566252,62.916889,93.454,78.18544449999999,3528.201593,149.079391,1838.640492
12,10,1018,838,85,84,85,84,0,0,0.493011,44.425455,49.549668,46.9875615,3105.265356,97.486789,1601.3760725
8,8,364,1902,46,238,46,238,0,0,0.540053,77.150431,69.945289,73.54786,5302.393759,147.811937,2725.102848
12,10,1068,790,89,79,89,79,0,0,0.901355,80.671908,91.851555,86.2617315,5743.568798,131.218953,2937.3938755
2,0,200,0,100,0,100,0,0,0,1e-06,0.001,0.0,0.0005,0.0,0.0,0.0
10,6,1018,268,102,45,102,45,0,0,0.199517,22.168556,35.774199,28.971377500000003,1087.74595,55.807031,571.7764905
22,22,1202,1626,55,74,55,74,0,0,1.146716,54.605525,54.257237,54.431381,3029.071513,3686.669977,3357.870745
12,8,1066,726,89,91,89,91,0,0,0.565542,51.412908,66.433711,58.9233095,2498.472394,82.093625,1290.2830095
2,0,200,0,100,0,100,0,0,0,1e-06,0.001,0.0,0.0005,0.0,0.0,0.0
2,0,200,0,100,0,100,0,0,0,7e-06,0.007,0.0,0.0035,0.0,0.0,0.0
12,8,1060,738,88,92,88,92,0,0,0.788316,71.665094,103.105711,87.3854025,4463.288388,143.548078,2303.418233
2,0,180,0,90,0,90,0,0,0,3e-06,0.003,0.0,0.0015,0.0,0.0,0.0
2,0,180,0,90,0,90,0,0,0,3e-06,0.003,0.0,0.0015,0.0,0.0,0.0
2,0,200,0,100,0,100,0,0,0,7e-06,0.007,0.0,0.0035,0.0,0.0,0.0
2,0,180,0,90,0,90,0,0,0,3e-06,0.003,0.0,0.0015,0.0,0.0,0.0
2,0,200,0,100,0,100,0,0,0,7e-06,0.007,0.0,0.0035,0.0,0.0,0.0
2,0,180,0,90,0,90,0,0,0,3e-06,0.003,0.0,0.0015,0.0,0.0,0.0
2,0,200,0,100,0,100,0,0,0,7e-06,0.007,0.0,0.0035,0.0,0.0,0.0
2,0,180,0,90,0,90,0,0,0,3e-06,0.003,0.0,0.0015,0.0,0.0,0.0
2,0,168,0,84,0,84,0,0,0,9e-06,0.009,0.0,0.0045,0.0,0.0,0.0
2,0,200,0,100,0,100,0,0,0,6e-06,0.006,0.0,0.003,0.0,0.0,0.0
2,0,180,0,90,0,90,0,0,0,3e-06,0.003,0.0,0.0015,0.0,0.0,0.0
2,0,200,0,100,0,100,0,0,0,6e-06,0.006,0.0,0.003,0.0,0.0,0.0
12,8,910,1120,76,140,76,140,0,0,0.967703,87.972999,129.516711,108.744855,5603.19421,185.199172,2894.1966909999996
2,0,180,0,90,0,90,0,0,0,8e-06,0.008,0.0,0.004,0.0,0.0,0.0
2,0,200,0,100,0,100,0,0,0,6e-06,0.006,0.0,0.003,0.0,0.0,0.0
2,0,180,0,90,0,90,0,0,0,2e-06,0.002,0.0,0.001,0.0,0.0,0.0
18,18,2272,1226,126,68,126,68,0,0,1.543292,90.781882,85.389469,88.08567550000001,4655.530841,108.261719,2381.89628
2,0,180,0,90,0,90,0,0,0,2e-06,0.002,0.0,0.001,0.0,0.0,0.0
24,20,3111,1794,130,90,130,90,0,0,2.610357,113.451003,132.948312,123.1996575,5803.160525,160.603328,2981.8819265
2,0,180,0,90,0,90,0,0,0,2e-06,0.002,0.0,0.001,0.0,0.0,0.0
2,0,168,0,84,0,84,0,0,0,8e-06,0.008,0.0,0.004,0.0,0.0,0.0
10,8,826,1068,83,134,83,134,0,0,0.540268,60.029778,67.862,63.945888999999994,3162.892883,115.819187,1639.356035
2,0,200,0,100,0,100,0,0,0,6e-06,0.006,0.0,0.003,0.0,0.0,0.0
2,0,180,0,90,0,90,0,0,0,8e-06,0.008,0.0,0.004,0.0,0.0,0.0
10,8,564,354,56,44,56,44,0,0,0.633181,69.692,89.35243,79.52221499999999,5486.259506,138.825469,2812.5424875000003
2,0,200,0,100,0,100,0,0,0,6e-06,0.006,0.0,0.003,0.0,0.0,0.0
2,0,180,0,90,0,90,0,0,0,8e-06,0.008,0.0,0.004,0.0,0.0,0.0
12,10,3050,824,254,82,254,82,0,0,0.66855,59.668817,69.798,64.7334085,4160.569946,109.243719,2134.9068325
2,0,168,0,84,0,84,0,0,0,9e-06,0.009,0.0,0.0045,0.0,0.0,0.0
2,0,200,0,100,0,100,0,0,0,9e-06,0.009,0.0,0.0045,0.0,0.0,0.0
2,0,180,0,90,0,90,0,0,0,8e-06,0.008,0.0,0.004,0.0,0.0,0.0
10,6,532,268,53,45,53,45,0,0,0.257088,26.303444,40.48,33.391722,1278.658498,52.995703,665.8271005
2,0,200,0,100,0,100,0,0,0,9e-06,0.009,0.0,0.0045,0.0,0.0,0.0
2,0,180,0,90,0,90,0,0,0,8e-06,0.008,0.0,0.004,0.0,0.0,0.0
2,0,200,0,100,0,100,0,0,0,2.6e-05,0.026,0.0,0.013,0.0,0.0,0.0
2,0,180,0,90,0,90,0,0,0,8e-06,0.008,0.0,0.004,0.0,0.0,0.0
12,8,1066,720,89,90,89,90,0,0,0.520287,47.298817,62.09243,54.695623499999996,2415.318529,95.054594,1255.1865615000002
10,6,534,268,53,45,53,45,0,0,0.866894,92.676556,160.776203,126.72637950000001,5104.154133,271.397156,2687.7756445
2,0,200,0,100,0,100,0,0,0,2.6e-05,0.026,0.0,0.013,0.0,0.0,0.0
2,0,180,0,90,0,90,0,0,0,8e-06,0.008,0.0,0.004,0.0,0.0,0.0
12,10,1068,796,89,80,89,80,0,0,0.690802,59.511637,70.345336,64.9284865,3977.87377,99.709281,2038.7915255
2,0,200,0,100,0,100,0,0,0,2.6e-05,0.026,0.0,0.013,0.0,0.0,0.0
2,0,180,0,90,0,90,0,0,0,3.2e-05,0.032,0.0,0.016,0.0,0.0,0.0
2,0,200,0,100,0,100,0,0,0,2.6e-05,0.026,0.0,0.013,0.0,0.0,0.0
2,0,180,0,90,0,90,0,0,0,8e-06,0.008,0.0,0.004,0.0,0.0,0.0
2,0,200,0,100,0,100,0,0,0,2.6e-05,0.026,0.0,0.013,0.0,0.0,0.0
12,8,1060,744,88,93,88,93,0,0,0.555342,48.132544,67.476,57.804272,2454.526618,92.856336,1273.6914769999998
2,0,180,0,90,0,90,0,0,0,1e-06,0.001,0.0,0.0005,0.0,0.0,0.0
12,8,998,760,83,95,83,95,0,0,0.375828,32.077727,45.40557,38.7416485,1662.794869,66.827086,864.8109775
2,0,168,0,84,0,84,0,0,0,5e-06,0.005,0.0,0.0025,0.0,0.0,0.0
2,0,180,0,90,0,90,0,0,0,1e-06,0.001,0.0,0.0005,0.0,0.0,0.0
68,324,3020,415961,44,1284,44,1284,0,0,8.14685,121.594778,24.918297,73.25653750000001,8273.531481,3784.763586,6029.1475335
12,10,998,854,83,85,83,85,0,0,0.64896,58.996365,63.087668,61.0420165,3798.875451,98.163789,1948.51962
12,10,1058,810,88,81,88,81,0,0,0.754361,61.323724,74.554109,67.9389165,4071.269879,103.676367,2087.4731229999998
2,0,180,0,90,0,90,0,0,0,1e-06,0.001,0.0,0.0005,0.0,0.0,0.0
2,0,200,0,100,0,100,0,0,0,9e-06,0.009,0.0,0.0045,0.0,0.0,0.0
2,0,180,0,90,0,90,0,0,0,1e-06,0.001,0.0,0.0005,0.0,0.0,0.0
2,0,200,0,100,0,100,0,0,0,9e-06,0.009,0.0,0.0045,0.0,0.0,0.0
2,0,200,0,100,0,100,0,0,0,9e-06,0.009,0.0,0.0045,0.0,0.0,0.0
2,0,168,0,84,0,84,0,0,0,4e-06,0.004,0.0,0.002,0.0,0.0,0.0
14,10,774,556,55,56,55,56,0,0,0.492629,36.753537,51.972668,44.3631025,1811.198846,68.667695,939.9332705
2,0,200,0,100,0,100,0,0,0,9e-06,0.009,0.0,0.0045,0.0,0.0,0.0
2,0,200,0,100,0,100,0,0,0,9e-06,0.009,0.0,0.0045,0.0,0.0,0.0
12,8,998,748,83,94,83,94,0,0,0.494272,43.555453,58.212145,50.883798999999996,2219.919304,85.735383,1152.8273435
10,6,756,268,76,45,76,45,0,0,0.608218,64.738222,107.220602,85.979412,3290.565946,162.840703,1726.7033245
2,0,200,0,100,0,100,0,0,0,9e-06,0.009,0.0,0.0045,0.0,0.0,0.0
2,0,168,0,84,0,84,0,0,0,9e-06,0.009,0.0,0.0045,0.0,0.0,0.0
10,6,534,268,53,45,53,45,0,0,0.236356,24.489,36.141,30.314999999999998,1268.442691,53.901559,661.1721249999999
10,8,564,354,56,44,56,44,0,0,0.814941,90.433444,110.734711,100.5840775,6586.618554,149.999297,3368.3089255
2,0,168,0,84,0,84,0,0,0,4e-06,0.004,0.0,0.002,0.0,0.0,0.0
10,8,534,354,53,44,53,44,0,0,0.500899,53.531444,65.25543,59.393437000000006,3630.518987,118.928,1874.7234935
10,6,850,268,85,45,85,45,0,0,0.284032,29.869778,45.665801,37.7677895,1538.9452,66.210656,802.577928
10,6,534,268,53,45,53,45,0,0,0.33936,33.735778,57.995199,45.8654885,1777.303369,78.335336,927.8193525
10,6,558,268,56,45,56,45,0,0,0.308309,31.662556,50.966199,41.3143775,1621.366102,71.564375,846.4652384999999
10,6,758,268,76,45,76,45,0,0,0.362676,37.927556,58.916801,48.4221785,2104.017406,82.500828,1093.259117
2,0,958,0,479,0,479,0,0,0,1e-05,0.01,0.0,0.005,0.0,0.0,0.0
20,16,1116,708,56,44,56,44,0,0,32.136795,1691.410316,2137.4635,1914.436908,225779.797,7754.0955,116766.94625
2,0,200,0,100,0,100,0,0,0,9e-06,0.009,0.0,0.0045,0.0,0.0,0.0
20,24,2814,2072,141,86,141,86,0,0,3.543754,186.513372,151.537906,169.025639,10292.73815,196.797531,5244.7678405
10,6,586,268,59,45,59,45,0,0,0.385207,42.800778,63.521602,53.161190000000005,2138.598891,97.492836,1118.0458635
2,0,104,0,52,0,52,0,0,0,1.4e-05,0.014,0.0,0.007,0.0,0.0,0.0
2,0,200,0,100,0,100,0,0,0,9e-06,0.009,0.0,0.0045,0.0,0.0,0.0
10,6,526,268,53,45,53,45,0,0,1.009241,105.804778,186.265406,146.03509200000002,6115.969012,313.359438,3214.664225
10,8,490,354,49,44,49,44,0,0,1.381148,153.460889,187.310422,170.38565549999998,9177.834902,300.647906,4739.241404
10,8,694,354,69,44,69,44,0,0,0.491044,54.560444,60.851855,57.706149499999995,3481.119425,109.47832,1795.2988725
10,6,908,268,91,45,91,45,0,0,0.191806,19.273556,36.839398,28.056477,1124.283451,59.940855,592.112153
2,0,200,0,100,0,100,0,0,0,9e-06,0.009,0.0,0.0045,0.0,0.0,0.0
4,0,400,0,100,0,100,0,0,0,1.428935,476.311656,0.0,238.155828,673.602188,0.0,336.801094
10,8,564,354,56,44,56,44,0,0,0.639174,70.827889,89.513859,80.170874,5484.606782,136.364859,2810.4858205
10,8,656,354,66,44,66,44,0,0,0.464953,51.661444,55.909285,53.7853645,3423.235849,111.298453,1767.267151
2,0,200,0,100,0,100,0,0,0,9e-06,0.009,0.0,0.0045,0.0,0.0,0.0
20,16,1194,708,60,44,60,44,0,0,31.214081,1642.846263,2076.7495,1859.7978815,219012.4689,7520.2895,113266.37920000001
2,0,200,0,100,0,100,0,0,0,9e-06,0.009,0.0,0.0045,0.0,0.0,0.0
2,0,200,0,100,0,100,0,0,0,9e-06,0.009,0.0,0.0045,0.0,0.0,0.0
10,8,756,354,76,44,76,44,0,0,0.598698,65.043222,75.635859,70.3395405,4203.17696,142.249359,2172.7131595
12,14,914,7938,76,567,76,567,0,0,1.672496,152.045085,120.089457,136.067271,10897.5213,7798.232648,9347.876974
10,6,694,268,69,45,69,45,0,0,0.597779,64.225111,88.716398,76.4707545,3440.939794,135.333766,1788.13678
22,24,3211,1902,146,79,146,79,0,0,3.470183,165.24681,141.263094,153.254952,8751.761843,208.318703,4480.0402730000005
2,0,200,0,100,0,100,0,0,0,9e-06,0.009,0.0,0.0045,0.0,0.0,0.0
10,8,564,354,56,44,56,44,0,0,0.654048,72.041889,91.326711,81.68430000000001,5431.891114,138.468375,2785.1797445
2,0,258,0,129,0,129,0,0,0,5e-06,0.005,0.0,0.0025,0.0,0.0,0.0
2,0,200,0,100,0,100,0,0,0,3e-06,0.003,0.0,0.0015,0.0,0.0,0.0
2,0,200,0,100,0,100,0,0,0,9e-06,0.009,0.0,0.0045,0.0,0.0,0.0
2,0,1542,0,771,0,771,0,0,0,4e-06,0.004,0.0,0.002,0.0,0.0,0.0
2,0,200,0,100,0,100,0,0,0,3e-06,0.003,0.0,0.0015,0.0,0.0,0.0
2,0,200,0,100,0,100,0,0,0,9e-06,0.009,0.0,0.0045,0.0,0.0,0.0
24,18,1996,1570,83,87,83,87,0,0,52.100002,2265.212219,3061.7775,2663.4948595,334452.3905,11943.615,173198.00274999999
10,6,756,268,76,45,76,45,0,0,0.441046,44.271444,77.822398,61.046921000000005,2707.186931,109.093508,1408.1402195
2,0,200,0,100,0,100,0,0,0,1e-05,0.01,0.0,0.005,0.0,0.0,0.0
12,8,998,750,83,94,83,94,0,0,0.272076,23.721637,35.226,29.4738185,1205.387557,49.533801,627.460679
10,6,756,268,76,45,76,45,0,0,0.51644,53.921556,75.959797,64.9406765,2821.738605,115.218883,1468.478744
2,0,200,0,100,0,100,0,0,0,1e-05,0.01,0.0,0.005,0.0,0.0,0.0
12,8,998,724,83,91,83,91,0,0,0.328562,28.442091,39.120855,33.781473,1442.420453,46.917336,744.6688945
2,0,1138,0,569,0,569,0,0,0,1.1e-05,0.011,0.0,0.0055,0.0,0.0,0.0
2,0,200,0,100,0,100,0,0,0,1e-05,0.01,0.0,0.005,0.0,0.0,0.0
2,0,168,0,84,0,84,0,0,0,5e-06,0.005,0.0,0.0025,0.0,0.0,0.0
2,0,168,0,84,0,84,0,0,0,1.6e-05,0.016,0.0,0.008,0.0,0.0,0.0
2,0,200,0,100,0,100,0,0,0,8e-06,0.008,0.0,0.004,0.0,0.0,0.0
12,8,998,740,83,93,83,93,0,0,0.328758,28.139818,42.722855,35.4313365,1449.550177,59.681117,754.6156470000001
2,0,168,0,84,0,84,0,0,0,5e-06,0.005,0.0,0.0025,0.0,0.0,0.0
2,0,200,0,100,0,100,0,0,0,8e-06,0.008,0.0,0.004,0.0,0.0,0.0
12,10,998,788,83,79,83,79,0,0,0.616609,54.24009,63.925777,59.082933499999996,3661.319138,107.285984,1884.302561
2,0,200,0,100,0,100,0,0,0,8e-06,0.008,0.0,0.004,0.0,0.0,0.0
12,8,998,754,83,94,83,94,0,0,0.555962,48.507727,70.234141,59.370934,2334.980464,89.677937,1212.3292005
8,8,364,1572,46,197,46,197,0,0,1.184714,169.244857,152.869578,161.05721749999998,11104.3632,297.01975,5700.691475
2,0,200,0,100,0,100,0,0,0,3e-06,0.003,0.0,0.0015,0.0,0.0,0.0
2,0,200,0,100,0,100,0,0,0,5e-06,0.005,0.0,0.0025,0.0,0.0,0.0
2,0,200,0,100,0,100,0,0,0,5e-06,0.005,0.0,0.0025,0.0,0.0,0.0
2,0,200,0,100,0,100,0,0,0,9e-06,0.009,0.0,0.0045,0.0,0.0,0.0
2,0,168,0,84,0,84,0,0,0,9e-06,0.009,0.0,0.0045,0.0,0.0,0.0
10,8,534,354,53,44,53,44,0,0,0.60806,6926.6965,8655.616,7791.15625,686572.9078,22704.686,354638.7969
2,0,200,0,100,0,100,0,0,0,5e-06,0.005,0.0,0.0025,0.0,0.0,0.0
2,0,200,0,100,0,100,0,0,0,9e-06,0.009,0.0,0.0045,0.0,0.0,0.0
2,0,168,0,84,0,84,0,0,0,5e-06,0.005,0.0,0.0025,0.0,0.0,0.0
10,6,756,268,76,45,76,45,0,0,0.597545,64.116333,104.902602,84.5094675,3282.749345,166.847953,1724.798649
16,12,890,678,56,57,56,57,0,0,1.654489,110.299266,140.887,125.593133,5986.009625,195.123781,3090.566703
2,0,168,0,84,0,84,0,0,0,1e-05,0.01,0.0,0.005,0.0,0.0,0.0
14,10,774,556,55,56,55,56,0,0,0.927181,68.286228,91.039219,79.6627235,3360.96755,121.439063,1741.2033064999998
2,0,104,0,52,0,52,0,0,0,8e-06,0.008,0.0,0.004,0.0,0.0,0.0
12,10,998,830,83,83,83,83,0,0,0.731396,63.859273,75.559781,69.70952700000001,3576.712459,128.133172,1852.4228154999998
10,8,826,1088,83,136,83,136,0,0,0.906794,100.754889,120.32357,110.5392295,5312.740057,176.859672,2744.7998645
12,8,998,772,83,97,83,97,0,0,0.356006,32.284726,45.958855,39.1217905,1548.917467,56.983523,802.950495
2,0,104,0,52,0,52,0,0,0,1e-06,0.001,0.0,0.0005,0.0,0.0,0.0
12,8,998,728,83,91,83,91,0,0,0.627586,56.947455,72.28943,64.6184425,2929.46634,94.718578,1512.092459
10,8,564,354,56,44,56,44,0,0,0.627783,69.257444,88.826859,79.0421515,5448.495533,138.446797,2793.471165
10,8,756,354,76,44,76,44,0,0,0.449583,49.068556,59.216,54.142278000000005,3458.650765,112.785242,1785.7180035
14,12,796,678,57,57,57,57,0,0,1.470291,113.099308,119.63782,116.36856399999999,5653.338628,161.162609,2907.2506185
10,10,820,1148,82,115,82,115,0,0,1.024819,113.868778,102.325336,108.097057,7824.926265,164.719641,3994.822953
20,16,1116,708,56,44,56,44,0,0,32.136795,1691.410316,2137.4635,1914.436908,225779.797,7754.0955,116766.94625
2,0,168,0,84,0,84,0,0,0,9e-06,0.009,0.0,0.0045,0.0,0.0,0.0
2,0,200,0,100,0,100,0,0,0,9e-06,0.009,0.0,0.0045,0.0,0.0,0.0
20,16,1116,708,56,44,56,44,0,0,32.136795,1691.410316,2137.4635,1914.436908,225779.797,7754.0955,116766.94625
2,0,200,0,100,0,100,0,0,0,7e-06,0.007,0.0,0.0035,0.0,0.0,0.0
2,0,200,0,100,0,100,0,0,0,9e-06,0.009,0.0,0.0045,0.0,0.0,0.0
10,8,656,354,66,44,66,44,0,0,0.464953,51.661444,55.909285,53.7853645,3423.235849,111.298453,1767.267151
10,8,756,354,76,44,76,44,0,0,0.435317,46.713778,54.35257,50.533174,3275.316665,105.859586,1690.5881255
2,0,200,0,100,0,100,0,0,0,7e-06,0.007,0.0,0.0035,0.0,0.0,0.0
2,0,200,0,100,0,100,0,0,0,9e-06,0.009,0.0,0.0045,0.0,0.0,0.0
10,8,656,354,66,44,66,44,0,0,0.464953,51.661444,55.909285,53.7853645,3423.235849,111.298453,1767.267151
12,8,2806,2844,234,356,234,356,0,0,0.916176,80.567089,106.204289,93.385689,4336.915769,147.113656,2242.0147125000003
2,0,200,0,100,0,100,0,0,0,7e-06,0.007,0.0,0.0035,0.0,0.0,0.0
10,6,756,268,76,45,76,45,0,0,0.70561,71.063,127.327,99.195,4212.28735,200.028875,2206.1581125
2,0,104,0,52,0,52,0,0,0,1e-06,0.001,0.0,0.0005,0.0,0.0,0.0
2,0,200,0,100,0,100,0,0,0,9e-06,0.009,0.0,0.0045,0.0,0.0,0.0
2,0,200,0,100,0,100,0,0,0,9e-06,0.009,0.0,0.0045,0.0,0.0,0.0
10,8,2516,354,252,44,252,44,0,0,0.772082,83.219,97.87343,90.54621499999999,5253.239244,135.699797,2694.4695205000003
10,8,792,1186,79,148,79,148,0,0,0.30608,34.008889,35.254145,34.631517,1792.028829,57.845297,924.9370630000001
2,0,200,0,100,0,100,0,0,0,9e-06,0.009,0.0,0.0045,0.0,0.0,0.0
2,0,168,0,84,0,84,0,0,0,1.5e-05,0.015,0.0,0.0075,0.0,0.0,0.0
10,6,756,268,76,45,76,45,0,0,0.459369,50.945333,79.697398,65.3213655,2726.411401,135.240859,1430.82613
2,0,104,0,52,0,52,0,0,0,1e-06,0.001,0.0,0.0005,0.0,0.0,0.0
10,6,756,268,76,45,76,45,0,0,0.604417,64.982,103.309602,84.145801,3729.033016,163.714188,1946.373602
2,0,200,0,100,0,100,0,0,0,8e-06,0.008,0.0,0.004,0.0,0.0,0.0
10,8,564,354,56,44,56,44,0,0,1.439184,157.008111,186.886719,171.947415,11066.01942,271.653219,5668.8363195
2,0,200,0,100,0,100,0,0,0,8e-06,0.008,0.0,0.004,0.0,0.0,0.0
2,0,200,0,100,0,100,0,0,0,2e-06,0.002,0.0,0.001,0.0,0.0,0.0
2,0,200,0,100,0,100,0,0,0,8e-06,0.008,0.0,0.004,0.0,0.0,0.0
2,0,200,0,100,0,100,0,0,0,2e-06,0.002,0.0,0.001,0.0,0.0,0.0
2,0,200,0,100,0,100,0,0,0,8e-06,0.008,0.0,0.004,0.0,0.0,0.0
2,0,200,0,100,0,100,0,0,0,4e-06,0.004,0.0,0.002,0.0,0.0,0.0
2,0,200,0,100,0,100,0,0,0,8e-06,0.008,0.0,0.004,0.0,0.0,0.0
2,0,168,0,84,0,84,0,0,0,1e-05,0.01,0.0,0.005,0.0,0.0,0.0
2,0,200,0,100,0,100,0,0,0,4e-06,0.004,0.0,0.002,0.0,0.0,0.0
10,6,756,268,76,45,76,45,0,0,0.495081,52.552111,81.015203,66.783657,2712.793726,113.944812,1413.369269
2,0,200,0,100,0,100,0,0,0,8e-06,0.008,0.0,0.004,0.0,0.0,0.0
8,8,364,726,46,91,46,91,0,0,0.562267,80.323855,78.020289,79.172072,5928.700936,156.120625,3042.4107805
2,0,200,0,100,0,100,0,0,0,4e-06,0.004,0.0,0.002,0.0,0.0,0.0
10,8,912,1578,91,197,91,197,0,0,1.17152,130.063778,153.329578,141.69667800000002,6940.651179,250.867063,3595.759121
2,0,168,0,84,0,84,0,0,0,3e-06,0.003,0.0,0.0015,0.0,0.0,0.0
2,0,200,0,100,0,100,0,0,0,4e-06,0.004,0.0,0.002,0.0,0.0,0.0
2,0,200,0,100,0,100,0,0,0,4e-06,0.004,0.0,0.002,0.0,0.0,0.0
2,0,200,0,100,0,100,0,0,0,4e-06,0.004,0.0,0.002,0.0,0.0,0.0
232,50,283226,3180,1221,64,1221,64,0,0,1.666455,7.245457,33.695328,20.470392500000003,836.429507,45.219426,440.82446649999997
2,0,136,0,68,0,68,0,0,0,2.1e-05,0.021,0.0,0.0105,0.0,0.0,0.0
2,0,200,0,100,0,100,0,0,0,8e-06,0.008,0.0,0.004,0.0,0.0,0.0
2,0,200,0,100,0,100,0,0,0,4e-06,0.004,0.0,0.002,0.0,0.0,0.0
10,10,450,3754,45,375,45,375,0,0,0.640828,71.203111,65.283889,68.24350000000001,4879.7593,4234.876347,4557.3178235
2,0,200,0,100,0,100,0,0,0,8e-06,0.008,0.0,0.004,0.0,0.0,0.0
24,64,1250,65422,52,1022,52,1022,0,0,1.054647,45.854217,15.875031,30.864624,2743.352185,1684.28903,2213.8206075
2,0,200,0,100,0,100,0,0,0,8e-06,0.008,0.0,0.004,0.0,0.0,0.0
2,0,200,0,100,0,100,0,0,0,8e-06,0.008,0.0,0.004,0.0,0.0,0.0
28,0,3024,0,108,0,108,0,0,0,1.213061,44.928184,0.0,22.464092,48.961914,0.0,24.480957
2,0,200,0,100,0,100,0,0,0,8e-06,0.008,0.0,0.004,0.0,0.0,0.0
2,0,200,0,100,0,100,0,0,0,4e-06,0.004,0.0,0.002,0.0,0.0,0.0
28,0,3024,0,108,0,108,0,0,0,1.213061,44.928184,0.0,22.464092,48.961914,0.0,24.480957
2,0,200,0,100,0,100,0,0,0,9e-06,0.009,0.0,0.0045,0.0,0.0,0.0
2,0,200,0,100,0,100,0,0,0,4e-06,0.004,0.0,0.002,0.0,0.0,0.0
28,0,3024,0,108,0,108,0,0,0,1.213061,44.928184,0.0,22.464092,48.961914,0.0,24.480957
2,0,200,0,100,0,100,0,0,0,9e-06,0.009,0.0,0.0045,0.0,0.0,0.0
2,0,200,0,100,0,100,0,0,0,3e-06,0.003,0.0,0.0015,0.0,0.0,0.0
2,0,200,0,100,0,100,0,0,0,9e-06,0.009,0.0,0.0045,0.0,0.0,0.0
2,0,200,0,100,0,100,0,0,0,3e-06,0.003,0.0,0.0015,0.0,0.0,0.0
2,0,168,0,84,0,84,0,0,0,8e-06,0.008,0.0,0.004,0.0,0.0,0.0
2,0,200,0,100,0,100,0,0,0,9e-06,0.009,0.0,0.0045,0.0,0.0,0.0
2,0,200,0,100,0,100,0,0,0,9e-06,0.009,0.0,0.0045,0.0,0.0,0.0
2,0,104,0,52,0,52,0,0,0,4e-06,0.004,0.0,0.002,0.0,0.0,0.0
2,0,200,0,100,0,100,0,0,0,6e-06,0.006,0.0,0.003,0.0,0.0,0.0
2,0,200,0,100,0,100,0,0,0,9e-06,0.009,0.0,0.0045,0.0,0.0,0.0
10,6,874,268,87,45,87,45,0,0,0.17828,19.808889,32.6144,26.211644500000002,1025.366561,50.794016,538.0802885
10,8,756,354,76,44,76,44,0,0,0.969299,98.974667,117.36243,108.1685485,6784.311421,150.583484,3467.4474525
2,0,200,0,100,0,100,0,0,0,6e-06,0.006,0.0,0.003,0.0,0.0,0.0
2,0,200,0,100,0,100,0,0,0,9e-06,0.009,0.0,0.0045,0.0,0.0,0.0
20,14,1076,622,54,44,54,44,0,0,31.526554,1657.707632,2422.537,2040.122316,221272.5183,8129.545,114701.03165
2,0,200,0,100,0,100,0,0,0,6e-06,0.006,0.0,0.003,0.0,0.0,0.0
2,0,200,0,100,0,100,0,0,0,9e-06,0.009,0.0,0.0045,0.0,0.0,0.0
30,16,17790,708,593,44,593,44,0,0,40.140011,1384.138276,2670.6225,2027.380388,229034.4491,9732.159,119383.30405
2,0,200,0,100,0,100,0,0,0,6e-06,0.006,0.0,0.003,0.0,0.0,0.0
2,0,200,0,100,0,100,0,0,0,9e-06,0.009,0.0,0.0045,0.0,0.0,0.0
10,8,856,1496,86,187,86,187,0,0,0.350616,38.957333,40.497285,39.727309,1937.499995,56.240652,996.8703234999999
12,10,2832,603,236,60,236,60,0,0,0.316864,26.258091,33.692109,29.9751,1510.678381,40.618707,775.648544
2,0,200,0,100,0,100,0,0,0,8e-06,0.008,0.0,0.004,0.0,0.0,0.0
2,0,168,0,84,0,84,0,0,0,4e-06,0.004,0.0,0.002,0.0,0.0,0.0
10,6,1140,268,114,45,114,45,0,0,0.174964,18.454667,31.081801,24.768234,968.181212,49.167762,508.674487
2,0,200,0,100,0,100,0,0,0,8e-06,0.008,0.0,0.004,0.0,0.0,0.0
10,6,848,268,85,45,85,45,0,0,1.00326,111.360778,184.109406,147.735092,6152.518618,297.337094,3224.9278560000002
22,22,1178,1646,54,75,54,75,0,0,2.135829,101.660574,98.592763,100.1266685,5162.462137,6170.835693,5666.648915
2,0,200,0,100,0,100,0,0,0,3e-06,0.003,0.0,0.0015,0.0,0.0,0.0
22,22,1190,1614,54,73,54,73,0,0,1.098737,52.32081,51.423617,51.8722135,2834.986284,77.920891,1456.4535875000001
2,0,200,0,100,0,100,0,0,0,9e-06,0.009,0.0,0.0045,0.0,0.0,0.0
20,12,1092,536,55,45,55,45,0,0,31.885889,1677.405316,2894.9915,2286.198408,224988.2091,8920.39,116954.29955
2,0,200,0,100,0,100,0,0,0,3e-06,0.003,0.0,0.0015,0.0,0.0,0.0
2,0,200,0,100,0,100,0,0,0,9e-06,0.009,0.0,0.0045,0.0,0.0,0.0
48,274,2464,353377,51,1290,51,1290,0,0,1.330859,28.30566,4.793647,16.549653499999998,1513.864537,632.926464,1073.3955005
2,0,224,0,112,0,112,0,0,0,9e-06,0.009,0.0,0.0045,0.0,0.0,0.0
2,0,200,0,100,0,100,0,0,0,3e-06,0.003,0.0,0.0015,0.0,0.0,0.0
2,0,200,0,100,0,100,0,0,0,9e-06,0.009,0.0,0.0045,0.0,0.0,0.0
8,8,364,680,46,85,46,85,0,0,0.303489,43.355571,39.617,41.486285499999994,2668.187385,82.097719,1375.142552
10,6,738,268,74,45,74,45,0,0,0.572132,61.618444,101.798398,81.708421,3456.147725,169.30275,1812.7252374999998
2,0,200,0,100,0,100,0,0,0,3e-06,0.003,0.0,0.0015,0.0,0.0,0.0
2,0,200,0,100,0,100,0,0,0,9e-06,0.009,0.0,0.0045,0.0,0.0,0.0
2,0,168,0,84,0,84,0,0,0,9e-06,0.009,0.0,0.0045,0.0,0.0,0.0
60,16,68023,698,1134,44,1134,44,0,0,1.837185,31.116458,120.603531,75.8599945,3863.780625,167.632781,2015.7067029999998
10,6,490,268,49,45,49,45,0,0,0.74829,80.154,133.358594,106.756297,4608.211813,220.953,2414.5824065
2,0,200,0,100,0,100,0,0,0,9e-06,0.009,0.0,0.0045,0.0,0.0,0.0
2,0,200,0,100,0,100,0,0,0,3e-06,0.003,0.0,0.0015,0.0,0.0,0.0
2,0,200,0,100,0,100,0,0,0,9e-06,0.009,0.0,0.0045,0.0,0.0,0.0
2,0,200,0,100,0,100,0,0,0,3e-06,0.003,0.0,0.0015,0.0,0.0,0.0
10,6,546,268,55,45,55,45,0,0,0.532064,54.067222,80.995,67.53111100000001,2913.454544,115.383883,1514.4192135
2,0,200,0,100,0,100,0,0,0,9e-06,0.009,0.0,0.0045,0.0,0.0,0.0
2,0,200,0,100,0,100,0,0,0,9e-06,0.009,0.0,0.0045,0.0,0.0,0.0
10,6,756,268,76,45,76,45,0,0,0.67156,70.165778,111.728398,90.94708800000001,3811.184749,179.111953,1995.148351
2,0,200,0,100,0,100,0,0,0,3e-06,0.003,0.0,0.0015,0.0,0.0,0.0
10,6,1506,268,151,45,151,45,0,0,0.448497,47.443889,76.935,62.1894445,2513.411901,118.78432,1316.0981105
10,8,756,354,76,44,76,44,0,0,1.808794,200.977111,242.692719,221.83491500000002,12255.90028,377.869062,6316.884671
2,0,200,0,100,0,100,0,0,0,8e-06,0.008,0.0,0.004,0.0,0.0,0.0
2,0,200,0,100,0,100,0,0,0,3e-06,0.003,0.0,0.0015,0.0,0.0,0.0
16,16,818,898,51,56,51,56,0,0,1.320882,88.058801,84.322602,86.1907015,4402.152806,100.479836,2251.3163210000002
2,0,200,0,100,0,100,0,0,0,8e-06,0.008,0.0,0.004,0.0,0.0,0.0
2,0,200,0,100,0,100,0,0,0,3e-06,0.003,0.0,0.0015,0.0,0.0,0.0
10,6,566,268,57,45,57,45,0,0,0.603719,60.070556,107.948203,84.00937950000001,3354.846236,161.554781,1758.2005084999998
2,0,200,0,100,0,100,0,0,0,8e-06,0.008,0.0,0.004,0.0,0.0,0.0
2,0,168,0,84,0,84,0,0,0,9e-06,0.009,0.0,0.0045,0.0,0.0,0.0
10,8,806,1062,81,133,81,133,0,0,0.577172,64.130222,59.993855,62.0620385,3192.071818,90.668547,1641.3701825
2,0,168,0,84,0,84,0,0,0,3e-06,0.003,0.0,0.0015,0.0,0.0,0.0
2,0,200,0,100,0,100,0,0,0,9e-06,0.009,0.0,0.0045,0.0,0.0,0.0
40,22,32400,1756,810,80,810,80,0,0,1.862686,47.736179,85.300711,66.518445,3496.898424,114.686469,1805.7924465
2,0,200,0,100,0,100,0,0,0,9e-06,0.009,0.0,0.0045,0.0,0.0,0.0
64,26,64370,2088,1006,80,1006,80,0,0,1.819802,28.87127,69.748242,49.309756,2272.909441,82.194531,1177.551986
2,0,200,0,100,0,100,0,0,0,9e-06,0.009,0.0,0.0045,0.0,0.0,0.0
38,148,1722,174110,45,1176,45,1176,0,0,2.233775,60.372298,14.777551,37.5749245,2849.081736,1363.976152,2106.528944
2,0,200,0,100,0,100,0,0,0,9e-06,0.009,0.0,0.0045,0.0,0.0,0.0
2,0,200,0,100,0,100,0,0,0,9e-06,0.009,0.0,0.0045,0.0,0.0,0.0
10,8,922,354,92,44,92,44,0,0,0.517035,57.448333,63.394285,60.421309,3666.149028,123.300531,1894.7247794999998
2,0,200,0,100,0,100,0,0,0,9e-06,0.009,0.0,0.0045,0.0,0.0,0.0
10,8,564,354,56,44,56,44,0,0,0.655826,71.965444,91.903141,81.9342925,5523.310958,142.068609,2832.6897835
2,0,200,0,100,0,100,0,0,0,9e-06,0.009,0.0,0.0045,0.0,0.0,0.0
10,8,858,1954,86,244,86,244,0,0,0.293435,32.603889,40.602285,36.603087,1594.922919,56.869004,825.8959615
20,20,3226,1738,161,87,161,87,0,0,0.857264,45.119158,44.069156,44.594156999999996,2196.978568,53.024957,1125.0017625
10,8,834,2774,83,347,83,347,0,0,0.29067,32.296667,38.478145,35.387406,1636.579284,59.594992,848.087138
10,6,984,268,98,45,98,45,0,0,0.243521,24.216667,43.125199,33.670933000000005,1231.583705,61.803859,646.693782
10,6,872,268,87,45,87,45,0,0,0.283558,26.253,45.022199,35.6375995,1345.739753,57.241719,701.4907360000001
10,8,486,354,49,44,49,44,0,0,0.490641,52.382222,60.65657,56.519396,3469.546617,106.298539,1787.922578
20,14,1000,622,50,44,50,44,0,0,51.07135,2683.930632,3924.4295,3304.180066,360224.8161,13238.34,186731.57805
10,6,490,268,49,45,49,45,0,0,0.392098,39.734333,59.969801,49.852067,2159.608472,89.214305,1124.4113885
10,6,490,268,49,45,49,45,0,0,0.517737,53.176556,91.459797,72.31817649999999,2815.07366,135.349344,1475.211502
10,6,490,268,49,45,49,45,0,0,0.541121,55.198444,87.561,71.379722,2887.649006,134.544531,1511.0967685
10,6,490,268,49,45,49,45,0,0,0.504763,52.822,78.769797,65.79589849999999,2639.677105,106.901617,1373.289361
2,0,486,0,243,0,243,0,0,0,4e-06,0.004,0.0,0.002,0.0,0.0,0.0
10,6,910,268,91,45,91,45,0,0,0.470037,49.515111,79.236,64.3755555,2893.37998,104.489859,1498.9349195
10,8,982,354,98,44,98,44,0,0,0.999266,103.225111,132.248422,117.7367665,5783.581735,253.088531,3018.335133
2,0,138,0,69,0,69,0,0,0,3e-06,0.003,0.0,0.0015,0.0,0.0,0.0
2,0,168,0,84,0,84,0,0,0,8e-06,0.008,0.0,0.004,0.0,0.0,0.0
10,8,564,354,56,44,56,44,0,0,1.19352,132.513333,154.676719,143.595026,7616.295825,229.674125,3922.9849750000003
14,12,1834,3488,131,291,131,291,0,0,1.249026,96.078923,107.558547,101.818735,4796.50318,144.979234,2470.741207
12,8,1030,774,86,97,86,97,0,0,1.017603,88.635362,136.375281,112.50532150000001,4827.568858,209.723953,2518.6464054999997
12,8,1014,768,85,96,85,96,0,0,0.806975,66.802276,104.720141,85.76120850000001,3740.196453,135.981156,1938.0888045
2,0,168,0,84,0,84,0,0,0,8e-06,0.008,0.0,0.004,0.0,0.0,0.0
24,20,2048,1626,85,81,85,81,0,0,44.398197,1930.321477,2331.797,2131.0592385,276094.8833,9338.716,142716.79965
24,16,2240,1518,93,95,93,95,0,0,52.554379,2282.488655,3493.87675,2888.1827025000002,333048.4906,12588.753,172818.62180000002
14,10,3142,818,224,82,224,82,0,0,4.360588,333.505683,471.104875,402.305279,25807.27152,969.790813,13388.531166499999
12,10,1092,800,91,80,91,80,0,0,1.708344,147.423455,179.297438,163.3604465,9646.689268,248.373906,4947.531587
12,10,1388,1800,116,180,116,180,0,0,1.429216,129.928727,147.629437,138.77908200000002,7028.449885,267.603187,3648.026536
12,8,1016,740,85,93,85,93,0,0,1.316747,110.933638,173.760281,142.3469595,5966.205673,252.843953,3109.524813
12,10,2036,812,170,81,170,81,0,0,1.983634,171.984278,209.815109,190.8996935,10341.01837,317.610875,5329.3146225
12,10,3052,810,254,81,254,81,0,0,1.573415,143.03773,158.897781,150.9677555,7805.921328,289.152031,4047.5366795
82,28,84317,2128,1028,76,1028,76,0,0,2.559726,31.601556,89.824742,60.713149,2595.116976,99.60175,1347.3593629999998
22,10,17788,776,809,78,809,78,0,0,1.065288,47.602379,108.892219,78.247299,3454.041231,152.524391,1803.282811
12,8,1238,700,103,88,103,88,0,0,0.791148,69.642999,98.85543,84.2492145,3467.804293,135.463453,1801.633873
30,94,1404,103288,47,1099,47,1099,0,0,3.033824,104.614342,31.469527,68.0419345,5305.717864,2829.238932,4067.478398
12,10,1230,830,103,83,103,83,0,0,1.196309,100.113457,116.642555,108.378006,5557.442745,177.668672,2867.5557085
22,10,17792,810,809,81,809,81,0,0,1.059406,48.938617,110.936336,79.9374765,3535.841425,181.825328,1858.8333765
12,10,1238,842,103,84,103,84,0,0,1.138258,99.222094,116.756445,107.9892695,6639.405447,151.000703,3395.203075
10,6,532,268,53,45,53,45,0,0,0.300073,30.764222,51.725398,41.24481,1515.308836,70.829844,793.06934
12,20,1278,17462,107,873,107,873,0,0,1.498402,136.218358,67.581054,101.899706,8001.771438,5003.306831,6502.5391345
12,10,1234,800,103,80,103,80,0,0,1.348114,108.203003,141.123891,124.66344699999999,6463.3698,218.330078,3340.849939
10,6,552,268,55,45,55,45,0,0,0.567117,58.886333,97.081,77.9836665,3182.675739,143.528016,1663.1018775
12,8,1132,736,94,92,94,92,0,0,1.120945,2701.394668,4056.867,3379.130834,286075.4743,10352.883,148214.17865
12,8,1132,736,94,92,94,92,0,0,1.120945,2701.394668,4056.867,3379.130834,286075.4743,10352.883,148214.17865
20,16,1108,708,55,44,55,44,0,0,31.6392,1664.515895,2105.8175,1885.1666975,220039.6434,7559.8765,113799.75995
8,10,364,3754,46,375,46,375,0,0,1.390232,198.487571,143.064667,170.776119,13271.51638,10140.27336,11705.89487
10,6,1014,268,101,45,101,45,0,0,0.652122,69.125556,113.981,91.553278,3481.716721,175.779266,1828.7479935
2,0,168,0,84,0,84,0,0,0,3e-06,0.003,0.0,0.0015,0.0,0.0,0.0
12,8,994,730,83,91,83,91,0,0,2.027196,176.379188,275.494562,225.936875,10958.48847,448.288875,5703.3886725
12,10,1110,806,93,81,93,81,0,0,1.975608,179.516097,204.618328,192.06721249999998,10048.85338,396.904594,5222.878987
24,22,1244,1626,52,74,52,74,0,0,1.125833,48.949261,52.660617,50.804939000000005,2818.87337,95.272492,1457.072931
10,8,1014,354,101,44,101,44,0,0,1.158658,126.314556,156.470422,141.392489,8017.220832,235.231812,4126.226322
14,12,1230,896,88,75,88,75,0,0,7.817873,601.374846,698.271813,649.8233295,41889.96791,1308.5765,21599.272205
28,0,3024,0,108,0,108,0,0,0,1.213061,44.928184,0.0,22.464092,48.961914,0.0,24.480957
10,8,1060,354,106,44,106,44,0,0,2.706382,292.330111,368.150438,330.2402745,19574.07661,798.74125,10186.40893
14,10,5158,808,368,81,368,81,0,0,2.493805,189.196532,259.068328,224.13243,12652.08872,516.235125,6584.1619224999995
10,6,1194,268,119,45,119,45,0,0,0.406319,45.146556,72.388398,58.767477,2978.5365,134.641766,1556.5891330000002
12,8,994,716,83,90,83,90,0,0,0.952719,93.571497,121.951859,107.76167799999999,4754.994701,180.563516,2467.7791085
10,6,598,268,60,45,60,45,0,0,0.213658,23.739778,38.104801,30.9222895,1152.51092,59.321645,605.9162825
10,8,1526,354,153,44,153,44,0,0,1.207995,128.505,163.302422,145.903711,8634.443474,233.226219,4433.8348465
20,8,17584,354,879,44,879,44,0,0,1.007341,52.967264,128.232711,90.5999875,3799.31114,178.065672,1988.688406
20,14,1076,622,54,44,54,44,0,0,31.526554,1657.707632,2422.537,2040.122316,221272.5183,8129.545,114701.03165
10,8,538,354,54,44,54,44,0,0,0.562042,62.255889,72.23557,67.2457295,3786.487237,136.135078,1961.3111574999998
10,10,836,1362,84,136,84,136,0,0,2.69227,299.030556,286.560781,292.79566850000003,18562.86248,601.233438,9582.047959
10,8,2550,354,255,44,255,44,0,0,0.492759,51.920778,61.299285,56.6100315,3554.909722,109.654656,1832.282189
12,10,1036,796,86,80,86,80,0,0,15.156556,1377.753591,1669.0465,1523.4000455,107766.124,3446.601,55606.362499999996
10,6,674,268,67,45,67,45,0,0,0.352085,37.928444,54.518199,46.2233215,1977.093261,86.499719,1031.79649
10,8,564,354,56,44,56,44,0,0,3.653889,405.987667,507.930844,456.9592555,31987.76372,939.87025,16463.816985
10,6,898,268,90,45,90,45,0,0,0.863428,92.135444,149.857797,120.9966205,4883.024546,249.957391,2566.4909685
10,6,2550,268,255,45,255,45,0,0,0.458676,49.548222,83.103797,66.3260095,2777.013423,141.882906,1459.4481644999998
10,6,738,268,74,45,74,45,0,0,0.390952,43.439111,62.407199,52.923154999999994,2146.604129,110.038867,1128.321498
10,6,490,268,49,45,49,45,0,0,0.557928,61.992,103.891797,82.9418985,3232.750752,176.20375,1704.477251
10,8,2516,354,252,44,252,44,0,0,1.207965,134.218333,161.757719,147.988026,10111.51208,242.543109,5177.0275945
2,0,1064,0,532,0,532,0,0,0,1e-05,0.01,0.0,0.005,0.0,0.0,0.0
10,6,996,268,100,45,100,45,0,0,0.420819,42.747111,77.602602,60.174856500000004,2096.125385,109.459203,1102.7922939999999
10,8,814,1060,81,133,81,133,0,0,0.607393,67.488111,75.95557,71.7218405,3316.824338,113.822172,1715.323255
10,6,2530,268,253,45,253,45,0,0,0.70461,73.583889,125.246602,99.4152455,4218.854243,198.421781,2208.638012
18,8,15024,354,835,44,835,44,0,0,0.751292,38.461411,96.631859,67.54663500000001,3018.890287,146.781156,1582.8357215
4,0,394,0,99,0,99,0,0,0,40.606144,13535.383,0.0,6767.6915,19141.912,0.0,9570.956
14,12,948,682,68,57,68,57,0,0,1.538933,116.448923,133.781906,125.11541449999999,6763.8543,184.426516,3474.140408
10,10,820,1352,82,135,82,135,0,0,0.868895,96.543889,73.084891,84.81439,5490.323121,133.384547,2811.853834
10,6,504,268,50,45,50,45,0,0,0.457578,45.649667,81.805398,63.727532499999995,2358.800049,121.071492,1239.9357705
50,24,41131,1826,823,76,823,76,0,0,2.116161,43.186959,88.567305,65.877132,3326.446675,122.674898,1724.5607865000002
14,12,698,682,50,57,50,57,0,0,2.149527,163.03038,180.045359,171.5378695,9248.679535,226.475937,4737.577735999999
10,8,882,354,88,44,88,44,0,0,0.511064,54.127667,69.541141,61.834404,3664.660783,125.995953,1895.328368
22,42,1046,32398,48,771,48,771,0,0,4.921554,234.31667,118.007971,176.1623205,13267.16357,8500.995008,10884.079289000001
12,8,1130,734,94,92,94,92,0,0,0.317482,28.862,41.687855,35.2749275,1428.98684,55.163684,742.0752620000001
10,8,818,1172,82,147,82,147,0,0,0.700927,77.870333,86.660141,82.265237,4288.199799,130.817617,2209.508708
14,12,698,682,50,57,50,57,0,0,4.794955,368.842702,418.925625,393.8841635,32584.48001,1064.97525,16824.72763
12,8,1022,718,85,90,85,90,0,0,0.242355,20.949818,30.492857,25.7213375,1083.919371,43.580078,563.7497245
14,10,5154,854,368,85,368,85,0,0,2.561882,197.05923,263.600875,230.3300525,12610.33361,377.74725,6494.04043
12,10,1110,800,93,80,93,80,0,0,2.670864,238.267085,281.462781,259.864933,15605.13497,452.43525,8028.78511
12,10,1110,816,93,82,93,82,0,0,3.059279,273.439989,327.13,300.28499450000004,20640.98596,511.833281,10576.4096205
12,8,1010,762,84,95,84,95,0,0,0.43732,37.765638,58.51443,48.140034,1991.25365,77.394867,1034.3242585
10,8,2516,354,252,44,252,44,0,0,0.86039,92.509889,110.65057,101.5802295,5584.575398,160.603766,2872.589582
12,8,1008,766,84,96,84,96,0,0,0.668349,60.759,88.942141,74.8505705,3423.412703,142.204016,1782.8083595
2,0,1064,0,532,0,532,0,0,0,1.1e-05,0.011,0.0,0.0055,0.0,0.0,0.0
10,20,832,16584,83,829,83,829,0,0,3.080866,342.318444,158.384632,250.351538,22515.41704,13988.50603,18251.961535000002
10,6,950,268,95,45,95,45,0,0,0.21108,21.081222,35.450801,28.266011499999998,1130.106792,50.664906,590.385849
16,12,786,682,49,57,49,57,0,0,2.253175,147.077073,198.602453,172.839763,8485.074343,251.330547,4368.202445
10,6,974,268,97,45,97,45,0,0,0.202542,20.794,38.513,29.6535,1084.683724,63.032863,573.8582935
16,12,2826,682,177,57,177,57,0,0,1.594699,106.243801,137.150453,121.697127,6029.121493,170.197766,3099.6596295
10,6,2562,268,256,45,256,45,0,0,0.228058,25.339778,44.094,34.716889,1205.731979,64.079562,634.9057704999999
2,0,1064,0,532,0,532,0,0,0,2e-06,0.002,0.0,0.001,0.0,0.0,0.0
12,8,1106,740,92,93,92,93,0,0,0.343731,30.214001,45.31457,37.7642855,1663.739098,64.867168,864.303133
10,6,2516,268,252,45,252,45,0,0,0.615942,68.438,103.711602,86.07480100000001,3525.160891,168.708844,1846.9348675
12,8,1110,754,93,94,93,94,0,0,0.946809,82.689001,113.286289,97.987645,4751.396297,156.0085,2453.7023985
2,0,168,0,84,0,84,0,0,0,8e-06,0.008,0.0,0.004,0.0,0.0,0.0
2,0,1064,0,532,0,532,0,0,0,5e-06,0.005,0.0,0.0025,0.0,0.0,0.0
24,14,17476,768,728,55,728,55,0,0,2.5908,111.418352,189.422391,150.4203715,10419.18307,387.705688,5403.444379
10,8,564,354,56,44,56,44,0,0,0.780378,86.697111,105.221859,95.959485,6168.555551,150.183516,3159.3695335
14,10,5154,804,368,80,368,80,0,0,1.690074,127.009764,176.426437,151.7181005,7853.550948,279.732781,4066.6418645
12,8,2026,762,169,95,169,95,0,0,0.323524,26.660182,40.556855,33.6085185,1306.229618,48.631031,677.4303245
10,6,486,268,49,45,49,45,0,0,0.370285,38.598111,53.158199,45.87815500000001,2079.567853,82.026203,1080.797028
2,0,168,0,84,0,84,0,0,0,1.1e-05,0.011,0.0,0.0055,0.0,0.0,0.0
24,10,17872,844,745,84,745,84,0,0,0.80395,34.230131,83.566555,58.898343,2874.054347,163.599375,1518.826861
10,6,486,268,49,45,49,45,0,0,0.356999,37.775333,59.149602,48.4624675,1878.213957,80.195008,979.2044824999999
12,8,1044,718,87,90,87,90,0,0,1.402218,125.092631,186.528422,155.8105265,7047.131126,271.540844,3659.335985
20,20,964,2314,48,116,48,116,0,0,1.815578,95.556738,90.525102,93.04092,4721.191112,110.111484,2415.651298
14,12,700,682,50,57,50,57,0,0,2.031541,151.509303,177.103359,164.306331,9932.008783,286.185063,5109.096923
10,6,2516,268,252,45,252,45,0,0,0.573491,61.622889,102.41075,82.0168195,3277.868464,130.274375,1704.0714195
12,10,1110,806,93,81,93,81,0,0,3.954038,356.540358,427.366781,391.9535695,24390.44369,817.483438,12603.963564
10,6,490,268,49,45,49,45,0,0,0.45008,47.990889,71.148797,59.569843000000006,2502.493211,107.668711,1305.080961
12,8,1066,732,89,92,89,92,0,0,0.570226,48.183819,72.15243,60.1681245,2942.590436,100.913211,1521.7518235
10,8,564,354,56,44,56,44,0,0,2.060678,224.221667,281.742844,252.9822555,13833.61675,429.766344,7131.691546999999
10,8,490,354,49,44,49,44,0,0,0.631484,70.056889,80.19357,75.12522949999999,4498.761466,127.501703,2313.1315845
10,6,2516,268,252,45,252,45,0,0,0.896173,96.638222,168.255797,132.4470095,5586.813708,294.01175,2940.4127289999997
10,8,490,354,49,44,49,44,0,0,0.605326,61.570889,75.867289,68.719089,4031.64183,117.021852,2074.331841
12,10,994,796,83,80,83,80,0,0,3.423032,311.184733,371.262781,341.223757,20397.73254,678.938125,10538.3353325
10,6,622,268,62,45,62,45,0,0,0.518609,54.853778,80.075398,67.464588,2860.643527,118.612703,1489.628115
36,14,34706,1006,964,72,964,72,0,0,2.706775,77.304087,201.404313,139.3542,8204.869078,331.831125,4268.3501015
12,8,3678,354,307,44,307,44,0,0,0.586599,51.565727,71.933289,61.749508000000006,0.0,122.255297,61.1276485
36,14,34706,1006,964,72,964,72,0,0,2.706775,77.304087,201.404313,139.3542,8204.869078,331.831125,4268.3501015
10,6,948,268,95,45,95,45,0,0,0.558459,61.947,96.590203,79.2686015,3248.118445,127.904938,1688.0116915
12,10,1044,836,87,84,87,84,0,0,1.714857,155.896088,179.059219,167.4776535,8845.350501,267.052656,4556.2015785
10,8,2516,354,252,44,252,44,0,0,0.975481,106.112222,125.500711,115.8064665,5790.836741,260.460547,3025.648644
14,6,6830,268,488,45,488,45,0,0,0.556462,40.792614,95.072203,67.93240850000001,2435.039149,138.298578,1286.6688635
12,10,1106,810,92,81,92,81,0,0,2.004389,177.839636,212.005781,194.9227085,10612.00476,398.215875,5505.1103175
14,12,948,682,68,57,68,57,0,0,2.238751,172.160995,193.432734,182.79686450000003,10360.74131,264.843031,5312.7921705
10,6,970,268,97,45,97,45,0,0,0.666371,69.051444,116.144398,92.597921,3596.371276,171.521641,1883.9464584999998
12,10,1042,848,87,85,87,85,0,0,2.792146,250.964722,299.052219,275.0084705,17339.15174,634.031938,8986.591839
10,6,1396,268,140,45,140,45,0,0,0.705358,78.264111,124.095203,101.17965699999999,4023.674924,199.188391,2111.4316575
12,10,980,804,82,80,82,80,0,0,1.957822,174.096097,204.243437,189.16976699999998,11972.453,275.925969,6124.1894845
10,6,910,268,91,45,91,45,0,0,0.642765,68.597889,107.667797,88.132843,3402.540843,159.940031,1781.2404370000002
12,8,3808,354,317,44,317,44,0,0,1.69946,154.485913,230.577422,192.53166750000003,10067.15854,420.508188,5243.833364
24,14,17476,768,728,55,728,55,0,0,1.716041,74.569261,119.998383,97.283822,4870.40658,153.583438,2511.9950089999998
10,6,1588,268,159,45,159,45,0,0,0.571828,63.536444,93.548797,78.5426205,3262.091525,140.802875,1701.4471999999998
10,8,534,354,53,44,53,44,0,0,2.938814,316.702111,410.234719,363.468415,21797.07927,600.0855,11198.582385
10,6,954,268,95,45,95,45,0,0,0.661169,67.898222,107.813203,87.85571250000001,3632.538771,155.786078,1894.1624245
14,6,6830,268,488,45,488,45,0,0,0.550627,42.284615,90.491203,66.38790900000001,2720.400906,147.466297,1433.9336015
12,8,1258,756,105,95,105,95,0,0,0.784696,69.866544,93.796141,81.8313425,3513.30651,123.92232,1818.614415
10,6,1908,268,191,45,191,45,0,0,0.543741,52.154,87.243797,69.6988985,2828.638443,117.919516,1473.2789794999999
60,14,68195,612,1137,44,1137,44,0,0,1.749239,28.595593,123.978539,76.287066,2765.487744,172.128391,1468.8080675
2,0,168,0,84,0,84,0,0,0,8e-06,0.008,0.0,0.004,0.0,0.0,0.0
12,10,1106,816,92,82,92,82,0,0,2.477515,220.646097,261.230437,240.938267,13206.11754,376.393813,6791.2556765
12,10,1290,3204,108,320,108,320,0,0,1.052946,95.722364,107.568,101.645182,4695.905788,158.383266,2427.144527
2,0,200,0,100,0,100,0,0,0,9e-06,0.009,0.0,0.0045,0.0,0.0,0.0
48,22,40090,2826,835,128,835,128,0,0,1.028349,21.879766,48.192477,35.0361215,1505.780304,60.82073,783.3005169999999
10,8,2228,354,223,44,223,44,0,0,0.876273,97.363667,111.30557,104.3346185,5616.345457,167.746828,2892.0461425000003
64,350,3094,473667,48,1353,48,1353,0,0,5.409541,85.851572,15.340994,50.596283,4189.659823,1773.262299,2981.461061
10,6,512,268,51,45,51,45,0,0,1.103815,116.423778,193.520594,154.972186,6259.077878,297.269906,3278.173892
2,0,200,0,100,0,100,0,0,0,9e-06,0.009,0.0,0.0045,0.0,0.0,0.0
10,8,836,354,84,44,84,44,0,0,1.176249,125.766778,156.459,141.112889,6957.158461,251.203406,3604.1809335
10,8,550,354,55,44,55,44,0,0,0.938298,95.456889,123.517,109.48694449999999,5417.508919,201.730203,2809.619561
12,10,1234,848,103,85,103,85,0,0,1.640878,140.052179,168.275328,154.16375349999998,7825.715582,294.713094,4060.2143379999998
2,0,200,0,100,0,100,0,0,0,9e-06,0.009,0.0,0.0045,0.0,0.0,0.0
10,6,512,268,51,45,51,45,0,0,1.103815,116.423778,193.520594,154.972186,6259.077878,297.269906,3278.173892
2,0,200,0,100,0,100,0,0,0,9e-06,0.009,0.0,0.0045,0.0,0.0,0.0
10,8,564,354,56,44,56,44,0,0,1.281481,132.427778,198.056,165.24188900000001,9092.684941,230.902672,4661.7938065
12,8,1200,722,100,90,100,90,0,0,1.095252,99.568361,140.925141,120.24675099999999,5256.473727,212.933562,2734.7036445
2,0,200,0,100,0,100,0,0,0,9e-06,0.009,0.0,0.0045,0.0,0.0,0.0
14,42,956,47266,68,1125,68,1125,0,0,1.669591,128.376303,38.090489,83.233396,7240.392057,4300.74716,5770.5696085
20,0,1280,0,64,0,64,0,0,0,22.04829,1160.436375,0.0,580.2181875,1438.506125,0.0,719.2530625
14,12,798,604,57,50,57,50,0,0,2.040391,155.066692,166.170187,160.6184395,8832.797521,315.687406,4574.242463500001
2,0,200,0,100,0,100,0,0,0,9e-06,0.009,0.0,0.0045,0.0,0.0,0.0
12,8,1238,758,103,95,103,95,0,0,0.896799,79.719,115.402289,97.5606445,4225.753654,150.896844,2188.325249
2,0,200,0,100,0,100,0,0,0,9e-06,0.009,0.0,0.0045,0.0,0.0,0.0
60,16,68197,698,1137,44,1137,44,0,0,3.009991,50.09312,189.234266,119.663693,6524.303293,375.544125,3449.923709
200,48,238270,3028,1191,63,1191,63,0,0,4.787197,24.056266,99.461555,61.7589105,2672.965141,133.813187,1403.3891640000002
2,0,200,0,100,0,100,0,0,0,9e-06,0.009,0.0,0.0045,0.0,0.0,0.0
12,10,1226,456,102,46,102,46,0,0,1.65608,148.091361,172.139438,160.11539950000002,8893.355803,263.749687,4578.552745
30,22,15671,1882,522,86,522,86,0,0,2.420196,83.455036,109.858766,96.656901,4722.771111,139.803859,2431.287485
60,14,68193,612,1137,44,1137,44,0,0,1.542718,25.180695,112.210539,68.695617,2429.420622,153.816125,1291.6183735
2,0,200,0,100,0,100,0,0,0,9e-06,0.009,0.0,0.0045,0.0,0.0,0.0
12,10,1068,836,89,84,89,84,0,0,1.079702,92.757815,105.471445,99.11463,5260.024162,177.450547,2718.7373545
44,24,31359,2050,713,85,713,85,0,0,3.62041,84.195581,153.764344,118.9799625,5744.892583,217.013875,2980.9532289999997
2,0,200,0,100,0,100,0,0,0,1e-06,0.001,0.0,0.0005,0.0,0.0,0.0
10,8,872,1060,87,133,87,133,0,0,1.179392,131.043556,154.804422,142.923989,7459.127744,315.748063,3887.4379035
12,10,982,844,82,84,82,84,0,0,1.850715,164.803812,190.910891,177.8573515,9780.13357,362.569313,5071.3514415
2,0,200,0,100,0,100,0,0,0,1e-06,0.001,0.0,0.0005,0.0,0.0,0.0
44,24,36740,1946,835,81,835,81,0,0,3.435525,79.89593,142.493,111.19446500000001,7140.028066,262.804031,3701.4160484999998
60,14,68191,612,1137,44,1137,44,0,0,1.506999,24.375293,108.571461,66.473377,2441.962232,155.002438,1298.482335
2,0,200,0,100,0,100,0,0,0,1e-06,0.001,0.0,0.0005,0.0,0.0,0.0
2,0,330,0,165,0,165,0,0,0,9e-06,0.009,0.0,0.0045,0.0,0.0,0.0
24,22,1264,1656,53,75,53,75,0,0,4.280539,186.110386,199.013187,192.56178649999998,10934.2112,374.709531,5654.4603655
10,10,810,1668,81,167,81,167,0,0,2.240303,248.813,234.219891,241.51644549999997,14760.02345,491.124375,7625.5739125
2,0,200,0,100,0,100,0,0,0,1e-06,0.001,0.0,0.0005,0.0,0.0,0.0
2,0,912,0,456,0,456,0,0,0,9e-06,0.009,0.0,0.0045,0.0,0.0,0.0
24,20,2048,1626,85,81,85,81,0,0,44.398197,1930.321477,2331.797,2131.0592385,276094.8833,9338.716,142716.79965
12,10,994,820,83,82,83,82,0,0,3.624535,324.254278,384.861781,354.5580295,19303.0152,605.395,9954.205100000001
2,0,200,0,100,0,100,0,0,0,9e-06,0.009,0.0,0.0045,0.0,0.0,0.0
2,0,1342,0,671,0,671,0,0,0,9e-06,0.009,0.0,0.0045,0.0,0.0,0.0
24,20,2048,1626,85,81,85,81,0,0,44.398197,1930.321477,2331.797,2131.0592385,276094.8833,9338.716,142716.79965
12,10,986,806,82,81,82,81,0,0,2.087127,179.99473,216.015109,198.0049195,10350.12356,272.99675,5311.560155
10,8,534,354,53,44,53,44,0,0,4.714936,520.595556,661.061312,590.828434,39504.13097,1379.43675,20441.78386
10,6,1034,268,103,45,103,45,0,0,0.490994,52.275778,81.907203,67.09149049999999,2641.762549,120.596391,1381.17947
10,6,574,268,57,45,57,45,0,0,0.783298,81.158778,132.312594,106.73568599999999,4248.062669,206.593234,2227.3279515
10,10,2626,1160,263,116,263,116,0,0,1.042302,115.797,104.760555,110.27877749999999,6649.550311,182.156078,3415.8531945
60,14,68187,612,1136,44,1136,44,0,0,1.765419,29.598311,128.746844,79.1725775,2945.914577,208.789984,1577.3522805
2,0,890,0,445,0,445,0,0,0,4e-06,0.004,0.0,0.002,0.0,0.0,0.0
10,6,584,268,58,45,58,45,0,0,0.698427,77.504,118.788602,98.146301,4221.921335,193.687766,2207.8045505
12,10,1388,1800,116,180,116,180,0,0,1.429216,129.928727,147.629437,138.77908200000002,7028.449885,267.603187,3648.026536
12,8,4678,354,390,44,390,44,0,0,0.694832,59.105273,83.260711,71.182992,0.0,155.914078,77.957039
2,0,1450,0,725,0,725,0,0,0,5e-06,0.005,0.0,0.0025,0.0,0.0,0.0
60,16,68189,698,1136,44,1136,44,0,0,1.743019,29.542694,108.625336,69.08401500000001,3160.267959,138.17225,1649.2201045
2,0,200,0,100,0,100,0,0,0,9e-06,0.009,0.0,0.0045,0.0,0.0,0.0
10,10,798,1240,80,124,80,124,0,0,1.117909,124.212111,117.815,121.0135555,7008.998528,210.234813,3609.6166705
2,0,200,0,100,0,100,0,0,0,9e-06,0.009,0.0,0.0045,0.0,0.0,0.0
2,0,632,0,316,0,316,0,0,0,1e-05,0.01,0.0,0.005,0.0,0.0,0.0
10,6,596,268,60,45,60,45,0,0,0.728814,75.015556,125.579797,100.2976765,4063.445743,178.638453,2121.042098
22,12,17792,920,809,77,809,77,0,0,1.509196,71.814284,129.07582,100.445052,5939.573135,230.837297,3085.205216
60,16,68191,698,1137,44,1137,44,0,0,1.896071,30.954101,118.27293,74.6135155,3251.186773,208.286625,1729.736699
2,0,200,0,100,0,100,0,0,0,3e-06,0.003,0.0,0.0015,0.0,0.0,0.0
12,8,4678,354,390,44,390,44,0,0,0.752046,66.449725,101.48943,83.9695775,4162.66322,183.655078,2173.159149
12,10,1016,840,85,84,85,84,0,0,1.645278,143.078818,171.425219,157.25201850000002,9282.225874,222.820484,4752.523179
2,0,502,0,251,0,251,0,0,0,6e-06,0.006,0.0,0.003,0.0,0.0,0.0
10,8,600,354,60,44,60,44,0,0,1.667097,185.233,222.588,203.9105,10781.42872,339.742844,5560.585782
2,0,200,0,100,0,100,0,0,0,3e-06,0.003,0.0,0.0015,0.0,0.0,0.0
190,36,244565,1558,1287,43,1287,43,0,0,3.052223,16.321433,83.632141,49.976787,1839.225389,116.923672,978.0745304999999
2,0,948,0,474,0,474,0,0,0,1e-05,0.01,0.0,0.005,0.0,0.0,0.0
2,0,200,0,100,0,100,0,0,0,3e-06,0.003,0.0,0.0015,0.0,0.0,0.0
12,24,870,25230,73,1051,73,1051,0,0,0.785429,71.393362,30.25687,50.825115999999994,3436.138687,2903.147411,3169.6430490000002
2,0,200,0,100,0,100,0,0,0,3e-06,0.003,0.0,0.0015,0.0,0.0,0.0
8,10,364,3754,46,375,46,375,0,0,2.094928,299.087429,212.880111,255.98377,19494.11777,16803.50115,18148.80946
24,18,2986,1568,124,87,124,87,0,0,39.277542,1707.675609,2305.9045,2006.7900545,243243.4012,8663.407,125953.4041
2,0,200,0,100,0,100,0,0,0,3e-06,0.003,0.0,0.0015,0.0,0.0,0.0
60,16,68183,698,1136,44,1136,44,0,0,1.847537,31.310509,114.373266,72.8418875,3071.834544,185.549391,1628.6919675
12,8,2038,730,170,91,170,91,0,0,1.002246,85.357729,129.39743,107.37757950000001,4239.746081,156.149531,2197.947806
2,0,200,0,100,0,100,0,0,0,3e-06,0.003,0.0,0.0015,0.0,0.0,0.0
24,22,1252,1618,52,74,52,74,0,0,5.911888,257.033318,275.002937,266.0181275,15849.63727,552.169562,8200.903416
12,10,3054,846,255,85,255,85,0,0,2.57346,231.151358,279.466563,255.3089605,15940.06456,596.033437,8268.0489985
2,0,200,0,100,0,100,0,0,0,9e-06,0.009,0.0,0.0045,0.0,0.0,0.0
28,22,11497,1950,411,89,411,89,0,0,3.514078,130.146855,160.635422,145.3911385,7727.648701,236.835688,3982.2421945
12,10,1998,782,167,78,167,78,0,0,1.258669,108.364544,132.059,120.211772,5931.522985,211.100547,3071.311766
2,0,200,0,100,0,100,0,0,0,9e-06,0.009,0.0,0.0045,0.0,0.0,0.0
2,0,188,0,94,0,94,0,0,0,5e-06,0.005,0.0,0.0025,0.0,0.0,0.0
12,8,3032,716,253,90,253,90,0,0,1.44838,126.939185,190.856422,158.8978035,6774.977798,282.955281,3528.9665395
4,0,400,0,100,0,100,0,0,0,10.720804,3573.60125,0.0,1786.800625,5053.8275,0.0,2526.91375
58,14,68103,612,1174,44,1174,44,0,0,1.794533,31.467912,132.188844,81.82837799999999,3150.436174,201.623047,1676.0296105
2,0,214,0,107,0,107,0,0,0,6e-06,0.006,0.0,0.003,0.0,0.0,0.0
10,6,840,268,84,45,84,45,0,0,0.62384,62.695556,109.241797,85.9686765,3142.75705,149.438875,1646.0979625
4,0,400,0,100,0,100,0,0,0,10.720804,3573.60125,0.0,1786.800625,5053.8275,0.0,2526.91375
242,58,301384,3508,1245,60,1245,60,0,0,6.101212,25.316232,105.367227,65.3417295,2756.2542,143.467031,1449.8606155
12,8,1076,706,90,88,90,88,0,0,0.987085,84.67073,127.65643,106.16358,4613.76109,173.830656,2393.795873
10,8,798,1172,80,147,80,147,0,0,0.426361,47.373444,44.419145,45.896294499999996,2315.846374,82.134563,1198.9904685000001
2,2,152,82,76,41,76,41,0,0,0.233622,0.002,0.001,0.0015,0.0,0.0,0.0
10,6,534,268,53,45,53,45,0,0,0.448495,11795.3563,19658.666,15727.01115,1174993.804,43789.168,609391.486
2,0,200,0,100,0,100,0,0,0,2e-06,0.002,0.0,0.001,0.0,0.0,0.0
12,10,3020,802,252,80,252,80,0,0,0.998168,87.842183,98.786664,93.3144235,5000.850813,151.633359,2576.242086
10,6,994,268,99,45,99,45,0,0,0.623808,64.150222,106.082203,85.1162125,3210.566549,155.082609,1682.824579
2,2,152,82,76,41,76,41,0,0,0.233622,0.002,0.001,0.0015,0.0,0.0,0.0
2,0,200,0,100,0,100,0,0,0,6e-06,0.006,0.0,0.003,0.0,0.0,0.0
12,8,1080,700,90,88,90,88,0,0,1.291409,108.542183,169.205141,138.873662,5609.026656,235.230047,2922.1283515
2,0,200,0,100,0,100,0,0,0,6e-06,0.006,0.0,0.003,0.0,0.0,0.0
60,14,68181,612,1136,44,1136,44,0,0,1.540771,25.096933,112.949922,69.0234275,2675.872,171.299219,1423.5856095
12,10,1494,822,125,82,125,82,0,0,1.112933,97.506821,113.225781,105.36630099999999,5763.233576,155.722984,2959.47828
2,0,200,0,100,0,100,0,0,0,6e-06,0.006,0.0,0.003,0.0,0.0,0.0
10,12,762,3496,76,291,76,291,0,0,1.100055,122.215222,92.931635,107.5734285,6900.246278,6938.796926,6919.521602
14,10,1448,838,103,84,103,84,0,0,1.747468,132.434308,179.929781,156.1820445,7837.464643,273.883156,4055.6738995
10,6,1788,268,179,45,179,45,0,0,0.69397,72.806222,125.536203,99.1712125,3837.932242,193.192547,2015.5623945
12,10,1072,834,89,83,89,83,0,0,1.795066,163.095361,187.973109,175.534235,10200.90171,251.417703,5226.1597065
2,0,168,0,84,0,84,0,0,0,3e-06,0.003,0.0,0.0015,0.0,0.0,0.0
2,0,168,0,84,0,84,0,0,0,8e-06,0.008,0.0,0.004,0.0,0.0,0.0
12,8,1132,736,94,92,94,92,0,0,1.120945,2701.394668,4056.867,3379.130834,286075.4743,10352.883,148214.17865
10,6,682,268,68,45,68,45,0,0,0.801039,7245.9112,12073.004,9659.4576,716882.8736,26703.87,371793.3718
2,0,630,0,315,0,315,0,0,0,7e-06,0.007,0.0,0.0035,0.0,0.0,0.0
20,34,1100,26944,55,792,55,792,0,0,2.224452,117.046053,63.951211,90.498632,6207.101368,4481.707237,5344.404302499999
12,10,1110,810,93,81,93,81,0,0,1.220298,108.112274,120.199664,114.155969,6583.222511,166.917359,3375.069935
2,0,168,0,84,0,84,0,0,0,8e-06,0.008,0.0,0.004,0.0,0.0,0.0
2,0,104,0,52,0,52,0,0,0,3e-06,0.003,0.0,0.0015,0.0,0.0,0.0
10,10,820,1620,82,162,82,162,0,0,2.606908,289.656444,281.855,285.755722,18603.00067,589.8395,9596.420085000002
68,14,82803,612,1218,44,1218,44,0,0,1.588416,23.248626,112.472305,67.8604655,2351.98082,157.200547,1254.5906835
10,8,2516,354,252,44,252,44,0,0,0.772082,83.219,97.87343,90.54621499999999,5253.239244,135.699797,2694.4695205000003
2,0,104,0,52,0,52,0,0,0,9e-06,0.009,0.0,0.0045,0.0,0.0,0.0
8,6,364,268,46,45,46,45,0,0,1.311452,187.231996,247.055,217.14349800000002,13200.85065,459.29775,6830.0742
36,14,34710,978,964,70,964,70,0,0,1.687541,47.331572,120.885695,84.1086335,4520.898501,197.158391,2359.028446
24,22,1272,1606,53,73,53,73,0,0,5.267483,229.020997,245.776672,237.3988345,15798.06891,509.52575,8153.79733
2,0,104,0,52,0,52,0,0,0,9e-06,0.009,0.0,0.0045,0.0,0.0,0.0
12,12,1048,930,87,78,87,78,0,0,6.26175,569.250011,552.02375,560.6368805,36806.9635,1011.205,18909.08425
22,22,2940,2448,134,111,134,111,0,0,5.961356,268.225,273.815187,271.02009350000003,297.108781,295.296125,296.202453
12,8,1494,778,125,97,125,97,0,0,1.621525,141.926273,220.108422,181.0173475,7734.391786,306.309594,4020.35069
10,6,2516,268,252,45,252,45,0,0,1.042236,104.437333,187.689203,146.063268,5555.683273,280.927906,2918.3055894999998
10,6,980,268,98,45,98,45,0,0,0.519799,57.649,83.457602,70.553301,2881.937169,127.209633,1504.5734009999999
12,10,998,816,83,82,83,82,0,0,1.35391,120.337452,139.543109,129.9402805,6910.240628,246.692156,3578.466392
10,6,890,268,89,45,89,45,0,0,0.404175,41.590556,69.286203,55.438379499999996,2100.206222,89.520523,1094.8633725
12,10,994,790,83,79,83,79,0,0,2.07484,186.250821,220.769109,203.509965,14647.42502,351.033656,7499.229338
2,0,180,0,90,0,90,0,0,0,8e-06,0.008,0.0,0.004,0.0,0.0,0.0
2,0,200,0,100,0,100,0,0,0,9e-06,0.009,0.0,0.0045,0.0,0.0,0.0
10,8,816,1372,82,172,82,172,0,0,0.811222,90.062,102.244859,96.1534295,4739.02721,180.5235,2459.775355
2,0,180,0,90,0,90,0,0,0,2e-06,0.002,0.0,0.001,0.0,0.0,0.0
2,0,200,0,100,0,100,0,0,0,8e-06,0.008,0.0,0.004,0.0,0.0,0.0
10,8,814,354,81,44,81,44,0,0,0.890017,93.525,117.457141,105.4910705,5329.034931,207.611875,2768.323403
2,0,200,0,100,0,100,0,0,0,8e-06,0.008,0.0,0.004,0.0,0.0,0.0
2,0,180,0,90,0,90,0,0,0,2e-06,0.002,0.0,0.001,0.0,0.0,0.0
2,0,200,0,100,0,100,0,0,0,8e-06,0.008,0.0,0.004,0.0,0.0,0.0
2,0,180,0,90,0,90,0,0,0,2e-06,0.002,0.0,0.001,0.0,0.0,0.0
10,6,794,268,79,45,79,45,0,0,0.792878,78.854,142.671797,110.7628985,4080.2717,203.958063,2142.1148814999997
2,0,180,0,90,0,90,0,0,0,8e-06,0.008,0.0,0.004,0.0,0.0,0.0
2,0,200,0,100,0,100,0,0,0,3e-06,0.003,0.0,0.0015,0.0,0.0,0.0
2,0,180,0,90,0,90,0,0,0,3.2e-05,0.032,0.0,0.016,0.0,0.0,0.0
10,16,834,12316,83,770,83,770,0,0,1.986669,220.741,125.201337,172.9711685,15391.77649,9181.69331,12286.7349
2,0,200,0,100,0,100,0,0,0,5e-06,0.005,0.0,0.0025,0.0,0.0,0.0
2,0,180,0,90,0,90,0,0,0,3.2e-05,0.032,0.0,0.016,0.0,0.0,0.0
2,0,2642,0,1321,0,1321,0,0,0,6e-06,0.006,0.0,0.003,0.0,0.0,0.0
2,0,200,0,100,0,100,0,0,0,5e-06,0.005,0.0,0.0025,0.0,0.0,0.0
2,0,180,0,90,0,90,0,0,0,3.2e-05,0.032,0.0,0.016,0.0,0.0,0.0
10,8,502,354,50,44,50,44,0,0,1.629215,177.364778,194.844281,186.1045295,9621.997357,307.344594,4964.6709755
2,0,200,0,100,0,100,0,0,0,5e-06,0.005,0.0,0.0025,0.0,0.0,0.0
2,0,180,0,90,0,90,0,0,0,8e-06,0.008,0.0,0.004,0.0,0.0,0.0
10,8,810,354,81,44,81,44,0,0,1.579274,167.577,209.212859,188.3949295,9079.017764,323.50475,4701.261257
2,0,200,0,100,0,100,0,0,0,5e-06,0.005,0.0,0.0025,0.0,0.0,0.0
2,0,180,0,90,0,90,0,0,0,8e-06,0.008,0.0,0.004,0.0,0.0,0.0
24,22,1252,1656,52,75,52,75,0,0,7.512509,326.630815,347.009952,336.8203835,25294.16072,29028.96131,27161.561015
8,8,364,1112,46,139,46,139,0,0,10.672128,1524.589714,1497.246875,1510.9182945,122810.8203,3486.124,63148.47215
4,2,728,384,182,192,182,192,0,0,1.078167,359.389,0.003,179.696,508.239375,0.0,254.1196875
66,0,7128,0,108,0,108,0,0,0,56.709965,872.460875,0.0,436.2304375,1090.813625,0.0,545.4068125
2,0,180,0,90,0,90,0,0,0,8e-06,0.008,0.0,0.004,0.0,0.0,0.0
2,0,180,0,90,0,90,0,0,0,8e-06,0.008,0.0,0.004,0.0,0.0,0.0
10,10,824,1440,82,144,82,144,0,0,0.797021,88.449889,80.212891,84.33139,5432.071995,136.849797,2784.460896
10,10,796,1848,80,185,80,185,0,0,1.314567,146.063,131.958328,139.010664,8796.856538,210.933844,4503.895191
2,0,180,0,90,0,90,0,0,0,8e-06,0.008,0.0,0.004,0.0,0.0,0.0
10,6,854,268,85,45,85,45,0,0,0.990628,104.688556,188.649203,146.6688795,6501.046711,308.746094,3404.8964025
2,0,180,0,90,0,90,0,0,0,1e-06,0.001,0.0,0.0005,0.0,0.0,0.0
52,160,2320,185461,45,1159,45,1159,0,0,19.797327,388.182849,123.528545,255.855697,50485.96052,28217.57786,39351.76919
10,8,950,354,95,44,95,44,0,0,1.17444,130.493333,154.414281,142.45380699999998,7568.920229,235.966391,3902.44331
14,12,1336,3028,95,252,95,252,0,0,6.367305,489.621404,568.070187,528.8457955,34584.89765,1111.9085,17848.403075
10,8,798,1064,80,133,80,133,0,0,0.720712,80.079111,92.15957,86.11934049999999,4374.793293,139.954156,2257.3737244999998
2,0,180,0,90,0,90,0,0,0,1e-06,0.001,0.0,0.0005,0.0,0.0,0.0
2,0,1430,0,715,0,715,0,0,0,5e-06,0.005,0.0,0.0025,0.0,0.0,0.0
10,10,834,3044,83,304,83,304,0,0,2.316513,257.390333,245.705781,251.548057,15144.82053,403.263062,7774.041796
10,8,798,1064,80,133,80,133,0,0,0.720712,80.079111,92.15957,86.11934049999999,4374.793293,139.954156,2257.3737244999998
2,0,180,0,90,0,90,0,0,0,1e-06,0.001,0.0,0.0005,0.0,0.0,0.0
26,20,8109,1776,312,89,312,89,0,0,2.226541,89.055199,113.179422,101.1173105,5094.794117,146.520859,2620.6574880000003
8,8,364,790,46,99,46,99,0,0,1.78412,254.778143,243.062719,248.920431,18360.38253,499.540313,9429.9614215
2,0,200,0,100,0,100,0,0,0,9e-06,0.009,0.0,0.0045,0.0,0.0,0.0
10,8,790,1354,79,169,79,169,0,0,1.036446,115.050222,138.285422,126.667822,6265.335075,253.770125,3259.5526
30,10,32206,440,1074,44,1074,44,0,0,0.941164,32.45393,97.974336,65.214133,3109.431238,164.165938,1636.798588
2,0,200,0,100,0,100,0,0,0,6e-06,0.006,0.0,0.003,0.0,0.0,0.0
2,0,200,0,100,0,100,0,0,0,9e-06,0.009,0.0,0.0045,0.0,0.0,0.0
3,0,3026,0,1009,0,1009,0,0,0,1.9e-05,0.014,0.0,0.007,0.0,0.0,0.0
2,0,200,0,100,0,100,0,0,0,6e-06,0.006,0.0,0.003,0.0,0.0,0.0
10,6,534,268,53,45,53,45,0,0,0.19745,20.936556,34.164801,27.550678499999997,1112.120972,57.680188,584.90058
40,12,45758,526,1144,44,1144,44,0,0,1.804747,45.134898,152.705266,98.920082,5277.6048,309.099,2793.3519
10,6,534,268,53,45,53,45,0,0,0.180391,18.840444,32.401801,25.6211225,1006.076652,51.953191,529.0149215
2,0,200,0,100,0,100,0,0,0,6e-06,0.006,0.0,0.003,0.0,0.0,0.0
12,10,1490,798,124,80,124,80,0,0,8.4165,761.112261,924.751313,842.931787,64667.41824,2191.0335,33429.22587
10,6,534,268,53,45,53,45,0,0,0.199281,21.148,28.374199,24.7610995,1108.268896,41.907598,575.088247
2,0,200,0,100,0,100,0,0,0,6e-06,0.006,0.0,0.003,0.0,0.0,0.0
12,10,994,786,83,79,83,79,0,0,6.429486,584.418159,690.207437,637.3127979999999,39455.26015,1190.295375,20322.7777625
80,0,8640,0,108,0,108,0,0,0,59.469406,794.258812,0.0,397.129406,978.922812,0.0,489.461406
2,0,200,0,100,0,100,0,0,0,6e-06,0.006,0.0,0.003,0.0,0.0,0.0
10,6,534,268,53,45,53,45,0,0,0.245589,25.498778,43.68,34.589389,1310.259122,67.945359,689.1022405
12,10,1110,778,93,78,93,78,0,0,3.08962,276.909557,331.011437,303.96049700000003,19466.28296,518.001875,9992.142417500001
80,0,8640,0,108,0,108,0,0,0,59.469406,794.258812,0.0,397.129406,978.922812,0.0,489.461406
10,8,820,1066,82,133,82,133,0,0,0.527201,58.577889,59.546145,59.062017,3064.34331,81.867242,1573.105276
2,0,200,0,100,0,100,0,0,0,6e-06,0.006,0.0,0.003,0.0,0.0,0.0
10,6,950,268,95,45,95,45,0,0,0.430981,46.706556,74.552,60.629278,2457.818315,109.806687,1283.8125009999999
10,8,930,354,93,44,93,44,0,0,1.611537,176.559444,221.066422,198.812933,10980.49434,431.869125,5706.181732499999
80,0,8640,0,108,0,108,0,0,0,59.469406,794.258812,0.0,397.129406,978.922812,0.0,489.461406
2,0,200,0,100,0,100,0,0,0,5e-06,0.005,0.0,0.0025,0.0,0.0,0.0
10,6,736,268,74,45,74,45,0,0,0.694552,67.707444,119.352398,93.529921,3303.731085,159.721469,1731.726277
30,22,14955,1830,499,83,499,83,0,0,3.423732,118.059718,158.679531,138.3696245,6917.347449,187.759453,3552.5534509999998
2,0,104,0,52,0,52,0,0,0,3e-06,0.003,0.0,0.0015,0.0,0.0,0.0
10,6,534,268,53,45,53,45,0,0,0.210908,22.196889,31.5216,26.8592445,1125.747478,48.177309,586.9623935
4,0,400,0,100,0,100,0,0,0,1.428935,476.311656,0.0,238.155828,673.602188,0.0,336.801094
14,12,1680,682,120,57,120,57,0,0,1.365867,105.056154,112.974633,109.0153935,5861.396549,143.947453,3002.672001
10,6,534,268,53,45,53,45,0,0,0.232169,24.684556,40.019801,32.3521785,1276.76341,59.450004,668.106707
10,6,534,268,53,45,53,45,0,0,0.908851,97.795,167.067,132.431,5748.422449,295.536469,3021.9794589999997
4,0,400,0,100,0,100,0,0,0,1.428935,476.311656,0.0,238.155828,673.602188,0.0,336.801094
2,0,104,0,52,0,52,0,0,0,4e-06,0.004,0.0,0.002,0.0,0.0,0.0
10,6,534,268,53,45,53,45,0,0,0.26031,24.291,42.779199,33.5350995,1318.933554,56.386211,687.6598825
2,0,200,0,100,0,100,0,0,0,9e-06,0.009,0.0,0.0045,0.0,0.0,0.0
10,8,840,354,84,44,84,44,0,0,0.705944,70.574,88.88943,79.73171500000001,4605.398013,145.198125,2375.298069
10,6,1014,268,101,45,101,45,0,0,0.473087,34.096222,80.192203,57.1442125,1772.167851,98.286266,935.2270585
2,0,200,0,100,0,100,0,0,0,9e-06,0.009,0.0,0.0045,0.0,0.0,0.0
2,0,200,0,100,0,100,0,0,0,9e-06,0.009,0.0,0.0045,0.0,0.0,0.0
2,0,200,0,100,0,100,0,0,0,5e-06,0.005,0.0,0.0025,0.0,0.0,0.0
2,0,200,0,100,0,100,0,0,0,9e-06,0.009,0.0,0.0045,0.0,0.0,0.0
2,0,200,0,100,0,100,0,0,0,8e-06,0.008,0.0,0.004,0.0,0.0,0.0
12,10,994,826,83,83,83,83,0,0,2.050286,186.389639,213.648672,200.0191555,10753.62236,312.567844,5533.095101999999
2,0,200,0,100,0,100,0,0,0,9e-06,0.009,0.0,0.0045,0.0,0.0,0.0
12,10,994,836,83,84,83,84,0,0,3.303134,296.251188,351.052781,323.6519845,22337.69653,807.749312,11572.722921
2,0,200,0,100,0,100,0,0,0,6e-06,0.006,0.0,0.003,0.0,0.0,0.0
2,0,200,0,100,0,100,0,0,0,6e-06,0.006,0.0,0.003,0.0,0.0,0.0
2,0,200,0,100,0,100,0,0,0,9e-06,0.009,0.0,0.0045,0.0,0.0,0.0
20,0,1280,0,64,0,64,0,0,0,30.693087,1615.425625,0.0,807.7128125,1884.148125,0.0,942.0740625
2,0,200,0,100,0,100,0,0,0,6e-06,0.006,0.0,0.003,0.0,0.0,0.0
106,570,4662,741859,44,1302,44,1302,0,0,9.479575,90.281665,16.540219,53.410942000000006,4686.820942,1964.195548,3325.508245
20,0,1280,0,64,0,64,0,0,0,30.693087,1615.425625,0.0,807.7128125,1884.148125,0.0,942.0740625
2,0,200,0,100,0,100,0,0,0,1e-06,0.001,0.0,0.0005,0.0,0.0,0.0
12,12,826,682,69,57,69,57,0,0,1.616948,146.933276,135.815,141.37413800000002,7929.206033,193.487687,4061.34686
2,0,200,0,100,0,100,0,0,0,9e-06,0.009,0.0,0.0045,0.0,0.0,0.0
20,0,1280,0,64,0,64,0,0,0,30.693087,1615.425625,0.0,807.7128125,1884.148125,0.0,942.0740625
2,0,200,0,100,0,100,0,0,0,1e-06,0.001,0.0,0.0005,0.0,0.0,0.0
20,0,1280,0,64,0,64,0,0,0,30.693087,1615.425625,0.0,807.7128125,1884.148125,0.0,942.0740625
2,0,200,0,100,0,100,0,0,0,1e-05,0.01,0.0,0.005,0.0,0.0,0.0
10,6,2516,268,252,45,252,45,0,0,0.751373,83.385556,129.434203,106.40987949999999,4151.571676,191.694391,2171.6330335
2,0,200,0,100,0,100,0,0,0,1e-06,0.001,0.0,0.0005,0.0,0.0,0.0
12,10,1106,826,92,83,92,83,0,0,1.823049,163.380176,194.630891,179.0055335,10629.89773,398.211375,5514.054552500001
2,0,200,0,100,0,100,0,0,0,1e-05,0.01,0.0,0.005,0.0,0.0,0.0
10,6,2516,268,252,45,252,45,0,0,0.883973,93.057222,156.492,124.774611,4848.041778,254.760031,2551.4009045
2,0,200,0,100,0,100,0,0,0,1e-06,0.001,0.0,0.0005,0.0,0.0,0.0
2,0,200,0,100,0,100,0,0,0,1e-05,0.01,0.0,0.005,0.0,0.0,0.0
22,16,17354,854,789,53,789,53,0,0,2.273937,108.282716,147.894,128.088358,10350.69716,352.785469,5351.7413145
8,8,364,860,46,108,46,108,0,0,1.555244,222.016714,211.458578,216.73764599999998,15097.54592,403.5865,7750.56621
2,0,200,0,100,0,100,0,0,0,8e-06,0.008,0.0,0.004,0.0,0.0,0.0
10,8,2516,354,252,44,252,44,0,0,1.093962,121.405111,145.529859,133.467485,6904.090211,313.798469,3608.94434
2,0,200,0,100,0,100,0,0,0,1e-05,0.01,0.0,0.005,0.0,0.0,0.0
2,0,1064,0,532,0,532,0,0,0,7e-06,0.007,0.0,0.0035,0.0,0.0,0.0
12,8,1138,770,95,96,95,96,0,0,0.936887,82.433817,119.44443,100.9391235,4071.465152,156.195672,2113.8304120000003
2,0,200,0,100,0,100,0,0,0,8e-06,0.008,0.0,0.004,0.0,0.0,0.0
2,0,104,0,52,0,52,0,0,0,4e-06,0.004,0.0,0.002,0.0,0.0,0.0
10,12,788,4332,79,361,79,361,0,0,1.144401,127.141111,95.399094,111.27010250000001,7481.787665,6586.043128,7033.9153965000005
2,0,200,0,100,0,100,0,0,0,5e-06,0.005,0.0,0.0025,0.0,0.0,0.0
104,18,127245,784,1224,44,1224,44,0,0,1.260181,11.868107,73.474375,42.671240999999995,1327.157702,96.502656,711.830179
10,6,534,268,53,45,53,45,0,0,0.478734,49.751333,81.515203,65.633268,2427.090646,112.674695,1269.8826705000001
12,10,1044,836,87,84,87,84,0,0,1.714857,155.896088,179.059219,167.4776535,8845.350501,267.052656,4556.2015785
2,0,200,0,100,0,100,0,0,0,5e-06,0.005,0.0,0.0025,0.0,0.0,0.0
10,6,1036,268,104,45,104,45,0,0,0.65451,72.693667,115.44,94.0668335,3657.248483,196.968047,1927.1082649999998
12,10,1044,836,87,84,87,84,0,0,1.714857,155.896088,179.059219,167.4776535,8845.350501,267.052656,4556.2015785
2,0,200,0,100,0,100,0,0,0,3e-06,0.003,0.0,0.0015,0.0,0.0,0.0
10,6,534,268,53,45,53,45,0,0,0.718822,67.745778,120.589602,94.16769,3639.162273,169.171672,1904.1669725
10,10,798,1350,80,135,80,135,0,0,0.749369,83.263222,69.492,76.377611,5151.0105,108.151234,2629.580867
2,0,200,0,100,0,100,0,0,0,3e-06,0.003,0.0,0.0015,0.0,0.0,0.0
2,0,200,0,100,0,100,0,0,0,8e-06,0.008,0.0,0.004,0.0,0.0,0.0
2,0,1064,0,532,0,532,0,0,0,9e-06,0.009,0.0,0.0045,0.0,0.0,0.0
14,12,1716,682,123,57,123,57,0,0,1.513476,110.644541,128.32382,119.48418050000001,5770.136097,148.345,2959.2405485
10,8,2516,354,252,44,252,44,0,0,1.0442,113.136556,138.365141,125.75084849999999,8407.380978,189.730484,4298.5557309999995
2,0,200,0,100,0,100,0,0,0,3e-06,0.003,0.0,0.0015,0.0,0.0,0.0
118,20,145341,870,1232,44,1232,44,0,0,1.77739,15.18312,90.885312,53.034216,2158.784679,168.755781,1163.7702299999999
2,0,200,0,100,0,100,0,0,0,8e-06,0.008,0.0,0.004,0.0,0.0,0.0
10,6,1226,268,123,45,123,45,0,0,0.894369,99.374333,162.134594,130.75446349999999,5094.285981,281.713375,2687.999678
10,8,788,354,79,44,79,44,0,0,0.958431,106.384556,127.776711,117.0806335,6213.022813,205.611531,3209.317172
2,0,200,0,100,0,100,0,0,0,3e-06,0.003,0.0,0.0015,0.0,0.0,0.0
2,0,200,0,100,0,100,0,0,0,3e-06,0.003,0.0,0.0015,0.0,0.0,0.0
2,0,200,0,100,0,100,0,0,0,8e-06,0.008,0.0,0.004,0.0,0.0,0.0
2,0,200,0,100,0,100,0,0,0,9e-06,0.009,0.0,0.0045,0.0,0.0,0.0
2,0,200,0,100,0,100,0,0,0,8e-06,0.008,0.0,0.004,0.0,0.0,0.0
12,8,1290,752,108,94,108,94,0,0,0.327486,29.771455,41.14557,35.4585125,1595.991159,61.776496,828.8838274999999
2,0,200,0,100,0,100,0,0,0,8e-06,0.008,0.0,0.004,0.0,0.0,0.0
2,0,200,0,100,0,100,0,0,0,8e-06,0.008,0.0,0.004,0.0,0.0,0.0
2,0,200,0,100,0,100,0,0,0,9e-06,0.009,0.0,0.0045,0.0,0.0,0.0
2,0,168,0,84,0,84,0,0,0,9e-06,0.009,0.0,0.0045,0.0,0.0,0.0
2,0,200,0,100,0,100,0,0,0,9e-06,0.009,0.0,0.0045,0.0,0.0,0.0
10,6,654,268,65,45,65,45,0,0,0.525085,54.500556,95.682203,75.0913795,3317.460877,157.155375,1737.308126
10,8,2516,354,252,44,252,44,0,0,1.036796,115.105889,134.116719,124.61130399999999,6804.297793,207.524359,3505.911076
2,0,200,0,100,0,100,0,0,0,4e-06,0.004,0.0,0.002,0.0,0.0,0.0
2,0,200,0,100,0,100,0,0,0,9e-06,0.009,0.0,0.0045,0.0,0.0,0.0
10,6,590,268,59,45,59,45,0,0,0.367333,35.595111,61.564398,48.5797545,1883.031487,81.557664,982.2945755
2,0,200,0,100,0,100,0,0,0,4e-06,0.004,0.0,0.002,0.0,0.0,0.0
10,6,534,268,53,45,53,45,0,0,0.510782,50.217778,80.841203,65.5294905,2730.269043,118.742953,1424.5059979999999
2,0,200,0,100,0,100,0,0,0,4e-06,0.004,0.0,0.002,0.0,0.0,0.0
2,0,200,0,100,0,100,0,0,0,4e-06,0.004,0.0,0.002,0.0,0.0,0.0
2,0,104,0,52,0,52,0,0,0,9e-06,0.009,0.0,0.0045,0.0,0.0,0.0
10,8,534,354,53,44,53,44,0,0,0.980991,104.913222,134.983281,119.9482515,6018.392618,234.288516,3126.3405669999997
2,0,200,0,100,0,100,0,0,0,8e-06,0.008,0.0,0.004,0.0,0.0,0.0
10,6,2574,268,257,45,257,45,0,0,0.342522,37.980778,54.410602,46.19569,1897.044164,75.306477,986.1753205
2,0,200,0,100,0,100,0,0,0,9e-06,0.009,0.0,0.0045,0.0,0.0,0.0
10,10,798,1350,80,135,80,135,0,0,0.749369,83.263222,69.492,76.377611,5151.0105,108.151234,2629.580867
10,6,2516,268,252,45,252,45,0,0,0.493869,54.769889,85.101203,69.935546,2668.57918,134.874875,1401.7270275
2,0,200,0,100,0,100,0,0,0,9e-06,0.009,0.0,0.0045,0.0,0.0,0.0
2,0,200,0,100,0,100,0,0,0,9e-06,0.009,0.0,0.0045,0.0,0.0,0.0
2,0,396,0,198,0,198,0,0,0,8e-06,0.008,0.0,0.004,0.0,0.0,0.0
10,8,590,354,59,44,59,44,0,0,0.810165,90.018333,103.23557,96.62695149999999,5487.772347,149.773812,2818.7730795
2,0,200,0,100,0,100,0,0,0,9e-06,0.009,0.0,0.0045,0.0,0.0,0.0
14,12,2740,682,196,57,196,57,0,0,2.029052,146.510005,172.421359,159.46568200000002,8095.554715,215.541531,4155.5481230000005
2,0,200,0,100,0,100,0,0,0,9e-06,0.009,0.0,0.0045,0.0,0.0,0.0
20,0,1280,0,64,0,64,0,0,0,22.04829,1160.436375,0.0,580.2181875,1438.506125,0.0,719.2530625
2,0,200,0,100,0,100,0,0,0,2e-06,0.002,0.0,0.001,0.0,0.0,0.0
2,0,200,0,100,0,100,0,0,0,6e-06,0.006,0.0,0.003,0.0,0.0,0.0
10,8,1298,354,130,44,130,44,0,0,1.790921,189.541,235.479719,212.5103595,11641.19018,340.147406,5990.668793
2,0,200,0,100,0,100,0,0,0,2e-06,0.002,0.0,0.001,0.0,0.0,0.0
2,0,200,0,100,0,100,0,0,0,6e-06,0.006,0.0,0.003,0.0,0.0,0.0
10,8,798,1074,80,134,80,134,0,0,0.887417,98.601889,106.505,102.5534445,5225.593935,199.072609,2712.333272
12,10,1106,842,92,84,92,84,0,0,2.030966,184.533545,216.030672,200.2821085,12272.91098,310.14075,6291.5258650000005
2,0,200,0,100,0,100,0,0,0,2e-06,0.002,0.0,0.001,0.0,0.0,0.0
2,0,200,0,100,0,100,0,0,0,6e-06,0.006,0.0,0.003,0.0,0.0,0.0
12,10,1106,842,92,84,92,84,0,0,1.899915,172.669724,199.605,186.137362,9214.030685,323.168125,4768.599405
2,0,200,0,100,0,100,0,0,0,8e-06,0.008,0.0,0.004,0.0,0.0,0.0
10,8,1008,354,101,44,101,44,0,0,1.733215,188.404111,232.238281,210.321196,10475.42474,437.661437,5456.5430885000005
2,0,200,0,100,0,100,0,0,0,3e-06,0.003,0.0,0.0015,0.0,0.0,0.0
12,10,1066,800,89,80,89,80,0,0,0.585312,51.988729,58.489777,55.239253,3685.687811,101.531742,1893.6097765
10,6,590,268,59,45,59,45,0,0,0.614247,68.179778,108.003398,88.091588,3510.695114,175.809984,1843.252549
2,0,200,0,100,0,100,0,0,0,8e-06,0.008,0.0,0.004,0.0,0.0,0.0
2,0,200,0,100,0,100,0,0,0,3e-06,0.003,0.0,0.0015,0.0,0.0,0.0
2,0,1124,0,562,0,562,0,0,0,4e-06,0.004,0.0,0.002,0.0,0.0,0.0
2,0,200,0,100,0,100,0,0,0,8e-06,0.008,0.0,0.004,0.0,0.0,0.0
2,0,200,0,100,0,100,0,0,0,3e-06,0.003,0.0,0.0015,0.0,0.0,0.0
2,0,200,0,100,0,100,0,0,0,8e-06,0.008,0.0,0.004,0.0,0.0,0.0
2,0,200,0,100,0,100,0,0,0,3e-06,0.003,0.0,0.0015,0.0,0.0,0.0
2,0,200,0,100,0,100,0,0,0,8e-06,0.008,0.0,0.004,0.0,0.0,0.0
2,0,200,0,100,0,100,0,0,0,9e-06,0.009,0.0,0.0045,0.0,0.0,0.0
2,0,198,0,99,0,99,0,0,0,9e-06,0.009,0.0,0.0045,0.0,0.0,0.0
2,0,200,0,100,0,100,0,0,0,4e-06,0.004,0.0,0.002,0.0,0.0,0.0
2,0,728,0,364,0,364,0,0,0,8e-06,0.008,0.0,0.004,0.0,0.0,0.0
2,0,200,0,100,0,100,0,0,0,9e-06,0.009,0.0,0.0045,0.0,0.0,0.0
10,8,780,354,78,44,78,44,0,0,1.305764,137.269,172.393578,154.831289,7642.52345,300.533531,3971.5284905
2,0,200,0,100,0,100,0,0,0,4e-06,0.004,0.0,0.002,0.0,0.0,0.0
2,0,504,0,252,0,252,0,0,0,5e-06,0.005,0.0,0.0025,0.0,0.0,0.0
2,0,200,0,100,0,100,0,0,0,8e-06,0.008,0.0,0.004,0.0,0.0,0.0
58,14,68117,612,1174,44,1174,44,0,0,1.747393,30.656017,125.391156,78.0235865,2892.836395,182.056437,1537.446416
2,0,200,0,100,0,100,0,0,0,7e-06,0.007,0.0,0.0035,0.0,0.0,0.0
2,0,200,0,100,0,100,0,0,0,8e-06,0.008,0.0,0.004,0.0,0.0,0.0
18,18,1012,2820,56,157,56,157,0,0,3.081229,181.248765,174.792594,178.0206795,9727.938982,237.724875,4982.8319285
2,0,200,0,100,0,100,0,0,0,8e-06,0.008,0.0,0.004,0.0,0.0,0.0
2,0,896,0,448,0,448,0,0,0,1e-05,0.01,0.0,0.005,0.0,0.0,0.0
2,0,200,0,100,0,100,0,0,0,7e-06,0.007,0.0,0.0035,0.0,0.0,0.0
56,0,15232,0,272,0,272,0,0,0,58.422138,1082.539125,0.0,541.2695625,1248.91725,0.0,624.458625
2,0,200,0,100,0,100,0,0,0,8e-06,0.008,0.0,0.004,0.0,0.0,0.0
2,0,200,0,100,0,100,0,0,0,9e-06,0.009,0.0,0.0045,0.0,0.0,0.0
2,0,1416,0,708,0,708,0,0,0,5e-06,0.005,0.0,0.0025,0.0,0.0,0.0
2,0,200,0,100,0,100,0,0,0,8e-06,0.008,0.0,0.004,0.0,0.0,0.0
2,0,200,0,100,0,100,0,0,0,9e-06,0.009,0.0,0.0045,0.0,0.0,0.0
2,0,200,0,100,0,100,0,0,0,8e-06,0.008,0.0,0.004,0.0,0.0,0.0
2,0,200,0,100,0,100,0,0,0,8e-06,0.008,0.0,0.004,0.0,0.0,0.0
10,6,958,268,96,45,96,45,0,0,0.578747,59.911889,99.901797,79.90684300000001,3111.898197,150.984641,1631.441419
2,0,200,0,100,0,100,0,0,0,8e-06,0.008,0.0,0.004,0.0,0.0,0.0
2,0,1806,0,903,0,903,0,0,0,1.1e-05,0.011,0.0,0.0055,0.0,0.0,0.0
2,0,200,0,100,0,100,0,0,0,9e-06,0.009,0.0,0.0045,0.0,0.0,0.0
2,0,200,0,100,0,100,0,0,0,9e-06,0.009,0.0,0.0045,0.0,0.0,0.0
2,0,200,0,100,0,100,0,0,0,9e-06,0.009,0.0,0.0045,0.0,0.0,0.0
10,10,828,1488,83,149,83,149,0,0,1.157195,128.577222,119.874336,124.225779,7399.562283,276.756969,3838.159626
2,0,312,0,156,0,156,0,0,0,1e-06,0.001,0.0,0.0005,0.0,0.0,0.0
2,0,392,0,196,0,196,0,0,0,3e-06,0.003,0.0,0.0015,0.0,0.0,0.0
2,0,200,0,100,0,100,0,0,0,9e-06,0.009,0.0,0.0045,0.0,0.0,0.0
2,0,316,0,158,0,158,0,0,0,9e-06,0.009,0.0,0.0045,0.0,0.0,0.0
2,0,1166,0,583,0,583,0,0,0,1e-05,0.01,0.0,0.005,0.0,0.0,0.0
2,0,200,0,100,0,100,0,0,0,9e-06,0.009,0.0,0.0045,0.0,0.0,0.0
2,0,2054,0,1027,0,1027,0,0,0,1e-05,0.01,0.0,0.005,0.0,0.0,0.0
2,0,200,0,100,0,100,0,0,0,9e-06,0.009,0.0,0.0045,0.0,0.0,0.0
2,0,200,0,100,0,100,0,0,0,9e-06,0.009,0.0,0.0045,0.0,0.0,0.0
2,0,200,0,100,0,100,0,0,0,9e-06,0.009,0.0,0.0045,0.0,0.0,0.0
10,8,2516,354,252,44,252,44,0,0,1.093025,115.407,143.608719,129.5078595,7746.846685,195.241047,3971.0438660000004
2,0,200,0,100,0,100,0,0,0,9e-06,0.009,0.0,0.0045,0.0,0.0,0.0
2,0,200,0,100,0,100,0,0,0,9e-06,0.009,0.0,0.0045,0.0,0.0,0.0
2,0,200,0,100,0,100,0,0,0,5e-06,0.005,0.0,0.0025,0.0,0.0,0.0
2,0,200,0,100,0,100,0,0,0,9e-06,0.009,0.0,0.0045,0.0,0.0,0.0
2,0,200,0,100,0,100,0,0,0,5e-06,0.005,0.0,0.0025,0.0,0.0,0.0
10,8,2516,354,252,44,252,44,0,0,0.862729,95.743778,97.83943,96.791604,5105.493344,160.727125,2633.1102345000004
10,6,838,268,84,45,84,45,0,0,0.622682,69.186889,94.766602,81.97674549999999,3383.813891,147.084859,1765.449375
2,0,200,0,100,0,100,0,0,0,9e-06,0.009,0.0,0.0045,0.0,0.0,0.0
2,0,200,0,100,0,100,0,0,0,9e-06,0.009,0.0,0.0045,0.0,0.0,0.0
2,0,200,0,100,0,100,0,0,0,8e-06,0.008,0.0,0.004,0.0,0.0,0.0
2,0,200,0,100,0,100,0,0,0,9e-06,0.009,0.0,0.0045,0.0,0.0,0.0
14,10,1080,806,77,81,77,81,0,0,1.858936,139.621149,194.125,166.8730745,8554.274151,333.615344,4443.9447475
2,0,200,0,100,0,100,0,0,0,8e-06,0.008,0.0,0.004,0.0,0.0,0.0
10,8,2412,354,241,44,241,44,0,0,5.333715,592.525333,750.533563,671.529448,40506.94234,1344.00475,20925.473545
12,10,1106,842,92,84,92,84,0,0,2.845006,258.558625,307.668781,283.113703,16466.5229,526.163375,8496.3431375
160,40,187405,2782,1171,70,1171,70,0,0,3.07555,19.465507,77.537977,48.501742,1863.149156,88.664156,975.906656
2,0,200,0,100,0,100,0,0,0,1e-06,0.001,0.0,0.0005,0.0,0.0,0.0
2,0,200,0,100,0,100,0,0,0,1e-06,0.001,0.0,0.0005,0.0,0.0,0.0
2,0,200,0,100,0,100,0,0,0,1e-06,0.001,0.0,0.0005,0.0,0.0,0.0
2,0,200,0,100,0,100,0,0,0,1e-06,0.001,0.0,0.0005,0.0,0.0,0.0
2,0,280,0,140,0,140,0,0,0,8e-06,0.008,0.0,0.004,0.0,0.0,0.0
2,0,104,0,52,0,52,0,0,0,7e-06,0.007,0.0,0.0035,0.0,0.0,0.0
2,0,200,0,100,0,100,0,0,0,1e-06,0.001,0.0,0.0005,0.0,0.0,0.0
2,0,200,0,100,0,100,0,0,0,9e-06,0.009,0.0,0.0045,0.0,0.0,0.0
2,0,200,0,100,0,100,0,0,0,9e-06,0.009,0.0,0.0045,0.0,0.0,0.0
16,10,920,556,58,56,58,56,0,0,1.15435,73.038134,122.649336,97.84373500000001,3643.614407,158.320562,1900.9674845
2,0,200,0,100,0,100,0,0,0,9e-06,0.009,0.0,0.0045,0.0,0.0,0.0
10,8,2516,354,252,44,252,44,0,0,1.218767,133.332,161.796859,147.56442950000002,9307.247013,228.098922,4767.6729675
2,0,200,0,100,0,100,0,0,0,3e-06,0.003,0.0,0.0015,0.0,0.0,0.0
60,16,68195,698,1137,44,1137,44,0,0,1.871416,28.888373,113.864469,71.376421,3098.050908,145.321328,1621.686118
2,0,200,0,100,0,100,0,0,0,3e-06,0.003,0.0,0.0015,0.0,0.0,0.0
10,10,786,1162,79,116,79,116,0,0,1.321663,146.762778,137.125891,141.9443345,8340.683477,238.5725,4289.6279885
20,12,1068,536,53,45,53,45,0,0,42.755672,2248.429211,3876.516,3062.4726055,296555.2075,11724.424,154139.81575
2,0,200,0,100,0,100,0,0,0,3e-06,0.003,0.0,0.0015,0.0,0.0,0.0
12,10,994,860,83,86,83,86,0,0,1.768215,160.746824,182.732672,171.73974800000002,9597.597523,260.411266,4929.0043945
56,0,15232,0,272,0,272,0,0,0,58.422138,1082.539125,0.0,541.2695625,1248.91725,0.0,624.458625
10,6,534,268,53,45,53,45,0,0,0.861654,92.022556,150.566797,121.29467650000001,4876.525408,249.030672,2562.77804
2,0,200,0,100,0,100,0,0,0,3e-06,0.003,0.0,0.0015,0.0,0.0,0.0
2,0,104,0,52,0,52,0,0,0,5e-06,0.005,0.0,0.0025,0.0,0.0,0.0
2,0,200,0,100,0,100,0,0,0,9e-06,0.009,0.0,0.0045,0.0,0.0,0.0
2,0,200,0,100,0,100,0,0,0,9e-06,0.009,0.0,0.0045,0.0,0.0,0.0
10,8,534,354,53,44,53,44,0,0,1.504811,165.235889,197.322578,181.27923349999998,11083.93254,284.655312,5684.293926
2,0,200,0,100,0,100,0,0,0,3e-06,0.003,0.0,0.0015,0.0,0.0,0.0
2,0,200,0,100,0,100,0,0,0,9e-06,0.009,0.0,0.0045,0.0,0.0,0.0
2,0,200,0,100,0,100,0,0,0,3e-06,0.003,0.0,0.0015,0.0,0.0,0.0
2,0,200,0,100,0,100,0,0,0,9e-06,0.009,0.0,0.0045,0.0,0.0,0.0
2,0,200,0,100,0,100,0,0,0,3e-06,0.003,0.0,0.0015,0.0,0.0,0.0
2,0,200,0,100,0,100,0,0,0,9e-06,0.009,0.0,0.0045,0.0,0.0,0.0
2,0,168,0,84,0,84,0,0,0,3e-06,0.003,0.0,0.0015,0.0,0.0,0.0
10,6,2516,268,252,45,252,45,0,0,0.620026,65.104889,111.025602,88.0652455,3354.815965,174.072641,1764.444303
2,0,200,0,100,0,100,0,0,0,9e-06,0.009,0.0,0.0045,0.0,0.0,0.0
4,0,400,0,100,0,100,0,0,0,10.720804,3573.60125,0.0,1786.800625,5053.8275,0.0,2526.91375
10,8,970,354,97,44,97,44,0,0,1.338906,148.645444,177.533719,163.0895815,8240.93478,297.11925,4269.027015
10,6,2516,268,252,45,252,45,0,0,0.78155,86.725889,129.968797,108.347343,4465.912645,220.039953,2342.9762990000004
2,0,200,0,100,0,100,0,0,0,9e-06,0.009,0.0,0.0045,0.0,0.0,0.0
4,0,400,0,100,0,100,0,0,0,10.720804,3573.60125,0.0,1786.800625,5053.8275,0.0,2526.91375
10,8,872,354,87,44,87,44,0,0,1.652264,183.476111,218.556859,201.016485,10698.33596,319.154125,5508.745042500001
2,0,200,0,100,0,100,0,0,0,9e-06,0.009,0.0,0.0045,0.0,0.0,0.0
4,0,400,0,100,0,100,0,0,0,10.720804,3573.60125,0.0,1786.800625,5053.8275,0.0,2526.91375
2,0,168,0,84,0,84,0,0,0,5e-06,0.005,0.0,0.0025,0.0,0.0,0.0
18,24,1000,11954,56,498,56,498,0,0,2.897373,170.433706,118.607698,144.520702,9140.514152,7746.897273,8443.7057125
2,0,200,0,100,0,100,0,0,0,6e-06,0.006,0.0,0.003,0.0,0.0,0.0
2,0,200,0,100,0,100,0,0,0,8e-06,0.008,0.0,0.004,0.0,0.0,0.0
10,8,572,354,57,44,57,44,0,0,1.170877,116.292,151.676,133.98399999999998,7525.35609,200.835688,3863.095889
2,0,200,0,100,0,100,0,0,0,8e-06,0.008,0.0,0.004,0.0,0.0,0.0
2,0,246,0,123,0,123,0,0,0,9e-06,0.009,0.0,0.0045,0.0,0.0,0.0
2,0,200,0,100,0,100,0,0,0,8e-06,0.008,0.0,0.004,0.0,0.0,0.0
2,0,200,0,100,0,100,0,0,0,8e-06,0.008,0.0,0.004,0.0,0.0,0.0
2,0,200,0,100,0,100,0,0,0,1e-06,0.001,0.0,0.0005,0.0,0.0,0.0
2,0,182,0,91,0,91,0,0,0,9e-06,0.009,0.0,0.0045,0.0,0.0,0.0
2,0,200,0,100,0,100,0,0,0,6e-06,0.006,0.0,0.003,0.0,0.0,0.0
60,14,68187,612,1136,44,1136,44,0,0,1.329072,21.715373,90.353078,56.0342255,2109.235268,111.716188,1110.475728
10,6,884,268,88,45,88,45,0,0,1.35355,141.468333,241.157203,191.312768,7940.287273,412.492,4176.3896365
10,8,1084,354,108,44,108,44,0,0,1.001466,111.274,130.785,121.0295,5855.949846,257.362641,3056.6562435
2,0,200,0,100,0,100,0,0,0,9e-06,0.009,0.0,0.0045,0.0,0.0,0.0
10,6,2516,268,252,45,252,45,0,0,1.237649,133.127889,233.036594,183.0822415,8861.647585,403.723687,4632.685636
10,16,810,9784,81,612,81,612,0,0,1.091312,121.148111,67.385869,94.26698999999999,6878.301964,5445.729766,6162.015865
2,0,200,0,100,0,100,0,0,0,9e-06,0.009,0.0,0.0045,0.0,0.0,0.0
12,8,1130,766,94,96,94,96,0,0,0.310691,28.244637,42.843,35.5438185,1332.764776,58.281023,695.5228995
2,0,200,0,100,0,100,0,0,0,1e-06,0.001,0.0,0.0005,0.0,0.0,0.0
2,0,200,0,100,0,100,0,0,0,9e-06,0.009,0.0,0.0045,0.0,0.0,0.0
12,8,1130,742,94,93,94,93,0,0,0.346108,31.464363,43.19957,37.3319665,1617.104283,65.121125,841.1127039999999
10,6,534,268,53,45,53,45,0,0,0.897485,99.618667,154.819,127.21883349999999,5013.770849,260.450047,2637.1104480000004
46,12,51099,526,1111,44,1111,44,0,0,1.274382,27.519268,110.71118,69.115224,3142.282808,203.605297,1672.9440525
2,0,200,0,100,0,100,0,0,0,9e-06,0.009,0.0,0.0045,0.0,0.0,0.0
2,0,200,0,100,0,100,0,0,0,3e-06,0.003,0.0,0.0015,0.0,0.0,0.0
2,0,200,0,100,0,100,0,0,0,8e-06,0.008,0.0,0.004,0.0,0.0,0.0
2,0,200,0,100,0,100,0,0,0,3e-06,0.003,0.0,0.0015,0.0,0.0,0.0
2,0,200,0,100,0,100,0,0,0,8e-06,0.008,0.0,0.004,0.0,0.0,0.0
2,0,200,0,100,0,100,0,0,0,3e-06,0.003,0.0,0.0015,0.0,0.0,0.0
2,0,200,0,100,0,100,0,0,0,8e-06,0.008,0.0,0.004,0.0,0.0,0.0
10,6,592,268,59,45,59,45,0,0,0.718288,74.972667,129.275,102.1238335,3937.749459,201.031797,2069.390628
2,0,200,0,100,0,100,0,0,0,3e-06,0.003,0.0,0.0015,0.0,0.0,0.0
2,0,200,0,100,0,100,0,0,0,8e-06,0.008,0.0,0.004,0.0,0.0,0.0
2,0,628,0,314,0,314,0,0,0,4e-06,0.004,0.0,0.002,0.0,0.0,0.0
10,6,594,268,59,45,59,45,0,0,0.716199,75.078222,125.12,100.099111,3934.956272,192.983406,2063.969839
10,6,756,268,76,45,76,45,0,0,0.385719,35.557667,67.515398,51.53653250000001,1796.436471,87.259703,941.848087
2,0,200,0,100,0,100,0,0,0,8e-06,0.008,0.0,0.004,0.0,0.0,0.0
2,0,200,0,100,0,100,0,0,0,5e-06,0.005,0.0,0.0025,0.0,0.0,0.0
20,20,2206,1912,110,96,110,96,0,0,2.644719,139.189842,134.818953,137.00439749999998,6900.267124,154.139328,3527.203226
2,0,200,0,100,0,100,0,0,0,8e-06,0.008,0.0,0.004,0.0,0.0,0.0
2,0,200,0,100,0,100,0,0,0,5e-06,0.005,0.0,0.0025,0.0,0.0,0.0
20,20,970,3904,49,195,49,195,0,0,3.23273,170.143679,162.659109,166.40139399999998,9729.586585,234.142188,4981.8643864999995
2,0,200,0,100,0,100,0,0,0,8e-06,0.008,0.0,0.004,0.0,0.0,0.0
2,0,1378,0,689,0,689,0,0,0,6e-06,0.006,0.0,0.003,0.0,0.0,0.0
2,0,200,0,100,0,100,0,0,0,5e-06,0.005,0.0,0.0025,0.0,0.0,0.0
198,1084,8606,1467380,43,1354,43,1354,0,0,21.369947,108.476867,19.660318,64.0685925,5999.531471,2551.499959,4275.5157150000005
2,0,200,0,100,0,100,0,0,0,8e-06,0.008,0.0,0.004,0.0,0.0,0.0
2,0,1602,0,801,0,801,0,0,0,2e-06,0.002,0.0,0.001,0.0,0.0,0.0
2,0,200,0,100,0,100,0,0,0,5e-06,0.005,0.0,0.0025,0.0,0.0,0.0
2,0,168,0,84,0,84,0,0,0,2e-06,0.002,0.0,0.001,0.0,0.0,0.0
2,0,200,0,100,0,100,0,0,0,8e-06,0.008,0.0,0.004,0.0,0.0,0.0
12,8,880,1060,73,133,73,133,0,0,0.680436,61.85782,85.929859,73.8938395,4082.56195,127.193313,2104.8776315
2,0,452,0,226,0,226,0,0,0,9e-06,0.009,0.0,0.0045,0.0,0.0,0.0
60,14,68183,612,1136,44,1136,44,0,0,1.709113,28.072797,123.413617,75.743207,2907.501582,186.658437,1547.0800095
2,0,200,0,100,0,100,0,0,0,8e-06,0.008,0.0,0.004,0.0,0.0,0.0
2,2,152,82,76,41,76,41,0,0,0.233622,0.002,0.001,0.0015,0.0,0.0,0.0
2,0,2106,0,1053,0,1053,0,0,0,6e-06,0.006,0.0,0.003,0.0,0.0,0.0
2,0,200,0,100,0,100,0,0,0,8e-06,0.008,0.0,0.004,0.0,0.0,0.0
10,8,756,354,76,44,76,44,0,0,0.609145,67.669333,80.346711,74.008022,4312.510524,130.389922,2221.4502230000003
60,16,68181,698,1136,44,1136,44,0,0,1.143357,18.902797,70.872602,44.8876995,1846.777586,90.388664,968.583125
2,0,200,0,100,0,100,0,0,0,8e-06,0.008,0.0,0.004,0.0,0.0,0.0
10,8,534,354,53,44,53,44,0,0,4.714936,520.595556,661.061312,590.828434,39504.13097,1379.43675,20441.78386
60,14,68183,612,1136,44,1136,44,0,0,1.259955,21.340068,91.599844,56.469956,2043.778036,114.818187,1079.2981115
10,10,808,1154,81,115,81,115,0,0,0.8116,90.177778,84.893,87.53538900000001,5657.419667,140.496078,2898.9578725
2,0,200,0,100,0,100,0,0,0,9e-06,0.009,0.0,0.0045,0.0,0.0,0.0
12,10,1258,804,105,80,105,80,0,0,0.723223,64.136452,72.918336,68.527394,4133.422891,117.60757,2125.5152305
2,0,200,0,100,0,100,0,0,0,9e-06,0.009,0.0,0.0045,0.0,0.0,0.0
60,14,68179,612,1136,44,1136,44,0,0,1.267927,20.07083,88.453,54.261915,1959.022704,111.63343,1035.328067
2,0,200,0,100,0,100,0,0,0,9e-06,0.009,0.0,0.0045,0.0,0.0,0.0
20,40,2954,43636,148,1091,148,1091,0,0,2.23831,117.805789,54.941433,86.37361100000001,6798.769907,4241.402716,5520.086311499999
10,8,564,354,56,44,56,44,0,0,0.63855,66.633667,83.233,74.9333335,3823.076585,157.464875,1990.27073
2,0,200,0,100,0,100,0,0,0,6e-06,0.006,0.0,0.003,0.0,0.0,0.0
60,14,68179,612,1136,44,1136,44,0,0,1.331432,22.107085,92.107922,57.1075035,2160.141013,130.437852,1145.2894325
12,8,3050,720,254,90,254,90,0,0,0.654575,56.454728,79.12357,67.78914900000001,2842.659483,103.701273,1473.180378
2,0,200,0,100,0,100,0,0,0,6e-06,0.006,0.0,0.003,0.0,0.0,0.0
60,14,68179,612,1136,44,1136,44,0,0,1.071578,18.147136,77.132234,47.639685,1741.769819,91.199789,916.484804
2,0,200,0,100,0,100,0,0,0,8e-06,0.008,0.0,0.004,0.0,0.0,0.0
22,10,17786,838,808,84,808,84,0,0,0.586563,27.899476,54.311223,41.1053495,1983.01393,81.388211,1032.2010705
2,0,200,0,100,0,100,0,0,0,6e-06,0.006,0.0,0.003,0.0,0.0,0.0
10,6,1090,268,109,45,109,45,0,0,0.973197,100.258222,180.851797,140.5550095,5429.10804,286.059813,2857.5839265
2,0,208,0,104,0,104,0,0,0,8e-06,0.008,0.0,0.004,0.0,0.0,0.0
2,0,200,0,100,0,100,0,0,0,8e-06,0.008,0.0,0.004,0.0,0.0,0.0
12,8,1010,724,84,91,84,91,0,0,0.768876,69.846544,100.73257,85.289557,3830.426786,134.755609,1982.5911975
2,0,200,0,100,0,100,0,0,0,6e-06,0.006,0.0,0.003,0.0,0.0,0.0
2,0,200,0,100,0,100,0,0,0,8e-06,0.008,0.0,0.004,0.0,0.0,0.0
2,0,200,0,100,0,100,0,0,0,5e-06,0.005,0.0,0.0025,0.0,0.0,0.0
2,0,200,0,100,0,100,0,0,0,9e-06,0.009,0.0,0.0045,0.0,0.0,0.0
2,0,200,0,100,0,100,0,0,0,5e-06,0.005,0.0,0.0025,0.0,0.0,0.0
12,8,1124,766,94,96,94,96,0,0,0.554024,50.281001,70.379289,60.330145,2665.446958,110.315594,1387.881276
2,0,200,0,100,0,100,0,0,0,9e-06,0.009,0.0,0.0045,0.0,0.0,0.0
12,10,1450,804,121,80,121,80,0,0,1.00464,91.330911,96.957219,94.144065,6329.740947,121.640484,3225.6907155
24,18,2250,1572,94,87,94,87,0,0,31.946695,1386.942519,1875.917375,1631.429947,200503.3312,7144.488,103823.9096
68,0,18496,0,272,0,272,0,0,0,59.744881,899.487062,0.0,449.743531,1010.908063,0.0,505.4540315
2,0,216,0,108,0,108,0,0,0,5e-06,0.005,0.0,0.0025,0.0,0.0,0.0
2,0,202,0,101,0,101,0,0,0,8e-06,0.008,0.0,0.004,0.0,0.0,0.0
2,0,168,0,84,0,84,0,0,0,1e-06,0.001,0.0,0.0005,0.0,0.0,0.0
22,22,1170,1596,53,73,53,73,0,0,4.738728,225.612946,221.913949,223.76344749999998,14518.8268,16720.40727,15619.617035
2,0,224,0,112,0,112,0,0,0,3e-06,0.003,0.0,0.0015,0.0,0.0,0.0
2,0,200,0,100,0,100,0,0,0,5e-06,0.005,0.0,0.0025,0.0,0.0,0.0
152,166,134728,131338,886,791,886,791,0,0,9.085547,60.169186,55.338827,57.7540065,3691.138531,3646.053436,3668.5959835000003
10,8,564,354,56,44,56,44,0,0,1.005201,107.583889,129.709711,118.6468,6901.586801,186.447094,3544.0169475000002
2,0,200,0,100,0,100,0,0,0,5e-06,0.005,0.0,0.0025,0.0,0.0,0.0
12,8,1466,760,122,95,122,95,0,0,0.69695,63.359091,87.172859,75.265975,3189.708556,125.540781,1657.6246685
2,0,200,0,100,0,100,0,0,0,8e-06,0.008,0.0,0.004,0.0,0.0,0.0
12,8,1066,716,89,90,89,90,0,0,0.848621,77.090997,109.762,93.42649850000001,3734.804155,142.473297,1938.638726
2,0,200,0,100,0,100,0,0,0,8e-06,0.008,0.0,0.004,0.0,0.0,0.0
12,8,1066,730,89,91,89,91,0,0,0.757524,65.524548,92.843,79.183774,3396.720482,115.490891,1756.1056865
2,0,200,0,100,0,100,0,0,0,8e-06,0.008,0.0,0.004,0.0,0.0,0.0
2,0,200,0,100,0,100,0,0,0,9e-06,0.009,0.0,0.0045,0.0,0.0,0.0
2,0,200,0,100,0,100,0,0,0,8e-06,0.008,0.0,0.004,0.0,0.0,0.0
2,0,2640,0,1320,0,1320,0,0,0,1e-05,0.01,0.0,0.005,0.0,0.0,0.0
2,0,200,0,100,0,100,0,0,0,8e-06,0.008,0.0,0.004,0.0,0.0,0.0
2,0,200,0,100,0,100,0,0,0,6e-06,0.006,0.0,0.003,0.0,0.0,0.0
2,0,200,0,100,0,100,0,0,0,6e-06,0.006,0.0,0.003,0.0,0.0,0.0
2,0,200,0,100,0,100,0,0,0,9e-06,0.009,0.0,0.0045,0.0,0.0,0.0
2,0,200,0,100,0,100,0,0,0,6e-06,0.006,0.0,0.003,0.0,0.0,0.0
2,0,200,0,100,0,100,0,0,0,9e-06,0.009,0.0,0.0045,0.0,0.0,0.0
2,0,200,0,100,0,100,0,0,0,1e-06,0.001,0.0,0.0005,0.0,0.0,0.0
2,0,200,0,100,0,100,0,0,0,1e-06,0.001,0.0,0.0005,0.0,0.0,0.0
2,0,200,0,100,0,100,0,0,0,3e-06,0.003,0.0,0.0015,0.0,0.0,0.0
2,0,200,0,100,0,100,0,0,0,1e-06,0.001,0.0,0.0005,0.0,0.0,0.0
2,0,200,0,100,0,100,0,0,0,1e-06,0.001,0.0,0.0005,0.0,0.0,0.0
2,0,200,0,100,0,100,0,0,0,8e-06,0.008,0.0,0.004,0.0,0.0,0.0
2,0,200,0,100,0,100,0,0,0,1e-06,0.001,0.0,0.0005,0.0,0.0,0.0
2,0,200,0,100,0,100,0,0,0,8e-06,0.008,0.0,0.004,0.0,0.0,0.0
2,0,200,0,100,0,100,0,0,0,1e-06,0.001,0.0,0.0005,0.0,0.0,0.0
10,10,800,1190,80,119,80,119,0,0,0.999352,111.039111,98.288445,104.66377800000001,6662.074451,165.358922,3413.7166865000004
2,0,200,0,100,0,100,0,0,0,1e-06,0.001,0.0,0.0005,0.0,0.0,0.0
2,0,200,0,100,0,100,0,0,0,1e-06,0.001,0.0,0.0005,0.0,0.0,0.0
2,0,200,0,100,0,100,0,0,0,1e-06,0.001,0.0,0.0005,0.0,0.0,0.0
2,0,168,0,84,0,84,0,0,0,5e-06,0.005,0.0,0.0025,0.0,0.0,0.0
2,0,200,0,100,0,100,0,0,0,8e-06,0.008,0.0,0.004,0.0,0.0,0.0
2,0,200,0,100,0,100,0,0,0,8e-06,0.008,0.0,0.004,0.0,0.0,0.0
2,0,200,0,100,0,100,0,0,0,8e-06,0.008,0.0,0.004,0.0,0.0,0.0
2,0,200,0,100,0,100,0,0,0,8e-06,0.008,0.0,0.004,0.0,0.0,0.0
2,0,200,0,100,0,100,0,0,0,9e-06,0.009,0.0,0.0045,0.0,0.0,0.0
2,0,200,0,100,0,100,0,0,0,9e-06,0.009,0.0,0.0045,0.0,0.0,0.0
2,0,200,0,100,0,100,0,0,0,6e-06,0.006,0.0,0.003,0.0,0.0,0.0
2,0,1544,0,772,0,772,0,0,0,9e-06,0.009,0.0,0.0045,0.0,0.0,0.0
2,0,200,0,100,0,100,0,0,0,6e-06,0.006,0.0,0.003,0.0,0.0,0.0
2,0,200,0,100,0,100,0,0,0,6e-06,0.006,0.0,0.003,0.0,0.0,0.0
2,0,200,0,100,0,100,0,0,0,6e-06,0.006,0.0,0.003,0.0,0.0,0.0
10,6,534,268,53,45,53,45,0,0,0.782478,84.641222,138.522203,111.5817125,4458.306448,223.133547,2340.7199975000003
2,0,200,0,100,0,100,0,0,0,8e-06,0.008,0.0,0.004,0.0,0.0,0.0
2,0,200,0,100,0,100,0,0,0,8e-06,0.008,0.0,0.004,0.0,0.0,0.0
14,12,796,678,57,57,57,57,0,0,1.006491,77.422387,82.265547,79.84396699999999,3976.868245,108.593445,2042.730845
16,12,922,642,58,54,58,54,0,0,1.152135,79.666787,98.44918,89.0579835,3827.021978,143.126187,1985.0740825
2,0,104,0,52,0,52,0,0,0,8e-06,0.008,0.0,0.004,0.0,0.0,0.0
14,10,774,556,55,56,55,56,0,0,0.757909,58.300691,76.816891,67.558791,2968.883701,113.811117,1541.3474090000002
2,0,200,0,100,0,100,0,0,0,8e-06,0.008,0.0,0.004,0.0,0.0,0.0
2,0,104,0,52,0,52,0,0,0,1e-06,0.001,0.0,0.0005,0.0,0.0,0.0
2,0,200,0,100,0,100,0,0,0,7e-06,0.007,0.0,0.0035,0.0,0.0,0.0
2,0,200,0,100,0,100,0,0,0,7e-06,0.007,0.0,0.0035,0.0,0.0,0.0
2,0,200,0,100,0,100,0,0,0,8e-06,0.008,0.0,0.004,0.0,0.0,0.0
2,0,200,0,100,0,100,0,0,0,8e-06,0.008,0.0,0.004,0.0,0.0,0.0
2,0,200,0,100,0,100,0,0,0,7e-06,0.007,0.0,0.0035,0.0,0.0,0.0
2,0,200,0,100,0,100,0,0,0,8e-06,0.008,0.0,0.004,0.0,0.0,0.0
2,0,104,0,52,0,52,0,0,0,9e-06,0.009,0.0,0.0045,0.0,0.0,0.0
2,0,1064,0,532,0,532,0,0,0,5e-06,0.005,0.0,0.0025,0.0,0.0,0.0
2,0,104,0,52,0,52,0,0,0,8e-06,0.008,0.0,0.004,0.0,0.0,0.0
2,0,1064,0,532,0,532,0,0,0,5e-06,0.005,0.0,0.0025,0.0,0.0,0.0
14,14,800,764,57,55,57,55,0,0,1.824363,140.335615,135.166391,137.751003,7213.69818,220.393172,3717.045676
2,0,104,0,52,0,52,0,0,0,1.4e-05,0.014,0.0,0.007,0.0,0.0,0.0
2,0,104,0,52,0,52,0,0,0,9e-06,0.009,0.0,0.0045,0.0,0.0,0.0
2,0,610,0,305,0,305,0,0,0,9e-06,0.009,0.0,0.0045,0.0,0.0,0.0
2,0,104,0,52,0,52,0,0,0,8e-06,0.008,0.0,0.004,0.0,0.0,0.0
2,0,1984,0,992,0,992,0,0,0,2e-06,0.002,0.0,0.001,0.0,0.0,0.0
2,0,104,0,52,0,52,0,0,0,9e-06,0.009,0.0,0.0045,0.0,0.0,0.0
2,0,1772,0,886,0,886,0,0,0,4e-06,0.004,0.0,0.002,0.0,0.0,0.0
16,10,920,556,58,56,58,56,0,0,1.151058,73.660601,119.002555,96.33157800000001,3966.301915,153.540656,2059.9212855
10,6,758,268,76,45,76,45,0,0,0.225042,23.955111,33.476801,28.715956,1438.607655,51.305223,744.956439
2,0,200,0,100,0,100,0,0,0,8e-06,0.008,0.0,0.004,0.0,0.0,0.0
2,0,1692,0,846,0,846,0,0,0,8e-06,0.008,0.0,0.004,0.0,0.0,0.0
2,0,200,0,100,0,100,0,0,0,8e-06,0.008,0.0,0.004,0.0,0.0,0.0
10,6,518,268,52,45,52,45,0,0,0.25524,26.392222,43.299801,34.8460115,1307.106677,61.789508,684.4480925
2,0,200,0,100,0,100,0,0,0,9e-06,0.009,0.0,0.0045,0.0,0.0,0.0
20,34,2444,37606,122,1106,122,1106,0,0,0.965101,50.794788,28.012999,39.403893499999995,2744.724599,2075.524015,2410.124307
12,8,1008,704,84,88,84,88,0,0,0.943053,82.048365,118.07857,100.0634675,4314.254352,144.073172,2229.163762
2,0,200,0,100,0,100,0,0,0,9e-06,0.009,0.0,0.0045,0.0,0.0,0.0
12,6,5820,268,485,45,485,45,0,0,0.189938,17.26709,33.498199,25.382644499999998,1002.611806,62.573066,532.592436
2,0,2050,0,1025,0,1025,0,0,0,5e-06,0.005,0.0,0.0025,0.0,0.0,0.0
10,8,564,354,56,44,56,44,0,0,0.918295,97.388889,120.385711,108.88730000000001,6560.669863,158.108141,3359.389002
10,6,628,268,63,45,63,45,0,0,0.228213,23.283667,43.216199,33.249933,1161.070751,62.954793,612.012772
10,6,954,268,95,45,95,45,0,0,0.248631,24.439889,47.355398,35.8976435,1279.039602,73.381422,676.210512
10,8,564,354,56,44,56,44,0,0,1.738998,185.378889,236.288,210.83344449999998,13629.00934,346.4035,6987.70642
2,0,580,0,290,0,290,0,0,0,4e-06,0.004,0.0,0.002,0.0,0.0,0.0
10,6,898,268,90,45,90,45,0,0,0.74227,82.403222,131.744406,107.073814,4128.477991,203.479422,2165.9787065
10,6,852,268,85,45,85,45,0,0,0.208162,21.266556,40.537602,30.902079,1157.065454,70.247352,613.6564030000001
2,0,168,0,84,0,84,0,0,0,4e-06,0.004,0.0,0.002,0.0,0.0,0.0
10,8,564,354,56,44,56,44,0,0,1.290441,139.863444,171.731859,155.79765149999997,9376.231081,241.600156,4808.9156185
2,0,2144,0,1072,0,1072,0,0,0,8e-06,0.008,0.0,0.004,0.0,0.0,0.0
104,638,4926,848323,47,1330,47,1330,0,0,3.403829,33.046884,5.335088,19.190986,1715.854075,683.387297,1199.620686
2,0,104,0,52,0,52,0,0,0,9e-06,0.009,0.0,0.0045,0.0,0.0,0.0
12,8,3044,754,254,94,254,94,0,0,0.871648,74.187639,109.55343,91.8705345,3753.685431,143.034453,1948.359942
10,8,564,354,56,44,56,44,0,0,0.679817,71.952556,90.26757,81.110063,5593.570799,129.709344,2861.6400715
16,12,922,642,58,54,58,54,0,0,2.075691,136.291864,182.555,159.423432,8910.622067,230.100531,4570.361299
12,8,1062,736,89,92,89,92,0,0,0.488246,42.609636,63.90543,53.257533,2244.729261,84.000047,1164.364654
372,72,476018,3932,1280,55,1280,55,0,0,3.774546,10.229122,51.986309,31.107715499999998,1486.795558,89.814539,788.3050485
12,8,1068,700,89,88,89,88,0,0,1.326616,128.985203,182.308578,155.6468905,187.513219,277.909469,232.711344
10,8,564,354,56,44,56,44,0,0,0.804449,84.983,110.046289,97.5146445,6155.942106,146.710109,3151.3261075
2,0,1886,0,943,0,943,0,0,0,1e-05,0.01,0.0,0.005,0.0,0.0,0.0
10,6,1612,268,161,45,161,45,0,0,0.343707,37.042,56.412602,46.727301,1966.807454,91.446594,1029.127024
12,8,1066,768,89,96,89,96,0,0,0.863056,78.459639,108.707289,93.58346399999999,4003.502767,148.552344,2076.0275555
16,10,924,556,58,56,58,56,0,0,1.780889,115.787199,189.470328,152.6287635,6401.743025,288.358625,3345.050825
24,22,1256,1600,52,73,52,73,0,0,2.092792,90.990957,97.429713,94.210335,4857.620684,6089.490892,5473.555788
2,0,156,0,78,0,78,0,0,0,8e-06,0.008,0.0,0.004,0.0,0.0,0.0
30,24,15685,2006,523,84,523,84,0,0,3.228663,111.333205,136.235781,123.784493,6675.367822,187.313813,3431.3408175
8,8,364,864,46,108,46,108,0,0,0.838846,119.835147,104.547289,112.191218,7252.604552,185.398641,3719.0015965
2,0,744,0,372,0,372,0,0,0,1.1e-05,0.011,0.0,0.0055,0.0,0.0,0.0
54,24,46981,1860,870,78,870,78,0,0,2.199056,41.491623,90.201391,65.846507,3107.189523,113.202992,1610.1962575
2,0,200,0,100,0,100,0,0,0,3e-06,0.003,0.0,0.0015,0.0,0.0,0.0
10,8,832,354,83,44,83,44,0,0,0.966816,103.907889,128.613859,116.260874,6893.208488,185.629875,3539.4191815
10,6,904,268,90,45,90,45,0,0,0.411931,45.770111,63.496398,54.6332545,2369.108393,112.057578,1240.5829855
2,0,200,0,100,0,100,0,0,0,3e-06,0.003,0.0,0.0015,0.0,0.0,0.0
2,0,2104,0,1052,0,1052,0,0,0,1.1e-05,0.011,0.0,0.0055,0.0,0.0,0.0
2,0,168,0,84,0,84,0,0,0,7e-06,0.007,0.0,0.0035,0.0,0.0,0.0
2,0,200,0,100,0,100,0,0,0,1e-06,0.001,0.0,0.0005,0.0,0.0,0.0
10,6,1852,268,185,45,185,45,0,0,0.544207,60.467444,95.034,77.750722,3081.248083,162.452016,1621.8500495
2,0,200,0,100,0,100,0,0,0,1e-06,0.001,0.0,0.0005,0.0,0.0,0.0
10,6,1612,268,161,45,161,45,0,0,0.504802,52.470333,81.025797,66.748065,2780.893681,117.392477,1449.143079
12,10,1058,836,88,84,88,84,0,0,1.15521,105.019089,114.105445,109.56226699999999,5750.991887,195.97125,2973.4815685
2,0,200,0,100,0,100,0,0,0,1e-06,0.001,0.0,0.0005,0.0,0.0,0.0
340,68,432676,3782,1273,56,1273,56,0,0,2.721114,8.026885,40.888195,24.45754,899.50063,50.481133,474.9908815
2,0,168,0,84,0,84,0,0,0,8e-06,0.008,0.0,0.004,0.0,0.0,0.0
2,0,200,0,100,0,100,0,0,0,2e-06,0.002,0.0,0.001,0.0,0.0,0.0
2,0,200,0,100,0,100,0,0,0,9e-06,0.009,0.0,0.0045,0.0,0.0,0.0
40,158,1818,186466,45,1180,45,1180,0,0,1.599437,41.011207,10.242684,25.626945499999998,2030.492468,1013.499935,1521.9962015
2,0,200,0,100,0,100,0,0,0,9e-06,0.009,0.0,0.0045,0.0,0.0,0.0
2,0,200,0,100,0,100,0,0,0,2e-06,0.002,0.0,0.001,0.0,0.0,0.0
10,6,1816,268,182,45,182,45,0,0,0.230008,25.556444,44.181,34.868722,1321.450576,63.23934,692.344958
2,0,200,0,100,0,100,0,0,0,9e-06,0.009,0.0,0.0045,0.0,0.0,0.0
2,0,200,0,100,0,100,0,0,0,2e-06,0.002,0.0,0.001,0.0,0.0,0.0
28,82,1460,86762,52,1058,52,1058,0,0,1.104341,40.901519,13.534926,27.2182225,2094.00598,1214.850348,1654.428164
10,14,816,11480,82,820,82,820,0,0,0.194987,21.665222,14.084153,17.8746875,1122.352883,1420.410703,1271.381793
18,18,1380,1144,77,64,77,64,0,0,3.816748,224.449882,216.346125,220.39800350000002,13284.91745,365.930969,6825.424209500001
2,0,200,0,100,0,100,0,0,0,2e-06,0.002,0.0,0.001,0.0,0.0,0.0
10,6,2434,268,243,45,243,45,0,0,0.513416,43.943667,90.497602,67.2206345,2122.263344,110.835906,1116.5496249999999
2,0,168,0,84,0,84,0,0,0,3e-06,0.003,0.0,0.0015,0.0,0.0,0.0
10,6,912,268,91,45,91,45,0,0,0.197978,20.268778,37.727199,28.997988499999998,1086.017048,64.562977,575.2900125
2,0,168,0,84,0,84,0,0,0,5e-06,0.005,0.0,0.0025,0.0,0.0,0.0
22,34,1060,23070,48,679,48,679,0,0,0.731073,34.813,21.358455,28.0857275,1745.552462,1412.933875,1579.2431685000001
20,66,1616,74466,81,1128,81,1128,0,0,1.890937,99.523002,28.374766,63.94888400000001,6132.864657,3356.439273,4744.651965
12,8,2918,356,243,45,243,45,0,0,0.325052,29.550181,41.45657,35.5033755,1515.023481,64.766402,789.8949415
40,156,3522,205910,88,1320,88,1320,0,0,6.581651,168.75697,41.547205,105.1520875,12694.85976,5639.151475,9167.005617499999
14,6,6958,268,497,45,497,45,0,0,0.167488,11.641692,31.935801,21.788746500000002,752.775182,48.406422,400.590802
2,0,200,0,100,0,100,0,0,0,7e-06,0.007,0.0,0.0035,0.0,0.0,0.0
14,10,774,556,55,56,55,56,0,0,0.928899,67.984075,93.679445,80.83176,3805.207685,117.085188,1961.1464365
102,32,113530,2300,1113,72,1113,72,0,0,1.050751,10.403475,33.394195,21.898835000000002,920.457403,41.980566,481.2189845
2,0,200,0,100,0,100,0,0,0,7e-06,0.007,0.0,0.0035,0.0,0.0,0.0
10,6,516,268,52,45,52,45,0,0,0.207909,21.705444,40.009801,30.8576225,1302.533605,65.701992,684.1177985
2,0,168,0,84,0,84,0,0,0,9e-06,0.009,0.0,0.0045,0.0,0.0,0.0
2,0,200,0,100,0,100,0,0,0,2e-06,0.002,0.0,0.001,0.0,0.0,0.0
10,8,564,354,56,44,56,44,0,0,0.64018,69.802889,90.505289,80.154089,5500.054326,138.937906,2819.4961160000003
2,0,200,0,100,0,100,0,0,0,2e-06,0.002,0.0,0.001,0.0,0.0,0.0
20,22,948,5854,47,266,47,266,0,0,0.694099,36.531525,32.566094,34.548809500000004,1798.201784,1727.962253,1763.0820185
2,0,200,0,100,0,100,0,0,0,2e-06,0.002,0.0,0.001,0.0,0.0,0.0
2,0,168,0,84,0,84,0,0,0,1e-06,0.001,0.0,0.0005,0.0,0.0,0.0
2,0,200,0,100,0,100,0,0,0,3e-06,0.003,0.0,0.0015,0.0,0.0,0.0
2,0,1064,0,532,0,532,0,0,0,1e-05,0.01,0.0,0.005,0.0,0.0,0.0
2,0,90,0,45,0,45,0,0,0,8e-06,0.008,0.0,0.004,0.0,0.0,0.0
2,0,200,0,100,0,100,0,0,0,3e-06,0.003,0.0,0.0015,0.0,0.0,0.0
2,0,1064,0,532,0,532,0,0,0,1e-06,0.001,0.0,0.0005,0.0,0.0,0.0
2,0,572,0,286,0,286,0,0,0,9e-06,0.009,0.0,0.0045,0.0,0.0,0.0
2,0,200,0,100,0,100,0,0,0,3e-06,0.003,0.0,0.0015,0.0,0.0,0.0
2,0,200,0,100,0,100,0,0,0,1e-05,0.01,0.0,0.005,0.0,0.0,0.0
2,0,566,0,283,0,283,0,0,0,9e-06,0.009,0.0,0.0045,0.0,0.0,0.0
2,0,1064,0,532,0,532,0,0,0,5e-06,0.005,0.0,0.0025,0.0,0.0,0.0
2,0,200,0,100,0,100,0,0,0,1e-05,0.01,0.0,0.005,0.0,0.0,0.0
2,0,200,0,100,0,100,0,0,0,8e-06,0.008,0.0,0.004,0.0,0.0,0.0
10,8,564,354,56,44,56,44,0,0,0.630271,70.030111,88.515859,79.272985,5427.291834,140.489781,2783.8908075
2,0,200,0,100,0,100,0,0,0,8e-06,0.008,0.0,0.004,0.0,0.0,0.0
2,0,168,0,84,0,84,0,0,0,6e-06,0.006,0.0,0.003,0.0,0.0,0.0
8,10,364,4654,46,465,46,465,0,0,0.5072,72.457145,52.127444,62.2922945,5001.390856,4364.276375,4682.8336155
2,0,200,0,100,0,100,0,0,0,8e-06,0.008,0.0,0.004,0.0,0.0,0.0
2,0,200,0,100,0,100,0,0,0,4e-06,0.004,0.0,0.002,0.0,0.0,0.0
2,0,1064,0,532,0,532,0,0,0,1.1e-05,0.011,0.0,0.0055,0.0,0.0,0.0
30,14,25294,764,843,55,843,55,0,0,0.829121,28.59038,55.68123,42.135805,2352.796817,82.055992,1217.4264045
10,6,588,268,59,45,59,45,0,0,0.517024,55.606556,85.742398,70.674477,2900.531222,127.476945,1514.0040835
2,0,200,0,100,0,100,0,0,0,8e-06,0.008,0.0,0.004,0.0,0.0,0.0
68,30,68650,2118,1010,71,1010,71,0,0,4.829203,72.068627,161.532969,116.80079800000001,6179.374695,238.576641,3208.975668
2,0,168,0,84,0,84,0,0,0,1.5e-05,0.015,0.0,0.0075,0.0,0.0,0.0
34,10,34970,440,1029,44,1029,44,0,0,0.551946,16.011151,56.032109,36.02163,1486.764694,72.733398,779.749046
10,8,862,354,86,44,86,44,0,0,1.02566,108.404667,131.835719,120.120193,6008.236903,223.287422,3115.7621625
30,14,26598,764,887,55,887,55,0,0,0.784321,27.045552,51.943922,39.494737,1944.300697,84.105922,1014.2033094999999
24,24,1268,1708,53,71,53,71,0,0,6.61542,287.62697,283.079469,285.3532195,18931.17415,585.047125,9758.1106375
2,0,168,0,84,0,84,0,0,0,1.5e-05,0.015,0.0,0.0075,0.0,0.0,0.0
2,0,200,0,100,0,100,0,0,0,1e-06,0.001,0.0,0.0005,0.0,0.0,0.0
4808,748,6430619,32742,1337,44,1337,44,0,0,59.941998,12.513996,80.074109,46.29405250000001,1715.398433,113.700227,914.54933
24,14,17432,916,726,65,726,65,0,0,0.747404,32.495827,52.4,42.4479135,2237.164698,73.943469,1155.5540835
2,0,200,0,100,0,100,0,0,0,1e-06,0.001,0.0,0.0005,0.0,0.0,0.0
2,0,200,0,100,0,100,0,0,0,6e-06,0.006,0.0,0.003,0.0,0.0,0.0
36,12,30350,642,843,54,843,54,0,0,1.181759,32.690342,102.010906,67.35062400000001,2908.343193,134.402078,1521.3726355000001
2,0,200,0,100,0,100,0,0,0,8e-06,0.008,0.0,0.004,0.0,0.0,0.0
2,0,168,0,84,0,84,0,0,0,2e-06,0.002,0.0,0.001,0.0,0.0,0.0
2,0,1064,0,532,0,532,0,0,0,1e-05,0.01,0.0,0.005,0.0,0.0,0.0
10,6,2502,268,250,45,250,45,0,0,0.613674,64.466778,105.118398,84.792588,3382.060986,154.274891,1768.1679385
10,8,564,354,56,44,56,44,0,0,0.802225,82.828889,106.428,94.6284445,6099.689797,140.798672,3120.2442345
2,0,200,0,100,0,100,0,0,0,8e-06,0.008,0.0,0.004,0.0,0.0,0.0
2,0,338,0,169,0,169,0,0,0,3e-06,0.003,0.0,0.0015,0.0,0.0,0.0
10,10,974,1232,97,123,97,123,0,0,0.640814,71.170889,64.743891,67.95739,4241.7237,115.216734,2178.4702169999996
2,0,200,0,100,0,100,0,0,0,6e-06,0.006,0.0,0.003,0.0,0.0,0.0
2,0,1698,0,849,0,849,0,0,0,1.1e-05,0.011,0.0,0.0055,0.0,0.0,0.0
2,0,464,0,232,0,232,0,0,0,9e-06,0.009,0.0,0.0045,0.0,0.0,0.0
2,0,1956,0,978,0,978,0,0,0,6e-06,0.006,0.0,0.003,0.0,0.0,0.0
8,8,364,1800,46,225,46,225,0,0,0.870112,124.180567,114.879859,119.530213,8515.585048,233.744172,4374.664610000001
14,12,2064,678,147,57,147,57,0,0,1.71381,131.831538,147.147812,139.48967499999998,6407.688719,242.312109,3325.000414
10,10,852,2282,85,228,85,228,0,0,0.987685,123.460631,97.911219,110.685925,6685.878777,187.473922,3436.6763495
2,0,1210,0,605,0,605,0,0,0,1e-05,0.01,0.0,0.005,0.0,0.0,0.0
8,10,364,3754,46,375,46,375,0,0,0.586917,83.489569,54.784667,69.137118,4944.447961,3925.35259,4434.9002755
2,0,200,0,100,0,100,0,0,0,3e-06,0.003,0.0,0.0015,0.0,0.0,0.0
2,0,200,0,100,0,100,0,0,0,9e-06,0.009,0.0,0.0045,0.0,0.0,0.0
24,22,1248,1628,52,74,52,74,0,0,2.180943,94.823609,99.812192,97.31790050000001,4798.576198,5448.424915,5123.500556499999
2,0,200,0,100,0,100,0,0,0,3e-06,0.003,0.0,0.0015,0.0,0.0,0.0
2,0,200,0,100,0,100,0,0,0,9e-06,0.009,0.0,0.0045,0.0,0.0,0.0
2,0,218,0,109,0,109,0,0,0,9e-06,0.009,0.0,0.0045,0.0,0.0,0.0
2,0,200,0,100,0,100,0,0,0,1e-06,0.001,0.0,0.0005,0.0,0.0,0.0
8,8,364,1180,46,148,46,148,0,0,0.833701,119.100147,110.49,114.7950735,7667.211144,193.874531,3930.5428375
2,0,1064,0,532,0,532,0,0,0,5e-06,0.005,0.0,0.0025,0.0,0.0,0.0
2,0,200,0,100,0,100,0,0,0,1e-06,0.001,0.0,0.0005,0.0,0.0,0.0
2,0,200,0,100,0,100,0,0,0,1e-06,0.001,0.0,0.0005,0.0,0.0,0.0
2,0,1720,0,860,0,860,0,0,0,6e-06,0.006,0.0,0.003,0.0,0.0,0.0
10,6,1332,268,133,45,133,45,0,0,0.202281,20.718333,38.172801,29.445567,1085.855341,62.786488,574.3209145
2,0,168,0,84,0,84,0,0,0,5e-06,0.005,0.0,0.0025,0.0,0.0,0.0
2,0,1138,0,569,0,569,0,0,0,1e-05,0.01,0.0,0.005,0.0,0.0,0.0
2,0,200,0,100,0,100,0,0,0,3e-06,0.003,0.0,0.0015,0.0,0.0,0.0
2,0,168,0,84,0,84,0,0,0,2.2e-05,0.022,0.0,0.011,0.0,0.0,0.0
2,0,200,0,100,0,100,0,0,0,3e-06,0.003,0.0,0.0015,0.0,0.0,0.0
2,0,524,0,262,0,262,0,0,0,1e-05,0.01,0.0,0.005,0.0,0.0,0.0
2,0,200,0,100,0,100,0,0,0,3e-06,0.003,0.0,0.0015,0.0,0.0,0.0
24,20,4261,1852,178,93,178,93,0,0,0.659772,28.685739,33.459105,31.072422000000003,1563.701678,40.945164,802.3234209999999
2,0,200,0,100,0,100,0,0,0,3e-06,0.003,0.0,0.0015,0.0,0.0,0.0
10,6,3160,268,316,45,316,45,0,0,1.667936,185.254667,320.716,252.98533350000002,13026.03772,590.134875,6808.0862975
2,0,200,0,100,0,100,0,0,0,3e-06,0.003,0.0,0.0015,0.0,0.0,0.0
10,6,904,268,90,45,90,45,0,0,0.183966,18.898222,35.573398,27.23581,1007.195389,60.79416,533.9947745
2,0,200,0,100,0,100,0,0,0,2e-06,0.002,0.0,0.001,0.0,0.0,0.0
2,0,200,0,100,0,100,0,0,0,8e-06,0.008,0.0,0.004,0.0,0.0,0.0
2,0,104,0,52,0,52,0,0,0,4e-06,0.004,0.0,0.002,0.0,0.0,0.0
28,26,4062,3352,145,129,145,129,0,0,1.118985,41.443889,44.383039,42.913464,1964.322204,51.704125,1008.0131645
2,0,200,0,100,0,100,0,0,0,8e-06,0.008,0.0,0.004,0.0,0.0,0.0
2,0,200,0,100,0,100,0,0,0,2e-06,0.002,0.0,0.001,0.0,0.0,0.0
8,8,364,1540,46,193,46,193,0,0,1.924873,274.92042,257.197578,266.058999,20145.9672,575.782187,10360.8746935
50,230,2250,279348,45,1215,45,1215,0,0,1.617316,33.006448,7.118071,20.0622595,1738.685417,816.458883,1277.57215
2,0,200,0,100,0,100,0,0,0,5e-06,0.005,0.0,0.0025,0.0,0.0,0.0
2,0,200,0,100,0,100,0,0,0,2e-06,0.002,0.0,0.001,0.0,0.0,0.0
10,8,454,410,45,51,45,51,0,0,0.232683,24.207444,32.356143,28.2817935,1385.307845,44.62759,714.9677175
2,0,104,0,52,0,52,0,0,0,3e-06,0.003,0.0,0.0015,0.0,0.0,0.0
2,0,200,0,100,0,100,0,0,0,5e-06,0.005,0.0,0.0025,0.0,0.0,0.0
10,6,1856,268,186,45,186,45,0,0,0.176509,18.204111,34.058199,26.131155,974.943161,58.99573,516.9694455
2,0,200,0,100,0,100,0,0,0,5e-06,0.005,0.0,0.0025,0.0,0.0,0.0
8,8,364,528,46,66,46,66,0,0,0.580034,82.862002,73.660711,78.2613565,5658.398783,154.6485,2906.5236415
2,0,200,0,100,0,100,0,0,0,5e-06,0.005,0.0,0.0025,0.0,0.0,0.0
10,6,1704,268,170,45,170,45,0,0,1.261391,136.393,240.371406,188.382203,9590.925435,437.922594,5014.424014499999
32,14,22048,728,689,52,689,52,0,0,2.500636,80.665679,186.080469,133.373074,6739.105836,266.015656,3502.5607459999997
2,0,1448,0,724,0,724,0,0,0,4e-06,0.004,0.0,0.002,0.0,0.0,0.0
2,0,200,0,100,0,100,0,0,0,8e-06,0.008,0.0,0.004,0.0,0.0,0.0
10,6,830,268,83,45,83,45,0,0,0.725737,79.029222,126.061797,102.54550950000001,4204.442908,211.270797,2207.8568525
2,0,200,0,100,0,100,0,0,0,9e-06,0.009,0.0,0.0045,0.0,0.0,0.0
10,6,894,268,89,45,89,45,0,0,0.186942,19.076111,36.054199,27.565154999999997,1013.803531,60.97357,537.3885505000001
2,0,200,0,100,0,100,0,0,0,8e-06,0.008,0.0,0.004,0.0,0.0,0.0
32,108,1476,122574,46,1135,46,1135,0,0,0.843754,27.217871,7.670785,17.444328,1438.297615,752.012483,1095.155049
2,0,200,0,100,0,100,0,0,0,9e-06,0.009,0.0,0.0045,0.0,0.0,0.0
2,0,200,0,100,0,100,0,0,0,8e-06,0.008,0.0,0.004,0.0,0.0,0.0
2,0,1064,0,532,0,532,0,0,0,5e-06,0.005,0.0,0.0025,0.0,0.0,0.0
10,6,810,268,81,45,81,45,0,0,0.196262,20.747333,34.568,27.657666499999998,1060.278235,51.883988,556.0811115
18,20,1000,6120,56,306,56,306,0,0,2.516182,148.010706,128.819586,138.415146,9468.926276,8669.868087,9069.3971815
2,0,200,0,100,0,100,0,0,0,4e-06,0.004,0.0,0.002,0.0,0.0,0.0
2,0,1064,0,532,0,532,0,0,0,9e-06,0.009,0.0,0.0045,0.0,0.0,0.0
60,318,2826,397822,47,1251,47,1251,0,0,2.21056,37.467118,6.917006,22.192062,1844.701167,778.977335,1311.8392509999999
2,0,200,0,100,0,100,0,0,0,1e-06,0.001,0.0,0.0005,0.0,0.0,0.0
2,0,200,0,100,0,100,0,0,0,4e-06,0.004,0.0,0.002,0.0,0.0,0.0
132,22,163442,956,1238,43,1238,43,0,0,1.694489,12.651458,76.301523,44.476490500000004,1366.745515,97.696359,732.220937
24,20,5989,1666,250,83,250,83,0,0,0.777953,33.824045,40.261473,37.042759000000004,1794.299866,49.943348,922.121607
14,10,774,556,55,56,55,56,0,0,0.381669,28.815846,41.243223,35.0295345,1495.637563,56.128352,775.8829575
2,0,200,0,100,0,100,0,0,0,4e-06,0.004,0.0,0.002,0.0,0.0,0.0
2,0,200,0,100,0,100,0,0,0,1e-06,0.001,0.0,0.0005,0.0,0.0,0.0
2,0,1064,0,532,0,532,0,0,0,7e-06,0.007,0.0,0.0035,0.0,0.0,0.0
10,6,1190,268,119,45,119,45,0,0,0.200649,20.788444,38.954398,29.871420999999998,1134.521894,68.130164,601.326029
2,0,200,0,100,0,100,0,0,0,1e-06,0.001,0.0,0.0005,0.0,0.0,0.0
24,22,1272,1632,53,74,53,74,0,0,3.124006,135.826342,144.207094,140.01671800000003,8151.621281,295.968719,4223.795
2,0,200,0,100,0,100,0,0,0,9e-06,0.009,0.0,0.0045,0.0,0.0,0.0
10,8,564,354,56,44,56,44,0,0,0.628321,69.355111,88.680141,79.017626,5456.58533,138.840672,2797.713001
2,0,200,0,100,0,100,0,0,0,1e-06,0.001,0.0,0.0005,0.0,0.0,0.0
12,12,572,682,48,57,48,57,0,0,1.042731,6080.5355,6080.4575,6080.4965,656558.8483,19873.908,338216.37815
2,0,200,0,100,0,100,0,0,0,9e-06,0.009,0.0,0.0045,0.0,0.0,0.0
2,0,168,0,84,0,84,0,0,0,9e-06,0.009,0.0,0.0045,0.0,0.0,0.0
2,0,180,0,90,0,90,0,0,0,8e-06,0.008,0.0,0.004,0.0,0.0,0.0
28,78,1290,82494,46,1058,46,1058,0,0,1.316286,48.751334,16.152818,32.452076,2833.192271,1727.244089,2280.21818
2,0,200,0,100,0,100,0,0,0,1e-06,0.001,0.0,0.0005,0.0,0.0,0.0
2,0,200,0,100,0,100,0,0,0,9e-06,0.009,0.0,0.0045,0.0,0.0,0.0
10,8,564,354,56,44,56,44,0,0,0.623862,68.942111,88.114289,78.5282,5427.596561,138.518937,2783.057749
2,0,1064,0,532,0,532,0,0,0,4e-06,0.004,0.0,0.002,0.0,0.0,0.0
68,412,3284,532264,48,1292,48,1292,0,0,2.099019,31.328642,5.088058,18.20835,1652.505721,667.410349,1159.958035
2,0,200,0,100,0,100,0,0,0,1e-06,0.001,0.0,0.0005,0.0,0.0,0.0
2,0,180,0,90,0,90,0,0,0,8e-06,0.008,0.0,0.004,0.0,0.0,0.0
2,0,200,0,100,0,100,0,0,0,9e-06,0.009,0.0,0.0045,0.0,0.0,0.0
68,412,3284,532264,48,1292,48,1292,0,0,2.099019,31.328642,5.088058,18.20835,1652.505721,667.410349,1159.958035
2,0,1064,0,532,0,532,0,0,0,7e-06,0.007,0.0,0.0035,0.0,0.0,0.0
22,20,3617,1854,164,93,164,93,0,0,2.107586,100.316573,100.894789,100.605681,4806.677068,120.684258,2463.680663
2,0,200,0,100,0,100,0,0,0,9e-06,0.009,0.0,0.0045,0.0,0.0,0.0
2,0,180,0,90,0,90,0,0,0,2e-06,0.002,0.0,0.001,0.0,0.0,0.0
12,10,1418,3652,118,365,118,365,0,0,0.36707,33.37,39.983555,36.6767775,1627.473656,53.389766,840.431711
2,0,1064,0,532,0,532,0,0,0,4e-06,0.004,0.0,0.002,0.0,0.0,0.0
2,0,200,0,100,0,100,0,0,0,9e-06,0.009,0.0,0.0045,0.0,0.0,0.0
2,0,200,0,100,0,100,0,0,0,8e-06,0.008,0.0,0.004,0.0,0.0,0.0
2,0,180,0,90,0,90,0,0,0,2e-06,0.002,0.0,0.001,0.0,0.0,0.0
12,16,2178,13372,182,836,182,836,0,0,0.248422,22.583817,15.730734,19.1572755,1132.501414,1428.074731,1280.2880725
2,0,200,0,100,0,100,0,0,0,9e-06,0.009,0.0,0.0045,0.0,0.0,0.0
2,0,1064,0,532,0,532,0,0,0,4e-06,0.004,0.0,0.002,0.0,0.0,0.0
2,0,200,0,100,0,100,0,0,0,8e-06,0.008,0.0,0.004,0.0,0.0,0.0
88,30,94034,2260,1069,75,1069,75,0,0,1.033778,11.882506,35.344277,23.6133915,1005.171497,41.63818,523.4048385
2,0,180,0,90,0,90,0,0,0,2e-06,0.002,0.0,0.001,0.0,0.0,0.0
12,8,1012,720,84,90,84,90,0,0,0.408769,36.032544,52.958145,44.4953445,1974.631872,78.620312,1026.626092
2,0,200,0,100,0,100,0,0,0,9e-06,0.009,0.0,0.0045,0.0,0.0,0.0
10,6,888,268,89,45,89,45,0,0,0.304952,33.738111,50.550398,42.1442545,1716.416802,74.616523,895.5166624999999
10,8,826,994,83,124,83,124,0,0,0.271555,30.172778,37.721855,33.9473165,1616.466284,57.952707,837.2094955
2,0,200,0,100,0,100,0,0,0,8e-06,0.008,0.0,0.004,0.0,0.0,0.0
42,22,31057,1758,739,80,739,80,0,0,1.8127,44.212196,83.970711,64.0914535,3123.158074,109.727617,1616.4428455
2,0,200,0,100,0,100,0,0,0,9e-06,0.009,0.0,0.0045,0.0,0.0,0.0
2,0,126,0,63,0,63,0,0,0,8e-06,0.008,0.0,0.004,0.0,0.0,0.0
12,8,1260,742,105,93,105,93,0,0,0.498772,43.958,61.796285,52.8771425,2359.34401,98.126492,1228.7352509999998
24,22,4821,1846,201,84,201,84,0,0,1.704762,74.12009,76.447477,75.2837835,3798.570136,111.438922,1955.0045289999998
2,0,200,0,100,0,100,0,0,0,9e-06,0.009,0.0,0.0045,0.0,0.0,0.0
2,0,168,0,84,0,84,0,0,0,9e-06,0.009,0.0,0.0045,0.0,0.0,0.0
12,10,2022,820,169,82,169,82,0,0,0.585829,51.918727,61.823891,56.871309,3597.349479,112.166586,1854.7580325
2,0,104,0,52,0,52,0,0,0,3e-06,0.003,0.0,0.0015,0.0,0.0,0.0
2,0,200,0,100,0,100,0,0,0,3e-06,0.003,0.0,0.0015,0.0,0.0,0.0
2,0,104,0,52,0,52,0,0,0,8e-06,0.008,0.0,0.004,0.0,0.0,0.0
2,0,200,0,100,0,100,0,0,0,1e-05,0.01,0.0,0.005,0.0,0.0,0.0
2,0,1066,0,533,0,533,0,0,0,1e-05,0.01,0.0,0.005,0.0,0.0,0.0
2,0,200,0,100,0,100,0,0,0,1e-05,0.01,0.0,0.005,0.0,0.0,0.0
2,0,104,0,52,0,52,0,0,0,1e-06,0.001,0.0,0.0005,0.0,0.0,0.0
2,0,1066,0,533,0,533,0,0,0,1e-05,0.01,0.0,0.005,0.0,0.0,0.0
2,0,200,0,100,0,100,0,0,0,4e-06,0.004,0.0,0.002,0.0,0.0,0.0
2,0,200,0,100,0,100,0,0,0,1e-05,0.01,0.0,0.005,0.0,0.0,0.0
2,0,180,0,90,0,90,0,0,0,8e-06,0.008,0.0,0.004,0.0,0.0,0.0
28,72,1296,72050,46,1001,46,1001,0,0,2.158583,79.94752,28.941605,54.444562499999996,3848.453472,2393.390235,3120.9218535
2,0,280,0,140,0,140,0,0,0,9e-06,0.009,0.0,0.0045,0.0,0.0,0.0
2,0,200,0,100,0,100,0,0,0,4e-06,0.004,0.0,0.002,0.0,0.0,0.0
18,18,2832,1114,157,62,157,62,0,0,0.692583,40.740176,39.219469,39.9798225,1948.7293,46.392059,997.5606795
32,22,16169,1858,505,84,505,84,0,0,1.864943,60.159452,82.447336,71.303394,3423.43756,113.176836,1768.307198
2,0,180,0,90,0,90,0,0,0,3.2e-05,0.032,0.0,0.016,0.0,0.0,0.0
2,0,200,0,100,0,100,0,0,0,4e-06,0.004,0.0,0.002,0.0,0.0,0.0
10,12,828,8000,83,667,83,667,0,0,0.213694,23.743778,17.040363,20.3920705,1156.495485,1515.891012,1336.1932485
2,0,104,0,52,0,52,0,0,0,3e-06,0.003,0.0,0.0015,0.0,0.0,0.0
2,0,624,0,312,0,312,0,0,0,9e-06,0.009,0.0,0.0045,0.0,0.0,0.0
2,0,200,0,100,0,100,0,0,0,9e-06,0.009,0.0,0.0045,0.0,0.0,0.0
12,32,872,33852,73,1058,73,1058,0,0,0.475693,43.24482,13.520709,28.3827645,2996.88866,1857.673603,2427.2811315
10,6,970,268,97,45,97,45,0,0,0.175674,19.519333,32.5604,26.039866500000002,1005.888786,62.992996,534.440891
2,0,200,0,100,0,100,0,0,0,9e-06,0.009,0.0,0.0045,0.0,0.0,0.0
10,6,2322,268,232,45,232,45,0,0,0.698471,75.530111,128.350203,101.940157,4220.259062,205.765031,2213.0120465
10,6,896,268,90,45,90,45,0,0,0.179374,18.882111,34.677199,26.779654999999998,1014.782275,61.430152,538.1062135
2,0,200,0,100,0,100,0,0,0,9e-06,0.009,0.0,0.0045,0.0,0.0,0.0
36,28,17612,3504,489,125,489,125,0,0,2.628141,75.089742,94.114594,84.602168,3906.524724,116.040375,2011.2825495
90,30,94193,2198,1047,73,1047,73,0,0,1.14593,12.875618,38.42307,25.649344,1341.041257,67.610531,704.3258940000001
2,0,200,0,100,0,100,0,0,0,3e-06,0.003,0.0,0.0015,0.0,0.0,0.0
10,8,566,354,57,44,57,44,0,0,1.232203,136.911444,165.334281,151.1228625,8145.82569,361.693281,4253.7594855
2,0,104,0,52,0,52,0,0,0,3e-06,0.003,0.0,0.0015,0.0,0.0,0.0
34,22,19513,1744,574,79,574,79,0,0,1.073407,33.543968,49.981906,41.762937,2289.918285,78.429289,1184.1737870000002
2,0,180,0,90,0,90,0,0,0,3.2e-05,0.032,0.0,0.016,0.0,0.0,0.0
2,0,200,0,100,0,100,0,0,0,3e-06,0.003,0.0,0.0015,0.0,0.0,0.0
10,6,978,268,98,45,98,45,0,0,0.509769,53.851333,80.274,67.0626665,2848.267438,123.925719,1486.0965784999999
14,44,998,50447,71,1147,71,1147,0,0,0.461852,35.527077,10.463418,22.995247499999998,2073.215345,1274.900162,1674.0577535
2,0,180,0,90,0,90,0,0,0,3.2e-05,0.032,0.0,0.016,0.0,0.0,0.0
2,0,200,0,100,0,100,0,0,0,3e-06,0.003,0.0,0.0015,0.0,0.0,0.0
2,0,200,0,100,0,100,0,0,0,4e-06,0.004,0.0,0.002,0.0,0.0,0.0
24,20,4553,1646,190,82,190,82,0,0,1.734664,75.377781,88.652102,82.01494149999999,3845.345285,114.016969,1979.6811269999998
10,12,836,7242,84,604,84,604,0,0,0.236273,26.252556,20.612181,23.4323685,1248.236938,1600.534771,1424.3858545
2,0,180,0,90,0,90,0,0,0,3.2e-05,0.032,0.0,0.016,0.0,0.0,0.0
2,0,200,0,100,0,100,0,0,0,4e-06,0.004,0.0,0.002,0.0,0.0,0.0
2,0,168,0,84,0,84,0,0,0,3.3e-05,0.033,0.0,0.0165,0.0,0.0,0.0
2,0,180,0,90,0,90,0,0,0,3.2e-05,0.032,0.0,0.016,0.0,0.0,0.0
2,0,200,0,100,0,100,0,0,0,8e-06,0.008,0.0,0.004,0.0,0.0,0.0
10,6,1896,268,190,45,190,45,0,0,0.177975,18.255556,34.339602,26.297579,977.749294,58.995004,518.372149
2,0,180,0,90,0,90,0,0,0,3.2e-05,0.032,0.0,0.016,0.0,0.0,0.0
10,8,564,354,56,44,56,44,0,0,1.045485,114.457111,140.371281,127.414196,7949.891186,199.151234,4074.52121
2,0,200,0,100,0,100,0,0,0,8e-06,0.008,0.0,0.004,0.0,0.0,0.0
10,8,820,1722,82,215,82,215,0,0,0.25632,28.48,35.444,31.962000000000003,1415.496342,51.921016,733.708679
2,0,180,0,90,0,90,0,0,0,8e-06,0.008,0.0,0.004,0.0,0.0,0.0
10,8,564,354,56,44,56,44,0,0,1.080082,114.431222,140.947719,127.6894705,6996.236621,192.461531,3594.349076
8,10,364,3754,46,375,46,375,0,0,0.623028,89.003998,63.154444,76.07922099999999,6110.860137,5287.382139,5699.121138
2,0,200,0,100,0,100,0,0,0,8e-06,0.008,0.0,0.004,0.0,0.0,0.0
2,0,180,0,90,0,90,0,0,0,8e-06,0.008,0.0,0.004,0.0,0.0,0.0
10,8,564,354,56,44,56,44,0,0,0.665349,73.927667,93.843141,83.885404,5426.170732,137.567375,2781.8690534999996
2,0,200,0,100,0,100,0,0,0,5e-06,0.005,0.0,0.0025,0.0,0.0,0.0
10,8,728,528,73,66,73,66,0,0,0.229274,25.474889,29.948715,27.711802,1284.951136,49.343559,667.1473474999999
10,8,754,354,75,44,75,44,0,0,0.633348,70.318111,76.919289,73.6187,4260.149202,142.042734,2201.0959679999996
2,0,180,0,90,0,90,0,0,0,8e-06,0.008,0.0,0.004,0.0,0.0,0.0
2,0,200,0,100,0,100,0,0,0,5e-06,0.005,0.0,0.0025,0.0,0.0,0.0
22,22,1194,1622,54,74,54,74,0,0,1.418716,67.557903,65.009762,66.28383249999999,3702.703537,99.624266,1901.1639014999998
10,10,788,4246,79,425,79,425,0,0,0.398363,44.155444,38.162889,41.1591665,2275.724269,2426.086522,2350.9053955
2,0,180,0,90,0,90,0,0,0,1e-06,0.001,0.0,0.0005,0.0,0.0,0.0
16,12,912,694,57,58,57,58,0,0,0.536564,35.116533,45.759547,40.43804,1767.483273,56.153324,911.8182985000001
10,8,564,354,56,44,56,44,0,0,0.981476,102.305,128.278141,115.2915705,6356.066919,237.308297,3296.6876079999997
2,0,180,0,90,0,90,0,0,0,1e-06,0.001,0.0,0.0005,0.0,0.0,0.0
2,0,200,0,100,0,100,0,0,0,9e-06,0.009,0.0,0.0045,0.0,0.0,0.0
14,14,790,816,56,58,56,58,0,0,0.630581,48.506232,43.701999,46.1041155,2440.949016,2345.197891,2393.0734535
2,0,168,0,84,0,84,0,0,0,6e-06,0.006,0.0,0.003,0.0,0.0,0.0
28,92,1452,103214,52,1122,52,1122,0,0,1.283803,47.548258,13.61122,30.579738999999996,2513.451912,1330.346677,1921.8992945
2,0,200,0,100,0,100,0,0,0,9e-06,0.009,0.0,0.0045,0.0,0.0,0.0
2,0,200,0,100,0,100,0,0,0,3e-06,0.003,0.0,0.0015,0.0,0.0,0.0
16,12,912,694,57,58,57,58,0,0,0.577787,37.241534,49.130184,43.185859,2000.931285,62.327586,1031.6294355
2,0,168,0,84,0,84,0,0,0,6e-06,0.006,0.0,0.003,0.0,0.0,0.0
2,0,200,0,100,0,100,0,0,0,3e-06,0.003,0.0,0.0015,0.0,0.0,0.0
36,138,1788,164030,50,1189,50,1189,0,0,3.306159,94.461687,23.584971,59.023329,4946.2194,2420.517026,3683.3682129999997
2,0,200,0,100,0,100,0,0,0,9e-06,0.009,0.0,0.0045,0.0,0.0,0.0
8,12,364,8656,46,721,46,721,0,0,0.425729,60.818426,36.768183,48.793304500000005,3904.989136,3293.025302,3599.007219
32,22,16717,1722,522,78,522,78,0,0,1.228354,39.624323,55.010668,47.3174955,3045.514623,99.744094,1572.6293585
2,0,200,0,100,0,100,0,0,0,1e-06,0.001,0.0,0.0005,0.0,0.0,0.0
2,0,200,0,100,0,100,0,0,0,9e-06,0.009,0.0,0.0045,0.0,0.0,0.0
12,6,4534,268,378,45,378,45,0,0,0.261946,22.076363,48.448,35.2621815,1160.995382,62.41307,611.7042260000001
10,6,652,268,65,45,65,45,0,0,0.175602,18.315444,30.161801,24.238622499999998,1010.405543,47.689988,529.0477655
2,0,200,0,100,0,100,0,0,0,1e-06,0.001,0.0,0.0005,0.0,0.0,0.0
10,8,534,354,53,44,53,44,0,0,0.454992,49.207444,55.334855,52.2711495,3366.329453,107.420984,1736.8752184999998
10,6,1128,268,113,45,113,45,0,0,0.186198,18.855333,32.956199,25.905766,1031.661619,53.362785,542.512202
12,6,3770,268,314,45,314,45,0,0,0.389843,33.311817,65.816398,49.564107500000006,2110.505856,106.157453,1108.3316545
10,6,538,268,54,45,54,45,0,0,0.42843,44.878667,77.025398,60.9520325,2311.963581,109.03632,1210.4999505
2,0,200,0,100,0,100,0,0,0,9e-06,0.009,0.0,0.0045,0.0,0.0,0.0
10,6,534,268,53,45,53,45,0,0,0.235325,24.993,39.489199,32.2410995,1201.692195,53.673187,627.6826910000001
16,12,912,694,57,58,57,58,0,0,0.525541,33.406798,43.64709,38.526944,1632.923111,51.921469,842.42229
10,8,600,354,60,44,60,44,0,0,0.718326,76.628556,84.086289,80.3574225,4977.833666,116.648461,2547.2410635
8,8,364,630,46,79,46,79,0,0,0.530088,75.726857,71.248289,73.487573,4707.391168,125.008391,2416.1997795
10,6,882,268,88,45,88,45,0,0,0.281266,27.752111,47.016398,37.3842545,1325.5181,59.252684,692.385392
20,12,1188,536,59,45,59,45,0,0,48.675434,2559.967579,4419.4575,3489.7125395000003,346334.6563,13726.887,180030.77164999998
10,6,818,268,82,45,82,45,0,0,0.199478,20.825889,38.050602,29.4382455,1052.16556,61.010859,556.5882095
10,6,718,268,72,45,72,45,0,0,0.369124,37.928,61.137602,49.532801,1874.626288,81.726305,978.1762964999999
24,18,1996,1570,83,87,83,87,0,0,52.100002,2265.212219,3061.7775,2663.4948595,334452.3905,11943.615,173198.00274999999
20,14,1068,622,53,44,53,44,0,0,59.705067,3140.835158,4590.185,3865.510079,427148.788,15683.708,221416.248
10,8,684,354,68,44,68,44,0,0,0.614854,64.852778,75.794711,70.3237445,4329.308274,111.417961,2220.3631175
10,6,546,268,55,45,55,45,0,0,0.42514,44.285889,70.518602,57.4022455,2224.899527,98.632633,1161.76608
2,0,168,0,84,0,84,0,0,0,9e-06,0.009,0.0,0.0045,0.0,0.0,0.0
20,14,1068,622,53,44,53,44,0,0,59.705067,3140.835158,4590.185,3865.510079,427148.788,15683.708,221416.248
10,6,516,268,52,45,52,45,0,0,0.370404,38.057222,59.307199,48.6822105,1951.756305,81.998898,1016.8776015000001
10,8,822,1134,82,142,82,142,0,0,0.59023,65.482111,70.46643,67.9742705,3450.051446,122.493336,1786.272391
2,0,432,0,216,0,216,0,0,0,5e-06,0.005,0.0,0.0025,0.0,0.0,0.0
10,10,826,1228,83,123,83,123,0,0,0.452613,50.290333,48.16,49.2251665,3469.944683,106.261406,1788.1030445000001
2,0,500,0,250,0,250,0,0,0,2e-06,0.002,0.0,0.001,0.0,0.0,0.0
12,8,998,750,83,94,83,94,0,0,0.413735,36.206273,42.37757,39.2919215,1907.146565,57.354082,982.2503235
10,6,948,268,95,45,95,45,0,0,0.364808,34.557556,61.013801,47.7856785,1659.421601,75.408992,867.4152965
2,0,1358,0,679,0,679,0,0,0,9e-06,0.009,0.0,0.0045,0.0,0.0,0.0
2,0,168,0,84,0,84,0,0,0,9e-06,0.009,0.0,0.0045,0.0,0.0,0.0
4,0,400,0,100,0,100,0,0,0,1.428935,476.311656,0.0,238.155828,673.602188,0.0,336.801094
12,10,998,836,83,84,83,84,0,0,0.549968,49.997091,54.867668,52.432379499999996,3569.626506,103.566391,1836.5964485
10,10,808,1236,81,124,81,124,0,0,1.104749,122.749889,110.009336,116.37961250000001,6616.480168,233.824469,3425.1523185
2,0,168,0,84,0,84,0,0,0,3e-06,0.003,0.0,0.0015,0.0,0.0,0.0
4,0,400,0,100,0,100,0,0,0,1.428935,476.311656,0.0,238.155828,673.602188,0.0,336.801094
10,6,756,268,76,45,76,45,0,0,0.44966,49.852333,72.988602,61.4204675,2543.803425,120.829844,1332.3166345
12,10,998,810,83,81,83,81,0,0,0.493463,44.06082,48.891555,46.476187499999995,3105.377656,97.869531,1601.6235935
2,0,696,0,348,0,348,0,0,0,6e-06,0.006,0.0,0.003,0.0,0.0,0.0
42,0,1890,0,45,0,45,0,0,0,1.250442,30.498586,0.0,15.249293,35.10109,0.0,17.550545
4,0,400,0,100,0,100,0,0,0,1.428935,476.311656,0.0,238.155828,673.602188,0.0,336.801094
24,22,1244,1664,52,76,52,76,0,0,1.893447,82.296346,88.159234,85.22779,4311.085359,140.598516,2225.8419375
2,0,1760,0,880,0,880,0,0,0,4e-06,0.004,0.0,0.002,0.0,0.0,0.0
42,0,1890,0,45,0,45,0,0,0,1.250442,30.498586,0.0,15.249293,35.10109,0.0,17.550545
2,0,200,0,100,0,100,0,0,0,9e-06,0.009,0.0,0.0045,0.0,0.0,0.0
8,8,364,982,46,123,46,123,0,0,0.834224,119.174853,105.902711,112.538782,8186.668826,163.85125,4175.260038
12,8,998,732,83,92,83,92,0,0,0.516716,45.473636,68.970859,57.2222475,2538.295364,106.516961,1322.4061625
42,0,1890,0,45,0,45,0,0,0,1.250442,30.498586,0.0,15.249293,35.10109,0.0,17.550545
2,0,200,0,100,0,100,0,0,0,9e-06,0.009,0.0,0.0045,0.0,0.0,0.0
158,42,185621,2618,1175,62,1175,62,0,0,2.838681,18.080771,68.071023,43.075897,1715.314032,77.313648,896.31384
42,0,1890,0,45,0,45,0,0,0,1.250442,30.498586,0.0,15.249293,35.10109,0.0,17.550545
2,0,1620,0,810,0,810,0,0,0,3e-06,0.003,0.0,0.0015,0.0,0.0,0.0
2,0,200,0,100,0,100,0,0,0,9e-06,0.009,0.0,0.0045,0.0,0.0,0.0
2,0,78,0,39,0,39,0,0,0,9e-06,0.009,0.0,0.0045,0.0,0.0,0.0
10,10,746,4204,75,420,75,420,0,0,0.242895,26.988333,26.177333,26.582833,1288.709788,1859.132651,1573.9212195
10,6,590,268,59,45,59,45,0,0,0.571644,63.507667,97.769,80.6383335,3188.398581,161.189578,1674.7940795
2,0,200,0,100,0,100,0,0,0,9e-06,0.009,0.0,0.0045,0.0,0.0,0.0
10,8,632,354,63,44,63,44,0,0,0.67165,74.535778,86.370711,80.4532445,4207.868094,147.911594,2177.8898440000003
10,6,756,268,76,45,76,45,0,0,0.696728,74.515333,125.607797,100.061565,3627.50234,177.565906,1902.534123
2,0,200,0,100,0,100,0,0,0,9e-06,0.009,0.0,0.0045,0.0,0.0,0.0
10,6,850,268,85,45,85,45,0,0,0.188184,19.617556,36.270602,27.944079,1063.509912,63.863164,563.686538
2,0,200,0,100,0,100,0,0,0,9e-06,0.009,0.0,0.0045,0.0,0.0,0.0
2,0,1770,0,885,0,885,0,0,0,1.1e-05,0.011,0.0,0.0055,0.0,0.0,0.0
10,8,564,354,56,44,56,44,0,0,1.022519,111.564778,136.589578,124.077178,7111.192892,198.625906,3654.909399
2,0,200,0,100,0,100,0,0,0,9e-06,0.009,0.0,0.0045,0.0,0.0,0.0
20,20,960,3666,48,183,48,183,0,0,0.781716,41.142947,40.073105,40.608025999999995,2095.494788,49.47659,1072.485689
10,8,756,354,76,44,76,44,0,0,0.843021,88.145,111.090859,99.6179295,5243.789693,185.836625,2714.813159
2,0,200,0,100,0,100,0,0,0,1e-05,0.01,0.0,0.005,0.0,0.0,0.0
2,0,602,0,301,0,301,0,0,0,1e-05,0.01,0.0,0.005,0.0,0.0,0.0
2,0,200,0,100,0,100,0,0,0,9e-06,0.009,0.0,0.0045,0.0,0.0,0.0
18,16,2216,1196,123,75,123,75,0,0,0.704053,41.358,44.699266,43.028633,2039.061553,51.595016,1045.3282845
2,0,200,0,100,0,100,0,0,0,8e-06,0.008,0.0,0.004,0.0,0.0,0.0
10,10,786,4244,79,424,79,424,0,0,0.393768,43.636556,39.080889,41.3587225,2241.958513,2314.66668,2278.3125965
2,0,1880,0,940,0,940,0,0,0,1e-05,0.01,0.0,0.005,0.0,0.0,0.0
2,0,168,0,84,0,84,0,0,0,9e-06,0.009,0.0,0.0045,0.0,0.0,0.0
2,0,200,0,100,0,100,0,0,0,9e-06,0.009,0.0,0.0045,0.0,0.0,0.0
8,8,364,1572,46,197,46,197,0,0,1.184714,169.244857,152.869578,161.05721749999998,11104.3632,297.01975,5700.691475
2,0,168,0,84,0,84,0,0,0,9e-06,0.009,0.0,0.0045,0.0,0.0,0.0
2,0,78,0,39,0,39,0,0,0,8e-06,0.008,0.0,0.004,0.0,0.0,0.0
10,6,590,268,59,45,59,45,0,0,0.438633,45.933333,80.225398,63.079365499999994,2508.65527,119.252094,1313.953682
10,8,564,354,56,44,56,44,0,0,0.743618,77.877,98.750141,88.3135705,5881.194603,136.396813,3008.795708
2,0,200,0,100,0,100,0,0,0,9e-06,0.009,0.0,0.0045,0.0,0.0,0.0
2,0,200,0,100,0,100,0,0,0,5e-06,0.005,0.0,0.0025,0.0,0.0,0.0
2,0,168,0,84,0,84,0,0,0,4e-06,0.004,0.0,0.002,0.0,0.0,0.0
2,0,1458,0,729,0,729,0,0,0,1e-05,0.01,0.0,0.005,0.0,0.0,0.0
10,6,2460,268,246,45,246,45,0,0,0.222514,23.409556,39.608801,31.509178499999997,1231.071522,60.182426,645.626974
2,0,200,0,100,0,100,0,0,0,6e-06,0.006,0.0,0.003,0.0,0.0,0.0
2,0,200,0,100,0,100,0,0,0,9e-06,0.009,0.0,0.0045,0.0,0.0,0.0
10,6,602,268,60,45,60,45,0,0,0.517145,8055.1129,13433.416,10744.264449999999,800806.4914,29843.594,415325.04270000005
10,8,564,354,56,44,56,44,0,0,0.912134,99.977778,123.992,111.98488900000001,7297.551857,182.029844,3739.7908505
2,0,200,0,100,0,100,0,0,0,5e-06,0.005,0.0,0.0025,0.0,0.0,0.0
10,6,590,268,59,45,59,45,0,0,0.354609,39.401,60.304602,49.852801,1931.177557,106.677773,1018.9276649999999
2,0,200,0,100,0,100,0,0,0,6e-06,0.006,0.0,0.003,0.0,0.0,0.0
14,10,774,556,55,56,55,56,0,0,0.63154,46.282385,65.988891,56.135638,2418.902353,81.385312,1250.1438325
2,0,200,0,100,0,100,0,0,0,9e-06,0.009,0.0,0.0045,0.0,0.0,0.0
10,8,878,1046,88,131,88,131,0,0,0.503478,55.942,62.01043,58.976214999999996,2775.254481,100.239187,1437.746834
2,0,200,0,100,0,100,0,0,0,5e-06,0.005,0.0,0.0025,0.0,0.0,0.0
10,10,804,1854,80,185,80,185,0,0,0.933389,103.709889,91.173664,97.4417765,7047.629727,133.979984,3590.8048554999996
2,0,1828,0,914,0,914,0,0,0,1.1e-05,0.011,0.0,0.0055,0.0,0.0,0.0
2,0,200,0,100,0,100,0,0,0,9e-06,0.009,0.0,0.0045,0.0,0.0,0.0
36,22,25316,1908,703,87,703,87,0,0,2.00616,57.318857,91.21657,74.2677135,3898.755681,116.441594,2007.5986375
10,10,842,3792,84,379,84,379,0,0,0.341124,37.902667,29.892111,33.897389000000004,1857.059565,1921.509284,1889.2844245000001
2,0,200,0,100,0,100,0,0,0,9e-06,0.009,0.0,0.0045,0.0,0.0,0.0
2,0,592,0,296,0,296,0,0,0,1e-05,0.01,0.0,0.005,0.0,0.0,0.0
2,0,200,0,100,0,100,0,0,0,9e-06,0.009,0.0,0.0045,0.0,0.0,0.0
1,0,60,0,60,0,60,0,0,0,1.4e-05,0.0,0.0,0.0,0.0,0.0,0.0
10,10,830,3742,83,374,83,374,0,0,0.313659,33.698333,30.419556,32.058944499999996,1634.888977,1783.031664,1708.9603205
2,0,200,0,100,0,100,0,0,0,9e-06,0.009,0.0,0.0045,0.0,0.0,0.0
2,0,200,0,100,0,100,0,0,0,3e-06,0.003,0.0,0.0015,0.0,0.0,0.0
10,6,824,268,82,45,82,45,0,0,0.371681,41.228444,58.414398,49.821421,2166.041195,94.168227,1130.104711
1,0,60,0,60,0,60,0,0,0,1.4e-05,0.0,0.0,0.0,0.0,0.0,0.0
22,22,1178,1612,54,73,54,73,0,0,1.570564,74.788759,72.84667,73.8177145,4221.4874,5314.131239,4767.8093195
2,0,200,0,100,0,100,0,0,0,9e-06,0.009,0.0,0.0045,0.0,0.0,0.0
2,0,200,0,100,0,100,0,0,0,3e-06,0.003,0.0,0.0015,0.0,0.0,0.0
1,0,60,0,60,0,60,0,0,0,1.4e-05,0.0,0.0,0.0,0.0,0.0,0.0
14,12,696,800,50,67,50,67,0,0,0.467277,34.433463,40.839637,37.63655,1759.162808,46.872637,903.0177225
2,0,200,0,100,0,100,0,0,0,4e-06,0.004,0.0,0.002,0.0,0.0,0.0
2,0,200,0,100,0,100,0,0,0,6e-06,0.006,0.0,0.003,0.0,0.0,0.0
12,8,998,754,83,94,83,94,0,0,0.469686,41.30082,60.284,50.792410000000004,2176.249695,77.051453,1126.650574
10,8,564,354,56,44,56,44,0,0,0.799902,88.878,107.44943,98.163715,6485.317062,152.963219,3319.1401405
2,0,200,0,100,0,100,0,0,0,4e-06,0.004,0.0,0.002,0.0,0.0,0.0
2,0,200,0,100,0,100,0,0,0,6e-06,0.006,0.0,0.003,0.0,0.0,0.0
22,20,4322,1922,196,96,196,96,0,0,1.192584,56.789713,59.611789,58.200751,2970.745767,75.854398,1523.3000825
1,0,60,0,60,0,60,0,0,0,1.1e-05,0.0,0.0,0.0,0.0,0.0,0.0
12,10,998,856,83,86,83,86,0,0,0.801821,70.519364,83.513336,77.01634999999999,4672.245018,116.708992,2394.4770049999997
2,0,200,0,100,0,100,0,0,0,6e-06,0.006,0.0,0.003,0.0,0.0,0.0
2,0,410,0,205,0,205,0,0,0,1e-05,0.01,0.0,0.005,0.0,0.0,0.0
1,0,60,0,60,0,60,0,0,0,1.1e-05,0.0,0.0,0.0,0.0,0.0,0.0
28,24,1726,1356,62,57,62,57,0,0,49.497181,1833.22874,2149.881,1991.55487,292811.6292,9819.529,151315.5791
2,0,200,0,100,0,100,0,0,0,6e-06,0.006,0.0,0.003,0.0,0.0,0.0
10,6,702,268,70,45,70,45,0,0,0.422176,44.191111,69.054398,56.6227545,2244.284082,103.441828,1173.862955
10,8,756,354,76,44,76,44,0,0,0.470925,50.242,56.263,53.2525,3344.936234,107.002953,1725.9695935
84,30,87166,2248,1038,75,1038,75,0,0,1.628352,19.857951,54.180277,37.019114,1651.205162,64.707785,857.9564735
2,0,200,0,100,0,100,0,0,0,7e-06,0.007,0.0,0.0035,0.0,0.0,0.0
1,0,60,0,60,0,60,0,0,0,4e-05,0.0,0.0,0.0,0.0,0.0,0.0
2,0,200,0,100,0,100,0,0,0,7e-06,0.007,0.0,0.0035,0.0,0.0,0.0
10,6,1494,268,149,45,149,45,0,0,0.307041,30.653667,49.333199,39.993432999999996,1538.667921,64.162547,801.4152339999999
1,0,60,0,60,0,60,0,0,0,4e-05,0.0,0.0,0.0,0.0,0.0,0.0
2,0,200,0,100,0,100,0,0,0,7e-06,0.007,0.0,0.0035,0.0,0.0,0.0
10,8,564,354,56,44,56,44,0,0,0.636019,70.262,89.962,80.112,5445.529,142.457797,2793.9933985000002
10,6,836,268,84,45,84,45,0,0,0.497326,53.383778,90.325398,71.854588,2986.673055,154.677094,1570.6750745000002
2,0,200,0,100,0,100,0,0,0,7e-06,0.007,0.0,0.0035,0.0,0.0,0.0
40,38,8101,4568,203,120,203,120,0,0,4.553477,116.755817,119.955625,118.35572099999999,9734.849192,329.224594,5032.0368929999995
2,0,168,0,84,0,84,0,0,0,1.5e-05,0.015,0.0,0.0075,0.0,0.0,0.0
2,0,78,0,39,0,39,0,0,0,8e-06,0.008,0.0,0.004,0.0,0.0,0.0
16,10,1052,556,66,56,66,56,0,0,0.736931,46.439534,73.548555,59.9940445,2276.708392,94.598297,1185.6533445
2,0,200,0,100,0,100,0,0,0,7e-06,0.007,0.0,0.0035,0.0,0.0,0.0
20,38,1098,31206,55,821,55,821,0,0,1.440363,75.808579,37.019055,56.413816999999995,3844.728674,2627.356624,3236.042649
16,10,1054,556,66,56,66,56,0,0,0.720028,45.832933,73.938891,59.885912,2386.621637,98.680195,1242.650916
10,8,564,354,56,44,56,44,0,0,0.630076,70.008444,86.193141,78.1007925,5460.281458,136.203109,2798.2422835
2,0,200,0,100,0,100,0,0,0,7e-06,0.007,0.0,0.0035,0.0,0.0,0.0
130,36,145583,2538,1120,71,1120,71,0,0,2.865313,22.211729,78.134,50.1728645,2061.458465,90.739891,1076.0991780000002
10,6,756,268,76,45,76,45,0,0,0.610021,66.205444,112.809602,89.50752299999999,3527.405328,181.047406,1854.226367
10,8,786,2018,79,252,79,252,0,0,0.428819,47.646556,53.922,50.784278,2484.26229,82.278703,1283.2704965
12,8,1358,726,113,91,113,91,0,0,0.420455,37.174547,51.033,44.1037735,1949.133257,75.782281,1012.457769
2,0,200,0,100,0,100,0,0,0,7e-06,0.007,0.0,0.0035,0.0,0.0,0.0
14,12,936,678,67,57,67,57,0,0,0.987976,75.998154,83.239094,79.618624,4225.076617,142.620172,2183.8483945
2,0,200,0,100,0,100,0,0,0,6e-06,0.006,0.0,0.003,0.0,0.0,0.0
10,6,756,268,76,45,76,45,0,0,0.416962,42.640222,73.16,57.900110999999995,2259.657638,94.462398,1177.0600180000001
3,0,3028,0,1009,0,1009,0,0,0,2.3e-05,0.018,0.0,0.009,0.0,0.0,0.0
2,0,200,0,100,0,100,0,0,0,6e-06,0.006,0.0,0.003,0.0,0.0,0.0
2,0,78,0,39,0,39,0,0,0,9e-06,0.009,0.0,0.0045,0.0,0.0,0.0
16,14,1054,728,66,52,66,52,0,0,1.164348,77.623198,85.595305,81.6092515,4471.006863,127.485758,2299.2463104999997
2,0,200,0,100,0,100,0,0,0,6e-06,0.006,0.0,0.003,0.0,0.0,0.0
2,0,1152,0,576,0,576,0,0,0,1e-05,0.01,0.0,0.005,0.0,0.0,0.0
10,8,564,354,56,44,56,44,0,0,0.622958,69.217556,87.37843,78.29799299999999,5376.861057,138.860578,2757.8608175
10,6,756,268,76,45,76,45,0,0,0.513274,51.836556,88.243203,70.0398795,2907.129784,118.0815,1512.605642
2,0,1152,0,576,0,576,0,0,0,1e-05,0.01,0.0,0.005,0.0,0.0,0.0
2,0,78,0,39,0,39,0,0,0,1e-06,0.001,0.0,0.0005,0.0,0.0,0.0
12,8,1850,746,154,93,154,93,0,0,0.421462,35.637817,52.28343,43.9606235,1847.255774,65.78857,956.522172
2,0,200,0,100,0,100,0,0,0,6e-06,0.006,0.0,0.003,0.0,0.0,0.0
2,0,78,0,39,0,39,0,0,0,1e-06,0.001,0.0,0.0005,0.0,0.0,0.0
10,6,756,268,76,45,76,45,0,0,0.487336,54.148444,84.163203,69.1558235,2838.435105,131.393031,1484.914068
12,10,3430,850,286,85,286,85,0,0,0.569078,50.889001,60.055555,55.472278,3690.754278,109.497773,1900.1260255
2,0,78,0,39,0,39,0,0,0,7e-06,0.007,0.0,0.0035,0.0,0.0,0.0
2,0,200,0,100,0,100,0,0,0,4e-06,0.004,0.0,0.002,0.0,0.0,0.0
2,0,200,0,100,0,100,0,0,0,6e-06,0.006,0.0,0.003,0.0,0.0,0.0
2,0,78,0,39,0,39,0,0,0,1e-06,0.001,0.0,0.0005,0.0,0.0,0.0
20,0,900,0,45,0,45,0,0,0,11.758444,618.8655,0.0,309.43275,687.394563,0.0,343.6972815
2,0,78,0,39,0,39,0,0,0,9e-06,0.009,0.0,0.0045,0.0,0.0,0.0
8,8,364,524,46,66,46,66,0,0,0.178598,25.514,23.556285,24.5351425,1477.260734,37.574746,757.41774
2,0,200,0,100,0,100,0,0,0,6e-06,0.006,0.0,0.003,0.0,0.0,0.0
2,0,78,0,39,0,39,0,0,0,1e-06,0.001,0.0,0.0005,0.0,0.0,0.0
12,10,1462,846,122,85,122,85,0,0,0.677943,59.957999,67.870445,63.914222,4119.064809,95.577211,2107.32101
2,0,78,0,39,0,39,0,0,0,9e-06,0.009,0.0,0.0045,0.0,0.0,0.0
12,10,1296,2316,108,232,108,232,0,0,0.668572,60.779276,54.084223,57.4317495,2872.449934,83.908398,1478.1791660000001
2,0,168,0,84,0,84,0,0,0,6e-06,0.006,0.0,0.003,0.0,0.0,0.0
22,20,1058,2674,48,134,48,134,0,0,1.736039,82.668524,88.282313,85.4754185,4587.021332,119.241367,2353.1313495
46,236,2372,309042,52,1310,52,1310,0,0,4.134167,91.870379,16.824353,54.347366,5072.511213,2031.043255,3551.777234
2,0,78,0,39,0,39,0,0,0,9e-06,0.009,0.0,0.0045,0.0,0.0,0.0
50,24,41217,1978,824,82,824,82,0,0,1.762475,35.968878,73.413391,54.691134500000004,2523.343233,86.621172,1304.9822025
2,0,200,0,100,0,100,0,0,0,6e-06,0.006,0.0,0.003,0.0,0.0,0.0
2,0,146,0,73,0,73,0,0,0,8e-06,0.008,0.0,0.004,0.0,0.0,0.0
10,6,914,268,91,45,91,45,0,0,0.432697,40.649,74.916602,57.782801,1964.495109,94.607852,1029.5514805
12,8,1502,760,125,95,125,95,0,0,0.698375,62.046455,81.10257,71.5745125,3075.09391,110.148625,1592.6212675
2,0,200,0,100,0,100,0,0,0,6e-06,0.006,0.0,0.003,0.0,0.0,0.0
10,6,546,268,55,45,55,45,0,0,0.758351,10928.8543,18214.782,14571.81815,1085706.334,40457.188,563081.761
10,8,792,1052,79,132,79,132,0,0,0.40165,44.525667,49.726,47.1258335,2299.568273,68.608398,1184.0883354999999
2,0,200,0,100,0,100,0,0,0,6e-06,0.006,0.0,0.003,0.0,0.0,0.0
10,8,564,354,56,44,56,44,0,0,0.986656,109.628444,128.32157,118.975007,6408.34092,207.560141,3307.9505305
12,8,1134,718,95,90,95,90,0,0,0.887604,80.69127,110.067,95.37913499999999,4076.846433,179.447516,2128.1469745
10,10,778,1206,78,121,78,121,0,0,0.601047,66.783,60.450555,63.6167775,4431.150491,111.786328,2271.4684095000002
2,0,104,0,52,0,52,0,0,0,3e-06,0.003,0.0,0.0015,0.0,0.0,0.0
12,8,1020,752,85,94,85,94,0,0,0.798019,69.997274,104.655,87.326137,3894.186768,159.379422,2026.783095
12,22,954,20292,80,922,80,922,0,0,0.568887,51.717001,22.590143,37.153572000000004,3495.154846,2535.179862,3015.167354
2,0,78,0,39,0,39,0,0,0,9e-06,0.009,0.0,0.0045,0.0,0.0,0.0
28,22,9657,1808,345,82,345,82,0,0,2.055787,76.140262,94.633664,85.38696300000001,5060.613421,168.662797,2614.638109
2,0,78,0,39,0,39,0,0,0,9e-06,0.009,0.0,0.0045,0.0,0.0,0.0
10,8,564,354,56,44,56,44,0,0,0.859026,90.624333,118.962711,104.793522,6569.405195,160.41,3364.9075975
22,10,17782,840,808,84,808,84,0,0,0.861729,40.982714,83.012,61.997357,2776.944233,130.628156,1453.7861945
12,10,1012,784,84,78,84,78,0,0,0.884177,80.379724,90.443445,85.4115845,5311.682545,133.031172,2722.3568585
10,8,1222,354,122,44,122,44,0,0,0.671891,74.654556,66.83443,70.744493,4319.512104,124.948164,2222.2301340000004
10,6,1594,268,159,45,159,45,0,0,0.239278,23.678778,41.860398,32.769588,1229.161991,60.01659,644.5892905
22,10,17780,822,808,82,808,82,0,0,0.832039,38.208618,82.975555,60.5920865,2842.917849,123.411945,1483.1648969999999
2,0,1064,0,532,0,532,0,0,0,7e-06,0.007,0.0,0.0035,0.0,0.0,0.0
10,8,934,354,93,44,93,44,0,0,0.749968,73.600333,97.304141,85.452237,4744.480333,143.779953,2444.1301430000003
2,0,168,0,84,0,84,0,0,0,1e-05,0.01,0.0,0.005,0.0,0.0,0.0
2,0,168,0,84,0,84,0,0,0,1e-06,0.001,0.0,0.0005,0.0,0.0,0.0
10,8,1006,354,101,44,101,44,0,0,0.68973,71.817,87.106141,79.4615705,4858.774755,153.115453,2505.9451040000004
22,14,2664,1904,121,136,121,136,0,0,1.401062,64.746333,102.890695,83.818514,4034.631953,129.910141,2082.271047
12,8,3042,762,254,95,254,95,0,0,0.789494,71.741457,97.749141,84.74529899999999,3672.585529,138.929547,1905.757538
10,6,646,268,65,45,65,45,0,0,1.207527,123.500222,223.209594,173.354908,7597.493331,366.39225,3981.9427905
20,28,1092,18058,55,645,55,645,0,0,0.902475,47.498685,31.100259,39.299472,2360.224422,1959.743108,2159.983765
2,0,200,0,100,0,100,0,0,0,4e-06,0.004,0.0,0.002,0.0,0.0,0.0
22,10,17790,826,809,83,809,83,0,0,0.819724,39.034477,82.211781,60.623129000000006,3094.59126,125.597719,1610.0944895
10,10,718,792,72,79,72,79,0,0,0.699344,77.561111,69.315891,73.438501,4822.654466,113.74343,2468.198948
10,6,852,268,85,45,85,45,0,0,0.202553,20.612778,37.213801,28.913289499999998,1078.161988,59.609949,568.8859685
2,0,200,0,100,0,100,0,0,0,4e-06,0.004,0.0,0.002,0.0,0.0,0.0
22,10,17786,852,808,85,808,85,0,0,0.948192,43.442572,96.222891,69.8327315,3210.163049,148.92725,1679.5451495
14,14,950,702,68,50,68,50,0,0,0.933771,68.814767,67.433308,68.1240375,3534.231693,3414.265857,3474.248775
10,6,1150,268,115,45,115,45,0,0,0.591349,58.262889,104.859398,81.5611435,3095.177171,150.403641,1622.7904059999998
94,30,104160,2226,1108,74,1108,74,0,0,2.370412,25.487732,79.356758,52.422245000000004,2298.84626,93.991758,1196.419009
10,8,564,354,56,44,56,44,0,0,0.690062,74.3,95.34657,84.823285,5504.26158,140.860516,2822.561048
2,0,200,0,100,0,100,0,0,0,1e-06,0.001,0.0,0.0005,0.0,0.0,0.0
38,22,31034,1966,817,89,817,89,0,0,0.879839,23.779433,41.404238,32.5918355,1552.8632,49.265168,801.064184
12,8,1070,774,89,97,89,97,0,0,0.953138,80.554362,116.30143,98.427896,4245.215133,174.859594,2210.0373634999996
10,10,842,5358,84,536,84,536,0,0,0.837731,104.716372,88.555778,96.636075,5246.502265,6633.442617,5939.972441
2,0,168,0,84,0,84,0,0,0,3e-06,0.003,0.0,0.0015,0.0,0.0,0.0
2,0,180,0,90,0,90,0,0,0,3e-06,0.003,0.0,0.0015,0.0,0.0,0.0
2,0,200,0,100,0,100,0,0,0,1e-06,0.001,0.0,0.0005,0.0,0.0,0.0
10,6,598,268,60,45,60,45,0,0,0.847801,91.629889,158.125406,124.8776475,5904.378474,278.012688,3091.195581
2,0,168,0,84,0,84,0,0,0,9e-06,0.009,0.0,0.0045,0.0,0.0,0.0
2,0,180,0,90,0,90,0,0,0,3e-06,0.003,0.0,0.0015,0.0,0.0,0.0
10,6,598,268,60,45,60,45,0,0,0.847801,91.629889,158.125406,124.8776475,5904.378474,278.012688,3091.195581
2,0,168,0,84,0,84,0,0,0,7e-06,0.007,0.0,0.0035,0.0,0.0,0.0
2,0,180,0,90,0,90,0,0,0,9e-06,0.009,0.0,0.0045,0.0,0.0,0.0
2,0,200,0,100,0,100,0,0,0,3e-06,0.003,0.0,0.0015,0.0,0.0,0.0
2,0,180,0,90,0,90,0,0,0,9e-06,0.009,0.0,0.0045,0.0,0.0,0.0
10,8,768,1792,77,224,77,224,0,0,0.621396,69.044,79.01343,74.028715,4102.527966,105.538484,2104.0332249999997
2,0,180,0,90,0,90,0,0,0,9e-06,0.009,0.0,0.0045,0.0,0.0,0.0
2,0,200,0,100,0,100,0,0,0,3e-06,0.003,0.0,0.0015,0.0,0.0,0.0
28,0,3024,0,108,0,108,0,0,0,1.213061,44.928184,0.0,22.464092,48.961914,0.0,24.480957
16,48,1056,57769,66,1204,66,1204,0,0,0.580225,38.681666,10.238575,24.460120500000002,2003.6815,1149.478402,1576.579951
2,0,180,0,90,0,90,0,0,0,9e-06,0.009,0.0,0.0045,0.0,0.0,0.0
2,0,200,0,100,0,100,0,0,0,3e-06,0.003,0.0,0.0015,0.0,0.0,0.0
10,12,816,6588,82,549,82,549,0,0,0.201007,22.334111,15.896,19.1150555,1170.644544,1467.061632,1318.8530879999998
8,8,364,918,46,115,46,115,0,0,0.72546,103.637143,98.103711,100.870427,6888.419504,181.095578,3534.7575410000004
2,0,180,0,90,0,90,0,0,0,9e-06,0.009,0.0,0.0045,0.0,0.0,0.0
2,0,200,0,100,0,100,0,0,0,1e-06,0.001,0.0,0.0005,0.0,0.0,0.0
10,8,1184,1042,118,130,118,130,0,0,0.273638,30.404222,32.368857,31.386539499999998,1476.319059,59.783133,768.0510959999999
2,0,180,0,90,0,90,0,0,0,9e-06,0.009,0.0,0.0045,0.0,0.0,0.0
54,24,48193,1910,892,80,892,80,0,0,2.44351,46.103962,96.216133,71.1600475,3768.00334,142.852094,1955.427717
2,0,200,0,100,0,100,0,0,0,1e-06,0.001,0.0,0.0005,0.0,0.0,0.0
8,8,364,498,46,62,46,62,0,0,0.394319,56.331288,54.56343,55.447359,3869.892288,116.199672,1993.04598
20,16,1132,708,57,44,57,44,0,0,37.410259,1966.710632,2491.4645,2229.087566,262218.844,9024.674,135621.759
10,10,570,3956,57,396,57,396,0,0,0.291759,32.417667,27.033444,29.7255555,1617.477131,1979.536045,1798.5065880000002
2,0,200,0,100,0,100,0,0,0,1e-06,0.001,0.0,0.0005,0.0,0.0,0.0
10,8,564,354,56,44,56,44,0,0,0.710556,75.601,97.865711,86.7333555,5653.738848,136.997656,2895.368252
4,0,360,0,90,0,90,0,0,0,1.009548,336.516,0.0,168.258,475.900531,0.0,237.9502655
10,6,782,268,78,45,78,45,0,0,0.230336,22.993,43.394398,33.193699,1195.290866,67.781898,631.536382
2,0,200,0,100,0,100,0,0,0,5e-06,0.005,0.0,0.0025,0.0,0.0,0.0
10,8,566,354,57,44,57,44,0,0,0.492125,52.320667,66.109859,59.215263,3603.892066,127.873836,1865.882951
4,0,360,0,90,0,90,0,0,0,1.009548,336.516,0.0,168.258,475.900531,0.0,237.9502655
2,0,168,0,84,0,84,0,0,0,1e-05,0.01,0.0,0.005,0.0,0.0,0.0
2,0,200,0,100,0,100,0,0,0,5e-06,0.005,0.0,0.0025,0.0,0.0,0.0
30,16,17790,708,593,44,593,44,0,0,40.140011,1384.138276,2670.6225,2027.380388,229034.4491,9732.159,119383.30405
8,8,364,418,46,52,46,52,0,0,0.19587,27.981429,25.458428,26.7199285,1600.109113,40.469426,820.2892695
2,0,200,0,100,0,100,0,0,0,5e-06,0.005,0.0,0.0025,0.0,0.0,0.0
4,0,360,0,90,0,90,0,0,0,1.051516,350.505344,0.0,175.252672,495.680906,0.0,247.840453
8,8,364,1680,46,210,46,210,0,0,0.851353,121.621862,115.983,118.802431,8558.241536,242.943078,4400.592307
2,0,200,0,100,0,100,0,0,0,8e-06,0.008,0.0,0.004,0.0,0.0,0.0
10,10,802,1156,80,116,80,116,0,0,0.794676,88.297333,76.990781,82.644057,6058.940979,113.174273,3086.057626
2,0,180,0,90,0,90,0,0,0,3e-06,0.003,0.0,0.0015,0.0,0.0,0.0
2,0,168,0,84,0,84,0,0,0,9e-06,0.009,0.0,0.0045,0.0,0.0,0.0
2,0,200,0,100,0,100,0,0,0,8e-06,0.008,0.0,0.004,0.0,0.0,0.0
2,0,180,0,90,0,90,0,0,0,3e-06,0.003,0.0,0.0015,0.0,0.0,0.0
2,0,200,0,100,0,100,0,0,0,8e-06,0.008,0.0,0.004,0.0,0.0,0.0
2,0,180,0,90,0,90,0,0,0,3e-06,0.003,0.0,0.0015,0.0,0.0,0.0
10,6,490,268,49,45,49,45,0,0,0.696294,72.999667,129.064797,101.032232,4330.191675,218.241656,2274.2166655
10,8,564,354,56,44,56,44,0,0,6.902721,766.969,977.007438,871.9882190000001,66729.66038,2069.377125,34399.5187525
2,0,180,0,90,0,90,0,0,0,3e-06,0.003,0.0,0.0015,0.0,0.0,0.0
2,0,168,0,84,0,84,0,0,0,5e-06,0.005,0.0,0.0025,0.0,0.0,0.0
2,0,180,0,90,0,90,0,0,0,3e-06,0.003,0.0,0.0015,0.0,0.0,0.0
2,0,200,0,100,0,100,0,0,0,8e-06,0.008,0.0,0.004,0.0,0.0,0.0
2,0,1064,0,532,0,532,0,0,0,9e-06,0.009,0.0,0.0045,0.0,0.0,0.0
10,8,564,354,56,44,56,44,0,0,0.917598,99.264556,120.666,109.965278,6631.997283,167.368656,3399.6829694999997
2,0,180,0,90,0,90,0,0,0,8e-06,0.008,0.0,0.004,0.0,0.0,0.0
2,0,200,0,100,0,100,0,0,0,8e-06,0.008,0.0,0.004,0.0,0.0,0.0
12,12,588,832,49,69,49,69,0,0,0.424418,38.583456,37.91391,38.248683,1898.946396,45.21798,972.082188
10,6,546,268,55,45,55,45,0,0,0.648719,69.879222,105.107203,87.4932125,3651.816964,165.847594,1908.832279
2,0,180,0,90,0,90,0,0,0,2e-06,0.002,0.0,0.001,0.0,0.0,0.0
20,20,2724,1822,136,91,136,91,0,0,0.848983,44.683314,42.614684,43.648999,2205.756502,58.402266,1132.0793840000001
2,0,180,0,90,0,90,0,0,0,2e-06,0.002,0.0,0.001,0.0,0.0,0.0
2,0,692,0,346,0,346,0,0,0,1.1e-05,0.011,0.0,0.0055,0.0,0.0,0.0
2,0,168,0,84,0,84,0,0,0,1e-05,0.01,0.0,0.005,0.0,0.0,0.0
26,22,1330,1640,51,75,51,75,0,0,3.582454,143.298165,167.956953,155.62755900000002,8887.688734,325.506031,4606.5973825
2,0,180,0,90,0,90,0,0,0,2e-06,0.002,0.0,0.001,0.0,0.0,0.0
2,0,168,0,84,0,84,0,0,0,9e-06,0.009,0.0,0.0045,0.0,0.0,0.0
2,0,200,0,100,0,100,0,0,0,3e-06,0.003,0.0,0.0015,0.0,0.0,0.0
10,6,1282,268,128,45,128,45,0,0,0.544871,55.869222,96.552,76.210611,2802.03941,135.967578,1469.003494
2,0,180,0,90,0,90,0,0,0,2e-06,0.002,0.0,0.001,0.0,0.0,0.0
36,22,28026,1864,779,85,779,85,0,0,0.750643,21.446942,35.143617,28.2952795,1418.125553,45.071363,731.598458
2,0,200,0,100,0,100,0,0,0,3e-06,0.003,0.0,0.0015,0.0,0.0,0.0
10,8,564,354,56,44,56,44,0,0,1.095423,119.752111,141.022859,130.387485,7442.276851,199.696219,3820.986535
10,8,800,1318,80,165,80,165,0,0,0.67286,74.762222,71.614859,73.18854049999999,3670.94398,93.720773,1882.3323765
2,0,180,0,90,0,90,0,0,0,8e-06,0.008,0.0,0.004,0.0,0.0,0.0
2,0,200,0,100,0,100,0,0,0,3e-06,0.003,0.0,0.0015,0.0,0.0,0.0
2,0,176,0,88,0,88,0,0,0,9e-06,0.009,0.0,0.0045,0.0,0.0,0.0
14,20,1400,19260,100,963,100,963,0,0,1.042352,80.180921,51.338208,65.7595645,4658.116254,4776.954955,4717.5356045
2,0,180,0,90,0,90,0,0,0,3.2e-05,0.032,0.0,0.016,0.0,0.0,0.0
10,6,542,268,54,45,54,45,0,0,0.624017,63.492556,108.373797,85.9331765,3084.996455,148.473406,1616.7349305
2,0,698,0,349,0,349,0,0,0,1e-05,0.01,0.0,0.005,0.0,0.0,0.0
10,6,506,268,51,45,51,45,0,0,0.580669,64.518778,91.214398,77.86658800000001,3293.014347,162.435812,1727.7250795
2,0,180,0,90,0,90,0,0,0,3.2e-05,0.032,0.0,0.016,0.0,0.0,0.0
8,10,364,3754,46,375,46,375,0,0,1.586742,226.67742,163.078333,194.8778765,15467.5241,13439.59299,14453.558545
2,0,168,0,84,0,84,0,0,0,3e-06,0.003,0.0,0.0015,0.0,0.0,0.0
2,0,1596,0,798,0,798,0,0,0,1e-05,0.01,0.0,0.005,0.0,0.0,0.0
2,0,180,0,90,0,90,0,0,0,8e-06,0.008,0.0,0.004,0.0,0.0,0.0
10,8,810,1286,81,161,81,161,0,0,0.616965,68.551667,67.049711,67.800689,3987.861893,111.088477,2049.475185
10,6,904,268,90,45,90,45,0,0,0.260233,26.137222,48.758602,37.447912,1368.676671,76.81918,722.7479255
2,0,180,0,90,0,90,0,0,0,8e-06,0.008,0.0,0.004,0.0,0.0,0.0
2,0,200,0,100,0,100,0,0,0,7e-06,0.007,0.0,0.0035,0.0,0.0,0.0
2,0,180,0,90,0,90,0,0,0,1e-06,0.001,0.0,0.0005,0.0,0.0,0.0
24,32,1154,18286,48,571,48,571,0,0,2.186358,95.059044,68.840551,81.9497975,6318.967618,6036.121718,6177.5446680000005
10,6,790,268,79,45,79,45,0,0,0.188356,19.345667,36.017602,27.681634499999998,1019.74148,60.056766,539.899123
2,0,200,0,100,0,100,0,0,0,7e-06,0.007,0.0,0.0035,0.0,0.0,0.0
2,0,180,0,90,0,90,0,0,0,1e-06,0.001,0.0,0.0005,0.0,0.0,0.0
2,0,1064,0,532,0,532,0,0,0,7e-06,0.007,0.0,0.0035,0.0,0.0,0.0
28,20,12739,1840,455,92,455,92,0,0,1.143296,42.344298,58.169738,50.257018,2282.423738,70.795625,1176.6096815
40,10,43544,440,1089,44,1089,44,0,0,0.326969,8.383821,35.566332,21.9750765,828.558783,61.279695,444.91923899999995
2,0,200,0,100,0,100,0,0,0,9e-06,0.009,0.0,0.0045,0.0,0.0,0.0
2,0,200,0,100,0,100,0,0,0,7e-06,0.007,0.0,0.0035,0.0,0.0,0.0
10,8,564,354,56,44,56,44,0,0,1.036912,110.721444,140.661141,125.6912925,8708.016024,199.19325,4453.604637
30,20,14525,1752,484,88,484,88,0,0,0.822013,28.345275,42.797473,35.571374,1624.526473,47.683723,836.105098
10,8,796,1100,80,138,80,138,0,0,0.520954,57.778778,62.892855,60.3358165,2933.5368,103.864656,1518.700728
2,0,200,0,100,0,100,0,0,0,7e-06,0.007,0.0,0.0035,0.0,0.0,0.0
2,0,200,0,100,0,100,0,0,0,9e-06,0.009,0.0,0.0045,0.0,0.0,0.0
10,12,804,8402,80,700,80,700,0,0,0.500945,55.660556,39.869363,47.7649595,2664.136747,2808.303878,2736.2203125
10,6,810,268,81,45,81,45,0,0,0.192196,19.963889,36.972398,28.4681435,1071.131751,63.979609,567.5556799999999
16,10,916,556,57,56,57,56,0,0,1.064202,68.013601,108.148219,88.08090999999999,3507.142991,144.025563,1825.5842770000002
2,0,200,0,100,0,100,0,0,0,8e-06,0.008,0.0,0.004,0.0,0.0,0.0
2,0,200,0,100,0,100,0,0,0,9e-06,0.009,0.0,0.0045,0.0,0.0,0.0
10,14,844,11938,84,853,84,853,0,0,0.244556,27.172889,18.278615,22.725752,1296.636056,1527.541787,1412.0889215000002
10,6,550,268,55,45,55,45,0,0,0.410594,42.459444,64.830801,53.6451225,2170.256544,84.909828,1127.5831859999998
2,0,1414,0,707,0,707,0,0,0,1e-05,0.01,0.0,0.005,0.0,0.0,0.0
10,8,534,354,53,44,53,44,0,0,0.410233,44.808,54.099715,49.4538575,3048.295188,101.321445,1574.8083165
2,0,200,0,100,0,100,0,0,0,8e-06,0.008,0.0,0.004,0.0,0.0,0.0
2,0,168,0,84,0,84,0,0,0,1e-05,0.01,0.0,0.005,0.0,0.0,0.0
20,14,1068,622,53,44,53,44,0,0,59.705067,3140.835158,4590.185,3865.510079,427148.788,15683.708,221416.248
2,0,200,0,100,0,100,0,0,0,1e-06,0.001,0.0,0.0005,0.0,0.0,0.0
10,8,812,1172,81,147,81,147,0,0,0.596233,66.248111,73.07043,69.65927049999999,3419.453987,133.428891,1776.441439
10,8,800,1282,80,160,80,160,0,0,0.693954,77.106,65.680859,71.3934295,3847.784079,116.524859,1982.154469
2,0,130,0,65,0,65,0,0,0,9e-06,0.009,0.0,0.0045,0.0,0.0,0.0
2,0,200,0,100,0,100,0,0,0,1e-06,0.001,0.0,0.0005,0.0,0.0,0.0
10,8,1294,354,129,44,129,44,0,0,0.678777,71.837222,88.709,80.273111,4724.701121,161.314063,2443.007592
10,6,534,268,53,45,53,45,0,0,0.236356,24.489,36.141,30.314999999999998,1268.442691,53.901559,661.1721249999999
2,0,168,0,84,0,84,0,0,0,9e-06,0.009,0.0,0.0045,0.0,0.0,0.0
2,0,200,0,100,0,100,0,0,0,1e-06,0.001,0.0,0.0005,0.0,0.0,0.0
10,6,756,268,76,45,76,45,0,0,0.510448,56.716444,90.317602,73.517023,2807.001465,147.871344,1477.4364045
14,12,800,678,57,57,57,57,0,0,1.053987,81.003536,89.794633,85.3990845,4219.158336,105.461086,2162.3097110000003
10,6,534,268,53,45,53,45,0,0,0.255818,25.750444,44.792801,35.2716225,1390.681211,70.784398,730.7328045
8,8,364,708,46,89,46,89,0,0,0.376044,53.720573,51.847285,52.783929,3683.799705,116.167906,1899.9838055
2,0,200,0,100,0,100,0,0,0,1e-05,0.01,0.0,0.005,0.0,0.0,0.0
10,6,490,268,49,45,49,45,0,0,0.640512,71.042222,104.775398,87.90880999999999,3549.971235,163.263875,1856.617555
2,0,248,0,124,0,124,0,0,0,9e-06,0.009,0.0,0.0045,0.0,0.0,0.0
10,6,534,268,53,45,53,45,0,0,0.430831,44.999778,77.286797,61.1432875,2668.254314,133.570578,1400.9124459999998
4,0,208,0,52,0,52,0,0,0,12.253611,4084.537,0.0,2042.2685,5776.4,0.0,2888.2
10,8,874,1398,87,175,87,175,0,0,0.273662,30.406889,36.303715,33.355301999999995,1502.682337,53.262754,777.9725455
2,0,200,0,100,0,100,0,0,0,1e-05,0.01,0.0,0.005,0.0,0.0,0.0
14,12,774,642,55,54,55,54,0,0,0.564186,43.398922,46.937727,45.1683245,3000.415856,88.745188,1544.580522
50,268,2568,358513,51,1338,51,1338,0,0,3.840755,78.382753,14.075311,46.229032,3793.418283,1784.225889,2788.822086
64,26,63264,2204,989,85,989,85,0,0,1.01993,16.189366,40.428199,28.3087825,1430.863201,62.012437,746.437819
2,0,200,0,100,0,100,0,0,0,1e-05,0.01,0.0,0.005,0.0,0.0,0.0
4,0,400,0,100,0,100,0,0,0,1.428935,476.311656,0.0,238.155828,673.602188,0.0,336.801094
16,12,926,642,58,54,58,54,0,0,1.676973,109.635735,143.369906,126.50282049999998,5903.261726,205.54675,3054.404238
10,18,450,17668,45,982,45,982,0,0,0.352541,39.171222,20.004883,29.5880525,3037.990501,2376.363263,2707.176882
4,0,400,0,100,0,100,0,0,0,1.428935,476.311656,0.0,238.155828,673.602188,0.0,336.801094
2,0,168,0,84,0,84,0,0,0,9e-06,0.009,0.0,0.0045,0.0,0.0,0.0
10,8,1012,354,101,44,101,44,0,0,0.939085,100.463889,115.661,108.0624445,6546.785288,174.411953,3360.5986205
10,8,564,354,56,44,56,44,0,0,0.6516,71.874222,91.945,81.909611,5639.176198,143.0635,2891.119849
2,0,200,0,100,0,100,0,0,0,9e-06,0.009,0.0,0.0045,0.0,0.0,0.0
2,0,1064,0,532,0,532,0,0,0,4e-06,0.004,0.0,0.002,0.0,0.0,0.0
2,0,200,0,100,0,100,0,0,0,8e-06,0.008,0.0,0.004,0.0,0.0,0.0
10,6,1076,268,108,45,108,45,0,0,0.692165,76.802,118.770398,97.78619900000001,4020.25331,187.490734,2103.872022
2,0,200,0,100,0,100,0,0,0,9e-06,0.009,0.0,0.0045,0.0,0.0,0.0
10,6,1132,268,113,45,113,45,0,0,0.181405,18.336444,34.072398,26.204421,980.250745,57.259379,518.7550620000001
10,6,1294,268,129,45,129,45,0,0,0.854181,88.219111,152.707797,120.463454,4557.518464,209.825844,2383.672154
2,0,200,0,100,0,100,0,0,0,8e-06,0.008,0.0,0.004,0.0,0.0,0.0
2,0,168,0,84,0,84,0,0,0,9e-06,0.009,0.0,0.0045,0.0,0.0,0.0
2,0,200,0,100,0,100,0,0,0,9e-06,0.009,0.0,0.0045,0.0,0.0,0.0
2,0,1064,0,532,0,532,0,0,0,8e-06,0.008,0.0,0.004,0.0,0.0,0.0
14,12,800,678,57,57,57,57,0,0,1.87372,144.132303,158.884453,151.508378,8116.075254,307.372281,4211.723767500001
24,22,1264,1668,53,76,53,76,0,0,3.957785,172.077607,181.557661,176.817634,10523.16992,12687.40592,11605.287919999999
150,38,172767,2472,1152,65,1152,65,0,0,1.207067,8.267582,32.042973,20.155277500000004,786.641971,39.61827,413.13012050000003
2,0,200,0,100,0,100,0,0,0,8e-06,0.008,0.0,0.004,0.0,0.0,0.0
12,6,3678,268,307,45,307,45,0,0,0.670559,47.868091,97.426398,72.6472445,2946.998456,124.302977,1535.6507164999998
12,10,1198,840,100,84,100,84,0,0,0.513277,46.001455,51.667777,48.834616,3223.368299,97.006914,1660.1876065000001
2,0,1064,0,532,0,532,0,0,0,1.1e-05,0.011,0.0,0.0055,0.0,0.0,0.0
2,0,200,0,100,0,100,0,0,0,9e-06,0.009,0.0,0.0045,0.0,0.0,0.0
2,0,200,0,100,0,100,0,0,0,5e-06,0.005,0.0,0.0025,0.0,0.0,0.0
12,8,1260,696,105,87,105,87,0,0,0.325465,28.395183,41.393285,34.894234,1474.188843,54.141625,764.1652339999999
2,0,200,0,100,0,100,0,0,0,9e-06,0.009,0.0,0.0045,0.0,0.0,0.0
2,0,440,0,220,0,220,0,0,0,9e-06,0.009,0.0,0.0045,0.0,0.0,0.0
2,0,200,0,100,0,100,0,0,0,5e-06,0.005,0.0,0.0025,0.0,0.0,0.0
10,8,1332,354,133,44,133,44,0,0,1.020312,107.504667,128.73757,118.1211185,6035.783576,238.518953,3137.1512645
2,0,200,0,100,0,100,0,0,0,9e-06,0.009,0.0,0.0045,0.0,0.0,0.0
12,10,1070,810,89,81,89,81,0,0,0.51401,44.804818,55.002109,49.9034635,3162.830483,110.647352,1636.7389175
2,0,200,0,100,0,100,0,0,0,5e-06,0.005,0.0,0.0025,0.0,0.0,0.0
10,6,1016,268,102,45,102,45,0,0,0.185967,18.923111,35.945,27.4340555,1014.485249,60.841187,537.663218
2,0,168,0,84,0,84,0,0,0,9e-06,0.009,0.0,0.0045,0.0,0.0,0.0
2,0,200,0,100,0,100,0,0,0,9e-06,0.009,0.0,0.0045,0.0,0.0,0.0
10,6,534,268,53,45,53,45,0,0,0.695875,72.091889,115.706,93.8989445,3729.488281,167.907219,1948.69775
10,8,564,354,56,44,56,44,0,0,0.626968,69.162222,88.591141,78.87668149999999,5439.308405,138.523875,2788.91614
2,0,200,0,100,0,100,0,0,0,9e-06,0.009,0.0,0.0045,0.0,0.0,0.0
10,8,2036,354,204,44,204,44,0,0,1.257099,130.229111,162.446422,146.3377665,7204.433294,253.247625,3728.8404595
12,8,1014,734,85,92,85,92,0,0,0.341582,29.581092,43.511145,36.5461185,1497.003868,59.204324,778.104096
2,0,200,0,100,0,100,0,0,0,8e-06,0.008,0.0,0.004,0.0,0.0,0.0
2,0,168,0,84,0,84,0,0,0,5e-06,0.005,0.0,0.0025,0.0,0.0,0.0
2,0,200,0,100,0,100,0,0,0,9e-06,0.009,0.0,0.0045,0.0,0.0,0.0
12,8,1068,758,89,95,89,95,0,0,0.505639,41.889635,61.073285,51.48146,2162.879944,79.847984,1121.363964
10,6,1058,268,106,45,106,45,0,0,0.185355,19.079222,35.637801,27.358511500000002,1022.665407,61.083871,541.874639
2,0,200,0,100,0,100,0,0,0,8e-06,0.008,0.0,0.004,0.0,0.0,0.0
2,0,104,0,52,0,52,0,0,0,1e-06,0.001,0.0,0.0005,0.0,0.0,0.0
16,8,7360,812,460,102,460,102,0,0,0.297449,19.223667,39.36043,29.2920485,1193.368748,53.404645,623.3866965000001
10,8,564,354,56,44,56,44,0,0,1.542103,165.266556,207.353,186.309778,9755.330879,311.842844,5033.5868615
12,8,1058,732,88,92,88,92,0,0,0.723966,65.815088,87.726289,76.7706885,3290.824723,119.678766,1705.2517445
12,26,908,29244,76,1125,76,1125,0,0,0.862807,78.436997,27.84772,53.1423585,4176.783862,3493.965194,3835.3745280000003
18,0,2858,0,159,0,159,0,0,0,1.534596,90.270352,0.0,45.135176,179.918469,0.0,89.9592345
24,18,4326,1532,180,85,180,85,0,0,33.635689,1462.415955,1973.822625,1718.11929,209602.7156,7467.1695,108534.94254999999
2,0,200,0,100,0,100,0,0,0,1e-05,0.01,0.0,0.005,0.0,0.0,0.0
10,8,564,354,56,44,56,44,0,0,0.926106,99.631778,121.821711,110.7267445,6475.089354,177.376969,3326.2331615
2,0,200,0,100,0,100,0,0,0,8e-06,0.008,0.0,0.004,0.0,0.0,0.0
10,8,564,354,56,44,56,44,0,0,1.038405,112.092222,133.515422,122.803822,6908.130711,201.760469,3554.94559
18,0,2858,0,159,0,159,0,0,0,1.534596,90.270352,0.0,45.135176,179.918469,0.0,89.9592345
10,8,510,354,51,44,51,44,0,0,1.218127,128.862778,164.236422,146.5496,7781.193683,241.941625,4011.5676540000004
2,0,200,0,100,0,100,0,0,0,8e-06,0.008,0.0,0.004,0.0,0.0,0.0
12,10,1172,824,98,82,98,82,0,0,1.787761,158.393997,185.607328,172.0006625,9510.635741,337.313375,4923.974558
8,8,364,902,46,113,46,113,0,0,0.271901,38.842999,37.272285,38.057642,2553.809473,75.228367,1314.51892
2,0,200,0,100,0,100,0,0,0,8e-06,0.008,0.0,0.004,0.0,0.0,0.0
10,8,2366,1830,237,229,237,229,0,0,0.4406,48.955556,54.029145,51.4923505,2559.094651,91.946703,1325.520677
2,0,200,0,100,0,100,0,0,0,8e-06,0.008,0.0,0.004,0.0,0.0,0.0
12,8,1168,748,97,94,97,94,0,0,0.913245,77.54773,116.337141,96.9424355,4074.550297,163.450172,2119.0002345
10,6,1020,268,102,45,102,45,0,0,0.194655,19.950889,36.989602,28.470245499999997,1065.4286,62.981027,564.2048135
2,0,200,0,100,0,100,0,0,0,8e-06,0.008,0.0,0.004,0.0,0.0,0.0
8,8,364,718,46,90,46,90,0,0,1.703159,243.308437,231.879719,237.594078,16338.39909,412.406875,8375.4029825
2,0,200,0,100,0,100,0,0,0,8e-06,0.008,0.0,0.004,0.0,0.0,0.0
24,66,1256,68242,52,1034,52,1034,0,0,0.873509,37.97865,13.304754,25.641702000000002,1871.525041,1125.242785,1498.3839130000001
8,8,364,718,46,90,46,90,0,0,1.703159,243.308437,231.879719,237.594078,16338.39909,412.406875,8375.4029825
2,0,200,0,100,0,100,0,0,0,5e-06,0.005,0.0,0.0025,0.0,0.0,0.0
2,0,200,0,100,0,100,0,0,0,3e-06,0.003,0.0,0.0015,0.0,0.0,0.0
20,32,1070,24082,54,753,54,753,0,0,0.789903,41.573842,24.641064,33.107453,2078.725631,1645.498127,1862.111879
12,8,1268,712,106,89,106,89,0,0,1.613354,146.66854,201.368422,174.018481,7966.946105,296.052844,4131.4994745
2,0,104,0,52,0,52,0,0,0,2e-06,0.002,0.0,0.001,0.0,0.0,0.0
2,0,200,0,100,0,100,0,0,0,5e-06,0.005,0.0,0.0025,0.0,0.0,0.0
2,0,1610,0,805,0,805,0,0,0,1e-05,0.01,0.0,0.005,0.0,0.0,0.0
2,0,200,0,100,0,100,0,0,0,3e-06,0.003,0.0,0.0015,0.0,0.0,0.0
10,8,564,354,56,44,56,44,0,0,0.672471,74.719,91.08,82.89949999999999,5449.808937,128.630523,2789.21973
2,0,200,0,100,0,100,0,0,0,5e-06,0.005,0.0,0.0025,0.0,0.0,0.0
12,10,2128,808,177,81,177,81,0,0,1.376259,122.407006,140.993328,131.700167,7116.44527,231.614484,3674.029877
2,0,2120,0,1060,0,1060,0,0,0,1e-05,0.01,0.0,0.005,0.0,0.0,0.0
2,0,200,0,100,0,100,0,0,0,3e-06,0.003,0.0,0.0015,0.0,0.0,0.0
2,0,200,0,100,0,100,0,0,0,3e-06,0.003,0.0,0.0015,0.0,0.0,0.0
2,0,104,0,52,0,52,0,0,0,3e-06,0.003,0.0,0.0015,0.0,0.0,0.0
20,22,962,6044,48,275,48,275,0,0,3.159635,166.296577,143.994042,155.1453095,8460.066305,7635.639666,8047.8529855
2,0,468,0,234,0,234,0,0,0,8e-06,0.008,0.0,0.004,0.0,0.0,0.0
2,0,200,0,100,0,100,0,0,0,3e-06,0.003,0.0,0.0015,0.0,0.0,0.0
8,8,364,650,46,81,46,81,0,0,1.124721,160.674424,141.332578,151.003501,10270.4967,280.691031,5275.5938655
2,0,168,0,84,0,84,0,0,0,2e-06,0.002,0.0,0.001,0.0,0.0,0.0
2,0,376,0,188,0,188,0,0,0,5e-06,0.005,0.0,0.0025,0.0,0.0,0.0
2,0,200,0,100,0,100,0,0,0,3e-06,0.003,0.0,0.0015,0.0,0.0,0.0
2,0,200,0,100,0,100,0,0,0,9e-06,0.009,0.0,0.0045,0.0,0.0,0.0
2,0,168,0,84,0,84,0,0,0,9e-06,0.009,0.0,0.0045,0.0,0.0,0.0
2,0,200,0,100,0,100,0,0,0,9e-06,0.009,0.0,0.0045,0.0,0.0,0.0
2,0,750,0,375,0,375,0,0,0,9e-06,0.009,0.0,0.0045,0.0,0.0,0.0
2,0,200,0,100,0,100,0,0,0,9e-06,0.009,0.0,0.0045,0.0,0.0,0.0
2,0,200,0,100,0,100,0,0,0,9e-06,0.009,0.0,0.0045,0.0,0.0,0.0
2,0,282,0,141,0,141,0,0,0,3e-06,0.003,0.0,0.0015,0.0,0.0,0.0
10,6,2638,268,264,45,264,45,0,0,0.803795,84.903556,138.918594,111.91107500000001,4469.995564,217.784922,2343.890243
2,0,200,0,100,0,100,0,0,0,9e-06,0.009,0.0,0.0045,0.0,0.0,0.0
2,0,200,0,100,0,100,0,0,0,9e-06,0.009,0.0,0.0045,0.0,0.0,0.0
2,0,942,0,471,0,471,0,0,0,6e-06,0.006,0.0,0.003,0.0,0.0,0.0
2,0,200,0,100,0,100,0,0,0,9e-06,0.009,0.0,0.0045,0.0,0.0,0.0
2,0,266,0,133,0,133,0,0,0,8e-06,0.008,0.0,0.004,0.0,0.0,0.0
2,0,200,0,100,0,100,0,0,0,8e-06,0.008,0.0,0.004,0.0,0.0,0.0
2,0,200,0,100,0,100,0,0,0,9e-06,0.009,0.0,0.0045,0.0,0.0,0.0
2,0,1222,0,611,0,611,0,0,0,1e-05,0.01,0.0,0.005,0.0,0.0,0.0
26,64,1202,63260,46,988,46,988,0,0,2.75233,110.093203,42.384953,76.239078,5366.700905,3417.611493,4392.156199
2,0,200,0,100,0,100,0,0,0,8e-06,0.008,0.0,0.004,0.0,0.0,0.0
2,0,200,0,100,0,100,0,0,0,9e-06,0.009,0.0,0.0045,0.0,0.0,0.0
24,18,1996,1540,83,86,83,86,0,0,31.606548,1372.552349,1856.032125,1614.2922370000001,201162.7373,7176.1265,104169.43190000001
2,0,2078,0,1039,0,1039,0,0,0,1.1e-05,0.011,0.0,0.0055,0.0,0.0,0.0
2,0,200,0,100,0,100,0,0,0,8e-06,0.008,0.0,0.004,0.0,0.0,0.0
12,8,1268,760,106,95,106,95,0,0,0.947882,82.519094,122.029,102.274047,4478.340959,166.127484,2322.2342215
2,0,200,0,100,0,100,0,0,0,9e-06,0.009,0.0,0.0045,0.0,0.0,0.0
10,6,914,268,91,45,91,45,0,0,0.23035,24.617333,37.193398,30.905365500000002,1273.319874,57.994816,665.657345
2,0,1964,0,982,0,982,0,0,0,7e-06,0.007,0.0,0.0035,0.0,0.0,0.0
2,0,200,0,100,0,100,0,0,0,8e-06,0.008,0.0,0.004,0.0,0.0,0.0
10,12,1006,7300,101,608,101,608,0,0,0.714659,79.305667,58.304637,68.80515199999999,4194.633749,4325.848484,4260.241116499999
2,0,200,0,100,0,100,0,0,0,9e-06,0.009,0.0,0.0045,0.0,0.0,0.0
2,0,200,0,100,0,100,0,0,0,4e-06,0.004,0.0,0.002,0.0,0.0,0.0
10,8,548,382,55,48,55,48,0,0,0.25643,28.492222,35.577715,32.0349685,1387.090085,51.511699,719.300892
10,6,966,268,97,45,97,45,0,0,0.251316,25.342,44.984,35.163,1268.560925,60.12657,664.3437475
2,0,168,0,84,0,84,0,0,0,7e-06,0.007,0.0,0.0035,0.0,0.0,0.0
2,0,200,0,100,0,100,0,0,0,5e-06,0.005,0.0,0.0025,0.0,0.0,0.0
12,12,800,2554,67,213,67,213,0,0,0.409319,37.21082,36.584273,36.897546500000004,1821.490773,43.55848,932.5246265
12,8,1080,754,90,94,90,94,0,0,1.291863,117.442091,169.4,143.4210455,6176.108026,236.575172,3206.341599
2,0,200,0,100,0,100,0,0,0,5e-06,0.005,0.0,0.0025,0.0,0.0,0.0
22,22,1162,1630,53,74,53,74,0,0,1.233452,58.735811,58.087476,58.4116435,3284.620912,4047.200958,3665.910935
10,10,886,3334,89,333,89,333,0,0,1.345156,149.390222,139.509781,144.45000149999998,8336.224001,267.977188,4302.100594500001
2,0,200,0,100,0,100,0,0,0,9e-06,0.009,0.0,0.0045,0.0,0.0,0.0
2,0,200,0,100,0,100,0,0,0,5e-06,0.005,0.0,0.0025,0.0,0.0,0.0
8,8,364,1436,46,180,46,180,0,0,0.552389,78.912714,75.079289,76.9960015,5701.847192,160.962734,2931.404963
66,28,62241,2104,943,75,943,75,0,0,3.508679,53.977741,126.876297,90.427019,4973.488747,196.870156,2585.1794515
14,10,774,556,55,56,55,56,0,0,0.562345,41.982,58.192555,50.0872775,2179.081002,69.141117,1124.1110595
2,0,200,0,100,0,100,0,0,0,9e-06,0.009,0.0,0.0045,0.0,0.0,0.0
2,0,200,0,100,0,100,0,0,0,9e-06,0.009,0.0,0.0045,0.0,0.0,0.0
10,8,1150,354,115,44,115,44,0,0,1.24532,135.178667,157.466281,146.322474,7725.824678,252.592375,3989.2085265
2,0,200,0,100,0,100,0,0,0,9e-06,0.009,0.0,0.0045,0.0,0.0,0.0
12,8,998,744,83,93,83,93,0,0,0.530415,46.661273,67.554711,57.107991999999996,2451.380056,100.844469,1276.1122625
2,0,200,0,100,0,100,0,0,0,9e-06,0.009,0.0,0.0045,0.0,0.0,0.0
12,10,1288,2078,107,208,107,208,0,0,0.338275,30.752271,34.775668,32.7639695,1584.538836,54.067094,819.302965
2,0,200,0,100,0,100,0,0,0,9e-06,0.009,0.0,0.0045,0.0,0.0,0.0
12,8,1238,740,103,93,103,93,0,0,0.958593,85.131092,124.02043,104.575761,4368.90726,175.075719,2271.9914895
2,0,168,0,84,0,84,0,0,0,8e-06,0.008,0.0,0.004,0.0,0.0,0.0
2,0,200,0,100,0,100,0,0,0,9e-06,0.009,0.0,0.0045,0.0,0.0,0.0
12,8,998,738,83,92,83,92,0,0,0.62576,52.860363,76.854711,64.857537,2657.089154,99.53432,1378.311737
12,8,1366,748,114,94,114,94,0,0,1.002927,85.355729,129.497711,107.42672,4239.069028,156.202344,2197.635686
2,0,200,0,100,0,100,0,0,0,9e-06,0.009,0.0,0.0045,0.0,0.0,0.0
2,0,200,0,100,0,100,0,0,0,9e-06,0.009,0.0,0.0045,0.0,0.0,0.0
12,10,988,820,82,82,82,82,0,0,1.312801,110.56573,134.227,122.396365,7925.48348,166.816,4046.14974
2,0,200,0,100,0,100,0,0,0,9e-06,0.009,0.0,0.0045,0.0,0.0,0.0
12,22,1218,19788,102,899,102,899,0,0,0.430914,39.174001,20.178619,29.67631,2233.914854,2061.212253,2147.5635535
12,8,998,706,83,88,83,88,0,0,0.399424,36.262638,50.235285,43.2489615,1851.519858,66.705195,959.1125265000001
12,8,994,710,83,89,83,89,0,0,0.847942,67.857001,111.208859,89.53293,3537.973613,135.332594,1836.6531035
2,0,200,0,100,0,100,0,0,0,9e-06,0.009,0.0,0.0045,0.0,0.0,0.0
12,6,4708,268,392,45,392,45,0,0,0.187078,15.612181,36.015398,25.8137895,911.874419,60.678953,486.276686
10,6,654,268,65,45,65,45,0,0,0.38464,42.737778,66.777,54.757389,2085.543183,107.142383,1096.342783
14,10,2082,790,149,79,149,79,0,0,1.522011,117.077769,158.866219,137.971994,7708.988004,233.756578,3971.3722909999997
2,0,200,0,100,0,100,0,0,0,9e-06,0.009,0.0,0.0045,0.0,0.0,0.0
20,22,964,4082,48,186,48,186,0,0,0.509114,26.795473,23.120239,24.957856,1371.453164,1206.595252,1289.024208
10,6,632,268,63,45,63,45,0,0,0.399797,41.668556,64.635801,53.152178500000005,2183.098252,101.581875,1142.3400634999998
10,8,564,354,56,44,56,44,0,0,2.863453,318.041667,385.921156,351.98141150000004,18705.11713,599.167375,9652.1422525
2,0,200,0,100,0,100,0,0,0,9e-06,0.009,0.0,0.0045,0.0,0.0,0.0
12,6,3822,268,319,45,319,45,0,0,0.200622,16.874455,32.913801,24.894128000000002,929.837483,47.232758,488.5351205
10,8,536,354,54,44,54,44,0,0,0.473949,52.661,56.500715,54.5808575,3454.955811,112.290172,1783.6229915
10,6,994,268,99,45,99,45,0,0,0.623808,64.150222,106.082203,85.1162125,3210.566549,155.082609,1682.824579
10,6,1204,268,120,45,120,45,0,0,0.176183,18.334778,24.5694,21.452089,1044.618588,37.349078,540.983833
10,8,574,354,57,44,57,44,0,0,0.530196,58.910667,66.254859,62.582763,3626.652073,110.398508,1868.5252905000002
26,22,1322,1664,51,76,51,76,0,0,4.006998,160.237165,184.876092,172.5566285,8884.462492,11288.5081,10086.485295999999
10,8,626,354,63,44,63,44,0,0,0.511101,56.789,63.61743,60.203215,3609.84817,110.914625,1860.3813975
12,10,1076,794,90,79,90,79,0,0,1.391542,126.495364,144.061328,135.278346,7758.061937,191.585719,3974.823828
10,8,632,354,63,44,63,44,0,0,0.514304,57.144889,59.662715,58.403802,3594.256931,116.594625,1855.425778
10,8,1972,354,197,44,197,44,0,0,0.484795,51.989889,60.622285,56.306087,3506.117931,108.447758,1807.2828445
10,8,453,422,45,53,45,53,0,0,0.801123,88.903333,99.595289,94.249311,4553.99674,148.114609,2351.0556745
10,8,634,354,63,44,63,44,0,0,0.485349,53.927667,58.02057,55.9741185,3535.939162,112.49443,1824.2167960000002
14,8,5158,714,368,89,368,89,0,0,1.130604,83.935772,149.714719,116.8252455,4537.540873,213.961406,2375.7511395
2,0,200,0,100,0,100,0,0,0,9e-06,0.009,0.0,0.0045,0.0,0.0,0.0
10,8,654,354,65,44,65,44,0,0,0.49507,55.007778,65.955289,60.4815335,3380.773182,118.207484,1749.490333
12,8,1070,740,89,93,89,93,0,0,1.068431,93.075365,126.78757,109.9314675,4780.465829,174.173125,2477.319477
2,0,200,0,100,0,100,0,0,0,9e-06,0.009,0.0,0.0045,0.0,0.0,0.0
36,12,34710,914,964,76,964,76,0,0,1.400859,38.854457,117.649273,78.251865,3137.014933,164.669016,1650.8419744999999
2,0,200,0,100,0,100,0,0,0,9e-06,0.009,0.0,0.0045,0.0,0.0,0.0
2,0,200,0,100,0,100,0,0,0,9e-06,0.009,0.0,0.0045,0.0,0.0,0.0
16,44,1054,50411,66,1146,66,1146,0,0,0.591779,39.451932,13.241116,26.346524,2182.943932,1483.163342,1833.053637
2,0,168,0,84,0,84,0,0,0,8e-06,0.008,0.0,0.004,0.0,0.0,0.0
2,0,200,0,100,0,100,0,0,0,9e-06,0.009,0.0,0.0045,0.0,0.0,0.0
10,8,564,354,56,44,56,44,0,0,0.672906,74.767333,92.203,83.48516649999999,5442.425458,132.672109,2787.5487835
320,62,397889,3556,1243,57,1243,57,0,0,2.531709,7.936392,40.891426,24.413909,863.825901,48.184605,456.00525300000004
2,0,200,0,100,0,100,0,0,0,5e-06,0.005,0.0,0.0025,0.0,0.0,0.0
2,0,200,0,100,0,100,0,0,0,9e-06,0.009,0.0,0.0045,0.0,0.0,0.0
2,0,200,0,100,0,100,0,0,0,5e-06,0.005,0.0,0.0025,0.0,0.0,0.0
10,8,796,1022,80,128,80,128,0,0,0.258558,28.728667,33.783715,31.256191,1514.747891,58.569387,786.658639
2,0,200,0,100,0,100,0,0,0,9e-06,0.009,0.0,0.0045,0.0,0.0,0.0
2,0,168,0,84,0,84,0,0,0,1e-06,0.001,0.0,0.0005,0.0,0.0,0.0
2,0,200,0,100,0,100,0,0,0,5e-06,0.005,0.0,0.0025,0.0,0.0,0.0
10,6,976,268,98,45,98,45,0,0,0.577283,64.142556,69.601203,66.8718795,4086.533709,102.962008,2094.7478585
2,0,200,0,100,0,100,0,0,0,6e-06,0.006,0.0,0.003,0.0,0.0,0.0
24,22,1268,1666,53,76,53,76,0,0,5.090246,221.315046,238.363953,229.8394995,13502.79524,447.047031,6974.9211355
2,0,200,0,100,0,100,0,0,0,3e-06,0.003,0.0,0.0015,0.0,0.0,0.0
10,8,564,354,56,44,56,44,0,0,0.661996,73.555111,93.327289,83.4412,5406.481171,137.014438,2771.7478045000003
10,8,708,354,71,44,71,44,0,0,1.606907,168.136111,218.752578,193.4443445,9765.982473,397.105813,5081.544143
2,0,200,0,100,0,100,0,0,0,6e-06,0.006,0.0,0.003,0.0,0.0,0.0
10,8,792,2218,79,277,79,277,0,0,0.268758,29.862,36.59757,33.229785,1464.066251,53.142445,758.604348
2,0,200,0,100,0,100,0,0,0,3e-06,0.003,0.0,0.0015,0.0,0.0,0.0
10,8,724,354,72,44,72,44,0,0,0.400034,43.509333,54.639,49.074166500000004,2928.132947,107.719008,1517.9259775
10,6,954,268,95,45,95,45,0,0,0.978131,106.013111,174.603406,140.3082585,5687.97013,264.050437,2976.0102835
2,0,200,0,100,0,100,0,0,0,6e-06,0.006,0.0,0.003,0.0,0.0,0.0
2,0,200,0,100,0,100,0,0,0,3e-06,0.003,0.0,0.0015,0.0,0.0,0.0
12,8,1490,722,124,90,124,90,0,0,0.805861,73.17518,104.681859,88.9285195,3773.03726,130.739625,1951.8884425
2,0,376,0,188,0,188,0,0,0,1.9e-05,0.019,0.0,0.0095,0.0,0.0,0.0
2,0,200,0,100,0,100,0,0,0,6e-06,0.006,0.0,0.003,0.0,0.0,0.0
2,0,200,0,100,0,100,0,0,0,3e-06,0.003,0.0,0.0015,0.0,0.0,0.0
24,22,1232,1618,51,74,51,74,0,0,5.725395,248.930223,269.163844,259.0470335,15225.89911,517.886125,7871.8926175
2,0,200,0,100,0,100,0,0,0,8e-06,0.008,0.0,0.004,0.0,0.0,0.0
10,8,564,354,56,44,56,44,0,0,0.629241,69.445556,88.669859,79.05770749999999,5460.778941,138.479766,2799.6293535
2,0,200,0,100,0,100,0,0,0,8e-06,0.008,0.0,0.004,0.0,0.0,0.0
24,22,1232,1618,51,74,51,74,0,0,5.725395,248.930223,269.163844,259.0470335,15225.89911,517.886125,7871.8926175
10,6,732,268,73,45,73,45,0,0,0.181257,18.459778,34.635398,26.547588,987.850366,58.414699,523.1325325
2,0,200,0,100,0,100,0,0,0,9e-06,0.009,0.0,0.0045,0.0,0.0,0.0
2,0,202,0,101,0,101,0,0,0,9e-06,0.009,0.0,0.0045,0.0,0.0,0.0
2,0,200,0,100,0,100,0,0,0,8e-06,0.008,0.0,0.004,0.0,0.0,0.0
12,8,990,712,83,89,83,89,0,0,1.298863,118.066456,172.542281,145.3043685,6469.262841,278.593719,3373.92828
2,0,200,0,100,0,100,0,0,0,9e-06,0.009,0.0,0.0045,0.0,0.0,0.0
2,0,168,0,84,0,84,0,0,0,9e-06,0.009,0.0,0.0045,0.0,0.0,0.0
10,6,1122,268,112,45,112,45,0,0,0.182216,18.865222,35.213398,27.03931,1021.199134,61.687641,541.4433875
2,0,200,0,100,0,100,0,0,0,8e-06,0.008,0.0,0.004,0.0,0.0,0.0
2,0,200,0,100,0,100,0,0,0,9e-06,0.009,0.0,0.0045,0.0,0.0,0.0
12,10,994,830,83,83,83,83,0,0,2.80155,249.005273,297.624875,273.315074,16747.16389,405.159812,8576.161851
10,8,564,354,56,44,56,44,0,0,0.625566,69.054111,88.363711,78.708911,5434.356803,138.357687,2786.3572449999997
12,16,982,14010,82,876,82,876,0,0,0.476187,43.289727,30.801267,37.045497,2668.492733,2729.466904,2698.9798185
10,6,588,268,59,45,59,45,0,0,1.003711,105.763889,178.958203,142.361046,5575.878804,286.1555,2931.017152
10,6,534,268,53,45,53,45,0,0,0.188527,20.172889,34.146801,27.159845000000004,1123.911353,59.788477,591.849915
12,10,994,838,83,84,83,84,0,0,2.665505,236.042551,286.396781,261.21966599999996,16862.84436,393.401875,8628.1231175
2,0,200,0,100,0,100,0,0,0,9e-06,0.009,0.0,0.0045,0.0,0.0,0.0
10,8,564,354,56,44,56,44,0,0,0.628956,69.399889,88.333141,78.86651499999999,5445.885944,138.243016,2792.06448
2,0,168,0,84,0,84,0,0,0,9e-06,0.009,0.0,0.0045,0.0,0.0,0.0
2,0,200,0,100,0,100,0,0,0,9e-06,0.009,0.0,0.0045,0.0,0.0,0.0
10,6,534,268,53,45,53,45,0,0,0.201935,21.021889,33.374602,27.198245500000002,1081.246992,48.732312,564.9896520000001
58,16,68119,698,1174,44,1174,44,0,0,1.793474,31.017071,114.848734,72.9329025,3089.945346,175.426203,1632.6857745
10,16,878,11394,88,712,88,712,0,0,1.19935,133.247222,75.404469,104.3258455,7973.756106,6140.673471,7057.2147884999995
10,6,724,268,72,45,72,45,0,0,0.177724,18.187889,34.362199,26.275043999999998,972.531677,58.806031,515.668854
2,0,200,0,100,0,100,0,0,0,9e-06,0.009,0.0,0.0045,0.0,0.0,0.0
12,10,1494,804,125,80,125,80,0,0,1.631809,148.262631,173.594781,160.928706,9287.558711,223.693406,4755.6260585
2,0,200,0,100,0,100,0,0,0,7e-06,0.007,0.0,0.0035,0.0,0.0,0.0
2,0,168,0,84,0,84,0,0,0,8e-06,0.008,0.0,0.004,0.0,0.0,0.0
10,6,534,268,53,45,53,45,0,0,0.246051,24.976222,42.627398,33.80181,1420.775809,62.690375,741.7330919999999
2,0,200,0,100,0,100,0,0,0,9e-06,0.009,0.0,0.0045,0.0,0.0,0.0
2,0,200,0,100,0,100,0,0,0,7e-06,0.007,0.0,0.0035,0.0,0.0,0.0
2,0,168,0,84,0,84,0,0,0,2.2e-05,0.022,0.0,0.011,0.0,0.0,0.0
10,6,944,268,94,45,94,45,0,0,0.182744,18.592778,35.326,26.959389,1000.573058,60.164125,530.3685915
10,6,534,268,53,45,53,45,0,0,0.266897,29.549889,36.530199,33.040044,1473.992617,46.682234,760.3374255000001
2,0,200,0,100,0,100,0,0,0,2e-06,0.002,0.0,0.001,0.0,0.0,0.0
2,0,200,0,100,0,100,0,0,0,7e-06,0.007,0.0,0.0035,0.0,0.0,0.0
12,10,994,846,83,85,83,85,0,0,2.659788,237.047551,278.311,257.6792755,14644.84868,475.118281,7559.983480499999
8,8,364,630,46,79,46,79,0,0,0.544642,77.806002,71.141,74.473501,5392.850565,150.96925,2771.9099075
2,0,200,0,100,0,100,0,0,0,9e-06,0.009,0.0,0.0045,0.0,0.0,0.0
2,0,200,0,100,0,100,0,0,0,2e-06,0.002,0.0,0.001,0.0,0.0,0.0
12,10,3030,782,253,78,253,78,0,0,3.734006,330.888455,401.700438,366.29444650000005,21605.84702,582.986813,11094.4169165
2,0,200,0,100,0,100,0,0,0,9e-06,0.009,0.0,0.0045,0.0,0.0,0.0
10,8,564,354,56,44,56,44,0,0,0.63058,69.672222,87.27057,78.471396,5449.093464,136.590688,2792.842076
10,8,498,354,50,44,50,44,0,0,0.639981,65.513889,78.305711,71.9098,4159.310137,116.798094,2138.0541155
2,0,200,0,100,0,100,0,0,0,2e-06,0.002,0.0,0.001,0.0,0.0,0.0
10,8,564,354,56,44,56,44,0,0,0.640471,71.074333,88.302289,79.688311,5503.404785,133.672188,2818.5384864999996
2,0,200,0,100,0,100,0,0,0,9e-06,0.009,0.0,0.0045,0.0,0.0,0.0
2,0,200,0,100,0,100,0,0,0,3e-06,0.003,0.0,0.0015,0.0,0.0,0.0
36,14,34706,1012,964,72,964,72,0,0,4.322061,1972.728835,5060.341,3516.5349175,351776.9961,17119.512,184448.25405
10,6,2062,268,206,45,206,45,0,0,0.183355,19.07,35.006199,27.0380995,1013.618859,60.545094,537.0819765
2,0,200,0,100,0,100,0,0,0,9e-06,0.009,0.0,0.0045,0.0,0.0,0.0
2,0,200,0,100,0,100,0,0,0,8e-06,0.008,0.0,0.004,0.0,0.0,0.0
12,8,1204,2084,100,261,100,261,0,0,0.336942,30.631092,47.118285,38.8746885,1474.340916,59.021973,766.6814445
10,8,1060,354,106,44,106,44,0,0,1.12345,124.827778,147.188719,136.00824849999998,7011.558773,218.767703,3615.163238
2,0,200,0,100,0,100,0,0,0,8e-06,0.008,0.0,0.004,0.0,0.0,0.0
12,22,876,22952,73,1043,73,1043,0,0,0.256783,23.343909,11.893667,17.618788000000002,1206.095928,1281.99752,1244.0467239999998
34,112,1696,132798,50,1186,50,1186,0,0,5.345475,161.951758,47.476406,104.714082,9622.269188,4991.590924,7306.930056
12,6,3536,268,295,45,295,45,0,0,0.869432,78.7821,155.214203,116.9981515,4471.988194,235.850344,2353.919269
2,0,200,0,100,0,100,0,0,0,9e-06,0.009,0.0,0.0045,0.0,0.0,0.0
42,30,24718,3696,589,123,589,123,0,0,1.279288,31.202146,43.865793,37.5339695,1694.287896,49.834117,872.0610065000001
2,0,200,0,100,0,100,0,0,0,9e-06,0.009,0.0,0.0045,0.0,0.0,0.0
2,0,200,0,100,0,100,0,0,0,4e-06,0.004,0.0,0.002,0.0,0.0,0.0
10,8,564,354,56,44,56,44,0,0,4.877763,541.864444,678.137687,610.0010655000001,42070.70197,1257.6345,21664.168235
2,0,200,0,100,0,100,0,0,0,4e-06,0.004,0.0,0.002,0.0,0.0,0.0
2,0,104,0,52,0,52,0,0,0,9e-06,0.009,0.0,0.0045,0.0,0.0,0.0
14,10,1514,2256,108,226,108,226,0,0,0.391263,28.919922,42.629,35.774461,1513.272889,56.328773,784.800831
28,110,1548,140105,55,1274,55,1274,0,0,4.027683,149.169078,36.335669,92.7523735,9208.969914,5310.70129,7259.835601999999
2,0,200,0,100,0,100,0,0,0,4e-06,0.004,0.0,0.002,0.0,0.0,0.0
2,0,200,0,100,0,100,0,0,0,9e-06,0.009,0.0,0.0045,0.0,0.0,0.0
10,14,848,11358,85,811,85,811,0,0,0.316898,35.210889,21.500154,28.355521500000002,1793.086128,1480.649296,1636.867712
10,6,654,268,65,45,65,45,0,0,0.448125,46.980444,71.627203,59.30382349999999,2564.674871,114.386984,1339.5309275000002
12,10,1110,792,93,79,93,79,0,0,2.433641,216.54746,257.355219,236.9513395,14866.6102,357.532438,7612.071319
2,0,200,0,100,0,100,0,0,0,9e-06,0.009,0.0,0.0045,0.0,0.0,0.0
2,0,200,0,100,0,100,0,0,0,9e-06,0.009,0.0,0.0045,0.0,0.0,0.0
10,8,1654,354,165,44,165,44,0,0,6.159172,684.252,859.891875,772.0719375,42023.84582,1336.10375,21679.974785000002
10,6,546,268,55,45,55,45,0,0,0.284494,31.545333,45.214,38.3796665,1522.730931,68.623211,795.6770710000001
2,0,200,0,100,0,100,0,0,0,9e-06,0.009,0.0,0.0045,0.0,0.0,0.0
10,6,882,268,88,45,88,45,0,0,0.379008,37.274,67.481398,52.377699,2070.361501,92.234328,1081.2979145
2,0,200,0,100,0,100,0,0,0,9e-06,0.009,0.0,0.0045,0.0,0.0,0.0
2,0,2700,0,1350,0,1350,0,0,0,6e-06,0.006,0.0,0.003,0.0,0.0,0.0
2,0,168,0,84,0,84,0,0,0,9e-06,0.009,0.0,0.0045,0.0,0.0,0.0
20,8,17266,354,863,44,863,44,0,0,0.376756,18.76879,42.650285,30.709537499999996,1438.566388,74.422766,756.4945769999999
10,6,728,268,73,45,73,45,0,0,0.234189,24.965111,35.239,30.1020555,1315.46093,53.099379,684.2801545
2,0,200,0,100,0,100,0,0,0,9e-06,0.009,0.0,0.0045,0.0,0.0,0.0
10,6,546,268,55,45,55,45,0,0,0.502146,51.972556,83.106,67.539278,2698.006817,131.798625,1414.902721
2,0,200,0,100,0,100,0,0,0,9e-06,0.009,0.0,0.0045,0.0,0.0,0.0
10,6,1036,268,104,45,104,45,0,0,0.253307,26.190111,43.897,35.0435555,1346.138908,64.557902,705.348405
18,22,1012,7692,56,350,56,350,0,0,4.141057,243.591588,191.51043,217.55100900000002,18822.26436,16200.68219,17511.473275
20,8,17310,354,866,44,866,44,0,0,0.65401,36.317,82.92643,59.621714999999995,3585.948461,145.967437,1865.9579489999999
2,0,200,0,100,0,100,0,0,0,9e-06,0.009,0.0,0.0045,0.0,0.0,0.0
10,8,546,354,55,44,55,44,0,0,0.797288,88.587556,100.838289,94.7129225,4653.979583,187.0105,2420.4950415000003
36,16,34706,1066,964,67,964,67,0,0,4.48992,128.283429,288.502594,208.3930115,13784.55776,658.533063,7221.5454115
2,0,200,0,100,0,100,0,0,0,1e-06,0.001,0.0,0.0005,0.0,0.0,0.0
10,6,546,268,55,45,55,45,0,0,0.430676,46.291,73.144797,59.7178985,2316.342805,92.397789,1204.3702970000002
28,0,3024,0,108,0,108,0,0,0,1.213061,44.928184,0.0,22.464092,48.961914,0.0,24.480957
10,8,782,354,78,44,78,44,0,0,0.574998,63.828889,73.947859,68.888374,4379.243343,112.003195,2245.623269
20,0,1280,0,64,0,64,0,0,0,30.693087,1615.425625,0.0,807.7128125,1884.148125,0.0,942.0740625
2,0,200,0,100,0,100,0,0,0,1e-06,0.001,0.0,0.0005,0.0,0.0,0.0
10,6,546,268,55,45,55,45,0,0,0.54378,56.822,81.950602,69.386301,3363.543162,128.012789,1745.7779755
4,2,228,91,57,46,57,46,0,0,0.226277,7.785667,0.007,3.8963335,11.00706,0.0,5.50353
20,0,1280,0,64,0,64,0,0,0,30.693087,1615.425625,0.0,807.7128125,1884.148125,0.0,942.0740625
28,0,3024,0,108,0,108,0,0,0,1.213061,44.928184,0.0,22.464092,48.961914,0.0,24.480957
2,0,200,0,100,0,100,0,0,0,1e-06,0.001,0.0,0.0005,0.0,0.0,0.0
10,8,564,354,56,44,56,44,0,0,1.032218,111.409222,138.926281,125.1677515,7446.365351,195.523984,3820.9446675000004
20,8,17310,354,866,44,866,44,0,0,0.588374,28.89758,66.102859,47.5002195,2189.423689,91.071016,1140.2473525
28,0,3024,0,108,0,108,0,0,0,1.213061,44.928184,0.0,22.464092,48.961914,0.0,24.480957
10,10,1192,1160,119,116,119,116,0,0,3.987077,443.008556,433.588344,438.29845,28863.67494,869.948813,14866.8118765
10,10,1014,592,101,59,101,59,0,0,2.11558,235.064444,224.072781,229.5686125,14429.59421,389.93,7409.762105
10,6,546,268,55,45,55,45,0,0,0.504758,56.084222,85.288797,70.6865095,2757.18392,136.577281,1446.8806005
2,0,200,0,100,0,100,0,0,0,9e-06,0.009,0.0,0.0045,0.0,0.0,0.0
14,12,1080,876,77,73,77,73,0,0,2.340903,176.638154,198.237188,187.437671,10423.25092,306.285844,5364.768382
10,8,564,354,56,44,56,44,0,0,0.691631,75.527556,96.020141,85.7738485,5556.174563,148.198344,2852.1864535
10,6,598,268,60,45,60,45,0,0,0.213658,23.739778,38.104801,30.9222895,1152.51092,59.321645,605.9162825
2,0,1844,0,922,0,922,0,0,0,6e-06,0.006,0.0,0.003,0.0,0.0,0.0
2,0,200,0,100,0,100,0,0,0,9e-06,0.009,0.0,0.0045,0.0,0.0,0.0
10,6,756,268,76,45,76,45,0,0,0.244252,23.031889,40.805602,31.9187455,1196.047752,52.128422,624.088087
2,0,200,0,100,0,100,0,0,0,9e-06,0.009,0.0,0.0045,0.0,0.0,0.0
18,22,988,7434,55,338,55,338,0,0,0.786514,46.265529,36.431808,41.3486685,2401.232323,2123.279216,2262.2557695
2,0,200,0,100,0,100,0,0,0,9e-06,0.009,0.0,0.0045,0.0,0.0,0.0
20,16,1132,708,57,44,57,44,0,0,37.410259,1966.710632,2491.4645,2229.087566,262218.844,9024.674,135621.759
10,6,590,268,59,45,59,45,0,0,0.421535,43.319111,72.86,58.0895555,2304.410725,105.492188,1204.9514565000002
2,0,200,0,100,0,100,0,0,0,9e-06,0.009,0.0,0.0045,0.0,0.0,0.0
2,0,200,0,100,0,100,0,0,0,9e-06,0.009,0.0,0.0045,0.0,0.0,0.0
20,16,1132,708,57,44,57,44,0,0,37.410259,1966.710632,2491.4645,2229.087566,262218.844,9024.674,135621.759
2,0,2126,0,1063,0,1063,0,0,0,8e-06,0.008,0.0,0.004,0.0,0.0,0.0
10,8,948,354,95,44,95,44,0,0,2.464872,266.003222,338.322437,302.1628295,19248.00308,499.831125,9873.9171025
12,12,1048,948,87,79,87,79,0,0,4.209283,382.66208,375.753281,379.20768050000004,22857.70718,628.903875,11743.3055275
2,0,200,0,100,0,100,0,0,0,9e-06,0.009,0.0,0.0045,0.0,0.0,0.0
10,6,844,268,84,45,84,45,0,0,0.216118,21.747111,40.953,31.350055500000003,1142.205929,65.843914,604.0249215
2,0,168,0,84,0,84,0,0,0,4e-06,0.004,0.0,0.002,0.0,0.0,0.0
10,6,590,268,59,45,59,45,0,0,0.337994,35.094556,53.797398,44.445977,1827.215942,81.579891,954.3979165000001
2,0,200,0,100,0,100,0,0,0,1e-06,0.001,0.0,0.0005,0.0,0.0,0.0
2,0,200,0,100,0,100,0,0,0,3e-06,0.003,0.0,0.0015,0.0,0.0,0.0
2,0,168,0,84,0,84,0,0,0,1e-06,0.001,0.0,0.0005,0.0,0.0,0.0
10,8,860,2014,86,252,86,252,0,0,0.23602,26.224444,31.789715,29.0070795,1423.38764,56.450578,739.9191089999999
10,8,1526,354,153,44,153,44,0,0,0.48384,51.705778,60.551285,56.1285315,3597.32971,110.711852,1854.020781
2,0,2082,0,1041,0,1041,0,0,0,4e-06,0.004,0.0,0.002,0.0,0.0,0.0
2,0,200,0,100,0,100,0,0,0,1e-06,0.001,0.0,0.0005,0.0,0.0,0.0
2,0,200,0,100,0,100,0,0,0,3e-06,0.003,0.0,0.0015,0.0,0.0,0.0
24,22,1288,1648,54,75,54,75,0,0,10.609333,482.242405,501.081344,491.6618745,49599.33295,1652.97975,25626.15635
10,6,1090,268,109,45,109,45,0,0,0.181362,18.531667,35.141602,26.8366345,1001.241681,60.551141,530.896411
10,6,610,268,61,45,61,45,0,0,0.37734,40.682333,68.801203,54.741768,2224.395191,118.187062,1171.2911265
2,0,970,0,485,0,485,0,0,0,2e-06,0.002,0.0,0.001,0.0,0.0,0.0
2,0,200,0,100,0,100,0,0,0,1e-06,0.001,0.0,0.0005,0.0,0.0,0.0
10,8,564,354,56,44,56,44,0,0,1.206849,134.094333,156.566281,145.330307,7605.633041,252.386016,3929.0095285
2,0,2896,0,1448,0,1448,0,0,0,8e-06,0.008,0.0,0.004,0.0,0.0,0.0
12,10,1110,848,93,85,93,85,0,0,1.528021,136.124906,156.913672,146.51928900000001,7686.119345,265.439813,3975.779579
40,22,31101,1806,778,82,778,82,0,0,0.831193,21.312641,39.217668,30.2651545,1405.273092,43.242359,724.2577255
10,8,502,354,50,44,50,44,0,0,0.644156,71.475111,78.088711,74.78191100000001,3715.163935,155.520359,1935.342147
10,6,530,268,53,45,53,45,0,0,0.316547,33.145444,50.023801,41.584622499999995,1737.641259,74.111164,905.8762115
2,0,200,0,100,0,100,0,0,0,1e-06,0.001,0.0,0.0005,0.0,0.0,0.0
2,0,200,0,100,0,100,0,0,0,9e-06,0.009,0.0,0.0045,0.0,0.0,0.0
12,10,1042,834,87,83,87,83,0,0,1.711175,163.389598,180.653,172.021299,8874.213774,296.106187,4585.1599805
10,6,488,268,49,45,49,45,0,0,0.495515,53.170222,82.946,68.058111,2729.788102,126.377133,1428.0826175
10,6,630,268,63,45,63,45,0,0,0.134337,14.926333,16.3742,15.650266499999999,828.287131,29.73624,429.0116855
2,0,200,0,100,0,100,0,0,0,9e-06,0.009,0.0,0.0045,0.0,0.0,0.0
2,0,200,0,100,0,100,0,0,0,7e-06,0.007,0.0,0.0035,0.0,0.0,0.0
2,0,168,0,84,0,84,0,0,0,1.2e-05,0.012,0.0,0.006,0.0,0.0,0.0
10,6,566,268,57,45,57,45,0,0,0.531062,51.930778,85.255602,68.59318999999999,2836.760905,113.190273,1474.9755890000001
20,14,3072,622,154,44,154,44,0,0,31.492689,1657.509947,2415.5365,2036.5232235,222527.8461,8180.6115,115354.2288
2,0,200,0,100,0,100,0,0,0,9e-06,0.009,0.0,0.0045,0.0,0.0,0.0
2,0,200,0,100,0,100,0,0,0,7e-06,0.007,0.0,0.0035,0.0,0.0,0.0
10,6,798,268,80,45,80,45,0,0,0.390799,40.583,67.072203,53.8276015,2026.376935,96.910609,1061.643772
10,8,564,354,56,44,56,44,0,0,0.684968,73.574,95.40657,84.490285,5565.757917,136.528922,2851.1434195
2,0,200,0,100,0,100,0,0,0,9e-06,0.009,0.0,0.0045,0.0,0.0,0.0
10,6,530,268,53,45,53,45,0,0,0.203181,20.773333,38.249602,29.511467500000002,1089.865174,62.789707,576.3274405
2,0,200,0,100,0,100,0,0,0,7e-06,0.007,0.0,0.0035,0.0,0.0,0.0
20,20,3826,1706,191,85,191,85,0,0,1.073068,56.477264,52.416367,54.4468155,2633.143286,64.753457,1348.9483715
10,6,738,268,74,45,74,45,0,0,0.609131,64.011333,99.036602,81.5239675,3426.866408,157.955297,1792.4108525
2,0,200,0,100,0,100,0,0,0,9e-06,0.009,0.0,0.0045,0.0,0.0,0.0
2,0,200,0,100,0,100,0,0,0,7e-06,0.007,0.0,0.0035,0.0,0.0,0.0
12,8,1138,770,95,96,95,96,0,0,0.936887,82.433817,119.44443,100.9391235,4071.465152,156.195672,2113.8304120000003
10,8,451,354,45,44,45,44,0,0,0.465029,49.721889,63.693285,56.707587000000004,3397.094324,121.841188,1759.467756
10,8,566,354,57,44,57,44,0,0,0.794191,84.525889,100.797859,92.66187400000001,5871.515935,141.987344,3006.7516395000002
2,0,200,0,100,0,100,0,0,0,9e-06,0.009,0.0,0.0045,0.0,0.0,0.0
2,0,200,0,100,0,100,0,0,0,7e-06,0.007,0.0,0.0035,0.0,0.0,0.0
2,0,168,0,84,0,84,0,0,0,5e-06,0.005,0.0,0.0025,0.0,0.0,0.0
2,0,630,0,315,0,315,0,0,0,1e-05,0.01,0.0,0.005,0.0,0.0,0.0
12,10,1114,596,93,60,93,60,0,0,0.450444,38.351635,47.432,42.8918175,1998.392215,57.950547,1028.171381
8,8,364,646,46,81,46,81,0,0,1.228224,175.288,156.285281,165.7866405,11808.22239,281.340469,6044.781429500001
10,10,764,1126,76,113,76,113,0,0,1.044932,115.996333,107.387781,111.692057,7880.932048,149.638625,4015.2853364999996
2,0,200,0,100,0,100,0,0,0,6e-06,0.006,0.0,0.003,0.0,0.0,0.0
12,10,980,804,82,80,82,80,0,0,1.957822,174.096097,204.243437,189.16976699999998,11972.453,275.925969,6124.1894845
8,8,364,646,46,81,46,81,0,0,1.228224,175.288,156.285281,165.7866405,11808.22239,281.340469,6044.781429500001
10,6,1526,268,153,45,153,45,0,0,0.358995,38.023111,59.126199,48.574655,2022.872279,99.001336,1060.9368075
10,6,856,268,86,45,86,45,0,0,0.592793,62.195111,104.816203,83.505657,3095.630948,152.127703,1623.8793255
2,0,200,0,100,0,100,0,0,0,6e-06,0.006,0.0,0.003,0.0,0.0,0.0
10,8,566,354,57,44,57,44,0,0,0.580474,62.118556,73.964141,68.0413485,4023.648244,123.152727,2073.4004855
4,0,400,0,100,0,100,0,0,0,10.720804,3573.60125,0.0,1786.800625,5053.8275,0.0,2526.91375
10,8,566,354,57,44,57,44,0,0,0.704743,73.657444,90.476289,82.0668665,4348.052852,169.670094,2258.861473
2,0,200,0,100,0,100,0,0,0,6e-06,0.006,0.0,0.003,0.0,0.0,0.0
12,10,994,842,83,84,83,84,0,0,1.960785,172.256273,204.872562,188.5644175,10224.99624,399.44775,5312.221995
4,0,400,0,100,0,100,0,0,0,10.720804,3573.60125,0.0,1786.800625,5053.8275,0.0,2526.91375
12,6,3700,268,308,45,308,45,0,0,0.244982,20.576999,43.386398,31.9816985,1184.207861,65.908266,625.0580635
12,6,4126,268,344,45,344,45,0,0,0.529325,44.510636,87.194797,65.8527165,2450.314021,112.790914,1281.5524675000001
2,0,200,0,100,0,100,0,0,0,6e-06,0.006,0.0,0.003,0.0,0.0,0.0
60,16,68193,698,1137,44,1137,44,0,0,1.58406,26.828848,100.07893,63.453889000000004,2746.162117,163.730437,1454.946277
2,0,200,0,100,0,100,0,0,0,2e-06,0.002,0.0,0.001,0.0,0.0,0.0
10,8,564,354,56,44,56,44,0,0,1.128991,125.443444,143.322859,134.3831515,7052.604259,236.998078,3644.8011684999997
12,30,910,33538,76,1118,76,1118,0,0,0.318752,28.977455,10.520586,19.7490205,1443.808822,1205.555774,1324.682298
10,8,880,354,88,44,88,44,0,0,1.966301,218.463778,267.487563,242.9756705,12792.80631,408.113313,6600.4598115
2,0,200,0,100,0,100,0,0,0,6e-06,0.006,0.0,0.003,0.0,0.0,0.0
2,0,200,0,100,0,100,0,0,0,2e-06,0.002,0.0,0.001,0.0,0.0,0.0
10,8,564,354,56,44,56,44,0,0,1.146866,127.429556,140.812281,134.12091850000002,7220.851164,226.570859,3723.7110115
10,6,1032,268,103,45,103,45,0,0,0.23059,23.388889,43.878199,33.633544,1225.029987,70.432961,647.7314739999999
2,0,200,0,100,0,100,0,0,0,9e-06,0.009,0.0,0.0045,0.0,0.0,0.0
12,8,994,730,83,91,83,91,0,0,1.589641,137.42927,213.635422,175.53234600000002,7880.921192,347.995219,4114.4582055
10,8,504,354,50,44,50,44,0,0,0.596637,63.291889,78.00357,70.6477295,3798.547239,133.369141,1965.95819
2,0,168,0,84,0,84,0,0,0,6e-06,0.006,0.0,0.003,0.0,0.0,0.0
12,10,994,800,83,80,83,80,0,0,1.425159,124.054724,146.188437,135.1215805,6739.28929,272.725219,3506.0072545
10,6,1142,268,114,45,114,45,0,0,0.215972,21.816667,40.987398,31.402032499999997,1129.991357,64.457484,597.2244205000001
2,0,200,0,100,0,100,0,0,0,9e-06,0.009,0.0,0.0045,0.0,0.0,0.0
2,0,200,0,100,0,100,0,0,0,6e-06,0.006,0.0,0.003,0.0,0.0,0.0
10,8,564,354,56,44,56,44,0,0,1.68014,186.665222,225.655141,206.1601815,10252.0786,368.708406,5310.393503
2,0,168,0,84,0,84,0,0,0,9e-06,0.009,0.0,0.0045,0.0,0.0,0.0
10,6,1090,268,109,45,109,45,0,0,0.345135,35.510222,38.805,37.157611,2135.597221,56.645809,1096.121515
2,0,200,0,100,0,100,0,0,0,6e-06,0.006,0.0,0.003,0.0,0.0,0.0
10,8,1132,354,113,44,113,44,0,0,1.583342,175.908111,209.689719,192.798915,9554.347198,375.530312,4964.938755
18,10,10476,1576,582,158,582,158,0,0,0.601736,33.746647,60.455668,47.1011575,2847.43071,103.670148,1475.5504290000001
2,0,200,0,100,0,100,0,0,0,6e-06,0.006,0.0,0.003,0.0,0.0,0.0
10,8,922,354,92,44,92,44,0,0,0.517035,57.448333,63.394285,60.421309,3666.149028,123.300531,1894.7247794999998
60,14,68191,612,1137,44,1137,44,0,0,1.275829,20.828813,89.583078,55.2059455,2050.826074,116.292711,1083.5593925
2,0,200,0,100,0,100,0,0,0,8e-06,0.008,0.0,0.004,0.0,0.0,0.0
10,6,1612,268,161,45,161,45,0,0,0.541019,58.633,97.762,78.1975,3902.551748,172.611469,2037.5816085
12,8,1618,716,135,90,135,90,0,0,0.287347,26.122455,37.426,31.774227500000002,1358.541778,58.795684,708.668731
10,8,1948,354,195,44,195,44,0,0,0.475868,51.448667,63.942855,57.695761000000005,3488.858024,121.777273,1805.3176485000001
10,6,562,268,56,45,56,45,0,0,0.850823,88.270333,150.893594,119.5819635,4538.298468,229.732141,2384.0153045
2,0,200,0,100,0,100,0,0,0,8e-06,0.008,0.0,0.004,0.0,0.0,0.0
10,8,1612,354,161,44,161,44,0,0,0.491313,52.477889,61.47657,56.9772295,3596.364212,114.268055,1855.3161335
2,0,168,0,84,0,84,0,0,0,9e-06,0.009,0.0,0.0045,0.0,0.0,0.0
10,12,834,3854,83,321,83,321,0,0,0.487272,54.141333,39.628182,46.884757500000006,3448.10361,3149.442221,3298.7729154999997
12,10,1718,836,143,84,143,84,0,0,0.531319,46.909181,53.617891,50.263536,3255.310731,99.165148,1677.2379395
10,6,564,268,56,45,56,45,0,0,0.717472,74.221444,122.716203,98.4688235,3807.194414,176.930172,1992.062293
2,0,200,0,100,0,100,0,0,0,3e-06,0.003,0.0,0.0015,0.0,0.0,0.0
14,12,1738,860,124,72,124,72,0,0,0.756239,57.130846,58.591184,57.861014999999995,2921.027246,73.337227,1497.1822365
12,10,1842,818,154,82,154,82,0,0,0.481118,43.737999,45.473445,44.605722,3105.023622,88.808297,1596.9159595
10,8,566,354,57,44,57,44,0,0,1.413722,156.981222,185.731422,171.356322,11078.37291,264.444625,5671.4087675
2,0,200,0,100,0,100,0,0,0,3e-06,0.003,0.0,0.0015,0.0,0.0,0.0
2,0,200,0,100,0,100,0,0,0,2.6e-05,0.026,0.0,0.013,0.0,0.0,0.0
10,8,910,354,91,44,91,44,0,0,0.598002,64.156778,78.473141,71.3149595,4126.959829,141.291313,2134.125571
2,0,168,0,84,0,84,0,0,0,8e-06,0.008,0.0,0.004,0.0,0.0,0.0
12,12,994,906,83,76,83,76,0,0,2.223675,202.152276,183.253266,192.70277099999998,10726.87927,330.798,5528.838635
12,8,1382,710,115,89,115,89,0,0,0.323423,29.402091,41.583855,35.492973,1516.115767,56.452609,786.284188
2,0,200,0,100,0,100,0,0,0,5e-06,0.005,0.0,0.0025,0.0,0.0,0.0
2,0,168,0,84,0,84,0,0,0,9e-06,0.009,0.0,0.0045,0.0,0.0,0.0
10,6,900,268,90,45,90,45,0,0,0.368833,39.343667,63.448199,51.395933,2623.171183,115.602273,1369.386728
14,10,5510,814,394,81,394,81,0,0,0.611765,41.995693,61.309555,51.652624,3210.822893,98.427008,1654.6249505
58,14,68111,612,1174,44,1174,44,0,0,1.638307,28.742228,112.129234,70.435731,2701.301321,148.864125,1425.082723
2,0,200,0,100,0,100,0,0,0,2.6e-05,0.026,0.0,0.013,0.0,0.0,0.0
2,0,200,0,100,0,100,0,0,0,5e-06,0.005,0.0,0.0025,0.0,0.0,0.0
10,10,838,1538,84,154,84,154,0,0,0.780115,86.679444,74.921891,80.8006675,5451.676649,135.89875,2793.7876995
158,40,186585,2658,1181,66,1181,66,0,0,1.515886,9.655325,38.054793,23.855058999999997,1009.712049,50.474258,530.0931535
10,8,620,354,62,44,62,44,0,0,1.101337,117.627889,137.813,127.72044449999999,6574.666982,229.228219,3401.9476004999997
2,0,200,0,100,0,100,0,0,0,9e-06,0.009,0.0,0.0045,0.0,0.0,0.0
2,0,200,0,100,0,100,0,0,0,8e-06,0.008,0.0,0.004,0.0,0.0,0.0
24,8,23588,354,983,44,983,44,0,0,0.534494,23.200305,69.960711,46.580508,1849.362706,119.131461,984.2470834999999
14,10,5258,558,376,56,376,56,0,0,0.372361,27.471308,40.549891,34.0105995,1632.588244,51.271277,841.9297605
12,8,1374,776,115,97,115,97,0,0,0.387528,33.708908,50.376,42.042454,1768.484711,69.717336,919.1010235
10,8,490,354,49,44,49,44,0,0,0.56846,60.596444,70.977289,65.7868665,3828.180982,123.369789,1975.7753854999999
16,8,11110,354,694,44,694,44,0,0,0.666878,42.347866,85.05243,63.700148,3662.426015,135.805031,1899.115523
2,0,200,0,100,0,100,0,0,0,6e-06,0.006,0.0,0.003,0.0,0.0,0.0
54,26,48429,2046,897,79,897,79,0,0,3.757164,70.888228,145.432719,108.1604735,6251.103431,231.024453,3241.0639419999998
14,8,8032,432,574,54,574,54,0,0,0.767863,59.066382,100.231859,79.6491205,4295.675866,152.220828,2223.948347
2,0,200,0,100,0,100,0,0,0,3e-06,0.003,0.0,0.0015,0.0,0.0,0.0
26,10,19370,524,745,52,745,52,0,0,0.983669,37.117361,102.225555,69.671458,3257.958137,168.167734,1713.0629355
60,14,68185,612,1136,44,1136,44,0,0,1.844948,30.678645,134.405844,82.5422445,3243.723029,215.608875,1729.665952
14,10,5514,824,394,82,394,82,0,0,0.636153,47.544768,65.074223,56.3094955,3430.442946,104.782359,1767.6126525
2,0,806,0,403,0,403,0,0,0,3.2e-05,0.032,0.0,0.016,0.0,0.0,0.0
2,0,200,0,100,0,100,0,0,0,2e-06,0.002,0.0,0.001,0.0,0.0,0.0
2,0,200,0,100,0,100,0,0,0,6e-06,0.006,0.0,0.003,0.0,0.0,0.0
10,6,2436,268,244,45,244,45,0,0,0.223104,21.611778,40.863398,31.237588,1134.925854,61.95116,598.4385070000001
10,6,640,268,64,45,64,45,0,0,0.976786,103.335111,174.795,139.0650555,5654.41004,295.695219,2975.0526295
2,0,200,0,100,0,100,0,0,0,3e-06,0.003,0.0,0.0015,0.0,0.0,0.0
2,0,200,0,100,0,100,0,0,0,2e-06,0.002,0.0,0.001,0.0,0.0,0.0
10,6,718,268,72,45,72,45,0,0,0.479347,53.044889,81.429797,67.237343,2580.138316,119.224094,1349.681205
2,0,200,0,100,0,100,0,0,0,6e-06,0.006,0.0,0.003,0.0,0.0,0.0
10,8,798,1340,80,168,80,168,0,0,0.244495,27.166111,32.545143,29.855627000000002,1462.275826,57.740531,760.0081785
60,16,68185,698,1136,44,1136,44,0,0,1.910817,32.386729,121.09007,76.7383995,3809.323156,240.722656,2025.022906
12,8,3422,772,285,97,285,97,0,0,0.562509,50.053092,70.723,60.388046,2544.607395,104.108437,1324.357916
2,0,200,0,100,0,100,0,0,0,3e-06,0.003,0.0,0.0015,0.0,0.0,0.0
2,0,200,0,100,0,100,0,0,0,2e-06,0.002,0.0,0.001,0.0,0.0,0.0
10,6,490,268,49,45,49,45,0,0,0.715533,69.829556,110.142203,89.9858795,3882.260819,159.797672,2021.0292455000001
10,6,978,268,98,45,98,45,0,0,0.17757,19.73,31.144,25.436999999999998,1029.263662,50.331504,539.797583
12,8,1370,766,114,96,114,96,0,0,0.558268,49.161908,71.73157,60.446739,2562.775135,99.853242,1331.3141885
2,0,200,0,100,0,100,0,0,0,3e-06,0.003,0.0,0.0015,0.0,0.0,0.0
10,6,914,268,91,45,91,45,0,0,0.245961,24.469889,43.851801,34.160845,1268.866921,66.400359,667.63364
2,0,200,0,100,0,100,0,0,0,5e-06,0.005,0.0,0.0025,0.0,0.0,0.0
14,6,6830,268,488,45,488,45,0,0,0.566683,38.696768,99.016,68.856384,2404.225186,136.465641,1270.3454135000002
10,6,918,268,92,45,92,45,0,0,1.712415,183.426333,312.009813,247.718073,11832.54446,537.141562,6184.843011
2,0,200,0,100,0,100,0,0,0,3e-06,0.003,0.0,0.0015,0.0,0.0,0.0
58,14,68101,612,1174,44,1174,44,0,0,1.262539,20.204421,90.040234,55.1223275,2010.798341,101.859945,1056.329143
2,0,200,0,100,0,100,0,0,0,5e-06,0.005,0.0,0.0025,0.0,0.0,0.0
10,12,810,8466,81,706,81,706,0,0,0.249745,27.749444,21.911727,24.830585499999998,1325.052261,1705.799151,1515.425706
12,8,986,758,82,95,82,95,0,0,1.076153,97.822544,140.233719,119.0281315,5031.055378,212.045562,2621.55047
2,0,200,0,100,0,100,0,0,0,3e-06,0.003,0.0,0.0015,0.0,0.0,0.0
10,8,940,354,94,44,94,44,0,0,1.107825,123.076667,140.676719,131.876693,6351.223621,286.09925,3318.6614355
10,6,1062,268,106,45,106,45,0,0,0.448814,49.688,72.159602,60.923801000000005,2537.693283,97.269602,1317.4814425
2,0,200,0,100,0,100,0,0,0,5e-06,0.005,0.0,0.0025,0.0,0.0,0.0
10,8,2506,396,251,50,251,50,0,0,0.232921,24.461222,32.390428,28.425825,1413.876391,45.347031,729.611711
10,6,570,268,57,45,57,45,0,0,0.657932,69.751444,107.036602,88.394023,3531.024212,152.019953,1841.5220825
2,0,200,0,100,0,100,0,0,0,3e-06,0.003,0.0,0.0015,0.0,0.0,0.0
60,14,68181,612,1136,44,1136,44,0,0,1.60138,27.140406,118.491539,72.8159725,2681.257215,165.418578,1423.3378965
2,0,200,0,100,0,100,0,0,0,5e-06,0.005,0.0,0.0025,0.0,0.0,0.0
18,64,1156,75939,64,1187,64,1187,0,0,1.610276,94.668647,24.398429,59.53353800000001,5236.477694,2960.232172,4098.3549330000005
2,0,168,0,84,0,84,0,0,0,8e-06,0.008,0.0,0.004,0.0,0.0,0.0
36,12,35078,896,974,75,974,75,0,0,1.212435,34.632086,102.483633,68.5578595,2666.757478,124.474695,1395.6160865
2,0,200,0,100,0,100,0,0,0,3e-06,0.003,0.0,0.0015,0.0,0.0,0.0
2,0,200,0,100,0,100,0,0,0,5e-06,0.005,0.0,0.0025,0.0,0.0,0.0
10,8,1272,354,127,44,127,44,0,0,2.488418,267.386444,341.253,304.31972199999996,16706.80108,602.537,8654.66904
10,6,550,268,55,45,55,45,0,0,0.947504,105.278222,167.269406,136.27381400000002,5660.401524,284.101063,2972.2512935
10,16,780,12798,78,800,78,800,0,0,0.243961,27.106778,15.835799,21.4712885,1295.836276,1419.166176,1357.5012259999999
2,2,152,82,76,41,76,41,0,0,0.233622,0.002,0.001,0.0015,0.0,0.0,0.0
2,0,200,0,100,0,100,0,0,0,3e-06,0.003,0.0,0.0015,0.0,0.0,0.0
2,0,200,0,100,0,100,0,0,0,5e-06,0.005,0.0,0.0025,0.0,0.0,0.0
2,0,168,0,84,0,84,0,0,0,9e-06,0.009,0.0,0.0045,0.0,0.0,0.0
2,0,168,0,84,0,84,0,0,0,9e-06,0.009,0.0,0.0045,0.0,0.0,0.0
26,20,7467,1654,287,83,287,83,0,0,2.526776,101.07104,126.596578,113.833809,5351.698502,148.739,2750.218751
2,2,152,82,76,41,76,41,0,0,0.233622,0.002,0.001,0.0015,0.0,0.0,0.0
2,0,200,0,100,0,100,0,0,0,8e-06,0.008,0.0,0.004,0.0,0.0,0.0
58,16,68113,698,1174,44,1174,44,0,0,2.054084,35.177768,129.662797,82.42028250000001,3620.905315,168.378969,1894.642142
2,0,200,0,100,0,100,0,0,0,3e-06,0.003,0.0,0.0015,0.0,0.0,0.0
10,8,794,1292,79,162,79,162,0,0,0.219797,24.421889,29.028857,26.725372999999998,1322.776531,52.057895,687.417213
10,8,718,354,72,44,72,44,0,0,0.818801,86.750333,104.961859,95.85609600000001,5714.905814,168.015766,2941.46079
10,6,1036,268,104,45,104,45,0,0,0.714591,79.399,128.795203,104.0971015,4246.02131,224.687406,2235.354358
20,22,3962,1986,198,90,198,90,0,0,3.544407,186.541528,160.323328,173.43242800000002,10225.24051,224.538312,5224.889411
10,6,780,268,78,45,78,45,0,0,0.726366,78.413778,128.261797,103.33778749999999,4118.843119,202.056187,2160.449653
2,0,168,0,84,0,84,0,0,0,9e-06,0.009,0.0,0.0045,0.0,0.0,0.0
2,0,200,0,100,0,100,0,0,0,9e-06,0.009,0.0,0.0045,0.0,0.0,0.0
2,0,168,0,84,0,84,0,0,0,1e-06,0.001,0.0,0.0005,0.0,0.0,0.0
12,8,1186,738,99,92,99,92,0,0,0.665738,60.521638,80.965859,70.7437485,3635.611882,114.537195,1875.0745385
2,0,200,0,100,0,100,0,0,0,6e-06,0.006,0.0,0.003,0.0,0.0,0.0
8,10,364,3754,46,375,46,375,0,0,0.652265,93.180714,70.097667,81.6391905,7199.757166,5888.953971,6544.3555685
20,14,1100,622,55,44,55,44,0,0,46.446964,2442.265474,3566.77975,3004.5226119999998,323309.2258,11869.635,167589.4304
2,0,200,0,100,0,100,0,0,0,9e-06,0.009,0.0,0.0045,0.0,0.0,0.0
10,6,866,268,87,45,87,45,0,0,0.776432,83.858556,124.82,104.339278,4366.462678,204.887234,2285.674956
8,10,364,6070,46,607,46,607,0,0,1.421599,202.949719,148.236222,175.59297049999998,13638.27968,10444.94099,12041.610335
2,0,200,0,100,0,100,0,0,0,6e-06,0.006,0.0,0.003,0.0,0.0,0.0
10,8,2100,354,210,44,210,44,0,0,1.707093,184.460889,229.360578,206.9107335,11294.29052,335.223531,5814.7570255
10,6,972,268,97,45,97,45,0,0,0.19539,20.084111,37.333602,28.7088565,1234.003298,64.628633,649.3159655000001
12,8,1474,718,123,90,123,90,0,0,0.85749,77.953639,103.366711,90.660175,4599.387471,143.079813,2371.233642
2,0,200,0,100,0,100,0,0,0,9e-06,0.009,0.0,0.0045,0.0,0.0,0.0
12,10,994,842,83,84,83,84,0,0,3.871527,351.850903,416.601875,384.22638900000004,26376.43643,731.829125,13554.1327775
2,0,200,0,100,0,100,0,0,0,6e-06,0.006,0.0,0.003,0.0,0.0,0.0
10,6,676,268,68,45,68,45,0,0,0.7051,7335.3123,12223.521,9779.41665,726822.4876,27050.344,376936.4158
10,8,2420,354,242,44,242,44,0,0,0.892766,94.436556,115.520141,104.9783485,5587.376149,182.629141,2885.002645
4,4,1858,2168,465,542,465,542,0,0,0.126335,42.111668,12.884,27.497834,59.541457,18.211535,38.876496
10,6,580,268,58,45,58,45,0,0,1.205951,133.891444,211.443406,172.667425,6605.138471,313.329406,3459.2339385
12,8,1094,704,91,88,91,88,0,0,0.592579,48.640908,75.225141,61.9330245,2446.093126,100.255,1273.1740630000002
2,0,200,0,100,0,100,0,0,0,1e-06,0.001,0.0,0.0005,0.0,0.0,0.0
2,0,200,0,100,0,100,0,0,0,9e-06,0.009,0.0,0.0045,0.0,0.0,0.0
10,10,1160,2754,116,275,116,275,0,0,1.064006,118.222889,106.899891,112.56138999999999,6033.149548,195.836187,3114.4928675
2,0,89,0,45,0,45,0,0,0,8e-06,0.008,0.0,0.004,0.0,0.0,0.0
2,0,200,0,100,0,100,0,0,0,1e-06,0.001,0.0,0.0005,0.0,0.0,0.0
2,0,200,0,100,0,100,0,0,0,7e-06,0.007,0.0,0.0035,0.0,0.0,0.0
12,10,1262,822,105,82,105,82,0,0,0.978364,88.845727,101.405664,95.1256955,6309.35482,138.855578,3224.1051989999996
20,20,3658,1676,183,84,183,84,0,0,2.262792,119.094317,115.510789,117.302553,5773.380676,137.914547,2955.6476115
12,28,886,29264,74,1045,74,1045,0,0,2.282331,207.484636,76.357889,141.9212625,13048.01043,10321.21835,11684.614389999999
10,10,1160,2754,116,275,116,275,0,0,1.064006,118.222889,106.899891,112.56138999999999,6033.149548,195.836187,3114.4928675
2,0,200,0,100,0,100,0,0,0,1e-06,0.001,0.0,0.0005,0.0,0.0,0.0
2,0,564,0,282,0,282,0,0,0,9e-06,0.009,0.0,0.0045,0.0,0.0,0.0
24,52,1144,48926,48,941,48,941,0,0,3.5237,153.204349,66.68343,109.94388950000001,8379.541631,5342.311594,6860.9266124999995
10,8,940,354,94,44,94,44,0,0,0.898205,99.695,114.429711,107.0623555,5337.245639,204.813562,2771.0296005
10,8,2330,354,233,44,233,44,0,0,0.840442,86.091889,100.51957,93.3057295,5129.837957,169.308719,2649.5733379999997
2,0,200,0,100,0,100,0,0,0,1e-06,0.001,0.0,0.0005,0.0,0.0,0.0
12,8,994,726,83,91,83,91,0,0,1.414977,125.195543,185.638578,155.4170605,6577.483569,297.582656,3437.5331125
12,8,1260,752,105,94,105,94,0,0,0.730495,66.408636,92.900711,79.6546735,3231.516211,127.592648,1679.5544295
36,10,37884,440,1052,44,1052,44,0,0,1.016207,28.115486,103.163219,65.6393525,2532.066892,154.831984,1343.4494379999999
2,0,200,0,100,0,100,0,0,0,8e-06,0.008,0.0,0.004,0.0,0.0,0.0
10,8,588,354,59,44,59,44,0,0,1.047736,110.983,132.639578,121.811289,6130.21323,246.215188,3188.214209
10,8,1628,354,163,44,163,44,0,0,0.946394,105.146333,117.386,111.2661665,5500.312921,233.456625,2866.8847729999998
34,24,20857,1870,613,78,613,78,0,0,3.221577,97.623545,134.401609,116.012577,7195.925013,225.1155,3710.5202565
2,0,200,0,100,0,100,0,0,0,8e-06,0.008,0.0,0.004,0.0,0.0,0.0
24,18,4326,1532,180,85,180,85,0,0,33.635689,1462.415955,1973.822625,1718.11929,209602.7156,7467.1695,108534.94254999999
26,112,1488,143271,57,1279,57,1279,0,0,3.072126,121.841797,26.060279,73.951038,6911.599802,3250.217427,5080.9086145
2,0,200,0,100,0,100,0,0,0,2e-06,0.002,0.0,0.001,0.0,0.0,0.0
24,16,2246,1450,94,91,94,91,0,0,33.551376,1456.695345,2228.37525,1842.5352975,205294.2318,7765.4745,106529.85315000001
12,10,994,818,83,82,83,82,0,0,1.464138,133.091097,147.729,140.41004850000002,7386.615592,265.647875,3826.1317335
2,0,200,0,100,0,100,0,0,0,8e-06,0.008,0.0,0.004,0.0,0.0,0.0
2,0,200,0,100,0,100,0,0,0,2e-06,0.002,0.0,0.001,0.0,0.0,0.0
2,2,136,104,68,52,68,52,0,0,1.109174,0.006,0.006,0.006,0.0,0.0,0.0
12,8,1258,750,105,94,105,94,0,0,1.086318,94.988453,141.073141,118.030797,5562.306644,264.218687,2913.2626655
378,68,489631,2950,1295,43,1295,43,0,0,6.131314,16.263432,91.529891,53.89666150000001,1911.945928,105.121586,1008.533757
10,8,564,354,56,44,56,44,0,0,1.768718,189.895444,239.505422,214.700433,12053.9758,342.331469,6198.1536345
2,0,200,0,100,0,100,0,0,0,4e-06,0.004,0.0,0.002,0.0,0.0,0.0
10,6,610,268,61,45,61,45,0,0,0.396973,44.005556,67.986797,55.9961765,2162.42499,94.897227,1128.6611085
12,10,994,806,83,81,83,81,0,0,1.762809,152.95473,178.177891,165.5663105,8754.906042,259.411766,4507.158904
2,0,200,0,100,0,100,0,0,0,8e-06,0.008,0.0,0.004,0.0,0.0,0.0
24,20,2048,1626,85,81,85,81,0,0,44.398197,1930.321477,2331.797,2131.0592385,276094.8833,9338.716,142716.79965
16,44,1066,51965,67,1181,67,1181,0,0,0.495838,33.055865,11.26386,22.1598625,2034.593282,1395.007835,1714.8005585
2,0,200,0,100,0,100,0,0,0,4e-06,0.004,0.0,0.002,0.0,0.0,0.0
12,8,1060,698,88,87,88,87,0,0,1.0651,91.290999,142.412859,116.851929,5397.558066,222.075781,2809.8169234999996
2,0,168,0,84,0,84,0,0,0,1e-05,0.01,0.0,0.005,0.0,0.0,0.0
2,0,200,0,100,0,100,0,0,0,2e-06,0.002,0.0,0.001,0.0,0.0,0.0
2,0,168,0,84,0,84,0,0,0,5e-06,0.005,0.0,0.0025,0.0,0.0,0.0
22,22,1202,1622,55,74,55,74,0,0,1.231447,58.640333,54.740665,56.690499,3065.618528,3169.475331,3117.5469295000003
2,0,200,0,100,0,100,0,0,0,4e-06,0.004,0.0,0.002,0.0,0.0,0.0
10,14,826,8270,83,591,83,591,0,0,2.249494,249.941667,163.492847,206.71725700000002,15065.82978,11359.06588,13212.447830000001
8,8,364,516,46,65,46,65,0,0,0.645526,92.218,80.459711,86.3388555,5034.779216,120.651891,2577.7155535
12,8,1068,734,89,92,89,92,0,0,0.798517,69.734457,100.745141,85.239799,3703.2189,134.403234,1918.8110669999999
2,0,200,0,100,0,100,0,0,0,2e-06,0.002,0.0,0.001,0.0,0.0,0.0
10,8,1084,354,108,44,108,44,0,0,1.219362,123.417889,149.872859,136.645374,6444.475427,250.594266,3347.5348465
24,8,22004,354,917,44,917,44,0,0,0.432688,18.812521,54.435855,36.624188,1727.391633,77.095078,902.2433555
2,0,200,0,100,0,100,0,0,0,4e-06,0.004,0.0,0.002,0.0,0.0,0.0
228,54,286702,3276,1257,61,1257,61,0,0,6.045871,26.75154,111.961078,69.356309,3058.671224,151.300922,1604.986073
10,6,862,268,86,45,86,45,0,0,0.33557,35.960444,61.709801,48.8351225,1768.617696,85.038883,926.8282895
24,22,1272,1618,53,74,53,74,0,0,7.65057,332.633467,358.159812,345.3966395,28540.76888,955.55575,14748.162315
12,8,1058,754,88,94,88,94,0,0,0.669905,57.097273,86.13343,71.6153515,3426.414051,132.403047,1779.408549
10,8,564,354,56,44,56,44,0,0,1.029879,114.280444,141.668719,127.9745815,8317.325908,194.934812,4256.13036
10,8,786,956,79,120,79,120,0,0,1.421034,157.892667,183.946,170.9193335,8230.448158,319.080094,4274.764126
16,12,920,642,58,54,58,54,0,0,1.177462,78.490535,101.934453,90.21249399999999,4437.736742,148.795922,2293.266332
30,14,25820,764,861,55,861,55,0,0,0.942051,32.484517,66.621539,49.553028,2358.425359,101.148031,1229.786695
24,22,1272,1618,53,74,53,74,0,0,7.65057,332.633467,358.159812,345.3966395,28540.76888,955.55575,14748.162315
2,0,200,0,100,0,100,0,0,0,8e-06,0.008,0.0,0.004,0.0,0.0,0.0
10,8,564,354,56,44,56,44,0,0,0.933422,100.205222,122.179141,111.1921815,6178.948444,182.877906,3180.9131749999997
12,8,1066,750,89,94,89,94,0,0,0.841624,76.511273,105.358289,90.934781,3955.661626,166.33075,2060.996188
12,10,1272,814,106,81,106,81,0,0,1.65639,150.532366,171.047109,160.7897375,8614.470201,281.239531,4447.854866
30,14,27222,764,907,55,907,55,0,0,0.749213,25.834932,49.224461,37.5296965,1857.632469,75.777852,966.7051604999999
16,12,782,682,49,57,49,57,0,0,2.1091,137.721869,183.715188,160.7185285,8413.77383,235.99175,4324.88279
2,0,200,0,100,0,100,0,0,0,8e-06,0.008,0.0,0.004,0.0,0.0,0.0
60,26,58404,1954,973,75,973,75,0,0,2.176852,36.879899,84.648477,60.764188000000004,3023.306841,109.706008,1566.5064245
12,8,1020,716,85,90,85,90,0,0,0.828777,72.44218,97.825711,85.1339455,3736.110039,129.180969,1932.645504
28,16,24200,850,864,53,864,53,0,0,1.04777,38.806295,65.992867,52.399581,3293.380358,111.439914,1702.410136
2,0,200,0,100,0,100,0,0,0,8e-06,0.008,0.0,0.004,0.0,0.0,0.0
10,6,1424,268,142,45,142,45,0,0,0.869206,88.798778,152.585406,120.692092,4862.227877,215.155766,2538.6918215
8,8,364,2440,46,305,46,305,0,0,0.964951,137.850143,128.741141,133.295642,9379.836982,250.060984,4814.948983
10,10,804,984,80,98,80,98,0,0,1.00157,111.181556,100.317664,105.74960999999999,7063.083564,153.641453,3608.3625085
2,0,200,0,100,0,100,0,0,0,4e-06,0.004,0.0,0.002,0.0,0.0,0.0
2,0,168,0,84,0,84,0,0,0,3e-06,0.003,0.0,0.0015,0.0,0.0,0.0
2,0,104,0,52,0,52,0,0,0,3e-06,0.003,0.0,0.0015,0.0,0.0,0.0
12,10,988,820,82,82,82,82,0,0,1.312801,110.56573,134.227,122.396365,7925.48348,166.816,4046.14974
2,0,200,0,100,0,100,0,0,0,4e-06,0.004,0.0,0.002,0.0,0.0,0.0
18,10,12444,898,691,90,691,90,0,0,1.403616,77.724532,143.906563,110.81554750000001,5643.417738,200.947797,2922.1827675
10,6,822,268,82,45,82,45,0,0,0.613827,63.579,110.765797,87.1723985,3418.753661,164.822469,1791.7880650000002
2,0,200,0,100,0,100,0,0,0,4e-06,0.004,0.0,0.002,0.0,0.0,0.0
2,2,152,82,76,41,76,41,0,0,0.233622,0.002,0.001,0.0015,0.0,0.0,0.0
10,8,2250,354,225,44,225,44,0,0,0.909491,100.950333,110.876289,105.913311,5196.079942,180.248219,2688.1640805
12,10,994,784,83,78,83,78,0,0,1.366819,124.169366,140.416562,132.29296399999998,6542.756719,222.053453,3382.4050859999998
34,14,28192,728,829,52,829,52,0,0,1.041805,31.569849,73.977078,52.773463500000005,2374.166129,105.796531,1239.98133
2,2,152,82,76,41,76,41,0,0,0.233622,0.002,0.001,0.0015,0.0,0.0,0.0
10,8,982,354,98,44,98,44,0,0,0.895771,95.071222,111.17843,103.12482600000001,5479.136402,173.829641,2826.4830215
8,8,364,1246,46,156,46,156,0,0,0.610244,87.177714,81.38443,84.281072,5408.834129,150.81725,2779.8256895
12,8,1080,712,90,89,90,89,0,0,1.080877,98.250179,130.522141,114.38616,4886.282325,181.424297,2533.853311
2,2,152,82,76,41,76,41,0,0,0.233622,0.002,0.001,0.0015,0.0,0.0,0.0
2,0,200,0,100,0,100,0,0,0,3e-06,0.003,0.0,0.0015,0.0,0.0,0.0
2,0,168,0,84,0,84,0,0,0,9e-06,0.009,0.0,0.0045,0.0,0.0,0.0
10,8,946,1214,95,152,95,152,0,0,0.371591,41.183444,46.193,43.688221999999996,2133.573964,63.385441,1098.4797025
10,6,634,268,63,45,63,45,0,0,0.526521,48.643444,85.178203,66.91082349999999,2644.322568,110.801352,1377.56196
10,8,912,354,91,44,91,44,0,0,1.125999,125.096444,150.392,137.744222,7279.474218,218.959766,3749.216992
2,0,200,0,100,0,100,0,0,0,3e-06,0.003,0.0,0.0015,0.0,0.0,0.0
10,8,564,354,56,44,56,44,0,0,1.386481,154.053444,184.624,169.33872200000002,9209.231606,292.289531,4750.7605685
10,8,974,974,97,122,97,122,0,0,0.576619,64.068778,72.69,68.379389,3976.547005,121.322563,2048.934784
2,0,200,0,100,0,100,0,0,0,3e-06,0.003,0.0,0.0015,0.0,0.0,0.0
12,10,1110,830,93,83,93,83,0,0,2.226445,197.139545,235.835563,216.487554,12761.08948,342.028906,6551.559193
2,0,168,0,84,0,84,0,0,0,3e-06,0.003,0.0,0.0015,0.0,0.0,0.0
112,22,135649,956,1211,43,1211,43,0,0,1.978253,17.287694,89.252711,53.2702025,1823.674457,100.23782,961.9561385000001
2,0,104,0,52,0,52,0,0,0,6e-06,0.006,0.0,0.003,0.0,0.0,0.0
2,0,200,0,100,0,100,0,0,0,3e-06,0.003,0.0,0.0015,0.0,0.0,0.0
10,8,564,354,56,44,56,44,0,0,1.114224,123.792333,143.034859,133.413596,7769.418467,203.633672,3986.5260695
10,12,834,8242,83,687,83,687,0,0,0.650962,72.317333,53.317364,62.8173485,3953.603393,3871.525156,3912.5642745
78,28,82612,2144,1059,77,1059,77,0,0,1.418415,18.420974,50.777777,34.5993755,1510.149017,57.864449,784.0067329999999
112,22,135649,956,1211,43,1211,43,0,0,1.978253,17.287694,89.252711,53.2702025,1823.674457,100.23782,961.9561385000001
3,0,3028,0,1009,0,1009,0,0,0,1.1e-05,0.007,0.0,0.0035,0.0,0.0,0.0
2,0,200,0,100,0,100,0,0,0,9e-06,0.009,0.0,0.0045,0.0,0.0,0.0
10,12,836,7966,84,664,84,664,0,0,0.997627,110.763556,83.797361,97.2804585,6030.841601,0.0,3015.4208005
12,6,2616,268,218,45,218,45,0,0,0.644924,54.975362,115.114797,85.0450795,3142.968746,181.928125,1662.4484355
24,22,6991,1982,291,90,291,90,0,0,3.027475,131.625388,138.364094,134.99474099999998,7193.026825,189.280781,3691.153803
2,0,168,0,84,0,84,0,0,0,9e-06,0.009,0.0,0.0045,0.0,0.0,0.0
14,12,796,678,57,57,57,57,0,0,1.116859,85.912228,89.863727,87.8879775,4285.168796,111.75757,2198.463183
12,10,1018,818,85,82,85,82,0,0,1.201786,105.391906,137.784,121.587953,6165.133372,189.343969,3177.2386705
10,8,508,354,51,44,51,44,0,0,1.509183,167.583889,203.093422,185.33865550000002,9410.997212,343.751281,4877.3742465000005
2,0,200,0,100,0,100,0,0,0,7e-06,0.007,0.0,0.0035,0.0,0.0,0.0
2,0,168,0,84,0,84,0,0,0,1.7e-05,0.017,0.0,0.0085,0.0,0.0,0.0
2,0,168,0,84,0,84,0,0,0,8e-06,0.008,0.0,0.004,0.0,0.0,0.0
2,0,168,0,84,0,84,0,0,0,1e-06,0.001,0.0,0.0005,0.0,0.0,0.0
24,20,6697,1692,279,85,279,85,0,0,1.457713,63.378826,74.563898,68.971362,3351.496157,88.655617,1720.075887
2,0,200,0,100,0,100,0,0,0,7e-06,0.007,0.0,0.0035,0.0,0.0,0.0
14,12,952,622,68,52,68,52,0,0,1.94139,149.266923,165.465641,157.366282,8262.613246,210.132766,4236.373006000001
12,8,1068,758,89,95,89,95,0,0,0.791676,71.888543,103.99557,87.9420565,3761.079846,135.8935,1948.486673
8,8,364,804,46,101,46,101,0,0,1.79909,256.895134,288.266,272.580567,19310.49286,545.344,9927.91843
2,0,706,0,353,0,353,0,0,0,1e-05,0.01,0.0,0.005,0.0,0.0,0.0
2,0,200,0,100,0,100,0,0,0,7e-06,0.007,0.0,0.0035,0.0,0.0,0.0
2,0,104,0,52,0,52,0,0,0,1e-05,0.01,0.0,0.005,0.0,0.0,0.0
8,8,364,804,46,101,46,101,0,0,1.79909,256.895134,288.266,272.580567,19310.49286,545.344,9927.91843
12,8,1234,734,103,92,103,92,0,0,1.036976,87.46427,127.734141,107.5992055,4643.672889,175.266969,2409.4699290000003
2,0,630,0,315,0,315,0,0,0,1e-05,0.01,0.0,0.005,0.0,0.0,0.0
2,0,200,0,100,0,100,0,0,0,7e-06,0.007,0.0,0.0035,0.0,0.0,0.0
10,6,940,268,94,45,94,45,0,0,0.531389,56.867111,86.372203,71.619657,2860.967653,131.050125,1496.0088890000002
2,0,168,0,84,0,84,0,0,0,2e-06,0.002,0.0,0.001,0.0,0.0,0.0
2,0,104,0,52,0,52,0,0,0,3e-06,0.003,0.0,0.0015,0.0,0.0,0.0
2,0,200,0,100,0,100,0,0,0,7e-06,0.007,0.0,0.0035,0.0,0.0,0.0
2,0,168,0,84,0,84,0,0,0,6e-06,0.006,0.0,0.003,0.0,0.0,0.0
2,0,168,0,84,0,84,0,0,0,9e-06,0.009,0.0,0.0045,0.0,0.0,0.0
2,0,522,0,261,0,261,0,0,0,1e-05,0.01,0.0,0.005,0.0,0.0,0.0
14,12,796,678,57,57,57,57,0,0,1.449678,111.435228,123.902,117.66861399999999,5628.681926,180.900594,2904.79126
12,8,3030,708,253,89,253,89,0,0,0.965759,87.707906,123.95357,105.830738,5243.189979,180.351266,2711.7706224999997
12,20,854,18724,71,936,71,936,0,0,0.223425,20.311363,10.761579,15.536470999999999,1138.411177,1200.843407,1169.6272920000001
2,0,200,0,100,0,100,0,0,0,7e-06,0.007,0.0,0.0035,0.0,0.0,0.0
2,0,1046,0,523,0,523,0,0,0,1e-05,0.01,0.0,0.005,0.0,0.0,0.0
8,8,364,2440,46,305,46,305,0,0,0.964951,137.850143,128.741141,133.295642,9379.836982,250.060984,4814.948983
16,10,918,556,57,56,57,56,0,0,1.441152,92.775266,151.079891,121.92757850000001,4513.786035,196.775469,2355.280752
14,10,5158,798,368,80,368,80,0,0,1.82791,138.492695,190.491437,164.492066,9593.623649,247.178922,4920.401285499999
2,0,500,0,250,0,250,0,0,0,1e-05,0.01,0.0,0.005,0.0,0.0,0.0
2,0,200,0,100,0,100,0,0,0,9e-06,0.009,0.0,0.0045,0.0,0.0,0.0
10,6,534,268,53,45,53,45,0,0,0.415124,42.017444,66.395797,54.2066205,2360.712656,83.970336,1222.341496
22,26,1062,9850,48,379,48,379,0,0,4.245904,202.185902,166.814719,184.5003105,11907.75489,9702.18933,10804.972109999999
10,6,1552,268,155,45,155,45,0,0,0.187249,19.189333,35.706199,27.447766,1020.813562,60.322582,540.568072
12,8,2006,734,167,92,167,92,0,0,0.811807,66.598635,106.584859,86.591747,3639.733765,131.679328,1885.7065465
2,0,2006,0,1003,0,1003,0,0,0,1e-05,0.01,0.0,0.005,0.0,0.0,0.0
16,14,892,760,56,54,56,54,0,0,2.115529,134.692194,155.776391,145.23429249999998,8134.594544,302.078062,4218.336303
2,0,200,0,100,0,100,0,0,0,9e-06,0.009,0.0,0.0045,0.0,0.0,0.0
12,8,998,714,83,89,83,89,0,0,0.776403,68.088365,101.205289,84.646827,3470.215378,120.556484,1795.385931
2,0,168,0,84,0,84,0,0,0,9e-06,0.009,0.0,0.0045,0.0,0.0,0.0
342,2150,15074,2899012,44,1348,44,1348,0,0,27.920403,81.874916,12.966137,47.4205265,3895.146722,1563.063576,2729.105149
2,0,200,0,100,0,100,0,0,0,9e-06,0.009,0.0,0.0045,0.0,0.0,0.0
12,10,668,462,56,46,56,46,0,0,2.530045,228.021097,261.293891,244.65749399999999,15523.59227,377.845344,7950.718806999999
50,228,2248,272318,45,1194,45,1194,0,0,2.013378,41.089347,8.872578,24.980962499999997,2230.993937,984.396308,1607.6951225
26,26,1322,1796,51,69,51,69,0,0,24.222017,968.8695,966.3855,967.6275,100854.0934,3147.876,52000.9847
2,0,2130,0,1065,0,1065,0,0,0,1.1e-05,0.011,0.0,0.0055,0.0,0.0,0.0
2,0,104,0,52,0,52,0,0,0,8e-06,0.008,0.0,0.004,0.0,0.0,0.0
2,0,200,0,100,0,100,0,0,0,9e-06,0.009,0.0,0.0045,0.0,0.0,0.0
8,8,364,540,46,68,46,68,0,0,2.351839,335.837286,317.492,326.664643,23127.2127,636.582625,11881.8976625
10,8,564,354,56,44,56,44,0,0,0.62432,68.865889,88.050859,78.45837399999999,5428.175783,137.98875,2783.0822665
10,10,756,3374,76,337,76,337,0,0,0.886646,98.503889,89.461111,93.9825,5241.507265,6061.415003,5651.461134
2,0,200,0,100,0,100,0,0,0,3e-06,0.003,0.0,0.0015,0.0,0.0,0.0
12,8,1494,778,125,97,125,97,0,0,1.621525,141.926273,220.108422,181.0173475,7734.391786,306.309594,4020.35069
10,16,804,13878,80,867,80,867,0,0,0.220101,24.455667,13.964267,19.209967,1313.063906,1459.567025,1386.3154655
30,22,14302,2004,477,91,477,91,0,0,3.4446,118.779315,160.479375,139.629345,7165.143499,205.914969,3685.529234
2,0,200,0,100,0,100,0,0,0,3e-06,0.003,0.0,0.0015,0.0,0.0,0.0
10,8,564,354,56,44,56,44,0,0,0.624687,68.951444,88.222859,78.5871515,5427.257507,137.872766,2782.5651365000003
30,10,33054,440,1102,44,1102,44,0,0,0.830433,27.035104,82.103664,54.569384,2589.206299,119.943789,1354.575044
8,8,364,1540,46,193,46,193,0,0,1.924873,274.92042,257.197578,266.058999,20145.9672,575.782187,10360.8746935
144,46,162608,2980,1129,65,1129,65,0,0,12.589341,88.037353,276.969094,182.5032235,14876.18532,765.319187,7820.752253500001
88,30,93993,2254,1068,75,1068,75,0,0,3.501336,40.235356,114.928383,77.5818695,3683.141015,154.550938,1918.8459765
10,6,626,268,63,45,63,45,0,0,0.181518,18.337667,35.012199,26.674933000000003,1118.134822,59.147863,588.6413425
2,0,104,0,52,0,52,0,0,0,3e-06,0.003,0.0,0.0015,0.0,0.0,0.0
4,2,728,384,182,192,182,192,0,0,1.078167,359.389,0.003,179.696,508.239375,0.0,254.1196875
10,8,844,354,84,44,84,44,0,0,2.382964,259.002222,315.252281,287.1272515,16367.1852,457.027719,8412.1064595
14,8,5140,466,367,58,367,58,0,0,0.298543,21.659462,39.667285,30.6633735,1244.612965,56.366035,650.4895
4,2,728,384,182,192,182,192,0,0,1.078167,359.389,0.003,179.696,508.239375,0.0,254.1196875
20,24,944,9590,47,400,47,400,0,0,4.720538,248.444365,197.622085,223.03322500000002,13234.23671,11484.0253,12359.131005
10,6,1062,268,106,45,106,45,0,0,0.207456,23.050667,40.034199,31.542433000000003,1096.629371,60.017672,578.3235215
4,2,728,384,182,192,182,192,0,0,1.078167,359.389,0.003,179.696,508.239375,0.0,254.1196875
10,8,792,1982,79,248,79,248,0,0,0.256693,28.521444,33.63057,31.076006999999997,1563.408291,60.367984,811.8881375
2,0,200,0,100,0,100,0,0,0,3e-06,0.003,0.0,0.0015,0.0,0.0,0.0
22,22,1194,1638,54,74,54,74,0,0,1.201412,57.210094,56.090142,56.650118,3165.708783,3899.262987,3532.485885
14,40,1002,46192,72,1155,72,1155,0,0,0.868754,66.827233,20.703743,43.765488000000005,3325.559315,2347.224286,2836.3918005
8,8,364,920,46,115,46,115,0,0,1.789735,255.676437,244.144859,249.91064799999998,18079.95337,497.502063,9288.7277165
30,92,1372,101568,46,1104,46,1104,0,0,0.892058,30.760621,9.221352,19.990986499999998,1930.829386,999.608895,1465.2191405
12,10,1106,818,92,82,92,82,0,0,2.99314,272.042915,320.509437,296.27617599999996,17541.63259,449.232125,8995.4323575
10,10,876,1738,88,174,88,174,0,0,1.909054,212.117111,200.750438,206.4337745,12283.31233,418.509219,6350.9107745
18,20,1008,6916,56,346,56,346,0,0,3.857498,226.911647,193.68984,210.3007435,15506.01102,13742.64394,14624.32748
2,0,104,0,52,0,52,0,0,0,1e-06,0.001,0.0,0.0005,0.0,0.0,0.0
68,412,3284,532264,48,1292,48,1292,0,0,2.099019,31.328642,5.088058,18.20835,1652.505721,667.410349,1159.958035
8,8,364,1112,46,139,46,139,0,0,10.672128,1524.589714,1497.246875,1510.9182945,122810.8203,3486.124,63148.47215
66,0,7128,0,108,0,108,0,0,0,56.709965,872.460875,0.0,436.2304375,1090.813625,0.0,545.4068125
118,558,5318,723922,45,1297,45,1297,0,0,17.835382,152.439099,31.710945,92.075022,13031.15463,5823.561985,9427.3583075
2,0,168,0,84,0,84,0,0,0,9e-06,0.009,0.0,0.0045,0.0,0.0,0.0
2,0,200,0,100,0,100,0,0,0,3e-06,0.003,0.0,0.0015,0.0,0.0,0.0
10,6,1040,268,104,45,104,45,0,0,0.763395,80.340667,132.163406,106.2520365,4333.384177,221.850562,2277.6173694999998
5494,828,7268141,36266,1323,44,1323,44,0,0,59.987385,10.949457,72.763531,41.856494,1361.788464,87.482812,724.635638
12,10,1490,828,124,83,124,83,0,0,1.921951,168.621724,205.053438,186.837581,11193.76198,272.626656,5733.194318
12,6,5380,268,448,45,448,45,0,0,0.144366,11.869364,27.5636,19.716482,771.910145,45.81227,408.86120750000003
10,8,564,354,56,44,56,44,0,0,0.993892,106.815889,133.459141,120.137515,7085.741639,199.609281,3642.67546
2,0,200,0,100,0,100,0,0,0,3e-06,0.003,0.0,0.0015,0.0,0.0,0.0
12,10,3026,836,252,84,252,84,0,0,2.257081,205.177,241.566438,223.37171899999998,13264.6368,306.755344,6785.696072
668,116,870112,5956,1303,51,1303,51,0,0,3.798755,5.695285,32.958355,19.326819999999998,696.763563,42.931703,369.847633
2,0,168,0,84,0,84,0,0,0,4e-06,0.004,0.0,0.002,0.0,0.0,0.0
2,0,200,0,100,0,100,0,0,0,3e-06,0.003,0.0,0.0015,0.0,0.0,0.0
38,22,28356,1920,746,87,746,87,0,0,0.611939,16.512459,28.376523,22.444491,1178.315431,36.52068,607.4180555
4,2,728,384,182,192,182,192,0,0,1.078167,359.389,0.003,179.696,508.239375,0.0,254.1196875
2,0,200,0,100,0,100,0,0,0,3e-06,0.003,0.0,0.0015,0.0,0.0,0.0
10,14,826,8312,83,594,83,594,0,0,3.125514,347.279333,230.936075,289.107704,24378.93422,24053.41605,24216.175134999998
816,132,1072534,5908,1314,45,1314,45,0,0,9.52105,11.86558,74.051867,42.9587235,1394.817764,82.93882,738.878292
8,8,364,670,46,84,46,84,0,0,0.485403,69.343283,62.501855,65.922569,4697.300663,129.460008,2413.3803355
66,0,7128,0,108,0,108,0,0,0,56.709965,872.460875,0.0,436.2304375,1090.813625,0.0,545.4068125
20,0,1280,0,64,0,64,0,0,0,30.693087,1615.425625,0.0,807.7128125,1884.148125,0.0,942.0740625
10,8,564,354,56,44,56,44,0,0,0.642763,70.923667,89.80557,80.3646185,5577.481881,138.041547,2857.7617139999998
2,0,200,0,100,0,100,0,0,0,3e-06,0.003,0.0,0.0015,0.0,0.0,0.0
12,22,868,23992,72,1091,72,1091,0,0,0.262804,23.891273,11.062096,17.4766845,1201.912407,1244.730458,1223.3214325
12,10,994,850,83,85,83,85,0,0,1.378317,125.222179,160.36825,142.7952145,7724.085158,215.801719,3969.9434385
2,0,200,0,100,0,100,0,0,0,3e-06,0.003,0.0,0.0015,0.0,0.0,0.0
118,34,132900,2286,1126,67,1126,67,0,0,3.004692,25.894387,86.480422,56.1874045,2455.13142,102.319492,1278.7254560000001
2,0,168,0,84,0,84,0,0,0,3e-06,0.003,0.0,0.0015,0.0,0.0,0.0
38,196,1988,249646,52,1274,52,1274,0,0,3.661644,98.963351,18.309172,58.6362615,6870.414748,2508.876821,4689.6457845
16,8,9726,354,608,44,608,44,0,0,0.98967,70.615643,133.608,102.1118215,4700.87852,260.679484,2480.779002
2,0,200,0,100,0,100,0,0,0,3e-06,0.003,0.0,0.0015,0.0,0.0,0.0
2,0,168,0,84,0,84,0,0,0,9e-06,0.009,0.0,0.0045,0.0,0.0,0.0
10,6,994,268,99,45,99,45,0,0,0.208439,20.312667,38.954199,29.633433000000004,1080.58684,62.19341,571.390125
12,10,994,840,83,84,83,84,0,0,1.970841,173.922278,208.767672,191.344975,11540.63792,292.782062,5916.709991
16,10,1862,556,116,56,116,56,0,0,1.229908,79.977403,131.842437,105.90992,4429.529787,192.107859,2310.818823
2,0,200,0,100,0,100,0,0,0,3e-06,0.003,0.0,0.0015,0.0,0.0,0.0
10,8,582,354,58,44,58,44,0,0,1.514901,168.322333,200.928141,184.625237,10563.51093,443.883656,5503.697293
10,6,864,268,86,45,86,45,0,0,0.231391,23.829444,44.862602,34.346023,1228.71753,72.586914,650.6522219999999
28,82,1424,87044,51,1062,51,1062,0,0,2.294375,84.782519,28.109325,56.445921999999996,4093.441508,2382.19341,3237.817459
24,22,1244,1630,52,74,52,74,0,0,1.342813,58.383175,62.155953,60.269564,3381.103636,112.844914,1746.9742749999998
2,0,200,0,100,0,100,0,0,0,9e-06,0.009,0.0,0.0045,0.0,0.0,0.0
3,0,3022,0,1007,0,1007,0,0,0,2e-05,0.015,0.0,0.0075,0.0,0.0,0.0
10,8,862,354,86,44,86,44,0,0,2.525327,276.714111,345.382156,311.0481335,17173.73702,603.293625,8888.5153225
14,40,952,46148,68,1154,68,1154,0,0,0.634267,48.78977,13.556487,31.173128499999997,2428.405246,1435.351673,1931.8784594999997
2,0,200,0,100,0,100,0,0,0,9e-06,0.009,0.0,0.0045,0.0,0.0,0.0
8,8,364,668,46,84,46,84,0,0,0.809956,115.586424,108.98,112.28321199999999,8476.361894,257.282859,4366.8223765
10,8,972,354,97,44,97,44,0,0,1.518026,164.318556,205.622578,184.97056700000002,9152.60995,331.553281,4742.0816155
10,8,896,354,90,44,90,44,0,0,0.986898,104.586444,129.872859,117.2296515,5753.089187,253.810062,3003.4496244999996
12,8,4178,354,348,44,348,44,0,0,1.710578,155.399733,229.903141,192.651437,10662.16014,344.960719,5503.5604295
2,0,200,0,100,0,100,0,0,0,9e-06,0.009,0.0,0.0045,0.0,0.0,0.0
2,0,75,0,38,0,38,0,0,0,3e-06,0.003,0.0,0.0015,0.0,0.0,0.0
12,8,1036,764,86,96,86,96,0,0,0.882004,80.118364,114.016141,97.0672525,4168.584147,159.652719,2164.1184329999996
2,2,102,164,51,82,51,82,0,0,0.01117,0.003,0.009,0.006,0.0,0.0,0.0
2,0,168,0,84,0,84,0,0,0,4e-06,0.004,0.0,0.002,0.0,0.0,0.0
12,8,1060,714,88,89,88,89,0,0,0.552087,48.317547,71.638289,59.977918,2506.942813,106.114461,1306.5286370000001
24,24,1292,1696,54,71,54,71,0,0,5.098992,221.678125,218.566125,220.12212499999998,13637.45407,438.995406,7038.224738
2,0,168,0,84,0,84,0,0,0,2e-06,0.002,0.0,0.001,0.0,0.0,0.0
24,22,1256,1608,52,73,52,73,0,0,5.16208,224.405125,242.347473,233.37629900000002,18307.89018,21191.56675,19749.728465
10,14,796,10594,80,757,80,757,0,0,0.585297,65.033,35.319306,50.176153,3463.711237,2615.271858,3039.4915475
2,0,168,0,84,0,84,0,0,0,3.1e-05,0.031,0.0,0.0155,0.0,0.0,0.0
10,10,1582,1126,158,113,158,113,0,0,1.392711,154.745667,141.985328,148.3654975,9005.559289,257.695203,4631.627246
10,8,796,1034,80,129,80,129,0,0,0.267576,29.730667,35.55843,32.6445485,1494.14874,52.361824,773.2552820000001
38,10,41294,440,1087,44,1087,44,0,0,0.893059,23.64219,94.130445,58.8863175,2251.077738,146.067844,1198.572791
2,0,168,0,84,0,84,0,0,0,9e-06,0.009,0.0,0.0045,0.0,0.0,0.0
12,8,3052,728,254,91,254,91,0,0,0.543177,47.204728,57.76443,52.484579,2500.949694,80.962805,1290.9562495
2,0,200,0,100,0,100,0,0,0,7e-06,0.007,0.0,0.0035,0.0,0.0,0.0
8,10,364,3754,46,375,46,375,0,0,2.013859,287.694143,215.296222,251.4951825,20710.68474,17198.51295,18954.598845
2,0,1064,0,532,0,532,0,0,0,1.1e-05,0.011,0.0,0.0055,0.0,0.0,0.0
4,0,2128,0,532,0,532,0,0,0,7.626425,2542.14175,0.0,1271.070875,3595.12425,0.0,1797.562125
10,6,596,268,60,45,60,45,0,0,0.445531,46.500333,78.169203,62.334768,2479.392945,119.167047,1299.279996
4018,626,5305456,27180,1320,43,1320,43,0,0,50.350445,12.57983,80.59132,46.585575,1495.250523,89.850461,792.550492
14,12,700,682,50,57,50,57,0,0,1.923594,145.370226,165.058812,155.214519,8380.766239,219.03825,4299.9022445
2,0,1064,0,532,0,532,0,0,0,1.1e-05,0.011,0.0,0.0055,0.0,0.0,0.0
2,0,1064,0,532,0,532,0,0,0,9e-06,0.009,0.0,0.0045,0.0,0.0,0.0
2,0,200,0,100,0,100,0,0,0,7e-06,0.007,0.0,0.0035,0.0,0.0,0.0
40,22,30892,1926,772,88,772,88,0,0,3.546955,90.919972,164.793469,127.8567205,6947.309667,232.171547,3589.740607
10,8,1292,354,129,44,129,44,0,0,1.598383,170.102444,208.701719,189.4020815,10177.71167,397.929344,5287.820507
4,0,2128,0,532,0,532,0,0,0,9.146756,3048.91875,0.0,1524.459375,4311.8165,0.0,2155.90825
2,0,200,0,100,0,100,0,0,0,7e-06,0.007,0.0,0.0035,0.0,0.0,0.0
10,8,902,354,90,44,90,44,0,0,0.654173,72.584333,83.074859,77.82959600000001,4455.021575,114.966344,2284.9939595
80,0,8640,0,108,0,108,0,0,0,59.469406,794.258812,0.0,397.129406,978.922812,0.0,489.461406
118,36,131907,2448,1118,68,1118,68,0,0,3.431202,29.326513,96.409797,62.868155,2868.80029,124.317172,1496.558731
18,18,1004,2410,56,134,56,134,0,0,0.616502,36.264824,33.233469,34.749146499999995,1764.342657,39.787434,902.0650455
10,8,564,354,56,44,56,44,0,0,1.859691,203.271333,246.033578,224.6524555,12401.61834,347.832,6374.725170000001
2,0,200,0,100,0,100,0,0,0,4e-06,0.004,0.0,0.002,0.0,0.0,0.0
12,8,1062,734,89,92,89,92,0,0,0.615734,54.552092,75.84743,65.199761,2757.956376,109.553766,1433.755071
80,0,8640,0,108,0,108,0,0,0,59.469406,794.258812,0.0,397.129406,978.922812,0.0,489.461406
12,12,826,682,69,57,69,57,0,0,1.437046,130.628813,124.236633,127.43272300000001,6490.190431,149.076469,3319.63345
2,0,168,0,84,0,84,0,0,0,7e-06,0.007,0.0,0.0035,0.0,0.0,0.0
28,28,5134,3468,183,124,183,124,0,0,4.583254,169.75015,166.360969,168.05555950000002,8103.077577,207.243641,4155.160609
2,0,200,0,100,0,100,0,0,0,4e-06,0.004,0.0,0.002,0.0,0.0,0.0
12,12,578,682,48,57,48,57,0,0,1.291742,117.41818,108.369547,112.89386350000001,6173.617249,132.51675,3153.0669995
10,6,552,268,55,45,55,45,0,0,0.171482,18.454111,32.1864,25.320255500000002,993.607416,57.713359,525.6603875
10,8,564,354,56,44,56,44,0,0,1.864522,207.158444,251.434859,229.2966515,12850.2536,372.505063,6611.3793315
2,0,200,0,100,0,100,0,0,0,4e-06,0.004,0.0,0.002,0.0,0.0,0.0
58,16,68403,698,1179,44,1179,44,0,0,1.820437,31.532351,114.210336,72.8713435,3338.28186,141.87125,1740.076555
20,28,934,13128,47,469,47,469,0,0,0.781359,41.124157,28.635889,34.880022999999994,1954.114315,1629.010547,1791.562431
2,0,200,0,100,0,100,0,0,0,4e-06,0.004,0.0,0.002,0.0,0.0,0.0
12,10,1106,838,92,84,92,84,0,0,2.494052,221.883639,266.810219,244.346929,15036.21041,562.928,7799.569205
80,0,8640,0,108,0,108,0,0,0,59.469406,794.258812,0.0,397.129406,978.922812,0.0,489.461406
10,8,564,354,56,44,56,44,0,0,1.784637,198.293,243.420141,220.8565705,11478.7887,408.302062,5943.545381
12,10,1470,2320,123,232,123,232,0,0,0.329644,29.967638,34.987777,32.4777075,1582.156868,55.101379,818.6291235
2,0,200,0,100,0,100,0,0,0,4e-06,0.004,0.0,0.002,0.0,0.0,0.0
10,8,870,1890,87,236,87,236,0,0,0.918731,101.964778,118.79943,110.382104,5176.034095,191.980969,2684.007532
2,0,114,0,57,0,57,0,0,0,4e-06,0.004,0.0,0.002,0.0,0.0,0.0
60,14,68193,612,1137,44,1137,44,0,0,1.847643,31.31383,134.904766,83.109298,3452.363212,221.669563,1837.0163875
52,252,2458,314800,47,1249,47,1249,0,0,1.699685,33.327156,6.672314,19.999735,1705.050318,785.309654,1245.179986
2,0,200,0,100,0,100,0,0,0,2e-06,0.002,0.0,0.001,0.0,0.0,0.0
70,340,3242,432752,46,1273,46,1273,0,0,6.260317,93.437566,18.16439,55.800978,4913.010375,2209.801347,3561.405861
10,8,944,354,94,44,94,44,0,0,3.545121,389.308556,487.929156,438.618856,31094.80634,886.710312,15990.758326
10,8,564,354,56,44,56,44,0,0,0.632833,68.887333,89.198859,79.04309599999999,5403.882111,137.67025,2770.7761805
2,0,200,0,100,0,100,0,0,0,2e-06,0.002,0.0,0.001,0.0,0.0,0.0
2,0,104,0,52,0,52,0,0,0,1e-05,0.01,0.0,0.005,0.0,0.0,0.0
2,0,200,0,100,0,100,0,0,0,2e-06,0.002,0.0,0.001,0.0,0.0,0.0
10,8,564,354,56,44,56,44,0,0,0.639957,71.106333,87.97757,79.54195150000001,5460.2903,135.404781,2797.8475405
12,10,994,814,83,81,83,81,0,0,1.862212,162.968003,197.555891,180.26194700000002,9765.160282,276.984094,5021.072188
10,18,838,15838,84,880,84,880,0,0,0.192951,21.439,10.670882,16.054941,1124.85089,1225.889643,1175.3702665
2,0,200,0,100,0,100,0,0,0,2e-06,0.002,0.0,0.001,0.0,0.0,0.0
12,12,576,682,48,57,48,57,0,0,1.107955,100.72318,92.039906,96.381543,5717.144991,149.222922,2933.1839565
10,8,782,1130,78,141,78,141,0,0,0.259675,28.852778,35.053,31.952889,1412.602445,50.625309,731.613877
2,0,168,0,84,0,84,0,0,0,6e-06,0.006,0.0,0.003,0.0,0.0,0.0
2,0,200,0,100,0,100,0,0,0,2e-06,0.002,0.0,0.001,0.0,0.0,0.0
12,10,1362,796,114,80,114,80,0,0,3.776063,340.149898,456.991625,398.5707615,22328.47309,646.572937,11487.5230135
2,0,168,0,84,0,84,0,0,0,3e-06,0.003,0.0,0.0015,0.0,0.0,0.0
2,0,168,0,84,0,84,0,0,0,5e-06,0.005,0.0,0.0025,0.0,0.0,0.0
10,6,928,268,93,45,93,45,0,0,0.180461,18.803444,34.732398,26.767921,1009.440611,60.901641,535.171126
2,0,200,0,100,0,100,0,0,0,3e-06,0.003,0.0,0.0015,0.0,0.0,0.0
12,10,1106,820,92,82,92,82,0,0,1.849678,168.074724,197.299672,182.687198,9388.833842,360.553562,4874.693702
10,8,2102,354,210,44,210,44,0,0,0.879909,97.767667,115.590859,106.67926299999999,5743.44881,210.904594,2977.1767019999998
8,10,364,4396,46,440,46,440,0,0,0.572882,81.840288,57.131667,69.4859775,5550.754342,4925.127703,5237.9410225
2,0,1064,0,532,0,532,0,0,0,5e-06,0.005,0.0,0.0025,0.0,0.0,0.0
2,0,200,0,100,0,100,0,0,0,3e-06,0.003,0.0,0.0015,0.0,0.0,0.0
10,12,848,7456,85,621,85,621,0,0,1.176583,130.731444,98.191728,114.46158600000001,7148.480026,8136.599978,7642.540002
10,8,564,354,56,44,56,44,0,0,0.922216,102.411111,118.039859,110.225485,6842.441789,161.711078,3502.0764335000003
10,8,564,354,56,44,56,44,0,0,0.626591,69.621222,87.740859,78.6810405,5407.615641,139.854594,2773.7351175000003
4,0,2130,0,533,0,533,0,0,0,14.215626,4738.542,0.0,2369.271,6701.302,0.0,3350.651
2,0,200,0,100,0,100,0,0,0,3e-06,0.003,0.0,0.0015,0.0,0.0,0.0
22,22,1190,1652,54,75,54,75,0,0,1.190113,56.672047,55.554284,56.1131655,3057.282265,3812.719969,3435.001117
12,12,826,682,69,57,69,57,0,0,1.425829,128.851457,121.871453,125.361455,7372.364433,179.096391,3775.730412
10,10,840,2314,84,231,84,231,0,0,1.338371,148.690444,136.421672,142.556058,7825.835171,240.806406,4033.3207884999997
10,8,846,354,85,44,85,44,0,0,1.816188,201.700667,249.087859,225.39426300000002,11984.43485,424.436156,6204.435503
10,10,802,1288,80,129,80,129,0,0,0.462601,51.400111,45.949223,48.674667,3447.928285,95.111961,1771.520123
2,0,200,0,100,0,100,0,0,0,1e-05,0.01,0.0,0.005,0.0,0.0,0.0
12,12,1594,682,133,57,133,57,0,0,0.883866,80.285453,74.284906,77.2851795,3959.074325,92.948813,2026.011569
12,10,994,820,83,82,83,82,0,0,1.314819,116.756271,136.498672,126.6274715,6705.755459,193.272672,3449.5140655
340,72,433177,3894,1274,54,1274,54,0,0,6.932148,20.509313,96.346773,58.428043,2354.572968,130.805062,1242.689015
12,18,936,17170,78,954,78,954,0,0,0.235615,21.419545,13.443059,17.431302,1106.32686,1301.576291,1203.9515755
4,0,2128,0,532,0,532,0,0,0,8.747649,2915.883,0.0,1457.9415,4123.67275,0.0,2061.836375
2,0,200,0,100,0,100,0,0,0,1e-05,0.01,0.0,0.005,0.0,0.0,0.0
10,6,766,268,77,45,77,45,0,0,1.008771,106.456778,195.156797,150.8067875,6726.003068,339.780094,3532.891581
60,16,68187,698,1136,44,1136,44,0,0,1.566426,24.983577,96.947266,60.9654215,2652.151608,115.364656,1383.7581320000002
10,8,564,354,56,44,56,44,0,0,0.648375,71.046,91.556289,81.3011445,5449.038405,136.760141,2792.899273
10,6,1212,268,121,45,121,45,0,0,0.199753,22.194778,36.647398,29.421088,1138.122011,67.156992,602.6395014999999
10,20,450,20702,45,1035,45,1035,0,0,1.739833,193.284889,87.357314,140.3211015,14462.75917,9934.436807,12198.5979885
