srcNumPackets,dstNumPackets,srcPayloadSize,dstPayloadSize,srcAvgPayloadSize,dstAvgPayloadSize,srcMaxPayloadSize,dstMaxPayloadSize,srcStdDevPayloadSize,dstStdDevPayloadSize,flowDuration,srcAvgInterarrivalTime,dstAvgInterarrivalTime,avgInterarrivalTime,srcStdDevInterarrivalTime,dstStdDevInterarrivalTime,stdDevInterarrivalTime
5.5,0,1949.5,0,1383.3684523809525,0,3541.2,0,1231.771826295283,0,29.5632164478302,0.0033692836761474,0,0.0033692836761474,0,0,0
13.5,0,81.9,0,100.63358519447527,0,340.0,0,75.99781247359577,0,34.43815469741821,166521297.9600573,0,166521297.9600573,0,0,0
13.5,0,63.6,0,372.87113743368775,0,1514.0,0,571.4319912300059,0,48.33636200428009,166522778.4173835,0,166522778.4173835,0,0,0
13.5,0,1128.6,0,1179.0340579660278,0,1392.0,0,483.992187979656,0,1.2457968950271607,166522717.47277611,0,166522717.47277611,0,0,0
5.5,0,1388.4,0,1978.4876190476189,0,4116.4,0,1084.4952039036657,0,37.81226272583008,0.0011146068572998,0,0.0011146068572998,0,0,0
13.5,0,66.0,0,124.58437491816748,0,935.0,0,215.82410368455905,0,20.87353990077973,166517454.064555,0,166517454.064555,0,0,0
5.5,0,103.6,0,93.4623015873016,0,146.4,0,38.82249181769714,0,78.91762046813965,0.0095976114273071,0,0.0095976114273071,0,0,0
5.5,0,619.4,0,663.134365079365,0,1254.0,0,529.1610425209426,0,36.30588738918304,0.0142352104187011,0,0.0142352104187011,0,0,0
5.5,0,63.6,0,65.32349206349207,0,66.0,0,1.6063248964124484,0,43.2523508310318,0.0028268814086914,0,0.0028268814086914,0,0,0
5.5,0,806.4,0,1313.5614285714285,0,2672.4,0,753.7404471931544,0,86.42311887741089,0.0007012128829956,0,0.0007012128829956,0,0,0
5.5,0,73.4,0,57.46619047619048,0,73.4,0,6.424296515680541,0,0.8100708723068237,0.000900912284851,0,0.000900912284851,0,0,0
5.5,0,660.7,0,414.4819444444444,0,991.0,0,423.66652471997423,0,3.095283436775208,0.0057253122329711,0,0.0057253122329711,0,0,0
13.5,0,94.5,0,658.7746581578896,0,1514.0,0,692.2769739394419,0,0.0611443042755126,166517921.6798909,0,166517921.6798909,0,0,0
13.5,0,58.8,0,59.4930767452362,0,93.2,0,11.455096090801236,0,27.573297524452208,166524120.3362332,0,166524120.3362332,0,0,0
5.5,0,137.9,0,145.0461507936508,0,573.5,0,181.4496313619736,0,49.75941426753998,0.0092777967453002,0,0.0092777967453002,0,0,0
5.5,0,113.7,0,101.13214285714288,0,213.0,0,48.448236441188016,0,211.8693323850632,0.0125324010848999,0,0.0125324010848999,0,0,0
5.5,0,68.9,0,64.62924603174602,0,111.6,0,20.24768381112074,0,48.75275013446808,0.0144663095474243,0,0.0144663095474243,0,0,0
13.5,0,1717.9,0,1703.7332090754965,0,3447.0,0,819.437400096354,0,52.91948630809784,166526034.73885912,0,166526034.73885912,0,0,0
5.5,0,76.4,0,84.1652380952381,0,186.0,0,46.80216200223442,0,80.42106013298034,0.0064759016036987,0,0.0064759016036987,0,0,0
5.5,0,218.2,0,233.05992063492064,0,472.6,0,142.71599622943444,0,44.28888630867005,0.0119980812072753,0,0.0119980812072753,0,0,0
13.5,0,82.7,0,112.54614744173952,0,217.0,0,62.22016152136541,0,3.120437669754028,166517491.0129128,0,166517491.0129128,0,0,0
5.5,0,124.3,0,106.26226190476191,0,181.8,0,45.838065014321,0,50.92139120101929,0.0249089956283569,0,0.0249089956283569,0,0,0
5.5,0,583.1,0,851.5663888888888,0,1514.0,0,529.7580041160371,0,44.07572948932648,0.002883505821228,0,0.002883505821228,0,0,0
13.5,0,121.2,0,102.70674244572078,0,312.0,0,69.43008015072125,0,78.63927719593048,166516703.24489433,0,166516703.24489433,0,0,0
5.5,0,2962.0,0,4046.333650793651,0,7306.0,0,1928.4263183466787,0,2.449954891204834,0.0004522085189819,0,0.0004522085189819,0,0,0
13.5,0,1378.2,0,1507.21,0,1514.0,0,29.596923826641177,0,15.438470149040224,166525856.3217764,0,166525856.3217764,0,0,0
13.5,0,119.6,0,110.22213436116688,0,210.0,0,55.87560165944812,0,79.95158064365387,166525850.06525332,0,166525850.06525332,0,0,0
5.5,0,658.2,0,349.1660317460317,0,1369.2,0,455.7021670480546,0,22.34903995990753,0.0038275003433227,0,0.0038275003433227,0,0,0
13.5,0,495.0,0,847.1091607352057,0,2962.0,0,1078.8508872373154,0,24.21584463119507,166521585.8417848,0,166521585.8417848,0,0,0
5.5,0,139.4,0,122.26246031746032,0,198.8,0,53.73899626524356,0,98.15522122383118,0.0313534975051879,0,0.0313534975051879,0,0,0
13.5,0,1324.0,0,842.6504938388065,0,1514.0,0,708.8180815730487,0,1.3817615509033203,166524509.55857518,0,166524509.55857518,0,0,0
5.5,0,283.2,0,622.2719047619047,0,1514.0,0,459.2035219498639,0,44.888852214813234,0.0131734132766723,0,0.0131734132766723,0,0,0
13.5,0,1515.2,0,1241.0817065880456,0,2093.2,0,656.0593631464717,0,53.17363622188568,166517561.5756349,0,166517561.5756349,0,0,0
13.5,0,124.0,0,118.74837604432032,0,457.0,0,131.1318971589172,0,11.528068113327029,166518800.42999408,0,166518800.42999408,0,0,0
13.5,0,133.7,0,913.820772069348,0,1514.0,0,642.2315646433126,0,108.96939458847046,166525668.8829153,0,166525668.8829153,0,0,0
5.5,0,1383.4,0,1447.8542857142857,0,2962.0,0,790.0587882444522,0,57.20915179252624,0.0063127994537353,0,0.0063127994537353,0,0,0
13.5,0,84.8,0,833.220629431628,0,1514.0,0,691.634366711775,0,5.7984798669815065,166519834.844533,0,166519834.844533,0,0,0
13.5,0,59.5,0,65.49562501439048,0,156.0,0,25.07796290427875,0,19.748631501197814,166518765.2412411,0,166518765.2412411,0,0,0
13.5,0,127.2,0,97.2938807563266,0,206.5,0,54.17564781153497,0,70.97351112365723,166520975.0283809,0,166520975.0283809,0,0,0
13.5,0,1472.4,0,1189.5585582855397,0,2858.0,0,988.3158931656316,0,0.7487007141113281,166517697.876681,0,166517697.876681,0,0,0
13.5,0,68.0,0,775.2689151728043,0,4410.0,0,1297.584677192513,0,44.673811531066896,166524997.41102338,0,166524997.41102338,0,0,0
5.5,0,66.0,0,66.0,0,66.0,0,0.0,0,7.09753999710083,0.0008009910583496,0,0.0008009910583496,0,0,0
5.5,0,788.6,0,248.11849206349208,0,817.6,0,293.4517376446021,0,103.65935735702514,0.0092418909072875,0,0.0092418909072875,0,0,0
5.5,0,209.6,0,488.7998412698413,0,1514.0,0,503.355501592682,0,31.929009532928468,0.0028443098068237,0,0.0028443098068237,0,0,0
13.5,0,134.6,0,127.56798865393291,0,230.0,0,65.02564459030049,0,61.58802754878998,166516562.0788793,0,166516562.0788793,0,0,0
13.5,0,102.7,0,95.34172880653918,0,156.0,0,34.65104461010672,0,1.6306419849395752,166521336.4990764,0,166521336.4990764,0,0,0
5.5,0,1287.7,0,1051.7994841269842,0,1384.0,0,488.4483683524721,0,49.80049848556519,0.0005306959152221,0,0.0005306959152221,0,0,0
5.5,0,355.6,0,281.935873015873,0,934.8,0,372.4126959709712,0,1.6397611141204833,0.0021781921386718,0,0.0021781921386718,0,0,0
5.5,0,1253.9,0,787.7257539682539,0,1948.4,0,778.3956943107728,0,27.231674575805663,0.003872799873352,0,0.003872799873352,0,0,0
13.5,0,1112.6,0,250.50069051519512,0,1948.6,0,471.0442231572235,0,82.28840148448944,166520037.97019082,0,166520037.97019082,0,0,0
5.5,0,645.2,0,1134.991746031746,0,1514.0,0,413.1257123049565,0,46.23212447166443,0.0030209064483642,0,0.0030209064483642,0,0,0
13.5,0,800.1,0,1664.579435127136,0,2962.0,0,1024.64642517036,0,15.239463901519777,166517503.0846206,0,166517503.0846206,0,0,0
13.5,0,147.2,0,134.87664438201975,0,583.0,0,131.46835784280182,0,9.377131867408751,166518924.6145651,0,166518924.6145651,0,0,0
13.5,0,1294.1,0,891.2274160523,0,2923.6,0,1000.6833736728626,0,10.989385533332824,166525633.8752615,0,166525633.8752615,0,0,0
13.5,0,790.0,0,1914.835643269699,0,4410.0,0,1180.2287283364944,0,0.9643100738525392,166525539.0519,0,166525539.0519,0,0,0
5.5,0,66.6,0,55.86063492063492,0,69.8,0,6.828577608953736,0,31.44749236106873,0.0177831888198852,0,0.0177831888198852,0,0,0
13.5,0,689.9,0,1695.2668843286915,0,2962.0,0,875.5523781196778,0,56.56357629299164,166522984.50424218,0,166522984.50424218,0,0,0
13.5,0,238.4,0,84.40556746744828,0,291.8,0,55.01200103462084,0,78.37472524642945,166524519.0876823,0,166524519.0876823,0,0,0
13.5,0,1224.4,0,2653.7258438182043,0,8754.0,0,2952.446470913251,0,12.338135766983031,166521077.3761559,0,166521077.3761559,0,0,0
5.5,0,959.6,0,269.8311904761905,0,1425.5,0,425.22762462959616,0,40.17038733959198,0.011232304573059,0,0.011232304573059,0,0,0
5.5,0,87.6,0,81.83666666666667,0,160.2,0,36.63164290243663,0,41.40192065238953,0.0070743799209594,0,0.0070743799209594,0,0,0
5.5,0,1239.2,0,841.8528571428571,0,2122.8,0,838.2917424559589,0,7.0538506507873535,0.0011450052261352,0,0.0011450052261352,0,0,0
13.5,0,96.4,0,173.34327356724802,0,1354.0,0,322.3689116492435,0,23.729347252845763,166518010.596002,0,166518010.596002,0,0,0
13.5,0,837.2,0,453.1914289606162,0,3634.8,0,895.2082107181568,0,66.86942491531372,166521550.7636291,0,166521550.7636291,0,0,0
13.5,0,180.9,0,248.1168089560079,0,897.0,0,235.1376541222,0,16.917699527740478,166516894.16561288,0,166516894.16561288,0,0,0
13.5,0,1079.6,0,1412.3400031272477,0,2672.4,0,568.3137680407947,0,1.852180886268616,166524846.85040897,0,166524846.85040897,0,0,0
5.5,0,1223.2,0,1448.7356349206352,0,2687.2,0,1023.5547520745928,0,53.05329539775848,0.0125415086746215,0,0.0125415086746215,0,0,0
13.5,0,1312.1,0,341.1570275574958,0,1964.6,0,524.7261835654894,0,49.40738332271576,166518123.02895832,0,166518123.02895832,0,0,0
13.5,0,96.5,0,107.38933254524972,0,230.0,0,60.07827700801498,0,7.565618705749512,166520154.6336636,0,166520154.6336636,0,0,0
5.5,0,1514.0,0,1672.2457142857145,0,2672.4,0,498.9287359054655,0,24.20825521945953,0.0018661022186279,0,0.0018661022186279,0,0,0
5.5,0,355.6,0,129.1488888888889,0,500.4,0,151.31434847063002,0,14.02726664543152,0.0003672122955322,0,0.0003672122955322,0,0,0
5.5,0,85.9,0,94.39392857142856,0,213.2,0,60.43486985761697,0,63.45603621006012,0.0101970911026,0,0.0101970911026,0,0,0
5.5,0,89.5,0,135.24742063492062,0,286.0,0,74.28456658740275,0,50.58208048343658,0.0006542921066284,0,0.0006542921066284,0,0,0
13.0,0,1514.0,0,2122.414535464536,0,7306.0,0,1744.9341470202464,0,18.26339836120605,0.0035592079162597,0,0.0035592079162597,0,0,0
5.5,0,1182.8,0,1213.6560317460314,0,2299.6,0,671.7319563527208,0,0.3608846187591553,6.649494171142578e-05,0,6.649494171142578e-05,0,0,0
5.5,0,744.3,0,386.0364682539683,0,844.4,0,301.8999967859617,0,6.463918399810791,0.0187072038650512,0,0.0187072038650512,0,0,0
5.5,0,819.1,0,431.43805555555554,0,976.8,0,418.2693842825892,0,25.77228548526764,0.0028593063354492,0,0.0028593063354492,0,0,0
13.5,0,119.0,0,90.0274157146603,0,231.8,0,53.50353060158456,0,44.47229235172272,166521945.33915848,0,166521945.33915848,0,0,0
5.5,0,144.3,0,131.0461507936508,0,215.9,0,57.29711152407052,0,448.3354552268982,0.0137812852859497,0,0.0137812852859497,0,0,0
5.5,0,561.6,0,1159.2133333333334,0,3253.7,0,1073.3989078558357,0,18.408219075202943,0.0090136051177978,0,0.0090136051177978,0,0,0
5.5,0,776.0,0,781.0550793650793,0,2160.0,0,738.098767168304,0,0.452050518989563,5.469322204589844e-05,0,5.469322204589844e-05,0,0,0
5.5,0,146.5,0,134.74480158730157,0,215.5,0,57.20397453619408,0,41.26906974315644,0.0124537944793701,0,0.0124537944793701,0,0,0
5.5,0,500.4,0,903.9438095238096,0,2672.4,0,932.627317154848,0,54.699555611610414,0.0005881071090698,0,0.0005881071090698,0,0,0
13.5,0,1087.0,0,1207.640033862766,0,5858.0,0,1741.2493926301347,0,20.620135807991023,166523019.47026423,0,166523019.47026423,0,0,0
13.5,0,172.5,0,127.3111375372134,0,341.4,0,90.95513976293748,0,71.83976027965545,166522115.3342844,0,166522115.3342844,0,0,0
5.5,0,1234.0,0,381.7184126984127,0,1238.8,0,430.37365445331625,0,53.97922677993775,0.0101674795150756,0,0.0101674795150756,0,0,0
5.5,0,119.2,0,145.9125396825397,0,214.0,0,46.394372976876646,0,41.46649820804596,0.0420267820358276,0,0.0420267820358276,0,0,0
5.5,0,790.0,0,1197.1063492063497,0,2672.4,0,1149.5979684133358,0,28.113713693618774,0.0008653163909912,0,0.0008653163909912,0,0,0
5.5,0,791.2,0,239.53031746031743,0,936.0,0,333.1353444058394,0,71.60221002101898,0.0074831962585449,0,0.0074831962585449,0,0,0
5.5,0,105.0,0,70.10412698412698,0,118.4,0,23.969556504814005,0,64.61510677337647,0.0180621862411499,0,0.0180621862411499,0,0,0
5.5,0,1223.8,0,1217.493015873016,0,2382.8,0,759.0986211509695,0,14.043052101135254,0.0039314031600952,0,0.0039314031600952,0,0,0
13.5,0,67.2,0,84.18794690603514,0,151.0,0,31.458268833744608,0,93.77597017288208,166525332.2749026,0,166525332.2749026,0,0,0
13.5,0,128.6,0,102.64035659988448,0,302.4,0,65.43066241004529,0,75.2843425989151,166525331.3458327,0,166525331.3458327,0,0,0
13.5,0,114.6,0,108.39737223560752,0,214.0,0,53.515425950077336,0,88.30831046104431,166523365.5679006,0,166523365.5679006,0,0,0
5.5,0,155.2,0,130.21432539682542,0,243.8,0,66.01167299054174,0,169.19558482170106,0.0229411125183105,0,0.0229411125183105,0,0,0
5.5,0,1803.6,0,2983.3752380952383,0,9912.4,0,3374.9863872987253,0,30.27759938240052,0.0014171123504638,0,0.0014171123504638,0,0,0
5.5,0,87.0,0,76.16499999999999,0,139.6,0,28.611927390838098,0,48.29603209495544,0.0053412914276123,0,0.0053412914276123,0,0,0
13.5,0,673.7,0,238.20621148717123,0,1779.6,0,455.9606088805557,0,42.49472019672394,166520473.85259658,0,166520473.85259658,0,0,0
5.5,0,586.5,0,216.1166666666667,0,637.2,0,237.97917863693792,0,3.9996449947357178,0.0020147085189819,0,0.0020147085189819,0,0,0
13.5,0,1562.5,0,880.1216532401206,0,2382.8,0,783.7286354724157,0,6.019417023658752,166520366.0319715,0,166520366.0319715,0,0,0
5.5,0,164.8,0,121.0547619047619,0,221.7,0,58.56367504097668,0,264.3512547016144,0.0070173978805541,0,0.0070173978805541,0,0,0
13.5,0,86.6,0,160.81360393949015,0,1149.0,0,266.56367317275146,0,9.727624583244324,166520928.91398698,0,166520928.91398698,0,0,0
5.5,0,489.4,0,967.9040873015872,0,2216.9,0,698.999664295481,0,22.783475160598755,0.0110645055770874,0,0.0110645055770874,0,0,0
5.5,0,1043.2,0,1515.7349206349204,0,2858.0,0,893.5861983566676,0,0.1578874349594116,6.411075592041015e-05,0,6.411075592041015e-05,0,0,0
5.5,0,133.1,0,181.7180555555556,0,338.2,0,84.30944613222687,0,91.98594012260438,0.0187877178192138,0,0.0187877178192138,0,0,0
5.5,0,1584.2,0,2996.979126984127,0,5858.0,0,1565.726759032411,0,61.47869217395783,0.0038198947906494,0,0.0038198947906494,0,0,0
13.5,0,1224.4,0,703.7412896047881,0,2672.4,0,861.6454965706546,0,4.051845502853394,166523967.44200438,0,166523967.44200438,0,0,0
13.5,0,115.4,0,166.43105068478133,0,465.0,0,143.74532331512117,0,31.99995560646057,166517626.775592,0,166517626.775592,0,0,0
13.5,0,146.4,0,662.3691508998396,0,5858.0,0,1558.4598979937575,0,55.96766083240509,166523386.216335,0,166523386.216335,0,0,0
13.5,0,2382.8,0,1510.0255288098551,0,4265.2,0,1184.3254384055713,0,115.60145664215088,166525711.09368402,0,166525711.09368402,0,0,0
5.5,0,515.2,0,834.668253968254,0,2672.4,0,1003.7255438039272,0,14.904919624328612,0.0025633096694946,0,0.0025633096694946,0,0,0
5.5,0,66.0,0,66.0,0,66.0,0,0.0,0,11.923647475242614,0.0025470972061157,0,0.0025470972061157,0,0,0
5.5,0,113.3,0,98.37321428571428,0,301.5,0,81.4275577908194,0,3.0140928983688355,0.010046100616455,0,0.010046100616455,0,0,0
5.5,0,1514.0,0,1762.7457142857145,0,2817.2,0,546.8168346357346,0,44.64226427078247,0.0029011011123657,0,0.0029011011123657,0,0,0
13.5,0,165.1,0,137.79718741097224,0,786.0,0,175.03585085368474,0,7.753436160087586,166517943.3910392,0,166517943.3910392,0,0,0
5.5,0,914.8,0,787.2285714285715,0,1462.0,0,598.6352642971357,0,0.7221289873123169,6.301403045654297e-05,0,6.301403045654297e-05,0,0,0
5.5,0,1574.4,0,1099.0547222222222,0,4132.3,0,1371.6672276940355,0,10.564418601989749,0.0010525941848754,0,0.0010525941848754,0,0,0
5.5,0,75.7,0,67.33630952380953,0,117.6,0,21.4985974871044,0,40.56103610992432,0.0168245077133178,0,0.0168245077133178,0,0,0
13.5,0,1369.2,0,367.7048054418062,0,1948.4,0,585.3444487559638,0,2.3289580583572387,166525315.2391221,0,166525315.2391221,0,0,0
13.5,0,61.3,0,57.40034205990088,0,88.8,0,9.642584054087736,0,109.06808631420137,166522758.1504335,0,166522758.1504335,0,0,0
13.5,0,1377.1,0,1292.3161378821555,0,4554.8,0,1319.4382936660654,0,45.20947079658508,166523454.62617528,0,166523454.62617528,0,0,0
13.5,0,2011.7,0,784.5965141166882,0,2528.3,0,862.396023050654,0,20.85822825431824,166518488.9634855,0,166518488.9634855,0,0,0
5.5,0,112.2,0,118.42928571428573,0,240.6,0,60.44429983302784,0,81.97619292736053,0.008987808227539,0,0.008987808227539,0,0,0
13.5,0,195.0,0,353.92007057442044,0,3447.0,0,859.696566964042,0,80.62605166435242,166520620.233637,0,166520620.233637,0,0,0
13.5,0,116.1,0,122.26344346271205,0,230.0,0,65.056074234016,0,11.533663201332091,166523676.90876842,0,166523676.90876842,0,0,0
5.5,0,1514.0,0,1514.0,0,1514.0,0,0.0,0,0.6316690921783448,0.0030030965805053,0,0.0030030965805053,0,0,0
13.5,0,497.7,0,371.3967564496048,0,1639.4,0,422.35961888424026,0,9.12647728919983,166520003.813469,0,166520003.813469,0,0,0
5.5,0,534.9,0,160.6515476190476,0,720.6,0,208.02946408331164,0,15.962643194198607,0.0023896932601928,0,0.0023896932601928,0,0,0
5.5,0,123.3,0,115.16071428571428,0,285.7,0,77.68974910035124,0,22.263711833953856,0.0099306106567382,0,0.0099306106567382,0,0,0
13.5,0,75.5,0,84.33674069308745,0,353.0,0,72.57985181782172,0,21.471796536445616,166519587.53507403,0,166519587.53507403,0,0,0
5.5,0,88.3,0,91.35896825396826,0,142.1,0,27.5297252161122,0,67.37763080596923,0.0166059970855712,0,0.0166059970855712,0,0,0
5.5,0,790.0,0,352.06031746031744,0,936.0,0,392.1662990489016,0,14.981853604316711,0.0025118827819824,0,0.0025118827819824,0,0,0
13.5,0,186.1,0,144.4090873707476,0,414.0,0,104.97510942219894,0,64.37403995990753,166525511.1092475,0,166525511.1092475,0,0,0
5.5,0,1131.5,0,1234.7763095238097,0,1950.5,0,580.5706443749017,0,13.634840607643127,0.0103638887405395,0,0.0103638887405395,0,0,0
5.5,0,1078.0,0,730.0184126984127,0,1948.4,0,776.6744054699852,0,33.85346682071686,0.0002511978149414,0,0.0002511978149414,0,0,0
5.5,0,2093.2,0,2207.546031746032,0,2817.2,0,633.6431744899506,0,2.227075219154358,0.0005526065826416,0,0.0005526065826416,0,0,0
5.5,0,66.0,0,66.0,0,66.0,0,0.0,0,2.358593559265137,0.0006973981857299,0,0.0006973981857299,0,0,0
5.5,0,2665.4,0,2515.7677777777776,0,5851.0,0,1431.8188651621354,0,91.41563837528228,0.004170799255371,0,0.004170799255371,0,0,0
13.5,0,87.9,0,178.10622522730108,0,790.0,0,241.2192337491678,0,47.23138525485992,166519767.01417452,0,166519767.01417452,0,0,0
13.5,0,94.3,0,119.3180022621857,0,230.0,0,59.168787132722365,0,97.85628929138184,166519461.4593205,0,166519461.4593205,0,0,0
13.5,0,645.2,0,1019.991529089246,0,1514.0,0,669.8070774062782,0,7.706721067428589,166526337.2518492,0,166526337.2518492,0,0,0
13.5,0,1803.6,0,1463.446097586624,0,2093.2,0,439.2689965150556,0,1.2191456794738769,166519071.7931415,0,166519071.7931415,0,0,0
5.5,0,230.9,0,232.8055555555556,0,354.2,0,61.467551323071554,0,22.83860273361206,0.0137238025665283,0,0.0137238025665283,0,0,0
13.5,0,173.5,0,96.44494827240185,0,274.3,0,65.8706230565202,0,13.78860890865326,166522068.1737898,0,166522068.1737898,0,0,0
5.5,0,76.6,0,97.0470634920635,0,172.0,0,36.80331574622858,0,36.09795446395874,0.0006042003631591,0,0.0006042003631591,0,0,0
5.5,0,355.6,0,769.4292063492063,0,1514.0,0,526.0892935325135,0,1.6968976497650146,0.0013221979141235,0,0.0013221979141235,0,0,0
13.5,0,82.4,0,1051.3677854386756,0,2962.0,0,978.7333173826186,0,13.216341853141785,166523954.6423089,0,166523954.6423089,0,0,0
13.5,0,500.4,0,975.2406464248684,0,2962.0,0,1035.991111635033,0,92.03922367095949,166523946.2473231,0,166523946.2473231,0,0,0
13.5,0,1948.4,0,1161.872287509532,0,9043.6,0,2225.813954979598,0,2.0637940645217894,166521540.2440434,0,166521540.2440434,0,0,0
5.5,0,125.0,0,148.29555555555558,0,272.4,0,68.41572937535837,0,3.218110227584839,0.021363091468811,0,0.021363091468811,0,0,0
13.5,0,104.3,0,127.70734218224156,0,373.8,0,112.2729396123871,0,13.946092247962952,166518779.2588188,0,166518779.2588188,0,0,0
5.5,0,71.6,0,79.49984126984127,0,182.8,0,46.83369963872657,0,62.78955063819885,0.0142189025878906,0,0.0142189025878906,0,0,0
13.5,0,126.6,0,497.790007717171,0,2922.0,0,820.4480718120282,0,48.11895611286163,166519006.40453893,0,166519006.40453893,0,0,0
5.5,0,97.2,0,96.24079365079363,0,180.8,0,44.17943880421426,0,20.01563496589661,0.012372088432312,0,0.012372088432312,0,0,0
5.5,0,920.0,0,850.1065079365078,0,2578.8,0,1118.9986662103245,0,1.0542604684829713,0.0001421928405761,0,0.0001421928405761,0,0,0
5.5,0,1079.6,0,1010.6476190476192,0,1369.2,0,563.2281425740256,0,2.026637244224548,0.0017055988311767,0,0.0017055988311767,0,0,0
5.5,0,861.3,0,450.70408730158726,0,925.9,0,345.74014085450995,0,35.70172345638275,0.0119428873062133,0,0.0119428873062133,0,0,0
13.5,0,780.8,0,980.2657735608044,0,2858.0,0,950.2277351131004,0,0.5702097177505493,166517698.8803323,0,166517698.8803323,0,0,0
13.5,0,157.1,0,122.57984543878896,0,364.5,0,91.95563554051408,0,19.73181750774384,166525919.2678405,0,166525919.2678405,0,0,0
5.5,0,1094.4,0,986.9649206349206,0,1514.0,0,598.8167584654035,0,20.8543794631958,0.0027010917663574,0,0.0027010917663574,0,0,0
5.5,0,66.0,0,66.0,0,66.0,0,0.0,0,3.994282197952271,2.09808349609375e-06,0,2.09808349609375e-06,0,0,0
5.5,0,79.2,0,77.44535714285715,0,129.0,0,22.32973515069414,0,7.540718126296997,0.0124122142791748,0,0.0124122142791748,0,0,0
13.5,0,914.8,0,903.7048140095196,0,1462.0,0,671.6346383492398,0,0.7485197067260743,166520193.5320627,0,166520193.5320627,0,0,0
5.5,0,87.2,0,92.71333333333334,0,147.0,0,35.64372224622072,0,14.390290307998658,0.0357460021972656,0,0.0357460021972656,0,0,0
13.5,0,71.4,0,106.78072902501694,0,262.0,0,72.33877327185243,0,105.00752687454224,166516576.6310299,0,166516576.6310299,0,0,0
13.5,0,1084.0,0,286.96862545821915,0,1488.4,0,415.2843627888325,0,13.526420712471008,166525148.6426483,0,166525148.6426483,0,0,0
13.5,0,71.2,0,75.28881828010311,0,230.0,0,44.998357295773154,0,12.9976637840271,166518774.8564564,0,166518774.8564564,0,0,0
13.5,0,223.2,0,172.67909367464318,0,583.0,0,161.16809320514722,0,36.915921974182126,166520706.97836608,0,166520706.97836608,0,0,0
13.5,0,974.8,0,410.5154848685887,0,2994.8,0,758.4659023016058,0,78.91365072727203,166523910.813143,0,166523910.813143,0,0,0
5.5,0,1417.7,0,1493.67,0,1514.0,0,59.15417023478424,0,19.823076295852665,0.0003146886825561,0,0.0003146886825561,0,0,0
13.5,0,78.9,0,66.64500000000001,0,78.9,0,2.8114898185837345,0,57.85058555603028,166523526.109184,0,166523526.109184,0,0,0
13.5,0,104.4,0,102.91540290935411,0,230.0,0,51.49452722950607,0,21.584344720840456,166519218.68118688,0,166519218.68118688,0,0,0
5.5,0,76.1,0,70.79285714285714,0,85.8,0,7.343525229199659,0,10.679901003837584,0.0013756036758422,0,0.0013756036758422,0,0,0
13.5,0,87.6,0,127.10268081333872,0,441.0,0,107.89528903781282,0,67.26739687919617,166516512.48370498,0,166516512.48370498,0,0,0
5.5,0,66.0,0,66.0,0,66.0,0,0.0,0,40.16952860355377,0.0005038022994995,0,0.0005038022994995,0,0,0
5.5,0,80.8,0,70.97444444444444,0,110.4,0,13.985831197274337,0,61.15164980888367,0.0058114767074584,0,0.0058114767074584,0,0,0
5.5,0,499.8,0,817.8107142857143,0,1514.0,0,550.1857856306964,0,0.9678284645080566,0.0005005121231079,0,0.0005005121231079,0,0,0
5.5,0,1708.0,0,1109.4202777777778,0,2435.1,0,881.707520616858,0,2.569907879829407,0.0025782823562622,0,0.0025782823562622,0,0,0
5.5,0,1378.2,0,842.411507936508,0,1378.2,0,535.0356102623397,0,26.49768030643463,0.0033736944198608,0,0.0033736944198608,0,0,0
13.5,0,804.8,0,1291.4617708950834,0,2527.6,0,642.4974600959861,0,89.22258632183075,166524922.8942068,0,166524922.8942068,0,0,0
13.5,0,1054.4,0,747.4153134498799,0,2299.6,0,766.8898371497442,0,0.1023905515670776,166520193.3869906,0,166520193.3869906,0,0,0
5.5,0,90.2,0,74.7838888888889,0,125.8,0,20.627002528584875,0,6.26630208492279,0.0162612915039062,0,0.0162612915039062,0,0,0
13.5,0,66.0,0,73.08897687365953,0,172.0,0,26.340751641741548,0,2.774521803855896,166525715.66167158,0,166525715.66167158,0,0,0
5.5,0,66.0,0,66.0,0,66.0,0,0.0,0,0.5647739171981812,3.504753112792969e-06,0,3.504753112792969e-06,0,0,0
13.5,0,1079.2,0,293.2629596770618,0,1081.2,0,406.5560398207066,0,17.577672600746155,166525432.0611822,0,166525432.0611822,0,0,0
5.5,0,66.0,0,66.0,0,66.0,0,0.0,0,14.411424279212952,0.0003171920776367,0,0.0003171920776367,0,0,0
5.5,0,833.4,0,357.9557142857143,0,1286.8,0,457.1413398713997,0,3.897266697883606,0.027277398109436,0,0.027277398109436,0,0,0
5.5,0,547.6,0,186.79,0,585.4,0,164.86850955439928,0,18.727053618431093,0.0115190982818603,0,0.0115190982818603,0,0,0
13.5,0,1088.6,0,649.3224264942144,0,4410.0,0,1182.3402882155724,0,54.60385699272156,166519059.7359328,0,166519059.7359328,0,0,0
5.5,0,364.6,0,782.2899206349206,0,1514.0,0,515.11001700782,0,21.24012894630432,0.0061623096466064,0,0.0061623096466064,0,0,0
13.5,0,1230.6,0,403.4554673895076,0,1536.4,0,512.5653714359559,0,63.98713307380676,166521181.0548971,0,166521181.0548971,0,0,0
13.5,0,846.5,0,1773.3739864203562,0,7306.0,0,2234.974577911599,0,22.88284811973572,166523589.5479553,0,166523589.5479553,0,0,0
5.5,0,624.4,0,519.4230158730159,0,2020.4,0,726.261988078883,0,0.3920960664749146,9.059906005859376e-05,0,9.059906005859376e-05,0,0,0
13.5,0,66.0,0,588.644851581597,0,5858.0,0,1481.6391317835007,0,6.221357536315918,166517894.9570641,0,166517894.9570641,0,0,0
13.5,0,76.1,0,97.24802629946592,0,441.0,0,93.71370360411844,0,24.8898933172226,166518532.512878,0,166518532.512878,0,0,0
13.5,0,1281.3,0,1307.2194430182822,0,5858.0,0,1590.0770227794949,0,57.87750144004822,166524301.09084648,0,166524301.09084648,0,0,0
13.5,0,686.9,0,258.009204625354,0,1674.9,0,425.89710955254776,0,15.108337807655335,166523897.7948298,0,166523897.7948298,0,0,0
13.5,0,458.9,0,279.7004899009659,0,2898.8,0,683.6108061041796,0,17.10241816043854,166524416.0889498,0,166524416.0889498,0,0,0
13.5,0,1374.5,0,1150.901492169681,0,4410.0,0,1302.499753551499,0,13.330171251296996,166520451.08877867,0,166520451.08877867,0,0,0
5.5,0,1283.0,0,1759.0310317460317,0,3034.2,0,774.0649517112231,0,22.2389328956604,0.0060088157653808,0,0.0060088157653808,0,0,0
13.5,0,500.4,0,1189.663250763684,0,1514.0,0,566.5442349032979,0,1.7752068758010864,166524184.09700078,0,166524184.09700078,0,0,0
13.5,0,1658.8,0,1475.2026920138685,0,2962.0,0,596.4284142177748,0,1.182239007949829,166523336.0606317,0,166523336.0606317,0,0,0
5.5,0,229.8,0,190.47833333333327,0,681.9,0,206.26001411207503,0,26.76847536563873,0.0056386947631835,0,0.0056386947631835,0,0,0
5.5,0,97.5,0,108.60416666666669,0,213.6,0,58.083625666419664,0,12.156275963783264,0.0059520006179809,0,0.0059520006179809,0,0,0
5.5,0,133.6,0,152.72952380952378,0,403.5,0,129.3781672387014,0,15.283541488647462,0.011868405342102,0,0.011868405342102,0,0,0
13.5,0,272.5,0,450.80212642190975,0,3717.0,0,942.417145839526,0,21.84905779361725,166522998.70803627,0,166522998.70803627,0,0,0
13.5,0,645.2,0,134.44706390616608,0,940.4,0,212.2570555144664,0,24.568736505508426,166525728.14437127,0,166525728.14437127,0,0,0
13.5,0,1233.4,0,344.3125379526734,0,1334.2,0,443.9153779765758,0,51.73244960308075,166524731.66101402,0,166524731.66101402,0,0,0
5.5,0,370.4,0,169.6826984126984,0,645.2,0,217.13860133733752,0,29.29654142856598,0.0014282941818237,0,0.0014282941818237,0,0,0
13.5,0,127.3,0,111.69455986909549,0,230.0,0,59.50814387251906,0,64.09195046424865,166516407.8768567,0,166516407.8768567,0,0,0
13.5,0,142.3,0,88.7252827659097,0,393.8,0,81.07232103439146,0,18.087192583084107,166519656.30031782,0,166519656.30031782,0,0,0
13.5,0,1658.8,0,1132.8175690357116,0,2962.0,0,836.1721408740768,0,28.73528697490692,166526253.2336724,0,166526253.2336724,0,0,0
13.5,0,1378.2,0,885.0387258381454,0,2962.0,0,951.9314077650172,0,20.186299276351928,166522227.0905417,0,166522227.0905417,0,0,0
5.5,0,938.4,0,597.1360317460317,0,1952.0,0,708.2580926972189,0,10.575039553642274,0.002023696899414,0,0.002023696899414,0,0,0
5.5,0,100.8,0,100.03809523809522,0,190.6,0,55.4211437885514,0,33.77941977977753,0.0009143114089965,0,0.0009143114089965,0,0,0
13.5,0,557.8,0,336.69814136499895,0,1472.4,0,441.20946476565695,0,31.13291594982148,166517529.56168202,0,166517529.56168202,0,0,0
13.5,0,122.6,0,290.5878346339763,0,1514.0,0,477.82520619692207,0,85.50527400970459,166523378.4686808,0,166523378.4686808,0,0,0
5.5,0,95.7,0,77.25059523809524,0,143.8,0,32.69475436076751,0,64.95111372470856,0.0084948062896728,0,0.0084948062896728,0,0,0
13.5,0,77.6,0,86.80981574969579,0,305.0,0,70.13921871173505,0,36.19683659076691,166522728.82141238,0,166522728.82141238,0,0,0
5.5,0,225.3,0,163.3317857142857,0,472.2,0,134.84427997960597,0,11.123762083053588,0.018123984336853,0,0.018123984336853,0,0,0
5.5,0,262.6,0,550.6918253968254,0,1514.0,0,476.691214627069,0,14.385368061065671,0.009460711479187,0,0.009460711479187,0,0,0
5.5,0,66.0,0,66.0,0,66.0,0,0.0,0,14.690181064605714,0.0009384870529174,0,0.0009384870529174,0,0,0
13.5,0,240.8,0,98.01038565493674,0,350.0,0,78.10690504169779,0,52.88314595222473,166521238.3952997,0,166521238.3952997,0,0,0
13.5,0,117.2,0,108.49747757574384,0,246.0,0,61.56274058993034,0,135.8764652490616,166516369.9642302,0,166516369.9642302,0,0,0
5.5,0,66.0,0,66.0,0,66.0,0,0.0,0,0.5889840364456177,0.0013035058975219,0,0.0013035058975219,0,0,0
5.5,0,420.5,0,886.4192460317461,0,1950.5,0,630.0537963340319,0,89.16946969032287,0.0092044115066528,0,0.0092044115066528,0,0,0
5.5,0,1514.0,0,1514.0,0,1514.0,0,0.0,0,19.13938598632813,0.0026732921600341,0,0.0026732921600341,0,0,0
5.5,0,218.6,0,85.02928571428572,0,248.4,0,57.29408476866477,0,18.10784571170807,0.015430998802185,0,0.015430998802185,0,0,0
13.5,0,111.4,0,87.01467581996607,0,177.8,0,40.65793804915596,0,110.33266832828522,166523309.9673151,0,166523309.9673151,0,0,0
5.5,0,1156.1,0,1582.9072222222223,0,2962.0,0,868.9757267661593,0,5.096058583259582,0.0031431913375854,0,0.0031431913375854,0,0,0
5.5,0,132.0,0,153.21646825396823,0,330.3,0,93.83401765078108,0,151.21770250797272,0.0150496959686279,0,0.0150496959686279,0,0,0
13.5,0,2382.8,0,913.91500705349,0,3106.8,0,985.5797803062238,0,2.1157378911972047,166521217.1753853,0,166521217.1753853,0,0,0
13.5,0,133.0,0,102.8474389194397,0,230.0,0,53.50437600568644,0,76.7423734664917,166518508.1103664,0,166518508.1103664,0,0,0
13.5,0,82.4,0,97.92766441204137,0,265.0,0,61.7937840818276,0,46.99071629047394,166524191.8409403,0,166524191.8409403,0,0,0
5.5,0,66.0,0,66.0,0,66.0,0,0.0,0,19.679638862609863,0.0012494087219238,0,0.0012494087219238,0,0,0
5.5,0,97.4,0,98.90785714285714,0,151.8,0,38.30503568472599,0,20.93422703742981,0.0094107866287231,0,0.0094107866287231,0,0,0
5.5,0,769.8,0,496.8380952380952,0,1838.8,0,607.1541854321027,0,0.8157525300979614,0.0238737106323242,0,0.0238737106323242,0,0,0
5.5,0,88.2,0,79.76055555555556,0,167.6,0,42.450868063863,0,194.7320527791977,0.0148821115493774,0,0.0148821115493774,0,0,0
5.5,0,1803.6,0,1986.783492063492,0,2962.0,0,546.73218185662,0,0.0255372047424316,0.000274109840393,0,0.000274109840393,0,0,0
13.5,0,1378.2,0,1069.810220031946,0,13098.0,0,3221.67536638972,0,1.6875702381134032,166525004.24627453,0,166525004.24627453,0,0,0
13.5,0,1462.0,0,1040.5510395229126,0,2858.0,0,851.1914288356513,0,0.0784552097320556,166520193.0480512,0,166520193.0480512,0,0,0
13.5,0,1224.4,0,1785.6902247833864,0,2962.0,0,606.4899529325987,0,1.9080955982208248,166525151.7184049,0,166525151.7184049,0,0,0
13.5,0,160.9,0,910.7299268073688,0,1514.0,0,652.991507837696,0,6.703213334083557,166518252.2040356,0,166518252.2040356,0,0,0
13.5,0,1043.2,0,1356.249927382559,0,2858.0,0,1074.6648903947066,0,0.6870464563369751,166517698.0360586,0,166517698.0360586,0,0,0
5.5,0,1073.5,0,1381.292817460317,0,1999.0,0,451.2365522844393,0,26.325482749938963,0.0100957155227661,0,0.0100957155227661,0,0,0
5.5,0,66.0,0,66.0,0,66.0,0,0.0,0,1.9088499784469604,0.0019411087036132,0,0.0019411087036132,0,0,0
5.5,0,74.4,0,75.51333333333334,0,103.8,0,15.85825389363124,0,2.286804962158203,0.0006117820739746,0,0.0006117820739746,0,0,0
13.5,0,1514.0,0,1146.9322858771775,0,4410.0,0,1219.8378247354017,0,28.603133893013,166519610.8723593,0,166519610.8723593,0,0,0
13.5,0,305.4,0,188.9401454634117,0,1242.4,0,308.5227508076232,0,5.5405846118927,166524688.5674056,0,166524688.5674056,0,0,0
13.5,0,194.5,0,127.12758419899674,0,913.2,0,203.2267348021188,0,1.2905108690261842,166526201.6670723,0,166526201.6670723,0,0,0
5.5,0,355.6,0,111.04888888888892,0,355.6,0,103.42624974036092,0,6.531338262557983,0.0009546995162963,0,0.0009546995162963,0,0,0
13.5,0,1079.6,0,984.8029543933876,0,1514.0,0,693.7134596246921,0,2.096457600593567,166522084.6274527,0,166522084.6274527,0,0,0
13.5,0,128.6,0,148.476078636276,0,883.0,0,201.0758976994433,0,36.07865951061249,166525029.48618522,0,166525029.48618522,0,0,0
5.5,0,77.5,0,75.24027777777778,0,128.1,0,25.162092389041987,0,57.96724405288696,0.0250267028808593,0,0.0250267028808593,0,0,0
5.5,0,1128.1,0,1945.8238492063488,0,4556.9,0,1450.519425526807,0,17.889298057556154,0.0076756954193115,0,0.0076756954193115,0,0,0
5.5,0,531.4,0,988.956111111111,0,1514.0,0,440.2649802842428,0,26.49954731464386,0.024251389503479,0,0.024251389503479,0,0,0
13.5,0,68.8,0,210.66150022621,0,1514.0,0,393.93048496085794,0,8.327540040016174,166524810.0756082,0,166524810.0756082,0,0,0
13.5,0,125.8,0,113.79812272050276,0,423.1,0,96.10833521937656,0,28.06511676311493,166517749.66093048,0,166517749.66093048,0,0,0
5.5,0,1725.7,0,3536.235277777777,0,8756.1,0,2729.219775297789,0,32.69876263141632,0.0056112051010131,0,0.0056112051010131,0,0,0
5.5,0,167.7,0,177.81980158730158,0,357.0,0,107.30419753062456,0,5.510802102088928,0.0032582998275756,0,0.0032582998275756,0,0,0
5.5,0,66.0,0,66.0,0,66.0,0,0.0,0,20.964871740341188,0.0013607025146484,0,0.0013607025146484,0,0,0
5.5,0,382.1,0,567.4209126984127,0,1514.0,0,522.966903572169,0,35.31343772411346,0.0104947090148925,0,0.0104947090148925,0,0,0
5.5,0,916.8,0,1105.755873015873,0,2397.6,0,754.3556690578449,0,77.03620948791504,0.0069741010665893,0,0.0069741010665893,0,0,0
5.5,0,345.2,0,246.2612698412698,0,1462.0,0,465.5921601388195,0,0.9856452465057371,0.0001808881759643,0,0.0001808881759643,0,0,0
5.5,0,1067.6,0,1100.99,0,1496.0,0,539.1144893071707,0,5.69689450263977,0.006471300125122,0,0.006471300125122,0,0,0
5.5,0,63.6,0,65.39333333333335,0,66.0,0,1.3101584034344202,0,47.9205857038498,0.0090015888214111,0,0.0090015888214111,0,0,0
5.5,0,90.8,0,114.80841269841272,0,230.0,0,57.42208855110472,0,11.413578367233276,0.0113013982772827,0,0.0113013982772827,0,0,0
13.5,0,66.0,0,112.47961252069224,0,529.0,0,118.376659528981,0,2.6045506238937377,166519241.39911598,0,166519241.39911598,0,0,0
13.5,0,2527.6,0,1955.3421557832432,0,6871.6,0,1441.8665699362125,0,25.316034269332885,166525995.5014382,0,166525995.5014382,0,0,0
13.5,0,1803.6,0,1614.2529549363603,0,3830.8,0,732.973072516803,0,19.786703610420226,166524840.1211691,0,166524840.1211691,0,0,0
13.5,0,267.3,0,1048.5685421969672,0,4410.0,0,1340.896281416897,0,54.44472277164459,166517775.7660333,0,166517775.7660333,0,0,0
13.5,0,1514.0,0,1523.9535336283943,0,7306.0,0,1745.9028543798,0,30.4326870918274,166518993.3531008,0,166518993.3531008,0,0,0
13.5,0,3208.7,0,1997.1820993097888,0,9579.9,0,2975.879373122541,0,0.1032610654830932,166522686.58697802,0,166522686.58697802,0,0,0
13.5,0,1232.8,0,1239.6232825198535,0,2817.2,0,743.6231161722371,0,17.520412969589234,166518818.2451749,0,166518818.2451749,0,0,0
5.5,0,75.0,0,75.8607142857143,0,129.0,0,22.50545758798045,0,7.088560914993286,0.0005921125411987,0,0.0005921125411987,0,0,0
13.5,0,152.9,0,305.51124628295685,0,1009.0,0,255.51422316040905,0,112.60582485198977,166516930.7448917,0,166516930.7448917,0,0,0
13.5,0,1431.4,0,1112.5644388222715,0,2962.0,0,905.0709972577918,0,1.4537758111953736,166521952.2420373,0,166521952.2420373,0,0,0
13.5,0,1916.5,0,1322.4922621345802,0,7306.0,0,1842.167830823632,0,54.942008423805234,166524784.4421632,0,166524784.4421632,0,0,0
13.5,0,1514.0,0,1888.6009752167336,0,5858.0,0,2098.41488628368,0,1.977499914169312,166518476.660306,0,166518476.660306,0,0,0
5.5,0,102.9,0,95.7820238095238,0,218.3,0,51.149909313565935,0,0.4253006935119628,0.0145296096801757,0,0.0145296096801757,0,0,0
13.5,0,178.6,0,187.5526613462217,0,441.0,0,133.78045912785257,0,67.73999388217926,166517123.9119565,0,166517123.9119565,0,0,0
13.5,0,101.2,0,93.31802381313216,0,186.7,0,46.85288389258597,0,105.19263501167298,166517789.24516016,0,166517789.24516016,0,0,0
13.5,0,1133.9,0,1594.50971995282,0,2962.0,0,954.4675637437048,0,15.693787360191346,166520802.3106702,0,166520802.3106702,0,0,0
13.5,0,920.4,0,918.3656124044516,0,2578.8,0,842.8346000762037,0,0.4656784296035766,166517698.18118063,0,166517698.18118063,0,0,0
5.5,0,960.3,0,1425.616587301587,0,2527.6,0,575.2630811201686,0,52.65300030708313,0.0110181808471679,0,0.0110181808471679,0,0,0
5.5,0,221.5,0,178.0702777777778,0,458.6,0,121.65931650743308,0,115.014728474617,0.0096883058547973,0,0.0096883058547973,0,0,0
13.5,0,66.0,0,194.4709865499997,0,1514.0,0,354.43639787975815,0,14.088192629814149,166518858.11780182,0,166518858.11780182,0,0,0
13.5,0,355.6,0,96.59444945190688,0,427.6,0,94.86251554176847,0,38.440960955619815,166519726.8792861,0,166519726.8792861,0,0,0
5.5,0,120.3,0,226.8394047619048,0,612.0,0,189.3179258414131,0,4.148953056335449,0.0064170122146606,0,0.0064170122146606,0,0,0
13.5,0,1658.8,0,1694.5125619959676,0,2962.0,0,475.65225666267526,0,43.27573778629303,166524096.3358921,0,166524096.3358921,0,0,0
13.5,0,1190.5,0,988.7259376824586,0,1514.0,0,669.1228853801296,0,5.390852093696594,166524878.8965622,0,166524878.8965622,0,0,0
5.5,0,1241.2,0,844.9774603174603,0,1241.2,0,502.8975706152909,0,29.23161506652832,0.0077055931091308,0,0.0077055931091308,0,0,0
13.5,0,355.6,0,1073.0441359328663,0,5858.0,0,1629.2160780521365,0,10.415311527252197,166524972.86499292,0,166524972.86499292,0,0,0
13.5,0,291.3,0,1094.2360323822206,0,2962.0,0,1032.389237059116,0,17.76393792629242,166520859.8828162,0,166520859.8828162,0,0,0
5.5,0,1216.0,0,1567.0893650793648,0,4842.8,0,1679.850669728122,0,20.701752686500548,0.0074855089187622,0,0.0074855089187622,0,0,0
13.5,0,176.7,0,1299.8884235870769,0,4410.0,0,1167.2628109273078,0,44.04626526832581,166519726.41826826,0,166519726.41826826,0,0,0
13.5,0,557.9,0,1228.804511461621,0,2962.0,0,786.6996451840319,0,44.45901968479156,166524929.6268141,0,166524929.6268141,0,0,0
13.5,0,356.8,0,1214.9546808763992,0,1514.0,0,485.0415299143953,0,51.12726104259491,166523400.32728902,0,166523400.32728902,0,0,0
13.5,0,89.4,0,104.52182577828088,0,176.0,0,48.33450338727495,0,4.528885340690612,166526189.870507,0,166526189.870507,0,0,0
5.5,0,61.5,0,57.40492063492064,0,72.0,0,7.84676184724479,0,42.66809542179108,0.0101845979690551,0,0.0101845979690551,0,0,0
5.5,0,1369.2,0,1557.2101587301588,0,2382.8,0,394.9679636257737,0,43.64252827167511,0.0038103818893432,0,0.0038103818893432,0,0,0
5.5,0,805.1,0,325.0821825396825,0,1141.4,0,362.6027077126287,0,42.42049760818482,0.0078272104263305,0,0.0078272104263305,0,0,0
13.5,0,101.8,0,1058.0235796169777,0,1628.0,0,633.2930293003883,0,14.63277187347412,166519655.274994,0,166519655.274994,0,0,0
5.5,0,1666.4,0,1917.679523809524,0,5423.6,0,1641.1237013305197,0,14.061404013633728,0.0014129877090454,0,0.0014129877090454,0,0,0
5.5,0,1658.8,0,1793.3146031746032,0,2817.2,0,502.7471811371603,0,28.73553805351257,0.003173279762268,0,0.003173279762268,0,0,0
5.5,0,102.7,0,89.0370634920635,0,161.2,0,37.01180769178559,0,46.17162108421326,0.0251201152801513,0,0.0251201152801513,0,0,0
5.5,0,1142.9,0,1366.5659126984128,0,1514.0,0,287.1271758583157,0,14.603559350967409,0.0032401084899902,0,0.0032401084899902,0,0,0
13.5,0,355.6,0,383.8317671157532,0,4410.0,0,1088.1666166898324,0,51.73967282772064,166526352.7178214,0,166526352.7178214,0,0,0
5.5,0,70.6,0,66.97111111111111,0,75.2,0,2.8256405304258303,0,14.451290225982666,0.0073735952377319,0,0.0073735952377319,0,0,0
13.5,0,1079.6,0,293.49865005651384,0,1079.6,0,405.6819922479149,0,55.20465598106384,166524651.9720681,0,166524651.9720681,0,0,0
13.5,0,3416.4,0,1103.8360813799204,0,5650.0,0,1690.5281573120642,0,0.2359682321548462,166520194.90157682,0,166520194.90157682,0,0,0
5.5,0,217.6,0,179.75869047619045,0,303.0,0,100.5211074127162,0,119.6624268770218,0.0303393840789794,0,0.0303393840789794,0,0,0
5.5,0,1803.6,0,1721.3168253968252,0,2527.6,0,406.0728072460785,0,10.381752991676333,0.0011495113372802,0,0.0011495113372802,0,0,0
5.5,0,81.2,0,73.33531746031747,0,119.6,0,23.53275206847381,0,37.87015326023102,0.0183708906173706,0,0.0183708906173706,0,0,0
5.5,0,2162.8,0,1423.0182539682542,0,2935.4,0,1118.2149740201403,0,0.7577086448669433,0.0022830009460449,0,0.0022830009460449,0,0,0
5.5,0,359.2,0,116.83047619047618,0,375.8,0,110.16295809966168,0,21.41386497020721,0.0232734203338623,0,0.0232734203338623,0,0,0
5.5,0,139.9,0,144.6352777777778,0,311.7,0,104.68866238300188,0,65.35386283397675,0.0083039045333862,0,0.0083039045333862,0,0,0
5.5,0,778.0,0,802.8085714285714,0,1462.0,0,607.009102535879,0,0.3816559314727783,5.598068237304688e-05,0,5.598068237304688e-05,0,0,0
5.5,0,883.7,0,559.8916269841269,0,1099.0,0,440.9132202286487,0,8.692018151283264,0.0034346103668212,0,0.0034346103668212,0,0,0
5.5,0,1079.6,0,897.2209523809522,0,2093.2,0,761.0369763570054,0,1.906808114051819,0.0002348899841308,0,0.0002348899841308,0,0,0
5.5,0,1251.7,0,1471.6811111111112,0,1514.0,0,98.32022611025756,0,1.5601194858551026,0.0015492916107177,0,0.0015492916107177,0,0,0
5.5,0,355.6,0,520.683492063492,0,1514.0,0,531.9200413528956,0,41.68649871349335,0.0012733936309814,0,0.0012733936309814,0,0,0
13.5,0,1880.8,0,1367.8859094826742,0,3416.4,0,1423.5940573136534,0,0.996965789794922,166517699.41351658,0,166517699.41351658,0,0,0
5.5,0,66.0,0,66.0,0,66.0,0,0.0,0,0.1912158012390136,0.0015105962753295,0,0.0015105962753295,0,0,0
5.5,0,94.3,0,99.24813492063493,0,196.0,0,51.24059738273809,0,54.465311193466185,0.0125614881515502,0,0.0125614881515502,0,0,0
13.5,0,89.8,0,126.34270436735603,0,230.0,0,68.29989421687569,0,26.87829463481903,166525692.0873251,0,166525692.0873251,0,0,0
13.5,0,645.2,0,336.1058922020532,0,1514.0,0,555.3542162945336,0,1.4953773736953735,166519274.90016502,0,166519274.90016502,0,0,0
5.5,0,649.0,0,1358.614761904762,0,2954.0,0,868.3696739379668,0,25.995227003097533,0.0080842971801757,0,0.0080842971801757,0,0,0
5.5,0,189.4,0,194.7006349206349,0,619.6,0,201.91105125043285,0,6.186291790008545,0.0521713972091674,0,0.0521713972091674,0,0,0
13.5,0,1529.8,0,1528.2291842694628,0,4265.2,0,1192.213818961484,0,25.30317845344544,166521011.429386,0,166521011.429386,0,0,0
5.5,0,545.1,0,394.1874206349206,0,1077.2,0,456.103595658406,0,57.15799601078034,0.006737208366394,0,0.006737208366394,0,0,0
5.5,0,1418.8,0,1378.2176190476189,0,1658.8,0,305.19937914002816,0,29.898317527770995,0.0036322832107543,0,0.0036322832107543,0,0,0
13.5,0,1382.3,0,1470.6681306979913,0,2962.0,0,960.0952099529052,0,41.47498171329498,166524426.9501845,0,166524426.9501845,0,0,0
5.5,0,66.0,0,66.0,0,66.0,0,0.0,0,10.04997236728668,0.0001219987869262,0,0.0001219987869262,0,0,0
13.5,0,77.0,0,169.52747302147458,0,1198.0,0,276.5644107118948,0,45.95882518291474,166519676.8925665,0,166519676.8925665,0,0,0
13.5,0,961.6,0,524.2395804500796,0,4410.0,0,1174.954652914787,0,79.18143923282624,166525438.0070328,0,166525438.0070328,0,0,0
5.5,0,120.6,0,156.240873015873,0,204.4,0,44.774630615547366,0,28.9423986196518,0.0089046001434326,0,0.0089046001434326,0,0,0
5.5,0,2836.4,0,3553.5349603174604,0,5568.4,0,1414.5833007792385,0,39.6563601732254,0.0018859148025512,0,0.0018859148025512,0,0,0
13.5,0,1086.8,0,1256.9091725397066,0,2962.0,0,916.9829189676196,0,89.32475173473358,166520205.1602151,0,166520205.1602151,0,0,0
13.5,0,66.0,0,84.05682788573655,0,336.0,0,67.09436738934167,0,0.0959896802902221,166523723.9808192,0,166523723.9808192,0,0,0
13.5,0,579.7,0,368.3932192317487,0,2962.0,0,744.0410377517998,0,17.835053730010987,166524606.9960881,0,166524606.9960881,0,0,0
5.5,0,1658.8,0,1528.48,0,1658.8,0,43.440000000000005,0,4.057231616973877,0.0008860111236572,0,0.0008860111236572,0,0,0
13.5,0,1682.6,0,646.8801600566616,0,4120.4,0,1022.1780799952396,0,54.32682526111603,166520051.7745351,0,166520051.7745351,0,0,0
5.5,0,126.0,0,139.48353174603173,0,237.4,0,58.48170949039479,0,23.300918316841127,0.0259962081909179,0,0.0259962081909179,0,0,0
5.5,0,80.0,0,81.29936507936507,0,102.2,0,14.010088698965722,0,1.906916046142578,0.0077933073043823,0,0.0077933073043823,0,0,0
5.5,0,799.4,0,946.8853174603177,0,1514.0,0,618.674277058568,0,1.3539912462234498,0.0081629991531372,0,0.0081629991531372,0,0,0
5.5,0,99.5,0,95.74496031746033,0,135.3,0,22.36235993081793,0,13.702460384368896,0.0104958057403564,0,0.0104958057403564,0,0,0
5.5,0,1369.2,0,1591.3990476190477,0,2382.8,0,356.67787857011365,0,54.81513760089874,0.0003813028335571,0,0.0003813028335571,0,0,0
5.5,0,475.5,0,681.7611507936508,0,1369.2,0,583.4584078529762,0,37.56441540718079,0.0172322988510131,0,0.0172322988510131,0,0,0
5.5,0,115.4,0,103.65186507936508,0,168.1,0,42.95014963596794,0,403.32120962142943,0.0132397890090942,0,0.0132397890090942,0,0,0
13.5,0,1224.0,0,1014.177863586362,0,1514.0,0,687.7826440120855,0,50.2989976644516,166524669.26174492,0,166524669.26174492,0,0,0
13.5,0,502.0,0,1081.6021917745138,0,2962.0,0,976.8078161631564,0,7.569676971435546,166525951.3477056,0,166525951.3477056,0,0,0
13.5,0,356.7,0,2154.052851268958,0,14546.0,0,3760.934230482355,0,39.88595871925354,166520686.27036148,0,166520686.27036148,0,0,0
13.5,0,4029.8,0,2137.811024279728,0,16766.5,0,4514.897201294538,0,51.11360604763031,166521130.47210282,0,166521130.47210282,0,0,0
13.5,0,1514.0,0,873.0574302683899,0,2672.4,0,936.168748598816,0,1.2774805068969726,166525606.51763642,0,166525606.51763642,0,0,0
13.5,0,75.0,0,1645.169914318138,0,11650.0,0,2937.2769419880524,0,34.948619151115416,166519255.1077966,0,166519255.1077966,0,0,0
5.5,0,68.8,0,56.293214285714285,0,83.3,0,10.802911363416069,0,75.29903535842895,0.0104423999786376,0,0.0104423999786376,0,0,0
13.5,0,143.0,0,94.93519701059174,0,491.0,0,100.28862469304867,0,37.47635998725891,166520972.873983,0,166520972.873983,0,0,0
5.5,0,1562.5,0,1524.2388888888888,0,1611.0,0,29.79207950557669,0,48.57884891033173,0.0014580011367797,0,0.0014580011367797,0,0,0
5.5,0,1658.8,0,1583.3546031746032,0,2093.2,0,187.50379343563063,0,12.04299774169922,0.0032567024230957,0,0.0032567024230957,0,0,0
5.5,0,2301.9,0,2720.9286904761902,0,9093.5,0,3084.081054621284,0,45.19804081916809,0.0067034006118774,0,0.0067034006118774,0,0,0
5.5,0,527.4,0,200.24992063492064,0,563.4,0,196.56907595343927,0,67.36902551651,0.0243162870407104,0,0.0243162870407104,0,0,0
13.5,0,67.8,0,78.77126602843322,0,230.0,0,45.01408743031345,0,32.35898759365082,166523284.808464,0,166523284.808464,0,0,0
5.5,0,122.0,0,119.7121031746032,0,183.3,0,43.14934482383679,0,80.15072691440582,0.012515902519226,0,0.012515902519226,0,0,0
13.5,0,358.2,0,1020.7409365548452,0,1514.0,0,663.6244467104002,0,21.775552415847777,166526152.1598808,0,166526152.1598808,0,0,0
5.5,0,1803.6,0,676.0561904761904,0,1803.6,0,656.6150786994183,0,20.28686618804932,0.004248023033142,0,0.004248023033142,0,0,0
13.5,0,117.0,0,107.41048290117176,0,224.2,0,46.751919983052304,0,44.6210521697998,166521684.8883556,0,166521684.8883556,0,0,0
5.5,0,63.6,0,62.30380952380953,0,65.2,0,4.55964866668609,0,26.22720324993133,0.0038346052169799,0,0.0038346052169799,0,0,0
13.5,0,76.4,0,763.9551264636636,0,1514.0,0,692.2403058149769,0,4.76103036403656,166519360.5010988,0,166519360.5010988,0,0,0
13.5,0,67.9,0,90.55078763685574,0,317.0,0,65.71862036244008,0,36.711500668525694,166518435.0873728,0,166518435.0873728,0,0,0
13.5,0,82.5,0,69.35113645728197,0,106.5,0,9.709632252969184,0,12.007099413871764,166525973.74431208,0,166525973.74431208,0,0,0
13.5,0,103.6,0,623.9121340651952,0,1514.0,0,666.8394094823519,0,15.37376630306244,166524309.57884988,0,166524309.57884988,0,0,0
5.5,0,701.1,0,851.423134920635,0,1442.4,0,619.9558443852592,0,25.32080421447754,0.002489686012268,0,0.002489686012268,0,0,0
5.5,0,158.8,0,143.36242063492062,0,301.6,0,94.43928231505484,0,30.74213578701019,0.0096885919570922,0,0.0096885919570922,0,0,0
5.5,0,1369.2,0,1583.124761904762,0,2238.0,0,404.0756299326287,0,25.38657615184784,0.0033620119094848,0,0.0033620119094848,0,0,0
5.5,0,1514.0,0,1514.0,0,1514.0,0,0.0,0,6.683185648918152,0.0010129928588867,0,0.0010129928588867,0,0,0
13.5,0,1385.2,0,1692.531382643844,0,4410.0,0,864.9609211797675,0,47.24083058834076,166520952.5083594,0,166520952.5083594,0,0,0
13.5,0,216.8,0,928.7685494532128,0,2962.0,0,1035.5955956467835,0,63.33379082679748,166518984.3106982,0,166518984.3106982,0,0,0
13.5,0,66.0,0,89.94201623368032,0,323.0,0,65.89760254699658,0,6.387674260139465,166523573.823923,0,166523573.823923,0,0,0
5.5,0,3444.9,0,3059.842420634921,0,9333.2,0,2716.6400167500296,0,27.26937611103057,0.0036479949951171,0,0.0036479949951171,0,0,0
5.5,0,1050.0,0,410.20952380952383,0,1590.6,0,518.0574544015777,0,92.17192690372468,0.0295297145843505,0,0.0295297145843505,0,0,0
13.5,0,579.7,0,179.253111141954,0,1321.1,0,299.6466100725981,0,1.047005558013916,166518048.9906235,0,166518048.9906235,0,0,0
5.5,0,378.7,0,572.2790873015872,0,1501.5,0,603.5613593990416,0,11.646408033370973,0.0043179035186767,0,0.0043179035186767,0,0,0
5.5,0,98.8,0,79.79944444444445,0,134.2,0,24.66398579348485,0,5.92970495223999,0.0162425994873046,0,0.0162425994873046,0,0,0
13.5,0,111.6,0,139.24137625704188,0,263.0,0,69.76219845021082,0,35.6813303232193,166518685.29277778,0,166518685.29277778,0,0,0
13.5,0,142.5,0,104.59912351107783,0,710.0,0,155.1954793154202,0,1.0718555927276612,166522784.6006774,0,166522784.6006774,0,0,0
5.5,0,71.1,0,66.53400793650795,0,97.2,0,16.97566252045809,0,36.1070812702179,0.0082520008087158,0,0.0082520008087158,0,0,0
5.5,0,217.0,0,389.34753968253966,0,790.0,0,294.43037714510933,0,5.873001885414124,0.0069509983062744,0,0.0069509983062744,0,0,0
5.5,0,745.0,0,438.34003968253967,0,2326.6,0,737.4734837507876,0,95.19062991142272,0.0104820013046264,0,0.0104820013046264,0,0,0
5.5,0,1224.4,0,1220.2053968253967,0,1514.0,0,517.2271811371603,0,75.14200348854065,0.0025562047958374,0,0.0025562047958374,0,0,0
13.5,0,104.0,0,127.86077146108109,0,230.0,0,61.30305972514179,0,66.44399054050446,166524353.4357041,0,166524353.4357041,0,0,0
5.5,0,208.8,0,80.28,0,208.8,0,42.84,0,1.5719486951828003,0.0010987997055053,0,0.0010987997055053,0,0,0
5.5,0,66.0,0,66.0,0,66.0,0,0.0,0,29.927546977996823,0.0002900123596191,0,0.0002900123596191,0,0,0
13.5,0,162.5,0,185.74712554559304,0,1494.0,0,355.68310220926287,0,24.909387755393983,166523205.10306472,0,166523205.10306472,0,0,0
13.5,0,989.1,0,1107.9227347463336,0,3301.5,0,1105.5241302444642,0,73.59660251140595,166523141.7032844,0,166523141.7032844,0,0,0
5.5,0,1562.5,0,1597.213492063492,0,2093.2,0,270.4949626426577,0,91.22330770492552,0.001061987876892,0,0.001061987876892,0,0,0
13.5,0,1658.8,0,695.7706624575974,0,2238.0,0,749.7506464283358,0,55.97052359580994,166518104.5324244,0,166518104.5324244,0,0,0
13.5,0,1096.0,0,350.1435879054726,0,1230.5,0,438.5465427533315,0,57.98404505252838,166523573.0697522,0,166523573.0697522,0,0,0
13.5,0,670.0,0,640.8471568215067,0,2962.0,0,858.9151208933433,0,44.759893441200255,166522558.1224209,0,166522558.1224209,0,0,0
5.5,0,916.5,0,1328.3077380952382,0,1514.0,0,241.82421580404497,0,21.896781849861146,0.0014172077178955,0,0.0014172077178955,0,0,0
13.5,0,108.2,0,115.53657415597816,0,441.0,0,99.1420791373275,0,17.084922742843627,166518604.28978246,0,166518604.28978246,0,0,0
13.5,0,94.6,0,109.27904254843884,0,222.0,0,54.92582373660069,0,97.37614343166352,166521823.9611003,0,166521823.9611003,0,0,0
5.5,0,683.5,0,333.12642857142856,0,815.0,0,332.8716032628297,0,6.681425929069519,0.0132642984390258,0,0.0132642984390258,0,0,0
5.5,0,71.4,0,62.417142857142856,0,82.4,0,10.483251518872624,0,28.19005711078644,0.0049381971359252,0,0.0049381971359252,0,0,0
13.5,0,1222.0,0,1288.908347355259,0,2962.0,0,738.8653469135695,0,22.81611547470093,166518767.8832257,0,166518767.8832257,0,0,0
13.5,0,150.3,0,114.61825776133053,0,256.2,0,63.32549818709506,0,66.80217866897583,166517718.94195402,0,166517718.94195402,0,0,0
13.5,0,66.0,0,65.19747431618948,0,66.0,0,2.981971883970741,0,1.734909677505493,166524416.0972348,0,166524416.0972348,0,0,0
13.5,0,170.0,0,237.1353372616376,0,791.0,0,228.7538914752804,0,4.867994356155395,166524741.0306694,0,166524741.0306694,0,0,0
13.5,0,201.1,0,214.65223515347745,0,598.0,0,167.02517693602385,0,43.21767783164978,166516923.81958693,0,166516923.81958693,0,0,0
13.5,0,124.9,0,116.05852673384406,0,448.6,0,97.59842914264443,0,12.521303462982178,166517460.191154,0,166517460.191154,0,0,0
5.5,0,210.2,0,187.5905555555556,0,934.8,0,300.1443369216432,0,3.4749271392822267,0.0019800901412963,0,0.0019800901412963,0,0,0
5.5,0,1852.9,0,745.6960317460318,0,3107.6,0,1050.7301269042769,0,33.53591949939728,0.0075798034667968,0,0.0075798034667968,0,0,0
5.5,0,74.5,0,74.41996031746032,0,166.8,0,40.3222065084182,0,122.0275013446808,0.0091975927352905,0,0.0091975927352905,0,0,0
13.5,0,88.1,0,898.1888995378547,0,1514.0,0,665.6613134676552,0,87.25670869350434,166519725.94536087,0,166519725.94536087,0,0,0
13.5,0,814.4,0,772.4277478747603,0,2962.0,0,860.0344057155877,0,11.235283064842225,166522111.4078407,0,166522111.4078407,0,0,0
13.5,0,111.8,0,83.23549444234816,0,207.8,0,41.83805460797909,0,24.05280900001526,166521164.1247299,0,166521164.1247299,0,0,0
5.5,0,196.4,0,382.7374603174604,0,718.0,0,236.8855106237561,0,15.59041736125946,0.004918098449707,0,0.004918098449707,0,0,0
5.5,0,1822.0,0,903.3666666666668,0,2536.0,0,1025.2977267472586,0,13.526201128959656,0.0004973173141479,0,0.0004973173141479,0,0,0
5.5,0,86.3,0,87.24138888888889,0,184.7,0,45.93084603153808,0,52.32207539081573,0.0067028999328613,0,0.0067028999328613,0,0,0
5.5,0,66.0,0,66.0,0,66.0,0,0.0,0,72.07089500427246,0.0012557029724121,0,0.0012557029724121,0,0,0
13.5,0,348.7,0,117.32154749748015,0,498.8,0,107.88336977886247,0,1.482757043838501,166525069.0950036,0,166525069.0950036,0,0,0
13.5,0,249.5,0,84.92510226830272,0,282.5,0,53.44638144328435,0,29.18965587615967,166520686.2797972,0,166520686.2797972,0,0,0
13.5,0,123.2,0,682.4426435827675,0,2962.0,0,842.2638017727711,0,9.099537086486816,166522079.4239925,0,166522079.4239925,0,0,0
5.5,0,142.8,0,124.11333333333332,0,489.4,0,148.26618277985835,0,43.1497519493103,0.0105545043945312,0,0.0105545043945312,0,0,0
13.5,0,95.7,0,100.86759001146773,0,210.2,0,49.64951381896565,0,257.5996278524399,166516425.2157625,0,166516425.2157625,0,0,0
13.5,0,221.4,0,687.7919028696622,0,1514.0,0,684.7353323172032,0,20.35666937828064,166520011.7352809,0,166520011.7352809,0,0,0
5.5,0,66.0,0,66.0,0,66.0,0,0.0,0,39.01627616882324,0.0017714023590087,0,0.0017714023590087,0,0,0
5.5,0,75.0,0,66.9,0,75.0,0,2.7,0,30.38733205795288,0.0006280899047851,0,0.0006280899047851,0,0,0
13.5,0,1710.5,0,1943.0057588163468,0,11070.8,0,2681.8817631753627,0,10.97972581386566,166517461.3266404,0,166517461.3266404,0,0,0
13.5,0,203.6,0,80.26833937218612,0,334.6,0,60.282407899004966,0,4.385211777687073,166525217.76085562,0,166525217.76085562,0,0,0
5.5,0,1103.8,0,1138.5811904761906,0,2382.8,0,801.3052040715145,0,57.4121072769165,0.0094652891159057,0,0.0094652891159057,0,0,0
13.5,0,381.0,0,2077.025687605308,0,7306.0,0,1713.6721756107304,0,26.705297231674194,166520070.41317242,0,166520070.41317242,0,0,0
13.5,0,66.0,0,943.5618352467968,0,4410.0,0,1141.5262518345205,0,40.176392912864685,166525290.43204322,0,166525290.43204322,0,0,0
5.5,0,64.8,0,64.78261904761905,0,66.0,0,2.143206551673316,0,56.79865641593933,0.0093229055404663,0,0.0093229055404663,0,0,0
13.5,0,1224.4,0,1104.5465506492133,0,2962.0,0,836.3306631170437,0,1.7246116161346436,166523729.2371531,0,166523729.2371531,0,0,0
13.5,0,1572.7,0,694.9118585241728,0,6347.6,0,1521.0284611332604,0,76.86868250370026,166518179.8582037,0,166518179.8582037,0,0,0
5.5,0,1043.2,0,1514.5715873015874,0,2858.0,0,1104.9452722786348,0,0.5591453790664673,9.410381317138672e-05,0,9.410381317138672e-05,0,0,0
5.5,0,1716.3,0,1049.8453174603171,0,2844.2,0,1004.919136870365,0,32.32611672878265,0.0173478126525878,0,0.0173478126525878,0,0,0
13.5,0,91.4,0,982.486816053314,0,2962.0,0,985.2123766671951,0,22.284428215026857,166517853.1105889,0,166517853.1105889,0,0,0
5.5,0,81.9,0,111.47059523809526,0,214.0,0,50.14362989473066,0,57.564109206199646,0.0070844173431396,0,0.0070844173431396,0,0,0
13.5,0,132.4,0,157.62208268898283,0,987.0,0,230.7673088607609,0,26.676562452316283,166518416.765239,0,166518416.765239,0,0,0
13.5,0,355.6,0,403.0174701029964,0,2962.0,0,807.822119399677,0,1.8989406824111936,166517903.31633264,0,166517903.31633264,0,0,0
13.5,0,645.2,0,697.9792484695387,0,1514.0,0,716.1089724614329,0,1.5976941108703613,166520799.5478581,0,166520799.5478581,0,0,0
5.5,0,1392.0,0,1392.0,0,1392.0,0,0.0,0,0.3438944101333618,0.000248098373413,0,0.000248098373413,0,0,0
13.5,0,74.4,0,72.4098063932971,0,108.0,0,15.022328349508166,0,1.751569437980652,166516867.6874697,0,166516867.6874697,0,0,0
13.5,0,645.2,0,680.5309439545663,0,1514.0,0,714.3104114815601,0,17.78423492908478,166523423.9076558,0,166523423.9076558,0,0,0
13.5,0,66.0,0,76.1653253282665,0,172.0,0,27.9355086029466,0,0.7876566886901856,166524060.1318482,0,166524060.1318482,0,0,0
5.5,0,134.7,0,93.04142857142858,0,213.4,0,48.69252600473826,0,43.92836258411408,0.0099342107772827,0,0.0099342107772827,0,0,0
13.5,0,67.4,0,67.34511794835711,0,130.8,0,17.98352898592544,0,14.87628788948059,166518516.3537389,0,166518516.3537389,0,0,0
13.5,0,192.7,0,212.46781149406152,0,617.4,0,178.30311322578504,0,134.91442892551422,166516977.2188163,0,166516977.2188163,0,0,0
5.5,0,790.0,0,322.56031746031744,0,790.0,0,333.8304430696826,0,13.53774905204773,0.0127686977386474,0,0.0127686977386474,0,0,0
5.5,0,1521.8,0,1135.0192857142856,0,2400.8,0,876.3402696596029,0,24.041684436798096,0.0042948007583618,0,0.0042948007583618,0,0,0
5.5,0,912.0,0,1124.7931746031743,0,1462.0,0,494.2426814539537,0,0.2417158365249633,9.090900421142578e-05,0,9.090900421142578e-05,0,0,0
13.5,0,3251.6,0,2003.5643610912653,0,8174.8,0,1784.3959508417272,0,24.19312176704407,166522859.1894012,0,166522859.1894012,0,0,0
13.5,0,520.9,0,1695.619795859026,0,4410.0,0,1117.3913050454355,0,35.10722661018372,166524974.4769505,0,166524974.4769505,0,0,0
5.5,0,158.0,0,328.35809523809525,0,944.0,0,304.2050837307981,0,31.254076194763183,0.008066701889038,0,0.008066701889038,0,0,0
5.5,0,892.6,0,607.9284920634922,0,1682.0,0,620.507176689611,0,18.784913206100462,0.0042323112487792,0,0.0042323112487792,0,0,0
5.5,0,138.5,0,100.7251984126984,0,356.0,0,93.88138828786754,0,88.68964161872864,0.0013708114624023,0,0.0013708114624023,0,0,0
5.5,0,776.0,0,537.8174603174602,0,1466.0,0,582.6561171187294,0,0.1018103599548339,8.640289306640624e-05,0,8.640289306640624e-05,0,0,0
5.5,0,103.7,0,124.55269841269843,0,214.0,0,55.09956117434933,0,175.52774662971495,0.0311959981918334,0,0.0311959981918334,0,0,0
13.5,0,104.1,0,122.72408444711463,0,300.0,0,87.81728143696787,0,7.805220055580139,166519319.7498937,0,166519319.7498937,0,0,0
13.5,0,247.1,0,99.6822464631172,0,461.9,0,99.57862306559034,0,75.47666218280793,166519955.3959843,0,166519955.3959843,0,0,0
13.5,0,920.0,0,1026.4978893139885,0,2858.0,0,851.6949659157588,0,5.978263998031617,166520192.77830228,0,166520192.77830228,0,0,0
13.5,0,1091.7,0,365.1807672753803,0,1374.3,0,526.8417195339209,0,16.548168349266053,166520732.43781468,0,166520732.43781468,0,0,0
5.5,0,102.3,0,98.94654761904762,0,238.8,0,60.22790653868852,0,56.07059056758881,0.0092725992202758,0,0.0092725992202758,0,0,0
5.5,0,943.8,0,1332.605,0,1514.0,0,295.6915664828926,0,1.050614881515503,0.000386619567871,0,0.000386619567871,0,0,0
13.5,0,105.7,0,82.76764889479286,0,173.4,0,35.27125168960131,0,17.966861605644226,166519749.1084914,0,166519749.1084914,0,0,0
5.5,0,165.6,0,168.8334920634921,0,404.6,0,119.145613621879,0,19.81716384887695,0.0091883897781372,0,0.0091883897781372,0,0,0
5.5,0,161.8,0,141.8536507936508,0,289.6,0,89.16915880574982,0,2.962018632888794,0.0165699005126953,0,0.0165699005126953,0,0,0
13.5,0,2238.0,0,1637.8479758219078,0,4410.0,0,1129.0016265781976,0,7.055614185333252,166521348.5765721,0,166521348.5765721,0,0,0
5.5,0,462.8,0,921.9596825396824,0,1514.0,0,453.4992050927294,0,35.23522915840149,0.0042946815490722,0,0.0042946815490722,0,0,0
13.5,0,101.1,0,281.5592327972165,0,2962.0,0,716.9337326173116,0,13.974723815917969,166525652.4374784,0,166525652.4374784,0,0,0
5.5,0,1514.0,0,1514.0,0,1514.0,0,0.0,0,23.035599613189696,0.0008182048797607,0,0.0008182048797607,0,0,0
13.5,0,959.6,0,1472.7172362394226,0,1999.0,0,269.30511547243697,0,16.114359736442566,166521891.9406239,0,166521891.9406239,0,0,0
13.5,0,97.8,0,79.84417761804761,0,222.6,0,52.08213141691308,0,151.91739144325257,166526085.30287972,0,166526085.30287972,0,0,0
13.5,0,133.9,0,123.90882793934652,0,317.0,0,83.63183933699261,0,82.4186776638031,166517667.77387923,0,166517667.77387923,0,0,0
5.5,0,775.2,0,1063.7436507936509,0,1462.0,0,466.9913765936138,0,0.126819372177124,5.099773406982422e-05,0,5.099773406982422e-05,0,0,0
5.5,0,1948.4,0,2145.431428571429,0,2962.0,0,622.3860135822799,0,2.6348467826843263,0.0002983808517456,0,0.0002983808517456,0,0,0
5.5,0,152.3,0,120.85865079365078,0,208.4,0,53.8146851472164,0,38.5021837234497,0.0189363956451416,0,0.0189363956451416,0,0,0
5.5,0,66.0,0,66.0,0,66.0,0,0.0,0,10.318005299568176,0.0108729839324951,0,0.0108729839324951,0,0,0
13.5,0,1369.2,0,673.8750358499431,0,1514.0,0,652.7235969720791,0,29.81568841934204,166521650.3649976,0,166521650.3649976,0,0,0
13.5,0,107.9,0,100.35860601258044,0,183.2,0,44.63151246899919,0,21.080061197280884,166522674.82580292,0,166522674.82580292,0,0,0
13.5,0,1380.2,0,1408.8095644646032,0,2962.0,0,766.6025025734112,0,36.174551653862,166519445.70656663,0,166519445.70656663,0,0,0
5.5,0,82.4,0,114.03507936507938,0,230.0,0,56.94097907907064,0,10.593086123466492,0.0017208099365234,0,0.0017208099365234,0,0,0
13.5,0,79.8,0,985.2419520348932,0,7738.0,0,2042.1891941729705,0,4.8937002658844,166517606.698983,0,166517606.698983,0,0,0
13.5,0,84.6,0,65.66628127462492,0,123.8,0,21.45839327923812,0,10.932756757736206,166522109.9543247,0,166522109.9543247,0,0,0
13.5,0,111.1,0,334.2817120779117,0,3489.0,0,847.3946773634341,0,9.80433123111725,166520087.6721805,0,166520087.6721805,0,0,0
5.5,0,60.0,0,53.42619047619048,0,60.0,0,6.663134636633582,0,19.98391983509064,0.0007755041122436,0,0.0007755041122436,0,0,0
5.5,0,397.1,0,169.1617857142857,0,453.6,0,144.93804455080004,0,9.039237117767334,0.0384077787399292,0,0.0384077787399292,0,0,0
5.5,0,66.0,0,66.0,0,66.0,0,0.0,0,2.455946946144104,0.001180100440979,0,0.001180100440979,0,0,0
13.5,0,66.3,0,83.01407434241025,0,218.0,0,43.75611247825238,0,2.2531399488449098,166523434.5869316,0,166523434.5869316,0,0,0
5.5,0,236.7,0,163.25650793650794,0,612.8,0,177.09176116778184,0,13.908151173591614,0.0099860191345214,0,0.0099860191345214,0,0,0
5.5,0,86.8,0,88.16420634920635,0,137.8,0,32.51896416646879,0,54.42096779346466,0.0243993997573852,0,0.0243993997573852,0,0,0
13.5,0,84.3,0,89.98765547919574,0,312.0,0,63.88501283714483,0,10.924273920059203,166519025.130706,0,166519025.130706,0,0,0
13.5,0,243.4,0,513.1373026676627,0,2962.0,0,740.0155567092414,0,2.658645510673523,166518487.0082605,0,166518487.0082605,0,0,0
13.5,0,91.4,0,71.98880406830872,0,163.4,0,27.309337445535004,0,33.807300329208374,166520210.5404789,0,166520210.5404789,0,0,0
13.5,0,492.0,0,339.59142725093966,0,1683.6,0,490.2049446482493,0,21.18246474266052,166523184.0627378,0,166523184.0627378,0,0,0
13.5,0,90.7,0,136.09224495576663,0,300.0,0,77.64075609858197,0,27.815855836868288,166519201.4513381,0,166519201.4513381,0,0,0
13.5,0,64.8,0,81.78988225525765,0,175.0,0,33.46957589415088,0,61.07469208240509,166519060.2322175,0,166519060.2322175,0,0,0
13.5,0,66.2,0,73.99561480659005,0,156.0,0,29.8981702691485,0,105.82783975601195,166525923.29245022,0,166525923.29245022,0,0,0
5.5,0,1079.6,0,603.6561904761904,0,1079.6,0,482.4109476922714,0,21.853992700576782,0.0007644891738891,0,0.0007644891738891,0,0,0
5.5,0,91.2,0,101.32238095238095,0,156.0,0,38.00019320591052,0,26.5258428812027,0.0268309116363525,0,0.0268309116363525,0,0,0
5.5,0,79.1,0,80.80313492063492,0,143.8,0,26.89235872500944,0,64.01519656181335,0.004039716720581,0,0.004039716720581,0,0,0
5.5,0,111.9,0,106.1036904761905,0,212.4,0,47.123904349279314,0,38.08347697257996,0.0120086908340454,0,0.0120086908340454,0,0,0
5.5,0,3541.2,0,9231.150476190476,0,26130.0,0,8290.916074620969,0,9.156967973709106,0.0019443988800048,0,0.0019443988800048,0,0,0
5.5,0,192.1,0,247.1902777777777,0,1084.4,0,378.6589106378437,0,14.48582558631897,0.0017000913619995,0,0.0017000913619995,0,0,0
13.5,0,3921.6,0,3622.454677953625,0,4350.0,0,882.3428075275682,0,96.68438153266906,166517029.6006735,0,166517029.6006735,0,0,0
5.5,0,74.0,0,67.65833333333333,0,84.0,0,5.79736096512679,0,16.24872064590454,0.0081598997116088,0,0.0081598997116088,0,0,0
5.5,0,1078.4,0,492.3623809523809,0,1369.2,0,489.1988097260911,0,12.201381063461303,0.0009499073028564,0,0.0009499073028564,0,0,0
13.5,0,1083.6,0,340.319329940785,0,1254.8,0,458.8266088252232,0,3.302447891235352,166523789.59762552,0,166523789.59762552,0,0,0
13.5,0,104.0,0,804.7596620231333,0,5103.0,0,1588.4714448776117,0,17.928054094314575,166518585.1436477,0,166518585.1436477,0,0,0
13.5,0,1717.3,0,466.7509929252034,0,2399.2,0,731.3355681625608,0,23.44957771301269,166524188.7037357,0,166524188.7037357,0,0,0
13.5,0,176.4,0,175.62085327125573,0,545.0,0,148.22427256677304,0,20.881428360939022,166516940.922207,0,166516940.922207,0,0,0
5.5,0,134.9,0,128.77749999999995,0,198.6,0,47.32289293280366,0,40.33393788337708,0.0221940994262695,0,0.0221940994262695,0,0,0
5.5,0,758.3,0,1215.5235714285714,0,1853.5,0,454.6290051169661,0,3.1322452306747435,0.0054455995559692,0,0.0054455995559692,0,0,0
13.5,0,139.3,0,168.26983652183733,0,345.0,0,97.15691534102078,0,71.95566906929017,166521835.4006824,0,166521835.4006824,0,0,0
13.5,0,1105.0,0,921.0714253350708,0,2962.0,0,934.6198735887924,0,50.06469132900238,166524814.5065034,0,166524814.5065034,0,0,0
5.5,0,943.8,0,1351.827619047619,0,1514.0,0,251.50749325107105,0,100.51694931983948,0.0031108140945434,0,0.0031108140945434,0,0,0
5.5,0,1326.0,0,1796.9444444444446,0,2866.0,0,1032.9941254194089,0,3.440810036659241,0.0010799884796142,0,0.0010799884796142,0,0,0
13.5,0,226.8,0,1132.102208528485,0,1514.0,0,565.8425224240798,0,51.81515011787415,166520619.27757472,0,166520619.27757472,0,0,0
13.5,0,70.2,0,67.17511867905057,0,102.0,0,8.893209462764302,0,49.896094870567325,166524747.33785528,0,166524747.33785528,0,0,0
13.5,0,941.4,0,306.0469561699051,0,1128.8,0,408.3032597191508,0,28.14887764453888,166518945.5949722,0,166518945.5949722,0,0,0
13.5,0,90.2,0,110.66418777086346,0,279.0,0,63.849227841984735,0,27.18827471733093,166518620.63101408,0,166518620.63101408,0,0,0
13.5,0,1514.0,0,376.8218919848641,0,2382.8,0,693.5153078607772,0,21.94862904548645,166524431.9225522,0,166524431.9225522,0,0,0
13.5,0,117.8,0,635.9165254057089,0,2962.0,0,871.3948536242913,0,22.9873334646225,166519154.46282643,0,166519154.46282643,0,0,0
13.5,0,873.3,0,760.9917242230592,0,2698.4,0,821.0064896288532,0,6.119623422622681,166520142.1625512,0,166520142.1625512,0,0,0
5.5,0,75.4,0,68.11777777777777,0,87.2,0,6.571073423112256,0,18.60993571281433,0.0039618015289306,0,0.0039618015289306,0,0,0
5.5,0,76.3,0,66.38523809523808,0,123.6,0,23.15007044453688,0,13.951801466941834,0.0088404893875122,0,0.0088404893875122,0,0,0
13.5,0,75.5,0,73.52552157594728,0,156.0,0,24.61964749132203,0,90.0503078699112,166519968.7418615,0,166519968.7418615,0,0,0
5.5,0,219.8,0,82.38,0,219.8,0,46.05179580420013,0,13.225332546234132,0.0158897876739501,0,0.0158897876739501,0,0,0
5.5,0,78.8,0,68.18460317460317,0,94.0,0,9.848105459457395,0,0.7635197401046753,0.0166899919509887,0,0.0166899919509887,0,0,0
13.5,0,932.4,0,1239.4654137640823,0,2962.0,0,747.3043365594143,0,20.39460093975067,166525847.15016073,0,166525847.15016073,0,0,0
5.5,0,66.0,0,66.0,0,66.0,0,0.0,0,20.25426471233368,0.0030871152877807,0,0.0030871152877807,0,0,0
5.5,0,93.5,0,95.51658730158732,0,197.2,0,55.135051291693365,0,98.1026597738266,0.0068861961364746,0,0.0068861961364746,0,0,0
13.5,0,77.2,0,86.88385985144885,0,230.0,0,60.42925296543333,0,17.225781178474428,166524459.3041858,0,166524459.3041858,0,0,0
5.5,0,1109.0,0,428.5065873015873,0,1891.0,0,609.1744352599125,0,35.968923282623294,0.0114259004592895,0,0.0114259004592895,0,0,0
13.5,0,2352.9,0,2242.062570077841,0,4434.0,0,1786.9079482358843,0,1.7428311824798584,166521454.66673738,0,166521454.66673738,0,0,0
5.5,0,2238.0,0,1825.2050793650792,0,4410.0,0,1464.9727872287217,0,24.226951479911804,0.0032634973526,0,0.0032634973526,0,0,0
13.5,0,148.2,0,117.8412389206081,0,387.3,0,89.49949270764779,0,5.687550616264343,166517318.30212438,0,166517318.30212438,0,0,0
13.5,0,140.0,0,184.55131514039795,0,906.0,0,213.90250245383223,0,5.635995292663575,166520802.638526,0,166520802.638526,0,0,0
5.5,0,66.0,0,66.0,0,66.0,0,0.0,0,32.14086244106293,0.000815987586975,0,0.000815987586975,0,0,0
5.5,0,803.9,0,458.50630952380953,0,1396.1,0,522.6911532966224,0,19.58131895065308,0.0070811986923217,0,0.0070811986923217,0,0,0
13.5,0,226.4,0,229.1082842063337,0,2010.0,0,487.6117292309626,0,52.03893692493439,166523486.3727101,0,166523486.3727101,0,0,0
5.5,0,124.3,0,96.94551587301586,0,230.3,0,56.8711394480481,0,7.92237355709076,0.0097707033157348,0,0.0097707033157348,0,0,0
13.5,0,207.3,0,361.1859314116396,0,1514.0,0,459.4549709027775,0,20.23401324748993,166519072.04065257,0,166519072.04065257,0,0,0
13.5,0,1626.2,0,1093.5847915805386,0,12376.1,0,2998.2774165771207,0,33.769971656799314,166524859.1286337,0,166524859.1286337,0,0,0
13.5,0,1171.7,0,819.015797208038,0,1615.7,0,690.857292959257,0,57.195081448554994,166520075.7939589,0,166520075.7939589,0,0,0
5.5,0,355.6,0,94.96,0,355.6,0,86.88000000000001,0,56.59248847961426,0.0013177156448364,0,0.0013177156448364,0,0,0
5.5,0,95.1,0,97.8829761904762,0,269.7,0,72.7676462011368,0,78.07995738983155,0.0007569074630737,0,0.0007569074630737,0,0,0
13.5,0,93.7,0,108.0787054307062,0,343.1,0,86.97599124544571,0,136.21489140987396,166523739.2952318,0,166523739.2952318,0,0,0
13.5,0,1123.9,0,350.65899302408974,0,1163.3,0,422.360370630992,0,35.545327758789064,166520999.6837166,0,166520999.6837166,0,0,0
13.5,0,1369.2,0,1515.6546596622331,0,2962.0,0,513.7318564860195,0,9.628463792800904,166523995.0574062,0,166523995.0574062,0,0,0
13.5,0,66.0,0,72.01894262857886,0,156.0,0,22.36478912978056,0,27.327942633628844,166520173.6224733,0,166520173.6224733,0,0,0
5.5,0,114.3,0,100.76539682539682,0,180.8,0,52.34115738963366,0,43.02622299194336,0.0351438045501708,0,0.0351438045501708,0,0,0
5.5,0,2849.7,0,2494.185119047619,0,6631.9,0,2067.093247007496,0,12.129793691635133,0.0034952878952026,0,0.0034952878952026,0,0,0
13.5,0,681.7,0,159.37614269631297,0,766.0,0,178.91461486291217,0,13.035822463035585,166523466.0667595,0,166523466.0667595,0,0,0
13.5,0,216.3,0,165.12001906547184,0,397.4,0,127.98430542922802,0,60.72381224632263,166519883.2126862,0,166519883.2126862,0,0,0
5.5,0,65.4,0,65.94,0,66.0,0,0.18,0,20.106262946128844,0.0007389068603515,0,0.0007389068603515,0,0,0
13.5,0,206.8,0,850.2861247704823,0,2962.0,0,876.4995674074607,0,40.68776729106903,166525424.7657118,0,166525424.7657118,0,0,0
13.5,0,1378.2,0,428.4968634126452,0,1836.4,0,552.5633020285248,0,26.64164128303528,166520191.8670261,0,166520191.8670261,0,0,0
13.5,0,93.6,0,162.61225922598214,0,905.0,0,207.3791603502148,0,34.4695878982544,166525890.4048045,0,166525890.4048045,0,0,0
13.5,0,1394.6,0,1697.9631282181012,0,4410.0,0,1847.824732172418,0,72.02319507598877,166522769.36734682,0,166522769.36734682,0,0,0
13.5,0,118.8,0,77.22740222196104,0,196.8,0,34.416234403077404,0,4.000166964530945,166521998.34213394,0,166521998.34213394,0,0,0
5.5,0,64.2,0,64.93785714285715,0,69.0,0,4.246563589600002,0,11.481919026374817,0.0022871017456054,0,0.0022871017456054,0,0,0
5.5,0,1369.2,0,1005.4187301587302,0,2238.0,0,760.2506769508173,0,2.1287713766098024,0.0027467966079711,0,0.0027467966079711,0,0,0
13.5,0,2431.3,0,1756.2370534612448,0,3686.0,0,1080.2222131474855,0,25.013921904563905,166520448.3688946,0,166520448.3688946,0,0,0
13.5,0,940.5,0,725.9751788506471,0,1514.0,0,701.3562024418571,0,18.93493821620941,166518584.3809496,0,166518584.3809496,0,0,0
13.5,0,1584.9,0,1983.3580384467607,0,4434.0,0,1552.845658371917,0,41.12035393714905,166519177.9014647,0,166519177.9014647,0,0,0
13.5,0,387.3,0,743.5610352757838,0,1514.0,0,686.2117542624243,0,82.34766848087311,166522018.8526182,0,166522018.8526182,0,0,0
13.5,0,994.7,0,1221.2205991243875,0,1514.0,0,546.4652539697486,0,65.9946861743927,166521071.6138879,0,166521071.6138879,0,0,0
13.5,0,1233.4,0,1373.9102771531873,0,2962.0,0,773.0391727301196,0,68.23056638240814,166525058.9116639,0,166525058.9116639,0,0,0
5.5,0,1224.4,0,1434.762222222222,0,1514.0,0,166.00720868636537,0,76.23028376102448,0.0042135953903198,0,0.0042135953903198,0,0,0
13.5,0,109.9,0,83.63839826195476,0,206.4,0,37.73202349323026,0,246.32305557727813,166516352.8008422,0,166516352.8008422,0,0,0
5.5,0,538.0,0,260.9673809523809,0,1231.5,0,382.6355501930508,0,5.529925847053528,0.0037855863571166,0,0.0037855863571166,0,0,0
5.5,0,66.0,0,66.0,0,66.0,0,0.0,0,44.15457861423492,0.0008552074432373,0,0.0008552074432373,0,0,0
13.5,0,105.0,0,92.30710888354852,0,213.4,0,51.58066352070448,0,40.18941149711609,166521154.89173782,0,166521154.89173782,0,0,0
13.5,0,1578.5,0,916.3403496116888,0,4701.0,0,1438.03641544067,0,12.93192880153656,166524915.39199322,0,166524915.39199322,0,0,0
5.5,0,515.4,0,180.11103174603176,0,533.4,0,185.8506129723577,0,1.9025739192962647,0.0240211009979248,0,0.0240211009979248,0,0,0
5.5,0,124.5,0,129.77428571428572,0,215.2,0,56.00318483419248,0,102.68320376873017,0.0391431093215942,0,0.0391431093215942,0,0,0
5.5,0,132.8,0,98.19103174603174,0,156.2,0,44.16111043683478,0,73.14174847602844,0.0081115007400512,0,0.0081115007400512,0,0,0
5.5,0,807.8,0,345.5294444444445,0,815.4,0,333.07836579621096,0,63.00372016429901,0.0018571853637695,0,0.0018571853637695,0,0,0
5.5,0,129.5,0,98.22984126984127,0,218.2,0,55.65451246913936,0,24.39524371623993,0.014657711982727,0,0.014657711982727,0,0,0
5.5,0,74.6,0,69.2226984126984,0,88.9,0,7.263386941229733,0,11.876139497756958,0.0188066005706787,0,0.0188066005706787,0,0,0
5.5,0,920.4,0,584.5474603174603,0,2028.8,0,757.2962703413108,0,0.7605215787887574,6.809234619140626e-05,0,6.809234619140626e-05,0,0,0
13.5,0,1088.2,0,1419.2559743722052,0,1514.0,0,263.4386373591531,0,26.19568831920624,166520127.9062913,0,166520127.9062913,0,0,0
5.5,0,3251.6,0,2832.1396825396823,0,4554.8,0,1333.9337538617651,0,2.6310574054718017,0.0011142969131469,0,0.0011142969131469,0,0,0
13.5,0,1272.9,0,1530.3533030510082,0,2962.0,0,553.1672031849447,0,19.17195689678192,166524851.8748686,0,166524851.8748686,0,0,0
13.5,0,1462.0,0,2120.4498077670523,0,2858.0,0,1206.5975252045296,0,0.0454444408416748,166517699.51357108,0,166517699.51357108,0,0,0
5.5,0,88.1,0,86.83234126984128,0,134.8,0,28.93704219837153,0,1.0468751192092896,0.0076682090759277,0,0.0076682090759277,0,0,0
13.5,0,136.6,0,146.4885091770115,0,614.0,0,145.82396763733453,0,45.19386620521546,166516968.852089,0,166516968.852089,0,0,0
13.5,0,88.4,0,70.87796858026735,0,117.0,0,13.02039022084424,0,25.62161774635315,166519658.60027272,0,166519658.60027272,0,0,0
5.5,0,1953.8,0,1767.2830952380957,0,3541.2,0,982.6438504086568,0,33.83849606513977,0.0011694192886352,0,0.0011694192886352,0,0,0
13.5,0,1224.4,0,1614.149516638762,0,2865.7,0,527.1837256475648,0,34.732023978233336,166524696.78739062,0,166524696.78739062,0,0,0
5.5,0,209.5,0,193.315753968254,0,271.2,0,57.72174068544621,0,10.105956721305848,0.0144264936447143,0,0.0144264936447143,0,0,0
13.5,0,1514.0,0,1228.7021194053625,0,1514.0,0,565.7444202683599,0,31.514557099342348,166520113.9766079,0,166520113.9766079,0,0,0
13.5,0,100.8,0,262.9275271245782,0,1514.0,0,405.59022320277927,0,93.57345473766328,166524626.7238118,0,166524626.7238118,0,0,0
13.5,0,214.1,0,751.6323065737153,0,1514.0,0,711.9223329333164,0,0.8552880048751831,166522303.8365303,0,166522303.8365303,0,0,0
13.5,0,86.4,0,69.38912175371928,0,121.2,0,12.726520227316666,0,46.67979936599731,166517600.3886033,0,166517600.3886033,0,0,0
5.5,0,1384.4,0,1501.04,0,1514.0,0,38.88,0,6.486553168296814,0.0059168100357055,0,0.0059168100357055,0,0,0
13.5,0,114.2,0,98.2465319866752,0,214.0,0,48.99048463367215,0,65.13914444446564,166519486.54442552,0,166519486.54442552,0,0,0
5.5,0,338.6,0,412.93674603174605,0,1224.4,0,500.47571455881,0,5.342335081100464,0.002187705039978,0,0.002187705039978,0,0,0
5.5,0,84.4,0,73.55944444444444,0,114.2,0,17.76119884376283,0,74.10586636066436,0.0175694942474365,0,0.0175694942474365,0,0,0
13.5,0,910.8,0,1284.6299124267546,0,2439.2,0,696.2042439720043,0,0.8798088550567627,166517699.1140357,0,166517699.1140357,0,0,0
5.5,0,430.6,0,836.5165873015874,0,1514.0,0,479.6701452117637,0,34.224656867980954,0.0089195966720581,0,0.0089195966720581,0,0,0
5.5,0,144.2,0,220.5046825396825,0,345.0,0,92.21515968468788,0,13.32044472694397,0.0241364002227783,0,0.0241364002227783,0,0,0
5.5,0,805.3,0,743.1890079365079,0,1514.0,0,616.6467709615679,0,19.396319580078124,0.0009419918060302,0,0.0009419918060302,0,0,0
5.5,0,75.0,0,67.9,0,84.0,0,5.52842712474619,0,18.040026950836182,0.0090456008911132,0,0.0090456008911132,0,0,0
13.5,0,80.9,0,80.92128439371086,0,156.0,0,28.15569126084235,0,9.368032217025757,166518690.6831078,0,166518690.6831078,0,0,0
13.5,0,122.6,0,109.52364862734444,0,183.2,0,39.7120718729098,0,9.72570343017578,166520338.9349276,0,166520338.9349276,0,0,0
13.5,0,108.0,0,80.92869707004382,0,161.8,0,31.29129901278646,0,40.56761872768402,166518533.8611391,0,166518533.8611391,0,0,0
5.5,0,53.1,0,52.41900793650793,0,68.9,0,7.211289924502272,0,53.532093262672426,0.003514814376831,0,0.003514814376831,0,0,0
5.5,0,1088.6,0,764.9269047619048,0,1224.4,0,545.8802065262995,0,24.9377387046814,0.0012569189071655,0,0.0012569189071655,0,0,0
13.5,0,66.0,0,616.733250514965,0,1999.0,0,712.5699901931586,0,47.46963524818421,166518704.9297011,0,166518704.9297011,0,0,0
13.5,0,1100.3,0,774.1375883030797,0,4120.4,0,1167.930470633236,0,44.67555830478668,166524424.2533687,0,166524424.2533687,0,0,0
13.5,0,323.1,0,127.31257040345275,0,802.0,0,186.6046876826869,0,20.719891452789305,166520033.01094562,0,166520033.01094562,0,0,0
13.5,0,1561.3,0,795.7523807603645,0,2672.4,0,897.8589797822075,0,77.59312996864318,166526112.4936629,0,166526112.4936629,0,0,0
5.5,0,100.7,0,112.71686507936508,0,202.6,0,48.40318034899494,0,6.783705997467041,0.0125517129898071,0,0.0125517129898071,0,0,0
13.5,0,2286.5,0,731.508197115492,0,3550.2,0,1062.1222091358788,0,7.540642261505127,166525246.64061,0,166525246.64061,0,0,0
5.5,0,141.9,0,117.40813492063494,0,202.0,0,54.32488555780075,0,47.33190381526947,0.0434188842773437,0,0.0434188842773437,0,0,0
5.5,0,164.9,0,107.8043253968254,0,284.2,0,77.06626014539461,0,17.460435891151427,0.012787389755249,0,0.012787389755249,0,0,0
5.5,0,116.0,0,102.31888888888888,0,157.3,0,39.34905345857823,0,75.18132100105285,0.00660080909729,0,0.00660080909729,0,0,0
13.5,0,66.0,0,456.3618680334973,0,2962.0,0,816.1784360903823,0,44.73753671646118,166522387.1710518,0,166522387.1710518,0,0,0
5.5,0,1091.0,0,626.2464285714286,0,1098.8,0,477.6614565284202,0,14.530337452888489,0.0053119897842407,0,0.0053119897842407,0,0,0
13.5,0,659.6,0,310.1403148988095,0,1187.9,0,399.3082977254656,0,36.64936504364014,166523005.2870448,0,166523005.2870448,0,0,0
13.5,0,678.6,0,184.0924501478913,0,743.6,0,217.6668429125606,0,77.80213379859924,166520063.57168332,0,166520063.57168332,0,0,0
13.5,0,118.4,0,173.00843427685146,0,1145.0,0,263.9463090504124,0,68.09815952777862,166525240.5671939,0,166525240.5671939,0,0,0
13.5,0,66.0,0,1228.0571901576236,0,2962.0,0,915.3897727139844,0,0.68193519115448,166525645.4165139,0,166525645.4165139,0,0,0
5.5,0,1803.6,0,1667.0168253968252,0,2382.8,0,328.56042750836093,0,58.33825283050537,0.0002276897430419,0,0.0002276897430419,0,0,0
13.5,0,500.4,0,314.5805648342026,0,2962.0,0,748.8428630590261,0,31.372246074676514,166526340.2524683,0,166526340.2524683,0,0,0
5.5,0,278.6,0,311.7474603174603,0,371.2,0,72.45010045681323,0,30.181761479377748,0.0172887802124023,0,0.0172887802124023,0,0,0
5.5,0,1309.0,0,1981.639047619048,0,2962.0,0,768.5157315094773,0,40.47682750225067,0.0022938013076782,0,0.0022938013076782,0,0,0
5.5,0,1370.9,0,1445.4596428571426,0,1514.0,0,185.3024367447427,0,76.73146295547485,0.0005478143692016,0,0.0005478143692016,0,0,0
5.5,0,1369.2,0,1483.4311111111112,0,1514.0,0,88.94624974036093,0,100.55125246047972,0.0004083156585693,0,0.0004083156585693,0,0,0
13.5,0,112.2,0,116.66294061116044,0,219.9,0,53.32556474744128,0,84.13118677139282,166516571.1402489,0,166516571.1402489,0,0,0
5.5,0,112.1,0,76.98484126984127,0,157.5,0,33.61854558216318,0,7.914453625679016,0.0114150047302246,0,0.0114150047302246,0,0,0
13.5,0,1338.5,0,1733.480734909655,0,6871.6,0,1684.0785301759431,0,7.446240091323853,166520245.5334334,0,166520245.5334334,0,0,0
5.5,0,212.7,0,278.4907936507936,0,679.0,0,207.81125367916167,0,129.3182890176773,0.0381908893585205,0,0.0381908893585205,0,0,0
5.5,0,509.4,0,453.4445238095238,0,1088.6,0,479.5828594029725,0,12.089504361152647,0.0015446901321411,0,0.0015446901321411,0,0,0
13.5,0,1223.2,0,395.49744931968615,0,1378.2,0,521.572713510903,0,32.24011888504028,166519212.688494,0,166519212.688494,0,0,0
13.5,0,66.0,0,578.1451405517427,0,5858.0,0,1450.5948562026244,0,21.09995617866516,166521772.3960091,0,166521772.3960091,0,0,0
5.5,0,75.0,0,66.9,0,75.0,0,2.7,0,21.71702754497528,0.0098268032073974,0,0.0098268032073974,0,0,0
13.5,0,433.3,0,590.4939810692405,0,1803.6,0,711.2236660216906,0,20.776897859573364,166524780.14479318,0,166524780.14479318,0,0,0
13.5,0,210.8,0,259.676198359604,0,1514.0,0,489.8737626901744,0,5.5631814241409305,166518292.79566222,0,166518292.79566222,0,0,0
13.5,0,80.2,0,100.5905404700219,0,230.0,0,48.08652241034231,0,12.849901914596558,166522466.00759092,0,166522466.00759092,0,0,0
13.5,0,75.0,0,1233.6748699442971,0,4410.0,0,1179.0706820660994,0,19.967765855789185,166525313.3795314,0,166525313.3795314,0,0,0
5.5,0,1037.6,0,768.8059523809525,0,1249.2,0,474.3304663868989,0,2.2339109420776366,0.0026055097579956,0,0.0026055097579956,0,0,0
13.5,0,1562.5,0,755.3075662929261,0,1611.0,0,702.092635170482,0,6.239062476158142,166519768.0806833,0,166519768.0806833,0,0,0
5.5,0,679.5,0,555.189880952381,0,3174.8,0,1058.007543184519,0,0.2414987087249755,0.0042748928070068,0,0.0042748928070068,0,0,0
5.5,0,87.7,0,102.8543253968254,0,213.6,0,55.30240640703185,0,33.43776698112488,0.0103899002075195,0,0.0103899002075195,0,0,0
13.5,0,1224.4,0,382.3238921621894,0,2167.0,0,583.2332536074694,0,8.361720061302185,166519686.6975901,0,166519686.6975901,0,0,0
13.5,0,119.3,0,1392.7073985715008,0,6343.0,0,1538.3459762299965,0,28.91131761074066,166518465.46599478,0,166518465.46599478,0,0,0
5.5,0,398.6,0,590.9248412698413,0,1378.2,0,574.5081192456471,0,82.14850995540618,0.0149019002914428,0,0.0149019002914428,0,0,0
5.5,0,120.5,0,165.931626984127,0,531.3,0,179.56917516070283,0,4.900837540626526,0.0021920919418334,0,0.0021920919418334,0,0,0
5.5,0,75.0,0,66.9,0,75.0,0,2.7,0,60.04044194221497,0.0051610946655273,0,0.0051610946655273,0,0,0
5.5,0,115.4,0,108.67186507936508,0,173.2,0,45.95717691075031,0,2.3644121170043944,0.0173148155212402,0,0.0173148155212402,0,0,0
13.5,0,359.1,0,737.0223269863093,0,4410.0,0,1165.6545306003711,0,46.37774016857147,166522737.7469316,0,166522737.7469316,0,0,0
5.5,0,66.0,0,66.0,0,66.0,0,0.0,0,1.841494655609131,0.0010941982269287,0,0.0010941982269287,0,0,0
5.5,0,1852.1,0,1722.1039285714282,0,2382.8,0,355.09234457223954,0,26.30586535930633,0.0007266998291015,0,0.0007266998291015,0,0,0
13.5,0,75.0,0,545.3221235618527,0,1514.0,0,665.8134232688491,0,20.57101888656616,166521990.14972278,0,166521990.14972278,0,0,0
5.5,0,72.2,0,67.18666666666667,0,76.2,0,3.131696558978819,0,12.555681920051574,0.0070889949798583,0,0.0070889949798583,0,0,0
5.5,0,152.7,0,113.78333333333332,0,415.8,0,114.73679075626076,0,17.989759969711304,0.0075595140457153,0,0.0075595140457153,0,0,0
5.5,0,93.8,0,105.72531746031746,0,288.4,0,82.62190356086366,0,13.984094619750977,0.0005840063095092,0,0.0005840063095092,0,0,0
13.5,0,65.5,0,79.80014434911494,0,230.0,0,44.3442070884248,0,13.439549899101255,166523014.8233304,0,166523014.8233304,0,0,0
13.5,0,412.0,0,238.83122278993795,0,2328.4,0,531.8307491438043,0,0.1566923379898071,166516394.98229,0,166516394.98229,0,0,0
5.5,0,234.5,0,106.59972222222224,0,385.0,0,98.96777297080725,0,34.95981788635254,0.0231376886367797,0,0.0231376886367797,0,0,0
13.5,0,111.9,0,166.4340180072765,0,678.0,0,179.9642186316478,0,106.4245711326599,166516952.7375878,0,166516952.7375878,0,0,0
5.5,0,1272.9,0,1377.9214682539682,0,1514.0,0,282.4833583444635,0,14.381502866744995,0.0011751174926757,0,0.0011751174926757,0,0,0
13.5,0,82.4,0,71.29171368277404,0,147.0,0,20.67088380107588,0,43.96339335441589,166518385.7623305,0,166518385.7623305,0,0,0
13.5,0,122.2,0,128.19451499309085,0,227.8,0,68.14965296940942,0,111.21275053024291,166522141.10441458,0,166522141.10441458,0,0,0
5.5,0,1224.4,0,1468.951111111111,0,1514.0,0,103.42624974036092,0,2.4024675130844115,0.0009114980697631,0,0.0009114980697631,0,0,0
5.5,0,126.1,0,136.99305555555557,0,201.9,0,61.49380089243705,0,23.993223309516907,0.0075181007385253,0,0.0075181007385253,0,0,0
13.5,0,66.0,0,975.7297397395348,0,7791.0,0,1988.0080690692323,0,27.543291807174683,166524730.78142402,0,166524730.78142402,0,0,0
5.5,0,1514.0,0,1514.0,0,1514.0,0,0.0,0,54.74311935901642,0.0007086038589477,0,0.0007086038589477,0,0,0
13.5,0,66.0,0,639.8727410648346,0,4410.0,0,1255.9851836885557,0,22.783648133277893,166523222.19916958,0,166523222.19916958,0,0,0
13.5,0,116.1,0,91.05269800976458,0,242.6,0,51.69655558951166,0,33.23084638118744,166522401.8026649,0,166522401.8026649,0,0,0
13.5,0,221.4,0,1420.5118117185534,0,4410.0,0,1223.3494051402104,0,73.22312784194946,166524781.10740632,0,166524781.10740632,0,0,0
5.5,0,450.3,0,295.6684523809524,0,1053.8,0,363.9401883376247,0,100.41980991363523,0.0281534194946289,0,0.0281534194946289,0,0,0
5.5,0,3745.1,0,2593.4546428571425,0,7075.5,0,2339.371721981398,0,86.17775819301605,0.0013666152954101,0,0.0013666152954101,0,0,0
5.5,0,325.5,0,287.9032142857143,0,1406.4,0,458.4790594379239,0,5.720467805862427,0.0186655044555664,0,0.0186655044555664,0,0,0
13.5,0,1313.8,0,629.6890760134258,0,3702.4,0,1180.7042334889786,0,64.03060395717621,166518835.4183076,0,166518835.4183076,0,0,0
5.5,0,300.1,0,214.8390873015873,0,1164.5,0,365.3605708396374,0,5.112816524505615,0.0043954133987426,0,0.0043954133987426,0,0,0
13.5,0,376.6,0,249.6710090846546,0,1514.0,0,465.0378801909662,0,6.841794776916504,166517923.44517222,0,166517923.44517222,0,0,0
13.5,0,917.6,0,996.3916655291736,0,2858.0,0,820.6410933053724,0,0.6785866022109985,166520193.681731,0,166520193.681731,0,0,0
5.5,0,478.3,0,222.3313492063492,0,1239.6,0,369.8426029866382,0,16.497030234336854,0.0075982093811035,0,0.0075982093811035,0,0,0
13.5,0,1658.8,0,888.9360939331567,0,2238.0,0,821.3006671807658,0,51.49373998641968,166519346.77369812,0,166519346.77369812,0,0,0
5.5,0,825.7,0,338.8261111111111,0,1733.8,0,528.5371140684788,0,12.347708821296692,0.006038498878479,0,0.006038498878479,0,0,0
5.5,0,66.0,0,66.0,0,66.0,0,0.0,0,20.06586396694184,0.0001444816589355,0,0.0001444816589355,0,0,0
13.5,0,307.8,0,1182.9539122573333,0,1999.0,0,581.4682590924286,0,39.76922633647919,166525679.3601936,0,166525679.3601936,0,0,0
13.5,0,102.8,0,375.77846285938006,0,1514.0,0,548.9449848958863,0,20.318244290351867,166525204.9625876,0,166525204.9625876,0,0,0
13.5,0,152.8,0,489.9944799790852,0,1494.0,0,618.4735762140452,0,0.2245531797409057,166523337.449507,0,166523337.449507,0,0,0
13.5,0,934.4,0,1324.4179208390508,0,4410.0,0,1160.3326268266524,0,1.925225591659546,166518495.0297755,0,166518495.0297755,0,0,0
5.5,0,64.4,0,65.84,0,66.0,0,0.48,0,100.41627473831176,0.0011145830154418,0,0.0011145830154418,0,0,0
5.5,0,78.0,0,70.93777777777777,0,152.4,0,35.23361568703482,0,36.46240446567536,0.0108443021774292,0,0.0108443021774292,0,0,0
13.5,0,2150.9,0,1126.7738029239422,0,5907.9,0,1548.602068969332,0,52.92476506233216,166518081.8937872,0,166518081.8937872,0,0,0
13.5,0,1514.0,0,1514.0,0,1514.0,0,0.0,0,58.33253042697906,166524899.76234633,0,166524899.76234633,0,0,0
13.5,0,1229.0,0,1957.6161099340973,0,5858.0,0,1215.18947765491,0,60.06563913822174,166524613.2060923,0,166524613.2060923,0,0,0
5.5,0,94.4,0,83.31916666666666,0,152.8,0,31.76346782432677,0,10.109438824653626,0.012426209449768,0,0.012426209449768,0,0,0
5.5,0,252.4,0,145.55579365079365,0,291.8,0,63.88170517076294,0,57.61967530250549,0.0156922101974487,0,0.0156922101974487,0,0,0
5.5,0,78.3,0,72.50738095238094,0,111.0,0,15.138784239645815,0,37.10829074382782,0.0077045917510986,0,0.0077045917510986,0,0,0
13.5,0,1025.2,0,847.0184612850169,0,1494.0,0,696.5686793854727,0,5.629965662956238,166521337.5847157,0,166521337.5847157,0,0,0
5.5,0,89.2,0,90.66492063492063,0,161.4,0,39.84416132746455,0,41.11308689117432,0.008895206451416,0,0.008895206451416,0,0,0
13.5,0,1485.7,0,970.6047922278958,0,3541.2,0,1021.6916043392392,0,46.28086261749267,166525434.3975901,0,166525434.3975901,0,0,0
13.5,0,1948.4,0,736.9704006073046,0,2962.0,0,1010.7024810952056,0,91.38178956508636,166523608.6589678,0,166523608.6589678,0,0,0
5.5,0,102.6,0,102.96753968253968,0,192.4,0,49.414492344205165,0,24.71579427719116,0.0125293016433715,0,0.0125293016433715,0,0,0
5.5,0,66.0,0,66.0,0,66.0,0,0.0,0,30.84347805976868,0.0007587194442749,0,0.0007587194442749,0,0,0
13.5,0,307.4,0,380.4539078289272,0,1514.0,0,516.6859056690097,0,4.499570822715759,166521474.1486502,0,166521474.1486502,0,0,0
13.5,0,1510.0,0,662.5877580383154,0,1514.0,0,671.2872882607005,0,14.021067762374878,166520234.3842801,0,166520234.3842801,0,0,0
5.5,0,517.8,0,170.4668253968254,0,521.7,0,180.6334092222829,0,48.08616597652436,0.0077839136123657,0,0.0077839136123657,0,0,0
5.5,0,132.8,0,126.83238095238096,0,204.6,0,62.81926849964138,0,114.38895843029022,0.0160982847213745,0,0.0160982847213745,0,0,0
13.5,0,1417.7,0,756.6834171470085,0,1514.0,0,685.8738699260025,0,13.976171493530272,166521025.7356727,0,166521025.7356727,0,0,0
5.5,0,164.8,0,174.67992063492062,0,302.5,0,97.84907260744208,0,78.94263834953308,0.0295074939727783,0,0.0295074939727783,0,0,0
5.5,0,164.4,0,300.67714285714294,0,764.0,0,232.7887451243552,0,50.21999619007111,0.0156595945358276,0,0.0156595945358276,0,0,0
13.5,0,597.8,0,388.5982037600343,0,1514.0,0,528.1191699832011,0,55.63933980464935,166524055.0970312,0,166524055.0970312,0,0,0
5.5,0,493.3,0,136.19448412698415,0,654.0,0,192.2015701221136,0,1.5344922065734865,0.0131999015808105,0,0.0131999015808105,0,0,0
5.5,0,806.4,0,401.5887301587301,0,1079.6,0,446.7025598539579,0,112.91791429519654,0.0026453018188476,0,0.0026453018188476,0,0,0
13.5,0,2738.9,0,655.5000773177632,0,4193.1,0,1104.587177553344,0,54.03230230808258,166525595.02815813,0,166525595.02815813,0,0,0
13.5,0,1494.8,0,525.412185758428,0,2355.8,0,837.351424974357,0,0.5163293361663819,166517018.1109581,0,166517018.1109581,0,0,0
13.5,0,129.6,0,455.9447670947904,0,4410.0,0,1065.3281315232468,0,24.536355209350585,166522603.6229183,0,166522603.6229183,0,0,0
13.5,0,646.1,0,193.0338228373793,0,842.0,0,261.63976376665306,0,39.040385890007016,166525508.53102797,0,166525508.53102797,0,0,0
5.5,0,1383.2,0,1935.403492063492,0,4120.4,0,1123.3484383918346,0,27.24950144290924,0.00325129032135,0,0.00325129032135,0,0,0
13.5,0,1417.7,0,850.5262866240228,0,1514.0,0,687.4643982756006,0,22.415102815628053,166522284.13530168,0,166522284.13530168,0,0,0
5.5,0,807.8,0,318.35928571428565,0,1260.4,0,409.5656353560206,0,83.86308927536011,0.0106053829193115,0,0.0106053829193115,0,0,0
13.5,0,1814.2,0,1791.662226838779,0,4410.0,0,1334.4968667328394,0,15.590251350402832,166522296.4617085,0,166522296.4617085,0,0,0
5.5,0,81.3,0,66.90623015873015,0,85.2,0,7.261203232383861,0,152.29173872470855,0.0154958009719848,0,0.0154958009719848,0,0,0
13.5,0,63.0,0,645.8506313251593,0,1514.0,0,701.4381694414972,0,22.45099265575409,166520880.25717962,0,166520880.25717962,0,0,0
13.5,0,141.0,0,84.05222615361934,0,348.0,0,66.91015855058127,0,6.154184627532959,166516999.2282341,0,166516999.2282341,0,0,0
13.5,0,1179.2,0,1014.5136590653927,0,2858.0,0,956.0659771503776,0,0.5914820194244385,166520193.9148191,0,166520193.9148191,0,0,0
5.5,0,1194.0,0,1532.066031746032,0,2858.0,0,974.8402398119777,0,0.7565372467041016,7.309913635253907e-05,0,7.309913635253907e-05,0,0,0
13.5,0,136.1,0,89.53353680332397,0,219.2,0,49.81726174411055,0,63.187904477119446,166520792.7973618,0,166520792.7973618,0,0,0
5.5,0,132.8,0,133.0674603174603,0,231.8,0,61.0160509634088,0,10.89313907623291,0.0131479978561401,0,0.0131479978561401,0,0,0
5.5,0,123.4,0,149.2709920634921,0,286.1,0,75.35574818137331,0,19.715973353385927,0.0191334962844848,0,0.0191334962844848,0,0,0
5.5,0,90.2,0,86.56960317460319,0,159.4,0,35.99272577002336,0,33.42966187000275,0.0008921146392822,0,0.0008921146392822,0,0,0
13.5,0,65.4,0,83.37572479678904,0,230.0,0,44.98594560979198,0,28.8784663438797,166520425.4373614,0,166520425.4373614,0,0,0
13.5,0,917.6,0,846.8586032165289,0,1880.8,0,719.7134722883626,0,0.7005174636840821,166520193.1892012,0,166520193.1892012,0,0,0
5.5,0,656.4,0,707.2265476190476,0,1514.0,0,612.2329840692363,0,0.2200627565383911,0.0012781858444213,0,0.0012781858444213,0,0,0
5.5,0,66.0,0,66.0,0,66.0,0,0.0,0,7.225101184844971,0.000257396697998,0,0.000257396697998,0,0,0
13.5,0,1249.8,0,1451.1362497886532,0,5858.0,0,1447.0481394985757,0,28.76110455989837,166520182.34531742,0,166520182.34531742,0,0,0
5.5,0,76.4,0,65.24349206349207,0,117.2,0,21.225177655183025,0,143.74765396118164,0.0123891830444335,0,0.0123891830444335,0,0,0
13.5,0,174.5,0,130.16970530587406,0,587.4,0,147.05392256267467,0,11.20339288711548,166521010.1792907,0,166521010.1792907,0,0,0
5.5,0,941.3,0,325.0984523809524,0,1313.2,0,418.3684638292545,0,92.24693968296052,0.0108752012252807,0,0.0108752012252807,0,0,0
13.5,0,91.8,0,571.5229648035145,0,1514.0,0,664.9625409451785,0,63.913272857666016,166524748.77451998,0,166524748.77451998,0,0,0
5.5,0,64.8,0,63.68523809523808,0,66.0,0,4.166413103346633,0,3.563371276855469,0.0024096965789794,0,0.0024096965789794,0,0,0
13.5,0,1238.7,0,1520.729939358887,0,5858.0,0,1659.3944911141505,0,31.49287850856781,166524138.014301,0,166524138.014301,0,0,0
5.5,0,1155.3,0,857.7278174603174,0,1647.8,0,561.8624109941217,0,2.892698049545288,0.0063447952270507,0,0.0063447952270507,0,0,0
13.5,0,507.0,0,121.26163758755862,0,563.4,0,152.11375721409513,0,71.20881083011628,166520217.347697,0,166520217.347697,0,0,0
5.5,0,66.2,0,61.15833333333334,0,98.8,0,15.447177429247848,0,527.7015390396118,0.0162155151367187,0,0.0162155151367187,0,0,0
13.5,0,284.2,0,193.7973840865017,0,680.0,0,231.4966634009657,0,28.03705699443817,166526322.7855952,0,166526322.7855952,0,0,0
13.5,0,659.1,0,1574.199267072367,0,4410.0,0,1153.539464385584,0,4.213923406600952,166518437.14967337,0,166518437.14967337,0,0,0
13.5,0,630.3,0,1228.534147976207,0,5559.0,0,1528.742960606534,0,50.34947266578674,166517935.7918685,0,166517935.7918685,0,0,0
5.5,0,2027.9,0,2358.0776984126983,0,3830.8,0,1040.2806814670778,0,61.35332691669464,0.0114454984664917,0,0.0114454984664917,0,0,0
13.5,0,499.2,0,889.2670073970578,0,1514.0,0,708.0168509397366,0,5.390674614906311,166522230.1010986,0,166522230.1010986,0,0,0
13.5,0,973.1,0,764.4221792925857,0,1658.8,0,720.3690724008236,0,12.346109771728516,166518823.7385175,0,166518823.7385175,0,0,0
5.5,0,75.0,0,92.3607142857143,0,156.0,0,31.248098275099743,0,11.422157526016235,0.0059643983840942,0,0.0059643983840942,0,0,0
13.5,0,85.8,0,71.18010577915376,0,120.0,0,14.94965286776692,0,60.55232679843903,166525780.5889678,0,166525780.5889678,0,0,0
13.5,0,134.0,0,97.25481716683728,0,223.6,0,61.38468182517961,0,60.6703777551651,166520589.3160958,0,166520589.3160958,0,0,0
5.5,0,605.4,0,1167.891746031746,0,2817.2,0,859.7676773846354,0,18.275486516952515,0.0073134899139404,0,0.0073134899139404,0,0,0
5.5,0,75.0,0,83.3607142857143,0,147.0,0,31.248098275099743,0,79.1684868812561,0.0031802892684936,0,0.0031802892684936,0,0,0
5.5,0,111.2,0,86.30682539682539,0,126.6,0,24.94986383272487,0,25.954363322258,0.0143062114715576,0,0.0143062114715576,0,0,0
13.5,0,1948.4,0,1742.2284591651037,0,4895.0,0,1107.500538737127,0,2.4019504308700563,166518417.010445,0,166518417.010445,0,0,0
5.5,0,420.2,0,214.3518253968254,0,478.8,0,124.69082957442006,0,50.70969386100769,0.0219184160232543,0,0.0219184160232543,0,0,0
13.5,0,130.2,0,488.72197277954245,0,2922.0,0,821.6434462440864,0,26.047952127456664,166522157.95071012,0,166522157.95071012,0,0,0
13.5,0,2165.9,0,953.7106543387814,0,4652.5,0,1334.4534329194685,0,12.62223482131958,166519361.1856904,0,166519361.1856904,0,0,0
5.5,0,71.6,0,69.99809523809525,0,154.8,0,34.8926870908946,0,136.60067689418793,0.0162919044494628,0,0.0162919044494628,0,0,0
5.5,0,94.6,0,75.68777777777778,0,153.6,0,27.64096124390187,0,27.33563702106476,0.0033396959304809,0,0.0033396959304809,0,0,0
13.5,0,1416.3,0,1353.0139423807188,0,2178.0,0,474.3764679525925,0,42.94747540950775,166516961.8562466,0,166516961.8562466,0,0,0
5.5,0,66.0,0,66.0,0,66.0,0,0.0,0,0.8748185396194458,0.0007338047027587,0,0.0007338047027587,0,0,0
5.5,0,149.1,0,298.7972619047619,0,791.0,0,240.842470909645,0,56.491921949386594,0.001589298248291,0,0.001589298248291,0,0,0
5.5,0,511.4,0,363.89809523809527,0,1079.6,0,455.3680758509056,0,25.852125549316405,0.0015439987182617,0,0.0015439987182617,0,0,0
5.5,0,124.2,0,109.66642857142855,0,188.6,0,59.89493024886461,0,24.21869776248932,0.064673900604248,0,0.064673900604248,0,0,0
13.5,0,2208.0,0,1223.116506563612,0,2922.0,0,1175.317894972772,0,1.088019847869873,166519375.33946472,0,166519375.33946472,0,0,0
13.5,0,1948.4,0,1735.5338917687063,0,4410.0,0,886.0584159455772,0,11.05024311542511,166526031.5194169,0,166526031.5194169,0,0,0
13.5,0,124.0,0,105.26015269474247,0,239.8,0,62.46099723181993,0,11.546048164367676,166519234.31785813,0,166519234.31785813,0,0,0
13.5,0,100.9,0,105.26191583442358,0,214.0,0,50.294341247324645,0,123.88410403728486,166523139.87009448,0,166523139.87009448,0,0,0
13.5,0,506.7,0,1577.931490184652,0,4410.0,0,1164.0135529071167,0,51.46513195037842,166522944.3776951,0,166522944.3776951,0,0,0
5.5,0,124.8,0,94.29301587301586,0,255.5,0,63.24086321103749,0,29.14091761112213,0.0148610115051269,0,0.0148610115051269,0,0,0
5.5,0,68.2,0,70.79373015873017,0,77.0,0,4.546534688437602,0,19.183753156661982,0.006084394454956,0,0.006084394454956,0,0,0
13.5,0,3690.9,0,1601.1006077436496,0,9338.1,0,2454.097629573904,0,1.9883652925491333,166518122.41606033,0,166518122.41606033,0,0,0
5.5,0,1706.7,0,1539.3846428571428,0,6582.0,0,2177.121389200576,0,18.787927770614623,0.0074371814727783,0,0.0074371814727783,0,0,0
5.5,0,69.0,0,81.23452380952381,0,147.0,0,32.2612457418917,0,1.6294280529022216,0.0055897951126098,0,0.0055897951126098,0,0,0
5.5,0,100.8,0,126.36214285714286,0,230.0,0,57.83608409627459,0,105.58714463710784,0.0221825122833251,0,0.0221825122833251,0,0,0
5.5,0,92.9,0,99.48376984126983,0,212.0,0,67.60632284111458,0,125.96979506015778,0.0092771053314208,0,0.0092771053314208,0,0,0
13.5,0,303.3,0,675.6829457844358,0,1494.0,0,663.0984805339366,0,28.0017939567566,166521555.88871878,0,166521555.88871878,0,0,0
5.5,0,167.0,0,114.96265873015872,0,302.0,0,82.91731653933016,0,63.205218815803526,0.0155495882034301,0,0.0155495882034301,0,0,0
5.5,0,74.5,0,68.96503968253968,0,93.6,0,10.355633328629184,0,30.53773982524872,0.0050700187683105,0,0.0050700187683105,0,0,0
5.5,0,678.4,0,278.864126984127,0,721.2,0,275.8245337865711,0,37.98274662494659,0.0232867002487182,0,0.0232867002487182,0,0,0
13.5,0,66.0,0,71.6176797866736,0,156.0,0,22.52305830302669,0,50.20513484477997,166519940.9309424,0,166519940.9309424,0,0,0
5.5,0,945.4,0,918.4880158730156,0,1948.4,0,720.1683059499221,0,13.313305258750916,0.0045385122299194,0,0.0045385122299194,0,0,0
13.5,0,837.7,0,465.59416487923846,0,1803.6,0,582.2476696037487,0,11.92199501991272,166518679.00081238,0,166518679.00081238,0,0,0
5.5,0,118.2,0,106.34571428571428,0,139.4,0,34.04004312952399,0,4.808421421051025,0.0157291889190673,0,0.0157291889190673,0,0,0
13.5,0,1079.6,0,790.3414449284804,0,3541.2,0,1143.7518482714945,0,0.5121993780136108,166525294.0165522,0,166525294.0165522,0,0,0
13.5,0,367.2,0,1248.3294019478112,0,2962.0,0,711.5104947814546,0,25.756374049186707,166517911.8670775,0,166517911.8670775,0,0,0
13.5,0,1658.8,0,1951.478874187388,0,2962.0,0,662.8318384372542,0,71.1718777179718,166524978.9397499,0,166524978.9397499,0,0,0
5.5,0,75.8,0,66.15253968253968,0,110.4,0,19.755735764246143,0,65.40130650997162,0.0206279993057251,0,0.0206279993057251,0,0,0
13.5,0,166.2,0,154.85160882289364,0,317.0,0,83.13097566514115,0,71.73905382156372,166517384.1562446,0,166517384.1562446,0,0,0
5.5,0,1182.8,0,975.2280952380952,0,2578.8,0,984.0146358152208,0,0.7440873622894287,0.000101900100708,0,0.000101900100708,0,0,0
5.5,0,88.2,0,91.17789682539684,0,147.0,0,34.17520213635373,0,69.02390019893646,0.0325770139694213,0,0.0325770139694213,0,0,0
13.5,0,967.5,0,840.9678487061614,0,2962.0,0,978.3510479623088,0,94.64790425300598,166521729.5137574,0,166521729.5137574,0,0,0
5.5,0,274.3,0,129.096626984127,0,529.6,0,149.15310489593278,0,25.882224082946777,0.0076757907867431,0,0.0076757907867431,0,0,0
5.5,0,104.4,0,105.86857142857144,0,143.0,0,43.00132695755019,0,84.34888017177582,0.0231674909591674,0,0.0231674909591674,0,0,0
13.5,0,1082.4,0,978.7541280202424,0,2962.0,0,937.736652243257,0,68.0137957572937,166518606.60247368,0,166518606.60247368,0,0,0
5.5,0,1716.3,0,1652.8157142857144,0,2238.0,0,303.1478418151943,0,78.74748647212982,0.0071842193603515,0,0.0071842193603515,0,0,0
13.5,0,64.8,0,145.9919369600987,0,895.0,0,205.51792348489,0,45.21565563678742,166517608.1044754,0,166517608.1044754,0,0,0
13.5,0,80.8,0,117.49630971668508,0,317.0,0,77.56909975952142,0,9.36479914188385,166517104.0723853,0,166517104.0723853,0,0,0
13.5,0,66.0,0,72.01894262857886,0,156.0,0,22.36478912978056,0,1.950240755081177,166519219.89613152,0,166519219.89613152,0,0,0
13.5,0,150.8,0,130.99526554370982,0,533.0,0,129.5247528245251,0,51.5506270647049,166522728.5317482,0,166522728.5317482,0,0,0
13.5,0,158.8,0,507.69145384715046,0,5244.0,0,1278.053882975614,0,1.1918779373168946,166521523.76166958,0,166521523.76166958,0,0,0
5.5,0,96.4,0,129.01396825396827,0,172.0,0,34.66649427731224,0,17.056725168228148,0.0087783098220825,0,0.0087783098220825,0,0,0
13.5,0,54.4,0,72.21472679968811,0,230.0,0,49.19753144658931,0,118.74643366336822,166522744.10530668,0,166522744.10530668,0,0,0
13.5,0,66.0,0,172.1340216839404,0,715.0,0,216.6414755753132,0,14.548053097724914,166520886.0822851,0,166520886.0822851,0,0,0
13.5,0,193.8,0,222.74262686917487,0,842.5,0,215.16269868580744,0,6.669756531715393,166518155.1811252,0,166518155.1811252,0,0,0
5.5,0,184.8,0,413.7614285714286,0,1244.0,0,407.11287566455775,0,1.9181071758270265,0.0026033878326416,0,0.0026033878326416,0,0,0
13.5,0,910.9,0,1201.7497468587485,0,3316.9,0,1163.028184802674,0,47.08515617847443,166523400.969182,0,166523400.969182,0,0,0
5.5,0,1109.4,0,559.39373015873,0,1434.8,0,489.66503630613806,0,32.72302622795105,0.0320318937301635,0,0.0320318937301635,0,0,0
5.5,0,102.6,0,115.80559523809522,0,212.4,0,68.2600739090797,0,54.48270938396454,0.0066951990127563,0,0.0066951990127563,0,0,0
13.5,0,1065.9,0,264.1860999720094,0,1131.2,0,351.9112904435072,0,5.439598608016968,166524008.2428361,0,166524008.2428361,0,0,0
13.5,0,139.4,0,97.17618421525157,0,203.0,0,53.51552585075662,0,47.55447604656219,166524873.9187961,0,166524873.9187961,0,0,0
5.5,0,66.7,0,56.1620238095238,0,78.2,0,8.607057673340039,0,19.87508130073548,0.0091593980789184,0,0.0091593980789184,0,0,0
13.5,0,934.8,0,1509.1781023070498,0,7306.0,0,1730.2847550710223,0,1.5711971521377563,166518314.2733159,0,166518314.2733159,0,0,0
13.5,0,193.0,0,175.6738240015059,0,936.0,0,225.89644785883783,0,87.21856453418732,166524904.01819712,0,166524904.01819712,0,0,0
5.5,0,1710.1,0,799.0653968253968,0,2242.2,0,760.0180961223556,0,12.333245944976806,0.0077120065689086,0,0.0077120065689086,0,0,0
13.5,0,231.2,0,929.9745395746324,0,1474.0,0,641.18453864551,0,51.17942185401917,166522069.5119003,0,166522069.5119003,0,0,0
13.5,0,92.0,0,1504.1073530558708,0,5858.0,0,1795.5446147740872,0,38.70367434024811,166522264.34488812,0,166522264.34488812,0,0,0
5.5,0,90.8,0,91.80710317460316,0,199.9,0,51.469327862621,0,44.9751177072525,0.0101929903030395,0,0.0101929903030395,0,0,0
5.5,0,1217.7,0,1753.676309523809,0,3830.8,0,984.3807881181076,0,89.2849292755127,0.0092839002609252,0,0.0092839002609252,0,0,0
13.5,0,178.2,0,142.83644223337723,0,707.4,0,176.441287868966,0,35.0310840845108,166520819.9876755,0,166520819.9876755,0,0,0
13.5,0,91.1,0,72.48955949107652,0,142.9,0,19.949409255253165,0,48.88557534217834,166523263.35969263,0,166523263.35969263,0,0,0
5.5,0,1080.8,0,908.937619047619,0,1514.0,0,629.2976207154113,0,18.47888743877411,0.0028112888336181,0,0.0028112888336181,0,0,0
5.5,0,1803.6,0,2000.2292063492064,0,2817.2,0,598.4892935325134,0,4.544434785842896,0.0019580125808715,0,0.0019580125808715,0,0,0
13.5,0,74.6,0,143.0803123776808,0,1202.0,0,282.2122278466114,0,65.47452857494355,166523208.2008526,0,166523208.2008526,0,0,0
5.5,0,233.0,0,196.59182539682536,0,430.2,0,124.5635325508993,0,5.515049886703491,0.0114025831222534,0,0.0114025831222534,0,0,0
13.5,0,134.3,0,122.51411458166876,0,230.0,0,65.51576391713262,0,146.40418088436127,166525881.1371736,0,166525881.1371736,0,0,0
13.5,0,117.7,0,84.49897109512435,0,249.5,0,46.30362801302991,0,26.1734659910202,166520854.4769643,0,166520854.4769643,0,0,0
13.5,0,106.1,0,156.81635924146372,0,358.0,0,109.49272712219246,0,251.82511789798733,166516548.5247658,0,166516548.5247658,0,0,0
13.5,0,66.8,0,207.5214622151155,0,1312.0,0,330.66992167319324,0,9.84976875782013,166519716.86037412,0,166519716.86037412,0,0,0
13.5,0,89.1,0,75.39674070640403,0,142.8,0,24.390472005216,0,8.045371603965759,166520398.48883992,0,166520398.48883992,0,0,0
5.5,0,934.8,0,922.3885714285713,0,1369.2,0,609.8670203719528,0,42.687116622924805,0.0005838871002197,0,0.0005838871002197,0,0,0
13.5,0,122.0,0,396.7364322996405,0,1999.0,0,646.1831135067091,0,8.366290616989136,166521841.49861652,0,166521841.49861652,0,0,0
5.5,0,185.9,0,269.9611507936508,0,733.6,0,232.2335400576013,0,52.78566753864288,0.004806900024414,0,0.004806900024414,0,0,0
5.5,0,790.0,0,277.74126984126985,0,1079.6,0,347.7593448336935,0,17.77966136932373,0.0016613006591796,0,0.0016613006591796,0,0,0
13.5,0,109.1,0,207.4094789425401,0,1514.0,0,352.8933045515197,0,3.011637687683105,166520685.0135798,0,166520685.0135798,0,0,0
13.5,0,106.5,0,669.4604764026823,0,3489.0,0,927.7542654264184,0,8.00104615688324,166522751.13769978,0,166522751.13769978,0,0,0
5.5,0,73.5,0,71.8677380952381,0,117.0,0,22.026711380181904,0,12.567532968521116,0.0068885087966918,0,0.0068885087966918,0,0,0
13.5,0,115.0,0,95.9164045294231,0,214.0,0,47.8700725340687,0,84.62018101215362,166519052.7736626,0,166519052.7736626,0,0,0
13.5,0,155.4,0,155.07891940275064,0,510.3,0,129.83321385898844,0,30.518399810791017,166517027.60254937,0,166517027.60254937,0,0,0
13.5,0,82.6,0,75.93384025073655,0,207.8,0,41.91057981628734,0,108.78009743690492,166525015.81573778,0,166525015.81573778,0,0,0
5.5,0,117.8,0,67.88873015873016,0,121.8,0,21.11595790496038,0,41.90040955543518,0.0054141998291015,0,0.0054141998291015,0,0,0
13.5,0,84.4,0,110.17061264157238,0,344.0,0,82.97504301475644,0,24.303537321090698,166516510.07746333,0,166516510.07746333,0,0,0
5.5,0,138.6,0,114.490873015873,0,260.8,0,85.51974039991872,0,74.53026587963105,0.0071505784988403,0,0.0071505784988403,0,0,0
13.5,0,62.7,0,227.96450929144817,0,1514.0,0,389.1435657337005,0,46.20417394638061,166524677.9713462,0,166524677.9713462,0,0,0
5.5,0,934.8,0,1114.0761904761905,0,2962.0,0,1155.9453395587302,0,2.461268997192383,0.0002288103103637,0,0.0002288103103637,0,0,0
5.5,0,216.6,0,137.22309523809523,0,658.8,0,191.8322748067068,0,1.4965171813964844,4.792213439941407e-06,0,4.792213439941407e-06,0,0,0
5.5,0,206.7,0,259.2412698412698,0,763.4,0,234.7884453245129,0,38.68729350566864,0.0086666822433471,0,0.0086666822433471,0,0,0
13.5,0,1514.0,0,593.3692863887059,0,1514.0,0,623.5334319565394,0,13.975632691383362,166517657.0185168,0,166517657.0185168,0,0,0
5.5,0,802.6,0,306.96198412698413,0,1237.0,0,399.88833484369087,0,60.96888179779053,0.0044392108917236,0,0.0044392108917236,0,0,0
5.5,0,416.6,0,402.53329365079367,0,1787.0,0,600.1912496683268,0,23.839238142967226,0.0048367977142333,0,0.0048367977142333,0,0,0
5.5,0,143.1,0,185.33507936507937,0,357.0,0,112.66270749327086,0,37.20098440647125,0.0063474178314208,0,0.0063474178314208,0,0,0
5.5,0,66.6,0,85.45325396825396,0,156.0,0,35.70360135484923,0,3.048299503326416,0.0057183980941772,0,0.0057183980941772,0,0,0
13.5,0,1658.8,0,1154.8271252337274,0,2672.4,0,1026.6484262330755,0,8.193254566192627,166518355.4721773,0,166518355.4721773,0,0,0
5.5,0,817.7,0,1906.9526984126985,0,4410.0,0,1396.4370268288626,0,10.573475670814512,0.014834189414978,0,0.014834189414978,0,0,0
13.5,0,97.9,0,86.92933964556258,0,250.0,0,56.17897972430576,0,54.2449166059494,166524412.469115,0,166524412.469115,0,0,0
5.5,0,1658.8,0,1544.5688888888888,0,1803.6,0,88.94624974036093,0,42.25884752273559,0.0024179935455322,0,0.0024179935455322,0,0,0
5.5,0,1278.8,0,2142.919365079365,0,4356.4,0,1290.4652898875097,0,5.64803638458252,0.0007297992706298,0,0.0007297992706298,0,0,0
5.5,0,1514.0,0,1676.612698412698,0,2962.0,0,589.6633209723175,0,60.65484917163849,0.0038522005081176,0,0.0038522005081176,0,0,0
13.5,0,1229.0,0,1428.00325648208,0,1514.0,0,300.77980394860265,0,26.895493268966675,166525228.147897,0,166525228.147897,0,0,0
13.5,0,1079.6,0,1015.736949988436,0,2962.0,0,928.947876607788,0,1.855498743057251,166522449.4140831,0,166522449.4140831,0,0,0
13.5,0,1369.2,0,1183.8150840095575,0,1514.0,0,605.3701954027547,0,43.145219397544864,166524466.0925926,0,166524466.0925926,0,0,0
13.5,0,951.0,0,917.228201921058,0,5858.0,0,1562.941203266269,0,3.369914102554321,166523356.8210837,0,166523356.8210837,0,0,0
5.5,0,672.8,0,269.37583333333333,0,1227.2,0,387.9607130179635,0,7.402264666557312,0.0014418125152587,0,0.0014418125152587,0,0,0
13.5,0,99.2,0,227.88672606590177,0,2078.0,0,498.1898502871688,0,1.6576464414596557,166517039.2021628,0,166517039.2021628,0,0,0
5.5,0,623.9,0,1110.7780555555555,0,1950.5,0,572.1857301200125,0,9.115844249725342,0.0131919860839843,0,0.0131919860839843,0,0,0
5.5,0,1513.6,0,1621.9279365079365,0,2382.8,0,320.79358798780777,0,39.05089004039765,0.0002990961074829,0,0.0002990961074829,0,0,0
5.5,0,134.4,0,104.44134920634922,0,177.6,0,50.50784270538055,0,44.82614262104035,0.0454364776611328,0,0.0454364776611328,0,0,0
5.5,0,78.2,0,71.51079365079366,0,126.8,0,21.17501401675066,0,56.79474890232086,0.0040287971496582,0,0.0040287971496582,0,0,0
13.5,0,1515.2,0,1674.2261810532086,0,5858.0,0,1399.7008985362909,0,36.56915092468262,166521667.7180982,0,166521667.7180982,0,0,0
13.5,0,71.8,0,937.7632221115658,0,2962.0,0,868.5059613538131,0,19.117997670173644,166524043.1687438,0,166524043.1687438,0,0,0
13.5,0,132.4,0,109.96683913781438,0,214.0,0,56.1060243961247,0,87.06547710895538,166525599.880528,0,166525599.880528,0,0,0
5.5,0,463.8,0,529.7683333333333,0,1206.8,0,520.1904320612541,0,7.6262298107147215,0.0013772964477539,0,0.0013772964477539,0,0,0
13.5,0,86.5,0,66.38576226276304,0,170.8,0,29.72088393895044,0,2.9172961473464967,166526070.3969332,0,166526070.3969332,0,0,0
5.5,0,1707.3,0,1388.53,0,2720.9,0,845.5825594444793,0,8.200296902656556,0.003862190246582,0,0.003862190246582,0,0,0
13.5,0,85.2,0,110.26531531677816,0,257.0,0,69.85947767002756,0,85.12501528263093,166521032.9605003,0,166521032.9605003,0,0,0
5.5,0,141.2,0,138.3179365079365,0,282.8,0,83.01143248834494,0,28.605328178405763,0.0228879928588867,0,0.0228879928588867,0,0,0
13.5,0,2093.2,0,962.9903862185288,0,3830.8,0,1111.3448294133836,0,20.88480513095856,166522425.26294369,0,166522425.26294369,0,0,0
13.5,0,136.5,0,88.92123083916428,0,326.8,0,67.60297261217157,0,2.673400855064392,166518822.8647405,0,166518822.8647405,0,0,0
13.5,0,98.3,0,108.07374132790152,0,355.3,0,81.60425383071566,0,46.99791676998139,166520536.70181042,0,166520536.70181042,0,0,0
13.5,0,187.0,0,136.330287054277,0,610.4,0,131.3535936555101,0,1.897137427330017,166516868.3086349,0,166516868.3086349,0,0,0
5.5,0,81.0,0,60.6336507936508,0,113.6,0,20.33955886480356,0,81.90800313949585,0.014306092262268,0,0.014306092262268,0,0,0
5.5,0,131.3,0,85.2224603174603,0,160.7,0,31.63148179143562,0,22.90232627391816,0.0122797012329101,0,0.0122797012329101,0,0,0
13.5,0,188.0,0,173.90684801223887,0,302.0,0,75.90119949762757,0,25.5283075094223,166518265.66294503,0,166518265.66294503,0,0,0
5.5,0,1514.0,0,1514.0,0,1514.0,0,0.0,0,9.88960666656494,0.0014271974563598,0,0.0014271974563598,0,0,0
5.5,0,575.8,0,953.8077777777778,0,2838.0,0,978.4659141194882,0,28.12959034442901,0.0088157892227172,0,0.0088157892227172,0,0,0
13.5,0,147.5,0,85.69670790810497,0,238.0,0,46.72655839404692,0,14.396847891807557,166518241.9479207,0,166518241.9479207,0,0,0
13.5,0,134.0,0,256.3996173159486,0,2245.0,0,533.1766459007166,0,30.155990266799925,166525374.5623332,0,166525374.5623332,0,0,0
5.5,0,102.4,0,105.19015873015874,0,155.0,0,41.569645880435296,0,37.14407262802124,0.020179009437561,0,0.020179009437561,0,0,0
13.5,0,83.8,0,101.74949957636105,0,441.0,0,92.15737704762893,0,58.8623927116394,166516839.2453437,0,166516839.2453437,0,0,0
5.5,0,993.1,0,1768.1924206349206,0,4120.4,0,1364.073546786239,0,39.12804801464081,0.0148679018020629,0,0.0148679018020629,0,0,0
13.5,0,2248.6,0,2463.7331159337737,0,13098.0,0,2937.591512998585,0,32.91914694309234,166523327.1448608,0,166523327.1448608,0,0,0
5.5,0,790.0,0,1183.6606349206352,0,1514.0,0,412.28948792030985,0,12.360426950454713,0.0042135000228881,0,0.0042135000228881,0,0,0
13.5,0,147.2,0,106.64723723000424,0,415.8,0,85.94075868084599,0,0.2056741237640381,166523036.05721828,0,166523036.05721828,0,0,0
13.5,0,1658.8,0,1430.3190763321645,0,2962.0,0,742.8875665371017,0,68.73831322193146,166523387.4843223,0,166523387.4843223,0,0,0
5.5,0,1372.3,0,1627.130198412698,0,2962.0,0,998.476748592627,0,1.410574698448181,0.000563907623291,0,0.000563907623291,0,0,0
13.5,0,342.2,0,118.26986683852785,0,600.4,0,140.01495911123192,0,64.48168332576752,166525129.0990783,0,166525129.0990783,0,0,0
13.5,0,66.0,0,561.0245926304517,0,5858.0,0,1448.9901827013368,0,28.35192670822144,166521608.980281,0,166521608.980281,0,0,0
5.5,0,426.2,0,304.30281746031744,0,934.8,0,365.47774349379074,0,68.49809832572937,0.0038367986679077,0,0.0038367986679077,0,0,0
13.5,0,1658.8,0,1800.6891532959642,0,4410.0,0,1026.2423046758968,0,1.4740425109863282,166519164.7828738,0,166519164.7828738,0,0,0
13.5,0,947.2,0,1086.0659385875565,0,2962.0,0,790.2946015401918,0,11.611825966835022,166520683.2424479,0,166520683.2424479,0,0,0
13.5,0,136.0,0,155.540620012942,0,809.0,0,191.47658220209044,0,5.547971367835999,166523718.225398,0,166523718.225398,0,0,0
5.5,0,108.0,0,115.7795238095238,0,222.2,0,53.16567206750703,0,121.39057822227478,0.0110586881637573,0,0.0110586881637573,0,0,0
5.5,0,772.2,0,1355.137380952381,0,3506.0,0,1043.314593826534,0,23.49303948879242,0.0099190950393676,0,0.0099190950393676,0,0,0
5.5,0,71.4,0,64.26642857142858,0,107.4,0,17.26013260264687,0,46.74216845035553,0.0084550142288208,0,0.0084550142288208,0,0,0
5.5,0,98.0,0,97.60626984126984,0,196.0,0,52.49805365128485,0,41.48696761131286,0.021831202507019,0,0.021831202507019,0,0,0
13.5,0,589.2,0,301.3087475007793,0,1442.3,0,370.10913254171794,0,2.1022884607315064,166524949.03961748,0,166524949.03961748,0,0,0
13.5,0,116.1,0,116.88101554104648,0,280.0,0,71.98762482521457,0,32.1030130147934,166517473.9522343,0,166517473.9522343,0,0,0
5.5,0,1079.6,0,1373.509523809524,0,2962.0,0,977.2076805231568,0,17.663320970535278,0.0002548933029174,0,0.0002548933029174,0,0,0
5.5,0,471.4,0,934.9037301587302,0,1514.0,0,468.6595842587519,0,52.88077402114868,0.0069895029067993,0,0.0069895029067993,0,0,0
13.5,0,1255.0,0,1702.065638703402,0,5858.0,0,1631.7784000256884,0,35.34922022819519,166521116.28197122,0,166521116.28197122,0,0,0
5.5,0,538.9,0,252.6592063492064,0,1249.6,0,396.82683350447553,0,12.481385850906372,0.0069300889968872,0,0.0069300889968872,0,0,0
13.5,0,67.2,0,66.06,0,67.2,0,0.2615339366124404,0,12.076711392402649,166518922.6821218,0,166518922.6821218,0,0,0
13.5,0,645.2,0,758.7237137578624,0,1514.0,0,721.7884684636895,0,3.3802596807479857,166518267.1274561,0,166518267.1274561,0,0,0
5.5,0,128.1,0,125.91563492063491,0,281.2,0,75.11138738730646,0,32.73874192237854,0.0109578132629394,0,0.0109578132629394,0,0,0
5.5,0,218.8,0,273.6394047619048,0,719.3,0,291.4897396347867,0,155.0873072862625,0.0126461029052734,0,0.0126461029052734,0,0,0
13.5,0,147.2,0,316.0399705613444,0,1364.0,0,427.0351638307572,0,0.203455901145935,166516409.70093936,0,166516409.70093936,0,0,0
5.5,0,72.2,0,89.81293650793651,0,156.0,0,32.67509872374241,0,48.43217344284058,0.0182360172271728,0,0.0182360172271728,0,0,0
13.5,0,2035.8,0,728.8077803684963,0,5231.7,0,1501.0474627319331,0,18.89639894962311,166526163.8800215,0,166526163.8800215,0,0,0
5.5,0,118.1,0,191.81591269841272,0,445.0,0,128.97544700584018,0,1.6236775398254395,0.0031651973724365,0,0.0031651973724365,0,0,0
5.5,0,69.2,0,66.97555555555556,0,73.2,0,2.2915886393605454,0,6.596914553642273,0.0098886966705322,0,0.0098886966705322,0,0,0
5.5,0,1393.0,0,1072.3948412698414,0,2406.6,0,769.1679873211758,0,57.59223175048828,0.0129923105239868,0,0.0129923105239868,0,0,0
13.5,0,650.3,0,245.62883364528489,0,1367.0,0,333.9694997440891,0,100.0291093826294,166520865.1586194,0,166520865.1586194,0,0,0
13.5,0,75.0,0,280.5237261564545,0,2962.0,0,718.3537347314971,0,5.025379204750061,166518590.320333,0,166518590.320333,0,0,0
13.5,0,209.4,0,226.25424356646107,0,1365.0,0,322.52300503414733,0,32.52798912525177,166523723.2464029,0,166523723.2464029,0,0,0
5.5,0,90.9,0,112.83853174603176,0,230.0,0,59.69571267188202,0,30.22818238735199,0.0380553007125854,0,0.0380553007125854,0,0,0
13.5,0,162.0,0,393.0737739728452,0,2962.0,0,771.1373884654017,0,66.0471029996872,166522878.922562,0,166522878.922562,0,0,0
5.5,0,64.8,0,65.59666666666666,0,66.0,0,1.133986313292514,0,21.34788944721221,0.0030463933944702,0,0.0030463933944702,0,0,0
13.5,0,86.1,0,101.86126881718212,0,230.0,0,54.05576806127139,0,6.999452042579651,166519402.452591,0,166519402.452591,0,0,0
5.5,0,61.2,0,59.819047619047616,0,64.4,0,6.001577095490017,0,45.09894654750824,0.0038416147232055,0,0.0038416147232055,0,0,0
5.5,0,132.2,0,175.0220238095238,0,398.8,0,115.32289283952746,0,92.37045669555664,0.0051789999008178,0,0.0051789999008178,0,0,0
13.5,0,864.9,0,1431.1012932359176,0,4410.0,0,1348.9936212744458,0,84.51774244308471,166520596.3220607,0,166520596.3220607,0,0,0
5.5,0,625.0,0,492.9030158730158,0,1831.9,0,671.0520130946454,0,15.78420557975769,0.0101300954818725,0,0.0101300954818725,0,0,0
13.5,0,112.0,0,118.01415070052067,0,230.0,0,60.02412833571424,0,100.43635573387148,166518849.71541008,0,166518849.71541008,0,0,0
5.5,0,99.7,0,89.80527777777777,0,143.0,0,26.27198696469611,0,23.651526975631715,0.0074060916900634,0,0.0074060916900634,0,0,0
5.5,0,1852.1,0,2112.431865079365,0,3830.8,0,894.4663522150391,0,69.60615589618683,0.0058925867080688,0,0.0058925867080688,0,0,0
13.5,0,136.5,0,208.0343356136468,0,1357.0,0,323.7931115153671,0,34.39690191745758,166518754.7222186,0,166518754.7222186,0,0,0
13.5,0,1442.9,0,1542.8271442906075,0,2962.0,0,1036.6970711545189,0,23.66325805187225,166520859.65264648,0,166520859.65264648,0,0,0
5.5,0,209.6,0,96.22150793650792,0,355.6,0,89.41923590972627,0,17.7439804315567,0.0011090993881225,0,0.0011090993881225,0,0,0
5.5,0,830.2,0,1733.450873015873,0,2962.0,0,917.6485709574124,0,26.70146036148072,0.0009473085403442,0,0.0009473085403442,0,0,0
13.5,0,1514.0,0,1148.583305304946,0,2962.0,0,798.4906132520761,0,1.9001108169555665,166519614.47852772,0,166519614.47852772,0,0,0
13.5,0,413.7,0,227.2466789857889,0,1138.4,0,311.9623934684231,0,18.60072774887085,166517714.41863948,0,166517714.41863948,0,0,0
13.5,0,1803.6,0,1477.0773576930465,0,2962.0,0,877.3379519894122,0,13.709759092330932,166521083.0770532,0,166521083.0770532,0,0,0
13.5,0,663.2,0,368.77680644218185,0,2400.0,0,632.9682063120734,0,0.306343936920166,166516360.4237545,0,166516360.4237545,0,0,0
13.5,0,114.2,0,106.25861157676172,0,344.0,0,73.6275224564715,0,274.1012718915939,166516537.7524194,0,166516537.7524194,0,0,0
13.5,0,98.4,0,121.35607690769844,0,230.0,0,58.7538696993217,0,118.6056156396866,166522522.13290232,0,166522522.13290232,0,0,0
5.5,0,194.7,0,420.4885714285714,0,1253.0,0,409.8635071067941,0,43.47603168487549,0.0115720987319946,0,0.0115720987319946,0,0,0
13.5,0,1057.2,0,925.4913231917724,0,2858.0,0,907.4552398270956,0,0.3342536687850952,166520193.3304761,0,166520193.3304761,0,0,0
13.5,0,99.5,0,102.13095001618608,0,215.6,0,57.36799728739793,0,95.45614993572237,166517665.7642324,0,166517665.7642324,0,0,0
13.5,0,199.0,0,751.9794956368021,0,4410.0,0,1114.3767906626858,0,28.299408388137817,166520599.8760612,0,166520599.8760612,0,0,0
13.5,0,967.0,0,702.1601604106249,0,1514.0,0,675.8125172504748,0,13.826587629318237,166522226.811956,0,166522226.811956,0,0,0
13.5,0,364.6,0,81.50242136862104,0,373.6,0,68.23582645310135,0,53.13981564044953,166523537.1008713,0,166523537.1008713,0,0,0
5.5,0,66.0,0,66.0,0,66.0,0,0.0,0,93.36402935981752,0.0004931926727294,0,0.0004931926727294,0,0,0
5.5,0,116.1,0,117.6821825396825,0,271.0,0,84.20711474500891,0,105.59722838401794,0.0105084180831909,0,0.0105084180831909,0,0,0
5.5,0,268.8,0,229.18123015873016,0,624.0,0,201.6815216277824,0,3.576621723175049,0.0146247148513793,0,0.0146247148513793,0,0,0
5.5,0,1831.5,0,2130.808095238096,0,4120.4,0,1128.2469107087825,0,51.78171629905701,0.004913592338562,0,0.004913592338562,0,0,0
5.5,0,180.2,0,151.42837301587304,0,294.7,0,87.55310416575756,0,1.6778525352478026,0.0139200925827026,0,0.0139200925827026,0,0,0
13.5,0,1233.4,0,304.5765331323303,0,1948.4,0,552.8474447858954,0,42.023204922676086,166523706.9203814,0,166523706.9203814,0,0,0
13.5,0,83.0,0,82.73781202715412,0,214.0,0,42.16701063499399,0,24.65413956642151,166519444.1378212,0,166519444.1378212,0,0,0
13.5,0,232.2,0,155.52735405203669,0,370.3,0,118.90283188082373,0,21.4337198972702,166520483.4101305,0,166520483.4101305,0,0,0
13.5,0,76.6,0,67.0878947368421,0,87.2,0,4.677163349732579,0,35.93847584724426,166526059.26607758,0,166526059.26607758,0,0,0
13.5,0,64.4,0,133.12578227242312,0,1146.0,0,269.8128938139919,0,20.55408718585968,166523367.3294861,0,166523367.3294861,0,0,0
5.5,0,98.0,0,94.4795238095238,0,206.3,0,53.33851497783351,0,0.4850573062896728,0.0117035150527954,0,0.0117035150527954,0,0,0
13.5,0,108.4,0,100.70902765148506,0,202.8,0,42.9749958417406,0,9.092271161079406,166517017.1555302,0,166517017.1555302,0,0,0
13.5,0,1514.0,0,1229.504645089173,0,1514.0,0,564.1071104719457,0,26.05980713367462,166519885.3282601,0,166519885.3282601,0,0,0
5.5,0,3106.8,0,3567.919047619048,0,9333.2,0,2909.4217776712458,0,1.8120806455612184,0.0008286952972412,0,0.0008286952972412,0,0,0
13.5,0,355.6,0,1162.6422351126682,0,1514.0,0,557.8514868349961,0,64.21211788654327,166523582.2644755,0,166523582.2644755,0,0,0
13.5,0,2093.2,0,1537.1743748262402,0,2527.6,0,514.3911417083071,0,25.450955557823185,166518284.0389179,0,166518284.0389179,0,0,0
5.5,0,307.1,0,254.58436507936509,0,703.6,0,210.28932121397708,0,15.440597414970398,0.0037078857421875,0,0.0037078857421875,0,0,0
5.5,0,195.3,0,414.3739285714285,0,1132.0,0,351.1327449878339,0,59.43759803771973,0.0114367008209228,0,0.0114367008209228,0,0,0
5.5,0,1381.9,0,582.8900396825396,0,3792.6,0,1174.792452900671,0,71.51968383789062,0.0435543060302734,0,0.0435543060302734,0,0,0
5.5,0,66.0,0,66.0,0,66.0,0,0.0,0,3.503108525276184,5.197525024414063e-06,0,5.197525024414063e-06,0,0,0
5.5,0,790.0,0,217.40793650793648,0,1224.4,0,372.3898567935379,0,44.19536380767822,0.0005554914474487,0,0.0005554914474487,0,0,0
5.5,0,66.0,0,66.0,0,66.0,0,0.0,0,1.1073460578918457,3.0994415283203125e-06,0,3.0994415283203125e-06,0,0,0
13.5,0,136.8,0,105.25804270849548,0,227.7,0,52.59202672507632,0,2.536395478248596,166516394.4048169,0,166516394.4048169,0,0,0
13.5,0,1417.7,0,763.7723940206681,0,1514.0,0,681.3532007657599,0,0.7199927568435669,166523739.78653038,0,166523739.78653038,0,0,0
13.5,0,84.0,0,110.6935646951088,0,230.0,0,48.4178798221792,0,15.08616361618042,166523082.14948002,0,166523082.14948002,0,0,0
13.5,0,516.8,0,347.9346360639704,0,2962.0,0,773.5852075847121,0,13.743405771255492,166521376.26329172,0,166521376.26329172,0,0,0
5.5,0,1182.8,0,962.7638095238092,0,2020.4,0,739.4349522633335,0,0.6611459732055665,8.020401000976562e-05,0,8.020401000976562e-05,0,0,0
13.5,0,810.5,0,907.94049814092,0,2962.0,0,883.168778205416,0,25.75768849849701,166521719.6442514,0,166521719.6442514,0,0,0
5.5,0,116.4,0,111.45785714285714,0,193.0,0,49.92771697094298,0,127.02177214622498,0.0266107082366943,0,0.0266107082366943,0,0,0
5.5,0,77.0,0,98.2186507936508,0,176.0,0,38.19212011401079,0,49.95969154834747,0.002320909500122,0,0.002320909500122,0,0,0
5.5,0,79.2,0,78.55785714285715,0,131.2,0,23.08479386859777,0,43.89362118244171,0.0177348136901855,0,0.0177348136901855,0,0,0
5.5,0,1224.4,0,862.2850793650794,0,1803.6,0,697.5820853807646,0,20.94460201263428,0.0011928081512451,0,0.0011928081512451,0,0,0
5.5,0,78.6,0,67.66,0,78.6,0,3.92572229522528,0,17.482684087753295,0.0042194843292236,0,0.0042194843292236,0,0,0
5.5,0,116.0,0,96.94555555555556,0,191.6,0,37.88613019656878,0,37.4794465303421,0.0082727909088134,0,0.0082727909088134,0,0,0
13.5,0,69.7,0,88.84388170609921,0,214.0,0,41.703682643001045,0,4.85561728477478,166525340.4253557,0,166525340.4253557,0,0,0
5.5,0,146.9,0,192.21507936507936,0,522.3,0,178.73203533937144,0,0.8943042278289794,0.0091609954833984,0,0.0091609954833984,0,0,0
5.5,0,2527.6,0,3186.842222222222,0,8030.0,0,2436.474824290147,0,1.5691923141479491,0.0018635034561157,0,0.0018635034561157,0,0,0
13.5,0,193.2,0,1107.129342694629,0,2962.0,0,790.8269752858238,0,91.15932078361512,166526281.7662075,0,166526281.7662075,0,0,0
13.5,0,135.6,0,108.16947457427334,0,239.2,0,63.491565849765074,0,3.5367411375045776,166518675.4707793,0,166518675.4707793,0,0,0
5.5,0,1094.1,0,514.5551984126984,0,2392.4,0,861.45494391221,0,26.897532987594605,0.0047266006469726,0,0.0047266006469726,0,0,0
13.5,0,75.2,0,67.94028895768835,0,102.0,0,8.183959680595741,0,16.649129128456117,166525922.2333617,0,166525922.2333617,0,0,0
5.5,0,66.0,0,66.0,0,66.0,0,0.0,0,13.83393828868866,0.0003297090530395,0,0.0003297090530395,0,0,0
13.5,0,1514.0,0,2095.028595078812,0,5858.0,0,1151.434983831155,0,11.461450266838074,166521146.41673058,0,166521146.41673058,0,0,0
5.5,0,105.2,0,118.6829365079365,0,206.8,0,50.87950544812964,0,25.02959978580475,0.0100996017456054,0,0.0100996017456054,0,0,0
5.5,0,382.8,0,184.3523809523809,0,660.8,0,232.69524996278068,0,83.01903507709503,0.007168698310852,0,0.007168698310852,0,0,0
13.5,0,587.7,0,1111.8058363690834,0,2882.0,0,894.9834725011485,0,14.94257323741913,166523449.2390601,0,166523449.2390601,0,0,0
5.5,0,73.3,0,74.48051587301586,0,85.2,0,9.084927003516809,0,34.87345314025879,0.0206971168518066,0,0.0206971168518066,0,0,0
13.5,0,1236.2,0,290.67412665679694,0,1374.4,0,413.6732952597839,0,1.5711865901947022,166517700.3757993,0,166517700.3757993,0,0,0
5.5,0,1352.8,0,819.8657142857143,0,1358.2,0,519.9608854799923,0,63.87805087566376,0.0179527997970581,0,0.0179527997970581,0,0,0
5.5,0,74.4,0,68.89833333333334,0,93.0,0,8.5604730456286,0,26.236439418792724,0.0099792003631591,0,0.0099792003631591,0,0,0
13.5,0,1658.8,0,973.912689038258,0,2238.0,0,763.4219750545378,0,30.40196521282196,166517498.9716174,0,166517498.9716174,0,0,0
5.5,0,199.1,0,211.22234126984125,0,840.9,0,270.1254205873663,0,50.403462862968446,0.0235754013061523,0,0.0235754013061523,0,0,0
5.5,0,1591.1,0,2960.762103174603,0,5858.0,0,1496.2671991804425,0,36.32458553314209,0.0070019006729125,0,0.0070019006729125,0,0,0
13.5,0,94.1,0,95.89020021215455,0,218.8,0,48.33589706540759,0,14.51905107498169,166517593.6403181,0,166517593.6403181,0,0,0
5.5,0,994.9,0,1508.5469444444443,0,2720.9,0,727.441262795088,0,65.99248869419098,0.0219551086425781,0,0.0219551086425781,0,0,0
5.5,0,1956.2,0,1955.049126984127,0,3251.6,0,803.7871167942304,0,39.50070259571076,0.0066747903823852,0,0.0066747903823852,0,0,0
13.5,0,1085.3,0,732.8471610291153,0,1514.0,0,710.7340701848784,0,93.87215194702148,166521574.2100814,0,166521574.2100814,0,0,0
13.5,0,676.2,0,182.92102403444505,0,743.6,0,218.30633204617425,0,7.09362678527832,166522078.4785795,0,166522078.4785795,0,0,0
13.5,0,64.4,0,67.77522654289295,0,135.0,0,18.7941955097028,0,6.284760212898254,166525531.8494494,0,166525531.8494494,0,0,0
13.5,0,75.0,0,71.6176797866736,0,156.0,0,22.52305830302669,0,20.42773253917694,166519860.06328732,0,166519860.06328732,0,0,0
5.5,0,85.9,0,80.94313492063492,0,151.4,0,30.49258460979835,0,4.871341824531555,0.0007843971252441,0,0.0007843971252441,0,0,0
13.5,0,1225.3,0,1031.9691166152388,0,1514.0,0,654.5359338364444,0,43.61626641750336,166520736.34312052,0,166520736.34312052,0,0,0
5.5,0,98.1,0,69.21000000000001,0,98.1,0,9.63,0,1.430932378768921,3.0040740966796874e-06,0,3.0040740966796874e-06,0,0,0
5.5,0,178.7,0,238.1749206349206,0,573.0,0,184.80415029764487,0,1.2003764152526857,0.0039959192276,0,0.0039959192276,0,0,0
5.5,0,247.2,0,114.40539682539682,0,318.6,0,88.1303399878403,0,74.31479699611664,0.0185792922973632,0,0.0185792922973632,0,0,0
5.5,0,94.6,0,83.90920634920636,0,132.2,0,28.60597132942244,0,94.75271275043488,0.038423204421997,0,0.038423204421997,0,0,0
13.5,0,130.9,0,124.09414498599097,0,508.5,0,132.7238364896497,0,51.581586480140686,166517554.8620054,0,166517554.8620054,0,0,0
13.5,0,2301.5,0,684.9713479185073,0,4321.6,0,1092.3733946831958,0,27.3003851890564,166523649.4015534,0,166523649.4015534,0,0,0
13.5,0,1224.4,0,1782.4132449078268,0,4410.0,0,806.2107195637383,0,115.49415044784546,166525711.0819946,0,166525711.0819946,0,0,0
5.5,0,244.7,0,315.2437698412698,0,1038.0,0,362.8869697951427,0,17.165856266021727,0.0081155061721801,0,0.0081155061721801,0,0,0
5.5,0,210.8,0,490.11460317460313,0,1514.0,0,502.7471811371603,0,42.16550254821777,0.0014720916748046,0,0.0014720916748046,0,0,0
13.5,0,685.9,0,1217.2423584065575,0,2962.0,0,836.114366981077,0,49.525239777565005,166523485.50170922,0,166523485.50170922,0,0,0
5.5,0,96.6,0,94.8713492063492,0,213.0,0,60.86386385255027,0,45.48550288677215,0.0104876041412353,0,0.0104876041412353,0,0,0
13.5,0,1601.6,0,1302.1894704916688,0,2858.0,0,1189.0858119454672,0,0.5503625392913818,166517697.9352745,0,166517697.9352745,0,0,0
13.5,0,71.6,0,81.19374294393258,0,230.0,0,49.32367447745785,0,32.867138266563416,166521955.8593252,0,166521955.8593252,0,0,0
5.5,0,130.0,0,118.17325396825396,0,201.4,0,59.31608692863066,0,34.60548131465912,0.0298218965530395,0,0.0298218965530395,0,0,0
13.5,0,150.8,0,114.56532879873824,0,341.4,0,100.29533331862982,0,32.590912222862244,166519378.8105993,0,166519378.8105993,0,0,0
5.5,0,192.4,0,162.1561111111111,0,337.2,0,110.99269060567008,0,13.503125047683715,0.009902286529541,0,0.009902286529541,0,0,0
13.5,0,155.4,0,132.41660317236943,0,357.0,0,105.20924443170708,0,0.5819549322128296,166522550.0767367,0,166522550.0767367,0,0,0
13.5,0,920.4,0,1012.0252737991284,0,2858.0,0,1044.5254926580433,0,0.0964199304580688,166520193.5474388,0,166520193.5474388,0,0,0
13.5,0,1513.2,0,995.1003162936136,0,2382.8,0,740.438288133121,0,10.47525191307068,166523448.2429268,0,166523448.2429268,0,0,0
13.5,0,79.1,0,730.9981970729649,0,1514.0,0,666.0733154785443,0,34.76843137741089,166520819.8733325,0,166520819.8733325,0,0,0
13.5,0,1803.6,0,1113.4839669171556,0,2962.0,0,962.974698688042,0,2.276851010322571,166518129.6674013,0,166518129.6674013,0,0,0
5.5,0,223.7,0,168.92519841269842,0,481.2,0,146.5681712234046,0,10.501837372779846,0.0026158094406127,0,0.0026158094406127,0,0,0
13.5,0,111.4,0,132.13372008065895,0,322.4,0,85.4859637139543,0,146.362766957283,166517349.48176038,0,166517349.48176038,0,0,0
13.5,0,1812.6,0,1354.8271954146644,0,2527.6,0,663.2631809885152,0,25.526922726631163,166523788.65984732,0,166523788.65984732,0,0,0
13.5,0,115.4,0,77.59152104431516,0,241.2,0,41.15874132549949,0,7.751849555969239,166520699.9407585,0,166520699.9407585,0,0,0
13.5,0,977.5,0,605.9405864165076,0,4120.4,0,1080.7801471581872,0,30.27163896560669,166519921.4000422,0,166519921.4000422,0,0,0
5.5,0,1075.3,0,2592.1076587301586,0,5858.0,0,1941.7514042841533,0,85.33319890499115,0.0002523899078369,0,0.0002523899078369,0,0,0
13.5,0,75.2,0,1050.689197933989,0,2962.0,0,1113.645011726678,0,10.760589456558227,166520001.45878777,0,166520001.45878777,0,0,0
5.5,0,1803.6,0,1559.048888888889,0,1803.6,0,103.42624974036092,0,70.63081390857697,0.0014724969863891,0,0.0014724969863891,0,0,0
5.5,0,1899.7,0,1989.39503968254,0,2809.9,0,582.1073656150427,0,7.306169152259827,0.0075572967529296,0,0.0075572967529296,0,0,0
5.5,0,96.8,0,83.61436507936507,0,139.3,0,29.71813681937252,0,22.403770160675048,0.0062256097793579,0,0.0062256097793579,0,0,0
5.5,0,175.1,0,146.0024603174603,0,244.9,0,70.72961775232586,0,76.4141352891922,0.0125209093093872,0,0.0125209093093872,0,0,0
13.5,0,130.1,0,306.88617212938425,0,2962.0,0,717.0450478036865,0,3.910764360427856,166526287.6239841,0,166526287.6239841,0,0,0
13.5,0,88.6,0,121.29457735547903,0,230.0,0,60.83669611940045,0,94.29107089042664,166520826.7901084,0,166520826.7901084,0,0,0
5.5,0,179.6,0,123.89412698412698,0,498.0,0,139.611340880271,0,25.89621980190277,0.0018256187438964,0,0.0018256187438964,0,0,0
5.5,0,1658.8,0,1636.4479365079364,0,2382.8,0,299.38756729262553,0,12.410117316246032,0.0014546871185302,0,0.0014546871185302,0,0,0
13.5,0,86.8,0,84.0340291425121,0,94.0,0,6.604791600753009,0,0.772163987159729,166520193.1175431,0,166520193.1175431,0,0,0
13.5,0,1091.8,0,1466.8570037019222,0,2962.0,0,612.7505698418411,0,85.94147953987121,166521213.41533962,0,166521213.41533962,0,0,0
13.5,0,702.5,0,210.54854241175065,0,1669.4,0,380.03224354632766,0,51.128702235221866,166525543.8610286,0,166525543.8610286,0,0,0
5.5,0,3636.0,0,3951.4066666666654,0,4350.0,0,598.5763642210692,0,48.50230376720428,0.0003035068511962,0,0.0003035068511962,0,0,0
13.5,0,122.0,0,433.9626494639691,0,1514.0,0,594.5565393199801,0,50.67276899814605,166525552.4071774,0,166525552.4071774,0,0,0
5.5,0,152.6,0,144.07126984126984,0,359.6,0,101.11164026949616,0,31.74025492668152,0.0347573041915893,0,0.0347573041915893,0,0,0
13.5,0,243.5,0,119.43028383252454,0,363.9,0,87.72231763406498,0,25.067281222343446,166519665.02573138,0,166519665.02573138,0,0,0
5.5,0,111.1,0,148.49646825396823,0,390.9,0,121.96367381141856,0,15.281259727478028,0.0095286846160888,0,0.0095286846160888,0,0,0
5.5,0,2576.1,0,3394.261468253968,0,5858.0,0,1562.3642531312732,0,13.89270350933075,0.0013177156448364,0,0.0013177156448364,0,0,0
5.5,0,75.0,0,66.9,0,75.0,0,2.7,0,23.79225924015045,0.0038717985153198,0,0.0038717985153198,0,0,0
13.5,0,92.8,0,66.26338853011453,0,142.6,0,22.185361105373808,0,240.31556482315065,166516474.8752973,0,166516474.8752973,0,0,0
13.5,0,1182.8,0,1376.4781629103609,0,2858.0,0,1391.6102303035636,0,0.5376826763153076,166517699.7746121,0,166517699.7746121,0,0,0
13.5,0,1079.6,0,1516.036313834085,0,2962.0,0,499.18682119088845,0,1.3089784145355223,166522022.5825305,0,166522022.5825305,0,0,0
13.5,0,66.0,0,72.01894262857886,0,156.0,0,22.36478912978056,0,4.792394042015076,166517841.14935872,0,166517841.14935872,0,0,0
13.5,0,81.5,0,83.39247166833853,0,215.0,0,50.44368655117806,0,96.19267473220825,166520709.3510926,0,166520709.3510926,0,0,0
5.5,0,645.2,0,768.1650793650794,0,1369.2,0,639.2023098664986,0,2.0382745027542115,0.0037868976593017,0,0.0037868976593017,0,0,0
5.5,0,377.4,0,132.43420634920636,0,431.6,0,133.79919105473255,0,46.44085373878479,0.0286012172698974,0,0.0286012172698974,0,0,0
5.5,0,1529.2,0,1294.5746031746037,0,1803.6,0,496.5500649648178,0,76.49597387313842,0.0009228944778442,0,0.0009228944778442,0,0,0
13.5,0,234.8,0,107.88747505031948,0,473.5,0,113.00678977636672,0,3.965681791305542,166521691.9997607,0,166521691.9997607,0,0,0
13.5,0,175.4,0,627.5655609831344,0,2962.0,0,998.2891548946784,0,37.70773918628693,166519172.7175174,0,166519172.7175174,0,0,0
13.5,0,107.5,0,130.79180484848828,0,333.6,0,83.81186033849659,0,0.7819291591644287,166517686.0296865,0,166517686.0296865,0,0,0
5.5,0,62.0,0,58.35079365079365,0,64.4,0,6.48804503316282,0,2.6351387023925783,0.0063917160034179,0,0.0063917160034179,0,0,0
5.5,0,506.7,0,400.38916666666665,0,1809.2,0,601.3962081635898,0,87.48524549007416,0.0111806154251098,0,0.0111806154251098,0,0,0
13.5,0,330.2,0,204.0430940164067,0,1514.0,0,390.35358133325406,0,85.36023468971253,166525145.2463259,0,166525145.2463259,0,0,0
13.5,0,1468.4,0,1225.3823573992229,0,2962.0,0,923.0791973313412,0,35.23544683456421,166519239.193152,0,166519239.193152,0,0,0
5.5,0,116.0,0,104.6368253968254,0,212.8,0,65.77584474797261,0,85.8792335987091,0.0080969095230102,0,0.0080969095230102,0,0,0
13.5,0,934.2,0,542.7965268941584,0,1948.4,0,747.2597977729554,0,29.65732090473175,166518073.89985687,0,166518073.89985687,0,0,0
13.5,0,1079.6,0,562.9590910714672,0,1514.0,0,666.0772220722805,0,7.333637928962707,166520248.4734063,0,166520248.4734063,0,0,0
13.5,0,674.2,0,1153.1588996461055,0,2962.0,0,798.963069197863,0,5.017477750778198,166519668.2231515,0,166519668.2231515,0,0,0
13.5,0,661.8,0,1232.4617880975234,0,5858.0,0,1487.4058429243028,0,60.5411073923111,166526035.72697598,0,166526035.72697598,0,0,0
5.5,0,983.3,0,600.1775793650794,0,2281.4,0,792.5886640196306,0,16.611463093757628,0.0061669111251831,0,0.0061669111251831,0,0,0
13.5,0,1087.2,0,1329.108972482196,0,2962.0,0,712.1592377430981,0,67.68471462726593,166517585.5723201,0,166517585.5723201,0,0,0
13.5,0,158.6,0,125.0118646029753,0,230.0,0,60.89328545583815,0,84.6528876066208,166518093.7988189,0,166518093.7988189,0,0,0
13.5,0,832.1,0,438.1861427049042,0,1514.0,0,609.8125876718169,0,39.49058547019958,166523626.9227883,0,166523626.9227883,0,0,0
5.5,0,89.6,0,58.80678571428571,0,96.9,0,17.46494340201915,0,21.226565194129943,0.0022266149520874,0,0.0022266149520874,0,0,0
5.5,0,76.1,0,86.58257936507935,0,148.1,0,30.081134116697854,0,18.3196519613266,0.0080666065216064,0,0.0080666065216064,0,0,0
5.5,0,500.4,0,296.41587301587305,0,934.8,0,380.8483920339318,0,35.06073868274689,0.0076588869094848,0,0.0076588869094848,0,0,0
5.5,0,263.4,0,159.4311111111111,0,358.4,0,96.8772946288424,0,99.48231296539306,0.0327162027359008,0,0.0327162027359008,0,0,0
13.5,0,103.3,0,122.16325862175322,0,228.4,0,63.37941810922712,0,66.85381443500519,166516675.55947882,0,166516675.55947882,0,0,0
5.5,0,131.1,0,87.63626984126985,0,173.7,0,37.352152083669445,0,20.165240788459776,0.0101656198501586,0,0.0101656198501586,0,0,0
13.5,0,58.4,0,239.9124169573976,0,2629.0,0,636.2835210056508,0,33.38377723693848,166518505.8131482,0,166518505.8131482,0,0,0
5.5,0,112.2,0,89.14880952380953,0,148.2,0,30.012971314974106,0,39.82139241695404,0.0208478927612304,0,0.0208478927612304,0,0,0
13.5,0,949.0,0,163.6577196290122,0,970.8,0,245.3601887042812,0,73.19488887786865,166524372.823437,0,166524372.823437,0,0,0
13.5,0,92.3,0,77.25787618513239,0,130.0,0,19.51319831632112,0,129.9462265729904,166518179.5200141,0,166518179.5200141,0,0,0
13.5,0,953.6,0,1440.0442242862057,0,1514.0,0,184.6927465450064,0,60.82999248504639,166517690.33147222,0,166517690.33147222,0,0,0
5.5,0,1088.0,0,620.1595238095239,0,1097.6,0,482.4456275628149,0,44.8603702545166,0.0086157083511352,0,0.0086157083511352,0,0,0
5.5,0,92.1,0,86.86011904761905,0,197.1,0,43.323715185080594,0,15.612084221839904,0.0232179164886474,0,0.0232179164886474,0,0,0
13.5,0,1754.9,0,396.0152921296111,0,3175.0,0,780.2350577178062,0,88.6780203819275,166520223.4235353,0,166520223.4235353,0,0,0
5.5,0,2699.6,0,2356.4411111111112,0,3867.6,0,1362.1093167505037,0,0.8001815557479859,0.0041064977645874,0,0.0041064977645874,0,0,0
13.5,0,100.7,0,97.2259893726844,0,156.0,0,38.09017912164812,0,65.45650744438171,166525271.4618477,0,166525271.4618477,0,0,0
5.5,0,68.2,0,58.81301587301588,0,79.4,0,9.024688046734578,0,112.7140415906906,0.0116894006729125,0,0.0116894006729125,0,0,0
5.5,0,345.2,0,246.2612698412698,0,1462.0,0,465.5921601388195,0,0.4673089027404785,0.0002788066864013,0,0.0002788066864013,0,0,0
13.5,0,105.4,0,101.87005662079578,0,533.0,0,119.01955198238316,0,73.36975564956666,166522836.9814424,0,166522836.9814424,0,0,0
13.5,0,551.7,0,494.0644473182476,0,2962.0,0,801.1518346712235,0,44.56247305870056,166519130.5175454,0,166519130.5175454,0,0,0
5.5,0,90.2,0,72.91019841269842,0,104.1,0,12.737569233603963,0,1.7444381952285766,0.0108556032180786,0,0.0108556032180786,0,0,0
13.5,0,79.1,0,129.6586756965085,0,665.0,0,149.43362350298594,0,7.157605481147766,166524895.5526003,0,166524895.5526003,0,0,0
13.5,0,474.4,0,211.4674925242456,0,1803.6,0,438.01517172074034,0,9.673793482780455,166518972.9007998,0,166518972.9007998,0,0,0
13.5,0,86.6,0,160.80162102689192,0,790.0,0,179.64336106795858,0,125.2333242893219,166523806.0294397,0,166523806.0294397,0,0,0
13.5,0,68.6,0,549.6046887447777,0,2798.0,0,821.6069533822481,0,44.49862637519836,166521780.94398242,0,166521780.94398242,0,0,0
13.5,0,1420.8,0,1146.3091236970804,0,3396.4,0,1048.130014828199,0,11.868391633033752,166518165.03531912,0,166518165.03531912,0,0,0
5.5,0,117.0,0,104.66265873015873,0,180.9,0,44.84688133015532,0,51.20344319343567,0.0144419193267822,0,0.0144419193267822,0,0,0
13.5,0,376.7,0,483.9824274104808,0,1494.0,0,579.542404799614,0,58.69644501209259,166520826.06552142,0,166520826.06552142,0,0,0
13.5,0,419.9,0,124.5464913865804,0,661.9,0,163.331436900168,0,9.554523921012878,166519068.8558995,0,166519068.8558995,0,0,0
5.5,0,520.8,0,943.5299206349206,0,1514.0,0,467.6014499135108,0,14.894740438461303,0.0038041114807128,0,0.0038041114807128,0,0,0
13.5,0,524.6,0,422.6589384781026,0,1514.0,0,593.4309067123829,0,50.70100371837616,166518593.9719499,0,166518593.9719499,0,0,0
5.5,0,1079.6,0,1420.2822222222223,0,1514.0,0,174.44290474932595,0,25.65984258651733,0.0002810955047607,0,0.0002810955047607,0,0,0
5.5,0,1601.6,0,1809.227301587301,0,2858.0,0,1095.797788727432,0,0.1420175552368164,0.0001255989074707,0,0.0001255989074707,0,0,0
5.5,0,92.5,0,90.88194444444444,0,165.0,0,41.06501540344553,0,54.26937420368195,0.0060786008834838,0,0.0060786008834838,0,0,0
5.5,0,1599.4,0,1637.6802777777775,0,2866.4,0,467.5143489274664,0,24.565362191200258,0.0044242143630981,0,0.0044242143630981,0,0,0
13.5,0,3830.8,0,2533.2662423094616,0,9478.0,0,2527.3969216870746,0,1.7032680988311768,166521883.515309,0,166521883.515309,0,0,0
13.5,0,668.2,0,190.85908139117504,0,743.6,0,223.5673209579263,0,13.51608612537384,166522632.6270574,0,166522632.6270574,0,0,0
13.5,0,1514.0,0,1150.2552338128846,0,2962.0,0,798.4120945620233,0,43.97080836296082,166525975.5069149,0,166525975.5069149,0,0,0
13.5,0,274.7,0,93.57359603674618,0,346.7,0,69.67508785235489,0,37.67287797927857,166519187.67715248,0,166519187.67715248,0,0,0
13.5,0,2962.0,0,1102.389261505608,0,4844.4,0,1521.490976426618,0,54.85371367931366,166522100.11659262,0,166522100.11659262,0,0,0
5.5,0,2971.0,0,4725.056111111112,0,7306.0,0,1728.4987451716047,0,34.428393959999084,0.0045514106750488,0,0.0045514106750488,0,0,0
13.5,0,75.0,0,794.7794623041217,0,4410.0,0,1192.5240460930177,0,36.77980904579162,166522809.12287268,0,166522809.12287268,0,0,0
5.5,0,519.2,0,197.9207142857143,0,976.0,0,291.3116699055503,0,16.621674036979677,0.0114462852478027,0,0.0114462852478027,0,0,0
5.5,0,182.5,0,179.80027777777778,0,324.6,0,98.4997039897568,0,48.391840267181394,0.0081990957260131,0,0.0081990957260131,0,0,0
13.5,0,1079.9,0,272.2046082516555,0,1596.0,0,468.569117291105,0,48.165266609191896,166520024.0924604,0,166520024.0924604,0,0,0
5.5,0,2092.6,0,2304.766349206349,0,4699.6,0,1316.286387927546,0,7.364492106437683,0.0021405935287475,0,0.0021405935287475,0,0,0
5.5,0,156.1,0,107.8693253968254,0,390.4,0,104.40830781469076,0,54.6127495765686,0.0123188018798828,0,0.0123188018798828,0,0,0
5.5,0,68.5,0,63.63666666666667,0,82.0,0,14.084220381346464,0,31.84940712451935,0.0123008966445922,0,0.0123008966445922,0,0,0
5.5,0,1658.8,0,1686.495873015873,0,2962.0,0,497.4151345852511,0,5.314263653755188,0.0033572912216186,0,0.0033572912216186,0,0,0
13.5,0,1719.5,0,955.0302378048508,0,3106.8,0,981.4089636250216,0,24.207461833953857,166523219.5010062,0,166523219.5010062,0,0,0
5.5,0,2093.2,0,2160.486031746032,0,2962.0,0,627.2035476668464,0,6.232469701766968,0.0003850936889648,0,0.0003850936889648,0,0,0
5.5,0,105.2,0,135.00916666666666,0,209.0,0,48.37225502323957,0,50.49380371570587,0.0189032077789306,0,0.0189032077789306,0,0,0
5.5,0,1417.7,0,1504.37,0,1514.0,0,28.890000000000004,0,17.534764981269838,0.0003679990768432,0,0.0003679990768432,0,0,0
13.5,0,1714.7,0,525.1963422817292,0,3151.2,0,889.435532362334,0,21.591064524650573,166522527.4509793,0,166522527.4509793,0,0,0
13.5,0,71.6,0,80.95098085780748,0,214.0,0,48.94785153219513,0,76.51756443977357,166522879.82686788,0,166522879.82686788,0,0,0
13.5,0,96.4,0,170.11786481449406,0,345.0,0,96.5235973241233,0,87.70053694248199,166517830.7595321,0,166517830.7595321,0,0,0
5.5,0,1058.6,0,1419.442619047619,0,2828.0,0,902.4512843802828,0,75.1555404663086,0.0078816890716552,0,0.0078816890716552,0,0,0
13.5,0,65.8,0,102.2392881258748,0,480.0,0,105.45747326393516,0,115.97051208019256,166518784.18313462,0,166518784.18313462,0,0,0
5.5,0,634.2,0,647.9604761904761,0,1203.4,0,537.6529344435979,0,61.08382351398468,0.0075856924057006,0,0.0075856924057006,0,0,0
5.5,0,1224.4,0,1434.762222222222,0,1514.0,0,166.00720868636537,0,28.53286099433899,0.0014247894287109,0,0.0014247894287109,0,0,0
13.5,0,439.8,0,303.178632190393,0,1514.0,0,484.0202275712224,0,32.6941481590271,166522829.4847599,0,166522829.4847599,0,0,0
13.5,0,1636.8,0,782.6667962661693,0,2922.0,0,1063.121565469394,0,0.3794005155563354,166518662.6807208,0,166518662.6807208,0,0,0
13.5,0,1880.8,0,1659.657960486366,0,2858.0,0,478.6952361221889,0,0.5150585889816284,166520193.74100578,0,166520193.74100578,0,0,0
13.5,0,65.0,0,220.0849312916186,0,2282.0,0,549.5342898576571,0,15.070105004310609,166523346.7479394,0,166523346.7479394,0,0,0
5.5,0,96.2,0,112.1131746031746,0,168.8,0,40.56932504833425,0,36.612447237968446,0.0328778982162475,0,0.0328778982162475,0,0,0
5.5,0,1378.2,0,1116.246111111111,0,1378.2,0,471.4990828620605,0,5.834455776214599,0.0052453994750976,0,0.0052453994750976,0,0,0
5.5,0,67.2,0,66.12,0,67.2,0,0.36,0,10.130006146430969,0.0057714939117431,0,0.0057714939117431,0,0,0
13.5,0,111.4,0,508.7107176694135,0,1514.0,0,590.0879272072477,0,67.8348067522049,166521851.2052682,0,166521851.2052682,0,0,0
5.5,0,60.8,0,64.11492063492062,0,66.0,0,2.6032929693193414,0,15.813342213630676,0.0028345108032226,0,0.0028345108032226,0,0,0
5.5,0,320.3,0,400.6199603174604,0,1234.4,0,460.7761370235852,0,30.887354826927183,0.0073865890502929,0,0.0073865890502929,0,0,0
13.5,0,580.6,0,311.425043942126,0,1257.2,0,418.5880266969583,0,38.32234230041504,166524593.64891198,0,166524593.64891198,0,0,0
13.5,0,400.8,0,499.3545997870378,0,1514.0,0,650.2891845508291,0,32.680013632774354,166518648.6399445,0,166518648.6399445,0,0,0
5.5,0,806.9,0,418.00714285714287,0,934.8,0,411.5607424349652,0,129.65616385936738,0.0033200979232788,0,0.0033200979232788,0,0,0
13.5,0,382.0,0,187.274403798386,0,1374.8,0,349.5104288092284,0,31.97160634994507,166525298.4108953,0,166525298.4108953,0,0,0
13.5,0,66.0,0,166.24883333599664,0,1565.0,0,372.49798783934506,0,33.01818590164184,166522884.40301287,0,166522884.40301287,0,0,0
5.5,0,124.3,0,95.90464285714286,0,183.7,0,46.02021401189634,0,33.85538153648376,0.0198299169540405,0,0.0198299169540405,0,0,0
13.5,0,116.0,0,130.57205712158498,0,441.0,0,105.86113964775356,0,78.12978310585022,166516843.3192855,0,166516843.3192855,0,0,0
5.5,0,110.6,0,103.16523809523808,0,175.4,0,45.85690821093333,0,40.838993430137634,0.0237255096435546,0,0.0237255096435546,0,0,0
5.5,0,1870.1,0,1567.7325793650791,0,5296.8,0,1728.6381620141706,0,65.80937421321869,0.0159093141555786,0,0.0159093141555786,0,0,0
13.5,0,188.7,0,264.912097521072,0,1514.0,0,378.654163880689,0,24.054774951934814,166518356.1008467,0,166518356.1008467,0,0,0
13.5,0,89.1,0,70.0602490066693,0,114.0,0,14.290092809452029,0,37.81568207740784,166517599.66911268,0,166517599.66911268,0,0,0
5.5,0,128.2,0,223.4534920634921,0,573.0,0,174.07459465907624,0,31.695076012611388,0.0068753004074096,0,0.0068753004074096,0,0,0
5.5,0,233.3,0,90.50071428571428,0,254.4,0,59.68556537663635,0,65.87961809635162,0.0060172080993652,0,0.0060172080993652,0,0,0
13.5,0,1514.0,0,1228.033348002187,0,2962.0,0,774.0516542968961,0,1.1939788103103637,166519104.7979761,0,166519104.7979761,0,0,0
5.5,0,88.6,0,82.7520634920635,0,149.0,0,30.70680862953342,0,24.7431097984314,0.0114793062210083,0,0.0114793062210083,0,0,0
13.5,0,74.1,0,71.15962776946135,0,138.0,0,17.967966202451805,0,11.276201224327089,166523214.7745397,0,166523214.7745397,0,0,0
13.5,0,1406.2,0,1308.151665518864,0,2962.0,0,729.7966922898808,0,23.48519172668457,166523060.97942382,0,166523060.97942382,0,0,0
13.5,0,70.2,0,108.3965348016277,0,644.0,0,143.97955735271643,0,10.619226121902466,166522477.7941382,0,166522477.7941382,0,0,0
13.5,0,88.1,0,131.55547427245955,0,365.0,0,84.35276423661085,0,74.39131724834442,166524999.5389712,0,166524999.5389712,0,0,0
13.5,0,146.7,0,236.8255757894496,0,906.0,0,274.45148506944093,0,15.64223735332489,166520305.6905727,0,166520305.6905727,0,0,0
5.5,0,77.9,0,83.96460317460318,0,147.0,0,31.655522954003786,0,14.363873267173767,0.0065684080123901,0,0.0065684080123901,0,0,0
5.5,0,2091.9,0,2557.841706349206,0,4207.2,0,1160.363526438682,0,2.053376340866089,0.0004104137420654,0,0.0004104137420654,0,0,0
5.5,0,364.6,0,120.90960317460318,0,400.6,0,119.74847642194143,0,12.559674191474915,0.0039798974990844,0,0.0039798974990844,0,0,0
13.5,0,66.0,0,72.01894262857886,0,156.0,0,22.36478912978056,0,2.461779761314392,166525378.4207313,0,166525378.4207313,0,0,0
5.5,0,71.2,0,63.70079365079365,0,126.8,0,24.332490173437144,0,21.157029104232787,0.0060290098190307,0,0.0060290098190307,0,0,0
13.5,0,106.5,0,171.29613677730936,0,598.0,0,175.25359410851914,0,2.170211172103882,166516940.1095848,0,166516940.1095848,0,0,0
5.5,0,980.9,0,1314.1159126984128,0,1514.0,0,332.88688994949695,0,48.93450303077698,0.0071089029312133,0,0.0071089029312133,0,0,0
13.5,0,91.4,0,69.116690374469,0,115.2,0,12.944037683162607,0,45.28520262241364,166520896.28129327,0,166520896.28129327,0,0,0
13.5,0,107.6,0,70.83376676986583,0,107.6,0,12.118430024679029,0,29.78917737007141,166517743.1124889,0,166517743.1124889,0,0,0
13.5,0,605.6,0,486.1744280672029,0,2106.0,0,676.978331142981,0,6.398035836219788,166523820.5224459,0,166523820.5224459,0,0,0
5.5,0,1514.0,0,1514.0,0,1514.0,0,0.0,0,26.2340327501297,0.0005522012710571,0,0.0005522012710571,0,0,0
5.5,0,120.5,0,111.75257936507936,0,192.4,0,52.35391922188486,0,112.7231820344925,0.0220148086547851,0,0.0220148086547851,0,0,0
5.5,0,130.0,0,107.87579365079368,0,284.4,0,88.96414420758117,0,20.976059985160827,0.0204843044281005,0,0.0204843044281005,0,0,0
5.5,0,66.0,0,66.0,0,66.0,0,0.0,0,15.546701645851137,0.0003954887390136,0,0.0003954887390136,0,0,0
5.5,0,1803.6,0,2007.4692063492064,0,2962.0,0,561.4767090619596,0,4.7369380235672,0.0012348175048828,0,0.0012348175048828,0,0,0
13.5,0,2295.5,0,1627.4830509720755,0,6147.6,0,1725.7484591955508,0,120.41344130039217,166523914.9479729,0,166523914.9479729,0,0,0
13.5,0,1877.6,0,1722.8420696511953,0,8756.1,0,2358.8867062512754,0,0.4275369644165039,166518452.5001606,0,166518452.5001606,0,0,0
13.5,0,261.5,0,129.96980121057135,0,566.0,0,121.53439354344395,0,35.200095009803775,166523548.4566676,0,166523548.4566676,0,0,0
5.5,0,55.2,0,57.51476190476192,0,66.0,0,4.166413103346633,0,5.793625378608704,0.0023221969604492,0,0.0023221969604492,0,0,0
13.5,0,673.0,0,803.5663019685853,0,1514.0,0,712.3334320559883,0,31.48940885066986,166518342.63908103,0,166518342.63908103,0,0,0
5.5,0,65.4,0,64.24261904761906,0,65.4,0,2.0832065516733165,0,8.464569640159606,0.00602707862854,0,0.00602707862854,0,0,0
5.5,0,1224.0,0,1297.805873015873,0,1514.0,0,372.8474852419544,0,12.830045366287232,0.0017033100128173,0,0.0017033100128173,0,0,0
13.5,0,1792.2,0,2461.5134870891065,0,2922.0,0,890.5812580981404,0,0.5230671167373657,166520514.9460742,0,166520514.9460742,0,0,0
13.5,0,739.4,0,701.7138948366735,0,1514.0,0,703.6827011153563,0,6.936683440208435,166517841.3631188,0,166517841.3631188,0,0,0
5.5,0,934.8,0,692.5473015873016,0,1224.4,0,566.8023098664987,0,8.276500916481018,0.000324010848999,0,0.000324010848999,0,0,0
5.5,0,409.3,0,101.02694444444444,0,412.8,0,104.29730308093784,0,0.4141581773757934,0.0103681087493896,0,0.0103681087493896,0,0,0
13.5,0,943.8,0,1248.7532474585958,0,1514.0,0,517.8352364974565,0,5.736901879310608,166524552.8513881,0,166524552.8513881,0,0,0
13.5,0,190.9,0,515.6216300400665,0,3168.0,0,1001.1620591583728,0,61.424279069900514,166518541.02861547,0,166518541.02861547,0,0,0
5.5,0,106.6,0,125.8074603174603,0,263.0,0,79.09877483154169,0,119.4956689119339,0.0088159084320068,0,0.0088159084320068,0,0,0
5.5,0,396.2,0,188.05690476190475,0,790.0,0,251.63727109103905,0,102.5814344406128,0.0083019971847534,0,0.0083019971847534,0,0,0
5.5,0,98.8,0,84.73587301587301,0,140.3,0,26.00251919901624,0,22.032770299911498,0.0077337026596069,0,0.0077337026596069,0,0,0
5.5,0,1710.2,0,1702.4932142857142,0,2675.3,0,1005.4356182814332,0,2.9817951679229737,9.82046127319336e-05,0,9.82046127319336e-05,0,0,0
13.5,0,66.0,0,561.1583469110868,0,2962.0,0,1002.1308666906974,0,27.98883111476898,166521084.50537723,0,166521084.50537723,0,0,0
13.5,0,88.1,0,71.4329952787151,0,115.0,0,13.514302149688511,0,32.01403896808624,166516821.40509063,0,166516821.40509063,0,0,0
13.5,0,1220.4,0,783.5477055911924,0,2962.0,0,902.302157622393,0,44.02870321273804,166518785.7613938,0,166518785.7613938,0,0,0
5.5,0,72.9,0,65.17845238095238,0,85.8,0,9.49823585731218,0,5.982271313667297,0.0085450172424316,0,0.0085450172424316,0,0,0
13.5,0,1820.0,0,1668.3727444691533,0,4410.0,0,1181.590094110014,0,9.714106941223145,166519302.3402362,0,166519302.3402362,0,0,0
5.5,0,1523.0,0,1744.0607142857143,0,2962.0,0,730.130110415629,0,34.51900811195374,0.0045941114425659,0,0.0045941114425659,0,0,0
5.5,0,104.6,0,115.873373015873,0,185.0,0,42.89470843549181,0,67.64660604000092,0.0255756139755249,0,0.0255756139755249,0,0,0
5.5,0,274.8,0,218.7726984126984,0,667.5,0,223.726156906905,0,31.257097554206847,0.0126869916915893,0,0.0126869916915893,0,0,0
13.5,0,66.0,0,839.6347591933351,0,1514.0,0,707.3884447228129,0,45.49360973834992,166521231.35359567,0,166521231.35359567,0,0,0
5.5,0,831.8,0,385.0245238095238,0,855.6,0,344.97475430048314,0,78.07072377204895,0.0050510168075561,0,0.0050510168075561,0,0,0
5.5,0,217.0,0,423.7942063492064,0,1194.0,0,387.45230062122135,0,39.3241295337677,0.0182024955749511,0,0.0182024955749511,0,0,0
5.5,0,107.5,0,93.15488095238096,0,154.0,0,40.44730030707831,0,50.42448444366456,0.0194103956222534,0,0.0194103956222534,0,0,0
5.5,0,384.6,0,176.51714285714283,0,586.0,0,196.75450680654944,0,7.556844568252563,0.004639196395874,0,0.004639196395874,0,0,0
13.5,0,1238.6,0,1921.432532855432,0,4410.0,0,884.008763697106,0,6.237502241134644,166521720.83191928,0,166521720.83191928,0,0,0
13.5,0,966.6,0,284.76713967319233,0,1013.2,0,346.28536707424377,0,19.34088237285614,166517580.6722378,0,166517580.6722378,0,0,0
5.5,0,355.6,0,111.04888888888892,0,355.6,0,103.42624974036092,0,1.0266521692276,0.0015013933181762,0,0.0015013933181762,0,0,0
13.5,0,1809.6,0,873.1057283815256,0,4554.8,0,1184.712910898185,0,61.23417918682098,166521558.1320906,0,166521558.1320906,0,0,0
13.5,0,1947.2,0,3087.529108407932,0,8754.0,0,2221.6310633071244,0,14.697503447532654,166518207.9116972,0,166518207.9116972,0,0,0
13.5,0,83.0,0,1414.8923436526495,0,7306.0,0,2015.4421394951744,0,11.814630317687987,166521489.7800211,0,166521489.7800211,0,0,0
5.5,0,992.3,0,1698.136626984127,0,3205.2,0,994.8120003033972,0,16.182606911659242,0.0062306880950927,0,0.0062306880950927,0,0,0
5.5,0,1829.1,0,791.8002380952381,0,2806.8,0,942.6525604685334,0,14.909284663200378,0.0118494987487792,0,0.0118494987487792,0,0,0
13.5,0,66.0,0,1841.521198290444,0,5858.0,0,1938.2253112016697,0,29.13204140663147,166522843.5002187,0,166522843.5002187,0,0,0
5.5,0,1248.2,0,823.0135714285714,0,2137.6,0,710.0156733704022,0,2.8234361886978148,0.0127042055130004,0,0.0127042055130004,0,0,0
13.5,0,82.4,0,615.4770713003028,0,2962.0,0,944.3327281282058,0,33.257764196395875,166525766.614503,0,166525766.614503,0,0,0
5.5,0,1691.9,0,2062.311547619048,0,3541.2,0,912.3485836352204,0,29.10228486061096,0.018742299079895,0,0.018742299079895,0,0,0
5.5,0,2169.0,0,2389.34253968254,0,6174.9,0,1942.4223418016145,0,5.496735644340515,0.0052238941192626,0,0.0052238941192626,0,0,0
5.5,0,66.0,0,66.0,0,66.0,0,0.0,0,1.0182766675949098,3.790855407714844e-06,0,3.790855407714844e-06,0,0,0
5.5,0,544.5,0,307.0013095238095,0,951.2,0,351.81004136659124,0,13.78621470928192,0.0075227975845336,0,0.0075227975845336,0,0,0
13.5,0,66.0,0,64.39494863237897,0,66.0,0,4.313049927816044,0,18.02599465847016,166521892.84231842,0,166521892.84231842,0,0,0
13.5,0,97.1,0,157.41159100875043,0,317.0,0,84.58042309858448,0,28.04363667964936,166517916.02911162,0,166517916.02911162,0,0,0
13.5,0,95.6,0,157.28587274009098,0,1298.0,0,305.72223742825497,0,42.57019922733307,166519448.447388,0,166519448.447388,0,0,0
5.5,0,934.8,0,904.2885714285716,0,1369.2,0,617.2677797043136,0,1.5604913473129272,0.001320195198059,0,0.001320195198059,0,0,0
5.5,0,101.8,0,80.12253968253967,0,153.2,0,32.473322678941926,0,84.14223198890686,0.0149935960769653,0,0.0149935960769653,0,0,0
13.5,0,121.2,0,177.09229455743775,0,465.0,0,130.52831766790558,0,19.34268922805786,166523899.3671214,0,166523899.3671214,0,0,0
5.5,0,97.3,0,91.27630952380952,0,229.8,0,55.901059805131545,0,8.666666412353516,0.0108494043350219,0,0.0108494043350219,0,0,0
13.5,0,102.0,0,144.00768069305997,0,583.0,0,145.11235175490893,0,16.575329422950745,166520772.9631738,0,166520772.9631738,0,0,0
13.5,0,1838.4,0,734.1968095208885,0,2962.0,0,863.0957266713556,0,0.5256894826889038,166523518.90840143,0,166523518.90840143,0,0,0
13.5,0,646.8,0,467.6658878681517,0,2024.0,0,623.9037964765292,0,0.9019778966903688,166522868.3004446,0,166522868.3004446,0,0,0
13.5,0,66.0,0,72.01894262857886,0,156.0,0,22.36478912978056,0,15.00915982723236,166519425.70889202,0,166519425.70889202,0,0,0
5.5,0,1224.4,0,810.5707936507936,0,1224.4,0,526.0892935325135,0,4.580829834938049,0.0007467031478881,0,0.0007467031478881,0,0,0
13.5,0,1658.8,0,1544.859752489942,0,2962.0,0,784.3000580868807,0,28.62089102268219,166524534.49399078,0,166524534.49399078,0,0,0
13.5,0,68.9,0,78.34327174846138,0,176.0,0,39.579918000837,0,11.741185760498048,166519216.83345288,0,166519216.83345288,0,0,0
5.5,0,119.9,0,125.86337301587302,0,201.6,0,48.57573407743946,0,224.66227338314056,0.04131920337677,0,0.04131920337677,0,0,0
5.5,0,250.1,0,580.6230555555555,0,1661.0,0,528.8261026412295,0,35.39639995098114,0.0029685974121093,0,0.0029685974121093,0,0,0
13.5,0,1658.8,0,1351.746945775243,0,2962.0,0,757.2708162594072,0,48.76572082042694,166521816.51106662,0,166521816.51106662,0,0,0
5.5,0,494.4,0,209.41857142857145,0,645.2,0,252.50203774692943,0,21.21999297142029,0.0030019998550415,0,0.0030019998550415,0,0,0
13.5,0,224.1,0,112.17558886890542,0,299.0,0,73.07304427674333,0,2.45943546295166,166518437.41502938,0,166518437.41502938,0,0,0
13.5,0,1852.1,0,699.3000220771661,0,2962.0,0,948.622854713264,0,10.972617053985596,166520108.8900102,0,166520108.8900102,0,0,0
13.5,0,500.4,0,1456.972420097962,0,2962.0,0,767.6848177922639,0,60.83981738090515,166524368.4480179,0,166524368.4480179,0,0,0
5.5,0,360.6,0,170.5040476190476,0,557.4,0,185.2684079843904,0,8.940140843391418,0.0039162158966064,0,0.0039162158966064,0,0,0
5.5,0,1048.4,0,1649.551746031746,0,2858.0,0,1046.1165429876971,0,1.492608952522278,8.959770202636719e-05,0,8.959770202636719e-05,0,0,0
5.5,0,66.0,0,66.0,0,66.0,0,0.0,0,3.281769037246704,4.601478576660156e-06,0,4.601478576660156e-06,0,0,0
13.5,0,147.9,0,93.63900494801038,0,262.7,0,56.58693889712934,0,72.75613985061645,166523347.5538459,0,166523347.5538459,0,0,0
13.5,0,102.8,0,115.27682343928862,0,230.0,0,56.412161233402855,0,30.91073832511902,166519145.1621787,0,166519145.1621787,0,0,0
5.5,0,156.5,0,166.53543650793654,0,320.1,0,105.92649053819464,0,18.610572838783263,0.0137403964996337,0,0.0137403964996337,0,0,0
13.5,0,149.1,0,130.15285952265828,0,455.2,0,116.61110656025072,0,95.83530299663543,166516795.3314641,0,166516795.3314641,0,0,0
13.5,0,1372.0,0,672.2821942883398,0,1514.0,0,697.3379911086477,0,6.796443676948547,166517456.1148477,0,166517456.1148477,0,0,0
5.5,0,105.8,0,108.48714285714286,0,157.8,0,39.22420521154839,0,49.9270977973938,0.0199038028717041,0,0.0199038028717041,0,0,0
13.5,0,66.0,0,388.2140620499212,0,1514.0,0,564.1951282368631,0,18.727951335906983,166520743.0322722,0,166520743.0322722,0,0,0
5.5,0,70.9,0,71.91373015873016,0,80.2,0,4.838720760291342,0,9.322578263282775,9.369850158691406e-05,0,9.369850158691406e-05,0,0,0
5.5,0,754.8,0,249.6969841269841,0,1317.0,0,393.1831245329814,0,50.69166536331177,0.0117154121398925,0,0.0117154121398925,0,0,0
5.5,0,99.2,0,96.82829365079364,0,234.9,0,63.15254636861382,0,22.12770795822144,0.0079368114471435,0,0.0079368114471435,0,0,0
5.5,0,1233.0,0,397.4596031746032,0,1532.0,0,539.4804230638276,0,26.23990950584412,0.0067506074905395,0,0.0067506074905395,0,0,0
13.5,0,646.4,0,487.155084331733,0,5244.0,0,1281.9104377926374,0,19.13953647613525,166522543.76732838,0,166522543.76732838,0,0,0
13.5,0,124.4,0,145.67003793763857,0,441.0,0,109.498393252574,0,58.38327312469482,166516564.51255172,0,166516564.51255172,0,0,0
13.5,0,2093.2,0,1168.2389096511504,0,4120.4,0,1329.6946964176464,0,0.909014058113098,166520189.8863188,0,166520189.8863188,0,0,0
13.5,0,780.8,0,924.1559861861564,0,4254.0,0,1151.8841789092412,0,0.8150203943252563,166517698.82146752,0,166517698.82146752,0,0,0
5.5,0,82.7,0,71.5040873015873,0,106.5,0,13.194523596619373,0,15.690168404579165,0.0019432067871093,0,0.0019432067871093,0,0,0
5.5,0,745.2,0,1514.0983333333331,0,4906.1,0,1680.672317455143,0,19.604123210906984,0.020172905921936,0,0.020172905921936,0,0,0
13.5,0,231.1,0,83.8123882477172,0,280.3,0,50.98654348379298,0,48.04753062725067,166523525.29105932,0,166523525.29105932,0,0,0
5.5,0,92.2,0,77.4793253968254,0,114.4,0,22.88445545675547,0,4.482229733467102,0.017781114578247,0,0.017781114578247,0,0,0
5.5,0,215.5,0,151.10142857142858,0,379.5,0,105.08652308930904,0,122.26343050003052,0.0179447889328002,0,0.0179447889328002,0,0,0
5.5,0,66.0,0,66.0,0,66.0,0,0.0,0,54.46745367050171,0.0017697095870971,0,0.0017697095870971,0,0,0
13.5,0,755.3,0,1417.873439899024,0,2962.0,0,968.5199830342904,0,21.394820404052734,166518140.54308927,0,166518140.54308927,0,0,0
13.5,0,432.2,0,178.9141310379507,0,812.6,0,229.069068090456,0,38.90783433914184,166518034.8266058,0,166518034.8266058,0,0,0
5.5,0,355.6,0,111.04888888888892,0,355.6,0,103.42624974036092,0,10.697650146484374,0.0030082941055297,0,0.0030082941055297,0,0,0
5.5,0,118.4,0,81.50079365079365,0,163.5,0,34.10960034705009,0,52.668526363372806,0.0040532827377319,0,0.0040532827377319,0,0,0
5.5,0,90.8,0,88.71912698412697,0,142.4,0,30.795026493776287,0,52.33909842967987,0.0183799028396606,0,0.0183799028396606,0,0,0
5.5,0,2527.6,0,2373.031746031746,0,3830.8,0,1093.7342623929865,0,8.752717137336731,0.0001996040344238,0,0.0001996040344238,0,0,0
13.5,0,645.2,0,779.9562294954787,0,2962.0,0,871.5600906625875,0,2.1264152765274047,166522957.5938343,0,166522957.5938343,0,0,0
5.5,0,208.8,0,268.8566666666667,0,1208.4,0,425.6405166627416,0,17.609603118896484,0.0013330936431884,0,0.0013330936431884,0,0,0
13.5,0,141.6,0,173.21918362854896,0,466.0,0,144.2910667089859,0,23.12051091194153,166519495.0969404,0,166519495.0969404,0,0,0
13.5,0,968.5,0,223.553843834614,0,1338.4,0,338.7007317919169,0,44.695174193382265,166518740.1223301,0,166518740.1223301,0,0,0
5.5,0,790.0,0,1015.9339682539684,0,1514.0,0,568.2650869154979,0,9.952363681793212,0.0014655828475952,0,0.0014655828475952,0,0,0
13.5,0,1803.6,0,1469.1379130896623,0,2962.0,0,848.9883651156867,0,33.14936540126801,166518111.0812418,0,166518111.0812418,0,0,0
5.5,0,185.4,0,149.01988095238096,0,466.2,0,135.82706167792563,0,0.0444178104400634,0.0043123006820678,0,0.0043123006820678,0,0,0
5.5,0,435.1,0,191.4111507936508,0,536.0,0,160.80369649835606,0,113.961523771286,0.0241689920425415,0,0.0241689920425415,0,0,0
13.5,0,802.5,0,194.0832882004476,0,971.1,0,247.18945730875208,0,37.81923685073853,166516470.69292742,0,166516470.69292742,0,0,0
5.5,0,73.4,0,74.17436507936507,0,136.4,0,29.092346359099725,0,141.73535451889038,0.003334093093872,0,0.003334093093872,0,0,0
13.5,0,94.1,0,97.59931562331715,0,342.4,0,80.28724273220273,0,11.814715456962585,166520190.8133824,0,166520190.8133824,0,0,0
5.5,0,1393.6,0,1267.3522222222225,0,2688.8,0,882.8479624226084,0,26.926335620880128,0.0044820070266723,0,0.0044820070266723,0,0,0
5.5,0,1947.8,0,1915.4726984126985,0,4120.4,0,916.4614143460118,0,36.368059277534485,0.0048134088516235,0,0.0048134088516235,0,0,0
5.5,0,783.6,0,575.2003174603175,0,2028.8,0,802.635892854916,0,0.3309377431869507,8.471012115478516e-05,0,8.471012115478516e-05,0,0,0
5.5,0,1224.4,0,1148.4374603174604,0,1514.0,0,526.0892935325135,0,1.688699722290039,0.0003291845321655,0,0.0003291845321655,0,0,0
5.5,0,69.4,0,62.42849206349207,0,99.6,0,14.853935188191247,0,51.629885816574095,0.0114537000656127,0,0.0114537000656127,0,0,0
5.5,0,210.8,0,490.11460317460313,0,1514.0,0,502.7471811371603,0,1.4955626487731934,0.001136302947998,0,0.001136302947998,0,0,0
13.5,0,923.2,0,821.4153374936037,0,3137.2,0,978.1107403708744,0,0.5922868728637696,166520193.1784131,0,166520193.1784131,0,0,0
13.5,0,1079.6,0,1395.4013468162386,0,2962.0,0,845.095574898337,0,19.964912319183348,166523305.0836543,0,166523305.0836543,0,0,0
13.5,0,85.0,0,271.0816217030304,0,1514.0,0,486.30325504638506,0,18.49975037574768,166521515.0273133,0,166521515.0273133,0,0,0
5.5,0,2300.1,0,1692.879722222222,0,3257.3,0,1161.3398218992593,0,7.002547740936279,0.0076097965240478,0,0.0076097965240478,0,0,0
13.5,0,80.8,0,252.443842331559,0,1514.0,0,461.3552834000639,0,5.284522223472595,166520155.47804928,0,166520155.47804928,0,0,0
13.5,0,1514.0,0,932.9714049211882,0,1514.0,0,700.5014014346463,0,115.28556864261628,166524990.52215952,0,166524990.52215952,0,0,0
13.5,0,442.4,0,173.51984385583455,0,1588.8,0,351.66395020308,0,8.005873990058898,166519775.66353002,0,166519775.66353002,0,0,0
5.5,0,266.4,0,204.8345238095238,0,754.8,0,238.91245413670944,0,11.313523077964785,0.0072398900985717,0,0.0072398900985717,0,0,0
13.5,0,83.8,0,234.8295368473117,0,1514.0,0,354.73876730815493,0,95.315234708786,166521839.7495642,0,166521839.7495642,0,0,0
13.5,0,66.0,0,72.01894262857886,0,156.0,0,22.36478912978056,0,43.99148733615876,166522265.9615326,0,166522265.9615326,0,0,0
5.5,0,210.2,0,489.6072222222222,0,1514.0,0,502.961300432568,0,22.12192196846008,0.00157470703125,0,0.00157470703125,0,0,0
5.5,0,71.7,0,66.57000000000001,0,71.7,0,1.7099999999999995,0,34.9924103975296,0.0085878133773803,0,0.0085878133773803,0,0,0
5.5,0,318.6,0,99.45047619047618,0,361.0,0,90.59079965852769,0,39.98187260627746,0.0059493780136108,0,0.0059493780136108,0,0,0
13.5,0,210.8,0,90.22679364065588,0,358.4,0,72.56099116779303,0,15.335838103294371,166520366.9651608,0,166520366.9651608,0,0,0
5.5,0,128.8,0,98.09015873015872,0,250.6,0,61.95185077030775,0,13.097701382637023,0.0115615844726562,0,0.0115615844726562,0,0,0
5.5,0,72.1,0,72.68337301587302,0,108.7,0,15.25369903185342,0,14.867691683769229,0.002290391921997,0,0.002290391921997,0,0,0
5.5,0,471.2,0,923.1272222222224,0,1514.0,0,466.34987583771215,0,21.70930995941162,0.0065685987472534,0,0.0065685987472534,0,0,0
13.5,0,129.1,0,130.89702590795858,0,357.0,0,99.23773537139344,0,2.240671133995056,166519091.9235695,0,166519091.9235695,0,0,0
13.5,0,75.0,0,1909.6823375343265,0,10202.0,0,3124.0067407239667,0,25.958916902542114,166523122.46184808,0,166523122.46184808,0,0,0
5.5,0,732.0,0,1307.9485714285715,0,3371.6,0,1016.5293020911442,0,20.44692158699036,0.003086495399475,0,0.003086495399475,0,0,0
5.5,0,172.8,0,285.1101587301588,0,568.3,0,158.27460363928216,0,63.78052093982696,0.0038421869277954,0,0.0038421869277954,0,0,0
13.5,0,172.7,0,128.108039130632,0,318.0,0,86.23511195384496,0,3.2807958364486693,166516550.9344286,0,166516550.9344286,0,0,0
13.5,0,75.0,0,66.45,0,75.0,0,1.9615045245933032,0,3.537049150466919,166524180.97740513,0,166524180.97740513,0,0,0
5.5,0,65.2,0,65.92,0,66.0,0,0.24,0,6.5805614471435545,0.0013000011444091,0,0.0013000011444091,0,0,0
13.5,0,1741.2,0,2179.310392562374,0,5650.0,0,1565.579142363776,0,0.6032541036605835,166520194.75860268,0,166520194.75860268,0,0,0
5.5,0,130.9,0,104.72031746031746,0,203.8,0,60.69226934156792,0,44.91103711128235,0.0040441989898681,0,0.0040441989898681,0,0,0
13.5,0,654.4,0,810.0066665137408,0,2962.0,0,1051.9509608432168,0,74.4167275428772,166523551.8253089,0,166523551.8253089,0,0,0
13.5,0,66.0,0,66.0,0,66.0,0,0.0,0,41.38358688354492,166522175.109878,0,166522175.109878,0,0,0
13.5,0,387.7,0,846.4500616737923,0,1514.0,0,678.9241202381055,0,32.87655439376831,166519991.1424232,0,166519991.1424232,0,0,0
13.5,0,1002.9,0,1082.989842214459,0,1805.0,0,666.8158550037128,0,36.92824032306671,166517774.5923428,0,166517774.5923428,0,0,0
5.5,0,67.2,0,66.12,0,67.2,0,0.36,0,21.58805890083313,0.0010351181030273,0,0.0010351181030273,0,0,0
5.5,0,1239.2,0,1400.9509523809525,0,1514.0,0,222.5689274373427,0,61.67579283714294,0.001375389099121,0,0.001375389099121,0,0,0
13.5,0,1514.0,0,1139.2102997797697,0,5858.0,0,1568.9373474018523,0,34.46912739276886,166518728.59805638,0,166518728.59805638,0,0,0
5.5,0,2552.2,0,2877.784523809524,0,7016.4,0,2121.26885742717,0,17.102934527397156,0.0066946983337402,0,0.0066946983337402,0,0,0
13.5,0,77.2,0,127.68569413730404,0,441.0,0,110.75467515586432,0,261.5239671468735,166517091.4150727,0,166517091.4150727,0,0,0
5.5,0,1811.6,0,1830.5942857142848,0,3983.6,0,1294.2676738793707,0,96.12069885730745,0.0088930130004882,0,0.0088930130004882,0,0,0
5.5,0,118.4,0,123.774126984127,0,250.0,0,63.33352956893638,0,34.634335327148435,0.028577184677124,0,0.028577184677124,0,0,0
5.5,0,1708.1,0,1391.2391666666667,0,2672.4,0,755.456424727168,0,61.51487669944763,0.0009780883789062,0,0.0009780883789062,0,0,0
13.5,0,75.0,0,1356.9963166898465,0,12135.0,0,2971.505099296869,0,33.075149059295654,166525115.262881,0,166525115.262881,0,0,0
5.5,0,996.9,0,1175.965238095238,0,1514.0,0,471.246458733877,0,44.90505132675171,0.0001662015914916,0,0.0001662015914916,0,0,0
5.5,0,114.9,0,123.43154761904763,0,269.4,0,71.1117417539483,0,35.13701469898224,0.0052652835845947,0,0.0052652835845947,0,0,0
5.5,0,92.2,0,93.02293650793652,0,142.8,0,31.5674252755349,0,86.11412711143494,0.0189255952835083,0,0.0189255952835083,0,0,0
13.5,0,645.2,0,963.6171596149808,0,1514.0,0,673.0354636257871,0,43.01554892063141,166518861.01176268,0,166518861.01176268,0,0,0
5.5,0,920.4,0,1388.1593650793652,0,2858.0,0,963.023669757178,0,0.6952582836151123,6.799697875976562e-05,0,6.799697875976562e-05,0,0,0
13.5,0,645.2,0,995.8083849543988,0,2962.0,0,1148.0567199353884,0,47.97655045986176,166521085.9507933,0,166521085.9507933,0,0,0
13.5,0,661.1,0,1024.755871376216,0,2962.0,0,839.9376108817872,0,46.720955801010135,166519870.0036402,0,166519870.0036402,0,0,0
13.5,0,135.6,0,905.9072422039604,0,1846.0,0,687.5242479336187,0,53.58071460723877,166518887.03662568,0,166518887.03662568,0,0,0
5.5,0,114.1,0,206.88337301587305,0,547.0,0,167.00372522581085,0,72.51655128002167,0.0109966039657592,0,0.0109966039657592,0,0,0
13.5,0,135.2,0,119.968769396668,0,521.8,0,118.89451577386464,0,5.931691551208496,166526152.0263832,0,166526152.0263832,0,0,0
5.5,0,106.2,0,93.54119047619048,0,206.2,0,55.24065621596954,0,6.717536234855652,0.0263452053070068,0,0.0263452053070068,0,0,0
5.5,0,810.0,0,369.0063492063492,0,844.5,0,340.6600497787053,0,45.48550102710724,0.0172053813934326,0,0.0172053813934326,0,0,0
5.5,0,1956.6,0,1170.9565873015874,0,2690.4,0,899.5595160650555,0,27.541897821426392,0.0008036851882934,0,0.0008036851882934,0,0,0
5.5,0,1431.6,0,1524.674761904762,0,2672.4,0,1021.4455525044664,0,64.46523590087891,0.0140813112258911,0,0.0140813112258911,0,0,0
13.5,0,2817.2,0,2450.422749156588,0,4989.2,0,1263.4554054830269,0,1.46036958694458,166521031.6528927,0,166521031.6528927,0,0,0
13.5,0,79.1,0,758.5363018899745,0,5789.0,0,1450.7185004872072,0,79.29248504638672,166518364.7610524,0,166518364.7610524,0,0,0
5.5,0,64.8,0,64.68523809523808,0,66.0,0,3.000727678397394,0,13.344238662719729,0.0033984184265136,0,0.0033984184265136,0,0,0
5.5,0,108.5,0,152.98115079365078,0,230.0,0,52.19049795219093,0,20.219909071922302,0.0124979972839355,0,0.0124979972839355,0,0,0
5.5,0,243.3,0,228.314126984127,0,476.8,0,143.81772452907487,0,49.23399276733399,0.0103196859359741,0,0.0103196859359741,0,0,0
13.5,0,97.1,0,724.4891800188975,0,4410.0,0,1191.3549962818693,0,58.410415291786194,166523525.75586,0,166523525.75586,0,0,0
13.5,0,934.8,0,1313.1099637436869,0,4410.0,0,1167.0240892059942,0,0.2805850028991699,166526301.08465582,0,166526301.08465582,0,0,0
13.5,0,907.6,0,488.1426796144172,0,1474.0,0,600.7622715343081,0,6.863334441184998,166518837.4664523,0,166518837.4664523,0,0,0
5.5,0,1514.0,0,1514.0,0,1514.0,0,0.0,0,15.439009189605711,0.0010969161987304,0,0.0010969161987304,0,0,0
13.5,0,82.8,0,67.98482603567741,0,102.0,0,9.491509793438931,0,12.092828369140625,166521665.1949398,0,166521665.1949398,0,0,0
5.5,0,799.0,0,1349.5856349206351,0,2962.0,0,928.9915723462542,0,4.641779470443725,0.0046082973480224,0,0.0046082973480224,0,0,0
13.5,0,1462.0,0,1451.6052820657155,0,5650.0,0,1727.2399815507229,0,1.0500153064727784,166517699.2240426,0,166517699.2240426,0,0,0
5.5,0,790.8,0,496.2492063492064,0,1060.6,0,468.8253936179267,0,41.96992995738983,0.0037897825241088,0,0.0037897825241088,0,0,0
5.5,0,82.2,0,72.3932142857143,0,111.0,0,16.2156846378267,0,33.721612668037416,0.0188817024230957,0,0.0188817024230957,0,0,0
5.5,0,1389.9,0,1982.2152380952384,0,4989.2,0,1389.78624733559,0,5.464822006225586,0.00312020778656,0,0.00312020778656,0,0,0
13.5,0,113.7,0,99.3159786180452,0,297.8,0,62.77329968396485,0,8.76332402229309,166518531.39635924,0,166518531.39635924,0,0,0
5.5,0,170.2,0,122.75468253968252,0,282.0,0,90.76731087836278,0,75.81231544017791,0.0198928833007812,0,0.0198928833007812,0,0,0
5.5,0,2674.0,0,2195.615873015873,0,2674.0,0,861.0587080249707,0,0.8716717720031738,0.0015621900558471,0,0.0015621900558471,0,0,0
13.5,0,66.0,0,246.70203313800064,0,1514.0,0,457.156237934006,0,12.137599682807922,166518071.80846778,0,166518071.80846778,0,0,0
13.5,0,76.1,0,67.17860017691287,0,96.8,0,8.051595614216573,0,68.86728508472443,166521361.7638492,0,166521361.7638492,0,0,0
13.5,0,369.2,0,487.926538525544,0,2954.0,0,792.1548737769883,0,12.366794514656068,166522297.9650698,0,166522297.9650698,0,0,0
13.5,0,85.6,0,82.12607544416367,0,211.2,0,50.21445643984831,0,14.368029713630676,166522674.3242268,0,166522674.3242268,0,0,0
5.5,0,2141.7,0,2139.9230555555555,0,2962.0,0,566.2786740382401,0,0.7500475168228149,0.0001244068145751,0,0.0001244068145751,0,0,0
5.5,0,225.4,0,150.46182539682542,0,543.7,0,150.12503463234006,0,6.081329345703125,0.007672905921936,0,0.007672905921936,0,0,0
13.5,0,324.4,0,349.11431989922704,0,2434.0,0,658.0569992188966,0,53.21531901359558,166524410.520122,0,166524410.520122,0,0,0
13.5,0,55.6,0,67.67347346710737,0,156.0,0,29.516048178542416,0,111.78860592842102,166518785.4692859,0,166518785.4692859,0,0,0
13.5,0,934.8,0,694.312329985546,0,2962.0,0,871.5215989571695,0,12.427187943458556,166518730.2449669,0,166518730.2449669,0,0,0
5.5,0,92.8,0,88.48476190476191,0,131.8,0,21.70816245930309,0,59.94160218238831,0.0109480857849121,0,0.0109480857849121,0,0,0
5.5,0,253.4,0,107.8646031746032,0,382.6,0,98.03773732232258,0,53.9161425113678,0.0180813074111938,0,0.0180813074111938,0,0,0
13.5,0,126.7,0,105.61140985863122,0,360.4,0,92.0402688232022,0,1.4120834827423097,166523311.7887947,0,166523311.7887947,0,0,0
5.5,0,2527.6,0,1615.36,0,2527.6,0,304.08,0,5.812772774696351,0.0011598110198974,0,0.0011598110198974,0,0,0
5.5,0,645.2,0,821.0860317460317,0,1514.0,0,641.0439338223116,0,1.7190422534942629,0.0009367942810058,0,0.0009367942810058,0,0,0
5.5,0,1494.0,0,1481.0873015873017,0,1494.0,0,9.221835443913884,0,38.78244423866272,0.0012149095535278,0,0.0012149095535278,0,0,0
5.5,0,117.2,0,99.45531746031747,0,180.4,0,51.18128187390091,0,73.74613919258118,0.044923186302185,0,0.044923186302185,0,0,0
5.5,0,66.0,0,66.0,0,66.0,0,0.0,0,30.7818749666214,0.003688097000122,0,0.003688097000122,0,0,0
13.5,0,1741.2,0,1536.2131081165137,0,5650.0,0,1981.929855227169,0,0.750882887840271,166520194.7734022,0,166520194.7734022,0,0,0
13.5,0,656.0,0,151.16856001068075,0,735.6,0,216.8679515554169,0,4.062768006324768,166522314.28818688,0,166522314.28818688,0,0,0
13.5,0,133.2,0,173.75274956553594,0,348.0,0,100.00221052932416,0,225.91010854244232,166516606.6119352,0,166516606.6119352,0,0,0
5.5,0,66.5,0,66.41448412698414,0,74.8,0,4.387680302118399,0,28.59944269657135,0.0012342929840087,0,0.0012342929840087,0,0,0
5.5,0,75.5,0,83.60376984126984,0,147.0,0,31.240758170522906,0,38.57101631164551,0.0100803136825561,0,0.0100803136825561,0,0,0
5.5,0,80.8,0,86.9770634920635,0,180.4,0,42.3827328974587,0,59.54276416301728,0.0057989120483398,0,0.0057989120483398,0,0,0
13.5,0,2083.5,0,1640.1477016752597,0,2922.0,0,1178.3781311857952,0,12.641384649276734,166516906.1461026,0,166516906.1461026,0,0,0
13.5,0,1996.9,0,1339.5270598059492,0,2962.0,0,857.1884651430715,0,15.75939531326294,166522608.835678,0,166522608.835678,0,0,0
13.5,0,188.5,0,1022.6231834672892,0,1999.0,0,677.3207356210197,0,17.91086628437042,166521972.81344512,0,166521972.81344512,0,0,0
13.5,0,147.3,0,84.68566708790006,0,246.2,0,55.627874186579085,0,28.723921799659728,166523506.8530635,0,166523506.8530635,0,0,0
13.5,0,95.3,0,97.1231703087934,0,232.5,0,52.95063528531647,0,18.751437425613403,166518426.168226,0,166518426.168226,0,0,0
13.5,0,91.4,0,84.38898227374622,0,214.0,0,49.461407697926354,0,25.55464510917664,166519607.78119352,0,166519607.78119352,0,0,0
5.5,0,935.6,0,1300.578095238095,0,2817.2,0,862.7549747928135,0,18.491233944892883,0.0081414937973022,0,0.0081414937973022,0,0,0
13.5,0,1675.2,0,910.4063535638768,0,2962.0,0,976.8888703333844,0,76.20927922725677,166520565.7794485,0,166520565.7794485,0,0,0
13.5,0,790.0,0,149.66969384244925,0,790.0,0,210.0173897699485,0,4.118667316436768,166517603.9915702,0,166517603.9915702,0,0,0
13.5,0,792.1,0,1566.685400926043,0,4410.0,0,1008.7875147167906,0,89.12392375469207,166521661.85697028,0,166521661.85697028,0,0,0
13.5,0,116.0,0,187.75962930301552,0,345.0,0,102.07360942588568,0,38.05008237361908,166518707.3125547,0,166518707.3125547,0,0,0
13.5,0,692.6,0,485.5971906761109,0,2922.0,0,787.9653344171564,0,4.078259062767029,166525406.3259648,0,166525406.3259648,0,0,0
13.5,0,156.2,0,771.9146432055215,0,2962.0,0,869.4562897125136,0,7.363080620765686,166517490.2430413,0,166517490.2430413,0,0,0
5.5,0,265.2,0,345.23547619047616,0,1614.0,0,574.1754827326138,0,7.655519247055054,0.0095607995986938,0,0.0095607995986938,0,0,0
13.5,0,97.2,0,120.93984301560153,0,826.0,0,189.6318225675492,0,59.82674624919891,166521378.4321213,0,166521378.4321213,0,0,0
13.5,0,228.9,0,467.5720567023276,0,2922.0,0,779.0045307990865,0,12.17215929031372,166520039.30006492,0,166520039.30006492,0,0,0
13.5,0,1803.6,0,2844.5030854869246,0,10202.0,0,2325.764990637691,0,13.55857584476471,166521241.1280845,0,166521241.1280845,0,0,0
13.5,0,1566.4,0,1211.7210087255366,0,2962.0,0,920.7241540775308,0,4.011197280883789,166518485.05042952,0,166518485.05042952,0,0,0
13.5,0,1658.8,0,1198.0847889039064,0,2527.6,0,710.9257535547416,0,14.27853889465332,166525485.77795058,0,166525485.77795058,0,0,0
13.5,0,210.8,0,1311.7316529737896,0,2962.0,0,1021.053884574266,0,78.5433866739273,166518144.7396831,0,166518144.7396831,0,0,0
5.5,0,160.0,0,181.2669841269841,0,555.8,0,166.38726136622537,0,126.66739256381987,0.0081821203231811,0,0.0081821203231811,0,0,0
13.5,0,1027.2,0,1339.495066282187,0,2962.0,0,668.9401844229476,0,97.90565581321717,166523500.02057952,0,166523500.02057952,0,0,0
5.5,0,89.8,0,102.15944444444445,0,199.2,0,53.76522026243176,0,44.67026200294495,0.002065110206604,0,0.002065110206604,0,0,0
5.5,0,138.3,0,255.6144047619048,0,583.0,0,163.5312381502983,0,89.0592345237732,0.0015580177307128,0,0.0015580177307128,0,0,0
5.5,0,575.6,0,1334.1022222222225,0,2962.0,0,956.6547958796208,0,14.538225293159485,0.0187405109405517,0,0.0187405109405517,0,0,0
5.5,0,1374.0,0,535.1663492063492,0,1960.4,0,688.8661077081836,0,15.319573259353636,0.0095125913619995,0,0.0095125913619995,0,0,0
5.5,0,133.2,0,154.36714285714288,0,241.2,0,53.23679882441375,0,107.54430224895478,0.0195506811141967,0,0.0195506811141967,0,0,0
13.5,0,66.0,0,1261.8301460179823,0,8754.0,0,2531.954636510783,0,5.340287828445435,166522238.17783958,0,166522238.17783958,0,0,0
13.5,0,122.0,0,521.8212616086184,0,5244.0,0,1276.137563551481,0,44.6534633398056,166523023.8178704,0,166523023.8178704,0,0,0
13.5,0,1432.5,0,847.7382156543147,0,1659.5,0,709.7370986295347,0,9.167891931533813,166522351.8959189,0,166522351.8959189,0,0,0
5.5,0,1079.6,0,567.4561904761904,0,1803.6,0,621.9367948256474,0,40.06369152069092,0.0045680046081542,0,0.0045680046081542,0,0,0
5.5,0,1239.6,0,649.7853968253969,0,1849.2,0,663.4445960383612,0,7.192088603973389,0.0029706954956054,0,0.0029706954956054,0,0,0
5.5,0,127.1,0,108.35781746031746,0,238.7,0,61.48258806302349,0,19.276002216339112,0.0261054039001464,0,0.0261054039001464,0,0,0
13.5,0,1057.2,0,956.8343097253622,0,2858.0,0,953.7776924745287,0,0.4174739360809326,166520193.73113972,0,166520193.73113972,0,0,0
5.5,0,96.2,0,72.89757936507938,0,127.6,0,18.96225924417853,0,21.4317399263382,0.0077998161315917,0,0.0077998161315917,0,0,0
13.5,0,1641.4,0,1621.169682793986,0,4410.0,0,1134.237927856947,0,69.75396025180817,166519005.3523916,0,166519005.3523916,0,0,0
5.5,0,498.8,0,256.4879365079365,0,1224.4,0,394.8266570673515,0,32.350367999076845,0.0051578044891357,0,0.0051578044891357,0,0,0
13.5,0,1514.0,0,842.2860026506002,0,1514.0,0,704.5375163179885,0,25.499423336982726,166523412.3049585,0,166523412.3049585,0,0,0
13.5,0,1803.2,0,1343.561912303383,0,2962.0,0,924.0184935922708,0,1.083062219619751,166518266.90759492,0,166518266.90759492,0,0,0
5.5,0,71.8,0,69.13126984126984,0,126.6,0,26.611016575972563,0,40.75396678447724,0.0130280971527099,0,0.0130280971527099,0,0,0
5.5,0,179.6,0,178.11119047619047,0,394.3,0,102.29399435411048,0,103.46045479774476,0.0088329076766967,0,0.0088329076766967,0,0,0
13.5,0,564.9,0,906.7353510769416,0,4410.0,0,1148.021251257417,0,27.23354132175445,166526197.2396806,0,166526197.2396806,0,0,0
13.5,0,1479.9,0,1091.6747930414958,0,8319.6,0,2143.88312312312,0,15.580185604095458,166517658.7417189,0,166517658.7417189,0,0,0
5.5,0,1240.2,0,857.448492063492,0,1257.2,0,507.515298588747,0,3.272108268737793,0.0099837064743041,0,0.0099837064743041,0,0,0
5.5,0,1514.8,0,1593.0879365079363,0,2238.0,0,262.6054086935271,0,37.93574087619781,0.0008636951446533,0,0.0008636951446533,0,0,0
13.5,0,90.7,0,144.29656212337713,0,459.0,0,136.16802623085368,0,1.17928204536438,166517146.9489592,0,166517146.9489592,0,0,0
5.5,0,1803.6,0,1597.8346031746032,0,2093.2,0,201.98379343563064,0,10.79763753414154,0.0002063035964965,0,0.0002063035964965,0,0,0
13.5,0,110.6,0,468.2868259879096,0,1514.0,0,627.8418584405551,0,59.82434484958649,166524747.53740373,0,166524747.53740373,0,0,0
5.5,0,96.3,0,94.82492063492064,0,181.6,0,49.81400133376706,0,10.961281204223631,0.0080865144729614,0,0.0080865144729614,0,0,0
13.5,0,76.1,0,1070.4892610923648,0,2962.0,0,806.4939498918673,0,99.16155235767364,166523611.2210598,0,166523611.2210598,0,0,0
5.5,0,206.7,0,165.3675,0,353.4,0,112.237013167601,0,34.04091255664825,0.0180433988571167,0,0.0180433988571167,0,0,0
5.5,0,130.9,0,83.85940476190476,0,234.5,0,62.349343849335504,0,5.774889969825745,0.0083367109298706,0,0.0083367109298706,0,0,0
5.5,0,111.8,0,75.47190476190477,0,113.0,0,15.39955919691089,0,80.38861842155457,0.0036905050277709,0,0.0036905050277709,0,0,0
13.5,0,77.0,0,221.2778467808421,0,1388.0,0,350.07236779204493,0,24.76239130496979,166518197.06553468,0,166518197.06553468,0,0,0
5.5,0,222.6,0,375.3377777777778,0,791.0,0,286.9300014568305,0,76.32076427936553,0.0118372917175292,0,0.0118372917175292,0,0,0
13.5,0,1224.4,0,1524.4910832648604,0,5858.0,0,1510.7598781472943,0,21.554519367218017,166525744.7817409,0,166525744.7817409,0,0,0
13.5,0,1369.2,0,1253.1399952438344,0,4410.0,0,1242.335776956204,0,11.622866368293762,166518282.6553258,0,166518282.6553258,0,0,0
13.5,0,107.2,0,951.3756830690812,0,8257.0,0,2086.978099458623,0,25.9915593624115,166522344.6842017,0,166522344.6842017,0,0,0
13.5,0,668.4,0,158.9603215205847,0,760.0,0,191.27386678603435,0,32.9169141292572,166523182.6317302,0,166523182.6317302,0,0,0
5.5,0,1525.0,0,1096.5705555555555,0,2382.8,0,917.1392388165208,0,22.115988945961,0.0006016016006469,0,0.0006016016006469,0,0,0
5.5,0,814.2,0,675.6713492063492,0,1514.0,0,582.0751343606992,0,10.024107074737548,0.0101068973541259,0,0.0101068973541259,0,0,0
5.5,0,623.8,0,223.427619047619,0,629.2,0,244.11190697343403,0,71.13835554122925,0.009375,0,0.009375,0,0,0
13.5,0,72.9,0,67.28996390735168,0,115.4,0,13.85647080021825,0,73.50532035827636,166521185.40762013,0,166521185.40762013,0,0,0
5.5,0,55.2,0,55.33412698412699,0,59.6,0,3.703734019297024,0,16.877335119247437,0.0080645084381103,0,0.0080645084381103,0,0,0
13.5,0,95.1,0,190.4697811536589,0,791.0,0,240.6875740028736,0,59.11703994274139,166522126.0070054,0,166522126.0070054,0,0,0
5.5,0,1417.7,0,1455.3982936507937,0,2238.0,0,451.3154706210083,0,28.958075046539307,0.0023866891860961,0,0.0023866891860961,0,0,0
13.5,0,1436.8,0,1759.874401530702,0,4434.0,0,1792.8257504310925,0,1.3742188215255735,166517722.90920228,0,166517722.90920228,0,0,0
5.5,0,261.6,0,382.3544444444444,0,1440.6,0,521.5037592397638,0,96.06213297843934,0.0154482126235961,0,0.0154482126235961,0,0,0
13.5,0,1948.4,0,1688.0960712387027,0,2962.0,0,1007.474434166071,0,1.4516858339309693,166525585.00608602,0,166525585.00608602,0,0,0
5.5,0,141.5,0,122.81805555555556,0,232.5,0,61.81964075804002,0,67.67297925949097,0.0211803913116455,0,0.0211803913116455,0,0,0
5.5,0,502.2,0,357.6785714285714,0,1065.6,0,450.6905123411919,0,5.083646583557129,0.0070945978164672,0,0.0070945978164672,0,0,0
13.5,0,1417.7,0,1578.8126322400508,0,2962.0,0,911.8147505712714,0,15.980820298194883,166521176.5616371,0,166521176.5616371,0,0,0
13.5,0,1514.0,0,1126.647603280792,0,1514.0,0,635.4658971016096,0,0.1129901885986328,166522536.4437374,0,166522536.4437374,0,0,0
5.5,0,77.0,0,78.05198412698412,0,143.0,0,27.506670385309445,0,28.59495630264282,0.0008168935775756,0,0.0008168935775756,0,0,0
5.5,0,1059.2,0,1485.0846031746034,0,3129.2,0,739.3408043315401,0,24.207442259788515,0.0091942071914672,0,0.0091942071914672,0,0,0
5.5,0,146.5,0,101.43646825396826,0,282.7,0,70.70466778939833,0,14.400045657157898,0.0065640926361083,0,0.0065640926361083,0,0,0
5.5,0,270.1,0,528.1517063492063,0,1342.0,0,426.1078510864606,0,8.810045504570008,0.0157601118087768,0,0.0157601118087768,0,0,0
13.5,0,88.5,0,70.49964469998527,0,109.4,0,11.47174115130309,0,62.61226387023926,166516826.54346752,0,166516826.54346752,0,0,0
13.5,0,103.1,0,181.21984533440417,0,583.0,0,153.53467608500316,0,81.24594421386719,166523376.9445282,0,166523376.9445282,0,0,0
13.5,0,175.4,0,184.1311047642588,0,791.0,0,190.34105706172028,0,135.7781186580658,166516798.01211578,0,166516798.01211578,0,0,0
13.5,0,1990.9,0,1058.6528047739157,0,7595.6,0,1915.6618133383151,0,10.953860306739807,166518538.5776454,0,166518538.5776454,0,0,0
5.5,0,97.0,0,110.5986507936508,0,154.8,0,39.002487668493295,0,102.70005226135254,0.0149921894073486,0,0.0149921894073486,0,0,0
13.5,0,66.0,0,453.3523967192079,0,1514.0,0,635.4658971016096,0,15.443618965148923,166523700.92100862,0,166523700.92100862,0,0,0
13.5,0,2858.0,0,2486.965625518272,0,5650.0,0,1383.488092244849,0,0.3396852731704712,166520194.73244882,0,166520194.73244882,0,0,0
13.5,0,330.4,0,258.7958913493627,0,2031.4,0,487.6204595075766,0,19.16718542575836,166523360.437601,0,166523360.437601,0,0,0
5.5,0,645.2,0,302.8514285714285,0,934.8,0,379.1945828228706,0,1.708110213279724,0.0010699987411499,0,0.0010699987411499,0,0,0
13.5,0,117.3,0,182.1831698903952,0,791.0,0,249.16024605303173,0,18.45208740234375,166517937.0032883,0,166517937.0032883,0,0,0
13.5,0,100.9,0,107.78403661139342,0,227.6,0,57.90814064687112,0,39.76530888080597,166521061.95439592,0,166521061.95439592,0,0,0
13.5,0,1369.2,0,878.6427637103179,0,2962.0,0,889.1710892605149,0,28.136570811271667,166518635.9562258,0,166518635.9562258,0,0,0
5.5,0,1374.9,0,944.0138492063492,0,2098.9,0,681.6417099621924,0,89.1296002626419,0.0085209846496582,0,0.0085209846496582,0,0,0
5.5,0,149.2,0,93.56801587301588,0,278.4,0,66.30312678900715,0,31.73040895462036,0.0035768985748291,0,0.0035768985748291,0,0,0
5.5,0,765.9,0,1245.4841666666666,0,1902.0,0,469.0505972908583,0,35.726340198516844,0.0100317955017089,0,0.0100317955017089,0,0,0
5.5,0,65.0,0,54.70555555555556,0,68.2,0,5.9340758667315,0,80.9406965970993,0.0058289051055908,0,0.0058289051055908,0,0,0
5.5,0,511.4,0,949.5324603174602,0,1514.0,0,492.4348759636001,0,11.861207628250122,0.0025509119033813,0,0.0025509119033813,0,0,0
5.5,0,66.0,0,66.0,0,66.0,0,0.0,0,1.8921432495117188,0.0014562129974365,0,0.0014562129974365,0,0,0
5.5,0,126.4,0,85.3352380952381,0,143.0,0,32.99310057966359,0,21.240050649642946,0.0021188020706176,0,0.0021188020706176,0,0,0
5.5,0,228.8,0,84.06333333333332,0,250.6,0,62.95808216901786,0,13.02235417366028,0.0129946947097778,0,0.0129946947097778,0,0,0
5.5,0,112.1,0,88.60452380952381,0,138.3,0,23.09124257216073,0,37.33142147064209,0.0249820947647094,0,0.0249820947647094,0,0,0
13.5,0,91.7,0,76.52579094709901,0,222.0,0,38.21758410584391,0,246.3772264957428,166516858.81760082,0,166516858.81760082,0,0,0
5.5,0,72.4,0,85.85119047619047,0,197.6,0,55.256280675462975,0,86.41128826141357,0.0107510089874267,0,0.0107510089874267,0,0,0
13.5,0,570.3,0,1706.5140421055553,0,4410.0,0,1159.0482239952648,0,15.793786001205444,166519533.0062523,0,166519533.0062523,0,0,0
5.5,0,790.0,0,415.3012698412698,0,1658.8,0,590.6027325352231,0,8.423761439323425,0.0007072210311889,0,0.0007072210311889,0,0,0
13.5,0,1601.6,0,1187.273957791435,0,2858.0,0,1012.6269944823936,0,0.276606798171997,166517698.2423413,0,166517698.2423413,0,0,0
13.5,0,97.2,0,135.97861557517132,0,358.0,0,109.84116209339967,0,124.62267022132872,166521496.6731583,0,166521496.6731583,0,0,0
13.5,0,920.4,0,1005.3868955107498,0,2858.0,0,1086.4324735941202,0,0.0720716953277587,166517697.80324453,0,166517697.80324453,0,0,0
5.5,0,1664.2,0,996.7538888888888,0,2533.0,0,894.1639624065498,0,64.23266839981079,0.0109899997711181,0,0.0109899997711181,0,0,0
13.5,0,87.7,0,113.90246107478691,0,217.0,0,56.45420044227235,0,122.40522973537443,166525399.26696408,0,166525399.26696408,0,0,0
13.5,0,124.2,0,128.99977193257376,0,230.0,0,66.27173031138047,0,58.97608942985535,166520521.2102082,0,166520521.2102082,0,0,0
5.5,0,66.0,0,66.0,0,66.0,0,0.0,0,10.049201107025146,0.001717185974121,0,0.001717185974121,0,0,0
13.5,0,66.4,0,63.91863459983429,0,156.0,0,27.974385041193585,0,82.13313961029053,166522740.5080618,0,166522740.5080618,0,0,0
13.5,0,1376.4,0,1064.1017942420497,0,4410.0,0,1488.2039499452903,0,36.646176075935365,166519239.18307692,0,166519239.18307692,0,0,0
5.5,0,308.1,0,659.0365476190477,0,1514.0,0,437.0492627743118,0,8.156206822395324,0.0018875122070312,0,0.0018875122070312,0,0,0
5.5,0,84.0,0,83.17,0,148.1,0,35.87081213351795,0,7.238492012023926,0.011948800086975,0,0.011948800086975,0,0,0
13.5,0,958.8,0,1413.4284686654073,0,2962.0,0,963.1249308844068,0,37.11774373054504,166519470.4618643,0,166519470.4618643,0,0,0
13.5,0,66.0,0,356.5142975394059,0,2962.0,0,780.6620369347041,0,1.7630571126937866,166521916.5151647,0,166521916.5151647,0,0,0
5.5,0,975.0,0,464.8237301587302,0,1354.9,0,445.49181026256366,0,30.529937958717348,0.0123913049697875,0,0.0123913049697875,0,0,0
5.5,0,66.0,0,66.0,0,66.0,0,0.0,0,4.6812447786331175,0.0004000902175903,0,0.0004000902175903,0,0,0
13.5,0,101.8,0,117.284640616951,0,339.0,0,79.59235459376886,0,71.8710402727127,166519367.4075061,0,166519367.4075061,0,0,0
5.5,0,214.4,0,324.30448412698416,0,1234.2,0,448.4447747592168,0,1.666726779937744,0.0103042125701904,0,0.0103042125701904,0,0,0
13.5,0,2817.2,0,2981.1758001063267,0,4410.0,0,1128.2951371053105,0,2.171384596824646,166523936.166048,0,166523936.166048,0,0,0
5.5,0,1741.2,0,2686.4914285714285,0,5650.0,0,2126.7007724092314,0,1.3080199480056762,0.0001304149627685,0,0.0001304149627685,0,0,0
11.0,0,300.0,0,116.9090909090909,0,300.0,0,90.05195928962804,0,0.7804641723632812,1.1920928955078125e-06,0,1.1920928955078125e-06,0,0,0
13.5,0,66.0,0,66.0,0,66.0,0,0.0,0,3.313222551345825,166520153.15580112,0,166520153.15580112,0,0,0
5.5,0,948.4,0,1313.3892063492062,0,1514.0,0,309.8367533431732,0,68.13188109397888,0.0014641046524047,0,0.0014641046524047,0,0,0
5.5,0,1514.0,0,1611.1079365079363,0,2238.0,0,340.95057749093576,0,29.649562764167783,0.0010958909988403,0,0.0010958909988403,0,0,0
5.5,0,62.8,0,60.97587301587301,0,64.4,0,5.877569517711554,0,37.47159514427185,0.0039213895797729,0,0.0039213895797729,0,0,0
5.5,0,82.5,0,108.4779761904762,0,188.0,0,39.61452999151658,0,48.36127133369446,0.0048549890518188,0,0.0048549890518188,0,0,0
13.5,0,2093.2,0,2117.606006606912,0,5858.0,0,1384.562085576477,0,11.53736493587494,166522304.8676571,0,166522304.8676571,0,0,0
5.5,0,561.7,0,295.19353174603174,0,1050.8,0,325.5767957040474,0,3.2635554313659667,0.0223978996276855,0,0.0223978996276855,0,0,0
5.5,0,2236.8,0,1326.6122222222225,0,2960.8,0,1069.959426405926,0,43.626967906951904,0.0045619010925292,0,0.0045619010925292,0,0,0
13.5,0,209.8,0,337.37308085662187,0,1494.0,0,514.572478843709,0,284.2449864625931,166517196.2852322,0,166517196.2852322,0,0,0
13.5,0,1288.0,0,322.29622183544006,0,2087.9,0,541.2410412375555,0,7.333842992782593,166524703.3780195,0,166524703.3780195,0,0,0
13.5,0,176.8,0,157.66747479687496,0,581.0,0,171.6394565945641,0,14.970495176315309,166518024.5430134,0,166518024.5430134,0,0,0
13.5,0,1853.3,0,996.1838734240476,0,2817.2,0,965.6315206235004,0,35.85906422138214,166525649.3330314,0,166525649.3330314,0,0,0
13.5,0,1803.6,0,968.1067031158556,0,4410.0,0,1340.8536921737204,0,1.1653108596801758,166518198.10785952,0,166518198.10785952,0,0,0
13.5,0,88.5,0,92.78135535774854,0,156.0,0,35.33507160195646,0,2.8779557228088377,166519278.73870718,0,166519278.73870718,0,0,0
13.5,0,645.2,0,997.5848022840592,0,1514.0,0,691.5086728400616,0,12.28917236328125,166518568.6063866,0,166518568.6063866,0,0,0
5.5,0,107.4,0,117.00888888888888,0,291.9,0,87.45564338494454,0,5.140787959098816,0.0294118881225585,0,0.0294118881225585,0,0,0
5.5,0,1514.0,0,1120.4542857142856,0,1658.8,0,546.8168346357346,0,16.794500398635865,0.0043327093124389,0,0.0043327093124389,0,0,0
5.5,0,520.2,0,176.22563492063497,0,747.2,0,228.8636796552397,0,95.3571277618408,0.0081914186477661,0,0.0081914186477661,0,0,0
13.5,0,1079.6,0,1032.262103871361,0,2962.0,0,957.5828780187754,0,0.3490444183349609,166517541.9587554,0,166517541.9587554,0,0,0
5.5,0,1931.2,0,1187.1971031746034,0,4054.7,0,1226.2944082366269,0,40.60133106708527,0.0032660961151123,0,0.0032660961151123,0,0,0
5.5,0,2093.2,0,1770.7326984126985,0,3251.6,0,567.9215824284532,0,1.0804335355758667,0.0007589101791381,0,0.0007589101791381,0,0,0
5.5,0,233.6,0,187.62416666666667,0,528.3,0,166.51605602884027,0,41.12440061569214,0.0052018165588378,0,0.0052018165588378,0,0,0
5.5,0,66.0,0,66.0,0,66.0,0,0.0,0,14.97516872882843,0.0062456846237182,0,0.0062456846237182,0,0,0
13.5,0,107.8,0,314.45235122204934,0,1514.0,0,482.0648127438287,0,57.93086709976196,166523117.8423554,0,166523117.8423554,0,0,0
13.5,0,122.9,0,127.81329668439577,0,498.0,0,107.76480172322144,0,73.33387167453766,166521770.3290711,0,166521770.3290711,0,0,0
5.5,0,1460.4,0,1508.64,0,1514.0,0,16.080000000000002,0,11.305377840995789,0.0004036903381347,0,0.0004036903381347,0,0,0
5.5,0,1270.5,0,1568.5101190476191,0,3204.5,0,681.1620973595105,0,38.56489977836609,0.0080168008804321,0,0.0080168008804321,0,0,0
13.5,0,639.4,0,757.6159922396146,0,1514.0,0,717.6672973927043,0,72.74330580234528,166525698.3495074,0,166525698.3495074,0,0,0
13.5,0,72.3,0,139.54875184370155,0,1175.0,0,276.3275900598284,0,73.4912437915802,166526132.2880929,0,166526132.2880929,0,0,0
13.5,0,1947.2,0,1536.5396547166283,0,3541.2,0,847.8401018093922,0,43.64548101425171,166522926.9873781,0,166522926.9873781,0,0,0
5.5,0,81.8,0,78.46198412698412,0,108.2,0,14.460471750807873,0,49.23940420150757,0.0041572093963623,0,0.0041572093963623,0,0,0
5.5,0,85.5,0,87.11488095238096,0,195.5,0,45.96308557950114,0,4.554740571975708,0.0059575080871582,0,0.0059575080871582,0,0,0
5.5,0,99.5,0,106.22996031746032,0,150.3,0,32.300124363380554,0,11.652159357070923,0.0272148847579956,0,0.0272148847579956,0,0,0
5.5,0,1134.7,0,1473.713849206349,0,1853.5,0,263.67555365766043,0,57.83766391277313,0.0015851020812988,0,0.0015851020812988,0,0,0
13.5,0,109.1,0,336.4742795323872,0,1214.0,0,442.270062872219,0,24.455967473983765,166517548.07471818,0,166517548.07471818,0,0,0
5.5,0,1079.6,0,1310.3031746031747,0,1514.0,0,399.6963628053148,0,28.69075253009796,0.0010964155197143,0,0.0010964155197143,0,0,0
5.5,0,1898.3,0,1998.1801587301584,0,11585.8,0,4080.236579056696,0,16.830458521842957,0.0316671848297119,0,0.0316671848297119,0,0,0
13.5,0,277.2,0,824.8628598645937,0,2911.0,0,844.7548842609216,0,78.68923842906952,166519374.0047492,0,166519374.0047492,0,0,0
5.5,0,1707.3,0,1925.5282142857145,0,4120.4,0,1127.0516935530625,0,6.942718124389648,0.0047693014144897,0,0.0047693014144897,0,0,0
13.5,0,1996.9,0,679.0447452813785,0,2624.6,0,784.1622689959471,0,1.5627474784851074,166523256.6565576,0,166523256.6565576,0,0,0
13.5,0,1369.2,0,1602.3204521209786,0,4410.0,0,876.8008023969218,0,13.451202535629273,166524647.79364902,0,166524647.79364902,0,0,0
5.5,0,661.4,0,1074.6362698412695,0,1514.0,0,402.8339442711356,0,36.23238332271576,0.0125261068344116,0,0.0125261068344116,0,0,0
13.5,0,94.0,0,661.7200441556208,0,2922.0,0,1124.432037680103,0,0.8130012035369873,166522904.53721678,0,166522904.53721678,0,0,0
13.5,0,67.1,0,971.1033399173068,0,5858.0,0,1450.7435858377196,0,0.4487424850463867,166519858.0562522,0,166519858.0562522,0,0,0
13.5,0,66.0,0,1131.2190909778217,0,4410.0,0,1328.7608174072147,0,4.207555222511291,166522382.8486064,0,166522382.8486064,0,0,0
13.5,0,336.8,0,128.980958229507,0,407.7,0,98.79763334151704,0,54.43517482280731,166520963.3719936,0,166520963.3719936,0,0,0
13.5,0,1514.0,0,1222.6831767767835,0,4410.0,0,1202.083370565205,0,2.927509880065918,166523827.54502192,0,166523827.54502192,0,0,0
5.5,0,97.6,0,82.93916666666667,0,173.5,0,37.303308950788605,0,26.336254358291622,0.00863938331604,0,0.00863938331604,0,0,0
5.5,0,1272.7,0,2574.425992063492,0,6920.1,0,2272.603436553834,0,72.84749336242676,0.0116808176040649,0,0.0116808176040649,0,0,0
5.5,0,1224.4,0,1027.7707936507936,0,1514.0,0,598.4892935325134,0,1.3606206893920898,0.0019848108291625,0,0.0019848108291625,0,0,0
13.5,0,109.0,0,118.84019483182796,0,230.0,0,57.30931963577198,0,94.2707453250885,166525349.14550823,0,166525349.14550823,0,0,0
5.5,0,65.4,0,64.24261904761906,0,65.4,0,2.0832065516733165,0,37.09624626636505,0.0003196954727172,0,0.0003196954727172,0,0,0
13.5,0,95.0,0,559.2290291708634,0,1514.0,0,670.4441498117634,0,15.02776665687561,166522162.0967245,0,166522162.0967245,0,0,0
13.5,0,113.8,0,103.37866170422284,0,214.0,0,49.99599596284922,0,35.47646496295929,166520820.65865672,0,166520820.65865672,0,0,0
5.5,0,1077.2,0,757.0280952380951,0,1222.6,0,553.5650548899519,0,86.80077607631684,0.004199194908142,0,0.004199194908142,0,0,0
5.5,0,1224.4,0,618.1361904761904,0,1224.4,0,502.9352516293108,0,56.92128384113312,0.0022760868072509,0,0.0022760868072509,0,0,0
13.5,0,68.4,0,222.9392450798256,0,1494.0,0,381.2820460107521,0,2.8812287569046022,166519294.1255678,0,166519294.1255678,0,0,0
13.5,0,2238.0,0,1687.6591896725563,0,2962.0,0,831.3512452646568,0,20.92713587284088,166521722.1433439,0,166521722.1433439,0,0,0
5.5,0,144.0,0,290.7595238095238,0,806.0,0,252.1376432416635,0,62.67284870147705,0.0242916107177734,0,0.0242916107177734,0,0,0
5.5,0,65.4,0,65.94,0,66.0,0,0.18,0,0.8915728092193603,0.0024486064910888,0,0.0024486064910888,0,0,0
13.5,0,1658.8,0,1660.0039575921153,0,3447.0,0,829.1822706880512,0,2.677702069282532,166520792.69219843,0,166520792.69219843,0,0,0
13.5,0,239.1,0,117.59286169326028,0,436.7,0,94.78028262219252,0,59.36016891002655,166518192.5369463,0,166518192.5369463,0,0,0
5.5,0,1055.6,0,1328.331111111111,0,2858.0,0,1092.2761285433464,0,0.132006287574768,6.709098815917968e-05,0,6.709098815917968e-05,0,0,0
13.5,0,105.2,0,68.42530239110735,0,173.8,0,28.24599280338528,0,9.595169138908386,166518763.6166895,0,166518763.6166895,0,0,0
5.5,0,1675.2,0,1852.4558730158728,0,2672.4,0,561.2360998684804,0,19.19225583076477,0.0010854959487915,0,0.0010854959487915,0,0,0
5.5,0,790.0,0,1414.3063492063495,0,2817.2,0,792.872247113278,0,6.658727788925171,0.0008813858032226,0,0.0008813858032226,0,0,0
13.5,0,87.9,0,132.88309186857174,0,441.0,0,111.11395308192635,0,40.012103128433225,166518120.59407777,0,166518120.59407777,0,0,0
13.5,0,123.1,0,138.336740943525,0,653.0,0,145.0925575871892,0,13.927133274078368,166522462.51705238,0,166522462.51705238,0,0,0
13.5,0,97.3,0,117.06651101521456,0,214.0,0,59.89476408014822,0,41.41947603225708,166518007.78267172,0,166518007.78267172,0,0,0
13.5,0,115.0,0,97.47854052552196,0,230.0,0,58.59947568458215,0,15.589590382575988,166518004.1273421,0,166518004.1273421,0,0,0
13.5,0,161.5,0,127.86979486586684,0,554.6,0,139.75421511264022,0,271.2208451271057,166516392.9951478,0,166516392.9951478,0,0,0
5.5,0,66.0,0,66.0,0,66.0,0,0.0,0,19.37970278263092,9.548664093017578e-05,0,9.548664093017578e-05,0,0,0
13.5,0,914.8,0,955.8827419639184,0,1462.0,0,658.8528115008362,0,0.753788423538208,166520193.6131906,0,166520193.6131906,0,0,0
5.5,0,780.8,0,617.7325396825397,0,1746.8,0,647.4851715882905,0,0.6512334823608399,7.419586181640625e-05,0,7.419586181640625e-05,0,0,0
5.5,0,3106.8,0,3946.754920634921,0,8174.8,0,2093.390526326598,0,1.7152806282043458,0.0024158000946044,0,0.0024158000946044,0,0,0
13.5,0,558.6,0,1030.847915190245,0,1514.0,0,636.9580228224158,0,28.945116901397704,166524515.715282,0,166524515.715282,0,0,0
13.5,0,331.5,0,122.457689805035,0,435.2,0,106.66616370087168,0,16.437418055534362,166520339.6604789,0,166520339.6604789,0,0,0
13.5,0,975.1,0,489.6843493859941,0,5285.0,0,1242.0075410701163,0,57.83745772838593,166519105.5135454,0,166519105.5135454,0,0,0
5.5,0,128.4,0,135.69623015873017,0,228.8,0,46.78762004419272,0,53.67162783145905,0.0157474040985107,0,0.0157474040985107,0,0,0
13.5,0,1090.2,0,1439.385868877854,0,13098.0,0,3366.1244466855906,0,8.803057670593262,166521015.9118512,0,166521015.9118512,0,0,0
13.5,0,1514.0,0,1029.8095041009904,0,1514.0,0,675.9876857007612,0,1.3655783891677855,166520547.51901728,0,166520547.51901728,0,0,0
13.5,0,1397.6,0,911.569031879713,0,2962.0,0,908.338432954556,0,9.96239697933197,166523303.26963133,0,166523303.26963133,0,0,0
13.5,0,949.4,0,1535.296187693026,0,3251.6,0,1104.7435052839407,0,45.93670690059662,166518189.3991184,0,166518189.3991184,0,0,0
5.5,0,355.6,0,94.96,0,355.6,0,86.88000000000001,0,1.1278300285339355,0.0016898870468139,0,0.0016898870468139,0,0,0
5.5,0,151.2,0,144.36607142857142,0,426.2,0,125.53834586793889,0,0.6110471487045288,0.0132313013076782,0,0.0132313013076782,0,0,0
13.5,0,111.0,0,202.3910229300284,0,791.0,0,236.96225388815668,0,92.24887466430664,166518544.0175798,0,166518544.0175798,0,0,0
13.5,0,2093.2,0,892.2330893659143,0,3541.2,0,1079.821651592194,0,2.0149361371994017,166523692.55721492,0,166523692.55721492,0,0,0
13.5,0,108.0,0,101.34212434151677,0,441.0,0,101.76082861705648,0,27.185347843170167,166518254.9108575,0,166518254.9108575,0,0,0
13.5,0,124.6,0,75.10894096658414,0,182.6,0,32.63287307103554,0,3.481994962692261,166523725.8845418,0,166523725.8845418,0,0,0
5.5,0,509.4,0,986.2045238095236,0,1514.0,0,471.878669096438,0,23.57496898174286,0.0083366155624389,0,0.0083366155624389,0,0,0
13.5,0,576.3,0,1754.7754363146312,0,4410.0,0,1202.079065293113,0,3.717773675918579,166524334.9127106,0,166524334.9127106,0,0,0
5.5,0,799.0,0,1263.2503968253968,0,1514.0,0,325.16074840289974,0,68.03294513225555,0.0074893951416015,0,0.0074893951416015,0,0,0
5.5,0,66.0,0,66.0,0,66.0,0,0.0,0,24.58191771507263,0.0012320041656494,0,0.0012320041656494,0,0,0
5.5,0,89.1,0,81.98674603174604,0,157.2,0,34.368801707144115,0,66.05373773574829,0.0147342920303344,0,0.0147342920303344,0,0,0
13.5,0,1514.0,0,1052.712992940582,0,4265.2,0,1244.3787628974076,0,89.06745429039002,166520975.54517907,0,166520975.54517907,0,0,0
5.5,0,167.6,0,131.73579365079365,0,502.0,0,145.00150427665548,0,17.233061170578004,0.0150601863861083,0,0.0150601863861083,0,0,0
5.5,0,78.4,0,86.28539682539682,0,106.8,0,10.694566963022904,0,155.68708343505858,0.0239083051681518,0,0.0239083051681518,0,0,0
5.5,0,669.6,0,1757.4092063492062,0,5804.0,0,1988.151291614334,0,79.57904109954833,0.0232602834701538,0,0.0232602834701538,0,0,0
13.5,0,1378.2,0,507.6614600423656,0,1514.0,0,638.8728930784667,0,61.71082887649536,166523550.49552912,0,166523550.49552912,0,0,0
13.5,0,136.1,0,1331.45709437836,0,2922.0,0,1312.0160398254673,0,195.48987519741056,166517038.16033477,0,166517038.16033477,0,0,0
5.5,0,1135.4,0,1513.315,0,2962.0,0,875.9466691996449,0,12.654915308952331,0.0088172912597656,0,0.0088172912597656,0,0,0
5.5,0,94.6,0,111.45492063492064,0,176.0,0,40.41267753062116,0,70.9535141468048,0.0059242963790893,0,0.0059242963790893,0,0,0
5.5,0,248.5,0,497.4479761904762,0,1514.0,0,501.088446643475,0,12.829416346549989,0.0132668018341064,0,0.0132668018341064,0,0,0
13.5,0,404.1,0,1168.4075813462423,0,2962.0,0,756.894807184128,0,39.78095881938934,166525089.49411178,0,166525089.49411178,0,0,0
13.5,0,279.6,0,221.02649772398223,0,791.0,0,212.92831919553333,0,38.41055994033813,166524842.0085883,0,166524842.0085883,0,0,0
13.5,0,63.9,0,65.51318025455797,0,69.3,0,2.255515838114907,0,39.82199342250824,166517559.3464476,0,166517559.3464476,0,0,0
13.5,0,783.6,0,995.0821832295672,0,2858.0,0,1064.4807601258246,0,0.1537374019622802,166517697.8114007,0,166517697.8114007,0,0,0
13.5,0,955.6,0,969.094892826472,0,4895.0,0,1243.1609800326298,0,31.88814210891724,166521384.6104111,0,166521384.6104111,0,0,0
5.5,0,200.5,0,150.95623015873016,0,264.3,0,64.65968667134572,0,70.8665461063385,0.0217332124710083,0,0.0217332124710083,0,0,0
5.5,0,101.0,0,89.80420634920634,0,138.5,0,22.865339219853475,0,25.783148312568663,0.0106568098068237,0,0.0106568098068237,0,0,0
5.5,0,95.9,0,81.68396825396825,0,144.4,0,27.25675495065601,0,23.108614230155943,0.0163552999496459,0,0.0163552999496459,0,0,0
5.5,0,74.7,0,70.59869047619048,0,100.1,0,11.117867276815655,0,9.4615291595459,0.0169690132141113,0,0.0169690132141113,0,0,0
5.5,0,78.4,0,90.05253968253967,0,212.0,0,60.52057075744074,0,82.47396020889282,0.006390905380249,0,0.006390905380249,0,0,0
13.5,0,1076.4,0,768.1243447883387,0,4410.0,0,1278.9798148325822,0,96.5127765417099,166521129.2961158,0,166521129.2961158,0,0,0
13.5,0,88.2,0,497.79075563153737,0,2742.0,0,757.9244534826482,0,30.44361207485199,166518073.74194852,0,166518073.74194852,0,0,0
5.5,0,1079.6,0,1473.3755555555558,0,2382.8,0,459.8169185255428,0,52.889855003356935,0.0005650997161865,0,0.0005650997161865,0,0,0
13.5,0,965.4,0,220.62224902634344,0,1189.1,0,316.07046883389023,0,18.1217755317688,166524434.0243455,0,166524434.0243455,0,0,0
5.5,0,578.6,0,1142.7500793650793,0,1999.0,0,571.5014709539001,0,39.06269814968109,0.0052337169647216,0,0.0052337169647216,0,0,0
13.5,0,1035.5,0,998.989018020593,0,2382.8,0,756.8390606929522,0,11.627730011940002,166517644.91650152,0,166517644.91650152,0,0,0
5.5,0,1080.7,0,605.7780555555556,0,1081.8,0,482.2643958187875,0,50.6242561340332,0.0127778053283691,0,0.0127778053283691,0,0,0
13.5,0,66.0,0,72.01894262857886,0,156.0,0,22.36478912978056,0,2.058508777618408,166521354.41494077,0,166521354.41494077,0,0,0
5.5,0,71.6,0,77.3665873015873,0,140.2,0,29.809881292274355,0,48.7797744512558,0.0106446981430053,0,0.0106446981430053,0,0,0
13.5,0,566.6,0,761.1758083024646,0,2962.0,0,890.8346269206284,0,70.16203863620758,166523499.76058072,0,166523499.76058072,0,0,0
5.5,0,105.2,0,101.28428571428572,0,203.6,0,66.25596846275289,0,1.7961432695388797,0.0142928123474121,0,0.0142928123474121,0,0,0
5.5,0,787.0,0,584.6624603174603,0,1224.4,0,567.0060969157046,0,80.89170699119568,0.0002700805664062,0,0.0002700805664062,0,0,0
5.5,0,388.2,0,578.3311904761905,0,1514.0,0,492.3814919695457,0,90.03553004264832,0.0116561889648437,0,0.0116561889648437,0,0,0
13.5,0,281.8,0,749.1966483662537,0,1950.8,0,750.5441129684663,0,4.087356495857239,166518339.90398818,0,166518339.90398818,0,0,0
13.5,0,69.2,0,266.2736347214017,0,2935.0,0,711.0358762419995,0,21.51169121265412,166518303.0681261,0,166518303.0681261,0,0,0
13.5,0,557.9,0,1382.521693583764,0,2962.0,0,816.6990565909675,0,46.33640847206116,166523238.9314446,0,166523238.9314446,0,0,0
13.5,0,645.2,0,804.4313351345937,0,2962.0,0,888.3455534691045,0,19.76192228794098,166517905.1023311,0,166517905.1023311,0,0,0
13.5,0,238.1,0,648.721259271774,0,2962.0,0,855.5637514697717,0,1.3439003705978394,166520759.27477238,0,166520759.27477238,0,0,0
5.5,0,230.1,0,118.1586111111111,0,418.6,0,114.27493093031288,0,12.512367677688598,0.0053261041641235,0,0.0053261041641235,0,0,0
5.5,0,943.8,0,502.3400793650794,0,1251.4,0,513.3444760027263,0,28.56220934391022,0.0020027875900268,0,0.0020027875900268,0,0,0
13.5,0,914.8,0,814.6527326972993,0,2858.0,0,849.4880795204375,0,0.6126009702682496,166517698.3686077,0,166517698.3686077,0,0,0
13.5,0,647.2,0,1319.4920235646707,0,2962.0,0,696.2579215343683,0,1.7008551359176636,166519636.65853077,0,166519636.65853077,0,0,0
13.5,0,793.6,0,305.9344935564092,0,1258.6,0,453.248645672072,0,12.15789475440979,166518766.34036487,0,166518766.34036487,0,0,0
13.5,0,69.1,0,61.33778640563084,0,132.3,0,19.407027644889737,0,37.14973175525665,166519777.8020109,0,166519777.8020109,0,0,0
13.5,0,645.2,0,925.7454306924584,0,2672.4,0,838.8845977252819,0,33.280454421043395,166523547.6536895,0,166523547.6536895,0,0,0
13.5,0,1666.2,0,641.0795052225895,0,2415.2,0,779.9129073328311,0,6.846933341026306,166521262.9970519,0,166521262.9970519,0,0,0
13.5,0,119.7,0,118.71573010323011,0,279.0,0,68.25840099569704,0,13.56586344242096,166522000.94590268,0,166522000.94590268,0,0,0
13.5,0,1223.5,0,373.3336265875508,0,2095.6,0,590.5338885911967,0,18.26655707359314,166525284.4459447,0,166525284.4459447,0,0,0
5.5,0,113.0,0,95.1029365079365,0,148.6,0,31.20945544351531,0,117.859174990654,0.045613408088684,0,0.045613408088684,0,0,0
5.5,0,66.0,0,66.0,0,66.0,0,0.0,0,16.589532947540285,0.0003183841705322,0,0.0003183841705322,0,0,0
13.5,0,70.0,0,81.24462998645662,0,230.0,0,52.09915208379391,0,1.6180200815200805,166517668.8034607,0,166517668.8034607,0,0,0
5.5,0,1779.6,0,1641.7866666666664,0,2922.0,0,1268.913966223076,0,1.7318596601486207,0.0007179021835327,0,0.0007179021835327,0,0,0
13.5,0,1224.4,0,1396.3983909949698,0,1514.0,0,387.4448027475826,0,14.593397426605224,166518647.4754065,0,166518647.4754065,0,0,0
5.5,0,138.0,0,79.58571428571429,0,138.0,0,25.74323586016272,0,38.419718050956725,0.0040456056594848,0,0.0040456056594848,0,0,0
13.5,0,68.4,0,81.78838654036022,0,214.0,0,42.11523550590272,0,8.19849362373352,166518108.7923356,0,166518108.7923356,0,0,0
5.5,0,381.1,0,179.3512698412698,0,790.0,0,254.87552126848635,0,53.18129198551178,0.0028363943099975,0,0.0028363943099975,0,0,0
13.5,0,433.1,0,604.5822379108679,0,2922.0,0,819.5872494630003,0,23.984177350997925,166523426.9963947,0,166523426.9963947,0,0,0
13.5,0,4257.2,0,2230.317351355215,0,26145.1,0,6431.534386931644,0,2.2931225061416627,166522675.2138093,0,166522675.2138093,0,0,0
13.5,0,912.0,0,1087.4172825403011,0,2858.0,0,1067.1561142029946,0,0.1155030012130737,166520193.7885725,0,166520193.7885725,0,0,0
13.5,0,85.6,0,327.1133400723803,0,2962.0,0,723.4488445237992,0,59.56593849658966,166521757.30592948,0,166521757.30592948,0,0,0
13.5,0,2670.8,0,1843.2096223040803,0,4699.6,0,961.1250187163728,0,14.532407522201538,166521901.7955493,0,166521901.7955493,0,0,0
13.5,0,818.8,0,274.0048150112701,0,1631.0,0,414.8454154682874,0,56.43063569068909,166520077.78342262,0,166520077.78342262,0,0,0
5.5,0,792.6,0,588.607380952381,0,1100.8,0,476.8733197914796,0,14.55019690990448,0.0086625099182128,0,0.0086625099182128,0,0,0
13.5,0,72.3,0,76.2390018370862,0,230.0,0,46.70963080799544,0,69.24011778831482,166518830.6243115,0,166518830.6243115,0,0,0
13.5,0,177.9,0,119.08579145398804,0,302.0,0,78.48104468913996,0,39.48288927078247,166522031.9798687,0,166522031.9798687,0,0,0
5.5,0,1693.2,0,848.8461904761905,0,2400.8,0,844.3636108459965,0,87.8133409500122,0.0201241016387939,0,0.0201241016387939,0,0,0
5.5,0,107.9,0,77.60984126984127,0,151.0,0,27.21389541860974,0,1.1207261562347413,0.0078382015228271,0,0.0078382015228271,0,0,0
5.5,0,2729.9,0,3556.7591666666667,0,6970.0,0,2367.7855860190407,0,32.2031947851181,0.012002682685852,0,0.012002682685852,0,0,0
5.5,0,66.0,0,66.0,0,66.0,0,0.0,0,114.8016525745392,0.0045755147933959,0,0.0045755147933959,0,0,0
5.5,0,82.4,0,67.64,0,82.4,0,4.92,0,13.778267049789427,0.0082848787307739,0,0.0082848787307739,0,0,0
13.5,0,386.5,0,379.73741464976376,0,1514.0,0,519.6025397025695,0,11.131615710258483,166519919.1382423,0,166519919.1382423,0,0,0
5.5,0,1237.4,0,585.6083333333333,0,1573.2,0,568.5670609325213,0,5.261628651618958,0.0244765996932983,0,0.0244765996932983,0,0,0
13.5,0,762.7,0,1408.3109443948724,0,4410.0,0,1218.6031302740507,0,12.48744637966156,166525841.6769957,0,166525841.6769957,0,0,0
13.5,0,179.4,0,125.318519891701,0,720.0,0,165.13603214249724,0,61.232839584350586,166525000.3258512,0,166525000.3258512,0,0,0
13.5,0,99.5,0,84.05509075762559,0,291.9,0,56.91722493478304,0,4.046460843086242,166519682.8842392,0,166519682.8842392,0,0,0
5.5,0,537.8,0,928.1848412698412,0,1593.2,0,549.8800063820589,0,19.164752697944643,0.0065879106521606,0,0.0065879106521606,0,0,0
5.5,0,66.0,0,66.0,0,66.0,0,0.0,0,6.322205495834351,0.0002433061599731,0,0.0002433061599731,0,0,0
13.5,0,777.6,0,905.7705238930316,0,1601.6,0,681.7103406460558,0,0.0110271453857421,166520193.37783247,0,166520193.37783247,0,0,0
5.5,0,1955.8,0,1172.488492063492,0,2670.8,0,892.1343268845446,0,95.99355022907255,0.0066507101058959,0,0.0066507101058959,0,0,0
5.5,0,139.9,0,160.60940476190473,0,273.6,0,64.2334405998395,0,28.22270650863648,0.0122611045837402,0,0.0122611045837402,0,0,0
13.5,0,790.0,0,801.3216991058476,0,1514.0,0,722.0862668169335,0,12.25540521144867,166525415.0666072,0,166525415.0666072,0,0,0
5.5,0,518.0,0,642.8593650793651,0,1474.0,0,537.8083251415528,0,50.452060079574586,0.0052695989608764,0,0.0052695989608764,0,0,0
13.5,0,686.6,0,1311.767456000312,0,3975.6,0,980.163286198275,0,0.4652624607086181,166523447.12913242,0,166523447.12913242,0,0,0
5.5,0,466.0,0,356.82698412698414,0,911.6,0,288.9475075327732,0,56.90829608440399,0.0132081985473632,0,0.0132081985473632,0,0,0
5.5,0,102.4,0,81.14436507936509,0,148.2,0,30.755617694269365,0,4.455386519432068,0.0214936017990112,0,0.0214936017990112,0,0,0
13.5,0,934.8,0,1307.787554963097,0,2962.0,0,729.7645452353354,0,14.507418632507324,166523995.5439898,0,166523995.5439898,0,0,0
13.5,0,84.5,0,127.18188464141636,0,937.0,0,216.3664893833172,0,12.86423134803772,166521953.5349082,0,166521953.5349082,0,0,0
13.5,0,66.0,0,66.0,0,66.0,0,0.0,0,0.4167206525802612,166522982.6300243,0,166522982.6300243,0,0,0
13.5,0,1078.8,0,1509.004493775918,0,2672.4,0,389.4061916485349,0,8.186717057228089,166518042.30496,0,166518042.30496,0,0,0
13.5,0,203.5,0,598.0937942797656,0,2962.0,0,1015.1008444883788,0,25.211826133728028,166524592.97846338,0,166524592.97846338,0,0,0
13.5,0,2527.0,0,1471.1572675243574,0,5858.0,0,1863.7577459346928,0,16.66106297969818,166524717.54859582,0,166524717.54859582,0,0,0
13.5,0,780.8,0,976.6242254580644,0,2858.0,0,967.59465991814,0,0.2837997198104858,166517697.824406,0,166517697.824406,0,0,0
13.5,0,81.1,0,219.5023884852677,0,1514.0,0,402.0039335102093,0,2.9035669803619384,166517998.7445088,0,166517998.7445088,0,0,0
13.5,0,1355.2,0,1840.11821595673,0,2922.0,0,1080.8186219561862,0,0.1802344799041748,166517929.5318551,0,166517929.5318551,0,0,0
13.5,0,167.3,0,138.07734845778575,0,294.4,0,76.54869805213355,0,0.1010500192642211,166517129.0407425,0,166517129.0407425,0,0,0
5.5,0,643.6,0,474.2625396825397,0,1224.4,0,548.1682264045455,0,67.77687685489654,0.0076303958892822,0,0.0076303958892822,0,0,0
13.5,0,1522.4,0,496.74763601422654,0,2157.6,0,691.8472304979053,0,62.24811058044433,166524488.52348408,0,166524488.52348408,0,0,0
5.5,0,143.8,0,88.97273809523809,0,172.5,0,38.278216087136,0,47.34925937652588,0.0181565046310424,0,0.0181565046310424,0,0,0
5.5,0,109.6,0,133.0596825396825,0,249.2,0,73.3025034822814,0,24.619406914711,0.0249286174774169,0,0.0249286174774169,0,0,0
13.5,0,66.0,0,213.46409440018184,0,1514.0,0,383.3876501519304,0,41.40571568012238,166518491.2565382,0,166518491.2565382,0,0,0
5.5,0,1381.5,0,717.353611111111,0,2096.5,0,720.098522227627,0,23.51408214569092,0.0106931209564208,0,0.0106931209564208,0,0,0
5.5,0,2102.2,0,1789.1276984126985,0,3541.2,0,1103.8639040759176,0,47.77787396907807,0.0018805980682373,0,0.0018805980682373,0,0,0
13.5,0,134.5,0,1389.149532631971,0,11650.0,0,2913.7417081223057,0,47.33238325119019,166522911.45545918,0,166522911.45545918,0,0,0
5.5,0,104.6,0,133.03198412698413,0,206.0,0,48.66235800231343,0,61.71250715255737,0.0172970056533813,0,0.0172970056533813,0,0,0
5.5,0,64.8,0,74.6179365079365,0,146.2,0,35.22258347776195,0,1.5516587734222411,0.0168921947479248,0,0.0168921947479248,0,0,0
13.5,0,914.8,0,891.1517436863103,0,2858.0,0,842.7620277341579,0,0.3068275451660156,166517698.338012,0,166517698.338012,0,0,0
13.5,0,1079.6,0,760.0571196845809,0,1514.0,0,703.0552296297408,0,26.62712364196777,166517876.3441931,0,166517876.3441931,0,0,0
5.5,0,950.4,0,440.6901587301587,0,1545.8,0,516.3908174800785,0,38.49577171802521,0.0064409971237182,0,0.0064409971237182,0,0,0
13.5,0,66.0,0,169.92707605346152,0,1514.0,0,358.8590625310969,0,34.380894207954405,166520024.4687822,0,166520024.4687822,0,0,0
5.5,0,167.1,0,152.3142857142857,0,327.9,0,112.88177865996488,0,5.595297765731812,0.0109499931335449,0,0.0109499931335449,0,0,0
5.5,0,120.4,0,127.71317460317462,0,206.6,0,57.98635524518061,0,262.82253339290617,0.0213171958923339,0,0.0213171958923339,0,0,0
13.5,0,75.0,0,88.35029812636624,0,344.0,0,70.51794034616552,0,8.50279667377472,166520137.5373583,0,166520137.5373583,0,0,0
13.5,0,75.0,0,857.4240785178015,0,2962.0,0,1016.7907744894534,0,15.512235617637634,166522218.0900098,0,166522218.0900098,0,0,0
5.5,0,175.0,0,233.968253968254,0,499.0,0,151.0399850540294,0,239.67631747722623,0.0154547929763793,0,0.0154547929763793,0,0,0
13.5,0,75.0,0,247.91948056973987,0,1514.0,0,456.24107240000114,0,29.18676562309265,166523383.5349852,0,166523383.5349852,0,0,0
13.5,0,67.8,0,65.08533451928189,0,130.0,0,23.444693428224564,0,21.5977644443512,166518764.83973593,0,166518764.83973593,0,0,0
5.5,0,934.2,0,708.0854761904762,0,1368.6,0,628.7437850660727,0,1.5745583057403565,0.003503394126892,0,0.003503394126892,0,0,0
5.5,0,1248.2,0,1142.1135714285715,0,1514.0,0,544.59345097231,0,5.442642188072204,0.0024960041046142,0,0.0024960041046142,0,0,0
13.5,0,87.6,0,772.8512530430526,0,2962.0,0,865.1960531730459,0,4.218559145927429,166519727.67064682,0,166519727.67064682,0,0,0
5.5,0,1079.6,0,1202.335238095238,0,1514.0,0,464.6261188733711,0,7.668806290626525,0.0059987068176269,0,0.0059987068176269,0,0,0
13.5,0,141.4,0,145.65947393378897,0,386.0,0,94.67629628594244,0,45.19206550121307,166520429.40286142,0,166520429.40286142,0,0,0
13.5,0,355.6,0,134.45799460128794,0,625.7,0,146.0170067673859,0,20.25077965259552,166520391.5889697,0,166520391.5889697,0,0,0
13.5,0,827.7,0,1928.047368427926,0,5858.0,0,1964.8956090616853,0,33.90444016456604,166518362.9927248,0,166518362.9927248,0,0,0
13.5,0,1746.3,0,816.736239031866,0,3990.8,0,1300.1301231445582,0,19.681884241104125,166523680.33990362,0,166523680.33990362,0,0,0
5.5,0,1030.0,0,715.1403174603174,0,2481.8,0,813.1283223494977,0,56.36586103439331,0.0186630010604858,0,0.0186630010604858,0,0,0
5.5,0,870.4,0,1021.703492063492,0,3251.6,0,1078.1445616254553,0,34.32867922782898,0.0113227128982543,0,0.0113227128982543,0,0,0
5.5,0,1598.5,0,1808.756388888889,0,3880.7,0,1020.7320055268348,0,39.35073297023773,0.0106405973434448,0,0.0106405973434448,0,0,0
13.5,0,296.6,0,101.56332203529185,0,473.4,0,115.24254924715542,0,0.1934138774871826,166521332.4657351,0,166521332.4657351,0,0,0
13.5,0,780.8,0,920.7035912281732,0,2858.0,0,1010.646793642382,0,0.1206099271774292,166517698.39922568,0,166517698.39922568,0,0,0
5.5,0,96.7,0,70.93666666666667,0,97.0,0,10.93030580042345,0,13.52645010948181,0.0102134943008422,0,0.0102134943008422,0,0,0
5.5,0,324.2,0,708.8596031746031,0,1514.0,0,490.6091847754915,0,6.552978754043579,0.00152268409729,0,0.00152268409729,0,0,0
5.5,0,80.8,0,67.47999999999999,0,80.8,0,4.44,0,11.53030002117157,0.0102797985076904,0,0.0102797985076904,0,0,0
5.5,0,115.2,0,101.69285714285716,0,180.8,0,46.5390614953397,0,11.844528913497925,0.0287018060684204,0,0.0287018060684204,0,0,0
13.5,0,790.0,0,303.9051529559193,0,2179.0,0,564.2639874203012,0,14.76158766746521,166519484.5387005,0,166519484.5387005,0,0,0
13.5,0,136.7,0,84.86191512263106,0,345.0,0,69.34627100022098,0,8.181501865386963,166523644.3340956,0,166523644.3340956,0,0,0
5.5,0,512.8,0,156.14079365079365,0,701.6,0,203.76114602500303,0,32.9396210193634,0.0094166040420532,0,0.0094166040420532,0,0,0
13.5,0,2093.2,0,1773.671964246194,0,3830.8,0,619.3019203893917,0,2.6211979389190674,166522423.4349092,0,166522423.4349092,0,0,0
13.5,0,96.3,0,168.03036352922965,0,1374.0,0,323.0030329340986,0,94.35403525829317,166525335.95915338,0,166525335.95915338,0,0,0
5.5,0,161.1,0,344.54488095238094,0,1017.0,0,330.18823844022063,0,10.152504229545594,0.0014105081558227,0,0.0014105081558227,0,0,0
5.5,0,180.8,0,245.35222222222225,0,447.0,0,152.54188736730117,0,42.48991177082062,0.0100751161575317,0,0.0100751161575317,0,0,0
13.5,0,1272.9,0,1295.9249066280297,0,1514.0,0,478.87005474973455,0,56.09900577068329,166520925.1409733,0,166520925.1409733,0,0,0
5.5,0,312.7,0,109.19,0,342.9,0,86.72854656691445,0,119.31540410518646,0.0292747974395751,0,0.0292747974395751,0,0,0
13.5,0,78.8,0,1078.0640124392291,0,8754.0,0,2254.6633844569133,0,29.34309332370758,166524948.06960028,0,166524948.06960028,0,0,0
13.5,0,75.1,0,69.48300594056785,0,129.0,0,15.469666294685087,0,50.12786796092987,166525765.46684378,0,166525765.46684378,0,0,0
5.5,0,74.4,0,82.50333333333333,0,147.0,0,31.741677734689148,0,14.817005300521853,0.0133001089096069,0,0.0133001089096069,0,0,0
5.5,0,75.0,0,92.3607142857143,0,156.0,0,31.248098275099743,0,49.61537342071533,0.0033360004425048,0,0.0033360004425048,0,0,0
13.5,0,1957.4,0,1277.8551546746169,0,4554.8,0,1135.788147214956,0,86.61517193317414,166520579.0485401,0,166520579.0485401,0,0,0
5.5,0,995.9,0,1121.2496428571428,0,1514.0,0,493.84967018992086,0,10.381225156784058,0.0085646867752075,0,0.0085646867752075,0,0,0
13.5,0,210.8,0,857.490955658119,0,1514.0,0,689.3402832188052,0,25.84760186672211,166517498.80073732,0,166517498.80073732,0,0,0
5.5,0,86.0,0,86.0,0,86.0,0,0.0,0,0.2793681859970093,1.978874206542969e-06,0,1.978874206542969e-06,0,0,0
13.5,0,67.8,0,88.23990197281219,0,341.0,0,73.86656863573305,0,54.26455824375152,166526320.8505672,0,166526320.8505672,0,0,0
5.5,0,592.1,0,311.10059523809525,0,985.2,0,285.7890397648912,0,58.53552758693695,0.0260736942291259,0,0.0260736942291259,0,0,0
13.5,0,122.7,0,212.3995021026445,0,642.0,0,209.4957443764829,0,73.53256096839905,166520593.62376,0,166520593.62376,0,0,0
5.5,0,113.1,0,79.08809523809525,0,161.4,0,30.222108159271205,0,31.72364497184753,0.0076699972152709,0,0.0076699972152709,0,0,0
13.5,0,123.2,0,150.56409828089005,0,390.0,0,111.65366918603384,0,24.68727343082428,166522555.3381445,0,166522555.3381445,0,0,0
5.5,0,1128.1,0,1589.155515873016,0,2672.4,0,601.2093181926596,0,13.216750359535215,0.0103412866592407,0,0.0103412866592407,0,0,0
13.5,0,74.8,0,71.9197415398499,0,132.6,0,17.973634032018005,0,56.532014560699466,166517663.7044816,0,166517663.7044816,0,0,0
5.5,0,500.4,0,141.6177777777778,0,645.2,0,183.7297384387495,0,36.82635886669159,0.027357006072998,0,0.027357006072998,0,0,0
5.5,0,1852.1,0,2083.7925,0,2962.0,0,583.5467637093398,0,6.841753268241883,0.0004405975341796,0,0.0004405975341796,0,0,0
5.5,0,128.0,0,164.15246031746034,0,304.3,0,74.15898169904146,0,10.234700989723205,0.0053233861923217,0,0.0053233861923217,0,0,0
5.5,0,66.1,0,65.8645634920635,0,71.5,0,3.0592360532830267,0,21.84875075817108,0.0116970062255859,0,0.0116970062255859,0,0,0
5.5,0,1658.8,0,1544.5688888888888,0,1803.6,0,88.94624974036093,0,18.962003326416017,0.0004276990890502,0,0.0004276990890502,0,0,0
13.5,0,210.8,0,73.24,0,210.8,0,31.558428351234472,0,1.3420294761657714,166522932.90933412,0,166522932.90933412,0,0,0
5.5,0,66.0,0,66.0,0,66.0,0,0.0,0,15.488328981399537,0.0006923913955688,0,0.0006923913955688,0,0,0
5.5,0,163.4,0,80.7775,0,171.5,0,32.639864675518254,0,37.76112570762634,0.011244797706604,0,0.011244797706604,0,0,0
13.5,0,136.1,0,141.6252289815448,0,230.0,0,58.84745469629509,0,41.5666368484497,166520294.8583105,0,166520294.8583105,0,0,0
5.5,0,66.0,0,66.0,0,66.0,0,0.0,0,16.315264534950256,0.0062571048736572,0,0.0062571048736572,0,0,0
5.5,0,85.3,0,124.91384920634918,0,209.8,0,49.67308285266603,0,10.316475200653077,0.0053951978683471,0,0.0053951978683471,0,0,0
5.5,0,210.7,0,170.19968253968256,0,384.4,0,110.32248659598568,0,0.1946772336959839,0.0091846942901611,0,0.0091846942901611,0,0,0
5.5,0,100.1,0,112.59888888888888,0,213.6,0,59.69615489222237,0,56.77701895236969,0.0286463975906372,0,0.0286463975906372,0,0,0
5.5,0,180.2,0,374.98817460317457,0,1028.0,0,320.1396712677196,0,98.19002430438996,0.0193105936050415,0,0.0193105936050415,0,0,0
5.5,0,66.0,0,66.0,0,66.0,0,0.0,0,15.066109323501587,0.0003437995910644,0,0.0003437995910644,0,0,0
5.5,0,117.8,0,103.1926984126984,0,161.8,0,42.58308524872875,0,28.60897841453552,0.0449316978454589,0,0.0449316978454589,0,0,0
5.5,0,699.8,0,854.1179365079364,0,1369.2,0,587.1813033010694,0,6.741102027893066,0.0104120016098022,0,0.0104120016098022,0,0,0
5.5,0,1243.1,0,918.68123015873,0,4409.4,0,1562.7892824424955,0,43.027276611328126,0.0025757074356079,0,0.0025757074356079,0,0,0
13.5,0,1084.5,0,985.63308646376,0,1510.0,0,657.6439280985819,0,7.520277690887451,166519745.9198323,0,166519745.9198323,0,0,0
13.5,0,145.4,0,109.66902974304678,0,505.2,0,110.09845287014612,0,19.46160156726837,166517943.75619268,0,166517943.75619268,0,0,0
5.5,0,1159.9,0,1603.2835317460317,0,3830.8,0,1066.4714953633552,0,36.955939245224,0.0092393159866333,0,0.0092393159866333,0,0,0
5.5,0,1418.4,0,1008.6223412698412,0,2962.0,0,1018.018856963644,0,16.932366824150087,0.0021979093551635,0,0.0021979093551635,0,0,0
13.5,0,1807.2,0,1541.915980869406,0,10687.0,0,2792.926769823543,0,59.23276104927063,166520792.9337717,0,166520792.9337717,0,0,0
13.5,0,659.0,0,145.62435804907167,0,668.6,0,200.54815330312653,0,30.306294012069703,166525703.3242955,0,166525703.3242955,0,0,0
13.5,0,799.0,0,196.4315760477912,0,1322.8,0,320.003930529594,0,41.977368807792665,166521616.05645737,0,166521616.05645737,0,0,0
13.5,0,1523.0,0,1994.3325122727288,0,4410.0,0,1279.0746578263802,0,18.705854725837707,166521611.3852216,0,166521611.3852216,0,0,0
13.5,0,162.0,0,196.8163295287444,0,649.4,0,188.7830797720561,0,68.48223643302917,166516969.2417505,0,166516969.2417505,0,0,0
13.5,0,327.9,0,205.2108480722064,0,2027.6,0,471.376078610961,0,3.700384521484375,166523356.6505308,0,166523356.6505308,0,0,0
5.5,0,474.6,0,569.1773015873016,0,2002.0,0,730.6862776658652,0,19.52064247131348,0.0190554857254028,0,0.0190554857254028,0,0,0
13.5,0,151.6,0,89.1748413566138,0,260.4,0,62.035277604283465,0,51.28408739566803,166522654.83836478,0,166522654.83836478,0,0,0
13.5,0,78.7,0,96.39532744130656,0,230.0,0,47.9551813235621,0,43.01509313583374,166526001.75052008,0,166526001.75052008,0,0,0
5.5,0,94.0,0,88.95388888888888,0,184.4,0,44.48005827543356,0,37.36992678642273,0.0272589921951293,0,0.0272589921951293,0,0,0
5.5,0,71.7,0,82.69511904761906,0,123.0,0,19.790462240896503,0,31.827445220947265,0.0034748077392578,0,0.0034748077392578,0,0,0
13.5,0,102.7,0,82.24758300050482,0,184.6,0,39.07560882056737,0,5.1961585760116575,166518018.4094044,0,166518018.4094044,0,0,0
5.5,0,135.4,0,193.20682539682545,0,532.2,0,167.53142343089831,0,8.364260458946228,0.0220350980758666,0,0.0220350980758666,0,0,0
5.5,0,1658.8,0,1544.5688888888888,0,1803.6,0,88.94624974036093,0,21.696891522407533,0.0037173986434936,0,0.0037173986434936,0,0,0
13.5,0,1081.5,0,358.44488719656675,0,3468.6,0,814.7407381534314,0,12.034699034690856,166525452.385058,0,166525452.385058,0,0,0
13.5,0,137.5,0,125.88702077033732,0,228.4,0,59.016967664554,0,49.61146159172058,166519792.14208,0,166519792.14208,0,0,0
13.5,0,528.3,0,239.89307425159976,0,1160.6,0,366.54030011046126,0,8.662361788749696,166519615.21087462,0,166519615.21087462,0,0,0
13.5,0,58.0,0,516.7663107313222,0,6749.0,0,1660.183954493382,0,71.03885083198547,166518806.1261801,0,166518806.1261801,0,0,0
5.5,0,66.0,0,66.0,0,66.0,0,0.0,0,0.6112396955490113,2.9087066650390623e-06,0,2.9087066650390623e-06,0,0,0
13.5,0,269.2,0,353.4606459321552,0,2677.0,0,652.1242075728894,0,0.0078955650329589,166520714.0115232,0,166520714.0115232,0,0,0
5.5,0,664.5,0,1261.5121825396825,0,2817.2,0,857.486489798822,0,73.0653460264206,0.0079913139343261,0,0.0079913139343261,0,0,0
13.5,0,78.4,0,1093.7015630087149,0,5858.0,0,1810.265834691363,0,39.51003501415253,166521257.92273653,0,166521257.92273653,0,0,0
13.5,0,212.3,0,131.10149488454442,0,390.0,0,116.741197166795,0,10.254098415374756,166521526.8362475,0,166521526.8362475,0,0,0
13.5,0,104.6,0,70.00485380116957,0,110.4,0,11.87615579639629,0,80.00805835723877,166525789.9234405,0,166525789.9234405,0,0,0
13.5,0,693.9,0,168.4480419043461,0,1109.4,0,264.4090263837742,0,106.21510348320008,166520135.64578253,0,166520135.64578253,0,0,0
5.5,0,126.5,0,100.38083333333331,0,293.5,0,74.8759314907682,0,10.629650688171386,0.0060118913650512,0,0.0060118913650512,0,0,0
5.5,0,109.8,0,117.62809523809524,0,344.4,0,103.487187539063,0,0.2884767532348632,0.0104307174682617,0,0.0104307174682617,0,0,0
13.5,0,1088.9,0,1155.7642077925516,0,2962.0,0,814.9655092963756,0,1.2087093353271483,166525484.50561482,0,166525484.50561482,0,0,0
13.5,0,1816.4,0,1360.31709901124,0,3396.4,0,873.9441144962836,0,29.665070056915283,166525896.42454392,0,166525896.42454392,0,0,0
13.5,0,645.2,0,1375.1102941846596,0,2962.0,0,646.749489312723,0,13.565405821800232,166519486.05772713,0,166519486.05772713,0,0,0
5.5,0,109.6,0,166.80301587301588,0,332.6,0,91.13526433707298,0,30.92640883922577,0.0117297887802124,0,0.0117297887802124,0,0,0
13.5,0,142.0,0,146.70928217937893,0,227.4,0,69.82470984615992,0,153.17956438064576,166517141.0538919,0,166517141.0538919,0,0,0
5.5,0,80.9,0,109.641626984127,0,215.0,0,51.73296269988735,0,47.85434503555298,0.0007566213607788,0,0.0007566213607788,0,0,0
13.5,0,988.1,0,1797.7978447756236,0,2962.0,0,753.7156378518778,0,66.30148613452911,166520555.5414163,0,166520555.5414163,0,0,0
5.5,0,66.0,0,66.0,0,66.0,0,0.0,0,36.5625018119812,0.0022243022918701,0,0.0022243022918701,0,0,0
5.5,0,1282.4,0,1419.3709523809523,0,1514.0,0,185.74207643491724,0,12.25223400592804,0.0015986919403076,0,0.0015986919403076,0,0,0
13.5,0,829.1,0,1211.0455897379195,0,4265.2,0,1254.2304674021025,0,43.00338854789734,166521495.4079494,0,166521495.4079494,0,0,0
5.5,0,1232.4,0,1374.5320634920631,0,1514.0,0,280.5491181886728,0,31.40039281845093,0.0010894060134887,0,0.0010894060134887,0,0,0
13.5,0,1527.7,0,395.3041213696864,0,2126.0,0,606.4260781050103,0,10.86253032684326,166521953.4028614,0,166521953.4028614,0,0,0
5.5,0,409.7,0,252.48674603174604,0,719.8,0,249.5401863419675,0,35.07669546604156,0.0040929079055786,0,0.0040929079055786,0,0,0
13.5,0,75.0,0,72.94262683910517,0,156.0,0,23.85564254568905,0,96.74233167171478,166525641.9837513,0,166525641.9837513,0,0,0
5.5,0,376.0,0,789.5034920634921,0,1514.0,0,510.56607189625856,0,15.46929087638855,0.0042896032333374,0,0.0042896032333374,0,0,0
13.5,0,679.5,0,1195.9193170335857,0,1514.0,0,539.9171688723577,0,56.03625295162201,166520854.2052152,0,166520854.2052152,0,0,0
5.5,0,1079.6,0,1447.863174603175,0,2672.4,0,708.8719321661885,0,10.514773774147034,0.0008563041687011,0,0.0008563041687011,0,0,0
13.5,0,154.7,0,88.71702824609172,0,288.1,0,69.03627312510721,0,87.18748979568481,166525669.7941388,0,166525669.7941388,0,0,0
5.5,0,97.0,0,145.37031746031747,0,264.0,0,83.19541747817735,0,23.517817115783693,0.0140709161758422,0,0.0140709161758422,0,0,0
13.5,0,2093.2,0,2505.2864888740432,0,5858.0,0,1449.9992636115344,0,42.86871066093445,166525076.8606428,0,166525076.8606428,0,0,0
5.5,0,1830.6,0,2108.33373015873,0,3830.8,0,1013.4830376847428,0,33.00104627609253,0.0081542015075683,0,0.0081542015075683,0,0,0
13.5,0,123.0,0,240.09193814312624,0,2274.0,0,546.6428036902099,0,52.073251247406006,166524976.016597,0,166524976.016597,0,0,0
13.5,0,170.8,0,158.8867275062399,0,342.3,0,93.70465908143343,0,69.34051828384399,166523699.8893384,0,166523699.8893384,0,0,0
13.5,0,320.4,0,484.4253140907939,0,2962.0,0,912.2947155017018,0,0.2571251392364502,166522714.77715808,0,166522714.77715808,0,0,0
5.5,0,66.0,0,66.0,0,66.0,0,0.0,0,27.66004106998444,0.0017225980758666,0,0.0017225980758666,0,0,0
13.5,0,66.0,0,1721.744239981724,0,8754.0,0,2386.960901572871,0,80.41552248001099,166525640.352504,0,166525640.352504,0,0,0
5.5,0,1308.9,0,2638.564642857143,0,4410.0,0,1427.5221499784277,0,38.42824552059174,0.0060626029968261,0,0.0060626029968261,0,0,0
5.5,0,2962.0,0,3161.272380952381,0,5134.0,0,1131.350760181589,0,11.88104979991913,0.0002276897430419,0,0.0002276897430419,0,0,0
13.5,0,326.4,0,1299.5365954839797,0,2962.0,0,711.4009347140502,0,42.86122493743896,166518011.1885555,0,166518011.1885555,0,0,0
5.5,0,2072.2,0,2758.834484126984,0,7430.9,0,2785.2995836275227,0,42.91493651866913,0.0098719120025634,0,0.0098719120025634,0,0,0
5.5,0,75.0,0,66.9,0,75.0,0,2.7,0,1.8889270067214965,0.008061408996582,0,0.008061408996582,0,0,0
13.5,0,519.7,0,263.8531213415927,0,1249.6,0,418.6447732402096,0,0.2810242176055908,166518424.89404,0,166518424.89404,0,0,0
5.5,0,1852.1,0,1740.174761904762,0,2382.8,0,370.8536163507196,0,85.54296600818634,0.0072702884674072,0,0.0072702884674072,0,0,0
5.5,0,725.5,0,317.8115079365079,0,1283.6,0,409.457903046143,0,22.601705598831177,0.0078200101852417,0,0.0078200101852417,0,0,0
5.5,0,284.0,0,315.0710714285714,0,733.3,0,237.19043224348107,0,5.26024067401886,0.0044378995895385,0,0.0044378995895385,0,0,0
13.5,0,1238.4,0,1338.1758917711977,0,2191.6,0,549.2564464403749,0,94.64462735652924,166524522.3750028,0,166524522.3750028,0,0,0
5.5,0,93.6,0,118.04753968253968,0,216.3,0,54.20125562927094,0,34.65431137084961,0.0055213928222656,0,0.0055213928222656,0,0,0
13.5,0,943.8,0,1363.580269725974,0,5858.0,0,1461.4120495601642,0,98.0755919456482,166519634.8841484,0,166519634.8841484,0,0,0
5.5,0,1430.6,0,2416.559325396825,0,5666.8,0,1698.1627741243028,0,6.183282732963562,0.003798484802246,0,0.003798484802246,0,0,0
5.5,0,1667.8,0,1692.6479365079365,0,2527.6,0,444.2205041901328,0,3.7619836807250975,0.0099401950836181,0,0.0099401950836181,0,0,0
5.5,0,158.9,0,129.3711507936508,0,263.7,0,87.88986006874674,0,5.691612625122071,0.0029313087463378,0,0.0029313087463378,0,0,0
5.5,0,155.4,0,200.77452380952383,0,377.2,0,89.23848535831614,0,73.89611876010895,0.0218039035797119,0,0.0218039035797119,0,0,0
5.5,0,167.7,0,118.30119047619048,0,247.4,0,76.09298651326803,0,5.638055968284607,0.0090916156768798,0,0.0090916156768798,0,0,0
13.5,0,66.0,0,439.1744429718888,0,2381.0,0,703.6720551238741,0,70.71110231876374,166520202.1951136,0,166520202.1951136,0,0,0
13.5,0,129.2,0,315.95386511278537,0,2962.0,0,709.3560526272408,0,26.17136216163636,166524743.14056152,0,166524743.14056152,0,0,0
5.5,0,82.6,0,73.7334126984127,0,131.6,0,21.298904097731445,0,29.6170401096344,0.0035824060440063,0,0.0035824060440063,0,0,0
5.5,0,1707.3,0,1985.5167857142856,0,2962.0,0,551.2899428168902,0,15.280962586402891,0.0007158041000366,0,0.0007158041000366,0,0,0
13.5,0,253.8,0,116.32452845228386,0,358.4,0,91.97610256780357,0,29.809204936027527,166522816.61974427,0,166522816.61974427,0,0,0
13.5,0,1130.4,0,569.6782856548336,0,1906.8,0,700.8684657434677,0,0.1972203016281128,166518886.4011636,0,166518886.4011636,0,0,0
5.5,0,67.6,0,67.35301587301589,0,75.6,0,3.308149914835641,0,45.12147023677826,0.0052732944488525,0,0.0052732944488525,0,0,0
13.5,0,1224.4,0,371.12538883459166,0,1242.4,0,487.7848676043489,0,45.41163816452026,166524412.7086531,0,166524412.7086531,0,0,0
5.5,0,126.0,0,119.10309523809524,0,190.4,0,41.81939815570417,0,120.7696692943573,0.0106422185897827,0,0.0106422185897827,0,0,0
5.5,0,132.5,0,122.94424603174602,0,292.8,0,98.08960835401604,0,48.86660068035125,0.0120584964752197,0,0.0120584964752197,0,0,0
5.5,0,190.7,0,175.86952380952383,0,439.6,0,149.53464523650737,0,16.258057355880737,0.0128812074661254,0,0.0128812074661254,0,0,0
5.5,0,1358.1,0,859.4027777777777,0,2826.2,0,907.189924337293,0,24.85138533115387,0.0041718006134033,0,0.0041718006134033,0,0,0
5.5,0,1220.8,0,2141.025873015873,0,4120.4,0,1224.7105542534764,0,8.35619032382965,0.0149996042251586,0,0.0149996042251586,0,0,0
13.5,0,1739.0,0,596.6035418116455,0,4372.8,0,1135.3429222735372,0,17.605089616775512,166526348.4829058,0,166526348.4829058,0,0,0
5.5,0,1803.6,0,1823.883492063492,0,2817.2,0,531.9200413528956,0,14.19729790687561,0.0024384975433349,0,0.0024384975433349,0,0,0
5.5,0,509.4,0,144.64277777777778,0,654.2,0,186.0129291360653,0,31.357686257362367,0.0033169984817504,0,0.0033169984817504,0,0,0
13.5,0,66.0,0,66.0,0,66.0,0,0.0,0,10.420894813537595,166525134.14158422,0,166525134.14158422,0,0,0
13.5,0,246.4,0,870.1856477011121,0,2962.0,0,872.5646324367492,0,31.86317348480225,166521256.99039212,0,166521256.99039212,0,0,0
13.5,0,82.2,0,122.38675251004584,0,644.0,0,142.49588072407886,0,12.873437762260435,166526249.62343,0,166526249.62343,0,0,0
5.5,0,1948.4,0,1888.5838095238096,0,2527.6,0,482.4109476922714,0,17.84653494358063,0.0010244131088256,0,0.0010244131088256,0,0,0
13.5,0,1658.8,0,940.8629074786584,0,2962.0,0,1017.393692296752,0,1.452054214477539,166522460.0202918,0,166522460.0202918,0,0,0
5.5,0,101.6,0,91.7826984126984,0,169.6,0,38.14590662631144,0,40.73581550121308,0.0130882024765014,0,0.0130882024765014,0,0,0
13.5,0,1095.2,0,270.57993821280195,0,1384.0,0,423.9427788323945,0,2.5498080968856813,166524506.4624468,0,166524506.4624468,0,0,0
5.5,0,241.3,0,182.89742063492065,0,604.0,0,166.4464268849265,0,102.3898762702942,0.0087604045867919,0,0.0087604045867919,0,0,0
5.5,0,116.9,0,115.0934523809524,0,334.0,0,92.23455913714938,0,37.58493840694428,0.0074090957641601,0,0.0074090957641601,0,0,0
5.5,0,61.9,0,60.18246031746031,0,68.1,0,5.423343554835678,0,43.90668704509735,0.0099528074264526,0,0.0099528074264526,0,0,0
13.5,0,66.0,0,943.160572404891,0,4410.0,0,1462.6038458810076,0,7.089062905311584,166518417.478999,0,166518417.478999,0,0,0
5.5,0,138.8,0,133.26083333333332,0,367.6,0,112.54312124065804,0,6.19222252368927,0.0161709070205688,0,0.0161709070205688,0,0,0
13.5,0,140.5,0,343.92879940578854,0,1716.0,0,522.7204323261938,0,11.189708757400512,166523436.24285972,0,166523436.24285972,0,0,0
5.5,0,764.1,0,1576.8544047619048,0,2962.0,0,1007.3441309469938,0,36.6652934551239,0.0183648824691772,0,0.0183648824691772,0,0,0
13.5,0,87.6,0,70.4546235377969,0,215.6,0,40.45230739372362,0,60.51750757694244,166521558.3311757,0,166521558.3311757,0,0,0
13.5,0,920.4,0,782.6348922422607,0,2578.8,0,864.225124192583,0,0.6566731214523316,166520193.18482658,0,166520193.18482658,0,0,0
13.5,0,86.6,0,74.64832485883571,0,178.2,0,34.378463142399475,0,48.511814045906064,166523184.29904658,0,166523184.29904658,0,0,0
13.5,0,110.4,0,86.98403176802557,0,170.8,0,33.88704379507234,0,30.582031464576723,166522369.6205608,0,166522369.6205608,0,0,0
13.5,0,1079.6,0,682.9429822954822,0,1514.0,0,704.0263511509448,0,3.2829445123672487,166525997.6194439,0,166525997.6194439,0,0,0
5.5,0,125.4,0,110.39214285714286,0,246.8,0,71.65966227737545,0,52.74017956256866,0.0094033002853393,0,0.0094033002853393,0,0,0
13.5,0,66.0,0,194.06972370809444,0,1102.0,0,264.8805734683501,0,56.71086356639862,166521598.7316649,0,166521598.7316649,0,0,0
5.5,0,228.2,0,309.76365079365075,0,1245.6,0,426.1504548950544,0,62.07513000965118,0.0030025959014892,0,0.0030025959014892,0,0,0
13.5,0,106.3,0,99.5615670707002,0,219.0,0,50.185371399406975,0,112.22023456096647,166525157.8105625,0,166525157.8105625,0,0,0
13.5,0,360.4,0,429.40509039077534,0,2922.0,0,788.9323390951422,0,3.5865971326828,166524470.0107503,0,166524470.0107503,0,0,0
5.5,0,647.0,0,249.6058333333333,0,999.8,0,321.96256294902776,0,27.464842104911803,0.011758804321289,0,0.011758804321289,0,0,0
13.5,0,246.1,0,120.6212877340238,0,670.0,0,147.15058366249266,0,75.68736233711243,166517919.6034135,0,166517919.6034135,0,0,0
13.5,0,250.5,0,147.02804050997162,0,1136.0,0,257.71170632668606,0,20.368861985206603,166525280.19907612,0,166525280.19907612,0,0,0
5.5,0,1096.9,0,779.1385317460317,0,2544.0,0,890.8443340664246,0,1.7312548875808715,0.0065728902816772,0,0.0065728902816772,0,0,0
13.5,0,1256.2,0,999.6464747833868,0,6726.8,0,1708.6621126503185,0,32.196188068389894,166523996.5217968,0,166523996.5217968,0,0,0
5.5,0,451.8,0,882.0159523809523,0,1785.4,0,555.1770059092794,0,26.693795084953308,0.010086703300476,0,0.010086703300476,0,0,0
13.5,0,1805.6,0,1568.892082253402,0,4120.4,0,1353.5119662493155,0,8.70211443901062,166517463.4031009,0,166517463.4031009,0,0,0
5.5,0,737.3,0,279.30472222222227,0,811.1,0,298.1269642550455,0,15.158357715606687,0.0147361040115356,0,0.0147361040115356,0,0,0
13.5,0,1565.7,0,1016.2110929120756,0,7016.4,0,1785.0162032747842,0,10.676461887359618,166518009.7636062,0,166518009.7636062,0,0,0
13.5,0,1233.4,0,464.1941196076026,0,1385.6,0,560.4096668463156,0,2.5939083099365234,166519572.3638155,0,166519572.3638155,0,0,0
5.5,0,1032.9,0,1227.4558333333334,0,1788.5,0,493.063178737775,0,1.0403465986251832,0.0029746055603027,0,0.0029746055603027,0,0,0
5.5,0,1147.7,0,1542.1932936507935,0,2527.6,0,483.71890594017424,0,28.30183129310608,0.004799485206604,0,0.004799485206604,0,0,0
13.5,0,75.0,0,1556.223317695806,0,4410.0,0,1589.6773574165186,0,18.0796457529068,166521922.55383128,0,166521922.55383128,0,0,0
13.5,0,70.0,0,96.68696017346946,0,427.0,0,94.714578567605,0,74.65820634365082,166518796.9770317,0,166518796.9770317,0,0,0
13.5,0,91.4,0,250.11885184904537,0,1514.0,0,442.755684559967,0,37.4019978761673,166523603.3020283,0,166523603.3020283,0,0,0
5.5,0,116.9,0,94.08948412698412,0,143.3,0,32.90206472958239,0,49.9197154045105,0.0026132822036743,0,0.0026132822036743,0,0,0
13.5,0,708.9,0,833.7926084171246,0,5858.0,0,1736.5385314447708,0,4.522154355049134,166516864.128403,0,166516864.128403,0,0,0
13.5,0,151.7,0,221.643484628117,0,791.0,0,230.86634868330407,0,71.90779728889466,166518508.0152884,0,166518508.0152884,0,0,0
13.5,0,1514.0,0,1847.3825444829508,0,7791.0,0,1779.0558701650884,0,74.26294677257538,166517537.4760159,0,166517537.4760159,0,0,0
13.5,0,1079.6,0,1148.8712053134343,0,2962.0,0,1075.0476403829366,0,14.549906659126282,166518358.5802421,0,166518358.5802421,0,0,0
13.5,0,704.2,0,767.2439507839083,0,1514.0,0,712.0063100142404,0,24.076113867759705,166524539.2064969,0,166524539.2064969,0,0,0
13.5,0,380.6,0,750.5464771064849,0,1514.0,0,694.6540037033691,0,22.3149454832077,166522097.1455577,0,166522097.1455577,0,0,0
13.5,0,1803.6,0,1652.233692160952,0,2962.0,0,966.7044029856136,0,1.327182149887085,166519589.4342082,0,166519589.4342082,0,0,0
5.5,0,262.2,0,208.2792857142857,0,570.0,0,167.47746402941078,0,4.276524472236633,0.0158357858657836,0,0.0158357858657836,0,0,0
5.5,0,1254.7,0,1362.783015873016,0,1948.4,0,435.696965567995,0,20.97977192401886,0.0008437156677246,0,0.0008437156677246,0,0,0
13.5,0,605.9,0,368.5012588048347,0,1369.4,0,415.9112660867907,0,26.98612575531006,166524952.0125277,0,166524952.0125277,0,0,0
13.5,0,669.7,0,172.69102468953474,0,795.8,0,229.48548093855243,0,60.12861578464508,166518001.51336008,0,166518001.51336008,0,0,0
5.5,0,903.6,0,679.7414285714286,0,1182.8,0,544.6632924722211,0,0.5269004106521606,6.630420684814454e-05,0,6.630420684814454e-05,0,0,0
5.5,0,166.7,0,158.56988095238097,0,649.1,0,208.5045665342785,0,30.455617022514343,0.0038775920867919,0,0.0038775920867919,0,0,0
13.5,0,95.5,0,103.92139692179168,0,202.4,0,47.5245950634936,0,4.363793897628784,166522260.82893232,0,166522260.82893232,0,0,0
5.5,0,911.2,0,726.8792063492064,0,2299.6,0,891.7829930843545,0,0.2683986902236938,7.419586181640625e-05,0,7.419586181640625e-05,0,0,0
13.5,0,120.5,0,131.1167025445315,0,217.0,0,63.40433862190544,0,147.88255095481873,166524162.0515596,0,166524162.0515596,0,0,0
5.5,0,75.5,0,82.13019841269842,0,146.4,0,31.94648467874565,0,2.2092666387557984,0.0085244894027709,0,0.0085244894027709,0,0,0
13.5,0,112.2,0,111.41147208269884,0,230.0,0,50.96636649720945,0,61.28672723770141,166518718.2071332,0,166518718.2071332,0,0,0
13.5,0,344.0,0,104.81465311735047,0,428.2,0,90.41298327560094,0,30.19266831874848,166522511.3264443,0,166522511.3264443,0,0,0
13.5,0,180.6,0,371.2337672819097,0,3492.0,0,841.629296761071,0,60.12581181526184,166517131.1739857,0,166517131.1739857,0,0,0
5.5,0,93.9,0,96.5613492063492,0,198.7,0,52.49950655486877,0,84.63923740386963,0.0096561193466186,0,0.0096561193466186,0,0,0
13.5,0,117.2,0,125.07961591770804,0,339.0,0,74.75521215101466,0,77.37239508628845,166523635.95790392,0,166523635.95790392,0,0,0
5.5,0,112.0,0,95.27345238095236,0,188.2,0,49.2308102803991,0,27.76866238117218,0.0094141006469726,0,0.0094141006469726,0,0,0
5.5,0,167.3,0,344.5544841269842,0,928.0,0,285.027882286756,0,13.020854258537293,0.0090618848800659,0,0.0090618848800659,0,0,0
13.5,0,814.9,0,207.77310548627497,0,1178.0,0,288.52092872291826,0,65.60103583335876,166517816.6741222,0,166517816.6741222,0,0,0
13.5,0,123.8,0,420.1142325394764,0,2813.0,0,728.1567537182702,0,55.22383382320404,166523551.3454679,0,166523551.3454679,0,0,0
13.5,0,109.3,0,133.90249194819629,0,364.0,0,100.31778035478143,0,114.84407427310944,166519211.9651466,0,166519211.9651466,0,0,0
5.5,0,1559.2,0,1125.9137301587302,0,1755.6,0,581.3068543651407,0,66.92540891170502,0.0062503099441528,0,0.0062503099441528,0,0,0
13.5,0,66.0,0,750.9556711322732,0,1514.0,0,703.9130588570085,0,4.612729120254516,166523226.45771012,0,166523226.45771012,0,0,0
5.5,0,103.6,0,103.24035714285716,0,265.6,0,75.90155682407223,0,41.04874639511108,0.0126047134399414,0,0.0126047134399414,0,0,0
13.5,0,127.4,0,109.34455217297322,0,215.6,0,52.285138322317856,0,47.99971582889557,166524971.721757,0,166524971.721757,0,0,0
5.5,0,64.8,0,65.81333333333333,0,66.0,0,0.4285618083164128,0,100.01449835300446,0.0091117858886718,0,0.0091117858886718,0,0,0
13.5,0,500.4,0,1048.1387046974355,0,4410.0,0,1249.9396027417422,0,1.7404822826385498,166518476.63528138,0,166518476.63528138,0,0,0
5.5,0,1658.8,0,1793.3146031746032,0,2817.2,0,502.7471811371603,0,98.54137449264526,0.0008759021759033,0,0.0008759021759033,0,0,0
13.5,0,82.2,0,164.09820507493885,0,1514.0,0,359.8078727473615,0,19.21070878505707,166525372.1684075,0,166525372.1684075,0,0,0
5.5,0,437.7,0,180.2150396825397,0,562.0,0,172.97030571314255,0,48.84558839797974,0.0184811830520629,0,0.0184811830520629,0,0,0
5.5,0,146.0,0,125.0486904761905,0,251.2,0,71.17037758605076,0,23.62264533042908,0.0124464988708496,0,0.0124464988708496,0,0,0
13.5,0,241.5,0,266.8298782748899,0,1494.0,0,480.3777004736327,0,9.531595373153689,166520197.45672017,0,166520197.45672017,0,0,0
5.5,0,149.8,0,105.45039682539682,0,311.7,0,77.95134502635237,0,9.19251024723053,0.0054263114929199,0,0.0054263114929199,0,0,0
13.5,0,83.8,0,83.79091590942598,0,156.0,0,30.10128823358413,0,57.58483850955963,166525253.3809746,0,166525253.3809746,0,0,0
5.5,0,76.4,0,68.19555555555556,0,86.8,0,6.388404677484486,0,9.909479475021362,0.0018810033798217,0,0.0018810033798217,0,0,0
13.5,0,524.6,0,166.03300269991445,0,615.2,0,169.59019873704264,0,42.36732838153839,166517964.1258693,0,166517964.1258693,0,0,0
13.5,0,66.0,0,76.90097387175948,0,230.0,0,42.301025552173805,0,25.1847482919693,166520173.406098,0,166520173.406098,0,0,0
13.5,0,1948.4,0,1793.1911845979955,0,6147.6,0,1118.1942549995233,0,1.285489273071289,166519704.7776706,0,166519704.7776706,0,0,0
5.5,0,258.1,0,531.2755158730159,0,1514.0,0,485.11269786165286,0,37.67599465847015,0.0173194885253906,0,0.0173194885253906,0,0,0
13.5,0,96.7,0,403.7668387765485,0,2962.0,0,804.1544275683959,0,54.28656949996948,166521270.7625355,0,166521270.7625355,0,0,0
13.5,0,951.4,0,252.1012385120899,0,1000.4,0,345.8287387707832,0,17.380790615081786,166518979.60930362,0,166518979.60930362,0,0,0
13.5,0,111.4,0,86.97911255282385,0,163.4,0,35.7093739116418,0,21.051984095573424,166523720.266973,0,166523720.266973,0,0,0
13.5,0,127.7,0,183.45684102919785,0,414.0,0,106.65097442935344,0,10.4941752910614,166517250.8596296,0,166517250.8596296,0,0,0
5.5,0,1808.4,0,1956.5447619047625,0,2682.0,0,633.3654331927459,0,2.99179413318634,0.0029016971588134,0,0.0029016971588134,0,0,0
13.5,0,1079.6,0,1093.4184922782756,0,1803.6,0,681.2511286983884,0,0.6031100273132324,166518894.42303967,0,166518894.42303967,0,0,0
13.5,0,353.2,0,1117.272195278062,0,1514.0,0,608.9458651835682,0,98.11587188243864,166517540.42734832,0,166517540.42734832,0,0,0
5.5,0,934.8,0,847.4028571428571,0,1369.2,0,633.2109845674009,0,4.53193895816803,0.0041956901550292,0,0.0041956901550292,0,0,0
5.5,0,161.5,0,133.83912698412698,0,284.3,0,73.30931384978476,0,14.918472981452942,0.0144511938095092,0,0.0144511938095092,0,0,0
13.5,0,2337.9,0,1849.1274891757712,0,7306.0,0,2114.8592266661944,0,8.873905181884766,166520435.58349022,0,166520435.58349022,0,0,0
5.5,0,77.1,0,99.21154761904762,0,156.0,0,32.819404950222705,0,62.13350338935852,0.0075047016143798,0,0.0075047016143798,0,0,0
13.5,0,220.5,0,105.02590591469075,0,371.0,0,83.34854413290861,0,25.676209259033204,166518521.3395506,0,166518521.3395506,0,0,0
13.5,0,1707.3,0,821.7268136455907,0,2093.2,0,729.6273023523494,0,39.32010252475739,166523092.9523382,0,166523092.9523382,0,0,0
5.5,0,3300.1,0,5695.4578174603175,0,15031.0,0,4630.8383911275,0,16.51714813709259,0.0010269880294799,0,0.0010269880294799,0,0,0
13.5,0,213.4,0,88.67057366008603,0,304.4,0,70.20368657914737,0,43.07674262523651,166522951.8410796,0,166522951.8410796,0,0,0
13.5,0,2208.0,0,1810.1782896012653,0,2922.0,0,1023.3499288012875,0,0.2844172477722168,166521430.29753178,0,166521430.29753178,0,0,0
5.5,0,114.8,0,107.41436507936508,0,179.8,0,41.27291333210165,0,69.03024370670319,0.0374356985092163,0,0.0374356985092163,0,0,0
13.5,0,464.9,0,240.176196942892,0,601.2,0,161.46687901881472,0,32.09815511703491,166518023.38200998,0,166518023.38200998,0,0,0
5.5,0,112.2,0,118.20992063492064,0,185.6,0,41.63745478240879,0,52.83669846057892,0.0201694965362548,0,0.0201694965362548,0,0,0
5.5,0,78.3,0,70.29630952380953,0,85.5,0,10.956453516730326,0,59.05600957870483,0.023799705505371,0,0.023799705505371,0,0,0
13.5,0,75.0,0,80.29605189358286,0,214.0,0,41.5236317122034,0,51.81108930110931,166524612.13662308,0,166524612.13662308,0,0,0
13.5,0,78.2,0,1154.4541210389198,0,8754.0,0,2121.626013934032,0,44.76023750305176,166520109.4953065,0,166520109.4953065,0,0,0
5.5,0,211.8,0,193.3442857142857,0,834.6,0,260.5097245956798,0,45.09528799057007,0.0217481851577758,0,0.0217481851577758,0,0,0
13.5,0,65.0,0,685.3580969602293,0,4410.0,0,1256.7958295354151,0,2.4415526151657105,166518095.7474696,0,166518095.7474696,0,0,0
13.5,0,1562.5,0,732.2207112718722,0,1803.6,0,657.8522228551485,0,19.748434686660765,166519199.4690379,0,166519199.4690379,0,0,0
13.5,0,115.0,0,119.33189356266368,0,356.0,0,91.28161343431653,0,0.3489578247070312,166518755.2055522,0,166518755.2055522,0,0,0
5.5,0,1302.1,0,649.6636904761905,0,1676.0,0,626.2638944445073,0,60.16757273674011,0.0096567869186401,0,0.0096567869186401,0,0,0
13.5,0,392.4,0,131.65997248022015,0,1224.4,0,261.98038813139345,0,31.87787046432495,166523733.48592582,0,166523733.48592582,0,0,0
5.5,0,1224.4,0,1292.6053968253968,0,1514.0,0,444.82718113716027,0,70.76454467773438,0.0032312154769897,0,0.0032312154769897,0,0,0
13.5,0,2093.2,0,1466.2583116883118,0,4120.4,0,1232.874703584764,0,12.139468002319337,166524269.3136655,0,166524269.3136655,0,0,0
13.5,0,66.0,0,1216.0193049004658,0,5858.0,0,1667.658327867483,0,25.763757205009465,166518001.03152817,0,166518001.03152817,0,0,0
13.5,0,903.6,0,1152.1936335628593,0,2858.0,0,1358.0429499556544,0,0.2043355464935302,166517699.3343192,0,166517699.3343192,0,0,0
13.5,0,751.8,0,375.27814730977656,0,3273.0,0,788.6564393371384,0,0.120932388305664,166521105.02368766,0,166521105.02368766,0,0,0
13.5,0,917.6,0,824.6026610472433,0,2858.0,0,1008.3539388405992,0,0.3265413522720337,166520193.6465233,0,166520193.6465233,0,0,0
5.5,0,95.6,0,114.68714285714285,0,232.6,0,61.00271559614691,0,111.45659096240998,0.0179126977920532,0,0.0179126977920532,0,0,0
13.5,0,96.0,0,148.51752944982437,0,358.0,0,110.42199846272624,0,119.99584603309631,166518893.8949371,0,166518893.8949371,0,0,0
13.5,0,197.3,0,145.82367059797787,0,470.2,0,113.94921804703284,0,91.95043601989748,166522643.56736022,0,166522643.56736022,0,0,0
13.5,0,154.9,0,1555.5175969528404,0,5858.0,0,1738.0609253939372,0,48.628786373138425,166524350.9920401,0,166524350.9920401,0,0,0
13.5,0,1272.9,0,1227.2562158631704,0,1853.5,0,600.4463153473397,0,43.14579796791077,166526128.1847395,0,166526128.1847395,0,0,0
5.5,0,2858.0,0,2858.0,0,2858.0,0,0.0,0,1.0295897245407104,0.0002629995346069,0,0.0002629995346069,0,0,0
13.5,0,96.0,0,353.02712567102657,0,3489.0,0,841.6405516445842,0,6.259884929656982,166524375.7485618,0,166524375.7485618,0,0,0
5.5,0,85.1,0,70.90448412698412,0,177.6,0,40.898356160798016,0,18.38370423316956,0.0049386978149414,0,0.0049386978149414,0,0,0
13.5,0,107.9,0,122.21234920222535,0,441.0,0,111.82669102058388,0,19.766173577308656,166516517.18707818,0,166516517.18707818,0,0,0
5.5,0,66.0,0,66.0,0,66.0,0,0.0,0,4.749624991416932,0.0005272150039672,0,0.0005272150039672,0,0,0
5.5,0,104.0,0,89.2688888888889,0,143.8,0,30.27744062421853,0,91.64277939796447,0.0303483963012695,0,0.0303483963012695,0,0,0
5.5,0,934.8,0,793.7349206349206,0,1803.6,0,689.2424128934298,0,42.84944801330566,0.000424313545227,0,0.000424313545227,0,0,0
13.5,0,260.0,0,214.7645314794425,0,1476.0,0,353.6724804493169,0,34.04179260730744,166524876.6104677,0,166524876.6104677,0,0,0
13.5,0,99.4,0,71.55142414860681,0,125.8,0,15.500638005141235,0,87.36183943748475,166517792.9405318,0,166517792.9405318,0,0,0
5.5,0,606.4,0,1337.6274603174602,0,2962.0,0,939.7144426922056,0,24.63805956840515,0.0288232088088989,0,0.0288232088088989,0,0,0
13.5,0,1524.6,0,1724.5119481254037,0,4410.0,0,1342.45940214343,0,21.05838623046875,166518819.38732094,0,166518819.38732094,0,0,0
13.5,0,133.2,0,216.9257393354839,0,791.0,0,230.48521786267327,0,0.2323694229125976,166517908.0225159,0,166517908.0225159,0,0,0
5.5,0,89.3,0,104.21138888888888,0,160.9,0,37.38512407237892,0,16.763918542861937,0.0200773000717163,0,0.0200773000717163,0,0,0
5.5,0,229.0,0,87.6686507936508,0,278.8,0,73.41636058610126,0,42.4571592092514,0.0149134874343872,0,0.0149134874343872,0,0,0
13.5,0,66.0,0,130.26893184515862,0,667.0,0,146.91454588092964,0,6.804833388328552,166521340.0846711,0,166521340.0846711,0,0,0
13.5,0,169.2,0,129.81534220939017,0,360.0,0,81.27388224537609,0,0.2859015226364135,166519421.8020081,0,166519421.8020081,0,0,0
5.5,0,65.6,0,64.90920634920636,0,125.0,0,25.91008921709725,0,69.97361443042755,0.0152045011520385,0,0.0152045011520385,0,0,0
5.5,0,963.6,0,1009.004523809524,0,2410.9,0,894.1044572383144,0,6.091062211990357,0.0299917936325073,0,0.0299917936325073,0,0,0
5.5,0,75.1,0,88.6575,0,156.0,0,35.685619241708814,0,56.74725780487061,0.0110495090484619,0,0.0110495090484619,0,0,0
13.5,0,792.3,0,1534.2256432589595,0,4410.0,0,1285.5256845395434,0,0.2525214910507202,166517530.1092382,0,166517530.1092382,0,0,0
13.5,0,147.6,0,121.12536481406453,0,284.0,0,78.1070922224881,0,88.51878626346588,166523927.50428668,0,166523927.50428668,0,0,0
13.5,0,355.6,0,129.89207227627895,0,734.0,0,191.27985328646608,0,1.966842699050904,166523393.61841363,0,166523393.61841363,0,0,0
5.5,0,1714.5,0,1887.373492063492,0,4120.4,0,1216.3385260798318,0,26.87541806697845,0.0022485017776489,0,0.0022485017776489,0,0,0
13.5,0,66.0,0,356.5142975394059,0,1514.0,0,575.7174919155775,0,27.32025487422943,166523972.3468552,0,166523972.3468552,0,0,0
5.5,0,139.3,0,179.27670634920634,0,289.4,0,70.99026397154492,0,43.64319384098053,0.0071377038955688,0,0.0071377038955688,0,0,0
5.5,0,1948.4,0,2001.2634920634923,0,2962.0,0,555.1678779195806,0,0.1359676361083984,0.0003396987915039,0,0.0003396987915039,0,0,0
13.5,0,519.2,0,1496.206444638523,0,5858.0,0,1764.0813441302705,0,37.84845798015594,166517927.502289,0,166517927.502289,0,0,0
13.5,0,124.0,0,135.81097142666414,0,744.0,0,168.44979710332902,0,51.45943388938904,166517920.10815257,0,166517920.10815257,0,0,0
5.5,0,78.1,0,74.74051587301588,0,114.4,0,16.991097289064918,0,78.65978753566742,0.0050033092498779,0,0.0050033092498779,0,0,0
5.5,0,1079.6,0,475.5771428571428,0,1224.4,0,459.4873631693234,0,13.163996291160585,0.0001893043518066,0,0.0001893043518066,0,0,0
5.5,0,60.4,0,55.33111111111111,0,61.2,0,5.016828236624171,0,31.862051725387573,0.0019829988479614,0,0.0019829988479614,0,0,0
5.5,0,1737.9,0,975.1465873015874,0,3871.6,0,1251.2163319576678,0,8.879026293754578,0.0190733909606933,0,0.0190733909606933,0,0,0
5.5,0,81.4,0,112.60611111111112,0,230.0,0,57.76261012895725,0,18.92918000221253,0.0104151964187622,0,0.0104151964187622,0,0,0
13.5,0,266.6,0,162.01673002736857,0,1307.7,0,301.2164570425178,0,3.03073468208313,166524590.21361202,0,166524590.21361202,0,0,0
13.5,0,780.8,0,874.9975637262635,0,2858.0,0,1027.1992351122412,0,0.3541569948196411,166520193.5732008,0,166520193.5732008,0,0,0
5.5,0,165.1,0,159.7444841269841,0,201.0,0,55.89676459480588,0,292.17755391597746,0.0166619062423706,0,0.0166619062423706,0,0,0
5.5,0,125.1,0,115.05892857142858,0,184.0,0,44.36705305296481,0,80.2412003993988,0.0359662055969238,0,0.0359662055969238,0,0,0
5.5,0,236.3,0,103.64583333333331,0,255.0,0,67.9250868900111,0,43.63025016784668,0.0149237871170043,0,0.0149237871170043,0,0,0
5.5,0,337.8,0,195.20690476190475,0,1047.0,0,315.3466887236487,0,48.53422095775604,0.01093590259552,0,0.01093590259552,0,0,0
13.5,0,67.1,0,71.57807646816548,0,156.0,0,25.499410062530803,0,51.4788462638855,166521031.7902338,0,166521031.7902338,0,0,0
13.5,0,851.1,0,1025.9357767224176,0,2962.0,0,1087.64104485705,0,52.193546986579896,166523507.3858489,0,166523507.3858489,0,0,0
13.5,0,88.6,0,76.12806620280303,0,214.0,0,38.0028256869139,0,23.174614906311035,166521735.0645127,0,166521735.0645127,0,0,0
5.5,0,654.2,0,356.726746031746,0,1387.2,0,461.4018606676156,0,14.523311400413514,0.0019774913787841,0,0.0019774913787841,0,0,0
5.5,0,1113.3,0,557.9550793650794,0,1658.8,0,599.0259195768948,0,27.86252896785736,0.0002784967422485,0,0.0002784967422485,0,0,0
5.5,0,65.4,0,65.49261904761906,0,66.0,0,1.2405562180633658,0,21.90419678688049,0.0055037975311279,0,0.0055037975311279,0,0,0
5.5,0,105.7,0,85.94694444444444,0,144.5,0,29.328747030411098,0,52.932747673988345,0.0332194089889526,0,0.0332194089889526,0,0,0
5.5,0,934.8,0,1214.229523809524,0,1514.0,0,407.1343870058588,0,43.40626606941223,0.0003609895706176,0,0.0003609895706176,0,0,0
5.5,0,226.8,0,373.15309523809526,0,1378.2,0,491.9902480708373,0,2.8374598264694213,0.0054553985595703,0,0.0054553985595703,0,0,0
13.5,0,73.8,0,329.6278982373835,0,1514.0,0,529.52192622801,0,101.7394641160965,166522019.90459663,0,166522019.90459663,0,0,0
13.5,0,133.2,0,139.33659039017397,0,230.0,0,62.34346229567768,0,77.64065601825715,166523709.5075377,0,166523709.5075377,0,0,0
13.5,0,106.0,0,77.77269488509425,0,206.6,0,38.31873308074824,0,45.90141413211823,166524554.9744654,0,166524554.9744654,0,0,0
13.5,0,143.4,0,100.72727579996544,0,364.6,0,89.42494300587919,0,238.89553835392,166517163.84852087,0,166517163.84852087,0,0,0
13.5,0,1372.0,0,1318.8414814270695,0,4410.0,0,1160.480678152379,0,34.915910148620604,166524668.91679308,0,166524668.91679308,0,0,0
5.5,0,1082.0,0,717.0923809523808,0,1224.4,0,559.9817459819357,0,20.7800311088562,0.0037975072860717,0,0.0037975072860717,0,0,0
13.5,0,188.1,0,484.1097698633496,0,5189.0,0,1273.4588041155805,0,7.1658871412277225,166524675.5503,0,166524675.5503,0,0,0
5.5,0,87.2,0,91.04174603174604,0,147.0,0,34.86947534042638,0,35.92573373317718,0.0283447980880737,0,0.0283447980880737,0,0,0
13.5,0,66.0,0,302.4106910225138,0,1514.0,0,481.6130056746724,0,43.54193127155304,166518063.0738741,0,166518063.0738741,0,0,0
13.5,0,75.0,0,680.3876923433463,0,1514.0,0,682.3924671953175,0,2.7866854429245,166524894.2077363,0,166524894.2077363,0,0,0
5.5,0,3106.8,0,3356.752380952381,0,4265.2,0,804.9237841911574,0,2.689889645576477,0.0002608060836791,0,0.0002608060836791,0,0,0
13.5,0,117.6,0,997.5126718143398,0,1999.0,0,691.9227150456541,0,0.0813199281692504,166523573.13804227,0,166523573.13804227,0,0,0
5.5,0,111.8,0,115.14103174603174,0,206.2,0,53.097897243227386,0,152.2640275478363,0.0351307868957519,0,0.0351307868957519,0,0,0
5.5,0,239.5,0,378.16488095238094,0,1375.5,0,488.8297993385797,0,1.881996464729309,0.0003732919692993,0,0.0003732919692993,0,0,0
5.5,0,134.8,0,173.51599206349204,0,398.8,0,116.66300299929053,0,68.42543187141419,0.0084873914718627,0,0.0084873914718627,0,0,0
5.5,0,1221.6,0,1429.2790476190478,0,1514.0,0,204.1357269558792,0,3.231311082839966,0.0018473863601684,0,0.0018473863601684,0,0,0
13.5,0,935.6,0,995.4836048609112,0,2962.0,0,871.2451649780216,0,19.754422760009767,166519336.69695762,0,166519336.69695762,0,0,0
13.5,0,224.1,0,186.95937900077217,0,590.8,0,146.881292669269,0,30.72887399196625,166516984.0191411,0,166516984.0191411,0,0,0
5.5,0,965.1,0,1086.1143253968253,0,1514.0,0,477.5284821236748,0,33.22065365314484,0.0030103921890258,0,0.0030103921890258,0,0,0
13.5,0,154.9,0,103.80860195102454,0,214.0,0,61.02300729212288,0,18.978291273117065,166516411.3862361,0,166516411.3862361,0,0,0
13.5,0,1462.0,0,1292.697731646149,0,7325.2,0,2081.171920616061,0,1.4634164094924926,166517700.06707162,0,166517700.06707162,0,0,0
5.5,0,820.2,0,847.5858730158731,0,1514.0,0,615.5267858743313,0,15.916030144691469,0.0005840063095092,0,0.0005840063095092,0,0,0
5.5,0,226.2,0,97.22253968253968,0,258.0,0,58.08274225952776,0,3.38423285484314,0.0202481985092163,0,0.0202481985092163,0,0,0
13.5,0,128.1,0,99.8472683156197,0,274.2,0,74.25097991565569,0,41.01333768367768,166518818.1757853,0,166518818.1757853,0,0,0
13.5,0,1194.0,0,959.321743761914,0,2858.0,0,1021.7302842724488,0,0.309195351600647,166520193.4881327,0,166520193.4881327,0,0,0
5.5,0,2139.3,0,2135.7975793650794,0,3830.8,0,1231.5810595645248,0,54.69944081306458,0.0013834953308105,0,0.0013834953308105,0,0,0
5.5,0,95.4,0,99.47964285714284,0,161.0,0,42.39265212623174,0,134.59915165901185,0.0191591024398803,0,0.0191591024398803,0,0,0
5.5,0,87.9,0,89.33369047619048,0,147.0,0,34.79810414068317,0,16.89682021141052,0.0235434055328369,0,0.0235434055328369,0,0,0
5.5,0,1369.6,0,1444.836984126984,0,1514.0,0,186.9858271554217,0,11.11369721889496,0.0005239009857177,0,0.0005239009857177,0,0,0
13.5,0,1238.0,0,387.6390193801726,0,1667.8,0,558.1330265022227,0,27.86070618629456,166521448.4320989,0,166521448.4320989,0,0,0
13.5,0,130.2,0,107.8193628808412,0,255.0,0,57.30937645958049,0,40.429376697540285,166516312.48924968,0,166516312.48924968,0,0,0
5.5,0,790.0,0,1107.813015873016,0,2382.8,0,746.9508447617817,0,1.7761776447296145,0.0023163795471191,0,0.0023163795471191,0,0,0
5.5,0,1079.0,0,1302.286904761905,0,1514.0,0,324.3771616079504,0,1.8051921367645265,0.0021295070648193,0,0.0021295070648193,0,0,0
13.5,0,1726.1,0,1397.1731468552948,0,4410.0,0,1450.7437949495009,0,58.72464113235473,166518436.3948766,0,166518436.3948766,0,0,0
5.5,0,934.8,0,1261.634285714286,0,1514.0,0,427.1502948515245,0,1.4336094617843629,0.0035507917404174,0,0.0035507917404174,0,0,0
13.5,0,933.0,0,719.1567792020501,0,1494.0,0,666.1241989526023,0,125.7575395345688,166517101.61776,0,166517101.61776,0,0,0
13.5,0,526.2,0,241.1707738486144,0,1882.8,0,458.949302373808,0,63.2146452665329,166520896.80586332,0,166520896.80586332,0,0,0
13.5,0,1769.6,0,1642.7594833786784,0,4410.0,0,1455.904444155914,0,53.12745640277863,166521792.5159344,0,166521792.5159344,0,0,0
5.5,0,78.5,0,84.75650793650793,0,93.0,0,8.973460920534517,0,72.46205449104309,0.0230859994888305,0,0.0230859994888305,0,0,0
13.5,0,112.4,0,513.0951773518879,0,2962.0,0,873.4221952474807,0,75.14363949298858,166519371.8027001,0,166519371.8027001,0,0,0
13.5,0,100.0,0,590.8040888566197,0,1514.0,0,627.5280175691533,0,18.0459790468216,166519838.7600914,0,166519838.7600914,0,0,0
13.5,0,98.8,0,166.4579120221883,0,345.0,0,102.9108041150506,0,50.68445179462433,166517527.1273609,0,166517527.1273609,0,0,0
13.5,0,1223.8,0,1529.158271178426,0,5858.0,0,1387.397742527667,0,1.135767149925232,166526103.82259318,0,166526103.82259318,0,0,0
13.5,0,159.0,0,91.9971531822151,0,321.5,0,64.04084856380047,0,3.578955078125,166521736.28594962,0,166521736.28594962,0,0,0
13.5,0,171.6,0,513.1970894817257,0,1494.0,0,639.0825026313804,0,8.589676880836487,166518766.3830437,0,166518766.3830437,0,0,0
13.5,0,1224.4,0,1362.8332596093276,0,2962.0,0,687.0985752653913,0,45.87873392105102,166523426.71798068,0,166523426.71798068,0,0,0
5.5,0,210.8,0,80.47999999999999,0,210.8,0,43.440000000000005,0,42.467471575737,0.0029644012451171,0,0.0029644012451171,0,0,0
5.5,0,76.4,0,98.8404761904762,0,176.0,0,46.81939886810832,0,15.595306992530825,0.0151408910751342,0,0.0151408910751342,0,0,0
5.5,0,205.4,0,94.47333333333331,0,327.6,0,80.14410221468934,0,50.883442115783694,0.0074037075042724,0,0.0074037075042724,0,0,0
5.5,0,1079.6,0,401.7980952380952,0,1224.4,0,453.0879281686104,0,12.72179980278015,0.0004689931869506,0,0.0004689931869506,0,0,0
5.5,0,136.8,0,179.00170634920636,0,230.0,0,48.750025499990905,0,160.7259066104889,0.0331984996795654,0,0.0331984996795654,0,0,0
5.5,0,60.4,0,58.57746031746032,0,63.6,0,5.849797650046613,0,20.55718626976013,0.0018790006637573,0,0.0018790006637573,0,0,0
5.5,0,76.1,0,93.69789682539684,0,156.0,0,34.163565791129244,0,24.62547662258148,0.0050068140029907,0,0.0050068140029907,0,0,0
13.5,0,75.8,0,68.07964568283452,0,102.0,0,8.144325821871464,0,81.50865895748139,166523529.089167,0,166523529.089167,0,0,0
5.5,0,141.4,0,177.44460317460317,0,357.0,0,102.45233087191238,0,99.1783287525177,0.0151277065277099,0,0.0151277065277099,0,0,0
13.5,0,154.8,0,155.0299263030571,0,353.5,0,106.10027963684576,0,22.391671967506408,166523130.6367506,0,166523130.6367506,0,0,0
13.5,0,115.7,0,186.9589260687713,0,358.0,0,111.48266016078104,0,51.81850545406341,166524352.28473762,0,166524352.28473762,0,0,0
13.5,0,77.8,0,72.90603092040398,0,164.0,0,35.653960263865656,0,25.31413168907165,166517836.8496815,0,166517836.8496815,0,0,0
13.5,0,277.1,0,333.56368291624096,0,1514.0,0,472.3108512330796,0,10.409395718574524,166523325.2244193,0,166523325.2244193,0,0,0
13.5,0,163.5,0,164.57820465310402,0,447.0,0,132.9100659360112,0,85.93237352371216,166525837.809294,0,166525837.809294,0,0,0
13.5,0,521.8,0,200.18434635153287,0,890.8,0,231.8637251067502,0,27.81049737930298,166523328.175408,0,166523328.175408,0,0,0
5.5,0,522.6,0,350.8064682539682,0,936.5,0,405.163571692324,0,59.69736499786377,0.0047367095947265,0,0.0047367095947265,0,0,0
13.5,0,1088.6,0,882.1446359823527,0,2093.2,0,769.1016705234082,0,0.700180172920227,166525839.936944,0,166525839.936944,0,0,0
5.5,0,79.6,0,82.49825396825396,0,125.2,0,20.671277023801185,0,26.34575276374817,0.0002432823181152,0,0.0002432823181152,0,0,0
13.5,0,244.5,0,797.9194013919516,0,1999.0,0,723.7751564901598,0,86.95105991363525,166519063.310115,0,166519063.310115,0,0,0
5.5,0,1383.4,0,911.876746031746,0,2962.0,0,967.7031665017504,0,13.36014130115509,0.0008583068847656,0,0.0008583068847656,0,0,0
13.5,0,209.9,0,214.0346684863984,0,360.2,0,103.79606184792593,0,53.5447607755661,166524492.1412868,0,166524492.1412868,0,0,0
13.5,0,59.5,0,399.9937764136448,0,3193.0,0,823.9689499400356,0,31.72337520122528,166520121.6812829,0,166520121.6812829,0,0,0
13.5,0,1803.6,0,1612.7374608325113,0,2962.0,0,576.7228082669255,0,80.49607226848602,166522971.549005,0,166522971.549005,0,0,0
5.5,0,78.8,0,70.42,0,152.8,0,33.77160361999537,0,63.54231686592102,0.0129001855850219,0,0.0129001855850219,0,0,0
5.5,0,65.4,0,64.24261904761906,0,65.4,0,2.0832065516733165,0,20.0533370256424,0.0050771951675415,0,0.0050771951675415,0,0,0
13.5,0,132.6,0,106.63119012351596,0,220.4,0,50.84268916280404,0,20.42412476539612,166518075.779909,0,166518075.779909,0,0,0
13.5,0,66.0,0,93.352750389875,0,367.0,0,77.45447389394425,0,32.84248125553131,166518179.33021212,0,166518179.33021212,0,0,0
5.5,0,809.1,0,361.3369444444445,0,835.0,0,340.0923781994434,0,3.3602644920349123,0.00606369972229,0,0.00606369972229,0,0,0
5.5,0,483.3,0,279.1529761904762,0,1317.7,0,407.9918237723012,0,22.70938811302185,0.0144292116165161,0,0.0144292116165161,0,0,0
13.5,0,2453.3,0,524.4275071445583,0,4621.1,0,1163.8639242780955,0,61.01963431835175,166521286.1251946,0,166521286.1251946,0,0,0
13.5,0,75.0,0,1067.2664048520278,0,7306.0,0,2282.5724712535966,0,37.51022620201111,166520302.5851404,0,166520302.5851404,0,0,0
13.5,0,1224.4,0,1057.9599257493453,0,4410.0,0,1265.7615148775226,0,2.263420081138611,166526180.2079064,0,166526180.2079064,0,0,0
13.5,0,89.0,0,103.15343533401582,0,214.0,0,51.93694202386496,0,72.27620451450348,166523485.7630659,0,166523485.7630659,0,0,0
13.5,0,72.7,0,72.99151132965761,0,172.0,0,37.813835130363216,0,54.83471190929413,166521445.86056527,0,166521445.86056527,0,0,0
5.5,0,134.3,0,151.5957142857143,0,226.4,0,57.02383569453298,0,14.953632283210757,0.0359889984130859,0,0.0359889984130859,0,0,0
5.5,0,1482.3,0,1673.107261904762,0,2382.8,0,431.645416172445,0,3.738150119781494,0.0021014928817749,0,0.0021014928817749,0,0,0
5.5,0,99.5,0,93.0781746031746,0,169.2,0,38.133706017990455,0,98.13473408222198,0.0164174079895019,0,0.0164174079895019,0,0,0
5.5,0,128.5,0,184.96551587301587,0,618.6,0,212.9980103802044,0,35.81728885173798,0.0036174058914184,0,0.0036174058914184,0,0,0
13.5,0,114.8,0,140.14352697354246,0,573.0,0,149.15825724841972,0,283.7591299295425,166517406.06319422,0,166517406.06319422,0,0,0
5.5,0,112.2,0,144.02690476190477,0,229.6,0,61.757051625311206,0,1.2242674827575684,0.0091706991195678,0,0.0091706991195678,0,0,0
5.5,0,287.4,0,343.7702380952381,0,1225.6,0,413.8060247696364,0,47.44993193149567,0.0057946920394897,0,0.0057946920394897,0,0,0
5.5,0,2101.0,0,1262.46626984127,0,3414.4,0,1105.185961862929,0,57.29083468914032,0.0035861015319824,0,0.0035861015319824,0,0,0
13.5,0,108.2,0,119.62896915047456,0,227.0,0,57.20246976984547,0,53.09536554813385,166520511.75561953,0,166520511.75561953,0,0,0
13.5,0,937.6,0,466.206890585335,0,2555.4,0,708.4632121182782,0,5.710233044624329,166518573.8599506,0,166518573.8599506,0,0,0
13.5,0,943.0,0,877.1058102346569,0,2962.0,0,901.1839885349182,0,27.452417159080504,166522029.85920882,0,166522029.85920882,0,0,0
13.5,0,164.6,0,192.0401781831,0,583.0,0,147.01871283718827,0,15.55666491985321,166524199.01953712,0,166524199.01953712,0,0,0
13.5,0,997.0,0,1063.9122727998697,0,1392.0,0,566.5816975950471,0,0.3524045705795288,166520750.4453935,0,166520750.4453935,0,0,0
5.5,0,147.1,0,172.1624206349206,0,428.7,0,133.5286745704863,0,57.68768124580383,0.0093547105789184,0,0.0093547105789184,0,0,0
5.5,0,74.9,0,81.95734126984127,0,123.0,0,21.40361850076203,0,220.6066897392273,0.0155202150344848,0,0.0155202150344848,0,0,0
5.5,0,1224.4,0,1197.5085714285713,0,1658.8,0,540.3925744699511,0,32.47355108261108,0.0015307903289794,0,0.0015307903289794,0,0,0
5.5,0,1091.8,0,622.6896031746032,0,1091.8,0,474.5304891228495,0,9.264454293251038,0.0075850009918212,0,0.0075850009918212,0,0,0
13.5,0,135.4,0,1115.5052979489549,0,5858.0,0,1503.859981240065,0,34.790100717544554,166523219.8559335,0,166523219.8559335,0,0,0
5.5,0,104.7,0,99.22488095238096,0,164.4,0,38.49909502841007,0,115.76024856567383,0.0243386030197143,0,0.0243386030197143,0,0,0
13.5,0,67.8,0,66.45663016292272,0,129.0,0,17.75417423437007,0,121.28332962989808,166518835.51165828,0,166518835.51165828,0,0,0
5.5,0,109.8,0,185.2888095238096,0,414.0,0,113.074200074115,0,34.09600954055786,0.0063825130462646,0,0.0063825130462646,0,0,0
5.5,0,951.2,0,2223.8560317460315,0,5858.0,0,1818.876337914004,0,10.79483208656311,0.0044792890548706,0,0.0044792890548706,0,0,0
13.5,0,1152.9,0,1484.7912822849664,0,4410.0,0,1317.470652737972,0,14.961517333984377,166518470.8866107,0,166518470.8866107,0,0,0
5.5,0,275.5,0,643.758134920635,0,1999.0,0,665.0321567612879,0,59.12415590286255,0.0044523000717163,0,0.0044523000717163,0,0,0
13.5,0,88.5,0,90.06522408791758,0,214.0,0,43.81765864636364,0,79.68959436416625,166525073.0604719,0,166525073.0604719,0,0,0
5.5,0,1202.0,0,713.3342857142857,0,1800.4,0,646.81442312923,0,17.670919632911684,0.0007169961929321,0,0.0007169961929321,0,0,0
13.5,0,86.3,0,137.8217024405763,0,441.0,0,108.78167105071654,0,80.13836176395417,166517128.97301918,0,166517128.97301918,0,0,0
5.5,0,658.8,0,1134.192380952381,0,3980.2,0,1459.0660992636126,0,23.39826316833496,0.0071729898452758,0,0.0071729898452758,0,0,0
13.5,0,830.2,0,2555.190389225927,0,4410.0,0,1636.6671563177329,0,36.31986858844757,166523723.9539085,0,166523723.9539085,0,0,0
13.5,0,268.9,0,878.3355476472273,0,2962.0,0,873.6086745554296,0,8.64505615234375,166518126.2498236,0,166518126.2498236,0,0,0
13.5,0,1232.2,0,1594.069648522702,0,2962.0,0,740.7691167064622,0,12.727861499786377,166519128.8730751,0,166519128.8730751,0,0,0
13.5,0,75.0,0,1273.7342769945055,0,4410.0,0,1496.952222724142,0,38.98550102710724,166523077.8719236,0,166523077.8719236,0,0,0
13.5,0,934.8,0,1041.575355325789,0,1514.0,0,677.4865785473974,0,1.6289774894714355,166517876.9489484,0,166517876.9489484,0,0,0
5.5,0,80.2,0,76.46690476190476,0,147.3,0,36.49235270916253,0,6.402383613586426,0.0060255050659179,0,0.0060255050659179,0,0,0
13.5,0,1658.8,0,1689.765598997236,0,4410.0,0,1001.1790151632496,0,16.848090720176696,166521709.2219814,0,166521709.2219814,0,0,0
5.5,0,746.3,0,453.8418650793651,0,1195.1,0,447.0026837767579,0,3.7038313865661614,0.006805396080017,0,0.006805396080017,0,0,0
5.5,0,80.2,0,62.58119047619048,0,117.8,0,23.44930519167008,0,2.1457714080810546,0.0207607984542846,0,0.0207607984542846,0,0,0
5.5,0,1224.4,0,626.4104761904762,0,1803.6,0,706.8260558588613,0,3.869678831100464,0.0021109819412231,0,0.0021109819412231,0,0,0
13.5,0,109.3,0,114.53742198032448,0,534.0,0,118.42817678695356,0,86.90766279697418,166516903.7957016,0,166516903.7957016,0,0,0
5.5,0,63.1,0,62.02480158730159,0,85.6,0,14.812613077236003,0,16.071236538887025,0.0055137872695922,0,0.0055137872695922,0,0,0
5.5,0,109.9,0,101.59734126984128,0,199.4,0,49.08482963196617,0,3.739137077331543,0.0192835092544555,0,0.0192835092544555,0,0,0
5.5,0,76.9,0,76.77575396825397,0,123.4,0,21.4336640887572,0,40.630329203605655,0.0107248067855834,0,0.0107248067855834,0,0,0
13.5,0,447.9,0,1846.6353560208288,0,11650.0,0,3140.8606953816816,0,22.262214946746827,166524142.29738402,0,166524142.29738402,0,0,0
5.5,0,535.8,0,182.7544444444445,0,726.5,0,206.73599624046247,0,100.75202043056488,0.0085118055343627,0,0.0085118055343627,0,0,0
5.5,0,794.8,0,1232.2668253968254,0,1514.0,0,385.98194268007785,0,12.636015439033509,0.0073795080184936,0,0.0073795080184936,0,0,0
5.5,0,132.1,0,181.1948809523809,0,281.0,0,57.666351908635605,0,22.58180692195892,0.0163193941116333,0,0.0163193941116333,0,0,0
13.5,0,55.2,0,70.5907465938774,0,156.0,0,31.46968767942778,0,4.0604362964630125,166518772.8100086,0,166518772.8100086,0,0,0
13.5,0,284.0,0,309.46347398645395,0,1514.0,0,482.679901795091,0,40.423358249664304,166518433.79720882,0,166518433.79720882,0,0,0
5.5,0,1514.0,0,1514.0,0,1514.0,0,0.0,0,2.051909017562866,0.0003229856491088,0,0.0003229856491088,0,0,0
13.5,0,72.4,0,81.45564098912783,0,230.0,0,49.48322207129114,0,133.78619611263275,166517907.3791841,0,166517907.3791841,0,0,0
5.5,0,1186.4,0,588.6952380952382,0,1744.8,0,696.0874223168104,0,0.7501957178115845,9.899139404296876e-05,0,9.899139404296876e-05,0,0,0
5.5,0,241.2,0,537.8552380952381,0,1450.0,0,446.7104302152549,0,69.1570249080658,0.0071649074554443,0,0.0071649074554443,0,0,0
13.5,0,1133.8,0,1009.0310265585806,0,1514.0,0,657.6402219879499,0,26.054972410202023,166522994.52721038,0,166522994.52721038,0,0,0
13.5,0,1417.7,0,930.4899316120756,0,2093.2,0,739.7369744797882,0,17.51443064212799,166519065.40864602,0,166519065.40864602,0,0,0
5.5,0,1445.4,0,604.0361904761905,0,2024.6,0,683.5485045454359,0,2.9923329591751098,0.0007390022277832,0,0.0007390022277832,0,0,0
5.5,0,69.3,0,67.0065873015873,0,70.4,0,1.8226307958553585,0,25.03521854877472,0.0177622079849243,0,0.0177622079849243,0,0,0
5.5,0,67.6,0,64.96349206349205,0,70.8,0,3.894351352877217,0,88.26917219161987,0.0017377138137817,0,0.0017377138137817,0,0,0
5.5,0,388.7,0,363.4156746031746,0,722.9,0,190.21811606152,0,149.9759302377701,0.0056925058364868,0,0.0056925058364868,0,0,0
5.5,0,91.2,0,77.16075396825397,0,151.8,0,31.64520647603881,0,44.02536108493805,0.0107530832290649,0,0.0107530832290649,0,0,0
13.5,0,72.2,0,68.94265942476855,0,81.8,0,5.436203437624569,0,23.239517879486083,166523190.7408563,0,166523190.7408563,0,0,0
13.5,0,1409.8,0,779.4573592394876,0,7306.0,0,1855.865708676632,0,0.1050000429153442,166523701.682369,0,166523701.682369,0,0,0
5.5,0,183.0,0,264.8104365079365,0,534.0,0,175.77708283025052,0,12.788800692558288,0.0052337884902954,0,0.0052337884902954,0,0,0
13.5,0,219.2,0,126.31326765683578,0,927.8,0,202.1508903816988,0,54.1612117767334,166520492.6772822,0,166520492.6772822,0,0,0
13.5,0,2468.2,0,1244.396328703976,0,2962.0,0,1313.4684200545933,0,2.390451192855835,166517935.8399742,0,166517935.8399742,0,0,0
5.5,0,832.6,0,403.12103174603175,0,1574.8,0,519.4468784070316,0,47.67251307964325,0.0158038854598999,0,0.0158038854598999,0,0,0
13.5,0,82.8,0,104.58098370927318,0,230.0,0,58.02933016271437,0,14.399990940093994,166526029.7809711,0,166526029.7809711,0,0,0
5.5,0,96.2,0,99.89281746031746,0,179.8,0,40.59130470337721,0,219.1611252307892,0.0280399799346923,0,0.0280399799346923,0,0,0
13.5,0,1079.6,0,760.0571196845809,0,1514.0,0,703.0552296297408,0,26.62712364196777,166517876.3441931,0,166517876.3441931,0,0,0
5.5,0,68.0,0,72.86428571428571,0,138.0,0,30.27191539035832,0,0.3285281896591187,0.0098165988922119,0,0.0098165988922119,0,0,0
13.5,0,97.7,0,482.5686226892302,0,3134.0,0,1003.331408702824,0,34.994203972816464,166517831.6596771,0,166517831.6596771,0,0,0
13.5,0,1514.0,0,1102.4644591459453,0,1658.8,0,665.3226393611154,0,1.824932646751404,166523477.1483215,0,166523477.1483215,0,0,0
5.5,0,562.0,0,381.50968253968256,0,1584.4,0,516.0984677791655,0,66.55813212394715,0.0184015989303588,0,0.0184015989303588,0,0,0
13.5,0,1732.7,0,1041.9581086951407,0,3106.8,0,984.8743877051244,0,59.28377430438995,166523400.7060401,0,166523400.7060401,0,0,0
13.5,0,80.8,0,399.7978695801103,0,2962.0,0,790.5291046679414,0,11.142048954963684,166526071.2952552,0,166526071.2952552,0,0,0
13.5,0,100.6,0,85.71472477685714,0,230.0,0,55.10037639915434,0,30.62530119419098,166519549.79629987,0,166519549.79629987,0,0,0
13.5,0,75.7,0,68.02493808049536,0,102.0,0,8.145671753095694,0,70.39642479419709,166517452.3291699,0,166517452.3291699,0,0,0
13.5,0,106.2,0,267.68369202821606,0,1514.0,0,455.8635350069197,0,36.50719866752625,166518282.3482526,0,166518282.3482526,0,0,0
13.5,0,1514.0,0,1399.5942537613744,0,2962.0,0,704.8330410982883,0,10.012305903434754,166519767.7047885,0,166519767.7047885,0,0,0
13.5,0,164.0,0,115.11755762984868,0,362.2,0,88.78268989793678,0,57.87635869979859,166517863.0816908,0,166517863.0816908,0,0,0
13.5,0,412.3,0,558.5422592500379,0,2954.0,0,756.581856125864,0,68.19085552692414,166519869.3959673,0,166519869.3959673,0,0,0
5.5,0,209.6,0,80.12666666666667,0,210.8,0,44.01197776210565,0,55.27823803424835,0.0006379127502441,0,0.0006379127502441,0,0,0
13.5,0,128.9,0,133.28479151610344,0,414.0,0,98.6837059610117,0,46.21489765644073,166525271.0926254,0,166525271.0926254,0,0,0
5.5,0,107.5,0,95.09265873015872,0,171.8,0,42.08743169841945,0,2.260097932815552,0.0125808954238891,0,0.0125808954238891,0,0,0
5.5,0,355.6,0,111.04888888888892,0,355.6,0,103.42624974036092,0,17.996179628372193,0.0016952037811279,0,0.0016952037811279,0,0,0
5.5,0,461.7,0,995.7110714285716,0,2962.0,0,993.0716368368963,0,7.718493175506592,0.0109315872192382,0,0.0109315872192382,0,0,0
13.5,0,148.2,0,115.73176760631868,0,387.3,0,92.8324425167524,0,25.34926266670227,166517337.90962762,0,166517337.90962762,0,0,0
5.5,0,90.6,0,89.61880952380952,0,182.4,0,44.32800952205484,0,4.255244278907776,0.0116131067276,0,0.0116131067276,0,0,0
5.5,0,790.0,0,361.3460317460317,0,1369.2,0,458.14306146973865,0,1.937684226036072,0.0016560792922973,0,0.0016560792922973,0,0,0
5.5,0,130.9,0,103.20507936507938,0,174.5,0,42.313760946720365,0,34.206625533103946,0.017410397529602,0,0.017410397529602,0,0,0
5.5,0,1658.8,0,1383.6799999999998,0,2672.4,0,836.633063526968,0,18.66626162528992,0.0100986957550048,0,0.0100986957550048,0,0,0
5.5,0,764.8,0,833.2450396825395,0,2384.7,0,849.9925675978324,0,20.207762265205385,0.0044515132904052,0,0.0044515132904052,0,0,0
5.5,0,148.8,0,110.05238095238096,0,263.8,0,81.54105051726971,0,84.93003859519959,0.0080549001693725,0,0.0080549001693725,0,0,0
5.5,0,1803.6,0,1679.7155555555555,0,2817.2,0,736.9447305977963,0,0.0046621561050415,166521064.2761774,0,166521064.2761774,0,0,0
13.5,0,1026.0,0,1047.3493140206028,0,5858.0,0,1523.361317368895,0,40.85147664546967,166521984.1015118,0,166521984.1015118,0,0,0
5.5,0,1196.8,0,1554.4871428571428,0,2858.0,0,989.2685210385378,0,0.1843610048294067,9.911060333251951e-05,0,9.911060333251951e-05,0,0,0
5.5,0,113.8,0,78.01849206349206,0,135.4,0,23.460611070380217,0,68.849161028862,0.0198108911514282,0,0.0198108911514282,0,0,0
5.5,0,71.1,0,65.91261904761906,0,71.7,0,3.059587804074986,0,33.43447406291962,0.0030055999755859,0,0.0030055999755859,0,0,0
13.5,0,1371.9,0,1603.733099179802,0,2962.0,0,373.630859901528,0,21.90440354347229,166525325.22067457,0,166525325.22067457,0,0,0
5.5,0,832.2,0,971.3242063492064,0,2236.9,0,779.4108708998618,0,9.155338430404663,0.0066441059112548,0,0.0066441059112548,0,0,0
5.5,0,561.1,0,168.68988095238095,0,605.4,0,174.0237621838218,0,98.44680595397948,0.0240864992141723,0,0.0240864992141723,0,0,0
5.5,0,114.7,0,159.2709920634921,0,228.4,0,49.03349379634263,0,105.9138056755066,0.0355360031127929,0,0.0355360031127929,0,0,0
13.5,0,98.1,0,110.2033368957324,0,230.0,0,58.34932832539537,0,25.93820083141327,166519153.5677252,0,166519153.5677252,0,0,0
13.5,0,2093.2,0,994.0896457292278,0,2672.4,0,850.6100174351292,0,18.632406401634217,166520896.68463042,0,166520896.68463042,0,0,0
5.5,0,142.5,0,150.68202380952383,0,256.8,0,80.09447923150886,0,29.487646412849426,0.0078413009643554,0,0.0078413009643554,0,0,0
13.5,0,507.2,0,1083.9198015864424,0,2858.0,0,1020.7308253640132,0,0.1760501623153686,166520192.81457528,0,166520192.81457528,0,0,0
5.5,0,349.8,0,405.08559523809527,0,1242.4,0,439.7469849526812,0,73.59501099586487,0.0306611061096191,0,0.0306611061096191,0,0,0
13.5,0,914.8,0,821.4408403103604,0,2858.0,0,849.8294541803429,0,0.2518984079360962,166520193.22904378,0,166520193.22904378,0,0,0
13.5,0,577.4,0,339.8615996404696,0,2460.1,0,622.1551690500609,0,16.59605836868286,166523692.41526958,0,166523692.41526958,0,0,0
5.5,0,790.0,0,1257.4396825396827,0,1514.0,0,333.8304430696826,0,8.203413915634155,0.0026492118835449,0,0.0026492118835449,0,0,0
13.5,0,1079.6,0,389.999496648862,0,2238.0,0,643.2374578611858,0,1.456992220878601,166522257.48457092,0,166522257.48457092,0,0,0
5.5,0,318.8,0,174.52492063492065,0,513.7,0,150.27990407680153,0,40.81256992816925,0.0143383026123046,0,0.0143383026123046,0,0,0
13.5,0,2093.2,0,1175.674560524615,0,2962.0,0,1188.563473862098,0,2.279898500442505,166519231.011451,0,166519231.011451,0,0,0
13.5,0,176.0,0,206.1742885958211,0,791.0,0,213.00380249256085,0,62.82323541641235,166525142.0442891,0,166525142.0442891,0,0,0
13.5,0,1474.2,0,690.8523957784562,0,2817.2,0,957.6634603940004,0,46.29425420761108,166523812.052821,0,166523812.052821,0,0,0
13.5,0,62.8,0,200.45496268952925,0,790.0,0,238.2873067865088,0,4.473710370063782,166523891.0094744,0,166523891.0094744,0,0,0
13.5,0,103.8,0,101.78442334926856,0,164.4,0,38.41234766931994,0,21.23076720237732,166523505.164851,0,166523505.164851,0,0,0
5.5,0,793.0,0,489.9196031746032,0,1082.6,0,490.9304064303762,0,32.159122705459595,0.0075071811676025,0,0.0075071811676025,0,0,0
5.5,0,66.0,0,66.0,0,66.0,0,0.0,0,2.6393627405166624,0.0008513927459716,0,0.0008513927459716,0,0,0
13.5,0,66.0,0,77.36911385398227,0,156.0,0,28.81396909327612,0,22.6571280002594,166519321.7361607,0,166519321.7361607,0,0,0
13.5,0,82.2,0,506.4445852693917,0,2284.0,0,739.3948365949207,0,26.94060928821564,166521637.022278,0,166521637.022278,0,0,0
5.5,0,1371.6,0,1310.5149206349206,0,1514.0,0,423.21435493046704,0,7.478772497177124,0.0018242120742797,0,0.0018242120742797,0,0,0
13.5,0,219.2,0,373.7016738477381,0,2962.0,0,789.4509880495016,0,4.079678344726562,166518125.4820469,0,166518125.4820469,0,0,0
5.5,0,790.0,0,277.74126984126985,0,1079.6,0,347.7593448336935,0,1.3980237245559692,0.0035634994506835,0,0.0035634994506835,0,0,0
5.5,0,1428.5,0,511.0478571428572,0,2043.4,0,652.2201456651586,0,76.11197659969329,0.0091718912124633,0,0.0091718912124633,0,0,0
5.5,0,1043.2,0,1465.3238095238096,0,2858.0,0,973.033178819496,0,0.4044646501541137,8.080005645751953e-05,0,8.080005645751953e-05,0,0,0
13.5,0,134.0,0,160.91224811995713,0,344.0,0,81.99574771893705,0,245.32096457481384,166517288.59638017,0,166517288.59638017,0,0,0
5.5,0,793.8,0,327.89039682539686,0,795.3,0,334.3920021880261,0,2.4965362787246703,0.0052667140960693,0,0.0052667140960693,0,0,0
13.5,0,1537.8,0,406.0089344307224,0,3115.8,0,772.4904714682898,0,7.736625790596008,166521971.5642229,0,166521971.5642229,0,0,0
13.5,0,120.0,0,119.4653883062242,0,230.0,0,58.373992407521385,0,171.90532760620118,166522255.73725802,0,166522255.73725802,0,0,0
5.5,0,3974.8,0,3604.306031746032,0,6208.4,0,1213.8389204656671,0,1.212135052680969,0.0002788066864013,0,0.0002788066864013,0,0,0
5.5,0,515.1,0,871.7829761904761,0,1616.9,0,640.5097328959434,0,24.736819767951964,0.0017405033111572,0,0.0017405033111572,0,0,0
13.5,0,1043.2,0,1196.0630121568315,0,5650.0,0,1704.9809629087408,0,1.3185047388076785,166517700.0641239,0,166517700.0641239,0,0,0
5.5,0,66.0,0,66.0,0,66.0,0,0.0,0,1.792771506309509,0.0008777141571044,0,0.0008777141571044,0,0,0
13.5,0,78.5,0,1470.710560966811,0,5858.0,0,2228.517067431528,0,25.344667887687685,166526339.9285687,0,166526339.9285687,0,0,0
13.5,0,64.8,0,1234.5027322565636,0,4410.0,0,1492.3523687043305,0,0.3381531476974487,166523936.3356702,0,166523936.3356702,0,0,0
13.5,0,217.3,0,77.25888750439447,0,388.0,0,76.97197036700648,0,31.67850742340088,166522609.8243,0,166522609.8243,0,0,0
13.5,0,66.0,0,72.01894262857886,0,156.0,0,22.36478912978056,0,3.9176516771316527,166522183.91861868,0,166522183.91861868,0,0,0
13.5,0,1417.7,0,1468.249676095748,0,2962.0,0,549.8454672720603,0,13.543854761123658,166526023.2156711,0,166526023.2156711,0,0,0
5.5,0,1530.4,0,1442.6750793650797,0,2093.2,0,421.9740005443328,0,20.310801720619203,0.0006301164627075,0,0.0006301164627075,0,0,0
13.5,0,70.6,0,458.5639056132206,0,2922.0,0,829.8000719388441,0,2.1954875946044923,166526121.29021448,0,166526121.29021448,0,0,0
5.5,0,263.5,0,133.41781746031748,0,321.4,0,82.36793464174252,0,28.083346605300903,0.020041799545288,0,0.020041799545288,0,0,0
13.5,0,103.1,0,145.03311864777808,0,746.0,0,168.666633664241,0,71.35872826576232,166525317.59835848,0,166525317.59835848,0,0,0
13.5,0,180.5,0,109.59410803163124,0,611.0,0,134.30986270590444,0,17.117919278144836,166521191.08512288,0,166521191.08512288,0,0,0
5.5,0,1262.4,0,2053.157777777778,0,5134.0,0,1565.923383683882,0,49.95194661617279,0.0083103895187377,0,0.0083103895187377,0,0,0
5.5,0,80.9,0,72.66043650793651,0,111.0,0,15.13810400581528,0,14.567303609848022,0.0142112016677856,0,0.0142112016677856,0,0,0
5.5,0,1658.8,0,1672.6479365079365,0,2527.6,0,362.0878065266189,0,42.67038986682892,0.0002208948135375,0,0.0002208948135375,0,0,0
13.5,0,413.3,0,1129.7726537682304,0,2974.0,0,1161.9244862711478,0,99.7694533109665,166521965.1771406,0,166521965.1771406,0,0,0
5.5,0,67.0,0,69.475,0,129.0,0,26.087582117113925,0,151.77580740451813,0.0156191110610961,0,0.0156191110610961,0,0,0
13.5,0,1972.2,0,2755.967193776296,0,4410.0,0,1500.730918484502,0,17.759319162368776,166521299.3101095,0,166521299.3101095,0,0,0
13.5,0,80.2,0,522.8782425997636,0,2438.0,0,761.2653498792324,0,46.781135535240175,166522835.6256079,0,166522835.6256079,0,0,0
13.5,0,853.7,0,188.8117808365525,0,1177.3,0,289.9147482463989,0,14.540736532211303,166520506.76672548,0,166520506.76672548,0,0,0
5.5,0,180.5,0,185.1972619047619,0,315.8,0,110.96499508239393,0,66.1458604812622,0.0366504192352294,0,0.0366504192352294,0,0,0
5.5,0,1497.1,0,1166.7798015873016,0,2353.9,0,912.799980011148,0,47.62294597625733,0.0038086891174316,0,0.0038086891174316,0,0,0
5.5,0,681.4,0,265.1720634920635,0,682.5,0,258.9055096742231,0,327.05943768024446,0.0072144985198974,0,0.0072144985198974,0,0,0
5.5,0,800.6,0,306.95166666666665,0,1224.4,0,399.1315806233082,0,23.850970149040226,0.0065011024475097,0,0.0065011024475097,0,0,0
13.5,0,97.5,0,868.0925642786866,0,4410.0,0,1282.9983810556128,0,83.71808655261994,166523267.8831712,0,166523267.8831712,0,0,0
13.5,0,509.4,0,1156.394654889314,0,1514.0,0,590.8345560079304,0,37.18983595371246,166519885.2967066,0,166519885.2967066,0,0,0
5.5,0,66.0,0,66.0,0,66.0,0,0.0,0,88.25975563526154,0.0017624139785766,0,0.0017624139785766,0,0,0
5.5,0,71.2,0,66.82968253968255,0,83.2,0,9.90908059146891,0,35.645643544197085,0.0180799961090087,0,0.0180799961090087,0,0,0
5.5,0,501.2,0,215.4688888888889,0,647.6,0,248.73182202521085,0,13.25104637145996,0.0002392053604125,0,0.0002392053604125,0,0,0
5.5,0,1741.2,0,1599.0517460317462,0,2160.0,0,275.201508939828,0,0.6675726175308228,0.0001653909683227,0,0.0001653909683227,0,0,0
13.5,0,85.1,0,69.34639103887169,0,112.1,0,11.334213490169754,0,51.96099305152893,166525485.46113157,0,166525485.46113157,0,0,0
13.5,0,102.0,0,1113.5495864674544,0,5858.0,0,1931.443291052644,0,26.51207149028778,166518429.628299,0,166518429.628299,0,0,0
5.5,0,103.5,0,73.91666666666666,0,141.0,0,23.0351130197758,0,52.58096497058868,0.00226891040802,0,0.00226891040802,0,0,0
5.5,0,66.8,0,66.26888888888888,0,68.4,0,0.7559908755283427,0,55.35429422855377,0.0034289836883544,0,0.0034289836883544,0,0,0
13.5,0,81.7,0,1062.914009790519,0,2962.0,0,968.6755011866832,0,9.071907877922058,166525518.4526743,0,166525518.4526743,0,0,0
5.5,0,1514.0,0,859.9866666666667,0,2527.6,0,853.7957115752537,0,27.69292378425598,0.0017946004867553,0,0.0017946004867553,0,0,0
5.5,0,131.9,0,86.12730158730159,0,176.6,0,41.26799953787344,0,62.42688388824463,0.0115185976028442,0,0.0115185976028442,0,0,0
5.5,0,1524.6,0,1494.00373015873,0,2238.0,0,406.87130899975216,0,12.547150921821594,0.0004839897155761,0,0.0004839897155761,0,0,0
5.5,0,98.7,0,79.2895634920635,0,118.6,0,16.751095096390443,0,46.25324628353119,0.0124219894409179,0,0.0124219894409179,0,0,0
13.5,0,855.5,0,741.0594452215311,0,3830.8,0,1031.2655089402515,0,36.60065138339996,166524722.4523479,0,166524722.4523479,0,0,0
13.5,0,150.0,0,111.52402392885752,0,527.4,0,113.33597096798393,0,8.640179300308228,166526277.68808842,0,166526277.68808842,0,0,0
13.5,0,66.0,0,1324.8952893374258,0,4410.0,0,1257.2219803076164,0,9.123046326637269,166517885.0145595,0,166517885.0145595,0,0,0
5.5,0,509.4,0,295.07428571428574,0,1366.8,0,450.7779944241809,0,8.853888154029846,0.0015476942062377,0,0.0015476942062377,0,0,0
13.5,0,761.4,0,263.89128041677964,0,1100.8,0,387.2864072341116,0,72.12609722614289,166522804.2897898,0,166522804.2897898,0,0,0
13.5,0,1791.0,0,665.8575963630453,0,2819.3,0,874.7872849232751,0,11.055313777923583,166524914.2797862,0,166524914.2797862,0,0,0
5.5,0,134.0,0,154.0634126984127,0,217.2,0,59.41705780327207,0,38.46099429130554,0.0179769992828369,0,0.0179769992828369,0,0,0
5.5,0,66.0,0,66.0,0,66.0,0,0.0,0,8.502188873291015,0.0014997005462646,0,0.0014997005462646,0,0,0
5.5,0,87.4,0,101.79515873015872,0,212.0,0,61.74927738508497,0,2.444405722618103,0.0041626930236816,0,0.0041626930236816,0,0,0
5.5,0,1514.0,0,1374.65873015873,0,2382.8,0,659.0704904805673,0,114.59062638282776,0.0006234884262084,0,0.0006234884262084,0,0,0
5.5,0,73.8,0,69.41595238095238,0,102.0,0,12.432729505236818,0,16.366693663597108,0.0077758073806762,0,0.0077758073806762,0,0,0
13.5,0,1570.9,0,1364.2936460104224,0,5858.0,0,1353.3062276654969,0,1.7954465627670289,166520814.8850339,0,166520814.8850339,0,0,0
13.5,0,75.0,0,67.42368421052632,0,93.0,0,6.032729241827058,0,42.94454207420349,166518112.075022,0,166518112.075022,0,0,0
13.5,0,130.7,0,466.54871252457554,0,2954.0,0,797.5412692589018,0,10.091967225074768,166523038.0959905,0,166523038.0959905,0,0,0
5.5,0,110.1,0,111.89821428571427,0,202.4,0,46.325791034843725,0,52.95419840812683,0.0238038063049316,0,0.0238038063049316,0,0,0
5.5,0,82.4,0,114.03507936507938,0,230.0,0,56.94097907907064,0,37.43372280597687,0.0027778148651123,0,0.0027778148651123,0,0,0
13.5,0,1080.9,0,1510.9762526341046,0,5858.0,0,1557.6225108062677,0,0.5778401136398316,166521132.1348425,0,166521132.1348425,0,0,0
13.5,0,1803.6,0,1976.6827839618245,0,11650.0,0,2669.538819986087,0,2.135287880897522,166526149.97763363,0,166526149.97763363,0,0,0
13.5,0,1377.6,0,339.0395350083353,0,1803.6,0,523.1711954089267,0,35.82128837108612,166525056.03673738,0,166525056.03673738,0,0,0
13.5,0,2065.2,0,2004.5423911176545,0,2922.0,0,682.14879963428,0,0.6231902837753296,166518662.7015735,0,166518662.7015735,0,0,0
5.5,0,355.0,0,110.8472222222222,0,355.6,0,103.67890746197202,0,61.77779166698456,0.0178789854049682,0,0.0178789854049682,0,0,0
13.5,0,683.6,0,170.320809692973,0,871.3,0,210.1830098732671,0,8.056294059753418,166523741.63229162,0,166523741.63229162,0,0,0
13.5,0,89.5,0,73.88677818784242,0,164.5,0,25.194701621757257,0,10.943458366394044,166524079.0260888,0,166524079.0260888,0,0,0
5.5,0,136.1,0,131.6649603174603,0,211.2,0,58.4663618324429,0,113.53961982727051,0.0117655992507934,0,0.0117655992507934,0,0,0
5.5,0,1462.0,0,1270.991746031746,0,2718.4,0,856.0325116256914,0,0.4426203012466431,0.0001302003860473,0,0.0001302003860473,0,0,0
13.5,0,1369.2,0,1966.7673517641624,0,2962.0,0,724.1187348348616,0,57.64608068466187,166523825.58576363,0,166523825.58576363,0,0,0
13.5,0,1175.6,0,663.5971758779576,0,6752.4,0,1634.261421738748,0,64.79060039520263,166517763.477608,0,166517763.477608,0,0,0
5.5,0,66.0,0,66.0,0,66.0,0,0.0,0,41.341632509231566,0.0015668153762817,0,0.0015668153762817,0,0,0
5.5,0,789.4,0,320.8029365079365,0,789.4,0,335.1911845350871,0,1.0201109886169433,0.0033339977264404,0,0.0033339977264404,0,0,0
13.5,0,274.0,0,155.89336370715628,0,1047.6,0,232.57922521375696,0,8.34481954574585,166519506.5069962,0,166519506.5069962,0,0,0
13.5,0,67.2,0,105.02922705562412,0,217.0,0,57.99337126644117,0,0.7080742835998535,166517542.0229174,0,166517542.0229174,0,0,0
5.5,0,106.6,0,104.57206349206348,0,187.6,0,50.44407454674125,0,82.80686428546906,0.0330827951431274,0,0.0330827951431274,0,0,0
13.5,0,66.0,0,76.1653253282665,0,218.0,0,37.77164386362939,0,1.930187368392944,166525837.6690377,0,166525837.6690377,0,0,0
13.5,0,66.0,0,397.6437388346947,0,4410.0,0,1073.7708318786397,0,8.77534306049347,166524776.72158462,0,166524776.72158462,0,0,0
13.5,0,99.7,0,153.20305590221614,0,230.0,0,67.79434474681146,0,183.56122567653657,166516442.1700588,0,166516442.1700588,0,0,0
13.5,0,76.1,0,709.077288980799,0,4410.0,0,1241.2168545571103,0,13.61705391407013,166523063.94072372,0,166523063.94072372,0,0,0
13.5,0,99.9,0,119.25907060603656,0,230.0,0,65.05264184718393,0,3.698908305168152,166522444.60840517,0,166522444.60840517,0,0,0
5.5,0,78.3,0,71.02265873015872,0,102.0,0,11.51076312289558,0,6.832483315467835,0.0020936965942382,0,0.0020936965942382,0,0,0
13.5,0,1079.6,0,1055.6703261298385,0,1514.0,0,663.5591885403153,0,57.04653558731079,166518683.2904276,0,166518683.2904276,0,0,0
5.5,0,263.9,0,535.6571031746031,0,1514.0,0,484.883037600188,0,28.60949895381928,0.0091233015060424,0,0.0091233015060424,0,0,0
5.5,0,366.8,0,122.2095238095238,0,400.6,0,119.2967587089513,0,11.211915755271912,0.0416922092437744,0,0.0416922092437744,0,0,0
13.5,0,92.6,0,101.95523811929384,0,344.0,0,79.67403306043276,0,71.36407680511475,166520565.86058962,0,166520565.86058962,0,0,0
5.5,0,111.0,0,112.3865873015873,0,161.0,0,26.2477021306006,0,0.792229175567627,0.014869999885559,0,0.014869999885559,0,0,0
13.5,0,63.0,0,102.54315362441136,0,352.0,0,81.82596765344167,0,77.5292984008789,166526005.78399178,0,166526005.78399178,0,0,0
5.5,0,249.1,0,337.3869444444444,0,791.0,0,260.2493859434245,0,32.0514713048935,0.0081639051437377,0,0.0081639051437377,0,0,0
13.5,0,135.1,0,529.9618311006159,0,5255.0,0,1279.225450032795,0,21.309158849716187,166518583.5472103,0,166518583.5472103,0,0,0
5.5,0,1948.4,0,2427.1593650793648,0,3830.8,0,863.8919629663642,0,1.0266679286956788,0.000114107131958,0,0.000114107131958,0,0,0
5.5,0,61.5,0,63.41496031746031,0,68.9,0,3.967459561324472,0,98.73631615638732,0.0311480998992919,0,0.0311480998992919,0,0,0
13.5,0,3251.6,0,1582.9289646507602,0,8898.8,0,2108.9307079064247,0,1.2197383642196655,166525131.5335331,0,166525131.5335331,0,0,0
13.5,0,152.8,0,159.98829868274143,0,644.0,0,153.34042985922318,0,42.134334325790405,166518386.35213953,0,166518386.35213953,0,0,0
13.5,0,1229.1,0,1668.4195086668576,0,4410.0,0,1457.6667854690795,0,12.50055603981018,166517806.0476316,0,166517806.0476316,0,0,0
5.5,0,647.9,0,353.7405952380952,0,1516.7,0,533.2994400384812,0,25.05205683708191,0.0031244993209838,0,0.0031244993209838,0,0,0
5.5,0,1795.8,0,1694.506666666667,0,2350.8,0,410.7620639202552,0,0.3662897109985351,0.0001413106918334,0,0.0001413106918334,0,0,0
5.5,0,660.3,0,669.2591666666666,0,1581.6,0,534.8868967700098,0,10.94188871383667,0.0033047199249267,0,0.0033047199249267,0,0,0
5.5,0,1374.7,0,893.3347222222222,0,1809.2,0,609.9936130359987,0,56.843997836112976,0.0086900949478149,0,0.0086900949478149,0,0,0
13.5,0,1224.4,0,1573.0715494721996,0,2962.0,0,681.2316376492279,0,26.394443607330324,166521814.280668,0,166521814.280668,0,0,0
13.5,0,141.4,0,1385.5780196802682,0,7306.0,0,2103.8743911419087,0,24.749350094795226,166525900.8111321,0,166525900.8111321,0,0,0
5.5,0,638.4,0,630.1819047619047,0,2305.2,0,850.2932416270099,0,0.0269463062286376,6.37054443359375e-05,0,6.37054443359375e-05,0,0,0
13.5,0,2093.2,0,1763.2290532240374,0,3830.8,0,652.5542479896178,0,6.900674438476562,166519745.2050326,0,166519745.2050326,0,0,0
13.5,0,702.3,0,426.9738789615956,0,2922.0,0,780.5503537034035,0,32.585464572906496,166525231.21574682,0,166525231.21574682,0,0,0
5.5,0,114.9,0,110.2071031746032,0,205.6,0,58.45488108953224,0,528.3742080926895,0.0373293876647949,0,0.0373293876647949,0,0,0
5.5,0,163.6,0,153.8799206349206,0,324.1,0,100.05349492126962,0,73.6539259672165,0.0235143899917602,0,0.0235143899917602,0,0,0
13.5,0,714.7,0,1020.520402263715,0,5245.0,0,1315.0640101560257,0,9.921616387367248,166520083.6580378,0,166520083.6580378,0,0,0
5.5,0,511.3,0,200.73186507936504,0,615.2,0,217.7831443268248,0,78.08662734031677,0.0084041118621826,0,0.0084041118621826,0,0,0
5.5,0,1803.6,0,2362.2292063492064,0,4410.0,0,1005.4943622743206,0,1.3011009693145752,0.0008955001831054,0,0.0008955001831054,0,0,0
13.5,0,1224.4,0,624.7600654453905,0,2817.2,0,890.0788112748153,0,0.0388800859451293,166520463.745729,0,166520463.745729,0,0,0
13.5,0,2527.6,0,1230.7975876913763,0,4844.4,0,1301.773157658953,0,1.8575979471206665,166517452.16134152,0,166517452.16134152,0,0,0
5.5,0,655.2,0,674.0474603174604,0,1462.0,0,569.4308449970526,0,0.7270427465438842,6.62088394165039e-05,0,6.62088394165039e-05,0,0,0
5.5,0,122.0,0,129.4438888888889,0,214.0,0,60.25994859098826,0,163.09467978477477,0.0208798885345459,0,0.0208798885345459,0,0,0
5.5,0,124.7,0,157.3085714285714,0,345.0,0,105.97092273468031,0,75.17988047599792,0.008421778678894,0,0.008421778678894,0,0,0
5.5,0,104.5,0,100.28488095238096,0,199.2,0,56.41191427395031,0,86.77491955757141,0.0192338943481445,0,0.0192338943481445,0,0,0
13.5,0,66.0,0,116.89350378165008,0,217.0,0,62.38530873319935,0,53.88906803131104,166521462.01758668,0,166521462.01758668,0,0,0
5.5,0,1352.7,0,831.1783730158731,0,1517.4,0,548.0136414949258,0,2.224599289894104,0.0085483074188232,0,0.0085483074188232,0,0,0
13.5,0,77.7,0,87.79838172061856,0,173.0,0,33.6802526540221,0,210.8437616586685,166516708.3619718,0,166516708.3619718,0,0,0
13.5,0,66.0,0,1557.0258433796166,0,13583.0,0,3312.386425172507,0,20.116676998138427,166525339.9886527,0,166525339.9886527,0,0,0
5.5,0,219.3,0,82.33,0,219.3,0,45.90208612882896,0,24.15346338748932,0.0024417161941528,0,0.0024417161941528,0,0,0
13.5,0,141.4,0,130.5629136017062,0,276.4,0,70.20668016283965,0,30.197206330299377,166525493.3553522,0,166525493.3553522,0,0,0
13.5,0,90.2,0,97.3977637635842,0,233.2,0,64.5412081720012,0,638.5317518472672,166517404.7776389,0,166517404.7776389,0,0,0
5.5,0,105.8,0,147.7122222222222,0,323.0,0,88.71750314807194,0,39.39330942630768,0.0188826084136962,0,0.0188826084136962,0,0,0
13.5,0,151.6,0,92.21869911392358,0,244.8,0,55.60209556552367,0,2.3559037685394286,166523717.3672137,0,166523717.3672137,0,0,0
13.5,0,95.2,0,105.2812677492786,0,230.0,0,63.898744247388095,0,83.23294336795807,166521201.72083822,0,166521201.72083822,0,0,0
5.5,0,1079.6,0,1420.2822222222223,0,1514.0,0,174.44290474932595,0,13.550841522216796,0.0015836000442504,0,0.0015836000442504,0,0,0
5.5,0,907.6,0,886.6731746031744,0,1601.6,0,631.1720005540403,0,0.1463643789291381,6.549358367919922e-05,0,6.549358367919922e-05,0,0,0
5.5,0,91.8,0,85.37380952380951,0,145.8,0,39.115423593646696,0,83.08397977352142,0.0359870910644531,0,0.0359870910644531,0,0,0
13.5,0,359.5,0,130.46787367732026,0,547.3,0,128.17316383602005,0,0.5809868335723877,166520738.94803008,0,166520738.94803008,0,0,0
13.5,0,1224.4,0,632.82943146293,0,2238.0,0,799.0978964936921,0,71.94228181838989,166521106.2004901,0,166521106.2004901,0,0,0
13.5,0,120.2,0,516.8972269023545,0,3168.0,0,997.7984806215054,0,63.84099748134613,166522090.5772823,0,166522090.5772823,0,0,0
5.5,0,155.0,0,113.7600396825397,0,330.3,0,92.57244649588924,0,64.71146562099457,0.0095508098602294,0,0.0095508098602294,0,0,0
5.5,0,108.9,0,96.23857142857142,0,219.0,0,60.790901107186514,0,53.90382590293884,0.008690595626831,0,0.008690595626831,0,0,0
5.5,0,1514.0,0,1596.4555555555555,0,2962.0,0,726.5399951434672,0,42.897168612480165,0.0028177022933959,0,0.0028177022933959,0,0,0
5.5,0,1385.6,0,1501.16,0,1514.0,0,38.52,0,0.0611378669738769,0.0022713184356689,0,0.0022713184356689,0,0,0
13.5,0,120.3,0,95.50792785430944,0,219.4,0,44.87330164002428,0,128.22970190048218,166516862.3194622,0,166516862.3194622,0,0,0
5.5,0,523.8,0,1379.3149999999998,0,4410.0,0,1484.2724199802228,0,22.64562873840332,0.0046707153320312,0,0.0046707153320312,0,0,0
13.5,0,257.9,0,599.9122294557008,0,5244.0,0,1280.519468321962,0,50.599127888679504,166523143.6779677,0,166523143.6779677,0,0,0
13.5,0,1996.9,0,943.8108681377104,0,2672.4,0,827.1672687649819,0,8.991728973388671,166519173.2178003,0,166519173.2178003,0,0,0
13.5,0,2093.2,0,1746.9413229267295,0,5183.2,0,860.6279421569119,0,13.041043782234192,166526023.1651822,0,166526023.1651822,0,0,0
5.5,0,763.1,0,1297.3554365079365,0,2672.4,0,715.0901397097733,0,30.254080772399902,0.0113646030426025,0,0.0113646030426025,0,0,0
5.5,0,140.9,0,132.52992063492064,0,434.0,0,126.3771057849627,0,16.470992398262023,0.0060599088668823,0,0.0060599088668823,0,0,0
13.5,0,60.3,0,72.61640737917055,0,230.0,0,42.790594230999744,0,53.97864451408386,166516825.8378465,0,166516825.8378465,0,0,0
5.5,0,204.4,0,184.68277777777777,0,385.3,0,140.57153558882152,0,1.0556106090545654,0.0081926107406616,0,0.0081926107406616,0,0,0
13.5,0,1207.8,0,757.0862234329998,0,1779.6,0,666.812766057586,0,13.112288331985472,166516984.4356359,0,166516984.4356359,0,0,0
13.5,0,988.4,0,1432.476316241378,0,2922.0,0,1323.3429712431298,0,2.628135180473328,166516999.2648152,0,166516999.2648152,0,0,0
13.5,0,2529.2,0,1644.9630720754133,0,5423.6,0,1187.090213461688,0,15.774967646598816,166524783.3382883,0,166524783.3382883,0,0,0
5.5,0,2020.4,0,1996.136190476191,0,5091.6,0,1798.2703518621097,0,1.3417988538742065,0.0001648902893066,0,0.0001648902893066,0,0,0
13.5,0,1239.2,0,709.178863632068,0,2093.2,0,784.2597131593845,0,10.657072401046753,166519241.3235853,0,166519241.3235853,0,0,0
13.5,0,221.4,0,80.34683736542095,0,293.4,0,52.88377646267933,0,18.86422140598297,166524320.2161943,0,166524320.2161943,0,0,0
5.5,0,2238.0,0,2257.5939682539683,0,3830.8,0,875.4332729310665,0,2.020535397529602,0.0007680177688598,0,0.0007680177688598,0,0,0
13.5,0,812.2,0,228.20436962633167,0,872.0,0,276.64117127064713,0,52.28605697154999,166518447.15071458,0,166518447.15071458,0,0,0
13.5,0,75.0,0,88.85938623468036,0,218.0,0,50.780613554433245,0,20.27484352588653,166517627.729927,0,166517627.729927,0,0,0
13.5,0,364.6,0,236.1580716600221,0,1514.0,0,454.69655881403503,0,7.416415190696716,166517717.3254576,0,166517717.3254576,0,0,0
5.5,0,1238.4,0,851.5763492063492,0,1252.4,0,508.7546172901485,0,23.50843067169189,0.0044409990310668,0,0.0044409990310668,0,0,0
5.5,0,645.2,0,864.6984126984128,0,1514.0,0,639.2023098664986,0,6.457486915588379,0.0010135173797607,0,0.0010135173797607,0,0,0
13.5,0,135.6,0,85.99041979949874,0,249.2,0,50.14251537886368,0,27.7893845319748,166522689.4874,0,166522689.4874,0,0,0
5.5,0,85.3,0,91.9290873015873,0,146.4,0,36.31247901243737,0,8.049333572387695,0.0149870872497558,0,0.0149870872497558,0,0,0
5.5,0,274.7,0,136.86035714285714,0,407.6,0,126.81084863009292,0,53.92792587280273,0.0218666076660156,0,0.0218666076660156,0,0,0
5.5,0,1151.9,0,1452.7973412698414,0,1744.0,0,202.7557446934091,0,22.341224312782288,0.0060751914978027,0,0.0060751914978027,0,0,0
5.5,0,109.4,0,135.72865079365084,0,230.0,0,64.35608659727527,0,34.70851714611054,0.0124341964721679,0,0.0124341964721679,0,0,0
13.5,0,212.8,0,317.7631234438936,0,2962.0,0,715.9005895384452,0,16.810758590698242,166522114.8689779,0,166522114.8689779,0,0,0
5.5,0,66.0,0,66.0,0,66.0,0,0.0,0,27.217445278167723,0.0028388023376464,0,0.0028388023376464,0,0,0
13.5,0,209.2,0,231.18653805001327,0,656.0,0,207.56664094220883,0,59.426265597343445,166516968.2084553,0,166516968.2084553,0,0,0
5.5,0,108.0,0,128.43158730158729,0,214.4,0,52.44028991513095,0,277.28790454864503,0.0122271060943603,0,0.0122271060943603,0,0,0
5.5,0,552.1,0,261.0287698412698,0,704.1,0,237.8175828809863,0,47.148853588104245,0.0056976079940795,0,0.0056976079940795,0,0,0
5.5,0,122.9,0,122.36996031746033,0,196.0,0,48.15450612038153,0,260.4810644865036,0.0088499069213867,0,0.0088499069213867,0,0,0
5.5,0,1514.0,0,823.4419047619047,0,2382.8,0,798.638483355855,0,1.3186630249023437,0.0012319803237915,0,0.0012319803237915,0,0,0
13.5,0,100.2,0,106.3212517217045,0,214.0,0,57.0448104202966,0,87.15541625022888,166521867.8765646,0,166521867.8765646,0,0,0
5.5,0,778.0,0,958.3914285714288,0,1462.0,0,538.6091025358791,0,0.2783908367156982,5.3095817565917966e-05,0,5.3095817565917966e-05,0,0,0
13.5,0,1514.0,0,1320.323801640396,0,1514.0,0,489.8737626901744,0,11.830405282974244,166519573.28614157,0,166519573.28614157,0,0,0
13.5,0,522.9,0,121.44384972655482,0,939.7,0,207.8945367838956,0,21.99375698566437,166522734.9546077,0,166522734.9546077,0,0,0
5.5,0,916.8,0,986.9160317460316,0,2439.2,0,833.9459569461736,0,0.4504217863082885,7.259845733642578e-05,0,7.259845733642578e-05,0,0,0
5.5,0,226.9,0,250.88162698412697,0,910.9,0,306.16726900804224,0,20.22374351024628,0.0201443910598754,0,0.0201443910598754,0,0,0
5.5,0,355.6,0,612.5625396825396,0,1514.0,0,588.7895327665067,0,2.134908843040466,0.0011055946350097,0,0.0011055946350097,0,0,0
13.5,0,1810.6,0,945.8969903484028,0,7306.0,0,1816.2122829738887,0,78.23607211112976,166519180.87908572,0,166519180.87908572,0,0,0
13.5,0,364.6,0,967.758764287828,0,9082.0,0,2293.646193644947,0,8.394613242149353,166520834.53877538,0,166520834.53877538,0,0,0
5.5,0,1536.1,0,2509.3302777777776,0,4410.0,0,1154.6462067756934,0,58.75580267906189,0.0017040014266967,0,0.0017040014266967,0,0,0
13.5,0,1514.0,0,1461.7486813186813,0,2093.2,0,377.7687964320057,0,6.158352398872376,166519686.44534713,0,166519686.44534713,0,0,0
13.5,0,1317.4,0,197.5647836193734,0,1404.0,0,330.5807008886157,0,24.83933820724487,166524675.85934758,0,166524675.85934758,0,0,0
5.5,0,104.6,0,128.8672222222222,0,166.8,0,31.56951920647021,0,13.004588437080384,0.0182229995727539,0,0.0182229995727539,0,0,0
5.5,0,75.0,0,66.9,0,75.0,0,2.7,0,3.4895442485809327,0.0018426895141601,0,0.0018426895141601,0,0,0
5.5,0,146.1,0,131.9009126984127,0,237.6,0,73.24550994864099,0,33.41685659885407,0.0042669057846069,0,0.0042669057846069,0,0,0
5.5,0,285.3,0,272.9151190476191,0,654.0,0,211.577840661714,0,31.62608399391174,0.0127171993255615,0,0.0127171993255615,0,0,0
13.5,0,2286.5,0,971.4664202520048,0,3541.2,0,1099.7408279446183,0,54.55299224853516,166524054.2758165,0,166524054.2758165,0,0,0
5.5,0,90.2,0,102.75333333333332,0,242.4,0,69.85688215685823,0,42.171291780471805,0.0148961067199707,0,0.0148961067199707,0,0,0
5.5,0,100.4,0,98.63650793650794,0,175.8,0,44.39914679114966,0,40.36325898170471,0.0197251796722412,0,0.0197251796722412,0,0,0
13.5,0,376.4,0,2129.412560024255,0,8754.0,0,2280.964710921583,0,22.374183297157288,166525631.56865108,0,166525631.56865108,0,0,0
5.5,0,92.3,0,117.59888888888888,0,230.0,0,56.12122184446554,0,11.524928736686707,0.0109659910202026,0,0.0109659910202026,0,0,0
5.5,0,1088.6,0,1612.0350000000003,0,2962.0,0,1101.3871416473094,0,20.99191172122956,0.0004881858825683,0,0.0004881858825683,0,0,0
13.5,0,88.8,0,85.30880770802985,0,230.0,0,48.836818602127096,0,1.1698328971862793,166516613.9600654,0,166516613.9600654,0,0,0
13.5,0,74.4,0,88.7392292824994,0,344.0,0,70.46511705455194,0,65.20998711585999,166518862.4914027,0,166518862.4914027,0,0,0
13.5,0,147.1,0,251.6498810851172,0,359.0,0,111.04937082097118,0,277.1325212478638,166516374.1972797,0,166516374.1972797,0,0,0
5.5,0,66.0,0,66.0,0,66.0,0,0.0,0,6.8905760765075685,0.0007185935974121,0,0.0007185935974121,0,0,0
13.5,0,213.6,0,181.7980676233811,0,585.0,0,169.08122427418542,0,79.6016967535019,166516900.7621577,0,166516900.7621577,0,0,0
13.5,0,134.5,0,182.37161196088053,0,791.0,0,172.75579104412876,0,14.068988800048828,166524290.073128,0,166524290.073128,0,0,0
5.5,0,147.2,0,113.77730158730158,0,254.4,0,77.14467146264523,0,10.879575300216676,0.0088101148605346,0,0.0088101148605346,0,0,0
13.5,0,646.4,0,754.1615027670989,0,5858.0,0,1598.0892820595511,0,14.466668844223022,166521913.7460013,0,166521913.7460013,0,0,0
13.5,0,196.0,0,138.22479300884874,0,309.0,0,78.29489523397729,0,121.06721034049988,166526282.8125102,0,166526282.8125102,0,0,0
5.5,0,223.0,0,510.6146825396825,0,1514.0,0,490.9546481769656,0,11.67070438861847,0.0105774879455566,0,0.0105774879455566,0,0,0
13.5,0,88.0,0,521.9333819534439,0,1514.0,0,609.4169464713507,0,45.01478037834168,166520316.27667528,0,166520316.27667528,0,0,0
5.5,0,557.7,0,687.5617063492064,0,2399.2,0,839.1915360227624,0,98.37035758495333,0.0184837102890014,0,0.0184837102890014,0,0,0
5.5,0,906.7,0,1681.2019444444445,0,2962.0,0,849.1317232487438,0,11.074755597114564,0.0052393913269042,0,0.0052393913269042,0,0,0
13.5,0,1803.6,0,627.1686298050075,0,2382.8,0,792.3027145258029,0,7.680577516555786,166522039.2864743,0,166522039.2864743,0,0,0
5.5,0,103.4,0,102.87559523809526,0,192.0,0,47.53878505058788,0,146.21773188114167,0.0084831953048706,0,0.0084831953048706,0,0,0
5.5,0,81.6,0,75.58000000000001,0,109.8,0,15.711603065657377,0,33.43547933101654,0.0132139921188354,0,0.0132139921188354,0,0,0
13.5,0,427.2,0,150.82402657885632,0,577.9,0,154.91118227313217,0,81.96264708042145,166525631.555301,0,166525631.555301,0,0,0
5.5,0,922.8,0,628.85,0,1779.6,0,793.8720958180095,0,3.5265438079833986,0.0012212038040161,0,0.0012212038040161,0,0,0
5.5,0,122.3,0,118.90793650793653,0,219.4,0,51.1869848500265,0,25.912134838104247,0.0074738025665283,0,0.0074738025665283,0,0,0
13.5,0,1367.6,0,648.208541449091,0,1514.0,0,683.3659641712478,0,7.748122668266296,166520098.7850909,0,166520098.7850909,0,0,0
13.5,0,1514.8,0,1063.6191058395511,0,2962.0,0,922.2356052346416,0,43.43858530521393,166517756.7486991,0,166517756.7486991,0,0,0
13.5,0,1658.8,0,2336.266914446923,0,5858.0,0,1642.9456865565694,0,1.652514672279358,166522039.9090246,0,166522039.9090246,0,0,0
5.5,0,1420.8,0,1484.274246031746,0,1803.6,0,193.5827850818237,0,12.077702975273132,0.0007634878158569,0,0.0007634878158569,0,0,0
13.5,0,76.9,0,119.16732655244653,0,414.0,0,93.18240886188455,0,38.86958889961242,166525535.14411852,0,166525535.14411852,0,0,0
5.5,0,134.3,0,126.42857142857142,0,252.5,0,63.75431742871748,0,42.82965407371521,0.0131498098373413,0,0.0131498098373413,0,0,0
13.5,0,112.7,0,95.64220896406655,0,297.8,0,60.15161948834816,0,0.975183629989624,166517940.8370089,0,166517940.8370089,0,0,0
13.5,0,75.3,0,115.0211246347392,0,357.0,0,95.3034476726959,0,71.09154632091523,166525111.8261588,0,166525111.8261588,0,0,0
13.5,0,1088.6,0,1384.3242804211611,0,2382.8,0,538.7175180201101,0,15.990280318260194,166517833.5371091,0,166517833.5371091,0,0,0
13.5,0,70.6,0,63.72849614867416,0,120.0,0,18.088145594350355,0,55.15323429107666,166525977.3538146,0,166525977.3538146,0,0,0
13.5,0,1062.4,0,1122.6047813040072,0,2858.0,0,1032.4942190867012,0,0.6444541931152343,166517698.54981968,0,166517698.54981968,0,0,0
5.5,0,843.1,0,1315.3693253968254,0,1853.5,0,397.8913229907314,0,43.11855788230896,0.006575584411621,0,0.006575584411621,0,0,0
13.5,0,3679.2,0,2237.191152630909,0,7350.0,0,1710.2214860769188,0,5.30449607372284,166524523.77902022,0,166524523.77902022,0,0,0
13.5,0,93.5,0,121.78782088955076,0,284.0,0,77.54370721490925,0,79.68145251274109,166518171.1094664,0,166518171.1094664,0,0,0
13.5,0,66.0,0,746.2742713100454,0,4410.0,0,1127.139986512188,0,31.470609068870544,166525953.42572767,0,166525953.42572767,0,0,0
5.5,0,117.4,0,118.55194444444446,0,213.6,0,61.53877388844419,0,23.786374306678773,0.02515869140625,0,0.02515869140625,0,0,0
5.5,0,1096.5,0,1423.85,0,1514.0,0,168.63727872597684,0,29.9785225391388,0.0021943092346191,0,0.0021943092346191,0,0,0
5.5,0,1818.5,0,1346.066626984127,0,2967.1,0,999.0011531834156,0,87.01314303874969,0.0006295919418334,0,0.0006295919418334,0,0,0
5.5,0,355.6,0,414.6692063492063,0,1369.2,0,561.4767090619596,0,2.383880496025085,0.0004793882369995,0,0.0004793882369995,0,0,0
13.5,0,808.1,0,2342.418406469691,0,11650.0,0,2680.2451008596163,0,40.68610506057739,166525002.0650882,0,166525002.0650882,0,0,0
5.5,0,1957.4,0,2428.7478571428574,0,4120.4,0,982.9940681167444,0,9.65968554019928,0.0006877899169921,0,0.0006877899169921,0,0,0
13.5,0,1229.6,0,552.4883889180135,0,2688.8,0,826.6305828899085,0,126.69169440269472,166523915.7589815,0,166523915.7589815,0,0,0
5.5,0,1658.8,0,1720.9146031746034,0,2672.4,0,430.34718113716025,0,11.707515835762024,0.0003262996673583,0,0.0003262996673583,0,0,0
13.5,0,795.2,0,280.53595427963853,0,1447.2,0,458.6071525287433,0,27.490638160705565,166520863.9329541,0,166520863.9329541,0,0,0
13.5,0,376.5,0,101.78512041965602,0,427.6,0,99.29754279229788,0,102.936297416687,166521146.6574871,0,166521146.6574871,0,0,0
13.5,0,89.9,0,79.67645409372189,0,172.0,0,35.254297126888176,0,64.2032799243927,166523802.6571341,0,166523802.6571341,0,0,0
13.5,0,71.8,0,1265.3220934006654,0,4895.0,0,1268.7017431788188,0,61.09091515541077,166526145.2399287,0,166526145.2399287,0,0,0
5.5,0,1280.1,0,654.1636507936507,0,1376.4,0,520.7581976530485,0,9.769247150421142,0.0013705968856811,0,0.0013705968856811,0,0,0
13.5,0,395.0,0,1226.9497031039136,0,1514.0,0,464.5967678179146,0,100.18206250667572,166524989.027071,0,166524989.027071,0,0,0
5.5,0,1658.8,0,1562.668888888889,0,1948.4,0,136.83434847063,0,32.88850061893463,0.0001865863800048,0,0.0001865863800048,0,0,0
13.5,0,66.0,0,699.0590102458601,0,4410.0,0,1253.6699349487344,0,19.92892644405365,166521371.13393712,0,166521371.13393712,0,0,0
13.5,0,1658.8,0,1477.6312354312354,0,2527.6,0,469.731473478582,0,22.765475487709047,166517549.9490662,0,166517549.9490662,0,0,0
13.5,0,134.6,0,99.9583304861633,0,236.7,0,55.82003582810724,0,85.33962304592133,166517129.89185628,0,166517129.89185628,0,0,0
5.5,0,66.0,0,66.0,0,66.0,0,0.0,0,9.674348664283752,2.448558807373047e-05,0,2.448558807373047e-05,0,0,0
13.5,0,100.4,0,1281.861975844503,0,2962.0,0,1050.3190980397978,0,49.639989137649536,166523106.4532718,0,166523106.4532718,0,0,0
5.5,0,543.8,0,419.71365079365086,0,988.2,0,396.5904668441977,0,71.02859075069428,0.0239269971847534,0,0.0239269971847534,0,0,0
13.5,0,88.2,0,100.2040851086478,0,262.0,0,59.7405745543584,0,264.73787608146665,166517169.1470051,0,166517169.1470051,0,0,0
13.5,0,812.8,0,1007.2623131237528,0,4410.0,0,1147.8157419727872,0,83.03685116767883,166521127.68784767,0,166521127.68784767,0,0,0
13.5,0,1094.7,0,917.5652431490938,0,2238.0,0,754.5126732520723,0,5.688979125022888,166520245.00585002,0,166520245.00585002,0,0,0
13.5,0,920.4,0,890.6221626567446,0,2858.0,0,1013.2370966955586,0,0.3121766567230224,166520192.7574734,0,166520192.7574734,0,0,0
5.5,0,2238.0,0,2633.039682539683,0,5423.6,0,1477.2023278527554,0,72.29016988277435,0.0009083986282348,0,0.0009083986282348,0,0,0
13.5,0,1354.3,0,671.914425795223,0,2962.0,0,978.3052271557876,0,4.480628156661988,166523381.1216784,0,166523381.1216784,0,0,0
5.5,0,1249.8,0,1072.2665873015874,0,1514.0,0,544.4677048526537,0,8.05340642929077,0.0017898797988891,0,0.0017898797988891,0,0,0
13.5,0,117.2,0,107.8554941734392,0,263.0,0,69.08236490993559,0,80.65595602989197,166522034.86811522,0,166522034.86811522,0,0,0
13.5,0,418.1,0,109.42904153723812,0,495.8,0,108.33467467180448,0,91.76179776191712,166517625.4589306,0,166517625.4589306,0,0,0
5.5,0,2308.5,0,2447.039642857143,0,2914.4,0,583.9798133364822,0,0.3492660284042358,0.0015007019042968,0,0.0015007019042968,0,0,0
5.5,0,84.1,0,86.62599206349206,0,146.4,0,35.59945445154382,0,36.09183127880097,0.0133277893066406,0,0.0133277893066406,0,0,0
5.5,0,3251.6,0,2433.5949206349205,0,6871.6,0,2473.7800729360165,0,2.5949807167053223,0.0010907888412475,0,0.0010907888412475,0,0,0
13.5,0,906.7,0,345.6566966951178,0,1854.3,0,520.2176700446527,0,3.818255591392517,166522107.1847936,0,166522107.1847936,0,0,0
5.5,0,2018.1,0,2466.689841269841,0,2858.0,0,514.5387505030363,0,0.173525857925415,0.0001650810241699,0,0.0001650810241699,0,0,0
5.5,0,920.4,0,1248.559365079365,0,2718.4,0,963.023669757178,0,0.151639986038208,6.818771362304688e-05,0,6.818771362304688e-05,0,0,0
5.5,0,627.9,0,1106.5784523809525,0,1514.0,0,394.18598351905314,0,19.44442675113678,0.0155736207962036,0,0.0155736207962036,0,0,0
5.5,0,87.8,0,80.9431746031746,0,109.8,0,15.321434819451506,0,55.39724402427673,0.0621692180633544,0,0.0621692180633544,0,0,0
5.5,0,132.1,0,173.70210317460317,0,475.1,0,149.6067081674153,0,30.222330617904664,0.0074855089187622,0,0.0074855089187622,0,0,0
13.5,0,64.8,0,83.9336699909997,0,230.0,0,46.9336932216046,0,1.3945873498916626,166519491.7881757,0,166519491.7881757,0,0,0
13.5,0,685.4,0,605.2388919796234,0,1514.0,0,625.4690072001852,0,24.652987551689147,166525036.74593502,0,166525036.74593502,0,0,0
13.5,0,1103.9,0,1920.8235155251523,0,5858.0,0,1611.584553652954,0,21.463259649276733,166523415.8842098,0,166523415.8842098,0,0,0
13.5,0,405.0,0,863.9403587412759,0,1658.8,0,713.5383324516876,0,34.06949071884155,166519371.19518358,0,166519371.19518358,0,0,0
5.5,0,1224.4,0,1493.0844444444442,0,2238.0,0,372.6801879113036,0,1.226865816116333,0.0012387990951538,0,0.0012387990951538,0,0,0
5.5,0,560.1,0,816.8048809523809,0,1514.0,0,603.8856664958927,0,25.08111629486084,0.0138657093048095,0,0.0138657093048095,0,0,0
13.5,0,1378.2,0,520.4063263022666,0,1401.6,0,547.4047478759976,0,46.89633233547211,166518570.9950083,0,166518570.9950083,0,0,0
13.5,0,85.1,0,413.6744629115295,0,1514.0,0,557.2758313300176,0,13.907726621627807,166519761.399226,0,166519761.399226,0,0,0
13.5,0,141.2,0,171.24953541685355,0,791.0,0,207.7907428435696,0,55.315265250206,166516985.00732678,0,166516985.00732678,0,0,0
5.5,0,1378.2,0,1426.322777777778,0,1514.0,0,226.45922402167508,0,107.36529173851014,0.0003684043884277,0,0.0003684043884277,0,0,0
5.5,0,88.5,0,122.09988095238096,0,208.0,0,49.50218855542581,0,58.95844986438751,0.0250110149383544,0,0.0250110149383544,0,0,0
13.5,0,254.1,0,112.05218415399531,0,663.6,0,139.33585893051236,0,30.746969437599184,166518627.25777787,0,166518627.25777787,0,0,0
13.5,0,1550.1,0,923.3975160322992,0,2962.0,0,900.7955808273988,0,0.0301571369171142,166523447.0828063,0,166523447.0828063,0,0,0
13.5,0,66.0,0,75.29592250413845,0,172.0,0,29.89659758972092,0,41.68395426273346,166523881.77266172,0,166523881.77266172,0,0,0
5.5,0,1996.9,0,1630.5979365079363,0,2527.6,0,350.10244208775373,0,6.302163696289062,0.0006415128707885,0,0.0006415128707885,0,0,0
13.5,0,1803.6,0,1629.8503946363237,0,4410.0,0,1350.064452471911,0,28.279226541519165,166520367.2057683,0,166520367.2057683,0,0,0
5.5,0,125.0,0,138.46960317460315,0,212.0,0,66.19970347762639,0,117.9277729034424,0.0201654911041259,0,0.0201654911041259,0,0,0
5.5,0,368.4,0,119.34468253968252,0,384.7,0,112.73789320027394,0,10.12166473865509,0.0052199840545654,0,0.0052199840545654,0,0,0
5.5,0,63.6,0,65.32349206349207,0,66.0,0,1.6063248964124484,0,12.40452389717102,0.0006466150283813,0,0.0006466150283813,0,0,0
5.5,0,134.1,0,129.768373015873,0,301.3,0,96.6628790696078,0,32.284194231033325,0.0072829008102416,0,0.0072829008102416,0,0,0
5.5,0,919.6,0,689.34,0,2028.8,0,796.1834998865435,0,0.6260000467300415,8.380413055419922e-05,0,8.380413055419922e-05,0,0,0
5.5,0,822.8,0,363.7471428571428,0,837.6,0,340.36811352760094,0,89.99802715778351,0.0191025018692016,0,0.0191025018692016,0,0,0
13.5,0,92.0,0,134.4085821200643,0,348.0,0,78.05240852709635,0,34.70152561664581,166523441.8353428,0,166523441.8353428,0,0,0
5.5,0,872.1,0,1696.8774999999998,0,4168.9,0,1285.5400917770785,0,43.25478646755219,0.0078043937683105,0,0.0078043937683105,0,0,0
13.5,0,74.0,0,80.03074140384899,0,230.0,0,42.26446362673941,0,0.355214786529541,166517360.9590883,0,166517360.9590883,0,0,0
5.5,0,65.4,0,65.94,0,66.0,0,0.18,0,20.194180488586422,0.0067609071731567,0,0.0067609071731567,0,0,0
5.5,0,906.0,0,1009.6666666666669,0,2306.0,0,1083.588558420369,0,184.1370240449905,0.000832200050354,0,0.000832200050354,0,0,0
13.5,0,157.0,0,458.1400735169544,0,3731.0,0,939.3573554857518,0,39.846015501022336,166520131.52061412,0,166520131.52061412,0,0,0
13.5,0,144.9,0,107.62245395041836,0,488.0,0,113.83499347779872,0,21.645591068267823,166517599.0306756,0,166517599.0306756,0,0,0
13.5,0,77.4,0,87.25962708602029,0,206.0,0,42.47141814919281,0,31.624750781059262,166523604.77329808,0,166523604.77329808,0,0,0
13.5,0,952.5,0,1297.0365808602303,0,8754.0,0,2204.890533423151,0,18.174187660217285,166526055.7816543,0,166526055.7816543,0,0,0
13.5,0,108.0,0,79.8991427028424,0,192.5,0,35.205124483194666,0,56.32711799144745,166525696.1200199,0,166525696.1200199,0,0,0
5.5,0,935.6,0,1590.3517460317462,0,2962.0,0,788.3610132421627,0,12.58731005191803,0.0019847869873046,0,0.0019847869873046,0,0,0
5.5,0,70.1,0,73.21035714285715,0,124.5,0,24.15411483602198,0,81.98660163879394,0.0084331035614013,0,0.0084331035614013,0,0,0
13.5,0,675.4,0,180.1952098821372,0,840.5,0,216.3790096744064,0,0.7918457984924316,166519463.7731297,0,166519463.7731297,0,0,0
5.5,0,948.5,0,1620.850753968254,0,2962.0,0,793.5772055632282,0,15.660520195961,0.0031620025634765,0,0.0031620025634765,0,0,0
13.5,0,1224.4,0,1692.451487671685,0,4410.0,0,993.8811017789884,0,5.801808309555054,166519846.60477293,0,166519846.60477293,0,0,0
13.5,0,287.0,0,96.6681611972479,0,375.4,0,76.29796304445259,0,67.69678659439087,166524331.72085318,0,166524331.72085318,0,0,0
5.5,0,66.0,0,66.0,0,66.0,0,0.0,0,10.791210198402403,0.0055025815963745,0,0.0055025815963745,0,0,0
5.5,0,96.7,0,79.74003968253969,0,126.3,0,21.795821710278567,0,44.849935221672055,0.0050971031188964,0,0.0050971031188964,0,0,0
13.5,0,901.8,0,1126.719619991292,0,1514.0,0,616.0208534002552,0,32.94380779266358,166524497.6820618,0,166524497.6820618,0,0,0
5.5,0,657.4,0,793.5672222222222,0,1514.0,0,631.2028183714986,0,6.136832237243652,0.0084189891815185,0,0.0084189891815185,0,0,0
13.5,0,174.8,0,218.1090640572877,0,697.6,0,212.5661285921298,0,0.378799033164978,166516890.722119,0,166516890.722119,0,0,0
5.5,0,75.0,0,92.3607142857143,0,156.0,0,31.248098275099743,0,30.172338938713075,0.0013319969177246,0,0.0013319969177246,0,0,0
5.5,0,104.2,0,106.93607142857142,0,191.0,0,48.66751798178065,0,495.6441763877869,0.0246056079864501,0,0.0246056079864501,0,0,0
13.5,0,589.6,0,1370.9263424690205,0,2962.0,0,698.4059450575721,0,50.23827714920044,166521725.0839339,0,166521725.0839339,0,0,0
5.5,0,66.7,0,65.70095238095237,0,67.9,0,1.3735012227056145,0,18.333561539649963,0.0053721189498901,0,0.0053721189498901,0,0,0
5.5,0,64.2,0,65.45095238095237,0,66.0,0,0.9941622522847412,0,27.165529465675355,0.0228475093841552,0,0.0228475093841552,0,0,0
5.5,0,112.6,0,119.78380952380952,0,230.0,0,62.27135426525808,0,56.69948143959046,0.0224111080169677,0,0.0224111080169677,0,0,0
5.5,0,90.0,0,105.18023809523808,0,156.0,0,39.6530742537634,0,43.500372648239136,0.0309629917144775,0,0.0309629917144775,0,0,0
5.5,0,501.5,0,677.8990079365079,0,1370.3,0,630.5789382636625,0,7.250622987747192,0.0014979839324951,0,0.0014979839324951,0,0,0
5.5,0,1576.1,0,2377.870317460317,0,4989.2,0,1373.0198572391128,0,15.59113006591797,0.0049170970916748,0,0.0049170970916748,0,0,0
13.5,0,110.0,0,116.76948783801338,0,230.0,0,52.934511716715406,0,155.05083858966827,166520798.77620652,0,166520798.77620652,0,0,0
13.5,0,1658.8,0,1391.931597789895,0,2962.0,0,801.6791459904541,0,21.175556182861328,166518219.11434442,0,166518219.11434442,0,0,0
5.5,0,65.4,0,64.24261904761906,0,65.4,0,2.0832065516733165,0,10.432628750801086,0.0007006883621215,0,0.0007006883621215,0,0,0
13.5,0,109.4,0,81.1299066576698,0,199.2,0,38.19652936331803,0,58.08765511512756,166521570.2380889,0,166521570.2380889,0,0,0
13.5,0,1383.4,0,366.4921559176977,0,1547.6,0,483.8666509822118,0,21.88904480934143,166522487.41893268,0,166522487.41893268,0,0,0
13.5,0,646.0,0,1168.344590803074,0,1514.0,0,603.0173964547223,0,30.696215295791625,166517679.57639998,0,166517679.57639998,0,0,0
13.5,0,644.6,0,1346.7629781561743,0,1514.0,0,330.0120891065729,0,116.3118893146515,166523915.8331724,0,166523915.8331724,0,0,0
5.5,0,361.3,0,131.10757936507937,0,653.3,0,180.29322592048084,0,56.56018002033234,0.0178138971328735,0,0.0178138971328735,0,0,0
13.5,0,1948.4,0,911.8454814569676,0,2672.4,0,963.0505642541264,0,11.007327604293824,166520657.5337842,0,166520657.5337842,0,0,0
5.5,0,1658.8,0,2498.007936507937,0,4410.0,0,1228.1941713851322,0,12.307006669044494,0.0010157108306884,0,0.0010157108306884,0,0,0
5.5,0,60.4,0,63.89714285714285,0,66.0,0,3.0227325450316416,0,14.78530523777008,0.0120907068252563,0,0.0120907068252563,0,0,0
5.5,0,116.8,0,107.40825396825396,0,203.4,0,56.38676020744849,0,30.884348011016847,0.007367205619812,0,0.007367205619812,0,0,0
5.5,0,778.7,0,837.015357142857,0,2382.8,0,849.4924767536359,0,24.90323896408081,0.0243873119354248,0,0.0243873119354248,0,0,0
5.5,0,102.0,0,74.18849206349208,0,111.0,0,15.985668527545982,0,41.908557987213136,0.0134926080703735,0,0.0134926080703735,0,0,0
5.5,0,1707.3,0,1866.5739285714287,0,3830.8,0,879.4381278097877,0,34.36595873832702,0.0073487997055053,0,0.0073487997055053,0,0,0
5.5,0,1182.8,0,1012.2331746031743,0,2299.6,0,1017.5567735387816,0,0.1669140100479126,0.0001287937164306,0,0.0001287937164306,0,0,0
5.5,0,93.0,0,111.0347619047619,0,193.8,0,45.603141445293424,0,130.2988174676895,0.0280411005020141,0,0.0280411005020141,0,0,0
13.5,0,88.8,0,101.53606946201371,0,230.0,0,52.056990317216034,0,42.78988418579102,166523117.95851448,0,166523117.95851448,0,0,0
5.5,0,283.9,0,694.3721825396826,0,2194.0,0,736.945628993487,0,31.38839898109436,0.0129086971282958,0,0.0129086971282958,0,0,0
13.5,0,82.4,0,68.06374613003096,0,108.4,0,9.87724970545492,0,13.173250031471252,166519158.4050146,0,166519158.4050146,0,0,0
5.5,0,80.8,0,69.12444444444444,0,95.6,0,9.091191271804846,0,55.98977172374725,0.0098599195480346,0,0.0098599195480346,0,0,0
5.5,0,822.3,0,286.3330555555555,0,864.0,0,300.9954653496985,0,28.29932301044464,0.0137284994125366,0,0.0137284994125366,0,0,0
5.5,0,122.6,0,137.32690476190473,0,230.0,0,56.01789554227664,0,171.66698060035705,0.0571290969848632,0,0.0571290969848632,0,0,0
5.5,0,71.9,0,79.19718253968253,0,104.7,0,16.317635041723083,0,84.85375769138336,0.0052402973175048,0,0.0052402973175048,0,0,0
13.5,0,3396.4,0,3247.182400808685,0,7306.0,0,1854.947970853104,0,4.985766792297364,166516864.1989468,0,166516864.1989468,0,0,0
5.5,0,90.3,0,94.59194444444444,0,221.6,0,58.695389931921966,0,23.64022052288056,0.0190189838409423,0,0.0190189838409423,0,0,0
5.5,0,472.8,0,931.9709523809524,0,1514.0,0,449.5300350993292,0,78.07612314224244,0.0014322996139526,0,0.0014322996139526,0,0,0
13.5,0,2672.4,0,1694.810943689094,0,7306.0,0,1631.459091616952,0,10.728330755233763,166518070.1153668,0,166518070.1153668,0,0,0
5.5,0,688.0,0,217.27301587301585,0,776.4,0,215.0159277454471,0,18.75217022895813,0.017783784866333,0,0.017783784866333,0,0,0
13.5,0,141.7,0,99.2994103888028,0,230.0,0,58.58096740985674,0,112.81120584011076,166516578.53099293,0,166516578.53099293,0,0,0
13.5,0,134.6,0,101.0417108175622,0,503.0,0,108.93703341557423,0,74.29677443504333,166522436.2769522,0,166522436.2769522,0,0,0
13.5,0,66.0,0,66.0,0,66.0,0,0.0,0,0.9587559938430786,166519375.3261029,0,166519375.3261029,0,0,0
13.5,0,103.0,0,593.5221756189287,0,1514.0,0,649.7192613844054,0,36.08013904094696,166522556.0838017,0,166522556.0838017,0,0,0
5.5,0,156.7,0,88.37099206349208,0,181.0,0,42.89310520533337,0,9.602739953994751,0.0056035041809082,0,0.0056035041809082,0,0,0
5.5,0,149.3,0,145.70472222222222,0,208.0,0,49.60808233043516,0,30.198915219306947,0.0129082918167114,0,0.0129082918167114,0,0,0
5.5,0,1956.8,0,2165.0841269841267,0,4554.8,0,1220.941978080184,0,7.944600296020508,0.0066388130187988,0,0.0066388130187988,0,0,0
5.5,0,1378.2,0,793.8869047619047,0,1514.0,0,600.1890979166463,0,52.31016089916229,0.0081599950790405,0,0.0081599950790405,0,0,0
13.5,0,66.0,0,92.01520758352416,0,217.0,0,53.0536769905241,0,3.8694786071777343,166524335.0610942,0,166524335.0610942,0,0,0
5.5,0,1380.8,0,1345.305079365079,0,3830.8,0,1239.2071218228032,0,36.57312774658203,0.009545612335205,0,0.009545612335205,0,0,0
5.5,0,1064.8,0,870.296507936508,0,1485.6,0,617.6027759531551,0,0.563784146308899,5.791187286376953e-05,0,5.791187286376953e-05,0,0,0
5.5,0,396.3,0,847.9382142857143,0,1880.3,0,628.0717256603116,0,16.860348176956176,0.0067662000656127,0,0.0067662000656127,0,0,0
5.5,0,355.6,0,648.7625396825397,0,1514.0,0,598.4892935325134,0,67.57745215892791,0.0008129835128784,0,0.0008129835128784,0,0,0
13.5,0,99.0,0,113.65004453621712,0,230.0,0,65.30875676443907,0,73.7592743396759,166523801.8111149,0,166523801.8111149,0,0,0
5.5,0,365.0,0,295.7681746031746,0,956.0,0,378.25807475865207,0,15.571839308738708,0.0079139947891235,0,0.0079139947891235,0,0,0
5.5,0,2005.6,0,1832.0331746031743,0,2620.6,0,475.2437424700523,0,28.9725919008255,0.0002507925033569,0,0.0002507925033569,0,0,0
13.5,0,387.5,0,468.4930470668822,0,2922.0,0,814.0366474006984,0,2.3490350008010865,166524149.34151912,0,166524149.34151912,0,0,0
13.5,0,67.2,0,116.92128457112204,0,348.0,0,95.14976059074137,0,2.044349718093872,166516453.6595102,0,166516453.6595102,0,0,0
5.5,0,665.9,0,422.41940476190473,0,1081.2,0,469.6242970117793,0,30.13207588195801,0.0108134031295776,0,0.0108134031295776,0,0,0
13.5,0,355.6,0,718.6363912283108,0,1514.0,0,713.9235277645456,0,1.8238239526748656,166523978.27631322,0,166523978.27631322,0,0,0
5.5,0,126.7,0,121.5936507936508,0,241.2,0,64.92917857731334,0,80.80634713172913,0.0272959947586059,0,0.0272959947586059,0,0,0
13.5,0,115.3,0,97.42823188894008,0,208.2,0,44.84334003816088,0,90.00522744655609,166523250.6778318,0,166523250.6778318,0,0,0
13.5,0,194.7,0,1192.5587863542546,0,4410.0,0,1594.076576823337,0,2.47601580619812,166518393.98149428,0,166518393.98149428,0,0,0
13.5,0,66.0,0,72.01894262857886,0,156.0,0,22.36478912978056,0,94.12633264064787,166523596.658865,0,166523596.658865,0,0,0
13.5,0,2822.9,0,1617.4102088670702,0,8174.8,0,1916.867855069872,0,79.41752977371216,166521706.3991697,0,166521706.3991697,0,0,0
5.5,0,1530.4,0,1140.4992063492064,0,3106.8,0,1147.1154908662686,0,14.942291569709775,0.0033613204956054,0,0.0033613204956054,0,0,0
5.5,0,512.1,0,986.512738095238,0,1514.0,0,473.3049802153872,0,27.548193192482,0.0077056169509887,0,0.0077056169509887,0,0,0
13.5,0,559.2,0,200.4955075497258,0,1561.5,0,367.1181625777321,0,8.35228967666626,166524052.2824804,0,166524052.2824804,0,0,0
5.5,0,116.2,0,115.40920634920636,0,321.2,0,94.32070601553468,0,248.3626999616623,0.0188910961151123,0,0.0188910961151123,0,0,0
5.5,0,91.8,0,92.41738095238094,0,184.4,0,47.06935321820039,0,63.408150744438174,0.0085788011550903,0,0.0085788011550903,0,0,0
13.5,0,108.6,0,100.28847115732565,0,230.0,0,57.26401811952263,0,18.33412799835205,166523591.9782132,0,166523591.9782132,0,0,0
5.5,0,1121.7,0,699.5208333333333,0,2093.2,0,692.5244083193852,0,9.973965430259703,0.0464061975479126,0,0.0464061975479126,0,0,0
13.5,0,1750.0,0,289.71986337879525,0,2932.0,0,649.6772261604219,0,46.757378697395325,166520116.1852677,0,166520116.1852677,0,0,0
13.5,0,198.6,0,1024.958587046768,0,1514.0,0,632.3045002283604,0,11.101994681358338,166519185.5120055,0,166519185.5120055,0,0,0
13.5,0,1802.8,0,1468.3902070341078,0,2962.0,0,916.9010693683188,0,50.567115139961246,166518841.757944,0,166518841.757944,0,0,0
5.5,0,1658.8,0,1884.3892063492065,0,3830.8,0,1021.935084913248,0,14.42542905807495,0.0005604982376098,0,0.0005604982376098,0,0,0
13.5,0,219.8,0,1426.9341493276245,0,2962.0,0,932.4575028448396,0,14.624190998077392,166521846.8983321,0,166521846.8983321,0,0,0
5.5,0,201.5,0,113.57321428571429,0,453.9,0,122.14687136258256,0,16.831874895095826,0.0076206922531127,0,0.0076206922531127,0,0,0
5.5,0,85.6,0,94.0077777777778,0,222.8,0,58.25141402132832,0,1.3612910985946656,0.0025378942489624,0,0.0025378942489624,0,0,0
13.5,0,198.7,0,220.0939875638637,0,1057.0,0,257.35747384454027,0,89.32392327785492,166516952.32061094,0,166516952.32061094,0,0,0
13.5,0,84.2,0,110.03271062700628,0,344.0,0,74.09691901629158,0,36.92785456180573,166523541.05114847,0,166523541.05114847,0,0,0
13.5,0,112.9,0,95.14457459379284,0,230.0,0,50.26294689772751,0,27.17819166183472,166521398.5696805,0,166521398.5696805,0,0,0
13.5,0,201.2,0,191.18630622645327,0,791.0,0,240.6024237260576,0,64.02814793586731,166516402.00881118,0,166516402.00881118,0,0,0
5.5,0,1658.8,0,1672.6479365079365,0,2527.6,0,362.0878065266189,0,68.33534805774688,0.000306487083435,0,0.000306487083435,0,0,0
13.5,0,802.4,0,241.47401280736807,0,1000.4,0,330.4957517785,0,68.13353579044342,166523594.27634007,0,166523594.27634007,0,0,0
13.5,0,124.0,0,330.1428798854225,0,3492.0,0,847.2149044429347,0,43.50297832489014,166520212.77033418,0,166520212.77033418,0,0,0
13.5,0,205.6,0,626.1629272997386,0,2858.0,0,986.811124830966,0,1.044741415977478,166520194.4299668,0,166520194.4299668,0,0,0
5.5,0,1852.1,0,1679.2668253968252,0,2382.8,0,375.499742174209,0,14.335802364349366,0.0035645961761474,0,0.0035645961761474,0,0,0
13.5,0,1514.0,0,1428.9322775160856,0,2962.0,0,614.5132556141949,0,3.7104790925979616,166517465.15144306,0,166517465.15144306,0,0,0
5.5,0,1367.6,0,1443.8790476190477,0,1514.0,0,189.57565855646632,0,7.994264578819274,0.001698613166809,0,0.001698613166809,0,0,0
13.5,0,81.2,0,723.3580139459783,0,4895.0,0,1242.6991261059588,0,25.387561225891112,166521048.95146313,0,166521048.95146313,0,0,0
5.5,0,1182.8,0,998.4393650793648,0,2299.6,0,1092.8950615657902,0,1.6751692771911622,0.0001021146774291,0,0.0001021146774291,0,0,0
5.5,0,136.9,0,156.21884920634923,0,497.6,0,151.26692237211952,0,0.7724475145339966,0.0049081087112426,0,0.0049081087112426,0,0,0
5.5,0,1514.0,0,1183.3733333333334,0,2093.2,0,627.6946917199659,0,0.5124730587005615,0.0020697116851806,0,0.0020697116851806,0,0,0
13.5,0,489.1,0,205.44726752779388,0,1670.3,0,406.631154067668,0,31.90517189502716,166523563.84612852,0,166523563.84612852,0,0,0
5.5,0,836.3,0,1345.117579365079,0,2867.1,0,754.0586653662945,0,35.499785614013675,0.0110810041427612,0,0.0110810041427612,0,0,0
5.5,0,144.7,0,115.53075396825396,0,233.3,0,57.10117685545689,0,12.851295924186706,0.0064218044281005,0,0.0064218044281005,0,0,0
5.5,0,86.4,0,87.20242063492063,0,183.2,0,41.16603619337509,0,18.302416300773626,0.0220587968826293,0,0.0220587968826293,0,0,0
5.5,0,1852.1,0,1876.3274206349204,0,3541.2,0,809.8790448003987,0,14.359686160087586,0.0005120038986206,0,0.0005120038986206,0,0,0
13.5,0,814.6,0,149.64070542804288,0,1033.2,0,242.0855324914293,0,74.06799445152282,166518597.4049132,0,166518597.4049132,0,0,0
5.5,0,70.6,0,66.97111111111111,0,75.2,0,2.8256405304258303,0,5.653350138664246,0.0030220031738281,0,0.0030220031738281,0,0,0
5.5,0,79.1,0,75.84857142857143,0,116.5,0,16.963965639058422,0,63.94940083026886,0.0160704851150512,0,0.0160704851150512,0,0,0
13.5,0,637.2,0,396.0932480677217,0,2922.0,0,826.5977093917933,0,0.7206675291061402,166519375.3016339,0,166519375.3016339,0,0,0
13.5,0,66.0,0,83.72244218414883,0,230.0,0,44.82948267308028,0,0.8314259052276611,166519197.5764193,0,166519197.5764193,0,0,0
13.5,0,2578.8,0,2502.532688989717,0,3974.8,0,1084.3328211369603,0,0.8805663585662842,166520194.2525925,0,166520194.2525925,0,0,0
13.5,0,503.8,0,992.0980027067876,0,2882.0,0,946.1424816019884,0,28.019216084480284,166524030.9052408,0,166524030.9052408,0,0,0
13.5,0,1658.8,0,2112.036849047065,0,7306.0,0,1998.0787292556265,0,1.780571699142456,166524851.6120085,0,166524851.6120085,0,0,0
13.5,0,1861.1,0,555.2890678022528,0,3156.0,0,918.7468466283192,0,36.27264151573181,166523733.8490429,0,166523733.8490429,0,0,0
5.5,0,1240.2,0,857.448492063492,0,1257.2,0,507.515298588747,0,35.471112442016604,0.0028759002685546,0,0.0028759002685546,0,0,0
5.5,0,679.4,0,267.39309523809527,0,687.8,0,263.5341171657929,0,51.509768557548526,0.0079746007919311,0,0.0079746007919311,0,0,0
5.5,0,239.8,0,421.8376190476191,0,790.0,0,261.98270417240326,0,0.0293090343475341,0.0042452096939086,0,0.0042452096939086,0,0,0
5.5,0,130.9,0,123.17492063492064,0,213.6,0,51.91805251501129,0,47.52186112403869,0.0231402873992919,0,0.0231402873992919,0,0,0
13.5,0,984.0,0,1882.983525460608,0,9239.0,0,2235.034268719992,0,21.735412096977235,166523342.8017515,0,166523342.8017515,0,0,0
5.5,0,130.2,0,118.08690476190476,0,202.4,0,47.6750126162848,0,46.7125691652298,0.0086763858795166,0,0.0086763858795166,0,0,0
5.5,0,130.7,0,175.9109126984127,0,391.4,0,117.86779346011888,0,42.33142368793487,0.0047120094299316,0,0.0047120094299316,0,0,0
13.5,0,147.7,0,99.69853747001191,0,254.3,0,67.04337055888163,0,12.724956345558166,166520707.6751207,0,166520707.6751207,0,0,0
13.5,0,3469.0,0,1354.3844762010435,0,7161.2,0,1975.465361933081,0,27.12632808685303,166522498.9191628,0,166522498.9191628,0,0,0
13.5,0,1240.8,0,719.0916090222128,0,2382.8,0,849.3628352928679,0,39.64817516803741,166524678.5030339,0,166524678.5030339,0,0,0
13.5,0,795.7,0,166.26874856524626,0,973.2,0,244.206643262392,0,4.442842984199524,166523532.8343833,0,166523532.8343833,0,0,0
5.5,0,243.7,0,207.4845238095238,0,491.4,0,165.32503231601262,0,128.0785652399063,0.0103949069976806,0,0.0103949069976806,0,0,0
5.5,0,151.0,0,131.20535714285717,0,366.0,0,112.64114791047784,0,0.6641158580780029,0.0164813041687011,0,0.0164813041687011,0,0,0
13.5,0,95.3,0,90.5231065687838,0,219.2,0,47.77849890181379,0,42.78122200965881,166525302.4743657,0,166525302.4743657,0,0,0
5.5,0,950.7,0,1019.5170634920636,0,2527.6,0,864.6923108906249,0,20.412231659889223,0.0051326990127563,0,0.0051326990127563,0,0,0
13.5,0,277.2,0,97.0165208226586,0,332.0,0,72.05029504884192,0,9.344638347625732,166521953.3142162,0,166521953.3142162,0,0,0
13.5,0,93.9,0,108.39068701465374,0,336.9,0,74.36959370595592,0,40.76020410060882,166521551.1338242,0,166521551.1338242,0,0,0
5.5,0,705.0,0,1318.4273809523809,0,2817.2,0,811.2341190144241,0,26.103001141548155,0.0010183095932006,0,0.0010183095932006,0,0,0
13.5,0,88.2,0,96.0807975882047,0,245.0,0,69.97184124812603,0,59.61239993572235,166520106.30351713,0,166520106.30351713,0,0,0
5.5,0,186.5,0,205.533253968254,0,661.2,0,214.82836169976417,0,27.27693955898285,0.0090626955032348,0,0.0090626955032348,0,0,0
5.5,0,1522.0,0,1593.8079365079366,0,2238.0,0,261.01556614955064,0,8.286881041526794,0.0043551921844482,0,0.0043551921844482,0,0,0
13.5,0,616.2,0,1054.8845214842777,0,1486.0,0,609.1909073231611,0,3.185990619659424,166524023.5475625,0,166524023.5475625,0,0,0
5.5,0,66.0,0,66.0,0,66.0,0,0.0,0,67.24751982688903,0.0014697074890136,0,0.0014697074890136,0,0,0
5.5,0,461.9,0,164.38964285714286,0,793.5,0,236.43878490956573,0,72.82566647529602,0.0057873010635375,0,0.0057873010635375,0,0,0
5.5,0,1333.6,0,1546.026031746032,0,2858.0,0,986.317088967876,0,0.6834323167800903,7.557868957519531e-05,0,7.557868957519531e-05,0,0,0
13.5,0,636.4,0,939.4624746306324,0,2858.0,0,836.566779755262,0,0.2328687906265258,166517698.6836881,0,166517698.6836881,0,0,0
13.5,0,346.0,0,142.12886335499724,0,1112.8,0,255.2196100933008,0,24.10511507987976,166516893.0739074,0,166516893.0739074,0,0,0
5.5,0,97.3,0,146.64623015873013,0,218.0,0,51.78390579052896,0,26.56351418495178,0.0126191139221191,0,0.0126191139221191,0,0,0
13.5,0,110.8,0,66.37537695019118,0,157.6,0,30.274868447272457,0,49.7678227186203,166520731.8867858,0,166520731.8867858,0,0,0
5.5,0,985.6,0,1047.3198412698414,0,1738.4,0,399.78379157022647,0,12.330685329437255,0.0036127090454101,0,0.0036127090454101,0,0,0
13.5,0,128.4,0,978.2557145129553,0,1514.0,0,643.9934889948329,0,11.972181153297424,166526345.12296763,0,166526345.12296763,0,0,0
13.5,0,125.1,0,182.4036472222308,0,791.0,0,244.2680035281882,0,121.33966040611269,166525822.01559713,0,166525822.01559713,0,0,0
13.5,0,385.9,0,478.4942105465055,0,1514.0,0,602.5761674936689,0,11.366367983818057,166520057.09190118,0,166520057.09190118,0,0,0
13.5,0,109.6,0,128.50892572425855,0,441.0,0,118.87752325080996,0,7.415379691123962,166516871.78829822,0,166516871.78829822,0,0,0
13.5,0,100.3,0,99.18586734387044,0,228.4,0,53.962735427983546,0,12.923214077949524,166520927.16271,0,166520927.16271,0,0,0
13.5,0,837.3,0,1403.2779712800957,0,2962.0,0,1037.7379634972635,0,4.272719192504883,166523717.2122974,0,166523717.2122974,0,0,0
13.5,0,1658.8,0,1677.7945164016412,0,5858.0,0,1638.7741994900002,0,19.35960810184479,166517679.1277532,0,166517679.1277532,0,0,0
5.5,0,84.1,0,98.18623015873015,0,156.0,0,35.16540566218522,0,69.36544473171234,0.0118020057678222,0,0.0118020057678222,0,0,0
5.5,0,987.3,0,1219.8632539682535,0,2673.8,0,805.4556661866792,0,25.03266518115997,0.0046118974685668,0,0.0046118974685668,0,0,0
13.5,0,2488.1,0,1446.9882108242634,0,4410.0,0,1371.8094264270342,0,6.582879447937012,166523200.31931582,0,166523200.31931582,0,0,0
13.5,0,646.6,0,754.2656763274564,0,1474.0,0,692.8034734686534,0,120.70451774597169,166525657.4400075,0,166525657.4400075,0,0,0
13.5,0,231.7,0,107.3170355697794,0,615.2,0,127.60293526978369,0,25.94151673316956,166518925.0587331,0,166518925.0587331,0,0,0
5.5,0,1523.0,0,1654.767380952381,0,2962.0,0,903.120041519867,0,96.3361020565033,0.0107570171356201,0,0.0107570171356201,0,0,0
5.5,0,130.1,0,101.03960317460316,0,210.9,0,52.97760070874875,0,27.405687260627747,0.0099977016448974,0,0.0099977016448974,0,0,0
5.5,0,202.7,0,198.7384523809524,0,355.5,0,116.96443248985976,0,44.10689451694488,0.0065165996551513,0,0.0065165996551513,0,0,0
5.5,0,78.2,0,88.3334126984127,0,185.4,0,48.14825768157044,0,23.40693905353546,0.0062258005142211,0,0.0062258005142211,0,0,0
5.5,0,119.5,0,200.61646825396824,0,495.0,0,147.9054326630377,0,14.143273830413818,0.0063050985336303,0,0.0063050985336303,0,0,0
13.5,0,130.0,0,120.24191940627313,0,259.4,0,60.13077345270958,0,64.89545931816102,166519371.07133508,0,166519371.07133508,0,0,0
5.5,0,114.6,0,94.72119047619049,0,173.4,0,42.87271709793247,0,87.5438479423523,0.0243507862091064,0,0.0243507862091064,0,0,0
5.5,0,820.6,0,523.8719841269842,0,1378.4,0,534.4664853448996,0,42.82313222885132,0.0087309837341308,0,0.0087309837341308,0,0,0
13.5,0,967.6,0,641.4224391136039,0,4410.0,0,1210.9386991381598,0,0.1705414533615112,166520135.51347598,0,166520135.51347598,0,0,0
13.5,0,1948.4,0,1077.946786427367,0,2672.4,0,897.2694233906844,0,86.49265534877777,166523389.2594171,0,166523389.2594171,0,0,0
5.5,0,260.5,0,126.33900793650794,0,377.3,0,99.35867401730766,0,0.8642043113708496,0.0106462955474853,0,0.0106462955474853,0,0,0
13.5,0,1240.8,0,847.6026257394136,0,1658.8,0,730.5363768167662,0,28.748458456993102,166522949.5482059,0,166522949.5482059,0,0,0
5.5,0,77.3,0,68.26115079365078,0,85.5,0,6.2127426983385,0,1.5297281742095947,0.0110177993774414,0,0.0110177993774414,0,0,0
13.5,0,1378.2,0,1777.4750341862302,0,4410.0,0,1121.7757352632684,0,9.773999309539796,166521921.72553477,0,166521921.72553477,0,0,0
13.5,0,125.7,0,98.0460628002888,0,357.0,0,79.16654677893212,0,0.2494515419006347,166525145.884167,0,166525145.884167,0,0,0
13.5,0,786.8,0,169.03975455358196,0,1052.5,0,247.7762845420147,0,33.76359801292419,166518549.2621133,0,166518549.2621133,0,0,0
5.5,0,134.8,0,128.18801587301587,0,247.0,0,64.93306311863509,0,107.39185416698456,0.0247121095657348,0,0.0247121095657348,0,0,0
13.5,0,218.0,0,132.70984211608825,0,302.0,0,86.45888654442831,0,35.46855230331421,166526081.1169131,0,166526081.1169131,0,0,0
5.5,0,639.0,0,245.00611111111112,0,787.0,0,310.0871452345044,0,70.19410419464111,0.0113067150115966,0,0.0113067150115966,0,0,0
5.5,0,862.6,0,990.7863492063492,0,1385.6,0,530.9821658548641,0,16.142965030670165,0.0177325963973999,0,0.0177325963973999,0,0,0
13.5,0,964.0,0,785.835006771694,0,2527.6,0,837.7103114128828,0,24.28266475200653,166522981.1573258,0,166522981.1573258,0,0,0
5.5,0,156.3,0,124.60583333333332,0,245.6,0,60.47533367894537,0,38.21155123710632,0.0113198041915893,0,0.0113198041915893,0,0,0
13.5,0,917.6,0,908.2672275918096,0,2858.0,0,1012.1489049488129,0,0.2849131345748901,166517698.1630552,0,166517698.1630552,0,0,0
13.5,0,66.0,0,73.42336257524725,0,156.0,0,22.5903404903543,0,13.713284993171692,166521396.2084795,0,166521396.2084795,0,0,0
5.5,0,1411.7,0,1490.7485714285715,0,1514.0,0,61.36338897782198,0,4.48683717250824,0.0013082981109619,0,0.0013082981109619,0,0,0
13.5,0,132.1,0,136.03624376569422,0,441.0,0,109.68831368477063,0,35.164991688728335,166518537.1451175,0,166518537.1451175,0,0,0
5.5,0,599.7,0,1039.3583333333331,0,1514.0,0,429.68329744095934,0,30.83129835128784,0.0042577981948852,0,0.0042577981948852,0,0,0
5.5,0,66.0,0,66.0,0,66.0,0,0.0,0,48.757245016098025,0.000422191619873,0,0.000422191619873,0,0,0
13.5,0,120.9,0,87.37537037609792,0,242.1,0,53.23633336248001,0,14.753030586242676,166521739.6511199,0,166521739.6511199,0,0,0
5.5,0,75.0,0,66.9,0,75.0,0,2.7,0,71.9721182346344,0.0023688077926635,0,0.0023688077926635,0,0,0
5.5,0,79.6,0,103.16730158730158,0,150.0,0,33.78029973999935,0,90.38942031860353,0.0088917016983032,0,0.0088917016983032,0,0,0
13.5,0,557.9,0,1129.6635512634082,0,2962.0,0,988.1247213090168,0,32.064796447753906,166523632.057299,0,166523632.057299,0,0,0
13.5,0,93.0,0,76.51379737608453,0,174.8,0,39.64743665792005,0,36.00150921344757,166526179.8385378,0,166526179.8385378,0,0,0
5.5,0,116.3,0,95.5422619047619,0,240.6,0,62.42562225546139,0,35.39100399017334,0.0153534889221191,0,0.0153534889221191,0,0,0
5.5,0,1287.2,0,677.6668650793652,0,1903.9,0,712.2328004912908,0,29.60967891216278,0.0142834901809692,0,0.0142834901809692,0,0,0
13.5,0,109.4,0,102.17406311266993,0,230.0,0,57.46870852147693,0,29.26501066684723,166522552.958276,0,166522552.958276,0,0,0
13.5,0,2382.0,0,1464.1667877701932,0,4265.2,0,1544.7494926443565,0,39.411898374557495,166521783.3154523,0,166521783.3154523,0,0,0
13.5,0,220.0,0,88.47386910904713,0,374.0,0,75.98556993316336,0,33.298686170578,166520417.00954682,0,166520417.00954682,0,0,0
5.5,0,126.1,0,144.18123015873016,0,319.8,0,115.7381737892503,0,132.42691314220428,0.0109308958053588,0,0.0109308958053588,0,0,0
5.5,0,184.6,0,124.97329365079364,0,370.1,0,105.64162899372384,0,11.07967746257782,0.0080697059631347,0,0.0080697059631347,0,0,0
5.5,0,701.2,0,882.4673015873017,0,1704.8,0,667.8874425011943,0,29.015296506881715,0.0224096059799194,0,0.0224096059799194,0,0,0
5.5,0,1233.5,0,1985.5380555555555,0,2962.0,0,757.470158805838,0,50.21558916568756,0.002569580078125,0,0.002569580078125,0,0,0
13.5,0,106.2,0,1593.6646108393672,0,4410.0,0,1509.441614555702,0,87.79321146011353,166518362.2798709,0,166518362.2798709,0,0,0
5.5,0,2208.0,0,2096.253333333333,0,2779.2,0,635.8995560576504,0,0.4956753730773925,0.0003756046295166,0,0.0003756046295166,0,0,0
5.5,0,66.0,0,66.0,0,66.0,0,0.0,0,14.611437845230103,0.0031006097793579,0,0.0031006097793579,0,0,0
13.5,0,243.0,0,380.2485666852927,0,2922.0,0,775.5596988598102,0,78.17161221504212,166519491.227705,0,166519491.227705,0,0,0
13.5,0,1803.6,0,1173.9533015281932,0,2962.0,0,1026.116407727688,0,11.320898008346555,166525739.72480398,0,166525739.72480398,0,0,0
13.5,0,1948.4,0,1689.372518185289,0,2962.0,0,1251.4171306417736,0,70.11750240325928,166520117.836531,0,166520117.836531,0,0,0
5.5,0,73.8,0,90.04595238095237,0,156.0,0,32.93925332900328,0,40.35718584060669,0.0089308977127075,0,0.0089308977127075,0,0,0
13.5,0,644.6,0,1672.5062134245186,0,4265.2,0,1101.5259198952024,0,11.717639875411988,166519723.2001962,0,166519723.2001962,0,0,0
13.5,0,877.2,0,928.4889530137904,0,2882.0,0,825.5939115131811,0,92.66534802913664,166523947.38525698,0,166523947.38525698,0,0,0
13.5,0,118.1,0,98.19402102541422,0,257.9,0,46.97277775120302,0,38.11059489250183,166517208.8624109,0,166517208.8624109,0,0,0
13.5,0,66.0,0,780.5153671526272,0,4410.0,0,1254.6421007129672,0,11.877450251579283,166522352.1226239,0,166522352.1226239,0,0,0
13.5,0,64.2,0,93.86317202061784,0,394.0,0,83.88908453526614,0,12.81305706501007,166521711.79403147,0,166521711.79403147,0,0,0
5.5,0,267.4,0,208.3963492063492,0,617.5,0,200.8604299293181,0,68.26270980834961,0.0271435976028442,0,0.0271435976028442,0,0,0
13.5,0,1523.0,0,1511.3071408356006,0,2962.0,0,578.9948697326938,0,18.368646097183227,166520821.89450368,0,166520821.89450368,0,0,0
13.5,0,143.0,0,98.87049036017302,0,256.9,0,54.97847972402391,0,6.439690017700196,166517973.71597022,0,166517973.71597022,0,0,0
5.5,0,75.3,0,69.16869047619048,0,93.3,0,8.578583270161815,0,46.71415026187897,0.0103722810745239,0,0.0103722810745239,0,0,0
5.5,0,66.0,0,66.0,0,66.0,0,0.0,0,96.42331557273864,0.0006346940994262,0,0.0006346940994262,0,0,0
5.5,0,74.4,0,70.07190476190476,0,161.2,0,37.35132781483814,0,91.39845316410064,0.0126980066299438,0,0.0126980066299438,0,0,0
13.5,0,225.5,0,1145.0417046317975,0,2962.0,0,947.3728179521612,0,98.15134708881378,166525439.7883926,0,166525439.7883926,0,0,0
5.5,0,171.4,0,139.90039682539685,0,306.9,0,84.31263256085998,0,26.30475118160248,0.0098042964935302,0,0.0098042964935302,0,0,0
5.5,0,125.5,0,172.3043253968254,0,303.4,0,88.47328763459606,0,20.304302287101745,0.0058012962341308,0,0.0058012962341308,0,0,0
13.5,0,97.8,0,109.65289008463158,0,230.0,0,56.17625621644945,0,108.35699474811554,166519164.10489184,0,166519164.10489184,0,0,0
13.5,0,66.0,0,66.0,0,66.0,0,0.0,0,0.6185596227645874,166516549.4830479,0,166516549.4830479,0,0,0
13.5,0,66.0,0,1052.4378196837563,0,2962.0,0,978.908370970477,0,11.775574254989625,166523891.0899476,0,166523891.0899476,0,0,0
13.5,0,93.0,0,288.8895791003802,0,3009.0,0,725.8130131333107,0,46.9032870054245,166517511.04137188,0,166517511.04137188,0,0,0
5.5,0,1368.4,0,1390.8755555555556,0,1514.0,0,301.0416422500433,0,49.32045965194702,0.001943016052246,0,0.001943016052246,0,0,0
5.5,0,700.4,0,559.6798412698412,0,1803.6,0,631.3831545153203,0,18.154711651802064,0.0085357904434204,0,0.0085357904434204,0,0,0
13.5,0,117.3,0,998.728460308182,0,1999.0,0,687.0124272550222,0,11.239947628974914,166522493.0385456,0,166522493.0385456,0,0,0
5.5,0,76.4,0,81.37380952380951,0,112.6,0,17.2673900859838,0,8.059993791580201,0.0152087926864624,0,0.0152087926864624,0,0,0
5.5,0,96.2,0,93.8138888888889,0,139.8,0,18.16419266573576,0,80.38971824645996,0.0121300935745239,0,0.0121300935745239,0,0,0
13.5,0,934.8,0,1110.785028225988,0,1514.0,0,645.9675540782032,0,9.330710053443909,166522238.57744032,0,166522238.57744032,0,0,0
13.5,0,246.8,0,1240.552125673604,0,2962.0,0,716.618683257715,0,14.323871517181397,166524401.7910183,0,166524401.7910183,0,0,0
5.5,0,818.3,0,355.66678571428577,0,825.3,0,333.9768416798671,0,36.88278443813324,0.0117728948593139,0,0.0117728948593139,0,0,0
13.5,0,2241.2,0,747.420554942134,0,4844.4,0,1251.03158817735,0,64.7757845878601,166523606.7204014,0,166523606.7204014,0,0,0
5.5,0,147.3,0,119.03396825396824,0,385.2,0,104.32309262047576,0,34.40532212257385,0.0058438777923583,0,0.0058438777923583,0,0,0
5.5,0,101.9,0,83.98507936507937,0,174.8,0,48.31037477125948,0,51.562345600128175,0.0154989957809448,0,0.0154989957809448,0,0,0
5.5,0,130.8,0,76.08,0,130.8,0,23.142337649086286,0,4.211390662193298,0.0020685911178588,0,0.0020685911178588,0,0,0
13.5,0,533.4,0,1348.3127692564576,0,2962.0,0,690.3856971533714,0,34.81748580932617,166520228.87085152,0,166520228.87085152,0,0,0
13.5,0,83.8,0,1757.627031122472,0,6279.0,0,1990.2235544011464,0,60.41092319488526,166525428.151478,0,166525428.151478,0,0,0
13.5,0,460.8,0,277.1989097847457,0,2685.0,0,652.1357855824078,0,73.49395897388459,166520610.6042824,0,166520610.6042824,0,0,0
13.5,0,656.1,0,146.4150629753803,0,708.7,0,175.84638698763516,0,12.422845220565796,166520516.58395928,0,166520516.58395928,0,0,0
5.5,0,500.4,0,109.44,0,500.4,0,130.32,0,8.392387294769287,0.0004697084426879,0,0.0004697084426879,0,0,0
5.5,0,75.0,0,78.8607142857143,0,138.0,0,26.748098275099743,0,51.79960458278656,0.0020159006118774,0,0.0020159006118774,0,0,0
5.5,0,278.9,0,648.5348015873016,0,2009.0,0,670.1345983469639,0,10.95877456665039,0.0136534214019775,0,0.0136534214019775,0,0,0
5.5,0,1803.6,0,1769.583492063492,0,2672.4,0,474.33218185662,0,45.32228877544403,0.0009629964828491,0,0.0009629964828491,0,0,0
5.5,0,104.3,0,105.56579365079364,0,183.1,0,47.05881399097351,0,69.12372555732728,0.0212130069732666,0,0.0212130069732666,0,0,0
13.5,0,1371.9,0,585.0604978629901,0,1514.0,0,620.9785380480919,0,16.45769331455231,166523286.6499511,0,166523286.6499511,0,0,0
5.5,0,95.3,0,80.7806746031746,0,121.3,0,20.316551244736896,0,40.62120790481568,0.0097465991973876,0,0.0097465991973876,0,0,0
5.5,0,128.3,0,88.42908730158732,0,146.1,0,32.77071584881968,0,114.17492551803588,0.0264178991317749,0,0.0264178991317749,0,0,0
13.5,0,152.0,0,412.1690047216286,0,3020.0,0,777.9952696059048,0,26.14748966693878,166518128.40784448,0,166518128.40784448,0,0,0
13.5,0,226.0,0,673.8673952024068,0,6315.0,0,1553.910274871845,0,88.67649416923523,166526024.99725327,0,166526024.99725327,0,0,0
5.5,0,104.2,0,96.42896825396826,0,197.4,0,51.26972669274102,0,53.99546737670899,0.0210227966308593,0,0.0210227966308593,0,0,0
5.5,0,804.0,0,266.94126984126984,0,831.4,0,290.06655454152616,0,53.95658597946167,0.0144497156143188,0,0.0144497156143188,0,0,0
5.5,0,1803.6,0,2627.0638095238096,0,4410.0,0,948.2684761177936,0,11.407359004020693,0.0005557775497436,0,0.0005557775497436,0,0,0
13.5,0,1011.8,0,2181.108201659452,0,7306.0,0,1799.6157162423308,0,14.624743127822876,166520454.0435567,0,166520454.0435567,0,0,0
5.5,0,1667.8,0,1305.4629365079363,0,2391.8,0,702.4051512138407,0,10.508395838737489,0.001241111755371,0,0.001241111755371,0,0,0
13.5,0,840.2,0,743.9932119196593,0,1768.4,0,728.2509728716523,0,98.48574645519255,166525439.8252698,0,166525439.8252698,0,0,0
5.5,0,66.0,0,66.0,0,66.0,0,0.0,0,2.2679113149642944,0.0011682033538818,0,0.0011682033538818,0,0,0
5.5,0,66.0,0,66.0,0,66.0,0,0.0,0,58.37933437824249,0.0023604869842529,0,0.0023604869842529,0,0,0
5.5,0,797.6,0,718.7007936507937,0,2078.8,0,839.1043714716961,0,90.7018099784851,0.0080240011215209,0,0.0080240011215209,0,0,0
13.5,0,118.9,0,111.28227213919553,0,259.4,0,64.35414072689613,0,100.33237838745116,166524701.9372942,0,166524701.9372942,0,0,0
5.5,0,790.0,0,717.1801587301587,0,1201.4,0,525.5712056483592,0,143.87528412342073,0.0130695104598999,0,0.0130695104598999,0,0,0
13.5,0,2412.0,0,1224.8630964700935,0,3106.8,0,913.274264552055,0,1.0245922565460206,166522054.40215722,0,166522054.40215722,0,0,0
13.5,0,1658.8,0,655.5336491140439,0,2382.8,0,709.136634782789,0,16.69846715927124,166523697.39784348,0,166523697.39784348,0,0,0
13.5,0,790.0,0,227.97803055132005,0,1129.0,0,352.5568606365499,0,44.856974959373474,166521779.8837683,0,166521779.8837683,0,0,0
5.5,0,66.0,0,66.0,0,66.0,0,0.0,0,2.744473433494568,0.0012362003326416,0,0.0012362003326416,0,0,0
5.5,0,140.3,0,127.44591269841268,0,233.4,0,73.63522397901731,0,39.00802974700928,0.0092483043670654,0,0.0092483043670654,0,0,0
13.5,0,1338.0,0,1066.686197381909,0,2320.4,0,733.5829283997475,0,0.0755448818206787,166517698.14513358,0,166517698.14513358,0,0,0
13.5,0,810.5,0,1117.7485269941617,0,2962.0,0,1195.3582600858213,0,50.58828721046448,166526153.4273355,0,166526153.4273355,0,0,0
5.5,0,74.3,0,80.78464285714286,0,194.8,0,52.12039518135525,0,144.95068900585176,0.0088718175888061,0,0.0088718175888061,0,0,0
5.5,0,97.9,0,72.37472222222222,0,106.4,0,15.47638046166117,0,44.840896582603456,0.0071856975555419,0,0.0071856975555419,0,0,0
5.5,0,1224.4,0,1836.4098412698413,0,4410.0,0,1405.192771006312,0,14.95278296470642,0.0039722919464111,0,0.0039722919464111,0,0,0
5.5,0,125.7,0,70.27261904761906,0,125.7,0,20.01409001990865,0,20.44250111579895,0.0051116943359375,0,0.0051116943359375,0,0,0
13.5,0,109.5,0,1063.4725478361509,0,1514.0,0,605.3645704485693,0,0.1264721393585205,166519019.79267496,0,166519019.79267496,0,0,0
13.5,0,1514.0,0,1044.2735581755703,0,2962.0,0,960.5343958375258,0,71.76436014175415,166517815.9217633,0,166517815.9217633,0,0,0
5.5,0,1370.0,0,853.7114285714284,0,1806.0,0,723.1501572188228,0,7.49637668132782,0.0037137031555175,0,0.0037137031555175,0,0,0
5.5,0,142.3,0,134.69218253968253,0,284.7,0,81.84868724255226,0,4.149478888511657,0.011574101448059,0,0.011574101448059,0,0,0
5.5,0,66.0,0,66.0,0,66.0,0,0.0,0,0.4259670257568359,0.0002413034439086,0,0.0002413034439086,0,0,0
13.5,0,1243.0,0,205.17772935870465,0,1308.0,0,338.086785682523,0,10.138429403305054,166519055.8458992,0,166519055.8458992,0,0,0
5.5,0,96.1,0,69.01,0,96.1,0,9.03,0,4.470736074447632,0.0051939010620117,0,0.0051939010620117,0,0,0
5.5,0,1514.0,0,1378.1063492063493,0,2093.2,0,445.6758396456895,0,1.0699705600738525,0.0008985042572021,0,0.0008985042572021,0,0,0
5.5,0,1515.9,0,1529.9296428571429,0,2962.0,0,699.8508847114302,0,12.991146683692932,0.0004071950912475,0,0.0004071950912475,0,0,0
5.5,0,118.8,0,107.27214285714284,0,182.8,0,49.74317939654483,0,118.96723489761352,0.0451717138290405,0,0.0451717138290405,0,0,0
13.5,0,778.0,0,852.6172381918046,0,2858.0,0,847.426510133977,0,0.3055747270584106,166517698.33788383,0,166517698.33788383,0,0,0
13.5,0,66.0,0,647.0285950788118,0,1514.0,0,700.5014014346463,0,2.1658104419708253,166519715.98694497,0,166519715.98694497,0,0,0
5.5,0,143.9,0,105.83940476190476,0,218.0,0,56.35804062724317,0,35.86316320896149,0.014070987701416,0,0.014070987701416,0,0,0
5.5,0,1658.8,0,1672.6479365079365,0,2527.6,0,362.0878065266189,0,21.20869541168213,0.0015968084335327,0,0.0015968084335327,0,0,0
5.5,0,761.0,0,506.20388888888886,0,1322.4,0,561.878571677976,0,8.178090715408326,0.0038254976272583,0,0.0038254976272583,0,0,0
13.5,0,1079.6,0,859.0118230604105,0,2962.0,0,947.7667030504764,0,11.639710807800292,166519444.1101214,0,166519444.1101214,0,0,0
13.5,0,431.9,0,378.68523031320245,0,1590.3,0,600.0002931524922,0,11.175810384750369,166522534.4152469,0,166522534.4152469,0,0,0
5.5,0,433.0,0,670.558492063492,0,2675.4,0,988.5537999601686,0,3.11461923122406,0.0077217817306518,0,0.0077217817306518,0,0,0
5.5,0,91.4,0,89.77912698412698,0,180.8,0,42.79186029153743,0,42.037158727645874,0.0118077039718627,0,0.0118077039718627,0,0,0
5.5,0,118.8,0,120.90095238095236,0,186.8,0,55.19853103212347,0,83.53601589202881,0.0186380147933959,0,0.0186380147933959,0,0,0
5.5,0,66.0,0,66.0,0,66.0,0,0.0,0,12.240344715118407,0.0001218080520629,0,0.0001218080520629,0,0,0
13.5,0,193.9,0,151.2231272575893,0,662.2,0,173.70447355657635,0,92.08156943321228,166516933.99770322,0,166516933.99770322,0,0,0
5.5,0,67.2,0,69.51476190476191,0,78.0,0,4.166413103346633,0,26.228612732887267,0.0003307104110717,0,0.0003307104110717,0,0,0
13.5,0,124.2,0,93.84008713637584,0,310.2,0,70.14611688196956,0,28.06277296543121,166522806.5004984,0,166522806.5004984,0,0,0
5.5,0,99.7,0,97.7072619047619,0,237.7,0,65.30022470527824,0,15.822094988822936,0.0066699981689453,0,0.0066699981689453,0,0,0
5.5,0,693.5,0,1192.4548412698412,0,2672.4,0,785.1679298030074,0,52.03215701580048,0.0139971017837524,0,0.0139971017837524,0,0,0
5.5,0,197.0,0,174.11119047619047,0,307.3,0,100.3592788559759,0,23.39240107536316,0.0199175119400024,0,0.0199175119400024,0,0,0
13.5,0,1571.5,0,893.8209750955959,0,2962.0,0,1083.1173488671336,0,43.04473626613617,166525649.6541234,0,166525649.6541234,0,0,0
5.5,0,1094.4,0,1552.9039682539683,0,4120.4,0,1337.536648057751,0,5.59152045249939,0.0009097099304199,0,0.0009097099304199,0,0,0
5.5,0,64.0,0,64.99444444444445,0,66.0,0,1.575515372193404,0,4.430272483825684,0.0033440113067626,0,0.0033440113067626,0,0,0
13.5,0,1087.4,0,1733.974014053542,0,2962.0,0,794.4827055383837,0,10.899237489700315,166523865.9399642,0,166523865.9399642,0,0,0
5.5,0,1368.6,0,1499.46,0,1514.0,0,43.62,0,10.412441301345826,0.0021960973739624,0,0.0021960973739624,0,0,0
5.5,0,1800.4,0,2270.5993650793653,0,2962.0,0,706.2157664417023,0,11.2625337600708,0.0020757913589477,0,0.0020757913589477,0,0,0
13.5,0,388.5,0,753.5830142153169,0,2962.0,0,856.6489959145595,0,21.598123216629027,166517544.2025917,0,166517544.2025917,0,0,0
13.5,0,137.0,0,1924.409289530559,0,8754.0,0,2102.667957098049,0,21.824338698387145,166520703.5848157,0,166520703.5848157,0,0,0
5.5,0,1462.0,0,1982.951746031746,0,2858.0,0,953.3804162873732,0,0.3606741189956665,0.0001029014587402,0,0.0001029014587402,0,0,0
5.5,0,96.3,0,85.24079365079365,0,196.8,0,45.25654107861386,0,2.73208441734314,0.0131387948989868,0,0.0131387948989868,0,0,0
5.5,0,155.7,0,136.02158730158732,0,302.8,0,81.16242295478386,0,1.862639570236206,0.0040328025817871,0,0.0040328025817871,0,0,0
5.5,0,100.3,0,92.1406746031746,0,149.5,0,32.17548859995162,0,63.56993505954743,0.0114936828613281,0,0.0114936828613281,0,0,0
13.5,0,114.0,0,129.25045974321517,0,724.0,0,166.5628491813901,0,101.65754318237305,166522683.87107128,0,166522683.87107128,0,0,0
5.5,0,131.0,0,125.29753968253968,0,223.6,0,68.21700671965061,0,29.65648159980774,0.0439532995223999,0,0.0439532995223999,0,0,0
13.5,0,508.2,0,1366.6960901813186,0,2962.0,0,807.7176496933414,0,20.043645787239075,166519716.98731703,0,166519716.98731703,0,0,0
5.5,0,1078.5,0,2264.4453174603177,0,6467.5,0,2152.6712961783865,0,40.66744496822357,0.0163564205169677,0,0.0163564205169677,0,0,0
13.5,0,285.7,0,159.30196079333462,0,1290.4,0,290.0539911863542,0,29.10859501361847,166521152.6843403,0,166521152.6843403,0,0,0
5.5,0,801.8,0,1077.7306349206349,0,1514.0,0,493.0295926578589,0,19.634179973602294,0.0006793975830078,0,0.0006793975830078,0,0,0
13.5,0,906.9,0,372.5181357750437,0,2866.4,0,718.0641658938904,0,30.556809878349306,166519443.8695322,0,166519443.8695322,0,0,0
13.5,0,377.8,0,312.2345789118002,0,1514.0,0,522.0965698555391,0,50.02073709964752,166519909.8040617,0,166519909.8040617,0,0,0
5.5,0,933.2,0,568.4009523809525,0,1078.0,0,493.9285655196933,0,78.68268945217133,0.0033336162567138,0,0.0033336162567138,0,0,0
5.5,0,73.8,0,68.99595238095237,0,102.0,0,13.4142335494854,0,25.518225574493407,0.0045963048934936,0,0.0045963048934936,0,0,0
5.5,0,85.1,0,70.69940476190476,0,97.9,0,12.54279266460063,0,31.05012753009796,0.0171079874038696,0,0.0171079874038696,0,0,0
13.5,0,66.0,0,66.0,0,66.0,0,0.0,0,3.1067145824432374,166521783.63250428,0,166521783.63250428,0,0,0
5.5,0,95.2,0,151.52587301587303,0,358.0,0,101.38271884810138,0,16.745507216453554,0.0005810976028442,0,0.0005810976028442,0,0,0
5.5,0,101.7,0,86.9600396825397,0,156.0,0,30.23745396054513,0,68.56534690856934,0.0127300977706909,0,0.0127300977706909,0,0,0
13.5,0,799.0,0,883.5161804921945,0,1514.0,0,713.059748093608,0,12.523809695243836,166518739.4306823,0,166518739.4306823,0,0,0
13.5,0,917.6,0,960.3050944961471,0,2858.0,0,993.4509800034702,0,0.5415124416351318,166520192.8511518,0,166520192.8511518,0,0,0
5.5,0,91.4,0,106.79579365079364,0,206.2,0,53.85142154035221,0,67.77868485450745,0.0111629009246826,0,0.0111629009246826,0,0,0
13.5,0,66.0,0,66.0,0,66.0,0,0.0,0,32.031134724617004,166520128.93633208,0,166520128.93633208,0,0,0
13.5,0,645.2,0,1153.2944861949195,0,2962.0,0,809.2094304839857,0,43.43342752456665,166521756.81334943,0,166521756.81334943,0,0,0
5.5,0,116.3,0,128.66424603174602,0,213.6,0,63.83498041759325,0,32.146815943717954,0.0218348979949951,0,0.0218348979949951,0,0,0
5.5,0,113.4,0,135.93265873015872,0,215.6,0,49.98073969542992,0,67.45259988307953,0.0369105100631713,0,0.0369105100631713,0,0,0
13.5,0,54.8,0,63.11320046568498,0,156.0,0,25.383647348382617,0,74.08922324180602,166522729.50370413,0,166522729.50370413,0,0,0
13.5,0,1003.6,0,1011.5837826522464,0,2962.0,0,848.7185881930302,0,79.13186178207397,166525669.2878786,0,166525669.2878786,0,0,0
5.5,0,621.0,0,1063.1773809523809,0,1474.0,0,458.46880382935854,0,125.74650404453276,0.0059759855270385,0,0.0059759855270385,0,0,0
13.5,0,137.2,0,278.5904505079544,0,906.0,0,248.53729692045832,0,21.89589524269104,166522139.336783,0,166522139.336783,0,0,0
5.5,0,100.7,0,128.02928571428572,0,230.0,0,56.953028783656485,0,55.93002178668976,0.0054779052734375,0,0.0054779052734375,0,0,0
5.5,0,178.3,0,203.50456349206348,0,660.6,0,214.07115570643828,0,7.801651906967163,0.0045338869094848,0,0.0045338869094848,0,0,0
13.5,0,228.4,0,410.6170722728424,0,1214.0,0,486.9931638298596,0,25.254832100868224,166521152.472094,0,166521152.472094,0,0,0
5.5,0,912.0,0,661.7703174603174,0,1322.4,0,603.5809409599023,0,0.1174498081207275,6.709098815917968e-05,0,6.709098815917968e-05,0,0,0
5.5,0,510.8,0,977.3838095238094,0,1514.0,0,481.80065146838695,0,24.815741443634032,0.0060062885284423,0,0.0060062885284423,0,0,0
5.5,0,583.3,0,711.0656349206349,0,2514.4,0,912.756113925647,0,22.400077247619627,0.0049643039703369,0,0.0049643039703369,0,0,0
13.5,0,391.1,0,107.89940413301868,0,456.6,0,105.54624416818405,0,21.598124623298645,166524005.563829,0,166524005.563829,0,0,0
13.5,0,130.0,0,94.15171734526224,0,178.2,0,43.73317456964959,0,103.01778275966645,166520124.16802448,0,166520124.16802448,0,0,0
5.5,0,138.6,0,143.19325396825397,0,410.9,0,121.64296356726472,0,18.64838871955872,0.0073949098587036,0,0.0073949098587036,0,0,0
13.5,0,1417.7,0,1288.2759122641205,0,2962.0,0,892.470230708379,0,47.45729994773865,166520169.4612001,0,166520169.4612001,0,0,0
13.5,0,66.0,0,66.0,0,66.0,0,0.0,0,2.3310089826583864,166524870.1363458,0,166524870.1363458,0,0,0
5.5,0,1345.1,0,565.6056746031747,0,3215.1,0,998.3603418613984,0,15.693448686599732,0.0426302909851074,0,0.0426302909851074,0,0,0
5.5,0,121.1,0,126.36948412698412,0,451.7,0,137.7834125664137,0,16.360487604141234,0.0096797943115234,0,0.0096797943115234,0,0,0
5.5,0,1436.0,0,1815.786507936508,0,5713.2,0,2054.131853655158,0,76.40567245483399,0.0034013986587524,0,0.0034013986587524,0,0,0
5.5,0,93.3,0,95.91083333333331,0,257.1,0,68.2665546835407,0,12.410808181762697,0.0008986949920654,0,0.0008986949920654,0,0,0
5.5,0,76.8,0,77.84071428571428,0,146.2,0,36.864471037405984,0,4.061934638023376,0.0149219036102294,0,0.0149219036102294,0,0,0
5.5,0,1197.9,0,688.2690873015872,0,3648.6,0,1166.9734000760363,0,5.761690974235535,0.0129199981689453,0,0.0129199981689453,0,0,0
13.5,0,1839.1,0,972.2817290977856,0,4288.0,0,1541.186753362152,0,12.435686779022216,166522534.61283982,0,166522534.61283982,0,0,0
13.5,0,186.7,0,189.7811027946941,0,778.8,0,194.7318234349065,0,87.78136296272278,166523700.0279747,0,166523700.0279747,0,0,0
13.5,0,645.5,0,1376.5516486050929,0,5858.0,0,1535.0086095217134,0,53.581791853904726,166522005.3087152,0,166522005.3087152,0,0,0
13.5,0,1255.6,0,409.5049556377575,0,1257.2,0,482.9692788804231,0,43.23258731365204,166520680.3011481,0,166520680.3011481,0,0,0
13.5,0,142.5,0,100.74513631750088,0,225.2,0,58.904358080451104,0,250.54195680618287,166517289.61300042,0,166517289.61300042,0,0,0
13.5,0,158.6,0,136.72495124028018,0,778.0,0,179.16158187779405,0,34.27876837253571,166525123.0610196,0,166525123.0610196,0,0,0
13.5,0,107.5,0,73.60168265085447,0,144.7,0,22.54858731134658,0,22.597609686851506,166521140.98472187,0,166521140.98472187,0,0,0
5.5,0,248.1,0,188.91892857142847,0,503.5,0,181.5172514115916,0,32.744067096710204,0.0072568178176879,0,0.0072568178176879,0,0,0
5.5,0,1514.0,0,1138.5542857142857,0,1803.6,0,571.3287359054655,0,1.2559501647949218,0.0018104076385498,0,0.0018104076385498,0,0,0
5.5,0,664.7,0,1412.3454365079367,0,2922.0,0,850.9305566051358,0,1.2192110538482666,0.0041605949401855,0,0.0041605949401855,0,0,0
5.5,0,1366.8,0,1021.763492063492,0,1657.2,0,623.0042620078159,0,31.48864328861237,0.0044627904891967,0,0.0044627904891967,0,0,0
13.5,0,228.5,0,82.64338567349404,0,338.2,0,71.10636196109992,0,58.96365716457367,166519458.28515524,0,166519458.28515524,0,0,0
5.5,0,972.9,0,1693.235119047619,0,2962.0,0,715.0769865299028,0,28.305289006233217,0.0057749986648559,0,0.0057749986648559,0,0,0
13.5,0,815.0,0,244.32030875127623,0,964.8,0,328.6122740467819,0,19.30708167552948,166522079.5467272,0,166522079.5467272,0,0,0
13.5,0,526.0,0,169.8111516343134,0,858.2,0,261.28086779788,0,17.99071114063263,166520899.82477888,0,166520899.82477888,0,0,0
5.5,0,108.0,0,89.77416666666667,0,148.2,0,31.97308598134989,0,50.717210960388186,0.0088145017623901,0,0.0088145017623901,0,0,0
13.5,0,69.3,0,777.0721415577027,0,1999.0,0,679.2430197805024,0,34.76653487682343,166525836.1365175,0,166525836.1365175,0,0,0
5.5,0,124.2,0,109.66642857142855,0,188.6,0,59.89493024886461,0,24.21869776248932,0.064673900604248,0,0.064673900604248,0,0,0
5.5,0,660.0,0,260.2944444444444,0,790.0,0,302.9552416305708,0,18.31019780635834,0.0024519920349121,0,0.0024519920349121,0,0,0
5.5,0,95.9,0,115.12460317460318,0,213.8,0,56.69643610299581,0,11.10570697784424,0.0056693792343139,0,0.0056693792343139,0,0,0
5.5,0,512.5,0,740.6343253968254,0,1399.9,0,607.2879569923068,0,10.74241919517517,0.0072361946105957,0,0.0072361946105957,0,0,0
5.5,0,790.0,0,611.7580952380952,0,1514.0,0,645.7643511295494,0,53.92576808929444,0.0020449876785278,0,0.0020449876785278,0,0,0
5.5,0,799.0,0,630.5553968253969,0,2049.8,0,835.8670418766854,0,15.803783106803897,0.00401611328125,0,0.00401611328125,0,0,0
5.5,0,75.2,0,69.17436507936509,0,84.4,0,6.883374356327925,0,33.60123302936554,0.0023499965667724,0,0.0023499965667724,0,0,0
13.5,0,111.3,0,77.8795440627484,0,177.4,0,35.82119552706502,0,4.536822056770324,166519262.16650742,0,166519262.16650742,0,0,0
13.5,0,1141.2,0,894.955892573199,0,1820.4,0,703.1124621708077,0,0.400777530670166,166517697.7498027,0,166517697.7498027,0,0,0
5.5,0,1261.3,0,1882.9374206349205,0,6147.6,0,2097.9223065900032,0,21.324161648750305,0.0029138088226318,0,0.0029138088226318,0,0,0
5.5,0,1378.2,0,1043.8461111111112,0,2400.8,0,794.2547621501692,0,5.196938586235047,0.0060216188430786,0,0.0060216188430786,0,0,0
13.5,0,1516.0,0,700.7756533061022,0,2382.8,0,770.8320399095218,0,25.40377883911133,166523061.17355072,0,166523061.17355072,0,0,0
5.5,0,373.2,0,309.3752380952381,0,969.8,0,379.7555445639381,0,78.55086057186126,0.0268203020095825,0,0.0268203020095825,0,0,0
13.5,0,423.4,0,296.55294954271733,0,2907.4,0,682.6251153871966,0,2.967912697792053,166519141.85831338,0,166519141.85831338,0,0,0
13.5,0,1514.0,0,565.2920477342575,0,2688.8,0,756.9705559830195,0,8.001321721076966,166525037.58618492,0,166525037.58618492,0,0,0
5.5,0,847.5,0,1477.3553571428572,0,2962.0,0,977.0135371667554,0,13.98053560256958,0.0089943885803222,0,0.0089943885803222,0,0,0
13.5,0,88.8,0,112.42904431395918,0,530.0,0,116.28090195255376,0,42.42168412208557,166522982.3548435,0,166522982.3548435,0,0,0
5.5,0,557.5,0,1024.0002777777777,0,1514.0,0,436.8257047221244,0,29.368541765213013,0.0080466032028198,0,0.0080466032028198,0,0,0
5.5,0,1093.2,0,334.53079365079367,0,1109.2,0,410.48242353666046,0,20.40958602428436,0.0238736867904663,0,0.0238736867904663,0,0,0
13.5,0,86.5,0,90.94922859734004,0,317.0,0,64.13017554777079,0,37.15965678691864,166518389.7703366,0,166518389.7703366,0,0,0
5.5,0,66.0,0,66.0,0,66.0,0,0.0,0,0.8850716590881348,2.8133392333984377e-06,0,2.8133392333984377e-06,0,0,0
13.5,0,102.6,0,95.26008520804962,0,230.0,0,65.93166176441657,0,13.846503853797913,166521411.3468309,0,166521411.3468309,0,0,0
5.5,0,129.5,0,138.546626984127,0,258.0,0,68.2532112645489,0,62.39358201026917,0.0169309139251708,0,0.0169309139251708,0,0,0
5.5,0,1095.3,0,485.6019444444445,0,1545.8,0,576.149224388703,0,47.25211098194122,0.0120381116867065,0,0.0120381116867065,0,0,0
13.5,0,112.9,0,102.66001572215194,0,230.0,0,60.098686928863984,0,12.259517621994018,166517781.1273033,0,166517781.1273033,0,0,0
13.5,0,75.0,0,80.63349797562259,0,214.0,0,39.2470344548822,0,40.9747349023819,166520922.4989226,0,166520922.4989226,0,0,0
13.5,0,934.8,0,1377.8858016209797,0,2672.4,0,587.321268001916,0,64.8568877696991,166519341.0220589,0,166519341.0220589,0,0,0
13.5,0,153.3,0,1221.9574518451109,0,7791.0,0,2073.3934833434914,0,17.7167777299881,166523663.1342882,0,166523663.1342882,0,0,0
13.5,0,104.7,0,150.93102933444266,0,352.0,0,96.2643728471245,0,49.34844160079956,166518512.1633531,0,166518512.1633531,0,0,0
5.5,0,107.9,0,124.94805555555556,0,263.0,0,64.44702239791175,0,5.748586440086365,0.0095043897628784,0,0.0095043897628784,0,0,0
5.5,0,84.0,0,72.71071428571429,0,111.0,0,15.908343270950482,0,16.78052213191986,0.017024803161621,0,0.017024803161621,0,0,0
5.5,0,1803.6,0,1823.883492063492,0,2817.2,0,531.9200413528956,0,14.383341860771178,0.0006614923477172,0,0.0006614923477172,0,0,0
13.5,0,537.2,0,1113.5691342635691,0,5858.0,0,1430.9768671482946,0,28.46875717639923,166524750.48608008,0,166524750.48608008,0,0,0
13.5,0,659.2,0,885.3941650828532,0,3094.7,0,1050.7241657503018,0,5.330084800720215,166525518.27604452,0,166525518.27604452,0,0,0
5.5,0,1133.2,0,1438.2977777777778,0,1514.0,0,140.61135020434426,0,29.19808280467987,0.0009917974472045,0,0.0009917974472045,0,0,0
5.5,0,97.5,0,89.5493253968254,0,150.2,0,34.606038176899744,0,26.111984419822694,0.0345160007476806,0,0.0345160007476806,0,0,0
5.5,0,1052.4,0,1698.6985714285715,0,3861.2,0,1124.4254368806555,0,7.455201244354248,0.0101736068725585,0,0.0101736068725585,0,0,0
5.5,0,1830.9,0,858.0423412698412,0,2962.0,0,994.8353268467728,0,49.384632205963136,0.001199197769165,0,0.001199197769165,0,0,0
13.5,0,123.6,0,115.98084518422756,0,364.0,0,87.16177177578764,0,102.98327593803404,166522848.268135,0,166522848.268135,0,0,0
13.5,0,1562.5,0,664.0758466529171,0,1562.5,0,675.6343241457531,0,50.16081218719482,166526231.18562728,0,166526231.18562728,0,0,0
13.5,0,108.4,0,965.6702524728452,0,2962.0,0,844.2507761963176,0,15.627310419082642,166525773.6935104,0,166525773.6935104,0,0,0
5.5,0,420.8,0,180.6472222222222,0,681.2,0,219.8101279305644,0,14.580274963378908,0.0086641073226928,0,0.0086641073226928,0,0,0
5.5,0,119.7,0,181.2603571428572,0,344.0,0,87.15203357108872,0,22.621159648895265,0.0195138931274414,0,0.0195138931274414,0,0,0
5.5,0,783.6,0,709.6765079365081,0,2305.2,0,932.0987594116538,0,0.0374239921569824,8.43048095703125e-05,0,8.43048095703125e-05,0,0,0
5.5,0,1523.0,0,1826.678650793651,0,2817.2,0,649.9603478650786,0,1.0698024034500122,0.0012539148330688,0,0.0012539148330688,0,0,0
5.5,0,76.1,0,91.0979761904762,0,119.0,0,16.259728513482948,0,0.3137104511260986,0.0181169986724853,0,0.0181169986724853,0,0,0
5.5,0,983.3,0,1109.262579365079,0,2141.7,0,646.6908165904729,0,31.03248054981232,0.006228494644165,0,0.006228494644165,0,0,0
13.5,0,318.7,0,207.8935789056145,0,1733.5,0,413.2731458592801,0,43.88438181877136,166523056.8025591,0,166523056.8025591,0,0,0
13.5,0,66.0,0,93.41962753019254,0,230.0,0,48.82117747768484,0,4.4059490442276,166519767.8970762,0,166519767.8970762,0,0,0
13.5,0,677.3,0,894.5846094510065,0,1514.0,0,706.354258496043,0,11.963446879386902,166525951.3609559,0,166525951.3609559,0,0,0
5.5,0,90.2,0,88.41436507936508,0,180.8,0,43.7585715026924,0,41.83394079208374,0.0077514886856079,0,0.0077514886856079,0,0,0
13.5,0,128.4,0,88.54459299902024,0,356.7,0,72.58051439112627,0,38.07032017707824,166526079.2783094,0,166526079.2783094,0,0,0
5.5,0,943.8,0,703.8746825396826,0,1233.4,0,560.4024382648097,0,56.10644328594208,0.008303689956665,0,0.008303689956665,0,0,0
5.5,0,221.9,0,214.58591269841267,0,357.8,0,100.94431878526989,0,93.47205512523652,0.0066704988479614,0,0.0066704988479614,0,0,0
5.5,0,73.0,0,72.71777777777777,0,115.3,0,23.86568765265072,0,6.936260557174682,0.0085910081863403,0,0.0085910081863403,0,0,0
13.5,0,1464.4,0,1457.1185242019762,0,3276.8,0,1234.5185681469643,0,0.1855117082595825,166520193.79566488,0,166520193.79566488,0,0,0
13.5,0,89.7,0,93.4881616641872,0,230.0,0,55.762973951471984,0,3.0356979370117188,166519247.79252678,0,166519247.79252678,0,0,0
5.5,0,114.4,0,119.87996031746032,0,169.8,0,38.69942903794274,0,100.13185424804688,0.0218212127685546,0,0.0218212127685546,0,0,0
5.5,0,249.6,0,140.19392857142856,0,347.0,0,90.56454393908407,0,24.963941478729247,0.016440987586975,0,0.016440987586975,0,0,0
13.5,0,521.3,0,321.2737484733189,0,1950.2,0,482.057739958325,0,94.12464644908906,166522092.2335785,0,166522092.2335785,0,0,0
13.5,0,189.0,0,186.7614992953383,0,406.6,0,106.45597922397256,0,13.784501600265504,166523147.096384,0,166523147.096384,0,0,0
13.5,0,3830.8,0,3443.554345254848,0,13098.0,0,3752.3984377773295,0,2.112191200256348,166525524.80951792,0,166525524.80951792,0,0,0
13.5,0,322.5,0,903.4836632626918,0,2962.0,0,857.2270472626338,0,29.17527320384979,166519908.3036417,0,166519908.3036417,0,0,0
13.5,0,511.7,0,292.67342567348373,0,2551.5,0,589.3729157028627,0,40.97053678035736,166524031.8958333,0,166524031.8958333,0,0,0
5.5,0,1514.0,0,2160.9457142857145,0,4410.0,0,1354.26158153985,0,15.94828917980194,0.000968599319458,0,0.000968599319458,0,0,0
13.5,0,135.8,0,99.0540175115562,0,285.0,0,63.819130665574015,0,15.255025386810305,166523872.0701491,0,166523872.0701491,0,0,0
13.5,0,1866.2,0,2053.46005068418,0,9767.6,0,2908.7003250407297,0,53.13811633586884,166521147.96346948,0,166521147.96346948,0,0,0
5.5,0,197.3,0,157.59412698412697,0,477.8,0,131.41676373868913,0,42.27319910526276,0.008357810974121,0,0.008357810974121,0,0,0
13.5,0,81.0,0,331.5940210357238,0,1514.0,0,513.130363839241,0,87.67275762557983,166518178.44502062,0,166518178.44502062,0,0,0
13.5,0,288.8,0,205.47606291154665,0,1350.0,0,312.5506406350672,0,14.867448878288268,166524290.4435482,0,166524290.4435482,0,0,0
5.5,0,79.4,0,65.53376984126984,0,99.6,0,14.988821436262745,0,42.02217066287994,0.0058712005615234,0,0.0058712005615234,0,0,0
13.5,0,108.0,0,110.01544993791896,0,357.0,0,79.81412000417012,0,61.38096520900727,166521476.14594918,0,166521476.14594918,0,0,0
5.5,0,572.3,0,278.14257936507937,0,1246.7,0,390.96728206833416,0,46.23929541110992,0.025266408920288,0,0.025266408920288,0,0,0
5.5,0,954.4,0,701.7565873015873,0,1947.0,0,635.6257422979927,0,64.74441230297089,0.0118716955184936,0,0.0118716955184936,0,0,0
5.5,0,144.4,0,118.32,0,181.6,0,49.082078721324514,0,27.43895394802093,0.018703007698059,0,0.018703007698059,0,0,0
13.5,0,2065.2,0,1533.7844386036218,0,4350.0,0,1383.683726268967,0,0.4922560453414917,166520226.9534252,0,166520226.9534252,0,0,0
5.5,0,1235.0,0,1189.5792857142856,0,1514.0,0,540.2760034673233,0,72.54567115306854,0.00239839553833,0,0.00239839553833,0,0,0
5.5,0,972.0,0,859.8649206349206,0,2315.6,0,887.225729365445,0,8.937228584289551,0.0051784038543701,0,0.0051784038543701,0,0,0
5.5,0,73.2,0,69.92238095238096,0,102.0,0,11.819567184901356,0,9.936665344238282,0.0049813032150268,0,0.0049813032150268,0,0,0
13.5,0,1830.9,0,1160.5965307529589,0,2962.0,0,806.617202998127,0,26.487209510803225,166524024.3635648,0,166524024.3635648,0,0,0
13.5,0,1785.4,0,908.830056330838,0,3835.2,0,1334.350697479381,0,0.5745201587677002,166517700.0022138,0,166517700.0022138,0,0,0
5.5,0,83.3,0,71.31333333333333,0,110.4,0,13.910222421933716,0,23.64468605518341,0.0016646862030029,0,0.0016646862030029,0,0,0
13.5,0,1242.4,0,297.86241115523626,0,1703.2,0,458.9207257646439,0,43.45291440486908,166520072.07716793,0,166520072.07716793,0,0,0
13.5,0,1426.7,0,1242.433514214114,0,5858.0,0,1514.0765919650053,0,16.541302537918092,166519639.6848703,0,166519639.6848703,0,0,0
5.5,0,76.1,0,67.26972222222221,0,77.2,0,3.392936726709075,0,36.90162870883942,0.0090388059616088,0,0.0090388059616088,0,0,0
13.5,0,259.3,0,652.4515619829087,0,1999.0,0,712.7024978989075,0,13.326305150985718,166522987.7835998,0,166522987.7835998,0,0,0
5.5,0,1336.4,0,1691.0271428571432,0,4254.0,0,1513.424905040259,0,0.2577159166336059,7.698535919189453e-05,0,7.698535919189453e-05,0,0,0
5.5,0,1514.0,0,1514.0,0,1514.0,0,0.0,0,75.58034133911133,0.0005928039550781,0,0.0005928039550781,0,0,0
13.5,0,82.3,0,823.0298846999234,0,2962.0,0,872.7313257393141,0,40.03442666530609,166523985.0611163,0,166523985.0611163,0,0,0
5.5,0,78.8,0,69.3534126984127,0,90.2,0,8.008545931061045,0,7.386445927619934,0.00746750831604,0,0.00746750831604,0,0,0
13.5,0,1007.4,0,1033.0230602996935,0,2672.4,0,777.755711331783,0,33.24497063159943,166520970.8477953,0,166520970.8477953,0,0,0
5.5,0,130.3,0,89.83579365079363,0,189.6,0,39.0649387202403,0,35.38578634262085,0.0145636081695556,0,0.0145636081695556,0,0,0
13.5,0,173.9,0,148.90622098103134,0,463.2,0,112.6453559341996,0,14.314563393592834,166516893.6169755,0,166516893.6169755,0,0,0
13.5,0,1523.1,0,834.9298937577729,0,4265.2,0,1153.8107388702476,0,4.738487434387207,166517618.7302748,0,166517618.7302748,0,0,0
13.5,0,121.5,0,125.3974530594964,0,224.8,0,62.7262013540673,0,259.38270111083983,166517154.7280599,0,166517154.7280599,0,0,0
5.5,0,64.8,0,64.98523809523809,0,66.0,0,2.481112436126732,0,4.385706520080566,0.0007297039031982,0,0.0007297039031982,0,0,0
13.5,0,359.6,0,1340.3162963893692,0,4410.0,0,1003.0540750037156,0,27.67642238140106,166519950.089344,0,166519950.089344,0,0,0
5.5,0,66.5,0,65.55281746031746,0,71.5,0,3.301110158356212,0,22.00572645664215,0.0068837881088256,0,0.0068837881088256,0,0,0
13.5,0,1658.8,0,1957.3848149416804,0,5858.0,0,1905.709086873111,0,2.1582056045532227,166518264.1943683,0,166518264.1943683,0,0,0
13.5,0,772.0,0,371.4585499064059,0,1551.8,0,406.51860549555687,0,3.0015817642211915,166525475.0141788,0,166525475.0141788,0,0,0
5.5,0,716.1,0,585.5029761904761,0,1894.0,0,637.5198828331088,0,38.39484169483185,0.0174485206604003,0,0.0174485206604003,0,0,0
5.5,0,89.4,0,81.46785714285714,0,145.6,0,29.30254974682689,0,14.804141497612,0.0106271982192993,0,0.0106271982192993,0,0,0
13.5,0,1155.1,0,1062.497006219185,0,2962.0,0,1096.4103323688985,0,48.68897864818573,166526001.7858974,0,166526001.7858974,0,0,0
5.5,0,77.6,0,65.6681746031746,0,115.4,0,19.165707433572745,0,17.62511010169983,0.0569722890853881,0,0.0569722890853881,0,0,0
5.5,0,525.6,0,156.48714285714286,0,709.2,0,206.28670909766248,0,14.875599026679993,0.0098881959915161,0,0.0098881959915161,0,0,0
5.5,0,100.8,0,113.06142857142856,0,202.8,0,53.44644505582244,0,29.3399742603302,0.0294004917144775,0,0.0294004917144775,0,0,0
13.5,0,1658.8,0,693.3414993490342,0,2093.2,0,730.6092905476619,0,47.807360887527466,166521516.1588259,0,166521516.1588259,0,0,0
13.5,0,78.7,0,69.08677581104826,0,97.6,0,9.02480499917703,0,8.862118220329284,166516825.63412052,0,166516825.63412052,0,0,0
13.5,0,1049.6,0,1026.521232843524,0,2858.0,0,1166.5249430365045,0,0.6592917680740357,166517698.4531022,0,166517698.4531022,0,0,0
5.5,0,73.8,0,69.90738095238095,0,102.0,0,11.87090359893404,0,60.169286012649536,0.0084949970245361,0,0.0084949970245361,0,0,0
5.5,0,654.2,0,1063.3857936507936,0,1514.0,0,526.2432715486964,0,76.3052609205246,0.004318618774414,0,0.004318618774414,0,0,0
13.5,0,65.2,0,426.2005787302653,0,1514.0,0,594.076493699943,0,21.21095211505889,166522227.261107,0,166522227.261107,0,0,0
13.5,0,651.6,0,1429.334206022306,0,12135.0,0,2982.5837776361777,0,73.43502676486969,166522614.3272538,0,166522614.3272538,0,0,0
13.5,0,148.1,0,128.16636474894216,0,217.0,0,62.85701677465727,0,45.22132449150085,166517759.0177322,0,166517759.0177322,0,0,0
5.5,0,934.8,0,589.1761904761904,0,1079.6,0,486.9924745803117,0,1.7402263879776,0.001430606842041,0,0.001430606842041,0,0,0
5.5,0,228.9,0,311.32892857142855,0,1193.5,0,410.1970226940451,0,10.79401423931122,0.0023300886154174,0,0.0023300886154174,0,0,0
13.5,0,66.0,0,367.7496571127531,0,2962.0,0,777.2143625569735,0,51.164919114112855,166526335.822456,0,166526335.822456,0,0,0
13.5,0,700.5,0,183.75536372640084,0,870.2,0,248.5826364748985,0,15.817711901664731,166518839.34860468,0,166518839.34860468,0,0,0
5.5,0,1518.7,0,1438.0265476190475,0,1658.8,0,255.3123882479891,0,16.638762521743775,0.0004768848419189,0,0.0004768848419189,0,0,0
13.5,0,141.0,0,135.73193708080703,0,636.0,0,152.57824312162012,0,35.67268896102905,166517890.4686695,0,166517890.4686695,0,0,0
5.5,0,355.6,0,111.04888888888892,0,355.6,0,103.42624974036092,0,26.28213760852814,0.0013443946838378,0,0.0013443946838378,0,0,0
13.5,0,234.9,0,565.0912316085188,0,1514.0,0,666.5849648077062,0,53.20403091907501,166517951.8329033,0,166517951.8329033,0,0,0
5.5,0,170.1,0,123.15857142857142,0,320.7,0,84.04967089182749,0,30.73728768825531,0.0084874868392944,0,0.0084874868392944,0,0,0
13.5,0,1852.1,0,725.9324084863365,0,1948.4,0,714.6775008414113,0,12.556757092475891,166520822.6572329,0,166520822.6572329,0,0,0
13.5,0,71.1,0,277.0642548421651,0,1661.0,0,509.5353025333188,0,37.993341779708864,166519500.2658201,0,166519500.2658201,0,0,0
5.5,0,1644.4,0,2137.446349206349,0,8319.6,0,2876.254499943624,0,30.4581416130066,0.0138550996780395,0,0.0138550996780395,0,0,0
5.5,0,81.1,0,90.29408730158733,0,143.7,0,30.38306808002121,0,58.468611407279965,0.013674783706665,0,0.013674783706665,0,0,0
13.5,0,669.0,0,146.17736398963953,0,1033.2,0,229.2286057411474,0,41.42744257450104,166523042.31373352,0,166523042.31373352,0,0,0
13.5,0,691.9,0,660.3676471675038,0,1494.0,0,675.6112266262612,0,59.67419948577881,166517907.0839133,0,166517907.0839133,0,0,0
5.5,0,645.2,0,208.38666666666668,0,934.8,0,288.3589847225639,0,1.258308720588684,0.0020164966583251,0,0.0020164966583251,0,0,0
5.5,0,78.0,0,69.58166666666668,0,95.8,0,10.584763980573602,0,7.009386682510376,0.0042267084121704,0,0.0042267084121704,0,0,0
5.5,0,587.7,0,1585.0427380952383,0,5193.0,0,1769.222574682599,0,3.2750848531723022,0.0100125789642333,0,0.0100125789642333,0,0,0
5.5,0,100.1,0,78.89095238095237,0,130.0,0,24.60770706246876,0,46.37744917869568,0.0189524888992309,0,0.0189524888992309,0,0,0
5.5,0,111.1,0,96.4647222222222,0,165.6,0,36.42601098949604,0,168.67378623485564,0.0094082117080688,0,0.0094082117080688,0,0,0
5.5,0,969.2,0,465.26238095238097,0,1258.8,0,461.7550893716865,0,55.86025269031525,0.024074101448059,0,0.024074101448059,0,0,0
13.5,0,154.9,0,505.1271304705786,0,2922.0,0,810.7775614103818,0,87.90353293418885,166525352.2269853,0,166525352.2269853,0,0,0
13.5,0,239.1,0,205.76101192881765,0,1496.0,0,357.1368667581028,0,46.93247587680817,166518306.0230075,0,166518306.0230075,0,0,0
13.5,0,1441.5,0,1222.4586499980928,0,2962.0,0,916.2067423499932,0,20.528169465065,166524871.6973519,0,166524871.6973519,0,0,0
13.5,0,1869.9,0,2133.8639580642093,0,3975.6,0,1003.4212566377726,0,9.958725142478944,166519147.660586,0,166519147.660586,0,0,0
5.5,0,74.2,0,81.01753968253968,0,146.2,0,32.32961160768324,0,13.50210781097412,0.000951600074768,0,0.000951600074768,0,0,0
5.5,0,790.0,0,873.7196825396826,0,1369.2,0,622.4228806187646,0,11.226112270355223,0.0025882005691528,0,0.0025882005691528,0,0,0
13.5,0,920.4,0,950.41234982252,0,4254.0,0,1155.979509532418,0,0.607887864112854,166517698.80078048,0,166517698.80078048,0,0,0
13.5,0,2382.8,0,1897.240770267744,0,3251.6,0,842.00668814124,0,0.0109392881393432,166517739.9029705,0,166517739.9029705,0,0,0
13.5,0,824.4,0,240.54283992280511,0,1000.4,0,321.3603917596979,0,69.16340086460113,166518623.12482792,0,166518623.12482792,0,0,0
5.5,0,149.9,0,120.17734126984128,0,247.4,0,68.94695463066184,0,24.57930762767792,0.0202127933502197,0,0.0202127933502197,0,0,0
5.5,0,66.0,0,66.0,0,66.0,0,0.0,0,73.77443158626556,0.0023684024810791,0,0.0023684024810791,0,0,0
13.5,0,1803.6,0,1579.2579800256503,0,2962.0,0,944.6646702464102,0,2.7385084867477416,166518388.690816,0,166518388.690816,0,0,0
5.5,0,1164.3,0,738.0440873015873,0,1578.8,0,509.99419696275146,0,9.340847134590147,0.0015461921691894,0,0.0015461921691894,0,0,0
5.5,0,1014.0,0,331.6527777777777,0,1190.6,0,399.0694195083661,0,22.027153158187865,0.0039270877838134,0,0.0039270877838134,0,0,0
13.5,0,124.7,0,113.16355029516409,0,230.0,0,61.21014632862616,0,74.75650930404663,166524793.9094689,0,166524793.9094689,0,0,0
5.5,0,990.7,0,626.4797619047619,0,1101.2,0,472.3744346977261,0,74.4216361284256,0.0149842977523803,0,0.0149842977523803,0,0,0
5.5,0,935.6,0,1351.3107936507936,0,1514.0,0,251.8904540873732,0,71.71661443710327,0.0008967876434326,0,0.0008967876434326,0,0,0
13.5,0,101.4,0,446.3662564138648,0,1514.0,0,555.3048515439789,0,0.469758415222168,166521187.48687148,0,166521187.48687148,0,0,0
5.5,0,1227.2,0,769.705238095238,0,2098.3,0,722.4745188129434,0,28.92574882507324,0.0128017902374267,0,0.0128017902374267,0,0,0
5.5,0,67.3,0,73.14654761904761,0,86.0,0,9.8606683376255,0,180.4932235717773,0.0259495973587036,0,0.0259495973587036,0,0,0
13.5,0,320.2,0,312.49995371072,0,1749.5,0,542.5290710103617,0,44.066747307777405,166518697.4202303,0,166518697.4202303,0,0,0
5.5,0,110.2,0,137.11599206349206,0,203.6,0,43.9798260772718,0,40.07792813777924,0.0108795881271362,0,0.0108795881271362,0,0,0
5.5,0,1852.1,0,1583.9732936507935,0,2046.1,0,172.20907192640684,0,2.4632371187210085,0.0007364034652709,0,0.0007364034652709,0,0,0
5.5,0,66.0,0,66.0,0,66.0,0,0.0,0,7.52614643573761,0.0003004789352416,0,0.0003004789352416,0,0,0
13.5,0,1224.4,0,1503.875295300675,0,2962.0,0,813.4363675488785,0,55.611962175369264,166521669.21970502,0,166521669.21970502,0,0,0
13.5,0,947.2,0,792.9319332838643,0,2855.0,0,886.2391804489653,0,135.19253165721892,166523076.237314,0,166523076.237314,0,0,0
5.5,0,210.5,0,176.20519841269842,0,569.9,0,165.2168194594033,0,58.76933491230011,0.0152997016906738,0,0.0152997016906738,0,0,0
13.5,0,1114.9,0,964.9844349888156,0,2672.4,0,823.8780059294352,0,78.92248480319977,166520623.17047462,0,166520623.17047462,0,0,0
5.5,0,104.2,0,101.64873015873016,0,255.9,0,68.88930633658433,0,1.7096988916397096,0.0176933050155639,0,0.0176933050155639,0,0,0
5.5,0,1330.8,0,1246.789365079365,0,2020.4,0,568.415396923506,0,0.159446382522583,9.021759033203124e-05,0,9.021759033203124e-05,0,0,0
13.5,0,393.9,0,153.09728560139553,0,695.0,0,169.12438250187228,0,77.33591587543488,166519272.4711963,0,166519272.4711963,0,0,0
5.5,0,66.3,0,60.89904761904761,0,74.4,0,8.92555065639387,0,198.8003758907318,0.0121856927871704,0,0.0121856927871704,0,0,0
13.5,0,78.7,0,73.52297891221266,0,130.4,0,17.21245652790283,0,77.71252906322479,166521117.2989969,0,166521117.2989969,0,0,0
13.5,0,146.9,0,148.73511986035982,0,773.6,0,199.53931088724832,0,56.70573337078095,166521726.39411038,0,166521726.39411038,0,0,0
5.5,0,1803.6,0,1782.8568253968251,0,2962.0,0,913.7079869688692,0,1.56100754737854,0.0012454032897949,0,0.0012454032897949,0,0,0
5.5,0,1380.6,0,840.7432539682541,0,2111.2,0,898.0712364404262,0,38.4838493347168,0.0156261205673217,0,0.0156261205673217,0,0,0
13.5,0,210.8,0,71.63494863237898,0,210.8,0,35.28772503576527,0,44.90566973686218,166525056.8943651,0,166525056.8943651,0,0,0
13.5,0,1963.2,0,2087.0974967894163,0,4410.0,0,1015.395925979946,0,69.82963376045227,166522768.41511622,0,166522768.41511622,0,0,0
5.5,0,1803.6,0,1609.3266666666666,0,2238.0,0,252.7798299845757,0,22.55932936668396,0.0028760910034179,0,0.0028760910034179,0,0,0
13.5,0,1322.4,0,1573.7996322683164,0,2858.0,0,1150.6192175901322,0,0.399841570854187,166520193.1591928,0,166520193.1591928,0,0,0
13.5,0,117.5,0,685.9000238405386,0,1514.0,0,673.603317912849,0,28.74597272872925,166521491.3957706,0,166521491.3957706,0,0,0
13.5,0,1852.1,0,1049.2957988786238,0,3798.8,0,1125.256735337986,0,13.192744255065918,166517618.9436777,0,166517618.9436777,0,0,0
13.5,0,626.8,0,378.20812142965394,0,1385.6,0,477.9545584468936,0,8.777663445472717,166525443.15690303,0,166525443.15690303,0,0,0
13.5,0,91.4,0,68.71740925655013,0,98.9,0,8.221922134425487,0,39.68286654949189,166521745.32697,0,166521745.32697,0,0,0
13.5,0,68.0,0,68.84332837269369,0,156.0,0,29.968682443423592,0,97.96379127502442,166524735.35117048,0,166524735.35117048,0,0,0
13.5,0,1512.8,0,536.223747335396,0,2238.0,0,738.323874037708,0,93.09683089256286,166520976.9672692,0,166520976.9672692,0,0,0
13.5,0,1279.2,0,1100.4674667674087,0,2962.0,0,808.2590212301186,0,10.950188374519348,166518773.4433715,0,166518773.4433715,0,0,0
5.5,0,1222.4,0,881.9115873015874,0,1658.8,0,642.1230594462975,0,10.551524567604066,0.0019691944122314,0,0.0019691944122314,0,0,0
13.5,0,1658.8,0,1618.043209203507,0,2962.0,0,540.9128383681123,0,41.08365018367768,166525155.6396392,0,166525155.6396392,0,0,0
5.5,0,111.9,0,104.38869047619048,0,222.2,0,62.011458962905806,0,23.146473360061645,0.0086532115936279,0,0.0086532115936279,0,0,0
5.5,0,1196.8,0,1021.2542857142856,0,2581.6,0,1134.5849328890731,0,0.2091940641403198,8.199214935302734e-05,0,8.199214935302734e-05,0,0,0
5.5,0,1329.7,0,626.600873015873,0,1971.0,0,751.8811593984022,0,55.19799246788025,0.0222558975219726,0,0.0222558975219726,0,0,0
13.5,0,521.0,0,122.2384259402448,0,574.6,0,152.37547063823948,0,60.49838511943817,166520814.63739368,0,166520814.63739368,0,0,0
5.5,0,1803.6,0,1751.483492063492,0,2672.4,0,459.5200413528957,0,28.28408691883088,0.001272702217102,0,0.001272702217102,0,0,0
5.5,0,119.8,0,110.11186507936507,0,186.6,0,43.782820974306006,0,20.521533012390137,0.0148465871810913,0,0.0148465871810913,0,0,0
13.5,0,196.7,0,802.7236580645018,0,4895.0,0,1343.949321937223,0,27.59359452724457,166519187.09892812,0,166519187.09892812,0,0,0
13.5,0,505.4,0,539.0930966492228,0,2962.0,0,837.8286960613763,0,66.46621634960175,166519086.6934474,0,166519086.6934474,0,0,0
13.5,0,943.2,0,1536.2665890318833,0,2962.0,0,712.5616107834896,0,28.55649721622467,166520316.7677166,0,166520316.7677166,0,0,0
5.5,0,1224.4,0,1020.5307936507936,0,1369.2,0,561.4767090619596,0,36.000919818878174,0.0059159994125366,0,0.0059159994125366,0,0,0
5.5,0,576.5,0,290.1022619047619,0,695.7,0,235.98329338068288,0,29.774309158325195,0.0107836961746215,0,0.0107836961746215,0,0,0
5.5,0,425.1,0,1117.7925,0,3657.0,0,1246.7991211764795,0,11.86193606853485,0.0024492025375366,0,0.0024492025375366,0,0,0
13.5,0,157.9,0,114.9639850431646,0,297.4,0,66.69160607537076,0,5.862623572349548,166523356.4729007,0,166523356.4729007,0,0,0
5.5,0,501.2,0,977.2203174603176,0,1514.0,0,481.4463134136164,0,0.1524061679840088,0.0007229089736938,0,0.0007229089736938,0,0,0
5.5,0,105.0,0,129.4897619047619,0,215.6,0,57.47080451825176,0,28.09810519218445,0.0063291072845458,0,0.0063291072845458,0,0,0
5.5,0,65.4,0,65.71261904761904,0,66.0,0,0.7769494203133867,0,27.94175786972046,0.0018973112106323,0,0.0018973112106323,0,0,0
13.5,0,117.9,0,120.5064314314856,0,432.0,0,101.44070741579505,0,11.403019309043884,166523147.1702649,0,166523147.1702649,0,0,0
13.5,0,366.6,0,1889.768014709319,0,13098.0,0,3509.606112726651,0,45.61374437808991,166522951.1964489,0,166522951.1964489,0,0,0
5.5,0,87.8,0,68.40984126984127,0,125.2,0,24.66191252614876,0,27.82140817642212,0.0113367795944213,0,0.0113367795944213,0,0,0
13.5,0,1195.2,0,1042.855622897914,0,2858.0,0,1037.1605092970378,0,0.4330984115600585,166520193.0040962,0,166520193.0040962,0,0,0
13.5,0,96.7,0,182.9613605383265,0,906.0,0,208.4646043000781,0,3.186348986625672,166517835.0251339,0,166517835.0251339,0,0,0
13.5,0,118.4,0,89.11369317558946,0,182.0,0,42.51305099058688,0,70.75689947605133,166523829.88710082,0,166523829.88710082,0,0,0
13.5,0,123.8,0,112.64173527538853,0,225.2,0,56.96791815697869,0,93.14580266475676,166523140.5986769,0,166523140.5986769,0,0,0
5.5,0,174.0,0,164.23809523809524,0,259.0,0,67.14744053992825,0,0.0623398303985595,0.0036617994308471,0,0.0036617994308471,0,0,0
13.5,0,355.6,0,712.3250873017591,0,1514.0,0,706.2394846032128,0,27.073121976852416,166517920.28668767,0,166517920.28668767,0,0,0
13.5,0,1224.4,0,1209.6104958964324,0,3396.4,0,1042.655608010697,0,32.42583289146423,166522806.0526449,0,166522806.0526449,0,0,0
5.5,0,1472.7,0,1063.3502777777778,0,2228.8,0,809.8321445785366,0,0.3361686706542969,0.004144811630249,0,0.004144811630249,0,0,0
5.5,0,1391.8,0,1745.1634920634922,0,3541.2,0,801.0383808561121,0,19.827732300758363,0.0054993152618408,0,0.0054993152618408,0,0,0
13.5,0,89.0,0,92.65034376785924,0,261.8,0,67.9061632681488,0,22.60386779308319,166524564.270194,0,166524564.270194,0,0,0
5.5,0,149.3,0,218.0163888888889,0,743.7,0,259.484914147238,0,87.84266645908356,0.0017430067062377,0,0.0017430067062377,0,0,0
5.5,0,780.5,0,307.8684523809524,0,784.0,0,340.0057292234894,0,25.09959559440613,0.0014786958694458,0,0.0014786958694458,0,0,0
13.5,0,71.0,0,222.4933644451524,0,2245.0,0,540.2934602145957,0,12.109323072433472,166525389.3467442,0,166525389.3467442,0,0,0
13.5,0,108.3,0,89.09015094253871,0,169.5,0,36.815424282352254,0,16.798125982284546,166522240.2760055,0,166522240.2760055,0,0,0
5.5,0,943.8,0,1250.361666666667,0,2238.0,0,634.3714124266004,0,16.621590757369994,0.0042532920837402,0,0.0042532920837402,0,0,0
13.5,0,1704.3,0,2081.878207163923,0,10202.0,0,2284.567241838803,0,11.583395671844482,166519401.68913332,0,166519401.68913332,0,0,0
5.5,0,364.6,0,120.90960317460318,0,400.6,0,119.74847642194143,0,34.817577958106995,0.0037055015563964,0,0.0037055015563964,0,0,0
13.5,0,108.4,0,92.79067125469987,0,183.7,0,38.29374436019159,0,40.45766444206238,166517953.2718831,0,166517953.2718831,0,0,0
13.5,0,132.8,0,146.39393058352033,0,262.0,0,71.1786642040684,0,62.932290482521054,166516680.03149682,0,166516680.03149682,0,0,0
5.5,0,216.3,0,378.8400396825397,0,1026.9,0,329.12946568337185,0,12.13323621749878,0.0054714918136596,0,0.0054714918136596,0,0,0
5.5,0,66.0,0,66.0,0,66.0,0,0.0,0,7.676581335067749,0.0005110025405883,0,0.0005110025405883,0,0,0
13.5,0,1224.4,0,365.1064462060128,0,1224.4,0,484.8965559003688,0,9.247765040397644,166520049.99534208,0,166520049.99534208,0,0,0
13.5,0,113.7,0,107.74330227606929,0,412.0,0,92.44864521688338,0,16.932038378715514,166516908.3125401,0,166516908.3125401,0,0,0
5.5,0,2013.8,0,2363.066428571429,0,2962.0,0,748.130772959947,0,18.219688129425048,0.0013540029525756,0,0.0013540029525756,0,0,0
13.5,0,64.8,0,1808.929294008365,0,11650.0,0,2931.7433634029817,0,85.73790104389191,166518027.89354238,0,166518027.89354238,0,0,0
5.5,0,523.7,0,182.0877380952381,0,580.8,0,206.9981170818199,0,15.935132813453674,0.0073898077011108,0,0.0073898077011108,0,0,0
13.5,0,1079.6,0,1468.9934502923977,0,2962.0,0,578.4121874596983,0,10.894714975357056,166520171.97881418,0,166520171.97881418,0,0,0
13.5,0,110.5,0,527.4868037320437,0,1999.0,0,676.067400226688,0,44.438191866874696,166525124.0597491,0,166525124.0597491,0,0,0
5.5,0,414.4,0,851.485873015873,0,1692.2,0,540.879901252332,0,81.60012521743775,0.009978699684143,0,0.009978699684143,0,0,0
5.5,0,313.2,0,647.0236507936509,0,1214.0,0,405.6583114081361,0,0.3357489585876465,0.0017401218414306,0,0.0017401218414306,0,0,0
5.5,0,105.0,0,118.35833333333332,0,211.8,0,65.2284554729942,0,361.8303197622299,0.0093600988388061,0,0.0093600988388061,0,0,0
5.5,0,385.2,0,811.7266666666667,0,1514.0,0,493.84652670571967,0,22.587463164329527,0.0009767055511474,0,0.0009767055511474,0,0,0
5.5,0,338.7,0,448.4413095238095,0,1378.2,0,537.9028826435382,0,2.6521130561828614,0.0027181148529052,0,0.0027181148529052,0,0,0
13.5,0,90.7,0,68.50522060455884,0,119.6,0,16.987748283097915,0,5.2564788341522215,166520841.6331509,0,166520841.6331509,0,0,0
5.5,0,1196.8,0,1282.1431746031749,0,2858.0,0,1120.7109947914928,0,0.0402738571166992,8.490085601806641e-05,0,8.490085601806641e-05,0,0,0
5.5,0,216.2,0,103.3179365079365,0,370.2,0,95.78903764362042,0,2.251198530197144,0.0006134986877441,0,0.0006134986877441,0,0,0
5.5,0,145.8,0,156.22373015873012,0,372.9,0,106.5508333407732,0,22.695776844024657,0.0134304046630859,0,0.0134304046630859,0,0,0
5.5,0,89.0,0,69.3,0,89.0,0,7.56234727616404,0,38.98942003250122,0.0063246965408325,0,0.0063246965408325,0,0,0
5.5,0,807.0,0,801.360873015873,0,1384.0,0,598.4781360546408,0,20.431434321403504,0.0144164085388183,0,0.0144164085388183,0,0,0
13.5,0,79.2,0,68.57285879282396,0,203.5,0,36.491253195529126,0,64.77313587665557,166518771.7400859,0,166518771.7400859,0,0,0
5.5,0,1886.7,0,2072.647142857143,0,2817.2,0,648.4061960950179,0,38.88773419857025,0.0008457899093627,0,0.0008457899093627,0,0,0
5.5,0,665.6,0,466.195,0,1369.7,0,553.7200034357654,0,17.631435489654542,0.0093284130096435,0,0.0093284130096435,0,0,0
13.5,0,1562.5,0,1059.2825306964278,0,1756.5,0,667.8406523203732,0,19.20374975204468,166525769.9105943,0,166525769.9105943,0,0,0
5.5,0,676.0,0,378.728253968254,0,1514.0,0,513.725643302014,0,62.87360134124756,0.0045361042022705,0,0.0045361042022705,0,0,0
5.5,0,115.4,0,117.61849206349208,0,192.8,0,51.22057385109639,0,210.69768018722533,0.0391677856445312,0,0.0391677856445312,0,0,0
13.5,0,567.2,0,812.0648419150509,0,2962.0,0,911.5755614692082,0,28.74678020477295,166524650.0512026,0,166524650.0512026,0,0,0
5.5,0,1562.5,0,1530.3013888888888,0,1659.5,0,45.83194682890577,0,7.621649670600891,0.0005272150039672,0,0.0005272150039672,0,0,0
13.5,0,99.3,0,66.40814791632516,0,145.4,0,24.566038887804886,0,45.66252145767212,166518870.28373548,0,166518870.28373548,0,0,0
13.5,0,296.5,0,1283.6057478946063,0,2962.0,0,760.8497968628437,0,77.89476540088654,166519546.39837784,0,166519546.39837784,0,0,0
5.5,0,939.8,0,1351.6323809523808,0,1514.0,0,252.1114146488172,0,45.06950197219849,0.0042805910110473,0,0.0042805910110473,0,0,0
5.5,0,68.0,0,66.2,0,68.0,0,0.6,0,22.103578567504883,0.0002273797988891,0,0.0002273797988891,0,0,0
5.5,0,98.6,0,85.63579365079366,0,157.0,0,33.504247791226945,0,57.91119265556336,0.0253172874450683,0,0.0253172874450683,0,0,0
13.5,0,2093.2,0,1643.5679576404848,0,3975.6,0,861.2388908496241,0,28.93289246559143,166519419.9668077,0,166519419.9668077,0,0,0
5.5,0,355.6,0,94.96,0,355.6,0,86.88000000000001,0,24.881081342697144,0.0011415004730224,0,0.0011415004730224,0,0,0
13.5,0,1514.0,0,858.1399519039612,0,2950.0,0,909.6330744792546,0,37.732842564582825,166525209.8925418,0,166525209.8925418,0,0,0
5.5,0,788.4,0,550.9196825396825,0,1369.2,0,617.2964652074586,0,29.974493527412413,0.0010607957839965,0,0.0010607957839965,0,0,0
13.5,0,67.8,0,107.13064861480112,0,357.0,0,100.56183557636692,0,16.722814869880676,166518031.84148842,0,166518031.84148842,0,0,0
5.5,0,66.0,0,66.0,0,66.0,0,0.0,0,2.864977169036865,0.0037282943725585,0,0.0037282943725585,0,0,0
5.5,0,85.1,0,96.34829365079364,0,156.0,0,36.23695296571755,0,40.579448437690736,0.0183660984039306,0,0.0183660984039306,0,0,0
13.5,0,1224.4,0,908.3716478593644,0,1948.4,0,746.530714515254,0,1.402123856544495,166519374.2453672,0,166519374.2453672,0,0,0
13.5,0,247.8,0,98.6331346684791,0,355.0,0,76.64337116611964,0,75.45103113651275,166523154.17549312,0,166523154.17549312,0,0,0
13.5,0,2527.6,0,2813.160919571485,0,10202.0,0,2953.096408429659,0,6.152472400665284,166523244.2426244,0,166523244.2426244,0,0,0
13.5,0,1082.6,0,1103.8717908325764,0,5278.8,0,1444.1248043634218,0,0.2428352832794189,166522042.6937768,0,166522042.6937768,0,0,0
5.5,0,100.1,0,78.04353174603173,0,140.3,0,24.16237683089607,0,58.163093948364256,0.015783405303955,0,0.015783405303955,0,0,0
13.5,0,165.7,0,171.75703249751626,0,319.0,0,101.91894070974628,0,69.37362127304077,166519289.4986862,0,166519289.4986862,0,0,0
5.5,0,890.0,0,509.564246031746,0,1145.3,0,446.42456676215033,0,43.98414921760559,0.0157670021057128,0,0.0157670021057128,0,0,0
13.5,0,943.4,0,1579.0154964995445,0,4410.0,0,1244.153344112114,0,9.087844729423525,166520604.7035954,0,166520604.7035954,0,0,0
13.5,0,1346.8,0,945.0157894754024,0,3967.6,0,1326.075600440863,0,21.46293969154358,166522203.45307833,0,166522203.45307833,0,0,0
13.5,0,145.2,0,180.3650709326793,0,475.3,0,113.38268254539835,0,82.08146953582764,166516370.11337322,0,166516370.11337322,0,0,0
13.5,0,89.6,0,139.2696631017761,0,409.0,0,112.09601685051663,0,17.129964447021486,166523194.77539653,0,166523194.77539653,0,0,0
13.5,0,1254.0,0,328.8727903039513,0,1718.0,0,496.494001128223,0,73.14826753139496,166520062.2820149,0,166520062.2820149,0,0,0
5.5,0,219.8,0,306.3860317460318,0,869.0,0,279.4784540069208,0,112.7364226102829,0.0240071773529052,0,0.0240071773529052,0,0,0
5.5,0,536.7,0,315.3729761904762,0,851.6,0,339.01833347706634,0,6.383739495277405,0.0152096986770629,0,0.0152096986770629,0,0,0
13.5,0,75.0,0,586.887905951118,0,1514.0,0,658.6645221401686,0,67.26162228584289,166525612.69030428,0,166525612.69030428,0,0,0
5.5,0,1524.6,0,1169.6013492063494,0,1814.2,0,537.1342828747232,0,0.2305461406707763,0.0022540092468261,0,0.0022540092468261,0,0,0
5.5,0,1272.9,0,803.3174206349206,0,2093.2,0,749.140997541015,0,21.31169183254242,0.0029651880264282,0,0.0029651880264282,0,0,0
13.5,0,934.8,0,701.3403044495924,0,1514.0,0,710.8933662160769,0,2.3093655586242674,166520321.9583467,0,166520321.9583467,0,0,0
13.5,0,1374.7,0,318.0208696476382,0,1401.0,0,449.678933569,0,35.710524153709414,166521068.7456337,0,166521068.7456337,0,0,0
5.5,0,990.7,0,1077.5445634920634,0,2382.8,0,797.5008346268098,0,34.19742729663849,0.0015291929244995,0,0.0015291929244995,0,0,0
5.5,0,77.6,0,65.16380952380953,0,82.4,0,8.170293582932437,0,44.13388879299164,0.0081954002380371,0,0.0081954002380371,0,0,0
5.5,0,964.2,0,742.2971031746031,0,1245.6,0,545.528190067794,0,51.053766059875485,0.001832890510559,0,0.001832890510559,0,0,0
13.5,0,162.4,0,118.5661880865093,0,395.6,0,90.1256130254147,0,12.125379848480224,166526029.40080312,0,166526029.40080312,0,0,0
5.5,0,1806.8,0,1780.6914285714288,0,3396.4,0,1224.9673082213164,0,67.02865355014801,0.0009947061538696,0,0.0009947061538696,0,0,0
13.5,0,1752.4,0,1130.3898021010637,0,2962.0,0,894.1392455906811,0,10.83879451751709,166520885.5819925,0,166520885.5819925,0,0,0
5.5,0,1852.1,0,1746.2641666666666,0,2914.9,0,477.1959504878485,0,14.167784810066223,0.0005540132522583,0,0.0005540132522583,0,0,0
13.5,0,1542.4,0,340.87537482082763,0,2334.0,0,615.0494074012735,0,5.09666223526001,166516868.4620832,0,166516868.4620832,0,0,0
5.5,0,66.0,0,66.0,0,66.0,0,0.0,0,31.354725456237794,0.0001173973083496,0,0.0001173973083496,0,0,0
13.5,0,93.6,0,697.5484292290097,0,3494.0,0,1100.5429529071996,0,18.610683727264405,166523614.5902642,0,166523614.5902642,0,0,0
5.5,0,110.5,0,110.76170634920636,0,199.9,0,50.504677966568025,0,69.407728099823,0.0345919847488403,0,0.0345919847488403,0,0,0
5.5,0,75.2,0,76.52642857142857,0,145.4,0,37.29719336908574,0,48.31526913642883,0.0156489849090576,0,0.0156489849090576,0,0,0
5.5,0,1196.8,0,1738.627142857143,0,4254.0,0,1480.6177490790826,0,0.2951039552688598,8.599758148193359e-05,0,8.599758148193359e-05,0,0,0
5.5,0,66.0,0,66.0,0,66.0,0,0.0,0,9.470863556861875,0.0012407779693603,0,0.0012407779693603,0,0,0
5.5,0,813.5,0,260.38908730158727,0,997.8,0,328.5635118001126,0,33.015471363067626,0.0194089889526367,0,0.0194089889526367,0,0,0
13.5,0,86.1,0,282.5296514227087,0,1514.0,0,480.2499367492155,0,17.211185455322266,166519639.9458284,0,166519639.9458284,0,0,0
13.5,0,142.6,0,205.55521828532665,0,1312.0,0,318.9866822120738,0,19.54988431930542,166518767.42041293,0,166518767.42041293,0,0,0
13.5,0,1105.0,0,317.0197914443657,0,1121.4,0,415.1578902447457,0,53.72022883892059,166524114.8001172,0,166524114.8001172,0,0,0
5.5,0,75.5,0,85.7251984126984,0,148.1,0,30.64411161540704,0,32.07452626228333,0.0057154178619384,0,0.0057154178619384,0,0,0
13.5,0,78.4,0,193.9658795577488,0,1498.0,0,351.18465382261434,0,61.693705105781554,166526174.0262429,0,166526174.0262429,0,0,0
5.5,0,2093.2,0,2469.56507936508,0,2962.0,0,557.1025491004921,0,3.096305418014526,0.0015673160552978,0,0.0015673160552978,0,0,0
13.5,0,66.0,0,288.767754397735,0,1514.0,0,480.73734520866645,0,13.283059215545654,166520903.84972128,0,166520903.84972128,0,0,0
13.5,0,138.8,0,110.38371000258772,0,214.4,0,46.48486310090172,0,112.31051437854768,166516429.9769345,0,166516429.9769345,0,0,0
13.5,0,3106.8,0,1829.6446548979056,0,6147.6,0,1705.4739174755557,0,1.5564548015594482,166526070.8614205,0,166526070.8614205,0,0,0
5.5,0,1946.1,0,1697.8033730158727,0,3251.6,0,910.5135457005166,0,5.882760429382325,0.0014176130294799,0,0.0014176130294799,0,0,0
5.5,0,62.8,0,65.31333333333333,0,66.0,0,1.3285684308966563,0,26.15206718444824,0.005013108253479,0,0.005013108253479,0,0,0
5.5,0,507.6,0,180.8063492063492,0,550.8,0,191.5316989257309,0,16.41476414203644,0.0031858921051025,0,0.0031858921051025,0,0,0
13.5,0,56.4,0,81.84555374364199,0,345.0,0,71.92379473667555,0,0.9382555484771729,166516811.4686758,0,166516811.4686758,0,0,0
5.5,0,83.6,0,68.77698412698413,0,119.7,0,29.06187013050614,0,2.841351795196533,0.0291289091110229,0,0.0291289091110229,0,0,0
5.5,0,1524.6,0,824.9932539682538,0,2093.2,0,747.3703033552013,0,18.9608934879303,0.0094422101974487,0,0.0094422101974487,0,0,0
5.5,0,747.7,0,655.0478968253968,0,1369.2,0,598.3230795508273,0,1.0908880949020383,0.0011932134628295,0,0.0011932134628295,0,0,0
5.5,0,77.2,0,98.80444444444444,0,178.0,0,38.88652229790191,0,66.51370882987976,0.0031480073928833,0,0.0031480073928833,0,0,0
13.5,0,66.0,0,69.41073415619469,0,117.0,0,12.673380506875649,0,11.964183807373049,166524203.8123729,0,166524203.8123729,0,0,0
5.5,0,122.5,0,131.6652777777778,0,281.0,0,79.79056305460901,0,23.21486849784851,0.0146728038787841,0,0.0146728038787841,0,0,0
5.5,0,780.8,0,675.1468253968254,0,1744.0,0,678.8235339015916,0,0.3245769262313843,7.278919219970703e-05,0,7.278919219970703e-05,0,0,0
13.5,0,2141.7,0,806.5981224666286,0,4989.2,0,1283.5430217537012,0,5.075863981246949,166523036.4994033,0,166523036.4994033,0,0,0
13.5,0,121.7,0,143.6408045652318,0,709.0,0,164.73687996138736,0,71.91073439121246,166518543.5996382,0,166518543.5996382,0,0,0
13.5,0,931.4,0,959.2964010039666,0,2962.0,0,867.239832400655,0,5.770957326889038,166520137.2343683,0,166520137.2343683,0,0,0
5.5,0,1196.3,0,1036.921507936508,0,1514.0,0,581.8298368437228,0,2.3260350942611696,0.0104444026947021,0,0.0104444026947021,0,0,0
5.5,0,93.5,0,95.50011904761904,0,199.0,0,46.14482003670578,0,18.643339252471925,0.0181756019592285,0,0.0181756019592285,0,0,0
13.5,0,920.4,0,776.2836980064999,0,2858.0,0,881.8935075650573,0,0.0021533250808715,166520193.37696978,0,166520193.37696978,0,0,0
5.5,0,143.6,0,155.5045238095238,0,292.0,0,82.90981011030775,0,9.560844564437868,0.019069504737854,0,0.019069504737854,0,0,0
13.5,0,955.3,0,246.34405950602545,0,1147.3,0,329.03782894599107,0,18.152763056755067,166523705.7967773,0,166523705.7967773,0,0,0
5.5,0,119.6,0,98.75440476190477,0,231.6,0,57.95811620241032,0,7.114148855209351,0.0098237991333007,0,0.0098237991333007,0,0,0
5.5,0,941.4,0,1126.7018253968251,0,2962.0,0,1033.2805812127062,0,29.65407648086548,0.0081174850463867,0,0.0081174850463867,0,0,0
5.5,0,798.4,0,348.41365079365085,0,835.0,0,346.60372972218045,0,6.691689085960388,0.0009328126907348,0,0.0009328126907348,0,0,0
5.5,0,210.2,0,488.9572222222222,0,1514.0,0,503.4902407244663,0,12.983569431304932,0.0011570930480957,0,0.0011570930480957,0,0,0
5.5,0,102.0,0,117.07555555555555,0,224.3,0,67.24507437814688,0,44.70938212871552,0.0059476137161254,0,0.0059476137161254,0,0,0
13.5,0,295.7,0,856.7340454402838,0,1999.0,0,705.2023101892244,0,26.89978494644165,166518059.57855028,0,166518059.57855028,0,0,0
5.5,0,94.1,0,79.59293650793651,0,143.8,0,27.81287198592577,0,28.54935507774353,0.0191601991653442,0,0.0191601991653442,0,0,0
5.5,0,419.8,0,827.9432539682539,0,1514.0,0,476.597850170822,0,1.5969046115875245,0.0078486919403076,0,0.0078486919403076,0,0,0
5.5,0,676.5,0,505.2370238095238,0,1115.8,0,481.34902255893815,0,1.93637764453888,0.0070309877395629,0,0.0070309877395629,0,0,0
5.5,0,120.2,0,97.1206746031746,0,193.6,0,45.7202042848733,0,107.94687457084656,0.0075001001358032,0,0.0075001001358032,0,0,0
5.5,0,116.4,0,185.07,0,400.0,0,113.99517758790414,0,0.186394453048706,0.0105147838592529,0,0.0105147838592529,0,0,0
13.5,0,442.4,0,139.7301120843381,0,929.7,0,198.3454111847596,0,10.159925436973571,166522109.5348374,0,166522109.5348374,0,0,0
5.5,0,1028.5,0,1206.5749206349203,0,1514.0,0,456.0919229863245,0,32.807481956481936,0.0106575012207031,0,0.0106575012207031,0,0,0
13.5,0,111.0,0,356.8128808137168,0,1514.0,0,557.3923872375539,0,84.26545302867889,166522534.9913964,0,166522534.9913964,0,0,0
13.5,0,96.2,0,95.97631236195863,0,321.9,0,86.22129027016733,0,57.29935443401337,166522739.56344587,0,166522739.56344587,0,0,0
5.5,0,1054.4,0,966.8392063492064,0,2299.6,0,783.6889867713834,0,0.0297684907913208,6.630420684814454e-05,0,6.630420684814454e-05,0,0,0
13.5,0,934.8,0,686.8471569662707,0,1658.8,0,725.6954339724577,0,34.352296805381776,166522342.29131642,0,166522342.29131642,0,0,0
5.5,0,802.2,0,1424.6230952380952,0,2817.2,0,781.7994863115198,0,39.60425193309784,0.0042464017868041,0,0.0042464017868041,0,0,0
13.5,0,115.3,0,86.45211924470438,0,225.8,0,45.944603017203605,0,11.871639275550844,166518185.2748889,0,166518185.2748889,0,0,0
13.5,0,344.1,0,142.02259970378776,0,857.9,0,199.8134068267209,0,9.568474721908569,166519561.47146362,0,166519561.47146362,0,0,0
13.5,0,114.2,0,88.26404812636625,0,401.2,0,82.38485892389451,0,69.12770631313325,166525708.78283247,0,166525708.78283247,0,0,0
13.5,0,1514.0,0,1235.657341998387,0,2962.0,0,927.6864904504504,0,1.7190039873123169,166518465.2193412,0,166518465.2193412,0,0,0
13.5,0,366.7,0,123.1673072704729,0,427.6,0,109.16818741823953,0,73.15721871852875,166520734.64212063,0,166520734.64212063,0,0,0
5.5,0,995.6,0,562.8895238095239,0,1080.0,0,437.216467649897,0,44.267122220993045,0.0063042163848876,0,0.0063042163848876,0,0,0
13.5,0,1229.5,0,675.0196180560926,0,2962.0,0,862.880019540881,0,0.064309811592102,166519007.1650528,0,166519007.1650528,0,0,0
5.5,0,66.0,0,66.0,0,66.0,0,0.0,0,36.26542615890503,0.0018237113952636,0,0.0018237113952636,0,0,0
5.5,0,675.6,0,226.88301587301584,0,1053.2,0,310.9765583214236,0,7.694860553741455,0.0121156930923461,0,0.0121156930923461,0,0,0
5.5,0,815.2,0,1190.2973015873015,0,1514.0,0,405.14850115284,0,110.1022481918335,0.0008040904998779,0,0.0008040904998779,0,0,0
13.5,0,177.0,0,667.6914942865872,0,1514.0,0,627.4060697896149,0,18.88460922241211,166522111.1011257,0,166522111.1011257,0,0,0
5.5,0,86.8,0,91.88253968253969,0,137.6,0,22.82760277692645,0,34.5079133272171,0.0200337886810302,0,0.0200337886810302,0,0,0
5.5,0,1378.2,0,1468.3561111111112,0,1514.0,0,128.32945112093617,0,27.99313552379608,0.0090232133865356,0,0.0090232133865356,0,0,0
13.5,0,526.6,0,215.6596548841595,0,1388.0,0,376.027220081682,0,29.331594610214232,166525028.7915473,0,166525028.7915473,0,0,0
5.5,0,155.9,0,131.30150793650793,0,263.7,0,71.32363102873313,0,124.58559608459473,0.0212008953094482,0,0.0212008953094482,0,0,0
13.5,0,127.5,0,376.5316908341057,0,1514.0,0,568.8304612233542,0,7.954191756248474,166518656.1686311,0,166518656.1686311,0,0,0
13.5,0,126.3,0,108.51792464888054,0,333.6,0,70.85095661960618,0,11.180265402793884,166518088.99470642,0,166518088.99470642,0,0,0
5.5,0,637.2,0,1144.0266666666666,0,2922.0,0,1161.3141613129444,0,0.8283000469207764,0.0003261804580688,0,0.0003261804580688,0,0,0
13.5,0,83.7,0,69.91315050919152,0,174.6,0,37.20450171521462,0,109.08931736946106,166522975.8483361,0,166522975.8483361,0,0,0
13.5,0,68.4,0,587.7807596909454,0,3054.0,0,1008.7933034810916,0,26.16898529529572,166523371.295565,0,166523371.295565,0,0,0
5.5,0,1280.5,0,1749.0990873015871,0,2673.1,0,637.0622115411255,0,38.10957193374634,0.0108350992202758,0,0.0108350992202758,0,0,0
5.5,0,146.7,0,139.33503968253967,0,439.6,0,141.47801850131208,0,125.03170645236968,0.0097913980484008,0,0.0097913980484008,0,0,0
13.5,0,1378.6,0,1310.5093506991805,0,4410.0,0,1188.9558645987938,0,79.06342165470123,166524146.61305422,0,166524146.61305422,0,0,0
13.5,0,141.7,0,122.7395300382452,0,441.0,0,103.6883288723678,0,47.45633234977722,166516967.2933542,0,166516967.2933542,0,0,0
13.5,0,70.2,0,68.09150119187659,0,195.0,0,35.75232788647854,0,53.18626596927643,166522736.8824851,0,166522736.8824851,0,0,0
13.5,0,115.0,0,91.71964646722384,0,215.6,0,49.04760870168563,0,39.30411458015442,166522940.3490592,0,166522940.3490592,0,0,0
13.5,0,2143.9,0,723.4253549481994,0,3695.0,0,1076.05632393599,0,11.41005380153656,166518404.3259109,0,166518404.3259109,0,0,0
5.5,0,95.0,0,97.3126984126984,0,161.0,0,41.43837554007705,0,88.47783937454224,0.0259735107421875,0,0.0259735107421875,0,0,0
5.5,0,198.9,0,193.64246031746035,0,352.4,0,114.39589236963964,0,1.7014337062835694,0.0430387020111084,0,0.0430387020111084,0,0,0
5.5,0,826.6,0,400.8605555555556,0,865.5,0,338.08713177317543,0,45.76463785171509,0.0084666967391967,0,0.0084666967391967,0,0,0
13.5,0,75.8,0,247.0732883890276,0,1514.0,0,446.48696716607947,0,5.529964280128479,166518096.0359683,0,166518096.0359683,0,0,0
5.5,0,648.4,0,210.1993650793651,0,938.0,0,288.9989226899821,0,5.763894939422608,0.0067585945129394,0,0.0067585945129394,0,0,0
13.5,0,2141.7,0,705.2021754032861,0,2962.0,0,872.0320022084816,0,36.14867143630981,166524037.2267941,0,166524037.2267941,0,0,0
13.5,0,82.4,0,82.00171660726613,0,317.0,0,68.36397070123282,0,41.83212766647339,166518112.8192882,0,166518112.8192882,0,0,0
13.5,0,161.7,0,73.56652822667527,0,186.2,0,29.55622857396101,0,30.95880210399628,166526138.36328438,0,166526138.36328438,0,0,0
5.5,0,66.0,0,66.0,0,66.0,0,0.0,0,1.5367706775665284,0.0009231090545654,0,0.0009231090545654,0,0,0
5.5,0,99.4,0,87.52849206349207,0,161.2,0,38.61864707535217,0,101.93330492973328,0.0261344194412231,0,0.0261344194412231,0,0,0
5.5,0,103.0,0,77.39781746031747,0,116.3,0,18.39824994338276,0,102.57754576206209,0.0118582963943481,0,0.0118582963943481,0,0,0
13.5,0,2005.9,0,924.2487631915726,0,4265.2,0,1191.90690198671,0,30.33046336174011,166519227.820733,0,166519227.820733,0,0,0
13.5,0,87.3,0,88.56389232112917,0,230.0,0,54.75171801667494,0,14.175138330459594,166525578.3169952,0,166525578.3169952,0,0,0
13.5,0,111.0,0,135.59360895167782,0,357.0,0,96.04733088333128,0,91.69075574874878,166517953.7196077,0,166517953.7196077,0,0,0
13.5,0,1015.6,0,1011.2986089834658,0,1948.4,0,716.5467206181405,0,71.22074205875397,166522986.15467247,0,166522986.15467247,0,0,0
13.5,0,177.9,0,862.6889257796727,0,4895.0,0,1526.04725836102,0,4.729878067970276,166518319.97686422,0,166518319.97686422,0,0,0
5.5,0,780.8,0,1051.3125396825396,0,2578.8,0,884.8913447166767,0,0.3491758346557617,7.46011734008789e-05,0,7.46011734008789e-05,0,0,0
5.5,0,1853.0,0,1024.9838095238094,0,3110.9,0,997.6923729192938,0,93.8405392408371,0.0024172067642211,0,0.0024172067642211,0,0,0
13.5,0,1707.3,0,453.28323155173,0,2382.8,0,679.1429070807882,0,13.33163537979126,166523533.119171,0,166523533.119171,0,0,0
13.5,0,674.7,0,363.032441720646,0,2454.2,0,627.5307022958175,0,0.0741032600402832,166521798.92317685,0,166521798.92317685,0,0,0
5.5,0,100.2,0,125.86821428571427,0,206.0,0,45.955188333561225,0,60.95688304901123,0.012835693359375,0,0.012835693359375,0,0,0
5.5,0,645.2,0,539.5304761904761,0,1224.4,0,564.9516099568597,0,12.537537765502927,0.0030776977539062,0,0.0030776977539062,0,0,0
5.5,0,1375.8,0,1583.4180952380952,0,2238.0,0,403.85169362452496,0,100.61095976829527,0.004103398323059,0,0.004103398323059,0,0,0
5.5,0,125.6,0,114.96579365079364,0,217.8,0,48.13753960153866,0,11.984493398666382,0.0093590974807739,0,0.0093590974807739,0,0,0
5.5,0,522.4,0,172.0884126984127,0,522.4,0,180.2512876935542,0,12.547047400474549,0.0037657022476196,0,0.0037657022476196,0,0,0
5.5,0,81.2,0,95.92031746031748,0,213.6,0,57.93845940496438,0,54.537045216560365,0.0112961053848266,0,0.0112961053848266,0,0,0
5.5,0,2414.8,0,2447.87746031746,0,6726.8,0,2143.373442135346,0,33.6131183385849,0.0008833885192871,0,0.0008833885192871,0,0,0
13.5,0,1369.2,0,1006.9040070249667,0,1514.0,0,686.6051116637207,0,7.967914628982544,166526163.50430262,0,166526163.50430262,0,0,0
5.5,0,497.6,0,157.41666666666666,0,506.0,0,180.49638376585744,0,31.66349139213562,0.0215783834457397,0,0.0215783834457397,0,0,0
5.5,0,1375.8,0,855.7553174603174,0,2102.2,0,759.2063096968786,0,6.867726182937622,0.0035735130310058,0,0.0035735130310058,0,0,0
13.5,0,80.1,0,71.18706674775173,0,140.2,0,17.60704848317789,0,33.1611486196518,166518898.2372442,0,166518898.2372442,0,0,0
13.5,0,358.8,0,1159.7701076035248,0,4410.0,0,1428.1891313029278,0,57.69487013816833,166519523.42364842,0,166519523.42364842,0,0,0
5.5,0,1356.6,0,1088.6253968253968,0,1369.2,0,502.4908863973623,0,17.813305592536928,0.0018565893173217,0,0.0018565893173217,0,0,0
5.5,0,112.9,0,96.10396825396823,0,156.8,0,34.66974759772204,0,107.07556772232056,0.0064342975616455,0,0.0064342975616455,0,0,0
5.5,0,2723.1,0,4148.199484126983,0,10491.6,0,3341.884668514985,0,53.54029355049133,0.0016653060913085,0,0.0016653060913085,0,0,0
13.5,0,110.9,0,198.7320243065328,0,1514.0,0,365.6360932180585,0,8.211552596092224,166520986.11214727,0,166520986.11214727,0,0,0
13.5,0,72.1,0,72.57402374242545,0,156.0,0,29.305820157764508,0,38.70389213562012,166526001.3430722,0,166526001.3430722,0,0,0
13.5,0,1393.5,0,660.4330519136865,0,2962.0,0,855.0022047828612,0,31.330260968208314,166519316.4192374,0,166519316.4192374,0,0,0
13.5,0,510.6,0,1287.4850341540125,0,2962.0,0,716.0497901650344,0,11.147790718078614,166521357.90497652,0,166521357.90497652,0,0,0
5.5,0,66.0,0,66.0,0,66.0,0,0.0,0,18.1877583026886,0.0023023128509521,0,0.0023023128509521,0,0,0
13.5,0,98.3,0,128.85165410269124,0,414.0,0,104.86882295049703,0,625.0249601602554,166516654.3899054,0,166516654.3899054,0,0,0
5.5,0,1097.6,0,449.06396825396826,0,1559.0,0,596.9112677210652,0,103.02763216495514,0.0261432886123657,0,0.0261432886123657,0,0,0
5.5,0,117.3,0,154.11154761904763,0,230.0,0,59.23021639614497,0,173.06341156959533,0.0543733119964599,0,0.0543733119964599,0,0,0
5.5,0,76.3,0,84.27734126984126,0,196.4,0,51.27546810757845,0,1.3670763492584228,0.0121842861175537,0,0.0121842861175537,0,0,0
13.5,0,66.0,0,837.8290764047613,0,5858.0,0,1532.7895161592285,0,40.64277243614197,166520959.540211,0,166520959.540211,0,0,0
13.5,0,94.4,0,90.19225286323584,0,230.0,0,54.26150901205817,0,124.40564424991608,166523173.8173833,0,166523173.8173833,0,0,0
13.5,0,945.4,0,1669.077718104479,0,2962.0,0,909.6757439857888,0,99.9662205696106,166517749.8973633,0,166517749.8973633,0,0,0
13.5,0,66.0,0,652.2450120235801,0,1514.0,0,696.4133248387734,0,16.490670347213744,166526270.69704258,0,166526270.69704258,0,0,0
13.5,0,1224.4,0,884.4872439170737,0,2962.0,0,886.1391677322994,0,27.724063324928284,166522284.6659453,0,166522284.6659453,0,0,0
13.5,0,99.1,0,83.82598998868349,0,198.8,0,37.651767253299525,0,32.36841187477112,166517574.2633247,0,166517574.2633247,0,0,0
13.5,0,64.4,0,145.70308025651678,0,1192.0,0,279.68693836210093,0,11.83289349079132,166525218.3513697,0,166525218.3513697,0,0,0
5.5,0,168.2,0,138.61333333333334,0,311.4,0,110.44863357076795,0,179.40459365844723,0.0166763067245483,0,0.0166763067245483,0,0,0
13.5,0,75.2,0,75.859922067097,0,149.8,0,29.681332203965344,0,77.91364753246307,166522438.45421094,0,166522438.45421094,0,0,0
13.5,0,1372.4,0,1249.194455800048,0,2527.6,0,674.2192878238475,0,14.0389577627182,166521285.7996792,0,166521285.7996792,0,0,0
5.5,0,2527.6,0,2878.567619047619,0,6437.2,0,2154.619992134899,0,1.641996169090271,0.0030990123748779,0,0.0030990123748779,0,0,0
13.5,0,69.8,0,116.77437590788983,0,390.0,0,116.41075524554532,0,68.82374680042267,166518346.8565814,0,166518346.8565814,0,0,0
13.5,0,803.5,0,1049.644426107518,0,3447.0,0,1064.9247802707582,0,3.0894518852233888,166520752.1304348,0,166520752.1304348,0,0,0
13.5,0,75.0,0,67.45870133306666,0,90.4,0,5.602750386878642,0,10.738093900680544,166517677.3566929,0,166517677.3566929,0,0,0
13.5,0,1659.6,0,1125.0459143415064,0,2962.0,0,918.9765190119506,0,14.240957808494567,166518728.1939123,0,166518728.1939123,0,0,0
13.5,0,66.0,0,453.3523967192079,0,1514.0,0,635.4658971016096,0,23.381066703796385,166517912.7251215,0,166517912.7251215,0,0,0
13.5,0,500.4,0,87.72,0,500.4,0,94.67528505370343,0,0.2592353820800781,166521379.4725117,0,166521379.4725117,0,0,0
5.5,0,788.2,0,858.4992063492064,0,2672.4,0,1152.274761346652,0,17.599798822402953,0.0029578924179077,0,0.0029578924179077,0,0,0
5.5,0,973.8,0,968.9853968253968,0,2831.2,0,938.9966630448572,0,44.70460243225098,0.0019208908081054,0,0.0019208908081054,0,0,0
13.5,0,66.0,0,85.6618792533576,0,214.0,0,43.32788097410779,0,61.07076258659363,166522818.8724053,0,166522818.8724053,0,0,0
5.5,0,205.7,0,174.94750000000002,0,342.7,0,106.38529365869265,0,12.743553972244262,0.0095088005065917,0,0.0095088005065917,0,0,0
5.5,0,2299.6,0,2201.547619047619,0,3276.8,0,719.3010243169157,0,0.6178630352020263,0.0002014875411987,0,0.0002014875411987,0,0,0
13.5,0,1384.0,0,1089.6422253666528,0,7306.0,0,1773.1288181251052,0,29.36135075092316,166522697.0031881,0,166522697.0031881,0,0,0
13.5,0,260.4,0,249.1777868811615,0,390.0,0,114.32579148673308,0,25.17300605773925,166521535.294727,0,166521535.294727,0,0,0
5.5,0,466.5,0,474.999880952381,0,1524.5,0,478.36452519645536,0,26.6277412891388,0.0147269010543823,0,0.0147269010543823,0,0,0
5.5,0,137.1,0,170.4895634920635,0,522.3,0,173.98982731495835,0,135.52824301719664,0.0090887069702148,0,0.0090887069702148,0,0,0
13.5,0,658.8,0,325.6139559004806,0,2265.0,0,604.0904201703253,0,39.62112228870392,166524686.1628173,0,166524686.1628173,0,0,0
5.5,0,1529.1,0,1194.262738095238,0,3123.2,0,982.2633392171168,0,60.316493725776674,0.0066149950027465,0,0.0066149950027465,0,0,0
13.5,0,142.9,0,137.18042035492888,0,293.6,0,76.85607355384977,0,66.09981844425201,166519433.35933402,0,166519433.35933402,0,0,0
5.5,0,517.7,0,411.14234126984127,0,1810.8,0,635.5851111755097,0,45.908155870437625,0.0120754957199096,0,0.0120754957199096,0,0,0
13.5,0,90.6,0,99.9327636231158,0,230.0,0,61.04089075751676,0,99.41761531829836,166517299.4756811,0,166517299.4756811,0,0,0
13.5,0,1562.5,0,1497.5239821998607,0,4410.0,0,981.6436557966508,0,36.6273868560791,166517804.7359791,0,166517804.7359791,0,0,0
13.5,0,172.5,0,127.3111375372134,0,341.4,0,90.95513976293748,0,71.83976027965545,166522115.3342844,0,166522115.3342844,0,0,0
5.5,0,385.0,0,158.85444444444445,0,786.7,0,229.8028479446829,0,66.96547780036926,0.0062474966049194,0,0.0062474966049194,0,0,0
13.5,0,1578.9,0,785.6559902464237,0,2093.9,0,745.9039464521491,0,7.64201512336731,166523721.6847768,0,166523721.6847768,0,0,0
13.5,0,235.7,0,150.25693557646346,0,850.0,0,187.59854546089664,0,50.60895748138428,166517205.8847458,0,166517205.8847458,0,0,0
13.5,0,178.4,0,123.95481983444832,0,732.0,0,167.1881771002349,0,3.941968894004822,166517893.1147929,0,166517893.1147929,0,0,0
5.5,0,101.3,0,81.82424603174603,0,129.0,0,25.767046825625187,0,50.85102753639221,0.0066590070724487,0,0.0066590070724487,0,0,0
5.5,0,1369.2,0,1499.52,0,1514.0,0,43.440000000000005,0,66.13226888179778,0.0018787860870361,0,0.0018787860870361,0,0,0
13.5,0,87.7,0,82.03568394539758,0,218.0,0,42.21807982794813,0,46.1033420085907,166523330.50619483,0,166523330.50619483,0,0,0
5.5,0,66.0,0,66.0,0,66.0,0,0.0,0,12.743792796134947,0.0004472970962524,0,0.0004472970962524,0,0,0
13.5,0,85.9,0,561.3337494093455,0,1516.0,0,648.1589018348307,0,62.481810569763184,166518638.3457334,0,166518638.3457334,0,0,0
5.5,0,108.8,0,107.60984126984128,0,317.6,0,86.02175351784146,0,26.299002599716182,0.0070028066635131,0,0.0070028066635131,0,0,0
5.5,0,355.6,0,431.5625396825397,0,1224.4,0,526.0892935325135,0,44.52127006053925,0.0031174898147583,0,0.0031174898147583,0,0,0
5.5,0,1297.7,0,2343.3025793650795,0,4410.0,0,1194.7963801183637,0,0.0016376972198486,166525781.8843421,0,166525781.8843421,0,0,0
5.5,0,1322.4,0,1479.3071428571427,0,2718.4,0,816.6944947521333,0,0.3020649671554565,7.07864761352539e-05,0,7.07864761352539e-05,0,0,0
5.5,0,159.3,0,124.81607142857142,0,385.0,0,113.97708173734527,0,58.34564428329468,0.0081414937973022,0,0.0081414937973022,0,0,0
5.5,0,110.0,0,84.62793650793651,0,149.2,0,30.83042774173264,0,84.00706698894501,0.0148624181747436,0,0.0148624181747436,0,0,0
5.5,0,925.8,0,304.82444444444445,0,1803.6,0,547.0581467054196,0,17.432976293563843,0.0008686065673828,0,0.0008686065673828,0,0,0
13.5,0,95.5,0,118.88864614272896,0,441.0,0,105.33698038129891,0,0.5646417379379273,166516672.9668434,0,166516672.9668434,0,0,0
13.5,0,1087.4,0,897.4080293481029,0,2962.0,0,945.4395353063524,0,5.385759162902832,166525517.9477243,0,166525517.9477243,0,0,0
5.5,0,75.9,0,82.07115079365079,0,169.6,0,37.441032312355176,0,33.43848261833191,0.0062716007232666,0,0.0062716007232666,0,0,0
5.5,0,126.2,0,140.5988888888889,0,230.0,0,67.99850672238586,0,119.07159430980684,0.0278431892395019,0,0.0278431892395019,0,0,0
13.5,0,142.3,0,303.15016706762447,0,1494.0,0,452.3583260103927,0,9.176043343544006,166518305.7535637,0,166518305.7535637,0,0,0
5.5,0,2238.0,0,2198.294920634921,0,3396.4,0,698.2863045911901,0,8.500962734222412,0.000583004951477,0,0.000583004951477,0,0,0
13.5,0,111.4,0,136.7792352968669,0,256.4,0,67.24691291116127,0,83.42182993888855,166516705.16253167,0,166516705.16253167,0,0,0
5.5,0,126.8,0,154.32365079365078,0,243.0,0,52.896800054908944,0,14.584383702278137,0.0207959175109863,0,0.0207959175109863,0,0,0
5.5,0,645.4,0,292.7950793650794,0,791.2,0,328.8170126491862,0,7.359763836860656,0.0012670040130615,0,0.0012670040130615,0,0,0
5.5,0,110.4,0,98.64261904761904,0,178.6,0,36.98951184774684,0,23.335835456848145,0.0234372854232788,0,0.0234372854232788,0,0,0
5.5,0,515.4,0,174.8523015873016,0,559.0,0,196.1250412274155,0,61.59629890918732,0.009731101989746,0,0.009731101989746,0,0,0
13.5,0,119.2,0,111.28837786310696,0,334.0,0,82.76401148230451,0,48.82616951465607,166520607.8328481,0,166520607.8328481,0,0,0
5.5,0,538.7,0,217.2372619047619,0,650.8,0,227.7464256912695,0,29.668938517570496,0.039203405380249,0,0.039203405380249,0,0,0
5.5,0,1369.2,0,1391.5520634920636,0,1514.0,0,299.38756729262553,0,23.618817734718323,0.0005115985870361,0,0.0005115985870361,0,0,0
5.5,0,145.9,0,161.53313492063495,0,290.7,0,104.08008456203454,0,19.5783935546875,0.0063899993896484,0,0.0063899993896484,0,0,0
5.5,0,1074.8,0,1396.450476190476,0,2962.0,0,930.5827085108192,0,68.57173154354095,0.0015330076217651,0,0.0015330076217651,0,0,0
13.5,0,697.2,0,1437.349429027715,0,4265.2,0,1129.5058013191324,0,20.960787892341614,166519236.3788469,0,166519236.3788469,0,0,0
13.5,0,141.9,0,485.9137073001817,0,2962.0,0,978.0471397753718,0,14.5494220495224,166521916.5527221,0,166521916.5527221,0,0,0
13.5,0,355.6,0,543.8483278477629,0,1514.0,0,669.0462522424062,0,48.12118515968323,166522566.8231364,0,166522566.8231364,0,0,0
5.5,0,420.1,0,269.37591269841266,0,1147.7,0,349.4803096360497,0,11.814082860946655,0.0092243194580078,0,0.0092243194580078,0,0,0
5.5,0,156.3,0,247.2301190476191,0,595.0,0,175.50868276585587,0,70.22576582431793,0.0091341018676757,0,0.0091341018676757,0,0,0
5.5,0,65.4,0,65.94,0,66.0,0,0.18,0,19.89815354347229,0.0043184995651245,0,0.0043184995651245,0,0,0
5.5,0,74.5,0,68.94373015873016,0,127.2,0,25.76362085295084,0,4.756198906898499,0.0201020002365112,0,0.0201020002365112,0,0,0
5.5,0,73.4,0,70.4576984126984,0,111.0,0,16.276496619667547,0,33.12348384857178,0.0037669897079467,0,0.0037669897079467,0,0,0
5.5,0,122.0,0,97.56257936507936,0,204.8,0,47.59718345837601,0,4.076739859580994,0.0131519079208374,0,0.0131519079208374,0,0,0
5.5,0,1803.6,0,2362.2292063492064,0,4410.0,0,1005.4943622743206,0,18.55697660446167,0.0005892038345336,0,0.0005892038345336,0,0,0
5.5,0,135.5,0,132.11059523809524,0,202.2,0,54.45364035807152,0,14.163028335571289,0.0196310997009277,0,0.0196310997009277,0,0,0
5.5,0,1184.8,0,771.2907936507937,0,2578.8,0,957.4326642566188,0,0.2901212930679321,9.961128234863282e-05,0,9.961128234863282e-05,0,0,0
13.5,0,654.2,0,889.4697962641073,0,2962.0,0,881.6572882210578,0,12.579676532745362,166520510.274752,0,166520510.274752,0,0,0
5.5,0,442.1,0,678.848888888889,0,2408.0,0,850.6299047202496,0,5.723273038864136,0.0145968914031982,0,0.0145968914031982,0,0,0
5.5,0,236.2,0,104.259126984127,0,309.2,0,80.36792014961789,0,56.29063670635223,0.0040875911712646,0,0.0040875911712646,0,0,0
5.5,0,69.4,0,72.71087301587303,0,138.0,0,30.61736168282667,0,11.499802684783935,0.0089316844940185,0,0.0089316844940185,0,0,0
13.5,0,100.4,0,87.89226599509881,0,226.8,0,59.593370738103545,0,62.12006990909576,166520905.8163033,0,166520905.8163033,0,0,0
13.5,0,2527.6,0,1202.4675253109465,0,3686.0,0,959.6717541642998,0,1.837278938293457,166519391.4749882,0,166519391.4749882,0,0,0
13.5,0,98.9,0,70.50968917391519,0,178.5,0,27.261724342086666,0,22.59349935054779,166518814.8951355,0,166518814.8951355,0,0,0
13.5,0,325.5,0,1095.2912001642148,0,1514.0,0,579.0016811872757,0,17.849240899086,166521351.25430602,0,166521351.25430602,0,0,0
5.5,0,80.2,0,78.92023809523809,0,168.4,0,44.40531644153838,0,31.953772854804992,0.0051464796066284,0,0.0051464796066284,0,0,0
13.5,0,165.5,0,105.2170990305704,0,593.2,0,126.97839667678964,0,80.54608175754547,166523773.20659277,0,166523773.20659277,0,0,0
5.5,0,948.8,0,1026.2861904761903,0,1514.0,0,548.5319529490577,0,3.407754135131836,0.0007768869400024,0,0.0007768869400024,0,0,0
13.5,0,153.3,0,157.65207971509057,0,791.0,0,238.5346676227999,0,41.56682140827179,166521656.9955321,0,166521656.9955321,0,0,0
13.5,0,66.0,0,144.24625417152507,0,435.0,0,123.46236483177913,0,15.614473915100096,166522146.62258092,0,166522146.62258092,0,0,0
5.5,0,670.4,0,1322.831746031746,0,2954.0,0,904.4190480458803,0,3.1575129985809327,0.0172597169876098,0,0.0172597169876098,0,0,0
13.5,0,130.4,0,111.4449762904794,0,230.0,0,59.59174409476874,0,240.2972347021103,166516538.1208201,0,166516538.1208201,0,0,0
5.5,0,412.4,0,575.165,0,1538.0,0,492.12619213342106,0,52.20664384365082,0.0117698907852172,0,0.0117698907852172,0,0,0
5.5,0,65.4,0,64.24261904761906,0,65.4,0,2.0832065516733165,0,4.086508059501648,0.0026173114776611,0,0.0026173114776611,0,0,0
13.5,0,355.2,0,99.80177602067695,0,478.8,0,107.00839517003506,0,87.68737239837647,166517588.7781722,0,166517588.7781722,0,0,0
5.5,0,64.8,0,63.08523809523808,0,64.8,0,2.1799280118750555,0,54.18476641178131,0.0070011854171752,0,0.0070011854171752,0,0,0
5.5,0,1003.7,0,818.6701587301587,0,1254.0,0,520.1818741261477,0,65.72284195423126,0.0079514026641845,0,0.0079514026641845,0,0,0
13.5,0,1923.2,0,557.3947435485052,0,3673.5,0,914.8881241494972,0,14.43345503807068,166523083.44003063,0,166523083.44003063,0,0,0
13.5,0,2412.0,0,1235.6988487604588,0,4410.0,0,1467.854340269123,0,6.612593507766723,166517552.2409978,0,166517552.2409978,0,0,0
13.5,0,1672.2,0,1357.2320998781065,0,2962.0,0,916.9474978559388,0,4.290744757652282,166524345.72733462,0,166524345.72733462,0,0,0
13.5,0,355.6,0,1411.3641381185034,0,2962.0,0,965.9237262122092,0,28.695810890197755,166520425.3788451,0,166520425.3788451,0,0,0
5.5,0,580.0,0,1571.4896825396825,0,5206.0,0,1784.6136126001409,0,19.2240385055542,0.0035023927688598,0,0.0035023927688598,0,0,0
13.5,0,69.2,0,631.5393442445068,0,1514.0,0,683.7584427634318,0,32.498940110206604,166521190.7163522,0,166521190.7163522,0,0,0
5.5,0,1418.1,0,1101.295873015873,0,1466.6,0,509.5088123842419,0,47.5541839838028,0.0009824037551879,0,0.0009824037551879,0,0,0
5.5,0,922.8,0,475.47333333333336,0,1065.6,0,469.2537698878593,0,24.62640063762665,0.0037289857864379,0,0.0037289857864379,0,0,0
13.5,0,926.3,0,281.8195347445811,0,1029.0,0,328.4690458559409,0,28.135892367362977,166516924.9170619,0,166516924.9170619,0,0,0
5.5,0,1224.4,0,738.8028571428571,0,1514.0,0,643.5946262398522,0,1.794829797744751,0.0017845153808593,0,0.0017845153808593,0,0,0
5.5,0,1802.0,0,1850.437142857143,0,4120.4,0,922.8088213089744,0,9.22415359020233,0.0012923955917358,0,0.0012923955917358,0,0,0
5.5,0,131.4,0,193.45452380952383,0,362.6,0,120.72608533369814,0,52.41966092586517,0.0060828924179077,0,0.0060828924179077,0,0,0
13.5,0,655.3,0,1506.9002542774565,0,2962.0,0,1136.976298675173,0,33.56888835430145,166518141.1005188,0,166518141.1005188,0,0,0
5.5,0,950.0,0,728.2561904761905,0,1224.4,0,559.0746864657114,0,34.322831702232364,0.0065851926803588,0,0.0065851926803588,0,0,0
13.5,0,208.4,0,126.20733976592724,0,397.2,0,116.74892809141878,0,11.40399444103241,166519354.87341708,0,166519354.87341708,0,0,0
13.5,0,84.9,0,84.23164697488613,0,230.0,0,49.448734410040224,0,260.7230173587799,166517401.38939512,0,166517401.38939512,0,0,0
13.5,0,511.0,0,1517.0395839184034,0,2962.0,0,734.8266303846552,0,26.341480135917664,166523880.24724263,0,166523880.24724263,0,0,0
5.5,0,1426.1,0,1663.2170238095237,0,2576.8,0,507.0245669102713,0,37.88161623477936,0.0081264019012451,0,0.0081264019012451,0,0,0
5.5,0,1373.2,0,1160.19126984127,0,2672.4,0,868.6238269931815,0,0.0684082746505737,0.0008068084716796,0,0.0008068084716796,0,0,0
13.5,0,1088.8,0,1190.2466280863955,0,2962.0,0,1074.85620903046,0,4.565031838417053,166518439.9257914,0,166518439.9257914,0,0,0
5.5,0,1514.0,0,1514.0,0,1514.0,0,0.0,0,30.77777128219605,0.0020351886749267,0,0.0020351886749267,0,0,0
5.5,0,86.0,0,93.92579365079364,0,178.2,0,41.85302608961631,0,63.78615481853485,0.0094431161880493,0,0.0094431161880493,0,0,0
13.5,0,66.0,0,724.8735864084316,0,4895.0,0,1346.028653063414,0,2.328265404701233,166521564.6149916,0,166521564.6149916,0,0,0
13.5,0,1322.4,0,1113.9771928518678,0,2858.0,0,1038.647152955171,0,0.0989847421646118,166520193.1291252,0,166520193.1291252,0,0,0
5.5,0,1658.8,0,1562.668888888889,0,1948.4,0,136.83434847063,0,13.062177348136904,0.0008444786071777,0,0.0008444786071777,0,0,0
13.5,0,122.4,0,148.68758142571224,0,441.0,0,116.55762118505297,0,160.5185155391693,166517181.6616161,0,166517181.6616161,0,0,0
13.5,0,1015.6,0,1548.60965561786,0,10202.0,0,2589.721801003113,0,27.763400745391845,166522876.1622348,0,166522876.1622348,0,0,0
5.5,0,103.3,0,78.35380952380953,0,135.6,0,25.15327370751517,0,6.665664219856263,0.0149703025817871,0,0.0149703025817871,0,0,0
5.5,0,66.0,0,66.0,0,66.0,0,0.0,0,18.92904863357544,0.001371693611145,0,0.001371693611145,0,0,0
13.5,0,1694.8,0,1490.684818965864,0,3975.6,0,964.5430203628488,0,34.597689270973206,166521562.9667704,0,166521562.9667704,0,0,0
5.5,0,77.7,0,101.5479761904762,0,175.0,0,37.96045253513396,0,24.53413054943085,0.0094333887100219,0,0.0094333887100219,0,0,0
5.5,0,143.5,0,136.35031746031746,0,292.2,0,77.38071368019054,0,113.85497677326202,0.0042963981628417,0,0.0042963981628417,0,0,0
5.5,0,109.0,0,96.70039682539684,0,177.0,0,42.436731057499415,0,387.5220328569412,0.0271496057510375,0,0.0271496057510375,0,0,0
13.5,0,96.8,0,93.94737258828204,0,218.8,0,57.21978709053524,0,90.34955711364746,166516317.3438068,0,166516317.3438068,0,0,0
13.5,0,662.6,0,575.1703136294391,0,1494.0,0,667.9308552451145,0,20.38254766464233,166523708.2550558,0,166523708.2550558,0,0,0
13.5,0,238.6,0,85.12784205474608,0,340.6,0,64.25947768332951,0,12.68716914653778,166520137.9518751,0,166520137.9518751,0,0,0
5.5,0,627.1,0,722.6681349206349,0,2381.6,0,847.3794712746709,0,48.56845874786377,0.0198460817337036,0,0.0198460817337036,0,0,0
5.5,0,211.5,0,490.5665476190477,0,1514.0,0,502.5730334519096,0,1.021786904335022,0.0019994974136352,0,0.0019994974136352,0,0,0
13.5,0,371.7,0,130.21527150609967,0,547.3,0,121.3587514095473,0,15.397523140907287,166517783.23952168,0,166517783.23952168,0,0,0
13.5,0,92.5,0,114.4655551985854,0,317.0,0,73.2970171129832,0,5.733083295822143,166517107.3805887,0,166517107.3805887,0,0,0
13.5,0,113.2,0,77.4461882269777,0,161.8,0,28.856584156942954,0,103.9329957962036,166523221.3201656,0,166523221.3201656,0,0,0
13.5,0,92.4,0,202.0053858009896,0,1458.0,0,340.3050925420795,0,62.09667267799377,166518628.0550007,0,166518628.0550007,0,0,0
5.5,0,579.7,0,278.9338492063492,0,780.6,0,273.4789472560372,0,93.42608182430268,0.0053693056106567,0,0.0053693056106567,0,0,0
13.5,0,68.2,0,2809.693122948602,0,17442.0,0,4944.319719387668,0,21.07736406326294,166519402.7774099,0,166519402.7774099,0,0,0
5.5,0,1514.0,0,1514.0,0,1514.0,0,0.0,0,45.90932281017304,0.0040992021560668,0,0.0040992021560668,0,0,0
5.5,0,146.8,0,127.03849206349209,0,188.4,0,45.35532511513376,0,9.17190260887146,0.0340613842010498,0,0.0340613842010498,0,0,0
5.5,0,136.3,0,150.45694444444445,0,456.7,0,142.55333942540153,0,70.83692667484283,0.0091774940490722,0,0.0091774940490722,0,0,0
13.5,0,129.6,0,104.9648478078509,0,230.0,0,61.41575625050838,0,98.25415620803832,166522683.4171912,0,166522683.4171912,0,0,0
13.5,0,355.6,0,696.2149280913444,0,2962.0,0,995.3686287948652,0,44.5996853351593,166523185.7715649,0,166523185.7715649,0,0,0
5.5,0,654.2,0,409.8200793650793,0,943.8,0,411.5896074488186,0,92.39377567768096,0.0006011962890625,0,0.0006011962890625,0,0,0
5.5,0,66.0,0,66.0,0,66.0,0,0.0,0,0.9433555841445924,3.0040740966796874e-06,0,3.0040740966796874e-06,0,0,0
13.5,0,66.0,0,734.035754631935,0,1514.0,0,703.0517883010322,0,54.54388074874878,166518793.6105441,0,166518793.6105441,0,0,0
5.5,0,1425.2,0,1127.3669841269843,0,2218.0,0,759.804297523592,0,19.64727711677552,0.0082896947860717,0,0.0082896947860717,0,0,0
5.5,0,60.4,0,67.74539682539681,0,84.8,0,9.548743010219647,0,3.340734028816223,0.0065144062042236,0,0.0065144062042236,0,0,0
5.5,0,66.0,0,66.0,0,66.0,0,0.0,0,8.861283493041991,0.0001904964447021,0,0.0001904964447021,0,0,0
5.5,0,141.4,0,152.9086507936508,0,527.6,0,173.02358008158976,0,14.80438973903656,0.0098356008529663,0,0.0098356008529663,0,0,0
13.5,0,78.7,0,200.39967315750985,0,791.0,0,237.58691449864355,0,7.435750102996826,166524705.03605092,0,166524705.03605092,0,0,0
5.5,0,497.2,0,272.3060317460317,0,791.6,0,328.61900164563866,0,30.49605205059052,0.0081887006759643,0,0.0081887006759643,0,0,0
5.5,0,105.9,0,168.06583333333333,0,317.0,0,81.62147361408202,0,61.2852395772934,0.0095961093902587,0,0.0095961093902587,0,0,0
13.5,0,210.8,0,386.86740742917215,0,1514.0,0,601.2127115840083,0,1.2664653778076171,166517958.3462885,0,166517958.3462885,0,0,0
13.5,0,83.9,0,245.95207497395964,0,1514.0,0,412.0698368040774,0,45.93301784992218,166522304.7357279,0,166522304.7357279,0,0,0
5.5,0,586.9,0,265.55392857142857,0,1150.8,0,361.0492556292893,0,4.945871591567993,0.0102448940277099,0,0.0102448940277099,0,0,0
5.5,0,66.0,0,66.0,0,66.0,0,0.0,0,11.585151624679565,0.0026514053344726,0,0.0026514053344726,0,0,0
13.5,0,505.2,0,474.0389670138085,0,2962.0,0,836.8602812003576,0,24.74759066104889,166525361.2534755,0,166525361.2534755,0,0,0
5.5,0,116.4,0,101.51063492063491,0,156.6,0,32.99018556575417,0,66.1307965517044,0.0142623901367187,0,0.0142623901367187,0,0,0
13.5,0,82.6,0,73.02519150010636,0,159.2,0,31.183271850026017,0,7.485647654533386,166524924.3935259,0,166524924.3935259,0,0,0
13.5,0,73.2,0,733.9884058236225,0,2962.0,0,870.6416514156654,0,5.995166778564453,166517922.5332573,0,166517922.5332573,0,0,0
5.5,0,101.4,0,143.54214285714286,0,217.0,0,50.54081440696106,0,8.77793378829956,0.009550404548645,0,0.009550404548645,0,0,0
13.5,0,1079.6,0,1473.1302006365668,0,2962.0,0,623.1442455777824,0,109.43825976848602,166519969.6087236,0,166519969.6087236,0,0,0
5.5,0,1534.0,0,1310.1829365079366,0,2391.8,0,729.2352810961941,0,68.16242842674255,0.0017807006835937,0,0.0017807006835937,0,0,0
13.5,0,1519.7,0,1302.9146068916466,0,2962.0,0,915.0365245491012,0,47.751176404953,166519356.7519039,0,166519356.7519039,0,0,0
5.5,0,979.9,0,722.0416269841269,0,1233.4,0,546.9058233426597,0,102.77371518611908,0.0037549018859863,0,0.0037549018859863,0,0,0
5.5,0,95.4,0,91.81952380952382,0,153.8,0,34.36548295764537,0,17.272175979614257,0.0146964073181152,0,0.0146964073181152,0,0,0
13.5,0,109.3,0,158.0911979107064,0,357.0,0,97.18987637596138,0,402.873645567894,166516497.1117432,0,166516497.1117432,0,0,0
5.5,0,180.3,0,178.1938095238095,0,318.2,0,97.73887719445337,0,8.529678559303283,0.014600396156311,0,0.014600396156311,0,0,0
13.5,0,84.1,0,75.96636349718393,0,147.5,0,22.57524042583489,0,59.54989664554596,166524437.43517798,0,166524437.43517798,0,0,0
5.5,0,142.8,0,129.66714285714286,0,221.0,0,55.046817527473806,0,60.54655792713165,0.0176375150680542,0,0.0176375150680542,0,0,0
5.5,0,301.9,0,123.12253968253968,0,549.6,0,152.40723218849354,0,4.237979459762573,0.0077814817428588,0,0.0077814817428588,0,0,0
5.5,0,1264.0,0,565.8237301587302,0,2708.4,0,862.6724638575088,0,37.55596888065338,0.0226246833801269,0,0.0226246833801269,0,0,0
5.5,0,213.4,0,435.0761111111111,0,1310.0,0,431.351721740987,0,10.911869001388547,0.0110665798187255,0,0.0110665798187255,0,0,0
5.5,0,125.1,0,164.71297619047618,0,258.8,0,62.81703942413456,0,109.6178171634674,0.0290585041046142,0,0.0290585041046142,0,0,0
13.5,0,131.4,0,90.29702122954446,0,349.5,0,69.62491720000983,0,2.163891816139221,166523965.5155418,0,166523965.5155418,0,0,0
13.5,0,115.1,0,106.79783617483308,0,443.3,0,98.26378531736547,0,77.65119442939758,166522062.0979507,0,166522062.0979507,0,0,0
13.5,0,75.0,0,655.053851916917,0,1999.0,0,709.2175156975469,0,31.61520545482636,166524219.23365077,0,166524219.23365077,0,0,0
13.5,0,65.4,0,65.70328261264021,0,66.0,0,1.1526668300947798,0,1.91813759803772,166525881.689581,0,166525881.689581,0,0,0
5.5,0,1996.9,0,2211.378531746032,0,4120.4,0,1024.005404320856,0,11.795629477500915,0.0019098997116088,0,0.0019098997116088,0,0,0
5.5,0,1706.5,0,2160.2163095238097,0,3975.6,0,975.1696266817064,0,85.55709419250488,0.0027086019515991,0,0.0027086019515991,0,0,0
13.5,0,84.1,0,94.43030454538582,0,230.0,0,48.2612567402301,0,102.9479726791382,166524089.2587603,0,166524089.2587603,0,0,0
13.5,0,109.4,0,78.38132788608021,0,229.0,0,41.15828473021641,0,3.2588797092437742,166519067.34700567,0,166519067.34700567,0,0,0
5.5,0,100.4,0,82.2538888888889,0,132.8,0,22.675721267611443,0,28.124031686782835,0.0083081007003784,0,0.0083081007003784,0,0,0
5.5,0,1062.6,0,1515.634523809524,0,2882.0,0,799.9187233881055,0,60.23537247180938,0.0105968952178955,0,0.0105968952178955,0,0,0
5.5,0,147.4,0,141.82055555555556,0,560.6,0,175.9061800656143,0,1.3583516120910644,0.0066025018692016,0,0.0066025018692016,0,0,0
13.5,0,105.2,0,193.1953231430592,0,1514.0,0,360.7353808172669,0,4.638697481155395,166523310.7715854,0,166523310.7715854,0,0,0
13.5,0,764.5,0,185.30116469615697,0,815.0,0,259.884998896952,0,87.54665455818176,166520052.76918322,0,166520052.76918322,0,0,0
5.5,0,165.8,0,219.3824603174604,0,427.5,0,144.51880175908138,0,0.4250898122787475,0.0062505960464477,0,0.0062505960464477,0,0,0
13.5,0,170.1,0,116.44523379011768,0,271.3,0,68.36147056341318,0,47.68482668399811,166519895.6283358,0,166519895.6283358,0,0,0
5.5,0,205.3,0,176.15313492063493,0,453.6,0,121.42217473815256,0,78.58854119777679,0.023076581954956,0,0.023076581954956,0,0,0
13.5,0,66.0,0,66.0,0,66.0,0,0.0,0,2.2594258546829225,166519179.0890931,0,166519179.0890931,0,0,0
13.5,0,66.0,0,647.0285950788118,0,1514.0,0,700.5014014346463,0,1.163850235939026,166522312.20782182,0,166522312.20782182,0,0,0
13.5,0,1369.2,0,1570.364955044955,0,2962.0,0,686.866808617602,0,1.391563320159912,166526144.15858778,0,166526144.15858778,0,0,0
5.5,0,84.0,0,72.21071428571429,0,102.0,0,13.467471566728552,0,9.717590260505675,0.0113876104354858,0,0.0113876104354858,0,0,0
5.5,0,144.8,0,172.78809523809522,0,384.0,0,109.24229290467606,0,29.66980118751525,0.0160251855850219,0,0.0160251855850219,0,0,0
5.5,0,66.7,0,67.62813492063492,0,81.5,0,5.468451269182409,0,22.67997393608093,0.0040054082870483,0,0.0040054082870483,0,0,0
5.5,0,1380.2,0,1275.7933333333335,0,2093.2,0,621.4019437929437,0,37.210278844833375,0.0036588907241821,0,0.0036588907241821,0,0,0
13.5,0,66.0,0,476.3581329884426,0,2922.0,0,802.9080151228857,0,12.773758125305177,166519235.6223833,0,166519235.6223833,0,0,0
5.5,0,254.5,0,97.94043650793652,0,296.8,0,71.48035016480779,0,10.343957376480102,0.0042917966842651,0,0.0042917966842651,0,0,0
5.5,0,841.6,0,361.2371428571428,0,984.4,0,332.0431625361745,0,45.51477134227753,0.0249431848526001,0,0.0249431848526001,0,0,0
13.5,0,1610.7,0,1655.9087053898972,0,6343.0,0,1924.5443140735103,0,33.76211247444153,166520349.0382703,0,166520349.0382703,0,0,0
13.5,0,119.9,0,107.78397042628852,0,256.0,0,59.23461767173658,0,7.213100743293762,166516837.3763576,0,166516837.3763576,0,0,0
13.5,0,75.0,0,161.4748210166167,0,761.0,0,234.7175285870459,0,42.59632859230042,166525988.6736534,0,166525988.6736534,0,0,0
5.5,0,488.2,0,1170.0103968253968,0,2962.0,0,930.5497495331252,0,58.01284105777741,0.0037855148315429,0,0.0037855148315429,0,0,0
13.5,0,1462.0,0,460.6803152918634,0,3974.8,0,1041.0812007010204,0,0.2458628892898559,166520194.5233125,0,166520194.5233125,0,0,0
5.5,0,123.2,0,106.1888888888889,0,208.9,0,58.64618148734844,0,4.170944142341614,0.0047050952911376,0,0.0047050952911376,0,0,0
5.5,0,68.5,0,65.4090873015873,0,75.3,0,6.869821529148908,0,121.09468727111816,0.0187306880950927,0,0.0187306880950927,0,0,0
5.5,0,355.2,0,109.60301587301588,0,356.4,0,106.4061262460405,0,8.30531075000763,0.0044647932052612,0,0.0044647932052612,0,0,0
13.5,0,486.8,0,792.4029888687164,0,1514.0,0,701.9781025061826,0,63.62991061210632,166525612.3565604,0,166525612.3565604,0,0,0
13.5,0,1057.2,0,952.0443928019006,0,2718.4,0,820.8233181329593,0,0.5687962532043457,166517698.1116389,0,166517698.1116389,0,0,0
13.5,0,76.6,0,78.23349955556999,0,241.0,0,44.02695682004464,0,47.07647881507874,166520551.73013252,0,166520551.73013252,0,0,0
5.5,0,978.9,0,1184.937738095238,0,2238.0,0,706.0738821965015,0,2.52946560382843,0.0100247859954833,0,0.0100247859954833,0,0,0
5.5,0,79.8,0,76.325,0,122.2,0,19.315645495730863,0,84.95153505802155,0.0258368015289306,0,0.0258368015289306,0,0,0
5.5,0,66.0,0,66.0,0,66.0,0,0.0,0,47.92936103343963,0.000219702720642,0,0.000219702720642,0,0,0
13.5,0,144.4,0,210.1937332670769,0,761.0,0,225.2199034100342,0,125.90165197849274,166520288.6746016,0,166520288.6746016,0,0,0
13.5,0,75.0,0,938.466576828744,0,4410.0,0,1261.2408962272202,0,26.247084665298463,166520408.5071202,0,166520408.5071202,0,0,0
13.5,0,1378.5,0,412.70938882539895,0,1418.9,0,501.2762290140774,0,39.80852279663086,166517480.3247121,0,166517480.3247121,0,0,0
13.5,0,1948.4,0,1211.0630191600626,0,2962.0,0,1068.6104552763595,0,20.20992648601532,166519498.0684183,0,166519498.0684183,0,0,0
13.5,0,960.8,0,287.48625864804274,0,1543.6,0,447.20152640039953,0,82.47099494934082,166523586.9257727,0,166523586.9257727,0,0,0
13.5,0,94.8,0,95.86988359722493,0,214.0,0,56.53330138543529,0,45.40289442539215,166518577.77705112,0,166518577.77705112,0,0,0
13.5,0,1947.6,0,1267.0648371984053,0,4410.0,0,1339.3470982148478,0,56.39983108043671,166519606.82428473,0,166519606.82428473,0,0,0
5.5,0,100.4,0,92.06563492063492,0,154.2,0,41.88870600604288,0,94.2626659154892,0.0064265966415405,0,0.0064265966415405,0,0,0
5.5,0,112.7,0,125.7911507936508,0,345.6,0,96.74541506371877,0,5.886377120018006,0.0042417049407958,0,0.0042417049407958,0,0,0
5.5,0,208.8,0,80.28,0,208.8,0,42.84,0,0.8527579307556152,3.790855407714844e-06,0,3.790855407714844e-06,0,0,0
13.5,0,110.3,0,116.80845787983944,0,230.0,0,61.25889378937093,0,301.44347541332246,166517355.79204673,0,166517355.79204673,0,0,0
13.5,0,934.8,0,849.3233353608896,0,2382.8,0,808.4281240044182,0,1.8759227037429809,166522478.4338881,0,166522478.4338881,0,0,0
5.5,0,92.9,0,98.8606746031746,0,180.6,0,49.23981000224172,0,45.48947415351868,0.0122767210006713,0,0.0122767210006713,0,0,0
13.5,0,66.0,0,79.37542806350856,0,256.0,0,47.23277788905551,0,73.78917813301086,166524381.60180992,0,166524381.60180992,0,0,0
13.5,0,112.2,0,125.47068103121508,0,230.0,0,64.07907792368805,0,81.4191622018814,166521302.63320458,0,166521302.63320458,0,0,0
13.5,0,1383.9,0,1075.2628598895085,0,2962.0,0,1122.8922245686604,0,35.32550027370453,166525055.3048519,0,166525055.3048519,0,0,0
5.5,0,1270.6,0,1398.6971031746032,0,1514.0,0,256.9247413830602,0,25.896144366264345,0.0003466129302978,0,0.0003466129302978,0,0,0
5.5,0,144.8,0,134.04011904761904,0,207.6,0,63.59373123337438,0,5.0289692878723145,0.0238330125808715,0,0.0238330125808715,0,0,0
13.5,0,81.2,0,802.1835606155112,0,4810.0,0,1334.1968518593208,0,0.8510552406311035,166525090.5795709,0,166525090.5795709,0,0,0
13.5,0,1411.4,0,1495.3145880018674,0,2238.0,0,382.7542886369116,0,13.929348230361938,166518678.98174152,0,166518678.98174152,0,0,0
5.5,0,1050.4,0,1391.602698412698,0,2858.0,0,1111.5163676573327,0,0.1345945596694946,9.059906005859376e-05,0,9.059906005859376e-05,0,0,0
13.5,0,1514.0,0,895.5149374679328,0,3541.2,0,1013.276357087086,0,43.02355151176452,166518549.8452805,0,166518549.8452805,0,0,0
13.5,0,102.6,0,89.4286057415237,0,344.0,0,71.98916507201704,0,66.81469728946686,166516520.38391894,0,166516520.38391894,0,0,0
5.5,0,664.4,0,1636.1496031746033,0,4410.0,0,1388.330845966298,0,30.07811131477356,0.0064491033554077,0,0.0064491033554077,0,0,0
5.5,0,109.9,0,132.37599206349208,0,222.6,0,53.528333312622976,0,29.10037202835083,0.0232342958450317,0,0.0232342958450317,0,0,0
13.5,0,77.6,0,138.2040211779105,0,644.0,0,149.3879489725678,0,2.4899914264678955,166524211.6215461,0,166524211.6215461,0,0,0
5.5,0,838.5,0,1097.8279761904762,0,2286.5,0,685.9277784151407,0,14.554198813438417,0.0044164180755615,0,0.0044164180755615,0,0,0
5.5,0,790.0,0,994.3863492063492,0,2527.6,0,995.2655365460066,0,2.1965755224227905,0.000625205039978,0,0.000625205039978,0,0,0
5.5,0,1707.3,0,1288.319206349206,0,3106.8,0,936.9888415731926,0,1.7294273138046266,0.0022778034210205,0,0.0022778034210205,0,0,0
5.5,0,157.7,0,165.6670238095238,0,287.2,0,73.23228840822394,0,74.36450667381287,0.0324447154998779,0,0.0324447154998779,0,0,0
13.5,0,1469.8,0,1660.0266851668282,0,3332.5,0,835.2914843863894,0,53.37065496444702,166519739.2418393,0,166519739.2418393,0,0,0
5.5,0,156.8,0,182.95738095238096,0,339.0,0,93.3327197466546,0,15.779466104507446,0.0108444929122924,0,0.0108444929122924,0,0,0
5.5,0,95.3,0,71.16670634920635,0,117.0,0,23.749528521457844,0,73.30328269004822,0.0070882081985473,0,0.0070882081985473,0,0,0
13.5,0,943.4,0,1568.2735751073828,0,7791.0,0,1844.3414363841675,0,39.75960576534271,166518102.9749332,0,166518102.9749332,0,0,0
13.5,0,825.2,0,1728.3481479859151,0,5858.0,0,1158.9496149399422,0,19.21118240356445,166522025.65205288,0,166522025.65205288,0,0,0
13.5,0,113.8,0,947.081110798386,0,12782.0,0,3152.034706009076,0,65.22347605228424,166524143.2400964,0,166524143.2400964,0,0,0
13.5,0,66.4,0,64.48175289794486,0,67.6,0,4.381631379631161,0,6.38245279788971,166518818.9947769,0,166518818.9947769,0,0,0
5.5,0,73.9,0,71.79988095238095,0,133.5,0,24.52738022176097,0,17.662256956100464,0.0088551044464111,0,0.0088551044464111,0,0,0
5.5,0,561.7,0,773.2128968253967,0,1514.0,0,595.5801322888112,0,10.65283784866333,0.0023195028305053,0,0.0023195028305053,0,0,0
5.5,0,1043.2,0,1334.2549206349206,0,1462.0,0,231.3084173649164,0,0.0096997737884521,7.832050323486328e-05,0,7.832050323486328e-05,0,0,0
13.5,0,1055.2,0,1117.0074783249088,0,2858.0,0,1192.5577261350886,0,0.5471772909164428,166520192.9382541,0,166520192.9382541,0,0,0
13.5,0,790.0,0,1418.5784807040222,0,2672.4,0,484.41972146300975,0,1.2363980054855346,166524925.8628506,0,166524925.8628506,0,0,0
5.5,0,2013.3,0,1212.45746031746,0,3429.2,0,1069.1476603345768,0,0.3784579515457153,0.0039741039276123,0,0.0039741039276123,0,0,0
13.5,0,987.5,0,820.9903724917154,0,2527.6,0,820.8949171504198,0,53.837273073196414,166520994.388585,0,166520994.388585,0,0,0
5.5,0,154.5,0,155.5543253968254,0,338.3,0,92.01728115486182,0,34.43275489807129,0.0061757802963256,0,0.0061757802963256,0,0,0
13.5,0,1948.4,0,1928.8421893392983,0,4410.0,0,928.1483123266472,0,27.24570410251617,166524970.2316493,0,166524970.2316493,0,0,0
5.5,0,150.1,0,128.95099206349204,0,243.9,0,71.30589859851155,0,5.371038794517517,0.0129395961761474,0,0.0129395961761474,0,0,0
13.5,0,524.8,0,711.164636208305,0,2962.0,0,884.365356847301,0,80.25335166454315,166522986.1014772,0,166522986.1014772,0,0,0
13.5,0,378.5,0,452.8490936183699,0,1514.0,0,609.9051995980514,0,57.740281796455385,166518090.6284932,0,166518090.6284932,0,0,0
5.5,0,149.2,0,147.0803968253968,0,202.3,0,44.25309022977395,0,67.55103399753571,0.0127490043640136,0,0.0127490043640136,0,0,0
5.5,0,2146.4,0,2058.736626984127,0,5376.5,0,1367.9292083013063,0,3.344294762611389,0.0072723150253295,0,0.0072723150253295,0,0,0
5.5,0,2382.8,0,3081.9196825396825,0,5858.0,0,1476.4147162370757,0,1.835313367843628,0.0003178119659423,0,0.0003178119659423,0,0,0
5.5,0,75.0,0,92.3607142857143,0,156.0,0,31.248098275099743,0,20.100063347816462,0.0065755128860473,0,0.0065755128860473,0,0,0
13.5,0,1514.0,0,1683.752356084748,0,4410.0,0,1105.6091259402504,0,29.96522731781005,166518853.3703201,0,166518853.3703201,0,0,0
13.5,0,1330.2,0,532.9918570683702,0,6802.4,0,1574.265393317049,0,3.3392751693725584,166517644.2725758,0,166517644.2725758,0,0,0
13.5,0,119.9,0,96.67889778522132,0,259.6,0,56.83327347672063,0,22.29901878833771,166521211.9002393,0,166521211.9002393,0,0,0
13.5,0,423.9,0,235.60899616723145,0,2535.0,0,584.1966740818575,0,18.89682161808014,166524940.4560154,0,166524940.4560154,0,0,0
5.5,0,509.6,0,983.2528571428572,0,1514.0,0,478.2688888002346,0,91.7428068637848,0.0085097074508667,0,0.0085097074508667,0,0,0
13.5,0,975.0,0,272.77159433961293,0,998.8,0,346.6465489545509,0,65.81583225727081,166522425.68389928,0,166522425.68389928,0,0,0
13.5,0,1224.4,0,409.60728644162856,0,2683.0,0,725.9920804811251,0,26.984339046478272,166518839.39617118,0,166518839.39617118,0,0,0
13.5,0,75.0,0,843.0273533673069,0,4410.0,0,1237.1840351261296,0,17.390489721298216,166518689.2872283,0,166518689.2872283,0,0,0
5.5,0,186.0,0,175.12214285714285,0,326.9,0,106.21301446815426,0,14.398897504806518,0.0306746006011962,0,0.0306746006011962,0,0,0
13.5,0,916.0,0,829.5094545942533,0,2858.0,0,910.3325664633544,0,0.3858888864517212,166517698.42601502,0,166517698.42601502,0,0,0
13.5,0,503.1,0,339.7175753679585,0,2962.0,0,807.1396912667211,0,16.139039039611816,166524754.26705602,0,166524754.26705602,0,0,0
13.5,0,196.4,0,144.23132741871132,0,543.6,0,150.92866000656778,0,76.8201292514801,166516969.8023746,0,166516969.8023746,0,0,0
5.5,0,66.0,0,66.0,0,66.0,0,0.0,0,91.30543563365936,0.000880217552185,0,0.000880217552185,0,0,0
5.5,0,193.2,0,93.06761904761905,0,320.4,0,78.131645237838,0,6.742537236213684,0.001921010017395,0,0.001921010017395,0,0,0
13.5,0,377.9,0,100.6740389478083,0,433.6,0,99.14767931981731,0,39.976990413665774,166524325.9274096,0,166524325.9274096,0,0,0
5.5,0,63.6,0,61.2336507936508,0,64.4,0,5.587467410123471,0,3.037069845199585,0.0022977828979492,0,0.0022977828979492,0,0,0
5.5,0,554.0,0,358.5836507936508,0,1368.4,0,423.5379089607841,0,37.12353982925415,0.0117351055145263,0,0.0117351055145263,0,0,0
13.5,0,1082.8,0,1204.014301457057,0,1514.0,0,589.8251039563809,0,16.920240259170534,166521078.2594595,0,166521078.2594595,0,0,0
5.5,0,1955.8,0,818.9201984126984,0,3623.8,0,1117.0858568247213,0,62.87213764190674,0.0086818933486938,0,0.0086818933486938,0,0,0
13.5,0,358.3,0,1146.2752932649566,0,2962.0,0,1202.2520451258574,0,40.53012053966522,166523840.9737592,0,166523840.9737592,0,0,0
5.5,0,136.8,0,99.95948412698412,0,371.7,0,105.89034080215464,0,76.14538812637329,0.0116014957427978,0,0.0116014957427978,0,0,0
5.5,0,1514.0,0,1907.5457142857144,0,2962.0,0,546.8168346357346,0,17.667664980888368,0.0006105184555053,0,0.0006105184555053,0,0,0
13.5,0,1462.0,0,1537.0811648207314,0,2858.0,0,1390.8781513615454,0,0.8955085039138794,166517699.5985468,0,166517699.5985468,0,0,0
13.5,0,151.4,0,136.6549893110845,0,461.0,0,110.83460379748148,0,103.61789886951446,166516792.34810722,0,166516792.34810722,0,0,0
5.5,0,1562.5,0,1447.0453571428573,0,1658.8,0,224.99655387363487,0,42.710557436943056,0.0016722917556762,0,0.0016722917556762,0,0,0
13.5,0,645.2,0,1505.407851333393,0,4410.0,0,1029.3909205264122,0,2.8883156776428223,166520292.77969128,0,166520292.77969128,0,0,0
5.5,0,248.9,0,154.1600396825397,0,401.4,0,133.5130408553343,0,101.006934094429,0.0309737920761108,0,0.0309737920761108,0,0,0
13.5,0,66.0,0,311.7734906669698,0,1514.0,0,472.0374715338584,0,41.20261700153351,166525593.46867567,0,166525593.46867567,0,0,0
5.5,0,1658.8,0,1562.668888888889,0,1948.4,0,136.83434847063,0,7.917917418479919,0.0011329174041748,0,0.0011329174041748,0,0,0
13.5,0,1233.4,0,1931.06756884928,0,5858.0,0,1569.4455751721166,0,27.410147070884705,166520822.16885072,0,166520822.16885072,0,0,0
5.5,0,752.7,0,1103.9858333333334,0,2672.4,0,1112.3732332561367,0,27.38982915878296,0.0092557907104492,0,0.0092557907104492,0,0,0
5.5,0,214.3,0,178.1459920634921,0,448.5,0,156.39488151493688,0,22.066749811172485,0.0084772109985351,0,0.0084772109985351,0,0,0
5.5,0,66.0,0,66.0,0,66.0,0,0.0,0,43.42365612983704,0.0036294937133789,0,0.0036294937133789,0,0,0
5.5,0,366.2,0,114.61166666666664,0,366.2,0,106.19202666022969,0,40.89279146194458,0.008455204963684,0,0.008455204963684,0,0,0
13.5,0,80.7,0,224.63353568687936,0,2311.0,0,556.9087368776627,0,57.22284650802612,166522281.267412,0,166522281.267412,0,0,0
13.5,0,500.4,0,823.0427675429146,0,2962.0,0,874.394062831448,0,29.3882384300232,166523441.17112532,0,166523441.17112532,0,0,0
13.5,0,953.5,0,1286.0455948501965,0,2962.0,0,949.7091577471532,0,16.304001927375793,166518679.012217,0,166518679.012217,0,0,0
5.5,0,360.1,0,137.6459126984127,0,440.4,0,135.68738337468545,0,35.938993501663205,0.0029181003570556,0,0.0029181003570556,0,0,0
13.5,0,934.8,0,1058.5337095446694,0,2093.2,0,731.7270283561775,0,16.156670260429383,166520709.4813433,0,166520709.4813433,0,0,0
13.5,0,509.4,0,182.3357482107676,0,1063.2,0,293.8205104708025,0,1.089209890365601,166521232.6035091,0,166521232.6035091,0,0,0
5.5,0,2291.2,0,1625.6684126984128,0,3928.5,0,1430.1846722428982,0,8.307895421981812,0.0031208038330078,0,0.0031208038330078,0,0,0
5.5,0,1812.6,0,1746.924761904762,0,2382.8,0,407.6567584255145,0,0.2234408617019653,0.0025395154953002,0,0.0025395154953002,0,0,0
13.5,0,111.5,0,156.8376455952888,0,414.0,0,127.87977872098963,0,24.6562922000885,166516326.7655932,0,166516326.7655932,0,0,0
13.5,0,66.0,0,462.84895064429895,0,2962.0,0,821.9293249102409,0,12.193771862983704,166519448.67629418,0,166519448.67629418,0,0,0
13.5,0,934.1,0,1008.902441172089,0,2962.0,0,861.0194878601036,0,24.067784094810484,166521297.69671002,0,166521297.69671002,0,0,0
13.5,0,113.8,0,100.50485085691744,0,186.5,0,42.87496638180692,0,49.68920593261719,166525909.19876847,0,166525909.19876847,0,0,0
13.5,0,119.0,0,120.87748254325656,0,480.0,0,111.61707156757718,0,34.32933683395386,166518869.1077165,0,166518869.1077165,0,0,0
13.5,0,75.3,0,69.28506663357282,0,156.0,0,34.35128621646265,0,15.712087440490723,166524165.35152203,0,166524165.35152203,0,0,0
5.5,0,160.2,0,179.52678571428572,0,444.0,0,116.44581657684982,0,5.220883440971375,0.0123025178909301,0,0.0123025178909301,0,0,0
13.5,0,66.8,0,76.0315710476314,0,214.0,0,36.83108499681426,0,30.654961681365968,166519849.4216672,0,166519849.4216672,0,0,0
5.5,0,57.5,0,59.91329365079365,0,77.0,0,9.149241617063726,0,84.82801020145416,0.0060608863830566,0,0.0060608863830566,0,0,0
13.5,0,342.8,0,188.56212903453613,0,1286.0,0,295.7593995145881,0,82.65208399295807,166520274.1493459,0,166520274.1493459,0,0,0
13.5,0,127.4,0,142.5469754780823,0,226.1,0,65.28295771060466,0,87.86661925315858,166518537.1135421,0,166518537.1135421,0,0,0
5.5,0,1561.5,0,937.6626587301588,0,2575.1,0,834.2432386304403,0,48.352702617645264,0.0022331953048706,0,0.0022331953048706,0,0,0
13.5,0,75.0,0,71.36907567149053,0,96.6,0,10.887815625195987,0,19.651288676261903,166525238.3524287,0,166525238.3524287,0,0,0
5.5,0,1193.6,0,1495.7039682539685,0,2858.0,0,1147.834397090853,0,0.0071228265762329,9.241104125976564e-05,0,9.241104125976564e-05,0,0,0
13.5,0,2003.3,0,1464.0395304394608,0,7452.9,0,2051.0990472062663,0,63.72795784473419,166521591.88452607,0,166521591.88452607,0,0,0
13.5,0,799.0,0,1313.717515960991,0,4410.0,0,1343.2628891691993,0,21.85414922237396,166524962.86195728,0,166524962.86195728,0,0,0
13.5,0,1224.0,0,403.6030156573733,0,1254.0,0,482.0459128998468,0,36.80697600841522,166523384.7172396,0,166523384.7172396,0,0,0
5.5,0,88.8,0,76.18952380952382,0,131.6,0,23.41384506738724,0,27.001751828193665,0.0134323835372924,0,0.0134323835372924,0,0,0
5.5,0,964.5,0,589.6998809523809,0,1840.0,0,624.721547743546,0,20.692023158073425,0.007043719291687,0,0.007043719291687,0,0,0
5.5,0,653.7,0,248.2537301587302,0,1097.6,0,353.68122714979563,0,0.7873017072677613,0.010600996017456,0,0.010600996017456,0,0,0
5.5,0,1366.8,0,1385.5222222222224,0,1948.4,0,464.4647452245892,0,9.577681088447571,0.0011090993881225,0,0.0011090993881225,0,0,0
13.5,0,645.2,0,1100.0651515838822,0,1514.0,0,634.8375640489111,0,35.8155104637146,166520419.56616643,0,166520419.56616643,0,0,0
13.5,0,532.8,0,236.1164894084244,0,1160.0,0,369.9324041139031,0,60.98887987136841,166521125.49481332,0,166521125.49481332,0,0,0
5.5,0,1233.4,0,788.6648412698412,0,2120.2,0,724.198983164446,0,5.993214988708496,0.0069342851638793,0,0.0069342851638793,0,0,0
5.5,0,248.8,0,119.79079365079365,0,310.6,0,79.89437661766422,0,40.870420360565184,0.0131352186203002,0,0.0131352186203002,0,0,0
5.5,0,1514.0,0,1514.0,0,1514.0,0,0.0,0,29.4882798910141,0.0014811038970947,0,0.0014811038970947,0,0,0
5.5,0,112.5,0,120.12511904761904,0,193.0,0,44.49657108685633,0,102.77395100593569,0.0317051172256469,0,0.0317051172256469,0,0,0
5.5,0,240.7,0,264.330753968254,0,670.6,0,229.2563746209597,0,250.12833483219143,0.0097147941589355,0,0.0097147941589355,0,0,0
5.5,0,85.4,0,71.41126984126984,0,109.4,0,17.149601947026962,0,57.01979217529297,0.0188189029693603,0,0.0188189029693603,0,0,0
13.5,0,87.8,0,898.5315088974492,0,3701.0,0,1003.7787810568934,0,60.793067932128906,166524736.90460688,0,166524736.90460688,0,0,0
13.5,0,107.2,0,85.95934457613251,0,196.6,0,40.57861913514869,0,63.05072829723358,166523233.6756402,0,166523233.6756402,0,0,0
5.5,0,638.4,0,640.8097619047619,0,2122.7,0,805.1849601763589,0,7.513553595542907,0.0033988952636718,0,0.0033988952636718,0,0,0
13.5,0,64.8,0,118.56543228958864,0,488.0,0,124.2926333522159,0,3.162388873100281,166521468.2437356,0,166521468.2437356,0,0,0
13.5,0,75.0,0,841.0391791400034,0,6911.0,0,1787.668329781235,0,16.49906461238861,166522226.7342319,0,166522226.7342319,0,0,0
5.5,0,731.2,0,1768.0279365079364,0,5244.0,0,1709.8024020810258,0,32.65971865653992,0.0128628969192504,0,0.0128628969192504,0,0,0
13.5,0,353.2,0,1027.2546275937682,0,4410.0,0,1127.7532658046896,0,30.435689854621888,166523683.35278952,0,166523683.35278952,0,0,0
13.5,0,142.4,0,135.7829304085148,0,441.0,0,110.90010494667015,0,301.4042552947998,166517162.4170592,0,166517162.4170592,0,0,0
13.5,0,355.6,0,289.618179215865,0,1514.0,0,494.4778954613965,0,114.00392265319825,166520474.16242582,0,166520474.16242582,0,0,0
5.5,0,1524.0,0,1700.1140476190478,0,3686.0,0,1385.9876196330192,0,5.177020072937012,0.01123468875885,0,0.01123468875885,0,0,0
5.5,0,136.6,0,125.54888888888888,0,313.4,0,85.36912488945526,0,1.4382359504699709,0.0143486022949218,0,0.0143486022949218,0,0,0
5.5,0,507.0,0,171.16230158730158,0,545.4,0,192.1403718940644,0,26.11441593170166,0.0047281980514526,0,0.0047281980514526,0,0,0
13.5,0,114.0,0,197.85678161793484,0,1379.0,0,322.2444183348827,0,70.48797807693481,166523105.65565377,0,166523105.65565377,0,0,0
13.5,0,73.2,0,104.54697367046438,0,345.0,0,96.62021816860285,0,131.91321835517883,166522519.7899779,0,166522519.7899779,0,0,0
13.5,0,99.5,0,94.55609796077675,0,230.0,0,57.26633199227685,0,48.44696519374848,166517601.7240842,0,166517601.7240842,0,0,0
13.5,0,435.6,0,327.5176003305261,0,1397.1,0,407.379359747564,0,27.28318452835083,166518238.57487816,0,166518238.57487816,0,0,0
13.5,0,694.4,0,220.05179235968708,0,1037.8,0,252.66282483394943,0,55.9191073179245,166523526.6877022,0,166523526.6877022,0,0,0
5.5,0,1853.2,0,935.726150793651,0,2094.3,0,698.137648428218,0,51.59455306529999,0.0040599107742309,0,0.0040599107742309,0,0,0
13.5,0,1294.5,0,1425.649502666666,0,4699.6,0,1359.3885509921442,0,25.25208306312561,166524377.08265278,0,166524377.08265278,0,0,0
13.5,0,164.4,0,120.64298334276664,0,230.0,0,69.33494774560558,0,96.6857076883316,166516561.126893,0,166516561.126893,0,0,0
13.5,0,1261.1,0,406.810679793203,0,1598.6,0,466.3639492219753,0,32.0870343208313,166523682.20907438,0,166523682.20907438,0,0,0
13.5,0,702.7,0,1287.8404973307563,0,2962.0,0,915.8236536329044,0,15.630157637596133,166525987.0171298,0,166525987.0171298,0,0,0
13.5,0,1257.8,0,424.5921725599822,0,1491.3,0,470.7479284852181,0,1.965321946144104,166523447.0538854,0,166523447.0538854,0,0,0
5.5,0,85.2,0,90.47492063492064,0,221.6,0,59.94039620857355,0,12.142112302780152,0.0166196823120117,0,0.0166196823120117,0,0,0
13.5,0,509.4,0,1403.7519497899762,0,2962.0,0,795.2611067958535,0,27.747524905204774,166524074.7584857,0,166524074.7584857,0,0,0
5.5,0,1091.3,0,622.025119047619,0,1092.4,0,475.285573146398,0,80.11637923717498,0.010279107093811,0,0.010279107093811,0,0,0
13.5,0,1804.7,0,1541.426342030862,0,6437.2,0,1467.648508865154,0,97.9416532754898,166522325.6746143,0,166522325.6746143,0,0,0
13.5,0,66.2,0,71.328592278035,0,146.0,0,19.90421129313604,0,0.1633447408676147,166516722.7947323,0,166516722.7947323,0,0,0
13.5,0,917.6,0,746.1475703484682,0,2858.0,0,910.099272510976,0,0.6969411849975586,166517698.4568693,0,166517698.4568693,0,0,0
13.5,0,61.6,0,94.329856416803,0,262.0,0,64.63051475239122,0,51.36046800613404,166518830.974717,0,166518830.974717,0,0,0
5.5,0,127.5,0,105.99940476190476,0,228.6,0,62.67664851159928,0,116.17911822795868,0.0182551145553588,0,0.0182551145553588,0,0,0
5.5,0,2093.2,0,2944.819365079365,0,7306.0,0,2264.838735353266,0,29.3711074590683,0.0002537965774536,0,0.0002537965774536,0,0,0
13.5,0,1514.0,0,1171.9004900431528,0,3251.6,0,870.4582427635378,0,2.0652459859848022,166523330.4064624,0,166523330.4064624,0,0,0
5.5,0,1558.7,0,2850.213373015873,0,4846.5,0,1303.4399019988136,0,13.026202630996703,0.0053433895111083,0,0.0053433895111083,0,0,0
13.5,0,1514.0,0,673.788971103286,0,2962.0,0,837.7688047303245,0,57.493726754188536,166519536.0399779,0,166519536.0399779,0,0,0
5.5,0,1573.1,0,1877.9869444444444,0,2672.4,0,566.1035369647718,0,17.647798776626587,0.0078157186508178,0,0.0078157186508178,0,0,0
5.5,0,78.0,0,88.50404761904761,0,161.4,0,37.97845688964362,0,20.541886973381043,0.0084627151489257,0,0.0084627151489257,0,0,0
5.5,0,112.2,0,116.62928571428571,0,164.8,0,38.71210074668285,0,46.11659700870514,0.0152143001556396,0,0.0152143001556396,0,0,0
13.5,0,66.0,0,774.2289159627783,0,1514.0,0,689.0654476467157,0,56.95774617195129,166521001.485711,0,166521001.485711,0,0,0
5.5,0,89.8,0,85.68765873015874,0,138.4,0,28.84965413212345,0,41.39753577709198,0.0132769107818603,0,0.0132769107818603,0,0,0
5.5,0,1952.6,0,2388.09119047619,0,3835.0,0,1065.706228826993,0,0.32909095287323,0.0008049964904785,0,0.0008049964904785,0,0,0
5.5,0,378.3,0,766.456746031746,0,2395.0,0,804.2575987771181,0,0.699914813041687,0.0082062005996704,0,0.0082062005996704,0,0,0
13.5,0,119.2,0,257.1238793903036,0,2245.0,0,532.8651899201661,0,7.811558771133423,166525323.179501,0,166525323.179501,0,0,0
5.5,0,1199.6,0,1537.717777777778,0,3835.2,0,1413.5966249862863,0,0.1405714035034179,9.098052978515626e-05,0,9.098052978515626e-05,0,0,0
13.5,0,1523.0,0,775.4932474603141,0,2817.2,0,872.7645142894289,0,25.905070900917053,166520605.5528205,0,166520605.5528205,0,0,0
13.5,0,633.3,0,363.3555733151437,0,2188.3,0,602.508979671153,0,69.73529629707336,166524893.18849558,0,166524893.18849558,0,0,0
5.5,0,155.2,0,257.06944444444446,0,571.0,0,162.60892015621886,0,9.076924753189086,0.0133401870727539,0,0.0133401870727539,0,0,0
5.5,0,144.5,0,84.4224603174603,0,219.5,0,52.55720681593051,0,0.5597816228866577,0.0117650985717773,0,0.0117650985717773,0,0,0
5.5,0,920.3,0,1434.975912698413,0,3399.8,0,914.729948934404,0,8.493956971168519,0.0036240816116333,0,0.0036240816116333,0,0,0
5.5,0,65.4,0,59.48753968253968,0,89.8,0,12.087292397054195,0,77.42654123306275,0.0130391120910644,0,0.0130391120910644,0,0,0
5.5,0,1207.8,0,1387.1359523809522,0,1494.0,0,253.3530933496328,0,15.957772541046143,0.0035398960113525,0,0.0035398960113525,0,0,0
5.5,0,150.1,0,129.7993253968254,0,263.4,0,91.3435189330496,0,109.9638374567032,0.0079962968826293,0,0.0079962968826293,0,0,0
5.5,0,556.6,0,939.0361111111112,0,1214.0,0,297.9403707400256,0,4.755791258811951,0.0068155050277709,0,0.0068155050277709,0,0,0
13.5,0,1369.2,0,2728.5668799565583,0,5858.0,0,1823.871609606424,0,12.960604548454285,166521052.9566671,0,166521052.9566671,0,0,0
13.5,0,2388.5,0,3024.6854447599185,0,4410.0,0,1052.0566276461846,0,1.1730796575546265,166523936.420483,0,166523936.420483,0,0,0
13.5,0,1514.0,0,794.7538505680766,0,2093.2,0,767.2533124543403,0,30.37088210582733,166518435.07090348,0,166518435.07090348,0,0,0
5.5,0,569.2,0,1047.417777777778,0,1514.0,0,420.9596581681819,0,34.54901847839356,0.0066286087036132,0,0.0066286087036132,0,0,0
5.5,0,139.9,0,91.82027777777776,0,190.9,0,47.03505792361168,0,19.53710010051727,0.0017769813537597,0,0.0017769813537597,0,0,0
13.5,0,2093.2,0,1420.418544993878,0,4410.0,0,1236.3795966202092,0,30.84475984573364,166516293.12027544,0,166516293.12027544,0,0,0
5.5,0,1658.8,0,1875.1955555555555,0,2962.0,0,654.6935332848088,0,25.94838654994965,0.0008886098861694,0,0.0008886098861694,0,0,0
13.5,0,66.0,0,128.0619862146797,0,345.0,0,108.50572114031588,0,42.719865560531616,166524395.6942616,0,166524395.6942616,0,0,0
13.5,0,135.6,0,211.5016647782901,0,373.0,0,110.03335751770604,0,14.410615468025208,166521875.582964,0,166521875.582964,0,0,0
13.5,0,1224.4,0,520.7372607225935,0,2817.2,0,809.7740044633199,0,16.926857256889342,166523917.8259682,0,166523917.8259682,0,0,0
5.5,0,2183.3,0,1762.6363095238098,0,3686.0,0,1225.3657663661577,0,20.74311420917511,0.0103787899017333,0,0.0103787899017333,0,0,0
5.5,0,1426.5,0,1835.080119047619,0,2672.4,0,703.7758013471484,0,48.39818382263184,0.0074546813964843,0,0.0074546813964843,0,0,0
5.5,0,66.0,0,66.0,0,66.0,0,0.0,0,20.2948557138443,0.0006386041641235,0,0.0006386041641235,0,0,0
5.5,0,887.4,0,2411.213571428572,0,7942.0,0,2712.7318785191587,0,0.7737081527709961,0.0211164951324462,0,0.0211164951324462,0,0,0
13.5,0,66.0,0,1877.768608342552,0,8754.0,0,2431.0147534913413,0,26.274890851974487,166522346.62588483,0,166522346.62588483,0,0,0
13.5,0,3444.5,0,1441.1733431201585,0,7662.6,0,2070.496878897761,0,23.8824599981308,166525270.1924522,0,166525270.1924522,0,0,0
13.5,0,583.6,0,643.5131406364533,0,2882.0,0,843.8731582449827,0,32.962106347084045,166525420.6231168,0,166525420.6231168,0,0,0
13.5,0,83.7,0,182.8156469717073,0,791.0,0,241.51329302699884,0,1.540372371673584,166517242.0031021,0,166517242.0031021,0,0,0
5.5,0,778.0,0,958.3914285714288,0,1462.0,0,538.6091025358791,0,0.7551216125488281,6.740093231201172e-05,0,6.740093231201172e-05,0,0,0
5.5,0,1803.6,0,2259.2603174603173,0,4120.4,0,1187.5582569984165,0,38.54993071556091,0.0021302223205566,0,0.0021302223205566,0,0,0
13.5,0,364.6,0,1832.8083227372044,0,7306.0,0,1795.7389182719194,0,32.04000926017761,166525382.0632378,0,166525382.0632378,0,0,0
5.5,0,949.6,0,459.3969841269842,0,1588.0,0,531.9628595548039,0,62.65534424781799,0.0016754865646362,0,0.0016754865646362,0,0,0
5.5,0,107.0,0,96.41031746031746,0,163.0,0,39.41196932136362,0,63.0896532535553,0.0287297010421752,0,0.0287297010421752,0,0,0
13.5,0,100.2,0,177.4701239356619,0,791.0,0,176.0807559001724,0,351.5791445732117,166516808.05937842,0,166516808.05937842,0,0,0
13.5,0,75.8,0,72.24128831780534,0,156.0,0,23.250424538842594,0,20.433628511428832,166524245.6230728,0,166524245.6230728,0,0,0
5.5,0,67.1,0,66.11,0,67.1,0,0.33,0,44.91848483085632,0.0029685020446777,0,0.0029685020446777,0,0,0
13.5,0,355.4,0,471.8803817424406,0,2962.0,0,792.2377273503806,0,32.57400684356689,166522080.7370072,0,166522080.7370072,0,0,0
13.5,0,70.2,0,464.09306506874617,0,1514.0,0,629.7093284287273,0,101.02781898975373,166526268.33694512,0,166526268.33694512,0,0,0
13.5,0,2672.4,0,1418.7668983957217,0,10636.4,0,2557.983108447387,0,1.3241785049438477,166526030.54674098,0,166526030.54674098,0,0,0
5.5,0,611.3,0,723.6324603174603,0,2383.6,0,854.7325949072207,0,25.091477370262147,0.0183627843856811,0,0.0183627843856811,0,0,0
13.5,0,145.3,0,123.67227495543672,0,419.9,0,91.58035982325,0,4.735688471794129,166518424.3611744,0,166518424.3611744,0,0,0
5.5,0,362.9,0,750.6606746031746,0,1514.0,0,479.31905883364624,0,11.619865322113036,0.0189024925231933,0,0.0189024925231933,0,0,0
5.5,0,102.6,0,105.17071428571428,0,198.8,0,50.62367111576236,0,50.20712535381317,0.0220577001571655,0,0.0220577001571655,0,0,0
5.5,0,1803.6,0,2174.908571428571,0,7595.6,0,2563.341603701845,0,30.01827363967896,0.0036402940750122,0,0.0036402940750122,0,0,0
13.5,0,125.8,0,92.00806146381998,0,210.0,0,43.74585001595442,0,43.4938811302185,166518079.3671707,0,166518079.3671707,0,0,0
13.5,0,1333.6,0,996.2046677385222,0,2858.0,0,1042.099184932838,0,0.2792015790939331,166520193.4046977,0,166520193.4046977,0,0,0
5.5,0,931.0,0,910.2411904761906,0,3731.2,0,1263.0733009173682,0,28.58860387802124,0.028337287902832,0,0.028337287902832,0,0,0
5.5,0,1528.3,0,1411.0842460317458,0,2686.7,0,783.2865354536623,0,0.2972927093505859,0.0009427785873413,0,0.0009427785873413,0,0,0
13.5,0,76.4,0,1009.3589248436464,0,2962.0,0,976.503096861011,0,18.093296790122984,166523579.0551073,0,166523579.0551073,0,0,0
5.5,0,70.5,0,79.18035714285715,0,111.0,0,15.624049137549871,0,20.53375151157379,0.005007791519165,0,0.005007791519165,0,0,0
13.5,0,1224.4,0,372.1954230796723,0,1245.6,0,488.36674581912393,0,23.33093061447144,166521838.6973947,0,166521838.6973947,0,0,0
5.5,0,210.8,0,490.11460317460313,0,1514.0,0,502.7471811371603,0,5.255968761444092,0.0045799970626831,0,0.0045799970626831,0,0,0
5.5,0,66.0,0,66.0,0,66.0,0,0.0,0,24.14667980670929,0.0036878824234008,0,0.0036878824234008,0,0,0
13.5,0,645.2,0,1711.598716251069,0,7306.0,0,1755.245558086112,0,0.9403098583221436,166517717.2714031,0,166517717.2714031,0,0,0
5.5,0,1514.0,0,1778.8346031746034,0,2817.2,0,524.0637097655542,0,24.493720912933348,0.0008379936218261,0,0.0008379936218261,0,0,0
5.5,0,123.9,0,122.98440476190476,0,283.2,0,82.36145229086647,0,3.075838017463684,0.0240077018737792,0,0.0240077018737792,0,0,0
13.5,0,2102.8,0,475.5789327747416,0,2576.8,0,811.618723984038,0,8.096462297439576,166523287.41352698,0,166523287.41352698,0,0,0
5.5,0,235.1,0,292.81496031746025,0,1047.0,0,337.42029619119137,0,10.284657883644105,0.0131029844284057,0,0.0131029844284057,0,0,0
5.5,0,796.7,0,1556.621388888889,0,2962.0,0,780.4754968498327,0,29.26637456417084,0.0229380130767822,0,0.0229380130767822,0,0,0
5.5,0,138.5,0,124.28234126984124,0,253.4,0,70.71510739078968,0,52.84918658733368,0.0074404001235961,0,0.0074404001235961,0,0,0
5.5,0,2251.7,0,2326.557738095238,0,4120.4,0,1122.9192928858963,0,9.086546635627746,0.001525592803955,0,0.001525592803955,0,0,0
5.5,0,1359.3,0,1494.3966666666663,0,1514.0,0,47.46356055503075,0,8.024563932418824,0.0049571990966796,0,0.0049571990966796,0,0,0
5.5,0,1079.6,0,493.6771428571428,0,1369.2,0,487.8638981365467,0,28.164037799835206,0.0012712001800537,0,0.0012712001800537,0,0,0
5.5,0,110.1,0,99.81265873015874,0,205.6,0,65.66677560013372,0,119.28729591369628,0.0304133892059326,0,0.0304133892059326,0,0,0
13.5,0,151.5,0,206.90068682005983,0,791.0,0,236.77197245045787,0,62.59456088542938,166520144.07697502,0,166520144.07697502,0,0,0
13.5,0,83.5,0,98.1865581610512,0,317.0,0,67.37655519941481,0,79.19916894435883,166516472.8784483,0,166516472.8784483,0,0,0
13.5,0,1104.6,0,320.13300944841194,0,1121.4,0,411.53157583195735,0,9.535043931007383,166523774.69624788,0,166523774.69624788,0,0,0
5.5,0,99.8,0,100.56341269841268,0,182.9,0,45.17593473920054,0,139.31388039588927,0.0229127883911132,0,0.0229127883911132,0,0,0
5.5,0,66.0,0,66.0,0,66.0,0,0.0,0,10.270884132385254,8.988380432128907e-06,0,8.988380432128907e-06,0,0,0
13.5,0,1369.2,0,507.2859325572948,0,1514.0,0,639.4106837357455,0,4.135424733161926,166522052.9001051,0,166522052.9001051,0,0,0
13.5,0,204.8,0,265.0196972587956,0,768.0,0,246.05636031997216,0,5.37953679561615,166524036.12963277,0,166524036.12963277,0,0,0
13.5,0,75.0,0,490.64221139670445,0,1514.0,0,619.1430390777368,0,17.27101547718048,166523211.9670331,0,166523211.9670331,0,0,0
5.5,0,89.1,0,98.0425,0,198.8,0,54.083910366493946,0,57.76578929424286,0.0118953943252563,0,0.0118953943252563,0,0,0
5.5,0,132.0,0,170.68698412698413,0,295.0,0,80.15337390329591,0,36.135200881958006,0.0129223823547363,0,0.0129223823547363,0,0,0
13.5,0,92.0,0,328.67839965117446,0,2133.0,0,597.7239623647014,0,54.02686467170715,166518768.1482523,0,166518768.1482523,0,0,0
13.5,0,510.8,0,1317.894680300779,0,12135.0,0,3089.1199717824784,0,81.59366879463195,166522794.7242248,0,166522794.7242248,0,0,0
13.5,0,1829.0,0,1318.42477060693,0,3830.8,0,982.5554009851578,0,69.20823712348938,166520054.84539768,0,166520054.84539768,0,0,0
5.5,0,83.8,0,80.53896825396825,0,164.4,0,33.7357209374591,0,11.625005984306336,0.0067497014999389,0,0.0067497014999389,0,0,0
13.5,0,80.8,0,94.34132956482804,0,230.0,0,59.66002267479404,0,98.28744413852692,166516321.8761885,0,166516321.8761885,0,0,0
13.5,0,82.9,0,106.02278743616202,0,352.0,0,76.75698024808857,0,39.03966813087463,166518955.91084662,0,166518955.91084662,0,0,0
5.5,0,75.3,0,69.16333333333333,0,83.4,0,6.348839090597372,0,139.53045690059662,0.0067866086959838,0,0.0067866086959838,0,0,0
13.5,0,1373.4,0,1617.5555526912028,0,4265.2,0,1141.0560854480343,0,72.43335778713227,166522268.8826763,0,166522268.8826763,0,0,0
13.5,0,143.4,0,120.78697712246472,0,258.8,0,68.26018782601125,0,150.31734170913697,166516431.6076023,0,166516431.6076023,0,0,0
5.5,0,66.0,0,66.0,0,66.0,0,0.0,0,2.3668614864349364,0.0066570997238159,0,0.0066570997238159,0,0,0
5.5,0,227.2,0,112.11507936507935,0,342.0,0,95.19209905527696,0,36.555509090423584,0.0026936054229736,0,0.0026936054229736,0,0,0
5.5,0,355.6,0,184.02349206349209,0,645.2,0,231.48879415509023,0,2.3423705816268923,0.0016504049301147,0,0.0016504049301147,0,0,0
13.5,0,947.6,0,1005.8676371220796,0,1948.4,0,706.4802501823602,0,11.956592345237732,166525735.7036336,0,166525735.7036336,0,0,0
13.5,0,1237.4,0,884.7834459039411,0,2962.0,0,913.224205545748,0,38.13139936923981,166523348.6329865,0,166523348.6329865,0,0,0
13.5,0,113.3,0,660.643412003803,0,2448.0,0,764.9826818170017,0,45.35588064193725,166524898.9735585,0,166524898.9735585,0,0,0
5.5,0,713.9,0,1094.3699603174605,0,2962.0,0,998.6317660282511,0,13.721554398536682,0.0380944967269897,0,0.0380944967269897,0,0,0
13.5,0,75.0,0,160.76490782995813,0,1267.0,0,298.19365411354033,0,37.60144593715668,166524138.2862684,0,166524138.2862684,0,0,0
13.5,0,94.1,0,132.41275414514968,0,345.0,0,91.54078485768991,0,7.0329361915588375,166518274.6445215,0,166518274.6445215,0,0,0
13.5,0,986.5,0,1073.1380784364414,0,1805.0,0,680.2624071945901,0,27.36793787479401,166518598.54020423,0,166518598.54020423,0,0,0
5.5,0,96.5,0,104.66353174603177,0,199.4,0,53.24656463251663,0,35.611187767982486,0.0049525022506713,0,0.0049525022506713,0,0,0
5.5,0,1409.3,0,2254.7691666666665,0,5568.4,0,1854.3861136306864,0,37.82719144821167,0.0083883047103881,0,0.0083883047103881,0,0,0
5.5,0,1514.0,0,1568.8746031746032,0,2093.2,0,208.8203220640245,0,2.1221386194229126,0.0039125919342041,0,0.0039125919342041,0,0,0
13.5,0,66.0,0,76.96785101207703,0,230.0,0,40.753615747600136,0,0.5211522102355957,166516867.5686221,0,166516867.5686221,0,0,0
5.5,0,122.0,0,120.33777777777776,0,427.9,0,131.99886102746743,0,1.823763108253479,0.0071714878082275,0,0.0071714878082275,0,0,0
5.5,0,1514.0,0,1480.2133333333334,0,3686.0,0,1255.389383439932,0,27.466030144691462,0.0006440162658691,0,0.0006440162658691,0,0,0
13.5,0,74.7,0,524.7866474856413,0,1514.0,0,641.3518074927996,0,121.37735416889193,166521064.19995973,0,166521064.19995973,0,0,0
5.5,0,1099.8,0,1182.5926984126982,0,3986.6,0,1477.7372151054117,0,34.546448945999146,0.0026978015899658,0,0.0026978015899658,0,0,0
5.5,0,510.4,0,164.59579365079367,0,514.3,0,179.58384863724774,0,38.03434793949127,0.0329922914505004,0,0.0329922914505004,0,0,0
5.5,0,376.5,0,791.6429761904761,0,1514.0,0,511.69193922174463,0,9.357852435112,0.0044084072113037,0,0.0044084072113037,0,0,0
5.5,0,78.1,0,87.62825396825397,0,198.8,0,55.118867337571125,0,8.585766386985778,0.0290427923202514,0,0.0290427923202514,0,0,0
13.5,0,170.9,0,149.42071204337458,0,390.0,0,128.21405329645046,0,36.60305845737457,166519390.859905,0,166519390.859905,0,0,0
13.5,0,976.9,0,1364.5747387644176,0,4410.0,0,1292.4760934489127,0,26.094776940345763,166525779.3411646,0,166525779.3411646,0,0,0
13.5,0,64.4,0,141.23245434561997,0,648.0,0,145.47282567876363,0,31.15851507186889,166518543.6432669,0,166518543.6432669,0,0,0
5.5,0,95.9,0,81.44496031746031,0,135.8,0,25.68834897425104,0,82.5233549118042,0.0089008092880249,0,0.0089008092880249,0,0,0
13.5,0,825.2,0,151.1284325676044,0,1018.0,0,225.15121041839257,0,16.643635034561157,166518355.3995137,0,166518355.3995137,0,0,0
5.5,0,141.9,0,165.10706349206347,0,265.0,0,68.00214797853114,0,24.14957962036133,0.0135751008987426,0,0.0135751008987426,0,0,0
13.5,0,136.2,0,94.29516085479707,0,184.6,0,44.396910260948296,0,24.642403078079223,166518472.5127142,0,166518472.5127142,0,0,0
5.5,0,772.6,0,1163.3823015873018,0,1496.6,0,404.4634813499771,0,10.878809261322022,0.0016738176345825,0,0.0016738176345825,0,0,0
13.5,0,165.7,0,136.8834415532868,0,351.0,0,101.20605240545054,0,103.99387319087982,166518889.75233,0,166518889.75233,0,0,0
13.5,0,422.5,0,1453.9647542425753,0,4410.0,0,1490.7999576421214,0,49.70222084522247,166520920.7603216,0,166520920.7603216,0,0,0
5.5,0,3026.8,0,1570.0580952380956,0,4410.0,0,1214.296582024162,0,12.711385250091553,0.0012005805969238,0,0.0012005805969238,0,0,0
13.5,0,64.8,0,74.5941640007739,0,156.0,0,24.65366210464989,0,14.73833577632904,166525889.3679201,0,166525889.3679201,0,0,0
13.5,0,80.5,0,346.99729283401496,0,2042.0,0,583.5347668098467,0,0.6156002521514893,166520955.69672877,0,166520955.69672877,0,0,0
13.5,0,183.3,0,193.3113316954803,0,574.8,0,166.7565910841409,0,103.49738070964813,166516990.25092548,0,166516990.25092548,0,0,0
13.5,0,3589.7,0,1432.0919492366938,0,7113.4,0,1838.557145381304,0,6.304148387908936,166520518.9584354,0,166520518.9584354,0,0,0
5.5,0,66.0,0,66.0,0,66.0,0,0.0,0,25.72011094093323,0.0002499103546142,0,0.0002499103546142,0,0,0
13.5,0,374.8,0,177.16680166711512,0,1460.5,0,332.84665258990105,0,20.156356287002563,166525816.1749098,0,166525816.1749098,0,0,0
13.5,0,92.7,0,116.81914168090252,0,720.0,0,164.06697556953802,0,6.754549384117127,166517000.36790928,0,166517000.36790928,0,0,0
13.5,0,843.3,0,2048.864936487232,0,7791.0,0,2740.202439581288,0,11.629596257209778,166523083.1278792,0,166523083.1278792,0,0,0
13.5,0,150.1,0,921.2917475210548,0,2962.0,0,1119.409835312635,0,11.015557718276977,166518517.23602098,0,166518517.23602098,0,0,0
5.5,0,1514.0,0,1514.0,0,1514.0,0,0.0,0,0.1193615198135376,0.0002573013305664,0,0.0002573013305664,0,0,0
5.5,0,733.9,0,468.7814682539682,0,2220.9,0,789.6643208919519,0,4.20119342803955,0.0137077093124389,0,0.0137077093124389,0,0,0
13.5,0,140.2,0,125.67282343301694,0,345.0,0,106.91956264603168,0,64.67490117549896,166522435.80377293,0,166522435.80377293,0,0,0
13.5,0,98.4,0,89.28146901773837,0,253.4,0,50.338124492471565,0,1.0336668729782104,166517418.832874,0,166517418.832874,0,0,0
5.5,0,288.6,0,250.77892857142857,0,928.0,0,288.4513266212713,0,46.40745093822479,0.0116747856140136,0,0.0116747856140136,0,0,0
13.5,0,140.4,0,276.7060335729801,0,1514.0,0,389.6282392219536,0,7.330179452896118,166517590.8296577,0,166517590.8296577,0,0,0
5.5,0,1255.1,0,1021.1567857142858,0,1399.9,0,524.4492825794364,0,2.109487295150757,0.0009646892547607,0,0.0009646892547607,0,0,0
13.5,0,559.3,0,199.46202531902225,0,1296.7,0,302.35128484437337,0,1.3364070653915403,166518054.98494428,0,166518054.98494428,0,0,0
5.5,0,75.0,0,62.88,0,94.8,0,13.69494260049172,0,2.1728686571121214,0.0199885129928588,0,0.0199885129928588,0,0,0
5.5,0,75.0,0,75.8607142857143,0,129.0,0,22.50545758798045,0,9.86145031452179,0.0033284187316894,0,0.0033284187316894,0,0,0
5.5,0,165.4,0,167.95182539682543,0,298.4,0,75.53935216015125,0,78.1181496143341,0.0286962985992431,0,0.0286962985992431,0,0,0
13.5,0,1658.8,0,900.3231702825899,0,2382.8,0,821.9916209909172,0,28.50355587005616,166519557.8182613,0,166519557.8182613,0,0,0
13.5,0,165.9,0,125.79427234143566,0,274.2,0,65.44729172656184,0,63.38768684864044,166522931.9206385,0,166522931.9206385,0,0,0
5.5,0,118.7,0,90.44638888888888,0,154.8,0,39.22178697838229,0,77.74033844470978,0.0215495109558105,0,0.0215495109558105,0,0,0
5.5,0,952.4,0,1425.84126984127,0,2527.6,0,573.5996871668965,0,2.15147705078125,0.0051684856414794,0,0.0051684856414794,0,0,0
5.5,0,66.0,0,66.0,0,66.0,0,0.0,0,1.6783294200897216,0.001417589187622,0,0.001417589187622,0,0,0
5.5,0,110.5,0,84.55611111111111,0,151.5,0,29.08725855705352,0,22.15530526638031,0.0163069009780883,0,0.0163069009780883,0,0,0
13.5,0,257.4,0,248.1537899084919,0,1089.0,0,295.51141664556826,0,26.210525798797608,166516909.13238,0,166516909.13238,0,0,0
5.5,0,380.5,0,657.045992063492,0,1514.0,0,595.6147622057672,0,35.24039335250855,0.001904821395874,0,0.001904821395874,0,0,0
5.5,0,281.9,0,216.7403571428572,0,335.4,0,114.914845895418,0,3.5101019859313967,0.0049653053283691,0,0.0049653053283691,0,0,0
5.5,0,134.1,0,119.92373015873017,0,224.7,0,59.954007298880256,0,73.34522633552551,0.0173388957977294,0,0.0173388957977294,0,0,0
5.5,0,81.2,0,110.02349206349206,0,214.0,0,54.35612931696674,0,76.26235556602478,0.0133980989456176,0,0.0133980989456176,0,0,0
13.5,0,1739.5,0,562.4178108278031,0,6174.6,0,1425.8163856448234,0,75.20107004642486,166522769.8567658,0,166522769.8567658,0,0,0
5.5,0,2141.7,0,2007.8823809523813,0,3155.3,0,586.3953829447298,0,30.15962104797364,0.0020596027374267,0,0.0020596027374267,0,0,0
13.5,0,1959.0,0,2094.7172225435384,0,5858.0,0,1621.9924051175408,0,16.817133021354675,166525630.9338769,0,166525630.9338769,0,0,0
13.5,0,413.5,0,121.62215331581044,0,576.5,0,135.80687394257473,0,69.16761360168456,166522288.87437248,0,166522288.87437248,0,0,0
5.5,0,501.4,0,617.2767063492063,0,1372.2,0,563.9123563478239,0,52.168844199180604,0.0161509990692138,0,0.0161509990692138,0,0,0
13.5,0,377.6,0,437.2706380616288,0,1494.0,0,615.1145824557218,0,22.94683172702789,166522356.9796357,0,166522356.9796357,0,0,0
5.5,0,670.6,0,205.18579365079364,0,822.8,0,249.14282789118133,0,85.43838057518005,0.001131796836853,0,0.001131796836853,0,0,0
5.5,0,934.8,0,739.4349206349206,0,1369.2,0,643.3429352559573,0,29.91652343273163,0.0022243022918701,0,0.0022243022918701,0,0,0
13.5,0,109.2,0,119.2527653929318,0,279.0,0,68.77780039070953,0,68.72823295593261,166523769.1106155,0,166523769.1106155,0,0,0
5.5,0,189.8,0,155.04888888888888,0,438.4,0,136.73206788511723,0,28.70606062412262,0.0116552114486694,0,0.0116552114486694,0,0,0
5.5,0,234.3,0,350.8306349206349,0,913.0,0,313.96267138011183,0,67.8233868598938,0.00571129322052,0,0.00571129322052,0,0,0
13.5,0,129.6,0,97.67770120874998,0,340.5,0,82.87640391454343,0,8.773927855491639,166524259.88784128,0,166524259.88784128,0,0,0
13.5,0,135.6,0,145.77720095951523,0,390.0,0,116.3421965276686,0,60.99150595664978,166525727.11848873,0,166525727.11848873,0,0,0
5.5,0,149.2,0,147.28380952380954,0,213.6,0,62.71699587774479,0,13.153475713729858,0.1026893138885498,0,0.1026893138885498,0,0,0
13.5,0,166.2,0,124.33328580088642,0,230.0,0,55.40550593769848,0,831.241282916069,166516633.4619541,0,166516633.4619541,0,0,0
5.5,0,963.8,0,544.925,0,1823.6,0,624.5387675857031,0,1.658817505836487,0.0094872951507568,0,0.0094872951507568,0,0,0
5.5,0,1852.1,0,1836.1091666666664,0,2818.6,0,519.185128533624,0,3.697279047966004,0.000291109085083,0,0.000291109085083,0,0,0
5.5,0,97.0,0,109.76833333333336,0,217.2,0,60.94771259198599,0,144.82164430618286,0.0243602991104125,0,0.0243602991104125,0,0,0
5.5,0,736.9,0,981.2388492063492,0,2527.6,0,917.148149100718,0,61.80344460010529,0.0074419021606445,0,0.0074419021606445,0,0,0
13.5,0,780.8,0,869.6715456267159,0,2858.0,0,1027.3269465272992,0,0.0272998809814453,166517698.82607,0,166517698.82607,0,0,0
13.5,0,1079.6,0,1133.9630714967866,0,2962.0,0,1218.708501319131,0,1.4114802837371827,166517464.0507901,0,166517464.0507901,0,0,0
13.5,0,1532.6,0,1787.5001803850605,0,2962.0,0,766.1223082638719,0,54.40760877132416,166524577.1288152,0,166524577.1288152,0,0,0
5.5,0,110.9,0,106.74285714285712,0,174.0,0,46.50595359504128,0,116.50761938095091,0.0193181037902832,0,0.0193181037902832,0,0,0
5.5,0,1540.6,0,1553.9822222222224,0,1948.4,0,158.81810334795904,0,60.37550067901611,0.0018412113189697,0,0.0018412113189697,0,0,0
5.5,0,1308.6,0,1803.652619047619,0,3108.2,0,804.4966608658898,0,40.39329056739807,0.0067390918731689,0,0.0067390918731689,0,0,0
5.5,0,75.0,0,69.025,0,93.0,0,8.504897349693854,0,25.705329728126525,0.0002120018005371,0,0.0002120018005371,0,0,0
5.5,0,145.8,0,117.60142857142856,0,269.0,0,74.59841970133259,0,13.161507749557495,0.0165734052658081,0,0.0165734052658081,0,0,0
5.5,0,139.3,0,274.1540873015873,0,714.0,0,216.2992063757851,0,19.19241907596588,0.0039077043533325,0,0.0039077043533325,0,0,0
5.5,0,77.6,0,66.71,0,104.4,0,19.68367568590132,0,420.7693895578385,0.0120865106582641,0,0.0120865106582641,0,0,0
5.5,0,645.2,0,533.5546031746031,0,1803.6,0,592.0185732630814,0,8.480009174346923,0.0001494169235229,0,0.0001494169235229,0,0,0
5.5,0,256.3,0,235.21015873015875,0,392.4,0,114.76355701262408,0,29.644540143013,0.0067649841308593,0,0.0067649841308593,0,0,0
13.5,0,1658.8,0,1230.7257024605942,0,1658.8,0,587.1304067953963,0,8.91089231967926,166521733.36635572,0,166521733.36635572,0,0,0
5.5,0,1658.8,0,1672.6479365079365,0,2527.6,0,362.0878065266189,0,1.2280499696731568,0.0004383087158203,0,0.0004383087158203,0,0,0
5.5,0,116.1,0,124.42698412698412,0,212.4,0,55.994055362592086,0,20.69014980792999,0.0212671995162963,0,0.0212671995162963,0,0,0
5.5,0,67.9,0,66.5011111111111,0,69.0,0,1.0516834272994602,0,17.999475479125977,0.0137645959854125,0,0.0137645959854125,0,0,0
13.5,0,90.6,0,76.46504169377233,0,121.4,0,19.08970891306581,0,12.48580026626587,166524673.0178026,0,166524673.0178026,0,0,0
5.5,0,66.0,0,66.0,0,66.0,0,0.0,0,2.151922178268433,0.001102590560913,0,0.001102590560913,0,0,0
5.5,0,1692.6,0,1600.237777777778,0,2382.8,0,283.2248747999869,0,26.03972566127777,0.00171480178833,0,0.00171480178833,0,0,0
5.5,0,914.8,0,811.3314285714285,0,1325.2,0,598.6352642971357,0,0.3894468069076538,4.739761352539063e-05,0,4.739761352539063e-05,0,0,0
13.5,0,653.3,0,503.8979015381763,0,1514.0,0,621.4260390080102,0,2.761432981491089,166517752.32946768,0,166517752.32946768,0,0,0
13.5,0,355.6,0,2063.1520413027806,0,7306.0,0,2012.13071333672,0,5.642463612556457,166523701.51484758,0,166523701.51484758,0,0,0
13.5,0,108.8,0,514.1575405760391,0,2922.0,0,808.2239299084547,0,5.689482879638672,166517942.1271622,0,166517942.1271622,0,0,0
13.5,0,565.1,0,1122.6762083423114,0,2962.0,0,798.1900186285445,0,13.966509294509889,166518042.79829413,0,166518042.79829413,0,0,0
13.5,0,73.4,0,65.0435210437997,0,87.9,0,8.918110327758383,0,75.65743763446808,166518796.77414858,0,166518796.77414858,0,0,0
13.5,0,1514.0,0,1263.545109510802,0,1999.0,0,589.8115048664711,0,12.596362566947937,166519425.4669005,0,166519425.4669005,0,0,0
5.5,0,161.5,0,277.8078968253968,0,767.0,0,242.68587510582725,0,38.286774682998654,0.0033145189285278,0,0.0033145189285278,0,0,0
13.5,0,68.1,0,77.29632861033015,0,214.0,0,37.97644007235961,0,131.0162499189377,166523572.75817183,0,166523572.75817183,0,0,0
5.5,0,96.0,0,102.19976190476191,0,250.8,0,68.5006909692691,0,11.929724311828611,0.0014640092849731,0,0.0014640092849731,0,0,0
13.5,0,2802.1,0,1201.7190918610113,0,4652.5,0,1418.3499817557467,0,18.481215906143188,166523693.1048982,0,166523693.1048982,0,0,0
5.5,0,95.5,0,93.9695634920635,0,150.4,0,36.95787078692901,0,18.96831719875336,0.009928011894226,0,0.009928011894226,0,0,0
13.5,0,164.2,0,124.1872068252525,0,423.1,0,104.84274769780158,0,14.217524862289428,166517019.4406674,0,166517019.4406674,0,0,0
5.5,0,75.0,0,83.3607142857143,0,147.0,0,31.248098275099743,0,3.055740404129028,0.0180826902389526,0,0.0180826902389526,0,0,0
13.5,0,1043.2,0,1090.5212350085417,0,1462.0,0,613.2872065303492,0,0.3293495178222656,166517698.69334012,0,166517698.69334012,0,0,0
13.5,0,790.0,0,1313.8108577146968,0,4410.0,0,1145.9386362838504,0,1.4645548820495606,166519454.5376225,0,166519454.5376225,0,0,0
5.5,0,790.0,0,908.5406349206348,0,1514.0,0,642.5067108713107,0,2.1187185525894163,0.0022593021392822,0,0.0022593021392822,0,0,0
5.5,0,1639.9,0,802.6631349206349,0,1782.7,0,808.8141004868912,0,0.8543693065643311,0.0003916978836059,0,0.0003916978836059,0,0,0
13.5,0,143.2,0,97.2828469114305,0,326.2,0,64.1286990058563,0,416.82635588645934,166516656.9764276,0,166516656.9764276,0,0,0
13.5,0,74.8,0,80.49871708485873,0,156.0,0,34.634395106195704,0,0.0782639741897583,166523889.9694641,0,166523889.9694641,0,0,0
13.5,0,85.3,0,74.1425355763088,0,180.3,0,29.074810143038803,0,1.0680744409561158,166522270.2739447,0,166522270.2739447,0,0,0
13.5,0,366.3,0,258.967583684805,0,2245.0,0,532.7613574261409,0,11.49950177669525,166521381.89604372,0,166521381.89604372,0,0,0
13.5,0,80.7,0,106.27687377551928,0,244.0,0,59.89622142245433,0,26.1581285238266,166522901.226543,0,166522901.226543,0,0,0
5.5,0,97.6,0,86.98801587301588,0,164.4,0,35.71111979470834,0,11.670917344093322,0.0152259826660156,0,0.0152259826660156,0,0,0
13.5,0,139.4,0,158.45800331634308,0,445.2,0,137.04668273899938,0,11.23486659526825,166520603.2291053,0,166520603.2291053,0,0,0
13.5,0,1393.0,0,676.8633865648455,0,1948.4,0,704.6737179684126,0,19.24524462223053,166518852.06135792,0,166518852.06135792,0,0,0
13.5,0,107.4,0,100.38544983954812,0,249.2,0,57.1603892461652,0,37.0686949968338,166516875.87659138,0,166516875.87659138,0,0,0
13.5,0,125.6,0,131.19589212043545,0,345.0,0,114.68760903088815,0,24.4591943025589,166524564.2748054,0,166524564.2748054,0,0,0
13.5,0,136.7,0,1470.266779048265,0,8754.0,0,2165.396079899463,0,33.51468377113342,166522934.19906077,0,166522934.19906077,0,0,0
13.5,0,81.7,0,68.46204088395265,0,180.2,0,32.618571299791554,0,138.21560096740723,166517121.34295547,0,166517121.34295547,0,0,0
13.5,0,85.0,0,371.8308737706222,0,2962.0,0,776.3743335434804,0,67.87441816329957,166524973.7815285,0,166524973.7815285,0,0,0
13.5,0,159.3,0,161.52734991573612,0,534.0,0,140.20706330424198,0,176.11507947444915,166516996.2696456,0,166516996.2696456,0,0,0
5.5,0,66.0,0,66.0,0,66.0,0,0.0,0,7.671347069740295,0.0004539966583251,0,0.0004539966583251,0,0,0
5.5,0,66.0,0,66.0,0,66.0,0,0.0,0,3.4944212675094604,0.001283311843872,0,0.001283311843872,0,0,0
13.5,0,683.2,0,986.4414041505448,0,2962.0,0,852.4859373668875,0,13.377430391311645,166518379.92284817,0,166518379.92284817,0,0,0
13.5,0,127.2,0,212.3935092259821,0,1424.0,0,335.8076582498243,0,1.6352521896362304,166523980.76341128,0,166523980.76341128,0,0,0
5.5,0,162.4,0,102.5013888888889,0,218.1,0,57.54718836378072,0,39.561769413948056,0.0265957832336425,0,0.0265957832336425,0,0,0
13.5,0,1250.7,0,173.96331111183278,0,1425.2,0,318.9193296022396,0,3.220683526992798,166518042.46632588,0,166518042.46632588,0,0,0
13.5,0,119.0,0,1712.1197446065285,0,12135.0,0,3331.264203275571,0,91.28908927440644,166526230.04145187,0,166526230.04145187,0,0,0
5.5,0,94.8,0,92.175,0,203.2,0,49.89491261306879,0,20.17275948524475,0.0084870100021362,0,0.0084870100021362,0,0,0
5.5,0,2136.9,0,1628.1847222222225,0,6243.7,0,2011.3132107988,0,20.61768505573273,0.0066409826278686,0,0.0066409826278686,0,0,0
5.5,0,1374.2,0,1364.368333333333,0,1514.0,0,339.32767698389654,0,6.067510652542114,0.0055575132369995,0,0.0055575132369995,0,0,0
13.5,0,591.1,0,183.177241591398,0,1237.5,0,299.7089094439505,0,8.693136072158813,166522160.8906507,0,166522160.8906507,0,0,0
5.5,0,66.0,0,66.0,0,66.0,0,0.0,0,0.0300156354904174,0.0004131078720092,0,0.0004131078720092,0,0,0
5.5,0,113.5,0,88.63194444444444,0,167.1,0,40.111588372251006,0,39.39999721050263,0.0223174095153808,0,0.0223174095153808,0,0,0
13.5,0,66.0,0,433.82427174648535,0,1514.0,0,564.5169024424165,0,27.168829584121703,166520497.0082838,0,166520497.0082838,0,0,0
13.5,0,751.4,0,916.3064229084468,0,3070.0,0,1040.9524768757342,0,29.52824790477753,166521701.4469441,0,166521701.4469441,0,0,0
5.5,0,1511.6,0,1906.4958730158728,0,2817.2,0,654.7168677440411,0,186.2766471862793,0.0054386138916015,0,0.0054386138916015,0,0,0
13.5,0,63.0,0,177.85996037502227,0,1514.0,0,362.9015340408269,0,65.49252650737762,166524124.841211,0,166524124.841211,0,0,0
5.5,0,1308.4,0,1300.5799206349209,0,1392.0,0,207.0592936993108,0,32.17970113754272,0.0002533912658691,0,0.0002533912658691,0,0,0
5.5,0,1672.8,0,2008.1838095238093,0,3830.8,0,924.4977350232028,0,32.35735213756561,0.0008125066757202,0,0.0008125066757202,0,0,0
5.5,0,103.0,0,96.71404761904762,0,184.4,0,51.814023521817695,0,49.56394817829132,0.0148182153701782,0,0.0148182153701782,0,0,0
5.5,0,144.6,0,110.79238095238097,0,304.4,0,78.31998281531682,0,45.99905927181244,0.016142201423645,0,0.016142201423645,0,0,0
5.5,0,1803.6,0,1656.1568253968253,0,2238.0,0,285.4525680120852,0,19.76543023586273,0.0001735210418701,0,0.0001735210418701,0,0,0
13.5,0,552.4,0,915.2223647959366,0,2962.0,0,883.1142215273978,0,11.145293402671816,166523778.499169,0,166523778.499169,0,0,0
5.5,0,106.2,0,116.49404761904763,0,207.8,0,49.370163526391686,0,101.42978503704072,0.0399302005767822,0,0.0399302005767822,0,0,0
13.5,0,223.0,0,1048.8399231264093,0,4410.0,0,1233.7253012447952,0,35.998940563201906,166526166.2527321,0,166526166.2527321,0,0,0
13.5,0,514.6,0,135.48495267632265,0,776.4,0,171.23261420490138,0,28.8245318889618,166521772.17122963,0,166521772.17122963,0,0,0
5.5,0,943.8,0,715.6813492063492,0,2382.8,0,883.3164938818161,0,36.24992282390595,0.0059032917022705,0,0.0059032917022705,0,0,0
5.5,0,1514.0,0,1514.0,0,1514.0,0,0.0,0,95.6564036846161,0.0008888006210327,0,0.0008888006210327,0,0,0
5.5,0,913.2,0,1214.2774603174605,0,2718.4,0,1001.5210846238202,0,0.0167699337005615,7.691383361816407e-05,0,7.691383361816407e-05,0,0,0
13.5,0,82.8,0,692.9991906876234,0,1514.0,0,677.8962248563204,0,46.917188143730165,166523091.1829299,0,166523091.1829299,0,0,0
13.5,0,1741.2,0,1748.5006021257725,0,2858.0,0,1293.486345861067,0,0.8761434555053711,166520194.1439077,0,166520194.1439077,0,0,0
13.5,0,241.9,0,159.0717196717971,0,745.5,0,197.1156626590335,0,19.437378525733948,166520227.0067476,0,166520227.0067476,0,0,0
5.5,0,1514.0,0,1514.0,0,1514.0,0,0.0,0,24.63917798995972,0.0018409013748168,0,0.0018409013748168,0,0,0
13.5,0,104.9,0,129.8963359168351,0,471.0,0,111.09433865470564,0,64.24161312580108,166521824.3133382,0,166521824.3133382,0,0,0
13.5,0,89.4,0,135.01676552463704,0,758.0,0,174.19653898678123,0,240.21906392574311,166516603.4894074,0,166516603.4894074,0,0,0
13.5,0,75.0,0,83.29354972255126,0,153.6,0,37.82418749887286,0,32.29635145664215,166521900.258944,0,166521900.258944,0,0,0
5.5,0,108.3,0,105.90071428571429,0,231.2,0,57.87467211929932,0,75.03087327480316,0.019791293144226,0,0.019791293144226,0,0,0
5.5,0,75.0,0,66.9,0,75.0,0,2.7,0,58.31053364276886,0.0037919044494628,0,0.0037919044494628,0,0,0
5.5,0,83.4,0,76.03035714285714,0,114.0,0,17.77148276130496,0,0.0149688243865966,0.004022192955017,0,0.004022192955017,0,0,0
5.5,0,928.8,0,432.4344444444444,0,928.8,0,418.2900142738405,0,66.01520576477051,0.0073325157165527,0,0.0073325157165527,0,0,0
5.5,0,125.5,0,85.3790873015873,0,221.9,0,52.24688700760737,0,18.376758646965023,0.0155285120010375,0,0.0155285120010375,0,0,0
13.5,0,1406.0,0,1467.2376206194049,0,2962.0,0,793.2346936814664,0,6.834285593032837,166525782.65083712,0,166525782.65083712,0,0,0
13.5,0,75.8,0,538.6800148879328,0,1514.0,0,647.9608989025166,0,58.7902286529541,166521029.7699439,0,166521029.7699439,0,0,0
5.5,0,530.6,0,202.0309523809524,0,567.6,0,194.28339141867903,0,65.07235341072082,0.0088104009628295,0,0.0088104009628295,0,0,0
13.5,0,2093.2,0,2241.092544167219,0,4410.0,0,1004.0870008336224,0,15.477950811386108,166526332.25505129,0,166526332.25505129,0,0,0
13.5,0,1514.0,0,582.1339268153587,0,1514.0,0,629.507981278533,0,11.81514494419098,166517768.32337338,0,166517768.32337338,0,0,0
13.5,0,1662.0,0,811.7278058809095,0,2962.0,0,886.0187083727384,0,1.916573977470398,166526250.57222933,0,166526250.57222933,0,0,0
5.5,0,1540.4,0,612.474365079365,0,3866.8,0,1208.3152190490314,0,63.737466955184935,0.0121366024017333,0,0.0121366024017333,0,0,0
13.5,0,546.6,0,185.9376937673609,0,765.8,0,219.8252255962747,0,92.15377159118653,166523500.0775834,0,166523500.0775834,0,0,0
13.5,0,313.9,0,199.99171466648244,0,1835.0,0,424.56725596208906,0,50.87692213058472,166525214.7775002,0,166525214.7775002,0,0,0
5.5,0,250.0,0,117.76912698412698,0,282.8,0,70.44236449954465,0,49.73440024852753,0.0271442890167236,0,0.0271442890167236,0,0,0
5.5,0,119.3,0,101.01,0,175.0,0,42.57797429037341,0,27.12797105312348,0.0120341062545776,0,0.0120341062545776,0,0,0
5.5,0,942.2,0,732.291746031746,0,2104.5,0,726.5964225073043,0,55.57691879272461,0.0072153091430664,0,0.0072153091430664,0,0,0
13.5,0,74.4,0,649.9288745692731,0,2962.0,0,852.8865557745237,0,42.492473340034486,166520575.1142905,0,166520575.1142905,0,0,0
13.5,0,141.7,0,134.3865265307448,0,246.0,0,73.38221957526336,0,16.620585894584657,166517675.6377971,0,166517675.6377971,0,0,0
5.5,0,1448.4,0,1703.939761904762,0,3975.6,0,1351.9887429337928,0,18.82199447154999,0.018751311302185,0,0.018751311302185,0,0,0
13.5,0,526.6,0,926.1949349227484,0,5858.0,0,1557.6493294558595,0,52.78731241226196,166517613.69618812,0,166517613.69618812,0,0,0
13.5,0,110.4,0,86.20233919718054,0,212.6,0,44.91175082822416,0,15.203467750549317,166520726.7125681,0,166520726.7125681,0,0,0
5.5,0,1427.5,0,2400.338611111112,0,4265.2,0,1123.7046100285577,0,9.64872100353241,0.0080554962158203,0,0.0080554962158203,0,0,0
13.5,0,492.8,0,913.303226795564,0,2962.0,0,1160.7776547133506,0,19.88417272567749,166518633.3115755,0,166518633.3115755,0,0,0
5.5,0,1514.0,0,1453.0920634920635,0,1948.4,0,350.65033825694235,0,2.228931903839112,0.0020732879638671,0,0.0020732879638671,0,0,0
5.5,0,1803.6,0,1746.0247619047618,0,2382.8,0,409.4329606254163,0,1.7623489856719972,0.0010900974273681,0,0.0010900974273681,0,0,0
13.5,0,780.8,0,1006.3085235559074,0,2858.0,0,1106.3689616876068,0,0.7858201742172242,166520192.8755714,0,166520192.8755714,0,0,0
13.5,0,99.7,0,95.89625323893512,0,214.0,0,46.38248894643622,0,57.75539307594299,166522983.43699482,0,166522983.43699482,0,0,0
5.5,0,123.0,0,133.95119047619048,0,436.0,0,134.74904734013236,0,51.377433919906615,0.0066855907440185,0,0.0066855907440185,0,0,0
5.5,0,83.5,0,86.2518253968254,0,113.1,0,16.563927960534947,0,5.2964205026626585,0.0048601865768432,0,0.0048601865768432,0,0,0
5.5,0,2828.0,0,2440.3468253968254,0,3704.0,0,850.3663364951796,0,0.7154689073562622,0.0002362966537475,0,0.0002362966537475,0,0,0
5.5,0,1079.6,0,398.3504761904761,0,1803.6,0,594.9631356196262,0,62.81420476436615,0.001174783706665,0,0.001174783706665,0,0,0
5.5,0,66.0,0,66.0,0,66.0,0,0.0,0,25.897737789154053,0.0007554054260253,0,0.0007554054260253,0,0,0
5.5,0,1105.8,0,1116.337857142857,0,1494.0,0,491.755703790929,0,32.55510587692261,0.0060992002487182,0,0.0060992002487182,0,0,0
5.5,0,131.3,0,122.9675,0,357.9,0,96.01783672245828,0,14.457418060302734,0.0095662117004394,0,0.0095662117004394,0,0,0
13.5,0,99.2,0,279.97067267098225,0,1514.0,0,444.485358533352,0,55.20793833732605,166522233.2334011,0,166522233.2334011,0,0,0
5.5,0,115.7,0,103.71638888888889,0,168.3,0,40.28486676403508,0,85.39812097549438,0.008478307723999,0,0.008478307723999,0,0,0
13.5,0,126.7,0,278.7205272157324,0,1514.0,0,449.6353578461236,0,57.691972088813785,166519514.3191673,0,166519514.3191673,0,0,0
13.5,0,128.5,0,113.49387597438684,0,230.0,0,58.94365612734206,0,118.53276879787444,166519106.7561707,0,166519106.7561707,0,0,0
13.5,0,355.6,0,1235.2971901576236,0,2962.0,0,736.5814653173564,0,58.75980365276337,166523317.1938755,0,166523317.1938755,0,0,0
13.5,0,92.2,0,169.33406750112633,0,987.0,0,223.55703853359333,0,29.26944434642792,166522217.036868,0,166522217.036868,0,0,0
13.5,0,210.8,0,73.24,0,210.8,0,31.558428351234472,0,6.413710379600525,166526146.9337112,0,166526146.9337112,0,0,0
13.5,0,67.1,0,66.73564854349297,0,77.0,0,2.73347422697318,0,19.11150884628296,166516824.7389446,0,166516824.7389446,0,0,0
13.5,0,150.9,0,155.19420735224531,0,348.0,0,100.32628180132788,0,669.2895310640336,166516748.5525398,0,166516748.5525398,0,0,0
5.5,0,644.4,0,219.7568253968253,0,970.2,0,295.6367496887253,0,12.32551167011261,0.0130257129669189,0,0.0130257129669189,0,0,0
13.5,0,66.0,0,167.25199044075978,0,1514.0,0,359.3717128752959,0,5.8787311792373655,166520266.7788204,0,166520266.7788204,0,0,0
5.5,0,171.9,0,139.17547619047622,0,339.4,0,88.16180049497018,0,20.80010931491852,0.0110511064529418,0,0.0110511064529418,0,0,0
13.5,0,102.9,0,165.41592492345973,0,345.0,0,109.33104711365816,0,12.1422048330307,166525595.21706071,0,166525595.21706071,0,0,0
13.5,0,1378.2,0,559.6946759810537,0,1514.0,0,635.8946190882402,0,26.60940432548523,166524124.5960088,0,166524124.5960088,0,0,0
13.5,0,75.2,0,92.13841442913812,0,262.0,0,54.78139234869743,0,83.23023414611816,166517439.4895193,0,166517439.4895193,0,0,0
13.5,0,88.3,0,121.39351338161325,0,230.0,0,60.24365013881745,0,133.85828638076782,166525402.16837317,0,166525402.16837317,0,0,0
13.5,0,78.6,0,244.0265487969203,0,1312.0,0,360.75110586650527,0,23.59386777877808,166525937.25174093,0,166525937.25174093,0,0,0
13.5,0,1254.5,0,421.2888431894044,0,1285.8,0,493.0782937465404,0,71.1958258152008,166517663.5325238,0,166517663.5325238,0,0,0
5.5,0,205.8,0,322.411626984127,0,790.0,0,237.6846238550757,0,40.91844682693481,0.0267940998077392,0,0.0267940998077392,0,0,0
13.5,0,1224.4,0,1598.8170689853662,0,4410.0,0,1234.6915368604962,0,28.92347733974457,166518185.1672597,0,166518185.1672597,0,0,0
13.5,0,1224.4,0,312.5160887615996,0,2093.2,0,607.5323085390112,0,12.546215701103211,166520439.64929432,0,166520439.64929432,0,0,0
5.5,0,66.0,0,66.0,0,66.0,0,0.0,0,1.1050544738769532,4.696846008300781e-06,0,4.696846008300781e-06,0,0,0
13.5,0,252.4,0,112.363434626519,0,336.4,0,74.49077437242157,0,3.808170080184937,166519305.64077878,0,166519305.64077878,0,0,0
5.5,0,158.0,0,164.4374603174603,0,257.6,0,58.04106302392038,0,43.93368310928345,0.0097613811492919,0,0.0097613811492919,0,0,0
5.5,0,478.0,0,332.7055555555556,0,882.2,0,315.3625077245268,0,3.6527168273925774,0.0016287088394165,0,0.0016287088394165,0,0,0
5.5,0,230.4,0,254.8606349206349,0,649.0,0,263.41586055226014,0,5.051000118255615,0.0056715011596679,0,0.0056715011596679,0,0,0
13.5,0,1224.4,0,1202.7050465977093,0,2817.2,0,767.6389589608516,0,1.5551223039627076,166520646.7041719,0,166520646.7041719,0,0,0
13.5,0,130.4,0,85.59592404027002,0,170.8,0,39.51373735275854,0,69.35804917812348,166520761.291995,0,166520761.291995,0,0,0
5.5,0,500.4,0,440.5838095238095,0,1079.6,0,482.4109476922714,0,1.7535888671875,0.0005347967147827,0,0.0005347967147827,0,0,0
5.5,0,1079.6,0,1099.9409523809525,0,2382.8,0,795.7644129073778,0,1.969927668571472,0.0024582862854003,0,0.0024582862854003,0,0,0
5.5,0,1514.0,0,1514.0,0,1514.0,0,0.0,0,24.122029995918275,0.0003305912017822,0,0.0003305912017822,0,0,0
13.5,0,642.8,0,981.661473875282,0,1514.0,0,685.2290158098093,0,20.62144730091095,166524639.3192874,0,166524639.3192874,0,0,0
13.5,0,790.0,0,2847.977603486984,0,4410.0,0,1529.1913156613275,0,2.091986989974976,166523723.8255649,0,166523723.8255649,0,0,0
5.5,0,66.0,0,66.0,0,66.0,0,0.0,0,31.365152287483216,0.0001883029937744,0,0.0001883029937744,0,0,0
13.5,0,120.1,0,130.19329144926283,0,239.2,0,52.38983384047416,0,79.39522054195405,166517251.57924002,0,166517251.57924002,0,0,0
5.5,0,209.5,0,147.6184523809524,0,458.2,0,131.88375598009242,0,108.38815078735352,0.0140587091445922,0,0.0140587091445922,0,0,0
13.5,0,1233.4,0,2288.941219931599,0,5858.0,0,1576.7157994047511,0,9.171754217147829,166519496.17218283,0,166519496.17218283,0,0,0
5.5,0,1090.6,0,1022.1805555555557,0,1380.2,0,546.0105918406912,0,77.02238709926606,0.0011674165725708,0,0.0011674165725708,0,0,0
13.5,0,556.1,0,1319.333208028212,0,2962.0,0,910.001630165532,0,10.268505072593689,166525856.1606763,0,166525856.1606763,0,0,0
5.5,0,94.3,0,75.615,0,133.4,0,24.81840335628729,0,70.82690796852111,0.0221029043197631,0,0.0221029043197631,0,0,0
5.5,0,268.6,0,223.61507936507937,0,587.5,0,202.27265265815345,0,20.002118706703182,0.0085353851318359,0,0.0085353851318359,0,0,0
13.5,0,243.8,0,175.79608840291115,0,721.0,0,209.36123518167088,0,12.56533591747284,166518196.0201969,0,166518196.0201969,0,0,0
5.5,0,270.5,0,204.86738095238096,0,644.8,0,216.9937211214816,0,2.824431872367859,0.005511999130249,0,0.005511999130249,0,0,0
13.5,0,251.0,0,203.82776264413263,0,960.0,0,210.70776921655025,0,99.05375320911408,166523474.7759865,0,166523474.7759865,0,0,0
5.5,0,716.5,0,506.2852777777778,0,1697.4,0,597.9966550654327,0,31.172972917556763,0.0241176128387451,0,0.0241176128387451,0,0,0
5.5,0,1562.5,0,1550.9871031746031,0,2093.2,0,224.34471607242293,0,14.096862506866454,0.0007519960403442,0,0.0007519960403442,0,0,0
13.5,0,899.1,0,321.8136826520573,0,1818.2,0,514.1274374343534,0,69.7672925233841,166517540.00991613,0,166517540.00991613,0,0,0
13.5,0,72.5,0,69.04145047762697,0,156.0,0,28.83056912203045,0,61.728854823112485,166518624.3244788,0,166518624.3244788,0,0,0
5.5,0,612.8,0,1099.4931746031743,0,1514.0,0,409.24562307087945,0,12.873469471931458,0.0079940795898437,0,0.0079940795898437,0,0,0
5.5,0,89.8,0,89.04873015873014,0,184.4,0,44.96079634531706,0,26.421175146102904,0.0087149143218994,0,0.0087149143218994,0,0,0
5.5,0,1417.7,0,1455.3982936507937,0,2238.0,0,451.3154706210083,0,28.958075046539307,0.0023866891860961,0,0.0023866891860961,0,0,0
5.5,0,959.4,0,1426.3982142857142,0,2527.6,0,572.8041463662208,0,52.11290633678436,0.0053266048431396,0,0.0053266048431396,0,0,0
5.5,0,130.0,0,214.49492063492065,0,411.0,0,105.06638287100618,0,13.050204968452451,0.0215152025222778,0,0.0215152025222778,0,0,0
5.5,0,116.6,0,136.91976190476188,0,222.6,0,51.799415630000304,0,74.39488859176636,0.0256222963333129,0,0.0256222963333129,0,0,0
5.5,0,156.2,0,234.39690476190472,0,864.4,0,310.63778466242144,0,54.94309725761413,0.0118689060211181,0,0.0118689060211181,0,0,0
13.5,0,71.1,0,163.5335693206862,0,1514.0,0,359.82913615727307,0,1.3912445068359376,166521406.0829912,0,166521406.0829912,0,0,0
5.5,0,97.4,0,78.46753968253968,0,144.0,0,28.46638179995628,0,68.00608229637146,0.0142996072769165,0,0.0142996072769165,0,0,0
13.5,0,1562.5,0,1368.0117462005658,0,2817.2,0,623.7781330120345,0,7.409454417228699,166522515.677585,0,166522515.677585,0,0,0
13.5,0,877.6,0,210.1552688612557,0,917.8,0,287.16781324133865,0,19.67502417564392,166517742.1835098,0,166517742.1835098,0,0,0
13.5,0,1057.2,0,959.8452127817144,0,2858.0,0,1157.0719702087608,0,0.2562558174133301,166520193.8026384,0,166520193.8026384,0,0,0
5.5,0,1057.2,0,1017.5303174603176,0,2439.2,0,866.0129112710708,0,0.0429724693298339,8.840560913085938e-05,0,8.840560913085938e-05,0,0,0
13.5,0,145.2,0,114.56709140446758,0,307.0,0,81.77859769290916,0,36.176286578178406,166521570.311509,0,166521570.311509,0,0,0
13.5,0,94.6,0,270.4545747020437,0,1514.0,0,477.2017138440836,0,11.117914319038391,166522965.06739947,0,166522965.06739947,0,0,0
5.5,0,1301.6,0,1562.3256746031743,0,2286.5,0,359.8378368465981,0,82.9209852218628,0.0055041074752807,0,0.0055041074752807,0,0,0
13.5,0,744.4,0,1437.618936929084,0,4410.0,0,1083.2909427245788,0,13.392571306228636,166519477.1518851,0,166519477.1518851,0,0,0
5.5,0,181.7,0,150.88369047619048,0,289.2,0,93.98898977212164,0,6.550007009506226,0.0004157066345214,0,0.0004157066345214,0,0,0
13.5,0,180.8,0,1270.9887844946593,0,2962.0,0,828.353662075357,0,17.24384562969208,166522144.0327456,0,166522144.0327456,0,0,0
13.5,0,107.0,0,101.39888279548109,0,345.0,0,81.71077223583349,0,45.40749061107636,166521991.314415,0,166521991.314415,0,0,0
13.5,0,1224.4,0,646.9737018090269,0,2962.0,0,878.7558912454451,0,5.428016543388367,166523261.30182108,0,166523261.30182108,0,0,0
5.5,0,194.1,0,113.66722222222222,0,284.1,0,77.09608953662372,0,32.787293434143066,0.0063577890396118,0,0.0063577890396118,0,0,0
13.5,0,138.9,0,136.4413356556584,0,644.0,0,155.43485628704747,0,20.628857445716857,166519236.9749734,0,166519236.9749734,0,0,0
5.5,0,66.0,0,66.0,0,66.0,0,0.0,0,35.17102725505829,0.0050305128097534,0,0.0050305128097534,0,0,0
5.5,0,210.8,0,490.11460317460313,0,1514.0,0,502.7471811371603,0,33.532511305809024,0.002665901184082,0,0.002665901184082,0,0,0
5.5,0,1366.8,0,934.0292063492064,0,2235.6,0,879.4226109515033,0,30.717041039466856,0.005372405052185,0,0.005372405052185,0,0,0
5.5,0,590.3,0,1070.4375793650793,0,1514.0,0,408.77442453797073,0,10.235514283180237,0.007239294052124,0,0.007239294052124,0,0,0
13.5,0,1865.7,0,415.42416001525135,0,2829.8,0,696.5244383640194,0,51.91473004817963,166518963.0343912,0,166518963.0343912,0,0,0
5.5,0,1079.6,0,1170.1574603174604,0,1514.0,0,524.8252288294675,0,1.2218675374984742,0.0002985954284667,0,0.0002985954284667,0,0,0
13.5,0,1577.3,0,1172.236394574208,0,2817.2,0,844.4322064597258,0,28.505187129974367,166525812.39827782,0,166525812.39827782,0,0,0
5.5,0,355.6,0,239.1279365079365,0,1079.6,0,376.5678065266189,0,30.35089032649994,0.0021543025970458,0,0.0021543025970458,0,0,0
5.5,0,150.1,0,171.4669841269841,0,281.0,0,84.71105054290118,0,56.3840350151062,0.014064621925354,0,0.014064621925354,0,0,0
13.5,0,138.4,0,124.28963277993076,0,230.0,0,60.733400862366125,0,69.39674541950225,166523246.8889543,0,166523246.8889543,0,0,0
13.5,0,202.8,0,138.35502205225117,0,504.4,0,121.63510702644663,0,158.39864046573638,166517221.1691758,0,166517221.1691758,0,0,0
5.5,0,1096.0,0,532.3312698412699,0,1530.4,0,519.0402405045561,0,18.1312135219574,0.0064465999603271,0,0.0064465999603271,0,0,0
5.5,0,133.7,0,92.56523809523809,0,195.6,0,51.79547819029286,0,12.970074462890626,0.0052346944808959,0,0.0052346944808959,0,0,0
5.5,0,1814.2,0,2507.457142857143,0,4410.0,0,1037.2925945864029,0,117.23921799659728,0.0052569866180419,0,0.0052569866180419,0,0,0
13.5,0,1223.6,0,726.3318278865958,0,1514.0,0,714.6006398822225,0,6.099495077133179,166521369.31380123,0,166521369.31380123,0,0,0
5.5,0,66.0,0,66.0,0,66.0,0,0.0,0,68.50546524524688,0.0005710124969482,0,0.0005710124969482,0,0,0
13.5,0,120.9,0,129.0228102341415,0,235.0,0,63.52555779118241,0,100.4495361804962,166516444.2098664,0,166516444.2098664,0,0,0
13.5,0,2093.2,0,2000.264931666201,0,4410.0,0,874.2388046220585,0,28.48386561870575,166526049.0956037,0,166526049.0956037,0,0,0
5.5,0,2382.8,0,1863.703492063492,0,4120.4,0,863.6669216961842,0,5.625555491447448,0.0007582902908325,0,0.0007582902908325,0,0,0
5.5,0,121.0,0,113.36349206349207,0,190.0,0,46.72187434190816,0,74.68600375652314,0.0562488079071044,0,0.0562488079071044,0,0,0
5.5,0,962.8,0,2245.3663095238094,0,7306.0,0,2488.198147661467,0,42.3380923986435,0.0114451885223388,0,0.0114451885223388,0,0,0
5.5,0,492.1,0,864.9493253968254,0,1514.0,0,460.4980733623975,0,54.1683601140976,0.010273003578186,0,0.010273003578186,0,0,0
13.5,0,210.8,0,1021.2173554343832,0,2962.0,0,850.4757640201267,0,85.993852186203,166518959.7958034,0,166518959.7958034,0,0,0
13.5,0,1369.2,0,1649.2320385737414,0,2962.0,0,782.9133840927492,0,14.176696038246154,166517553.4191117,0,166517553.4191117,0,0,0
5.5,0,129.3,0,100.24547619047618,0,229.8,0,61.45847089294684,0,7.406509685516357,0.0086798191070556,0,0.0086798191070556,0,0,0
5.5,0,64.8,0,64.28523809523809,0,66.0,0,3.5664131033466324,0,41.31660771369934,0.0024093866348266,0,0.0024093866348266,0,0,0
13.5,0,204.4,0,194.1486387889716,0,1292.0,0,304.5220535160922,0,22.241910576820374,166525343.51016408,0,166525343.51016408,0,0,0
13.5,0,950.6,0,415.2274584694631,0,3396.4,0,875.6950670035556,0,6.048741197586059,166518851.3424958,0,166518851.3424958,0,0,0
5.5,0,89.8,0,122.20944444444442,0,214.0,0,52.76226433299544,0,48.8006505727768,0.015191102027893,0,0.015191102027893,0,0,0
5.5,0,159.6,0,113.7029761904762,0,220.8,0,54.02397826006548,0,51.79466660022736,0.0122936964035034,0,0.0122936964035034,0,0,0
5.5,0,92.6,0,91.78484126984128,0,147.0,0,31.571068470483645,0,1.7133577108383178,0.0196444034576416,0,0.0196444034576416,0,0,0
13.5,0,88.0,0,99.44558901925387,0,534.0,0,116.60592822400028,0,17.956620264053345,166516892.6655086,0,166516892.6655086,0,0,0
13.5,0,1368.0,0,1285.4947589209896,0,2382.8,0,638.6203642607175,0,3.605276489257813,166525897.1461727,0,166525897.1461727,0,0,0
13.5,0,74.4,0,73.90470149819221,0,108.0,0,16.375280204804334,0,0.5460911512374877,166516864.346056,0,166516864.346056,0,0,0
5.5,0,138.2,0,194.94781746031748,0,441.0,0,136.57060296282418,0,12.206752228736878,0.0125586032867431,0,0.0125586032867431,0,0,0
13.5,0,73.1,0,70.24909845830125,0,156.0,0,23.2123149381248,0,33.82401528358459,166522071.76797527,0,166522071.76797527,0,0,0
5.5,0,989.8,0,1372.9542063492063,0,1514.0,0,216.72794755997583,0,27.07635865211487,0.0155258893966674,0,0.0155258893966674,0,0,0
5.5,0,69.6,0,67.0365873015873,0,70.7,0,1.8738852044868088,0,94.10693538188934,0.0393393993377685,0,0.0393393993377685,0,0,0
13.5,0,1225.5,0,340.7407114797828,0,1862.8,0,567.7943704176274,0,41.11039552688599,166522032.5856887,0,166522032.5856887,0,0,0
13.5,0,509.9,0,228.41980568880723,0,1130.7,0,353.1575919608837,0,17.49395911693573,166523773.27218443,0,166523773.27218443,0,0,0
13.5,0,308.3,0,145.5060614832364,0,1220.0,0,270.6011490703875,0,39.67343082427978,166520634.7809574,0,166520634.7809574,0,0,0
5.5,0,1092.2,0,1401.8104761904765,0,1514.0,0,221.0119905727072,0,21.547576117515565,0.0005960941314697,0,0.0005960941314697,0,0,0
13.5,0,397.4,0,1199.0577278878673,0,1514.0,0,553.9666820110472,0,42.854433107376096,166519583.5759261,0,166519583.5759261,0,0,0
5.5,0,86.5,0,117.4938492063492,0,214.0,0,50.39923313923843,0,53.204061126708986,0.005048394203186,0,0.005048394203186,0,0,0
5.5,0,156.5,0,143.046626984127,0,362.8,0,111.35314050571726,0,23.32319457530976,0.0167801141738891,0,0.0167801141738891,0,0,0
13.5,0,1522.0,0,1129.0256618441758,0,2382.8,0,745.0737052228394,0,73.48615713119507,166524056.0689061,0,166524056.0689061,0,0,0
5.5,0,66.0,0,66.0,0,66.0,0,0.0,0,8.430072665214539,0.0001213073730468,0,0.0001213073730468,0,0,0
5.5,0,916.0,0,1088.122380952381,0,2578.8,0,881.0005742026199,0,0.1612107038497924,8.530616760253907e-05,0,8.530616760253907e-05,0,0,0
5.5,0,677.9,0,419.1949603174603,0,1592.4,0,545.8213216979105,0,1.948733758926392,0.0179927825927734,0,0.0179927825927734,0,0,0
13.5,0,66.0,0,66.0,0,66.0,0,0.0,0,8.266189336776733,166523005.01578766,0,166523005.01578766,0,0,0
13.5,0,1079.6,0,382.00020630298496,0,2382.8,0,650.8898459313032,0,40.841143584251405,166525179.62675565,0,166525179.62675565,0,0,0
13.5,0,66.0,0,103.25056715687133,0,623.0,0,138.4131949476419,0,0.5236818552017212,166521152.03340948,0,166521152.03340948,0,0,0
5.5,0,151.5,0,98.82289682539682,0,218.6,0,54.10805063266889,0,80.6704936504364,0.0150964021682739,0,0.0150964021682739,0,0,0
5.5,0,1658.8,0,1528.48,0,1658.8,0,43.440000000000005,0,1.3756760835647583,0.0013841152191162,0,0.0013841152191162,0,0,0
5.5,0,100.8,0,90.73083333333332,0,142.8,0,36.84084506935078,0,230.7594911336899,0.0322184085845947,0,0.0322184085845947,0,0,0
5.5,0,66.0,0,66.0,0,66.0,0,0.0,0,16.966961312294007,0.0006060123443603,0,0.0006060123443603,0,0,0
5.5,0,90.4,0,89.53682539682539,0,138.0,0,32.5900405611835,0,132.4550847053528,0.0280554056167602,0,0.0280554056167602,0,0,0
13.5,0,90.0,0,70.50962848297215,0,121.0,0,13.82347108146386,0,6.757128882408142,166524288.49578208,0,166524288.49578208,0,0,0
5.5,0,1079.6,0,952.9574603174602,0,1369.2,0,597.2252288294675,0,101.2226623058319,0.0018369197845458,0,0.0018369197845458,0,0,0
13.5,0,66.0,0,723.1347807601755,0,5244.0,0,1415.410001838693,0,33.215365290641785,166521703.70032972,0,166521703.70032972,0,0,0
5.5,0,1669.4,0,2726.7576984126986,0,5858.0,0,1551.9671540611012,0,0.2658935070037841,0.003006100654602,0,0.003006100654602,0,0,0
13.5,0,115.4,0,83.63592912333624,0,195.6,0,39.71015241481091,0,44.716548800468445,166521370.0863927,0,166521370.0863927,0,0,0
13.5,0,84.7,0,746.6223959502829,0,1514.0,0,701.4696612262599,0,37.67221314907074,166524656.1542337,0,166524656.1542337,0,0,0
13.5,0,354.4,0,130.4450893121327,0,614.8,0,166.88103415140148,0,52.8223649263382,166519522.8808398,0,166519522.8808398,0,0,0
5.5,0,1569.2,0,912.7720634920636,0,2321.7,0,742.5515205498752,0,32.1426244020462,0.0068680047988891,0,0.0068680047988891,0,0,0
13.5,0,143.9,0,155.0562924257545,0,582.8,0,139.20440568366772,0,9.77898874282837,166521977.27201968,0,166521977.27201968,0,0,0
5.5,0,223.0,0,142.03174603174602,0,428.5,0,141.0620993729272,0,22.916207432746887,0.027365493774414,0,0.027365493774414,0,0,0
13.5,0,358.3,0,296.6222804964213,0,1803.6,0,548.9714590889657,0,35.28237307071686,166522546.7095556,0,166522546.7095556,0,0,0
5.5,0,1115.7,0,1209.9563492063492,0,1514.0,0,454.91554555354776,0,26.039104199409486,0.0020805835723876,0,0.0020805835723876,0,0,0
13.5,0,799.5,0,1140.3634869924538,0,2962.0,0,839.9117401308998,0,27.616479063034056,166521100.4754866,0,166521100.4754866,0,0,0
5.5,0,1948.4,0,1701.6079365079363,0,2672.4,0,411.36504548464654,0,22.644945287704463,0.0018574953079223,0,0.0018574953079223,0,0,0
5.5,0,1240.8,0,625.8192063492063,0,1675.2,0,635.5179946960913,0,14.039336156845092,0.0027204990386962,0,0.0027204990386962,0,0,0
13.5,0,87.1,0,107.74667823404666,0,317.0,0,71.56725818028998,0,9.829739212989807,166517670.4597014,0,166517670.4597014,0,0,0
5.5,0,143.5,0,180.00194444444443,0,317.0,0,79.69778712333081,0,31.72210183143616,0.0420909881591796,0,0.0420909881591796,0,0,0
13.5,0,998.8,0,1346.0904066616215,0,3975.6,0,958.3120950239554,0,13.898043012619018,166523952.00231162,0,166523952.00231162,0,0,0
13.5,0,124.3,0,99.75212901950133,0,193.0,0,36.787218057120256,0,112.18052582740783,166521964.6898739,0,166521964.6898739,0,0,0
5.5,0,626.8,0,213.5346031746032,0,771.2,0,261.6625454730432,0,0.6456633090972901,0.0001507997512817,0,0.0001507997512817,0,0,0
5.5,0,1859.1,0,2151.5839285714283,0,7159.2,0,2426.4968643814755,0,39.52354447841644,0.0042958974838256,0,0.0042958974838256,0,0,0
5.5,0,1377.0,0,849.0967460317459,0,1387.2,0,537.8961950645601,0,97.77755393981934,0.0009295940399169,0,0.0009295940399169,0,0,0
13.5,0,77.3,0,831.0656706124973,0,4410.0,0,1529.0925727702192,0,33.168926858901976,166519408.7079752,0,166519408.7079752,0,0,0
13.5,0,189.9,0,124.85106562898746,0,721.0,0,164.0798022493675,0,49.020389151573184,166525378.4104525,0,166525378.4104525,0,0,0
13.5,0,66.0,0,66.0,0,66.0,0,0.0,0,1.7314600944519043,166526030.58834592,0,166526030.58834592,0,0,0
5.5,0,150.8,0,282.64948412698413,0,777.0,0,244.535678394477,0,24.636314153671265,0.0177635908126831,0,0.0177635908126831,0,0,0
5.5,0,355.6,0,479.8292063492064,0,2382.8,0,860.6943622743205,0,7.753702926635742,0.0011425018310546,0,0.0011425018310546,0,0,0
13.5,0,559.9,0,1117.2013724231565,0,2962.0,0,973.1396331147796,0,25.20262026786804,166524994.3614182,0,166524994.3614182,0,0,0
13.5,0,151.1,0,147.76857253298814,0,422.0,0,98.96550045489371,0,40.70175938606262,166526335.33579618,0,166526335.33579618,0,0,0
5.5,0,110.2,0,140.75484126984128,0,217.0,0,55.57915435378601,0,1.6334498643875122,0.0019880056381225,0,0.0019880056381225,0,0,0
13.5,0,1224.4,0,946.1350412848244,0,1514.0,0,700.5014014346463,0,1.1996485233306884,166523978.21299717,0,166523978.21299717,0,0,0
13.5,0,88.4,0,976.4120251592232,0,1514.0,0,644.2593332641173,0,37.683578157424925,166520203.3569975,0,166520203.3569975,0,0,0
13.5,0,1079.6,0,820.2711853780895,0,4410.0,0,1632.9914980351905,0,1.3511743307113648,166518198.12677258,0,166518198.12677258,0,0,0
5.5,0,113.6,0,117.25436507936506,0,207.8,0,52.68617437387527,0,28.804773497581483,0.0272836923599243,0,0.0272836923599243,0,0,0
5.5,0,1658.8,0,1636.4479365079364,0,2382.8,0,299.38756729262553,0,1.040939497947693,0.0003027915954589,0,0.0003027915954589,0,0,0
13.5,0,378.0,0,93.97410830999068,0,395.6,0,85.51655402396845,0,93.3118965625763,166519968.43384722,0,166519968.43384722,0,0,0
13.5,0,789.4,0,923.2412979993862,0,2527.6,0,821.2223493426807,0,37.88215463161468,166520574.59766608,0,166520574.59766608,0,0,0
13.5,0,131.0,0,130.00235246779363,0,344.0,0,79.82828601787642,0,13.197918891906738,166521890.6268717,0,166521890.6268717,0,0,0
5.5,0,66.0,0,66.0,0,66.0,0,0.0,0,7.705630230903625,0.0017698049545288,0,0.0017698049545288,0,0,0
13.5,0,456.1,0,141.41214388037145,0,529.1,0,131.26608510540956,0,34.667283463478086,166522707.1347836,0,166522707.1347836,0,0,0
5.5,0,112.7,0,80.42853174603175,0,156.2,0,30.81774082387189,0,67.9486926317215,0.0201482057571411,0,0.0201482057571411,0,0,0
5.5,0,972.5,0,525.4748015873016,0,1190.8,0,453.1661245486067,0,117.26406214237213,0.0051400899887084,0,0.0051400899887084,0,0,0
5.5,0,109.4,0,86.48142857142857,0,145.4,0,33.56501962265979,0,107.49366104602814,0.0260603904724121,0,0.0260603904724121,0,0,0
13.5,0,141.4,0,179.7840538155515,0,1399.0,0,328.292525905874,0,99.446839094162,166524750.48484612,0,166524750.48484612,0,0,0
5.5,0,109.2,0,103.9636507936508,0,152.8,0,40.059360824628826,0,22.65486114025116,0.0148230791091918,0,0.0148230791091918,0,0,0
13.5,0,1947.6,0,701.4022429617168,0,2672.4,0,914.8233426056136,0,24.66097354888916,166520992.7719698,0,166520992.7719698,0,0,0
13.5,0,527.3,0,207.5131691141676,0,888.4,0,225.9929802109929,0,3.041035509109497,166519007.6428146,0,166519007.6428146,0,0,0
5.5,0,878.4,0,1438.830476190476,0,2672.4,0,772.7049456653021,0,3.091706395149231,0.0020705938339233,0,0.0020705938339233,0,0,0
13.5,0,1225.6,0,1782.4942975394056,0,4410.0,0,806.0618799842829,0,8.01324920654297,166522656.00073522,0,166522656.00073522,0,0,0
13.5,0,828.8,0,206.6660440673018,0,1587.4,0,363.9202222197117,0,58.56438000202179,166522265.929826,0,166522265.929826,0,0,0
5.5,0,853.2,0,1867.4338095238093,0,4807.0,0,1608.5300075655755,0,6.911410307884216,0.010338282585144,0,0.010338282585144,0,0,0
5.5,0,1589.2,0,2577.128253968254,0,5278.8,0,1392.9137506405157,0,9.416008520126343,0.0063269138336181,0,0.0063269138336181,0,0,0
13.5,0,1252.8,0,1351.5876288606476,0,4410.0,0,1260.801661525445,0,30.59539399147034,166525393.61592978,0,166525393.61592978,0,0,0
13.5,0,66.0,0,64.92996575491932,0,66.0,0,3.975962511960989,0,44.04576416015625,166522760.02505338,0,166522760.02505338,0,0,0
13.5,0,971.4,0,669.9375147831186,0,1514.0,0,700.8016473998662,0,64.10588402748108,166522333.2929636,0,166522333.2929636,0,0,0
13.5,0,675.1,0,209.62140967134,0,1306.8,0,318.6439593968068,0,35.040696907043454,166523764.4267637,0,166523764.4267637,0,0,0
5.5,0,788.4,0,1105.5266666666666,0,2382.8,0,749.4564933166655,0,2.4356040000915526,0.0041590929031372,0,0.0041590929031372,0,0,0
13.5,0,139.3,0,191.4855555594217,0,906.0,0,234.39749116456545,0,6.494658756256103,166525266.9866836,0,166525266.9866836,0,0,0
13.5,0,960.5,0,176.16873669545112,0,988.8,0,251.79504255494825,0,49.02953414916992,166521344.16643298,0,166521344.16643298,0,0,0
13.5,0,89.6,0,102.31477997578617,0,195.0,0,47.69717872720297,0,46.621915340423584,166518216.6583415,0,166518216.6583415,0,0,0
5.5,0,124.0,0,140.65920634920636,0,183.6,0,32.54338601703995,0,78.66320209503174,0.0219094038009643,0,0.0219094038009643,0,0,0
5.5,0,66.0,0,66.0,0,66.0,0,0.0,0,10.915365767478942,0.0014585971832275,0,0.0014585971832275,0,0,0
13.5,0,1137.1,0,1210.1651609823784,0,1514.0,0,566.8340837187542,0,31.007594203948976,166525131.624965,0,166525131.624965,0,0,0
13.5,0,839.2,0,973.7292623613056,0,1482.0,0,650.2865986291824,0,24.536254477500915,166524772.7500695,0,166524772.7500695,0,0,0
5.5,0,66.0,0,66.0,0,66.0,0,0.0,0,1.7245418071746823,0.0005620002746582,0,0.0005620002746582,0,0,0
5.5,0,838.5,0,1962.703452380952,0,4410.0,0,1434.541327317694,0,71.66915392875671,0.0141302108764648,0,0.0141302108764648,0,0,0
5.5,0,322.3,0,345.94376984126984,0,1112.4,0,380.1976970083565,0,43.79064033031464,0.011005687713623,0,0.011005687713623,0,0,0
5.5,0,75.0,0,75.8607142857143,0,129.0,0,22.50545758798045,0,35.55340056419372,0.0010430097579956,0,0.0010430097579956,0,0,0
5.5,0,70.8,0,78.52047619047619,0,104.4,0,17.42390895134976,0,23.74213147163391,0.0060794115066528,0,0.0060794115066528,0,0,0
5.5,0,934.8,0,843.3806349206349,0,1369.2,0,631.3441730563048,0,1.0774821996688844,0.0002516984939575,0,0.0002516984939575,0,0,0
5.5,0,525.0,0,977.4969047619048,0,1514.0,0,458.5027946343165,0,55.735474061965945,0.0082148075103759,0,0.0082148075103759,0,0,0
13.5,0,256.6,0,157.11461670897043,0,581.8,0,137.9474536478795,0,45.19752416610718,166519554.8722645,0,166519554.8722645,0,0,0
13.5,0,1514.0,0,1159.880747415639,0,2238.0,0,701.6128198081253,0,107.10216550827026,166522572.72273478,0,166522572.72273478,0,0,0
13.5,0,1562.5,0,1119.7394655434866,0,2962.0,0,787.2746144374685,0,25.708150815963744,166521011.14648888,0,166521011.14648888,0,0,0
13.5,0,1545.8,0,836.2374085756865,0,7467.2,0,1928.6043973347707,0,24.406616306304933,166522187.5930987,0,166522187.5930987,0,0,0
13.5,0,317.4,0,214.61053865295352,0,1260.2,0,287.2090751164369,0,61.28219780921936,166517132.13565177,0,166517132.13565177,0,0,0
5.5,0,616.8,0,705.3669047619048,0,2987.8,0,1055.840927971881,0,64.9248790025711,0.0203608036041259,0,0.0203608036041259,0,0,0
13.5,0,65.0,0,71.84761210538687,0,156.0,0,34.12533998842313,0,31.056211280822755,166526019.3192659,0,166526019.3192659,0,0,0
5.5,0,73.2,0,77.04690476190476,0,144.7,0,34.73841926384753,0,31.90911905765533,0.0105976104736328,0,0.0105976104736328,0,0,0
5.5,0,97.6,0,84.23773809523809,0,139.6,0,27.934375788243266,0,87.4636808872223,0.0326476097106933,0,0.0326476097106933,0,0,0
13.5,0,87.0,0,87.00341527495553,0,349.0,0,79.17070490248075,0,19.0462453365326,166517458.84844095,0,166517458.84844095,0,0,0
5.5,0,184.9,0,90.75031746031746,0,311.8,0,76.84695661420912,0,47.83454825878143,0.0064209222793579,0,0.0064209222793579,0,0,0
13.5,0,140.4,0,95.28664712523458,0,404.3,0,88.10465700022544,0,12.300864648818967,166518142.99667808,0,166518142.99667808,0,0,0
13.5,0,920.4,0,905.4158970269496,0,2858.0,0,935.9093867411392,0,0.0171722888946533,166520192.798712,0,166520192.798712,0,0,0
13.5,0,67.7,0,263.4294955178121,0,1563.0,0,498.1240972996385,0,9.601614356040956,166519920.96238017,0,166519920.96238017,0,0,0
13.5,0,1184.0,0,1052.580333314776,0,2858.0,0,1104.3059194595892,0,0.6621606826782227,166517698.63855898,0,166517698.63855898,0,0,0
13.5,0,93.0,0,369.45067549925136,0,2962.0,0,777.5109344599534,0,22.579170489311217,166518835.110755,0,166518835.110755,0,0,0
13.5,0,1968.7,0,1815.1565725833327,0,5278.8,0,1055.5354998878556,0,15.62961630821228,166524551.1629495,0,166524551.1629495,0,0,0
5.5,0,1378.2,0,1863.2788095238093,0,4989.2,0,1551.0846397222822,0,28.93928203582764,0.0054464101791381,0,0.0054464101791381,0,0,0
5.5,0,137.1,0,95.79261904761906,0,226.4,0,52.87551658583051,0,11.348338508605956,0.0066423892974853,0,0.0066423892974853,0,0,0
5.5,0,489.5,0,428.7448809523809,0,2222.6,0,745.1274441587096,0,37.04564144611359,0.0188146114349365,0,0.0188146114349365,0,0,0
5.5,0,112.5,0,102.16722222222222,0,187.6,0,47.19462063534242,0,28.11515793800354,0.0078452110290527,0,0.0078452110290527,0,0,0
5.5,0,680.0,0,872.0450793650795,0,1514.0,0,634.420848452344,0,98.69968757629394,0.0006293058395385,0,0.0006293058395385,0,0,0
13.5,0,1132.0,0,631.3294491756953,0,6495.6,0,1580.4013953260392,0,43.6422205209732,166522164.2767967,0,166522164.2767967,0,0,0
13.5,0,71.7,0,68.81881517991813,0,111.6,0,10.95033488590041,0,14.503258299827577,166517906.9800992,0,166517906.9800992,0,0,0
5.5,0,918.0,0,740.1773015873016,0,2020.4,0,716.1063705658987,0,0.1500062227249145,6.270408630371094e-05,0,6.270408630371094e-05,0,0,0
13.5,0,99.0,0,678.3667576833211,0,7388.0,0,1821.244153860219,0,19.534973430633546,166522099.94097158,0,166522099.94097158,0,0,0
5.5,0,104.1,0,106.5327380952381,0,173.2,0,39.838929194195984,0,3.3400622606277466,0.0261427879333496,0,0.0261427879333496,0,0,0
5.5,0,122.1,0,128.48761904761903,0,211.2,0,57.53608208559551,0,23.568343472480773,0.0127330064773559,0,0.0127330064773559,0,0,0
5.5,0,169.8,0,356.5269047619048,0,1014.0,0,323.7471459194915,0,62.35960569381714,0.0042468070983886,0,0.0042468070983886,0,0,0
5.5,0,118.7,0,78.56555555555556,0,158.2,0,31.123914512193814,0,22.61366055011749,0.0022974967956542,0,0.0022974967956542,0,0,0
5.5,0,4989.2,0,9031.763174603171,0,18890.0,0,6189.991419376066,0,15.447678685188292,0.0013261079788208,0,0.0013261079788208,0,0,0
13.5,0,771.3,0,1013.6967344145364,0,2962.0,0,1129.8589605922723,0,12.321717143058777,166524203.8005395,0,166524203.8005395,0,0,0
13.5,0,98.7,0,192.11530505528185,0,798.0,0,207.07423400938328,0,106.9783215045929,166524384.97700077,0,166524384.97700077,0,0,0
13.5,0,386.9,0,111.44677663452816,0,573.0,0,119.0682384338317,0,28.026727437973022,166524125.2870813,0,166524125.2870813,0,0,0
13.5,0,70.7,0,125.51729717650772,0,347.0,0,85.50313925822778,0,42.71489880084992,166519347.1682125,0,166519347.1682125,0,0,0
13.5,0,1571.5,0,708.9485567464012,0,2527.6,0,784.3563336693051,0,18.00534827709198,166524416.1469216,0,166524416.1469216,0,0,0
5.5,0,211.6,0,449.4892063492064,0,1229.0,0,381.3531198970856,0,37.75373539924622,0.0083281993865966,0,0.0083281993865966,0,0,0
13.5,0,552.5,0,162.26485005835238,0,753.8,0,221.51104638525425,0,87.11151103973388,166517586.5332226,0,166517586.5332226,0,0,0
13.5,0,1675.2,0,1730.5960119670494,0,4410.0,0,1082.634475468534,0,19.949083113670348,166524827.6981188,0,166524827.6981188,0,0,0
13.5,0,1366.4,0,486.9791715061684,0,1400.0,0,553.7581166944259,0,60.28158674240112,166521461.7342652,0,166521461.7342652,0,0,0
13.5,0,1887.8,0,979.0883473741602,0,4265.2,0,1450.4667020594047,0,24.53058724403381,166522967.0003025,0,166522967.0003025,0,0,0
5.5,0,163.7,0,129.47722222222222,0,245.3,0,62.900014659827136,0,242.76536111831663,0.0115401983261108,0,0.0115401983261108,0,0,0
5.5,0,158.8,0,117.46130952380952,0,238.6,0,68.78324691142151,0,64.84980924129486,0.0087559938430786,0,0.0087559938430786,0,0,0
13.5,0,88.3,0,85.78352084018493,0,242.8,0,47.67517076584849,0,20.55945267677307,166518685.5971019,0,166518685.5971019,0,0,0
5.5,0,97.1,0,99.68900793650792,0,208.4,0,55.77773048304344,0,15.035580110549926,0.0108894824981689,0,0.0108894824981689,0,0,0
13.5,0,1852.9,0,943.4035702983808,0,6147.6,0,1511.8167500216136,0,27.77556445598602,166519703.1897974,0,166519703.1897974,0,0,0
13.5,0,100.2,0,135.54523209375765,0,348.0,0,78.52614490237507,0,46.18976032733917,166520866.58558172,0,166520866.58558172,0,0,0
13.5,0,934.8,0,710.2946525576247,0,1514.0,0,717.2964246161773,0,40.89958479404449,166523978.050054,0,166523978.050054,0,0,0
5.5,0,128.8,0,87.85777777777778,0,243.6,0,61.64820018747439,0,58.1150541305542,0.0086133956909179,0,0.0086133956909179,0,0,0
5.5,0,1094.2,0,879.0748412698413,0,2672.4,0,876.4915896830926,0,2.708060050010681,0.0009005069732666,0,0.0009005069732666,0,0,0
13.5,0,107.2,0,304.3934002521386,0,1781.0,0,528.8572995953484,0,85.92608287334443,166518685.22656798,0,166518685.22656798,0,0,0
13.5,0,130.6,0,109.05035709474564,0,293.3,0,72.08242072789274,0,8.1315523147583,166517538.1117175,0,166517538.1117175,0,0,0
13.5,0,96.7,0,68.38603408029878,0,139.8,0,18.485563427308303,0,88.85504834651947,166521916.85005718,0,166521916.85005718,0,0,0
5.5,0,133.4,0,180.3405555555556,0,390.2,0,106.04138853908564,0,236.49703648090363,0.0174539804458618,0,0.0174539804458618,0,0,0
5.5,0,817.4,0,933.636746031746,0,1570.2,0,609.0453782252896,0,105.50448343753814,0.0054315090179443,0,0.0054315090179443,0,0,0
13.5,0,827.1,0,398.8716794991214,0,1349.6,0,518.7230315333002,0,10.025628399848936,166523037.3061128,0,166523037.3061128,0,0,0
13.5,0,66.0,0,729.0199691081192,0,2962.0,0,1015.3598735690884,0,0.0856117963790893,166520080.24484178,0,166520080.24484178,0,0,0
5.5,0,147.0,0,107.9023015873016,0,221.7,0,62.58267197025676,0,54.42369492053986,0.0085215091705322,0,0.0085215091705322,0,0,0
5.5,0,66.1,0,65.82789682539683,0,68.8,0,1.7359934947983813,0,43.56334917545318,0.0114062070846557,0,0.0114062070846557,0,0,0
5.5,0,93.8,0,121.30944444444442,0,208.2,0,48.21501278681272,0,10.489973044395446,0.005357003211975,0,0.005357003211975,0,0,0
13.5,0,209.2,0,355.5897178397798,0,1514.0,0,576.1881983653977,0,9.110602259635924,166521288.2401889,0,166521288.2401889,0,0,0
5.5,0,1803.6,0,1766.135873015873,0,2527.6,0,435.1129352049646,0,1.484380269050598,0.0005985975265502,0,0.0005985975265502,0,0,0
13.5,0,106.9,0,102.30166763619935,0,230.0,0,50.27283633991463,0,75.42674322128296,166520346.6012662,0,166520346.6012662,0,0,0
13.5,0,917.6,0,813.4158096203762,0,2858.0,0,849.6667424519862,0,0.3834607124328613,166517698.34569126,0,166517698.34569126,0,0,0
5.5,0,139.0,0,125.95587301587302,0,213.6,0,56.417245372830735,0,38.30790259838104,0.0224896192550659,0,0.0224896192550659,0,0,0
13.5,0,189.9,0,127.73638308500924,0,372.7,0,111.4899022493397,0,82.41986298561096,166520350.851862,0,166520350.851862,0,0,0
13.5,0,66.0,0,848.1281560136629,0,2962.0,0,871.240008686058,0,65.78024909496307,166520553.9622797,0,166520553.9622797,0,0,0
13.5,0,568.3,0,236.19120981916257,0,1730.0,0,410.45605923388223,0,97.62336950302124,166517410.3411098,0,166517410.3411098,0,0,0
5.5,0,464.3,0,900.8814285714284,0,1514.0,0,465.4225249558697,0,4.104207348823548,0.0024493932723999,0,0.0024493932723999,0,0,0
13.5,0,795.0,0,1384.6067946230755,0,2962.0,0,969.6774028165268,0,91.88225293159483,166521729.34799582,0,166521729.34799582,0,0,0
5.5,0,238.2,0,356.45154761904763,0,1249.5,0,438.4944140392928,0,96.63314154148102,0.0244990110397338,0,0.0244990110397338,0,0,0
13.5,0,687.0,0,1271.4728393248477,0,3447.0,0,984.869530239704,0,25.159740734100343,166519687.24354476,0,166519687.24354476,0,0,0
13.5,0,77.6,0,137.3656386600156,0,317.0,0,76.67917532447292,0,9.854538631439208,166517041.7242862,0,166517041.7242862,0,0,0
5.5,0,66.0,0,66.0,0,66.0,0,0.0,0,128.630548286438,0.0011053800582885,0,0.0011053800582885,0,0,0
13.5,0,109.1,0,111.89917563860288,0,215.6,0,54.90004255855267,0,671.5414702892303,166516760.57192117,0,166516760.57192117,0,0,0
13.5,0,1284.5,0,1359.5105576097449,0,2962.0,0,994.9796296119944,0,3.027800726890564,166519666.6550028,0,166519666.6550028,0,0,0
5.5,0,2095.6,0,1782.1568253968253,0,3830.8,0,760.4128981575989,0,47.86379930973053,0.0053514957427978,0,0.0053514957427978,0,0,0
5.5,0,316.3,0,236.10829365079368,0,625.4,0,186.1932936236163,0,29.472246861457823,0.0080625057220458,0,0.0080625057220458,0,0,0
5.5,0,1661.1,0,2420.68492063492,0,5278.8,0,1441.033109250218,0,3.132453513145447,0.0041845083236694,0,0.0041845083236694,0,0,0
5.5,0,1369.2,0,1404.4231746031746,0,1658.8,0,290.6976139156685,0,99.6650366783142,0.0011809110641479,0,0.0011809110641479,0,0,0
13.5,0,261.6,0,852.0208469299878,0,1514.0,0,697.3119059112067,0,30.92920196056366,166518583.04859608,0,166518583.04859608,0,0,0
5.5,0,1877.5,0,1932.3269444444445,0,2962.0,0,714.4535095119013,0,78.28082730770112,0.0038371086120605,0,0.0038371086120605,0,0,0
13.5,0,99.6,0,91.09568985795764,0,223.6,0,54.3977494686652,0,6.402524065971375,166520626.12636238,0,166520626.12636238,0,0,0
5.5,0,2248.0,0,2569.8218253968253,0,5278.8,0,2022.2800126179504,0,62.31707406044006,0.0031004190444946,0,0.0031004190444946,0,0,0
5.5,0,900.0,0,858.8553174603173,0,3149.4,0,1188.8032482309732,0,43.26121988296509,0.0102521896362304,0,0.0102521896362304,0,0,0
5.5,0,79.4,0,88.75150793650793,0,94.0,0,6.861640886754353,0,33.52197353839874,0.0035216093063354,0,0.0035216093063354,0,0,0
5.5,0,72.8,0,60.44619047619047,0,94.8,0,13.74057409809446,0,36.25792837142944,0.0121543169021606,0,0.0121543169021606,0,0,0
13.5,0,75.0,0,70.45076081039704,0,138.0,0,17.290002451421703,0,6.082603907585144,166521501.38679808,0,166521501.38679808,0,0,0
5.5,0,65.7,0,64.12968253968253,0,74.2,0,6.144443786057284,0,18.83246676921845,0.0027308940887451,0,0.0027308940887451,0,0,0
13.5,0,1057.2,0,1045.6314923844643,0,2858.0,0,1152.187746204592,0,0.7416668653488159,166517698.4613592,0,166517698.4613592,0,0,0
5.5,0,905.4,0,1042.1530952380951,0,1750.2,0,528.3399417945739,0,30.74017231464386,0.0061951875686645,0,0.0061951875686645,0,0,0
5.5,0,1281.9,0,1668.9021825396826,0,2720.9,0,601.736933546227,0,30.502529072761536,0.0109381914138793,0,0.0109381914138793,0,0,0
5.5,0,651.0,0,1026.737380952381,0,1514.0,0,492.0239125743378,0,70.93983147144317,0.0004295110702514,0,0.0004295110702514,0,0,0
13.5,0,2590.9,0,1094.843534811422,0,8948.7,0,2132.568920539535,0,11.5922771692276,166518631.3691441,0,166518631.3691441,0,0,0
5.5,0,83.7,0,92.43460317460318,0,131.4,0,21.44769305601127,0,6.472408032417297,0.0082482099533081,0,0.0082482099533081,0,0,0
13.5,0,82.9,0,179.52758353402703,0,1431.0,0,335.68960284451936,0,3.5318798780441285,166519452.18937913,0,166519452.18937913,0,0,0
5.5,0,92.2,0,98.45738095238096,0,222.8,0,57.02057943560978,0,127.76405365467072,0.0193403005599975,0,0.0193403005599975,0,0,0
5.5,0,114.7,0,81.04670634920636,0,145.6,0,39.77714087518992,0,245.8461703777313,0.0175776958465576,0,0.0175776958465576,0,0,0
13.5,0,143.8,0,90.79862082319126,0,325.2,0,80.13586222643981,0,173.41357326507568,166516572.2853004,0,166516572.2853004,0,0,0
5.5,0,66.0,0,66.0,0,66.0,0,0.0,0,0.6437286376953125,2.598762512207032e-06,0,2.598762512207032e-06,0,0,0
13.5,0,473.4,0,1171.828129504654,0,1950.5,0,603.5343289773402,0,10.520660161972046,166521847.2704796,0,166521847.2704796,0,0,0
13.5,0,646.4,0,387.4271115782223,0,2683.9,0,742.8475939712984,0,4.014316201210022,166520871.71133894,0,166520871.71133894,0,0,0
5.5,0,83.0,0,106.31571428571428,0,204.0,0,50.30952187072618,0,338.3105570793152,0.010433292388916,0,0.010433292388916,0,0,0
5.5,0,200.1,0,255.1207142857143,0,505.0,0,169.11134738784807,0,4.079933071136475,0.0135831832885742,0,0.0135831832885742,0,0,0
13.5,0,79.0,0,1138.09855992219,0,8754.0,0,2193.8329400432226,0,41.87683029174805,166525155.14890912,0,166525155.14890912,0,0,0
13.5,0,1948.4,0,1101.417300250489,0,4410.0,0,1513.5527889049476,0,18.650632119178773,166524784.9247122,0,166524784.9247122,0,0,0
13.5,0,82.3,0,98.41387293520032,0,218.0,0,54.83588750935995,0,25.812673807144165,166522764.6970943,0,166522764.6970943,0,0,0
5.5,0,66.0,0,66.0,0,66.0,0,0.0,0,20.65561201572418,0.0048843145370483,0,0.0048843145370483,0,0,0
5.5,0,790.0,0,450.63936507936506,0,1079.6,0,477.2887285879489,0,110.3137256860733,0.0004333019256591,0,0.0004333019256591,0,0,0
5.5,0,70.6,0,79.47325396825396,0,112.0,0,15.971250229495425,0,11.000388956069946,0.0080836057662963,0,0.0080836057662963,0,0,0
5.5,0,777.2,0,579.6685714285715,0,1188.4,0,536.9495995907008,0,0.1830648422241211,6.639957427978516e-05,0,6.639957427978516e-05,0,0,0
5.5,0,873.4,0,370.5463492063492,0,1192.4,0,430.7279148386621,0,88.42077250480652,0.0092489004135131,0,0.0092489004135131,0,0,0
13.5,0,1074.6,0,819.081588864352,0,1494.0,0,697.9391152887894,0,6.660077691078186,166524580.1440046,0,166524580.1440046,0,0,0
5.5,0,66.0,0,66.0,0,66.0,0,0.0,0,14.203872513771056,0.0003579854965209,0,0.0003579854965209,0,0,0
5.5,0,80.8,0,69.12444444444444,0,95.6,0,9.091191271804846,0,19.042159414291383,0.0060465097427368,0,0.0060465097427368,0,0,0
5.5,0,602.0,0,361.9709523809523,0,1182.8,0,366.57870618750405,0,98.14446833133698,0.0279135942459106,0,0.0279135942459106,0,0,0
5.5,0,793.0,0,592.4818253968253,0,1333.8,0,578.3571458225272,0,5.088859891891479,0.003846788406372,0,0.003846788406372,0,0,0
13.5,0,210.8,0,743.8666942586138,0,1514.0,0,710.4661010639619,0,1.840532302856445,166525371.09870023,0,166525371.09870023,0,0,0
13.5,0,1707.3,0,597.3608897406343,0,2737.3,0,764.6297904159958,0,19.70845422744751,166520522.8231813,0,166520522.8231813,0,0,0
5.5,0,1812.6,0,2015.693253968254,0,3830.8,0,1175.7026536717574,0,80.53088476657868,0.0108527898788452,0,0.0108527898788452,0,0,0
13.5,0,102.5,0,113.17328562519351,0,317.0,0,75.0955353066143,0,54.43820028305053,166517048.22185713,0,166517048.22185713,0,0,0
13.5,0,2093.2,0,2077.038292048509,0,7306.0,0,1648.783444337771,0,14.569030451774598,166518858.1690408,0,166518858.1690408,0,0,0
13.5,0,82.4,0,152.03127092893348,0,1250.0,0,294.36493168785364,0,77.31217131614684,166522289.65523237,0,166522289.65523237,0,0,0
13.5,0,264.6,0,205.3953649278997,0,1384.3,0,316.9152702224889,0,233.4315747261048,166516810.6718642,0,166516810.6718642,0,0,0
5.5,0,534.9,0,199.2331746031745,0,951.9,0,284.5062950765673,0,1.1779553890228271,0.003454303741455,0,0.003454303741455,0,0,0
13.5,0,144.7,0,454.4558866950043,0,2962.0,0,787.6492701699789,0,135.51812856197358,166517118.9812402,0,166517118.9812402,0,0,0
5.5,0,67.5,0,63.95265873015872,0,84.9,0,12.159171981761345,0,8.044166851043702,0.0091158151626586,0,0.0091158151626586,0,0,0
5.5,0,112.5,0,115.0854761904762,0,259.7,0,69.98584634704804,0,4.694255471229553,0.0097075939178466,0,0.0097075939178466,0,0,0
13.5,0,258.5,0,2052.852359790622,0,10687.0,0,2636.097519190527,0,40.34625115394592,166517737.34826452,0,166517737.34826452,0,0,0
13.5,0,1295.0,0,1061.5958439827286,0,2672.4,0,795.6751143264185,0,18.967522835731508,166524729.5290646,0,166524729.5290646,0,0,0
5.5,0,103.7,0,125.5721031746032,0,230.0,0,59.89249582185187,0,49.48239860534668,0.0188822984695434,0,0.0188822984695434,0,0,0
13.5,0,85.4,0,103.32532279038472,0,230.0,0,52.60164388066674,0,111.6273862361908,166521426.1791316,0,166521426.1791316,0,0,0
13.5,0,97.6,0,234.16755852721408,0,2245.0,0,538.4368046528359,0,21.235353803634645,166523181.34981078,0,166523181.34981078,0,0,0
5.5,0,1077.4,0,735.7724603174604,0,1222.2,0,559.858094243284,0,24.213652658462525,0.0089555025100708,0,0.0089555025100708,0,0,0
13.5,0,121.9,0,119.9737461506502,0,441.0,0,101.17907585382623,0,191.43439238071443,166516441.8818131,0,166516441.8818131,0,0,0
13.5,0,89.0,0,74.86938750791693,0,136.8,0,18.89344748433475,0,17.230072093009948,166518354.3788406,0,166518354.3788406,0,0,0
5.5,0,1379.8,0,1255.1324603174603,0,1514.0,0,465.94386539093176,0,5.270366311073303,0.0005955219268798,0,0.0005955219268798,0,0,0
13.5,0,107.8,0,103.37375619779256,0,262.0,0,61.39825189902264,0,313.1508031606674,166517390.9063468,0,166517390.9063468,0,0,0
13.5,0,92.2,0,74.67096879642546,0,230.0,0,45.77390273959447,0,52.79557507038116,166519866.3048382,0,166519866.3048382,0,0,0
5.5,0,96.9,0,120.10511904761908,0,147.3,0,26.46533878275876,0,22.83170363903045,0.0080275058746337,0,0.0080275058746337,0,0,0
5.5,0,79.0,0,87.74325396825397,0,147.0,0,31.468792530942714,0,21.5220372915268,0.0103160858154296,0,0.0103160858154296,0,0,0
13.5,0,1379.8,0,2447.1265152219644,0,8754.0,0,2207.9072591066874,0,36.9372894525528,166518971.3230779,0,166518971.3230779,0,0,0
13.5,0,387.9,0,699.3172119521346,0,1514.0,0,682.9834479494995,0,43.865555787086485,166520230.4723069,0,166520230.4723069,0,0,0
13.5,0,99.1,0,130.767775849022,0,357.0,0,105.20002991220976,0,5.485855937004089,166525716.9097668,0,166525716.9097668,0,0,0
13.5,0,2962.0,0,1447.0968441938178,0,4554.8,0,1511.5285694588404,0,1.8612472772598267,166524552.919566,0,166524552.919566,0,0,0
5.5,0,1667.8,0,1046.970238095238,0,2817.2,0,912.8005936858368,0,36.578817224502565,0.0101218938827514,0,0.0101218938827514,0,0,0
5.5,0,934.8,0,1153.0342857142855,0,2672.4,0,954.1487585212484,0,53.69836015701294,0.0033497095108032,0,0.0033497095108032,0,0,0
5.5,0,80.0,0,69.08888888888889,0,96.4,0,9.390791210373646,0,6.35853419303894,0.0016384840011596,0,0.0016384840011596,0,0,0
5.5,0,778.0,0,597.6085714285714,0,1188.4,0,538.6091025358791,0,0.4939434766769409,5.080699920654297e-05,0,5.080699920654297e-05,0,0,0
5.5,0,144.2,0,168.00031746031746,0,315.4,0,102.97067672719702,0,46.29234030246735,0.0102595806121826,0,0.0102595806121826,0,0,0
5.5,0,66.0,0,66.0,0,66.0,0,0.0,0,53.55836281776429,0.0044865131378173,0,0.0044865131378173,0,0,0
13.5,0,170.9,0,347.07747040369327,0,1661.0,0,496.5848925640058,0,26.12159941196441,166525543.98178658,0,166525543.98178658,0,0,0
13.5,0,230.8,0,2440.713525049512,0,11650.0,0,3169.8115007982824,0,11.14655282497406,166523878.7368392,0,166523878.7368392,0,0,0
13.5,0,1366.9,0,1032.2839582927395,0,1514.0,0,672.9632061615406,0,64.7189814567566,166522780.1067501,0,166522780.1067501,0,0,0
13.5,0,1223.2,0,152.85811953440438,0,1293.0,0,286.4349315599696,0,5.574668121337891,166518675.3948447,0,166518675.3948447,0,0,0
13.5,0,1514.0,0,896.6026403524236,0,2962.0,0,969.3639301878144,0,3.585132050514221,166521701.7331573,0,166521701.7331573,0,0,0
13.5,0,98.2,0,109.25312842085675,0,230.0,0,52.530627742147466,0,94.19412755966188,166519277.7002349,0,166519277.7002349,0,0,0
5.5,0,76.6,0,72.84373015873017,0,119.0,0,17.676493185786125,0,39.06791114807129,0.00344820022583,0,0.00344820022583,0,0,0
13.5,0,1865.8,0,1363.6327566959185,0,8754.0,0,2218.7795074079622,0,34.02854952812195,166521958.1606906,0,166521958.1606906,0,0,0
13.5,0,207.0,0,304.0910828859823,0,1514.0,0,451.4285087288159,0,40.248396158218384,166522269.7852231,0,166522269.7852231,0,0,0
5.5,0,869.1,0,1359.472023809524,0,1999.0,0,499.3488044525951,0,62.16630742549896,0.0119363069534301,0,0.0119363069534301,0,0,0
13.5,0,1658.8,0,1462.2987491679285,0,2962.0,0,842.6196039132219,0,29.63845283985138,166524080.51457438,0,166524080.51457438,0,0,0
5.5,0,296.0,0,368.0926190476191,0,841.7,0,321.3540786886032,0,8.571089601516723,0.008122706413269,0,0.008122706413269,0,0,0
5.5,0,1562.5,0,1390.8703571428573,0,1658.8,0,312.09193241803194,0,9.076931619644164,0.0004652023315429,0,0.0004652023315429,0,0,0
13.5,0,1803.6,0,1598.0578430590735,0,4410.0,0,1352.3048321566826,0,19.80800507068634,166519336.5180259,0,166519336.5180259,0,0,0
13.5,0,790.0,0,1276.038803191992,0,2962.0,0,762.320814305536,0,57.49896049499512,166520130.743007,0,166520130.743007,0,0,0
13.5,0,93.4,0,120.643819010367,0,441.0,0,102.29768363345087,0,10.427766227722168,166517471.11415333,0,166517471.11415333,0,0,0
13.5,0,191.5,0,166.98851166892962,0,1145.0,0,265.1887065423815,0,0.9847246646881104,166516864.5033849,0,166516864.5033849,0,0,0
13.5,0,66.0,0,559.0182784209255,0,2962.0,0,853.2247963455078,0,13.648238897323608,166522785.8507974,0,166522785.8507974,0,0,0
13.5,0,118.3,0,95.7402647799397,0,200.4,0,46.461012190721256,0,30.05579521656036,166525433.32443058,0,166525433.32443058,0,0,0
13.5,0,112.6,0,176.52551690139927,0,1400.0,0,328.6733534273226,0,27.9872807264328,166522097.9369176,0,166522097.9369176,0,0,0
13.5,0,1803.6,0,1376.0813902196874,0,2238.0,0,605.6793303170982,0,1.3362416982650758,166526057.81731683,0,166526057.81731683,0,0,0
13.5,0,110.7,0,96.69394275616024,0,257.4,0,56.61634593879813,0,34.11861107349396,166523103.0515491,0,166523103.0515491,0,0,0
13.5,0,78.7,0,134.05270166838665,0,1095.0,0,256.1918773940652,0,30.06544613838196,166518509.7481241,0,166518509.7481241,0,0,0
5.5,0,1462.0,0,1605.699365079365,0,2858.0,0,1238.8665309065605,0,1.6335612058639526,0.0001328945159912,0,0.0001328945159912,0,0,0
13.5,0,1658.8,0,1844.1897105934145,0,2962.0,0,577.6083227959762,0,25.74684362411499,166522277.5502646,0,166522277.5502646,0,0,0
5.5,0,1664.1,0,2810.51742063492,0,8754.0,0,2990.980682994036,0,54.29859948158264,0.010752511024475,0,0.010752511024475,0,0,0
13.5,0,2149.5,0,1531.105980473345,0,7306.0,0,2074.837930633271,0,9.879796719551086,166519549.6655266,0,166519549.6655266,0,0,0
13.5,0,180.6,0,157.7379042839685,0,469.8,0,107.33750796463224,0,17.899166464805603,166518040.01734012,0,166518040.01734012,0,0,0
13.5,0,1322.4,0,1165.951216088693,0,2858.0,0,788.7650917891651,0,0.0669476509094238,166520193.12588668,0,166520193.12588668,0,0,0
13.5,0,219.8,0,891.2812709065959,0,2962.0,0,1028.9067896853533,0,17.635885262489317,166521448.9751528,0,166521448.9751528,0,0,0
13.5,0,60.4,0,57.07214018008135,0,76.4,0,7.567575863611812,0,16.148288202285766,166518774.6640055,0,166518774.6640055,0,0,0
13.5,0,778.0,0,944.7408029981714,0,2858.0,0,975.2655697027564,0,0.1382512331008911,166517698.22844702,0,166517698.22844702,0,0,0
5.5,0,186.5,0,136.49115079365075,0,661.5,0,202.20633931375443,0,25.43216474056244,0.0068140029907226,0,0.0068140029907226,0,0,0
13.5,0,93.0,0,82.03782637426212,0,203.0,0,38.43201384165464,0,61.00458881855011,166523428.2889434,0,166523428.2889434,0,0,0
13.5,0,1711.7,0,466.2640458784422,0,2400.8,0,664.1442042998366,0,30.93315222263336,166521391.75185677,0,166521391.75185677,0,0,0
5.5,0,188.2,0,146.3413492063492,0,262.9,0,65.63457816251342,0,21.765268874168395,0.0181315183639526,0,0.0181315183639526,0,0,0
5.5,0,1514.0,0,1514.0,0,1514.0,0,0.0,0,1.4175050258636477,0.0006497859954833,0,0.0006497859954833,0,0,0
5.5,0,646.4,0,274.1484126984127,0,719.8,0,269.4700445195203,0,7.776594400405884,0.0201119899749755,0,0.0201119899749755,0,0,0
13.5,0,139.1,0,93.75776311193108,0,372.8,0,84.26545194376106,0,0.5804169178009033,166519305.29064292,0,166519305.29064292,0,0,0
13.5,0,1802.0,0,2056.0523568657004,0,10202.0,0,2979.788471316163,0,28.046844482421875,166518801.77119273,0,166518801.77119273,0,0,0
5.5,0,1671.3,0,1601.0667063492062,0,2038.8,0,205.36046470447656,0,127.57872297763824,0.0019071102142333,0,0.0019071102142333,0,0,0
5.5,0,110.6,0,117.56031746031744,0,191.1,0,37.62818721127247,0,24.427367210388184,0.0125904083251953,0,0.0125904083251953,0,0,0
13.5,0,1369.2,0,832.0394727009316,0,1514.0,0,703.8117670513486,0,111.07187077999114,166522337.963729,0,166522337.963729,0,0,0
5.5,0,222.8,0,241.3255555555556,0,988.3,0,321.8390880652481,0,18.410025882720948,0.0146409034729003,0,0.0146409034729003,0,0,0
13.5,0,171.6,0,247.2040795942963,0,1474.0,0,358.243237614961,0,128.25674877166747,166516932.6766124,0,166516932.6766124,0,0,0
5.5,0,221.9,0,86.59821428571429,0,259.1,0,67.24713063289808,0,1.1468133449554443,0.0101329803466796,0,0.0101329803466796,0,0,0
13.5,0,1839.7,0,2262.8137865037443,0,4410.0,0,1091.115547341039,0,27.558565378189087,166522702.3332943,0,166522702.3332943,0,0,0
5.5,0,679.8,0,224.44007936507933,0,1015.6,0,334.5169215538873,0,8.250619029998779,0.0115177869796752,0,0.0115177869796752,0,0,0
5.5,0,938.8,0,1303.0803174603177,0,2672.4,0,774.8802661169187,0,7.860080552101135,0.0080574035644531,0,0.0080574035644531,0,0,0
5.5,0,787.0,0,402.16087301587305,0,2093.2,0,723.7891656906843,0,51.12704603672027,0.0042154788970947,0,0.0042154788970947,0,0,0
13.5,0,237.4,0,205.5328703610631,0,557.9,0,130.80522272812968,0,115.415097284317,166517290.2583312,0,166517290.2583312,0,0,0
13.5,0,807.4,0,372.29903947961225,0,1282.6,0,473.05024050549,0,19.766052508354186,166525688.8837403,0,166525688.8837403,0,0,0
5.5,0,1514.0,0,1514.0,0,1514.0,0,0.0,0,34.40108315944671,0.0014317035675048,0,0.0014317035675048,0,0,0
13.5,0,660.0,0,1146.52841838545,0,2095.3,0,661.6104088267033,0,48.52882840633392,166521230.8172245,0,166521230.8172245,0,0,0
13.5,0,1803.6,0,1884.2554088408149,0,7306.0,0,1666.260208064116,0,0.9747145891189576,166518083.15582168,0,166518083.15582168,0,0,0
5.5,0,133.7,0,135.30757936507936,0,305.9,0,84.29484671993548,0,19.151999855041502,0.0151256084442138,0,0.0151256084442138,0,0,0
5.5,0,76.1,0,73.38257936507935,0,114.3,0,16.276265371477127,0,91.1008005142212,0.0176355123519897,0,0.0176355123519897,0,0,0
5.5,0,137.1,0,157.2579365079365,0,225.2,0,56.49994865997011,0,120.309228348732,0.0153920888900756,0,0.0153920888900756,0,0,0
5.5,0,1580.0,0,2881.5134126984126,0,5858.0,0,1556.8101528232728,0,31.23762652873993,0.0053590059280395,0,0.0053590059280395,0,0,0
5.5,0,211.4,0,143.2944047619048,0,264.9,0,85.29756683631442,0,37.89381461143493,0.0285111188888549,0,0.0285111188888549,0,0,0
5.5,0,2013.2,0,1387.4479365079364,0,4850.1,0,1558.0625290056228,0,42.00403609275818,0.0117398977279663,0,0.0117398977279663,0,0,0
5.5,0,66.0,0,66.0,0,66.0,0,0.0,0,26.185755133628845,0.0007268905639648,0,0.0007268905639648,0,0,0
5.5,0,1013.2,0,1413.163253968254,0,1853.5,0,319.109619373301,0,21.111482548713685,0.0169721126556396,0,0.0169721126556396,0,0,0
5.5,0,645.2,0,1134.991746031746,0,1514.0,0,413.1257123049565,0,26.31204421520233,0.0051249027252197,0,0.0051249027252197,0,0,0
5.5,0,1562.5,0,1856.6799603174604,0,2962.0,0,590.0908421987526,0,24.68876957893372,0.0004571914672851,0,0.0004571914672851,0,0,0
5.5,0,1394.6,0,1082.8811904761906,0,2415.6,0,767.537377380326,0,32.0680831193924,0.0087008953094482,0,0.0087008953094482,0,0,0
5.5,0,662.9,0,996.62376984127,0,2636.4,0,979.8861684230452,0,11.60086772441864,0.0096944093704223,0,0.0096944093704223,0,0,0
5.5,0,1274.6,0,1821.1391269841272,0,2817.2,0,764.568940197436,0,15.956320929527283,0.0016602039337158,0,0.0016602039337158,0,0,0
5.5,0,79.8,0,92.98833333333332,0,212.8,0,59.80019920175137,0,13.592617225646972,0.0095468044281005,0,0.0095468044281005,0,0,0
13.5,0,153.8,0,107.98475281254692,0,441.0,0,100.29567868948214,0,26.68870117664337,166518402.39965647,0,166518402.39965647,0,0,0
13.5,0,1235.6,0,424.06753724174007,0,2111.2,0,594.7138632834752,0,29.079635071754456,166525819.2551114,0,166525819.2551114,0,0,0
5.5,0,181.1,0,160.74138888888888,0,439.8,0,133.28935005407703,0,83.55129835605621,0.0137197971343994,0,0.0137197971343994,0,0,0
13.5,0,91.1,0,121.60403814967285,0,230.0,0,54.47687401153431,0,3.685969305038452,166522813.71588948,0,166522813.71588948,0,0,0
5.5,0,241.7,0,356.4154365079365,0,1244.4,0,443.89491746273205,0,3.1086752653121947,0.022931694984436,0,0.022931694984436,0,0,0
13.5,0,501.9,0,420.8688855962579,0,2093.2,0,667.5251109629463,0,1.5216823816299438,166521696.96038777,0,166521696.96038777,0,0,0
5.5,0,1182.8,0,1241.3544444444444,0,2439.2,0,881.4202633713124,0,0.8640711545944214,0.0001050949096679,0,0.0001050949096679,0,0,0
13.5,0,184.8,0,162.47249083046296,0,332.6,0,91.37999465716602,0,34.55405685901642,166521811.1171987,0,166521811.1171987,0,0,0
5.5,0,1224.4,0,1342.883174603175,0,1514.0,0,343.37256801208525,0,42.20979251861572,0.0010971069335937,0,0.0010971069335937,0,0,0
13.5,0,210.8,0,717.4674926788898,0,2962.0,0,857.7036861553446,0,20.38152050971985,166523287.52778652,0,166523287.52778652,0,0,0
5.5,0,161.1,0,225.2644047619048,0,334.3,0,66.77766081208298,0,12.41219470500946,0.0028288841247558,0,0.0028288841247558,0,0,0
13.5,0,123.0,0,179.74455874749606,0,789.0,0,190.45253374272608,0,0.8187263250350952,166523050.02589813,0,166523050.02589813,0,0,0
13.5,0,131.8,0,129.36527477037924,0,441.0,0,101.97860970378504,0,39.17308194637299,166517027.34577113,0,166517027.34577113,0,0,0
13.5,0,100.3,0,115.01192717370348,0,260.8,0,63.510393814143285,0,14.369255709648131,166524009.9778192,0,166524009.9778192,0,0,0
13.5,0,129.4,0,104.3167359343443,0,237.6,0,57.545636498424,0,5.662236332893372,166518470.4012515,0,166518470.4012515,0,0,0
13.5,0,1291.0,0,1255.0556552584842,0,4120.4,0,1017.312992599722,0,27.33156902790069,166519259.033056,0,166519259.033056,0,0,0
13.5,0,119.1,0,519.0557530433962,0,5244.0,0,1276.2453802319071,0,92.90337088108063,166520623.6928118,0,166520623.6928118,0,0,0
13.5,0,986.3,0,1453.622598492409,0,4410.0,0,1240.531273968445,0,21.32533910274505,166523729.74393708,0,166523729.74393708,0,0,0
5.5,0,1426.3,0,884.9840873015871,0,1803.9,0,622.9286796853569,0,54.63411040306092,0.0050076961517333,0,0.0050076961517333,0,0,0
13.5,0,934.8,0,999.782960792218,0,2962.0,0,982.0367830957524,0,6.643231129646301,166518029.9654865,0,166518029.9654865,0,0,0
5.5,0,999.1,0,1740.025753968254,0,2962.0,0,731.1658585033135,0,30.19026985168457,0.0058281898498535,0,0.0058281898498535,0,0,0
5.5,0,1057.2,0,860.8503174603177,0,2160.0,0,780.3479122164456,0,0.2177906274795532,6.818771362304688e-05,0,6.818771362304688e-05,0,0,0
13.5,0,79.8,0,1253.2183743745936,0,5858.0,0,1482.318335335378,0,14.224489402770995,166520462.56121248,0,166520462.56121248,0,0,0
13.5,0,500.4,0,1034.975068333799,0,1514.0,0,673.8992372551173,0,86.80002870559693,166524100.68890792,0,166524100.68890792,0,0,0
5.5,0,105.6,0,101.90095238095236,0,204.0,0,57.1677981699119,0,54.63398308753968,0.0123177051544189,0,0.0123177051544189,0,0,0
5.5,0,1658.8,0,2776.4606349206347,0,11070.8,0,3897.708407585251,0,12.180166006088257,0.0008469104766845,0,0.0008469104766845,0,0,0
5.5,0,1259.2,0,1240.2525396825397,0,2128.0,0,564.474750721756,0,79.15786747932434,0.0055798053741455,0,0.0055798053741455,0,0,0
13.5,0,89.0,0,135.63262724805296,0,992.0,0,230.71131354579947,0,32.738653373718265,166521884.2176717,0,166521884.2176717,0,0,0
5.5,0,111.0,0,75.92400793650793,0,112.1,0,17.96447908083466,0,68.41034834384918,0.0073726892471313,0,0.0073726892471313,0,0,0
13.5,0,111.9,0,107.5868801434204,0,288.0,0,79.08373493245912,0,32.579327726364134,166522083.4484539,0,166522083.4484539,0,0,0
13.5,0,94.1,0,95.3608092986305,0,263.0,0,72.19051171231641,0,36.24516077041626,166518943.7961747,0,166518943.7961747,0,0,0
13.5,0,1105.9,0,446.08909454967113,0,1280.2,0,469.08830136900986,0,59.30722100734711,166523508.2392128,0,166523508.2392128,0,0,0
5.5,0,720.1,0,370.5843253968254,0,1410.1,0,465.4159293717721,0,36.9714935541153,0.0179661035537719,0,0.0179661035537719,0,0,0
13.5,0,114.7,0,94.1375548896408,0,276.0,0,58.1425655948875,0,104.4620255947113,166523256.06364077,0,166523256.06364077,0,0,0
13.5,0,91.4,0,296.8647669384279,0,3492.0,0,851.0824575474455,0,1.802099251747132,166519786.6023094,0,166519786.6023094,0,0,0
13.5,0,74.7,0,81.57662053589685,0,250.0,0,47.70672342473811,0,10.430806493759157,166523340.3044838,0,166523340.3044838,0,0,0
5.5,0,341.1,0,248.76432539682537,0,1291.1,0,401.6454425871348,0,65.85033445358276,0.0020221948623657,0,0.0020221948623657,0,0,0
5.5,0,546.0,0,969.3432142857145,0,1738.7,0,588.1378787956874,0,7.132966756820679,0.0074630975723266,0,0.0074630975723266,0,0,0
5.5,0,941.9,0,483.3915476190476,0,1376.7,0,529.6392633263082,0,18.88606235980988,0.0069581985473632,0,0.0069581985473632,0,0,0
5.5,0,940.6,0,459.9796031746032,0,953.6,0,415.5782366236028,0,47.312696838378905,0.013187289237976,0,0.013187289237976,0,0,0
5.5,0,430.4,0,640.049365079365,0,1372.4,0,568.1001132417039,0,20.743420934677125,0.0079679012298583,0,0.0079679012298583,0,0,0
5.5,0,100.1,0,134.41972222222222,0,254.6,0,75.36377189892617,0,70.63500106334686,0.0111287117004394,0,0.0111287117004394,0,0,0
13.5,0,798.4,0,160.40011695906432,0,943.2,0,244.29674573892424,0,3.2713374376296995,166523936.2822604,0,166523936.2822604,0,0,0
13.5,0,94.8,0,101.19742882719277,0,312.0,0,65.6606092149911,0,33.84135553836823,166519066.52682027,0,166519066.52682027,0,0,0
5.5,0,90.9,0,69.89555555555555,0,96.4,0,10.613950481177952,0,56.90671391487122,0.001719307899475,0,0.001719307899475,0,0,0
5.5,0,113.6,0,77.42674603174603,0,177.4,0,38.360430189168746,0,30.883381366729736,0.0133022785186767,0,0.0133022785186767,0,0,0
13.5,0,1369.2,0,761.0798854593979,0,1514.0,0,682.4229299947694,0,25.954729437828064,166520253.8371557,0,166520253.8371557,0,0,0
13.5,0,66.0,0,161.5005563734511,0,1494.0,0,354.8546541925183,0,0.7140250921249389,166522982.65970302,0,166522982.65970302,0,0,0
13.5,0,1242.0,0,786.0466058700501,0,2962.0,0,864.6997436166196,0,35.73033878803253,166520794.6705888,0,166520794.6705888,0,0,0
5.5,0,182.1,0,138.16940476190476,0,248.2,0,77.66592443854208,0,31.355903267860413,0.0138453960418701,0,0.0138453960418701,0,0,0
13.5,0,1225.5,0,1200.7054879593231,0,2962.0,0,1000.146088014384,0,37.631363129615785,166522264.873604,0,166522264.873604,0,0,0
13.5,0,105.3,0,91.20224913674218,0,222.0,0,51.81458227668969,0,17.348919415473937,166520412.5969892,0,166520412.5969892,0,0,0
5.5,0,84.4,0,73.44801587301588,0,113.4,0,17.090549790972922,0,12.380544519424438,0.0148920059204101,0,0.0148920059204101,0,0,0
13.5,0,1200.0,0,735.6030681783816,0,8832.8,0,2143.4413343569267,0,21.02879240512848,166521764.8094996,0,166521764.8094996,0,0,0
13.5,0,94.5,0,108.7540319785134,0,230.0,0,58.40188007363604,0,157.33159384727475,166516602.10775608,0,166516602.10775608,0,0,0
5.5,0,67.8,0,67.07797619047618,0,72.6,0,2.355462387782249,0,19.03509666919708,0.0044778108596801,0,0.0044778108596801,0,0,0
13.5,0,1514.0,0,684.9554263418041,0,2962.0,0,1017.6709403686784,0,9.633328008651734,166518763.34691662,0,166518763.34691662,0,0,0
5.5,0,787.7,0,429.5362698412698,0,1590.8,0,612.6273848174949,0,20.93532171249389,0.0062159061431884,0,0.0062159061431884,0,0,0
13.5,0,1985.9,0,1423.4159342472117,0,4699.6,0,1248.194744158434,0,39.74479002952576,166517481.5631251,0,166517481.5631251,0,0,0
5.5,0,160.8,0,238.8689682539683,0,390.0,0,108.05129736758848,0,3.5068846702575684,0.0196223974227905,0,0.0196223974227905,0,0,0
5.5,0,129.6,0,147.79690476190478,0,209.2,0,42.25620508095036,0,115.29818818569184,0.0149368047714233,0,0.0149368047714233,0,0,0
13.5,0,175.3,0,108.73973175216597,0,611.8,0,132.69491009069856,0,18.90189356803894,166520293.0797587,0,166520293.0797587,0,0,0
13.5,0,100.5,0,97.25665064510652,0,345.0,0,73.85434134904357,0,23.05601012706757,166518358.63076442,0,166518358.63076442,0,0,0
5.5,0,99.9,0,112.5495634920635,0,212.0,0,63.5460513202285,0,121.38231301307678,0.0101227045059204,0,0.0101227045059204,0,0,0
13.5,0,792.2,0,306.23843220805685,0,1378.6,0,385.48127012735466,0,63.80372974872589,166516945.4689466,0,166516945.4689466,0,0,0
13.5,0,112.7,0,103.37879224662508,0,230.0,0,54.71266201301016,0,61.70308709144592,166519877.49282652,0,166519877.49282652,0,0,0
5.5,0,1301.6,0,1457.207380952381,0,2382.8,0,569.1610015229649,0,6.039753580093384,0.0024991989135742,0,0.0024991989135742,0,0,0
13.5,0,140.4,0,211.96507630269625,0,791.0,0,237.12175290504865,0,36.90778515338898,166525801.0172114,0,166525801.0172114,0,0,0
13.5,0,115.5,0,118.846853684671,0,245.5,0,65.8955281855998,0,167.83902363777162,166526097.83800453,0,166526097.83800453,0,0,0
5.5,0,228.0,0,98.4777777777778,0,356.4,0,88.88198741964013,0,8.482371473312378,0.0011718988418579,0,0.0011718988418579,0,0,0
5.5,0,1079.6,0,603.6561904761904,0,1079.6,0,482.4109476922714,0,7.499089503288269,0.0016214132308959,0,0.0016214132308959,0,0,0
13.5,0,178.7,0,183.07069735218343,0,414.0,0,126.3492790672296,0,182.81402060985565,166516362.8426158,0,166516362.8426158,0,0,0
13.5,0,99.1,0,108.04558869278296,0,230.0,0,52.89046810858383,0,57.394041132926944,166523217.01000088,0,166523217.01000088,0,0,0
5.5,0,75.0,0,70.31071428571428,0,102.0,0,11.6542413047008,0,17.71929533481598,0.0017271041870117,0,0.0017271041870117,0,0,0
5.5,0,68.5,0,68.3340873015873,0,84.6,0,6.587657669984606,0,134.01759741306304,0.0178884983062744,0,0.0178884983062744,0,0,0
5.5,0,122.6,0,119.7202380952381,0,171.6,0,34.45200711196703,0,40.81719179153443,0.0208499908447265,0,0.0208499908447265,0,0,0
5.5,0,86.6,0,68.12420634920635,0,121.0,0,26.40258913873162,0,72.64001138210297,0.0099947929382324,0,0.0099947929382324,0,0,0
13.5,0,110.0,0,106.47194044002092,0,230.0,0,54.59453651387215,0,15.442993903160096,166521411.5592046,0,166521411.5592046,0,0,0
5.5,0,130.3,0,151.3431349206349,0,403.5,0,129.87405257079553,0,23.55792655944824,0.0081913948059082,0,0.0081913948059082,0,0,0
13.5,0,87.6,0,77.56654840773261,0,177.6,0,32.15439407422568,0,7.931370091438294,166521053.23610622,0,166521053.23610622,0,0,0
5.5,0,1948.4,0,1106.376507936508,0,2382.8,0,966.020346791251,0,3.798353719711304,0.0024395942687988,0,0.0024395942687988,0,0,0
5.5,0,57.7,0,55.30833333333334,0,65.0,0,5.466165184248345,0,69.42503423690796,0.0146682977676391,0,0.0146682977676391,0,0,0
13.5,0,130.8,0,77.49922290901392,0,182.8,0,31.394393765115232,0,17.92301800251007,166525799.17604712,0,166525799.17604712,0,0,0
13.5,0,530.6,0,112.59701778957196,0,715.6,0,151.17487707475885,0,73.02904939651489,166521378.56413454,0,166521378.56413454,0,0,0
5.5,0,792.6,0,1084.6283333333336,0,2671.8,0,970.3217068406416,0,22.931160402297973,0.0048654079437255,0,0.0048654079437255,0,0,0
5.5,0,1855.2,0,2510.0199206349203,0,6726.8,0,2237.781063784779,0,13.268386101722715,0.0094726085662841,0,0.0094726085662841,0,0,0
13.5,0,2526.8,0,674.4776618428011,0,4265.2,0,1182.3093049704978,0,24.730064606666566,166523634.28210568,0,166523634.28210568,0,0,0
5.5,0,108.4,0,112.60674603174604,0,205.6,0,59.12114258999859,0,86.92426919937134,0.0217684030532836,0,0.0217684030532836,0,0,0
5.5,0,1006.7,0,416.1144444444444,0,1466.0,0,556.6039967464432,0,12.003796315193176,0.0034110069274902,0,0.0034110069274902,0,0,0
13.5,0,1079.6,0,1231.7801025415074,0,4410.0,0,1195.646851308533,0,6.025806093215943,166519686.42407802,0,166519686.42407802,0,0,0
13.5,0,94.8,0,95.15925314236848,0,172.0,0,44.70847290363269,0,74.32504849433899,166525818.8966502,0,166525818.8966502,0,0,0
5.5,0,135.9,0,153.96678571428572,0,230.0,0,53.86881499565432,0,130.6527133464813,0.0409886837005615,0,0.0409886837005615,0,0,0
13.5,0,535.3,0,142.26031933494784,0,600.4,0,160.0156907123647,0,13.558828806877136,166521440.0734692,0,166521440.0734692,0,0,0
13.5,0,364.7,0,1119.3043256137566,0,2962.0,0,811.7860359696296,0,35.49654483795166,166519563.344585,0,166519563.344585,0,0,0
13.5,0,66.0,0,1289.450404969128,0,4410.0,0,1411.335360651971,0,18.313832497596746,166519281.897098,0,166519281.897098,0,0,0
5.5,0,87.6,0,75.4052380952381,0,116.1,0,17.532756416064295,0,106.31418161392212,0.0038340091705322,0,0.0038340091705322,0,0,0
13.5,0,975.1,0,1404.2090003628125,0,5858.0,0,1590.3095742213925,0,67.0651903629303,166518307.85365438,0,166518307.85365438,0,0,0
13.5,0,78.2,0,163.94878191296146,0,1480.0,0,350.9387373432986,0,27.89064371585846,166517853.9862525,0,166517853.9862525,0,0,0
13.5,0,940.9,0,1177.7530439598245,0,2962.0,0,873.9334455564524,0,0.4577798366546631,166516998.8322533,0,166516998.8322533,0,0,0
5.5,0,592.8,0,1093.4381746031745,0,2817.2,0,907.6880511367274,0,36.859206366539,0.0121294021606445,0,0.0121294021606445,0,0,0
13.5,0,656.0,0,1103.5913177113564,0,2962.0,0,843.7154507483749,0,43.003614115715024,166518640.2905212,0,166518640.2905212,0,0,0
5.5,0,578.4,0,245.8173015873016,0,716.9,0,247.35618752287616,0,16.820766949653624,0.0101832151412963,0,0.0101832151412963,0,0,0
5.5,0,67.1,0,66.11,0,67.1,0,0.33,0,15.656524991989135,0.0031599044799804,0,0.0031599044799804,0,0,0
5.5,0,684.8,0,855.1672222222221,0,1369.2,0,596.2036851582408,0,31.0449866771698,0.0095669031143188,0,0.0095669031143188,0,0,0
13.5,0,66.0,0,515.0799972323,0,2962.0,0,822.6448830762492,0,31.15945448875427,166518534.6360012,0,166518534.6360012,0,0,0
5.5,0,672.7,0,246.35734126984124,0,673.3,0,258.5478436836858,0,0.8375341415405273,0.0029993057250976,0,0.0029993057250976,0,0,0
5.5,0,122.0,0,148.43400793650795,0,326.7,0,103.2268734757602,0,10.048976731300352,0.0035086870193481,0,0.0035086870193481,0,0,0
5.5,0,92.1,0,81.18289682539684,0,147.8,0,31.76469166940088,0,64.30513956546784,0.0083022117614746,0,0.0083022117614746,0,0,0
13.5,0,778.0,0,769.5898455466101,0,2439.2,0,788.1172504230611,0,0.559252405166626,166517698.11341012,0,166517698.11341012,0,0,0
13.5,0,924.5,0,617.5089646387324,0,1494.0,0,684.1931781553069,0,9.246174955368042,166524496.660311,0,166524496.660311,0,0,0
13.5,0,1658.8,0,620.7555518660046,0,1948.4,0,661.2337682642587,0,0.6887860298156738,166520457.0739813,0,166520457.0739813,0,0,0
13.5,0,139.4,0,100.40121640098808,0,441.0,0,93.5300946406724,0,178.8834016799927,166516454.9809546,0,166516454.9809546,0,0,0
5.5,0,145.8,0,147.5754761904762,0,202.5,0,38.25013056772654,0,129.4877909183502,0.036604619026184,0,0.036604619026184,0,0,0
13.5,0,115.5,0,131.26017678442986,0,233.5,0,66.41546878120744,0,459.2457566022873,166517292.2104942,0,166517292.2104942,0,0,0
5.5,0,339.2,0,381.1631746031746,0,1800.2,0,608.3056485434347,0,27.550426149368285,0.0086983919143676,0,0.0086983919143676,0,0,0
5.5,0,66.0,0,66.0,0,66.0,0,0.0,0,11.971048307418824,0.0001141786575317,0,0.0001141786575317,0,0,0
13.5,0,1514.0,0,754.4876446635581,0,4699.6,0,1234.0470663406934,0,16.281770372390746,166520814.34978288,0,166520814.34978288,0,0,0
5.5,0,66.0,0,66.0,0,66.0,0,0.0,0,12.85548632144928,0.0002815961837768,0,0.0002815961837768,0,0,0
5.5,0,1803.6,0,1552.3834920634922,0,3686.0,0,1145.4291394652312,0,15.428037476539613,0.0004530906677246,0,0.0004530906677246,0,0,0
5.5,0,113.0,0,83.5673015873016,0,166.6,0,38.89340275539945,0,14.345474576950073,0.0255584955215454,0,0.0255584955215454,0,0,0
5.5,0,426.2,0,1084.198650793651,0,3498.0,0,1185.3252690746497,0,37.77201521396637,0.0123095989227294,0,0.0123095989227294,0,0,0
5.5,0,120.4,0,81.26769841269842,0,185.6,0,47.04462802216565,0,97.07884504795076,0.0204433917999267,0,0.0204433917999267,0,0,0
5.5,0,471.6,0,990.2457142857144,0,2538.2,0,836.8580173908664,0,119.9206757068634,0.0071129083633422,0,0.0071129083633422,0,0,0
13.5,0,219.8,0,978.4660367530648,0,1514.0,0,683.2902298709354,0,31.83132381439209,166524765.4237183,0,166524765.4237183,0,0,0
13.5,0,395.9,0,871.1669995016164,0,4410.0,0,1257.8381318294787,0,102.79548540115356,166523256.3527928,0,166523256.3527928,0,0,0
5.5,0,65.2,0,64.96349206349207,0,70.0,0,3.162819704996114,0,33.0590341091156,0.001475191116333,0,0.001475191116333,0,0,0
5.5,0,66.0,0,66.0,0,66.0,0,0.0,0,7.503151845932007,0.000379204750061,0,0.000379204750061,0,0,0
5.5,0,93.4,0,109.48325396825396,0,212.8,0,60.86310941029999,0,63.637214231491086,0.0077140092849731,0,0.0077140092849731,0,0,0
13.5,0,1514.0,0,2045.321150978365,0,7306.0,0,2198.6798818836114,0,1.5288731813430787,166519826.0555085,0,166519826.0555085,0,0,0
5.5,0,1658.8,0,1583.3546031746032,0,2093.2,0,187.50379343563063,0,71.12189509868622,0.0045140027999877,0,0.0045140027999877,0,0,0
13.5,0,166.8,0,157.78384738799213,0,481.0,0,127.53587931061982,0,36.94084393978119,166516842.5307722,0,166516842.5307722,0,0,0
5.5,0,1247.0,0,752.1614285714285,0,1657.6,0,613.864985041203,0,7.219066715240478,0.0061013936996459,0,0.0061013936996459,0,0,0
5.5,0,1091.3,0,1368.6008333333334,0,1514.0,0,242.9020680354797,0,16.801025867462158,0.0016870975494384,0,0.0016870975494384,0,0,0
5.5,0,1084.2,0,1250.9413492063493,0,1514.0,0,394.176668488428,0,20.030712151527403,0.0029994964599609,0,0.0029994964599609,0,0,0
5.5,0,642.8,0,812.797142857143,0,1514.0,0,548.6067459983132,0,39.489931082725526,0.0025974035263061,0,0.0025974035263061,0,0,0
13.5,0,62.7,0,204.1238612067328,0,1301.0,0,340.6940411277434,0,13.12132978439331,166518199.6356967,0,166518199.6356967,0,0,0
13.5,0,66.0,0,706.0811099792021,0,2962.0,0,1008.2582548484728,0,18.467529892921448,166518533.0451127,0,166518533.0451127,0,0,0
5.5,0,393.7,0,580.8778968253968,0,1369.2,0,583.5938310308951,0,54.82241539955139,0.0044548034667968,0,0.0044548034667968,0,0,0
5.5,0,183.6,0,229.0911904761905,0,344.0,0,68.45676491930705,0,8.458667421340943,0.0252034902572631,0,0.0252034902572631,0,0,0
5.5,0,830.2,0,997.4289682539684,0,1514.0,0,537.3139558498267,0,56.51807587146759,0.0102424144744873,0,0.0102424144744873,0,0,0
5.5,0,115.6,0,171.7634126984127,0,392.2,0,115.12350166678264,0,78.31863369941712,0.0139624834060668,0,0.0139624834060668,0,0,0
13.5,0,100.1,0,82.77913059721497,0,288.0,0,58.15023888510224,0,48.32249290943146,166525665.1712311,0,166525665.1712311,0,0,0
5.5,0,2532.3,0,2489.226825396825,0,4410.0,0,1044.3850303282466,0,42.31358962059021,0.0008169174194335,0,0.0008169174194335,0,0,0
13.5,0,87.6,0,467.2492293593919,0,2962.0,0,820.3586135996666,0,67.16226513385773,166523737.8635233,0,166523737.8635233,0,0,0
5.5,0,956.7,0,549.9354365079365,0,1378.2,0,568.8853561054074,0,9.92230041027069,0.006197714805603,0,0.006197714805603,0,0,0
13.5,0,198.0,0,332.7167600240317,0,2125.0,0,493.35802092882784,0,53.91333832740784,166520987.5587789,0,166520987.5587789,0,0,0
5.5,0,137.5,0,151.76829365079365,0,325.2,0,120.38757430173264,0,26.87869887351989,0.0097967147827148,0,0.0097967147827148,0,0,0
5.5,0,1829.5,0,3355.069246031745,0,5858.0,0,1842.7971724727256,0,29.83034794330597,0.009545612335205,0,0.009545612335205,0,0,0
13.5,0,97.4,0,138.55469044285607,0,976.0,0,225.05537220401584,0,52.575186705589296,166525167.667869,0,166525167.667869,0,0,0
5.5,0,615.4,0,279.07444444444445,0,1215.6,0,391.5018947935314,0,19.878732228279112,0.004280400276184,0,0.004280400276184,0,0,0
13.5,0,394.8,0,129.50677536601685,0,487.9,0,125.68483803044992,0,106.6205258846283,166522182.39698428,0,166522182.39698428,0,0,0
5.5,0,1556.2,0,1637.6024603174606,0,1936.0,0,146.5188608010232,0,43.3040050983429,0.0014030933380126,0,0.0014030933380126,0,0,0
13.5,0,99.8,0,173.17770660368183,0,790.0,0,243.62635116599083,0,63.25228588581085,166523945.030439,0,166523945.030439,0,0,0
13.5,0,3132.2,0,1709.420501879012,0,4554.8,0,1019.4214151290536,0,18.91524269580841,166524008.6840448,0,166524008.6840448,0,0,0
13.5,0,645.2,0,725.9084928745144,0,1948.4,0,748.5382492121751,0,5.177816605567932,166517930.0442784,0,166517930.0442784,0,0,0
5.5,0,104.3,0,108.75400793650792,0,170.8,0,35.64139870444039,0,117.49467000961305,0.0279573917388916,0,0.0279573917388916,0,0,0
5.5,0,95.1,0,84.73861111111111,0,164.4,0,35.633227705947256,0,49.89234957695008,0.0075391054153442,0,0.0075391054153442,0,0,0
13.5,0,1514.0,0,836.1333057413862,0,2962.0,0,885.5246998009973,0,4.75025327205658,166521590.98227808,0,166521590.98227808,0,0,0
13.5,0,1519.7,0,1150.5412819593548,0,7306.0,0,1836.3679497751743,0,18.80354135036469,166523699.53131992,0,166523699.53131992,0,0,0
13.5,0,66.0,0,961.6855402728506,0,5858.0,0,1716.0221637418076,0,10.365033507347109,166518183.0628443,0,166518183.0628443,0,0,0
13.5,0,516.8,0,103.95426426600577,0,579.8,0,121.56514395163552,0,13.198760938644408,166519723.3322137,0,166519723.3322137,0,0,0
5.5,0,1803.6,0,1542.96,0,1803.6,0,86.88000000000001,0,2.092190194129944,0.0004663944244384,0,0.0004663944244384,0,0,0
5.5,0,644.4,0,578.8460317460317,0,1513.2,0,638.0501815697224,0,5.567820596694946,0.0008096933364868,0,0.0008096933364868,0,0,0
13.5,0,123.4,0,86.47346030732254,0,265.3,0,52.88322761187978,0,23.83651480674744,166526023.1013003,0,166526023.1013003,0,0,0
5.5,0,56.0,0,58.219047619047615,0,65.2,0,3.820162834180033,0,17.149251437187196,0.0041829824447631,0,0.0041829824447631,0,0,0
5.5,0,1654.8,0,1412.9053968253968,0,2322.8,0,645.4695701854753,0,17.38246409893036,0.0015881061553955,0,0.0015881061553955,0,0,0
5.5,0,227.3,0,240.50257936507936,0,571.3,0,190.44159010209617,0,47.16784858703613,0.0110749959945678,0,0.0110749959945678,0,0,0
13.5,0,95.0,0,108.94356371483693,0,230.0,0,50.09150197386724,0,56.049483728408816,166524793.9454397,0,166524793.9454397,0,0,0
13.5,0,534.8,0,274.1178104944591,0,1448.0,0,451.7011006296204,0,80.53833239078521,166522698.3107886,0,166522698.3107886,0,0,0
13.5,0,1139.4,0,250.2606750378964,0,2446.0,0,576.1992316237531,0,53.9292005777359,166517914.5270219,0,166517914.5270219,0,0,0
13.5,0,801.5,0,153.51465521063045,0,997.8,0,265.94140799651484,0,19.79065907001496,166524773.3592492,0,166524773.3592492,0,0,0
13.5,0,81.2,0,224.47761341900272,0,2025.0,0,490.7783424465145,0,60.143581342697146,166526223.4084133,0,166526223.4084133,0,0,0
13.5,0,177.6,0,173.75260312657758,0,732.0,0,176.30552838277896,0,13.176226091384889,166518924.95151502,0,166518924.95151502,0,0,0
13.5,0,3544.4,0,1789.514807934154,0,7306.0,0,1848.760900346736,0,1.3788267374038696,166525735.6298201,0,166525735.6298201,0,0,0
5.5,0,523.5,0,607.8146428571429,0,1248.8,0,535.3628739841247,0,17.85452570915222,0.0060112953186035,0,0.0060112953186035,0,0,0
5.5,0,1658.2,0,1768.1618253968252,0,3975.6,0,1421.0027734129494,0,51.54267375469208,0.0008110046386718,0,0.0008110046386718,0,0,0
5.5,0,173.6,0,177.2642857142857,0,476.9,0,146.23077428952004,0,25.20466046333313,0.0121829986572265,0,0.0121829986572265,0,0,0
5.5,0,66.0,0,66.0,0,66.0,0,0.0,0,1.995917797088623,0.0016189098358154,0,0.0016189098358154,0,0,0
13.5,0,892.3,0,2132.388124593415,0,8754.0,0,2183.3259967621348,0,2.545859527587891,166523806.94553778,0,166523806.94553778,0,0,0
13.5,0,103.1,0,74.98388688538842,0,148.0,0,23.831523447393707,0,98.16965353488922,166525852.1800418,0,166525852.1800418,0,0,0
13.5,0,81.8,0,85.12464219131401,0,230.0,0,56.02339607894697,0,120.68673667907714,166524978.3269975,0,166524978.3269975,0,0,0
13.5,0,127.2,0,162.5264955546689,0,390.0,0,134.8867223482981,0,64.57742187976837,166517814.7790392,0,166517814.7790392,0,0,0
13.5,0,174.6,0,495.178568617485,0,3168.0,0,1009.5933141044848,0,4.405633091926575,166517645.8882499,0,166517645.8882499,0,0,0
13.5,0,116.6,0,125.04846025964062,0,230.0,0,63.912393269657855,0,2.4026918172836305,166525913.3089031,0,166525913.3089031,0,0,0
13.5,0,66.0,0,74.09213397842267,0,156.0,0,23.11473597813536,0,40.17002665996552,166519428.39480418,0,166519428.39480418,0,0,0
5.5,0,394.0,0,205.2396031746032,0,584.4,0,181.9457657662793,0,2.318021869659424,0.0073237895965576,0,0.0073237895965576,0,0,0
13.5,0,1216.4,0,1151.3106359000476,0,2962.0,0,1035.80013731395,0,0.3780302762985229,166520193.81532103,0,166520193.81532103,0,0,0
5.5,0,1658.8,0,1528.48,0,1658.8,0,43.440000000000005,0,47.828046679496765,0.000369906425476,0,0.000369906425476,0,0,0
13.5,0,68.2,0,66.11,0,68.2,0,0.479478883789474,0,50.49219357967377,166522176.5812099,0,166522176.5812099,0,0,0
5.5,0,1371.2,0,1749.6600000000003,0,2962.0,0,1044.147241800516,0,2.069426846504212,0.0034128189086914,0,0.0034128189086914,0,0,0
5.5,0,109.8,0,86.68166666666666,0,145.4,0,33.72032338119409,0,73.2132316827774,0.0382061004638671,0,0.0382061004638671,0,0,0
13.5,0,1182.8,0,1303.0983027326988,0,2858.0,0,1080.9612811804875,0,0.7901672124862671,166517698.29366648,0,166517698.29366648,0,0,0
13.5,0,1069.2,0,852.024345348494,0,2589.2,0,823.5400783485577,0,0.6753942489624023,166520193.2742229,0,166520193.2742229,0,0,0
13.5,0,1022.5,0,695.2541473842635,0,2962.0,0,889.4612895544681,0,33.39340856075287,166524995.55874422,0,166524995.55874422,0,0,0
13.5,0,988.4,0,1363.5857941933368,0,2962.0,0,823.1238047256772,0,19.08260359764099,166525987.1249119,0,166525987.1249119,0,0,0
5.5,0,226.0,0,193.4157936507937,0,601.0,0,167.28133696117322,0,37.316628980636594,0.0199121952056884,0,0.0199121952056884,0,0,0
5.5,0,920.4,0,710.8807936507935,0,2305.2,0,882.3931830030484,0,0.1246410608291626,5.8698654174804685e-05,0,5.8698654174804685e-05,0,0,0
5.5,0,279.3,0,236.7739285714286,0,349.0,0,116.82770186831937,0,1.6687572717666626,0.0120259046554565,0,0.0120259046554565,0,0,0
13.5,0,1852.1,0,1001.6534037505322,0,4120.4,0,1248.0354772598853,0,28.94912905693054,166518575.869443,0,166518575.869443,0,0,0
13.5,0,1224.4,0,950.694199390221,0,1514.0,0,702.5308592855151,0,10.461922001838683,166522601.2191157,0,166522601.2191157,0,0,0
13.5,0,109.0,0,90.474200531151,0,190.8,0,40.623046613129446,0,27.757940125465392,166525944.9800589,0,166525944.9800589,0,0,0
13.5,0,93.0,0,291.9733689332683,0,2023.0,0,570.5231404145168,0,16.050330424308775,166523868.34927958,0,166523868.34927958,0,0,0
5.5,0,160.5,0,216.3436111111111,0,441.0,0,129.78572741617083,0,173.4543037891388,0.0155160903930664,0,0.0155160903930664,0,0,0
13.5,0,90.2,0,111.10231350950392,0,262.0,0,67.51786176326101,0,81.35464129447936,166516685.2569433,0,166516685.2569433,0,0,0
5.5,0,113.2,0,112.26515873015872,0,179.2,0,41.59839289870324,0,44.91265089511872,0.023837399482727,0,0.023837399482727,0,0,0
5.5,0,114.2,0,152.4653174603175,0,262.0,0,74.17923315124196,0,19.825294661521912,0.0084779024124145,0,0.0084779024124145,0,0,0
5.5,0,190.6,0,78.46000000000001,0,190.6,0,37.38,0,22.68832414150238,0.0004294157028198,0,0.0004294157028198,0,0,0
5.5,0,1322.4,0,1316.4171428571428,0,2578.8,0,1037.871405125318,0,0.1509423017501831,0.0001198053359985,0,0.0001198053359985,0,0,0
5.5,0,830.1,0,386.7619444444444,0,873.5,0,352.9403589364571,0,17.225107192993164,0.0096624135971069,0,0.0096624135971069,0,0,0
5.5,0,167.5,0,146.4844841269841,0,528.0,0,154.21493727297585,0,33.20084402561188,0.0007949113845825,0,0.0007949113845825,0,0,0
5.5,0,997.8,0,750.7587301587303,0,1240.1,0,525.6728648953329,0,55.895502948760985,0.0015882968902587,0,0.0015882968902587,0,0,0
5.5,0,85.6,0,107.00777777777778,0,216.8,0,53.88513006630468,0,35.490610003471375,0.0029901981353759,0,0.0029901981353759,0,0,0
5.5,0,150.3,0,141.40329365079364,0,348.7,0,109.78283600113092,0,1.7874433517456054,0.0041298151016235,0,0.0041298151016235,0,0,0
5.5,0,73.8,0,77.96595238095237,0,138.0,0,27.170994634330235,0,38.22303776741028,0.0112199068069458,0,0.0112199068069458,0,0,0
13.5,0,943.8,0,1229.3138529573284,0,2962.0,0,774.2507665072033,0,29.95266394615173,166520727.94783118,0,166520727.94783118,0,0,0
5.5,0,66.0,0,66.0,0,66.0,0,0.0,0,58.05552155971528,4.410743713378906e-06,0,4.410743713378906e-06,0,0,0
5.5,0,1562.5,0,1518.85,0,1562.5,0,14.55,0,10.665095257759097,0.0003590822219848,0,0.0003590822219848,0,0,0
13.5,0,75.0,0,104.69612888702288,0,230.0,0,50.02927221555048,0,22.37368652820588,166519762.13725552,0,166519762.13725552,0,0,0
13.5,0,1859.9,0,849.8613640251218,0,3251.6,0,1038.3821525212363,0,7.7740455865859985,166523820.7960272,0,166523820.7960272,0,0,0
13.5,0,1079.6,0,897.4431786140416,0,1514.0,0,674.3225543986176,0,35.078335189819335,166518912.5252769,0,166518912.5252769,0,0,0
5.5,0,62.4,0,61.82857142857144,0,64.8,0,4.667636540668721,0,83.19528710842133,0.0079920053482055,0,0.0079920053482055,0,0,0
13.5,0,905.0,0,1300.859265823186,0,2962.0,0,862.2961567718328,0,62.88234314918518,166519018.44553798,0,166519018.44553798,0,0,0
5.5,0,656.4,0,1137.3561904761905,0,1514.0,0,411.2514317476704,0,1.2054217338562012,0.0056740999221801,0,0.0056740999221801,0,0,0
13.5,0,1224.4,0,1179.1966708798598,0,2093.2,0,672.811141559353,0,1.2663901805877686,166525232.11567038,0,166525232.11567038,0,0,0
13.5,0,908.4,0,968.7566072042852,0,2858.0,0,956.1167970592415,0,0.4109234571456909,166517697.92126077,0,166517697.92126077,0,0,0
13.5,0,1224.4,0,1448.2344187116637,0,2962.0,0,605.963123698963,0,1.7593682527542114,166518487.2928612,0,166518487.2928612,0,0,0
13.5,0,1224.4,0,791.2409408273186,0,2962.0,0,954.8799768453368,0,25.269819450378417,166521265.03023213,0,166521265.03023213,0,0,0
13.5,0,121.6,0,112.81900799106296,0,267.0,0,59.83809548438904,0,14.87568702697754,166525388.5662502,0,166525388.5662502,0,0,0
5.5,0,1380.2,0,1649.606984126984,0,2527.6,0,522.9761857853817,0,79.32438580989837,0.0017143964767456,0,0.0017143964767456,0,0,0
13.5,0,146.4,0,112.36260791066518,0,361.6,0,81.0079527369448,0,6.583409166336059,166520856.9403461,0,166520856.9403461,0,0,0
5.5,0,2141.1,0,3588.160753968254,0,5858.0,0,1690.002054974057,0,9.521652436256408,0.0112413883209228,0,0.0112413883209228,0,0,0
13.5,0,1514.0,0,743.1072035596842,0,2962.0,0,880.0668853204813,0,24.660543751716613,166525204.52859578,0,166525204.52859578,0,0,0
5.5,0,1957.4,0,2733.621190476191,0,4410.0,0,1003.5738323446756,0,20.66461727619172,0.0011858940124511,0,0.0011858940124511,0,0,0
5.5,0,106.4,0,98.4984126984127,0,184.0,0,46.23994026202321,0,4.099153065681458,0.0277167797088623,0,0.0277167797088623,0,0,0
5.5,0,91.4,0,100.944126984127,0,156.0,0,38.26027665304025,0,79.90978436470031,0.0254719972610473,0,0.0254719972610473,0,0,0
5.5,0,121.7,0,100.265,0,185.0,0,47.62463875595957,0,95.9132323026657,0.0149388074874877,0,0.0149388074874877,0,0,0
5.5,0,977.0,0,538.627380952381,0,1114.2,0,461.3207015738791,0,57.95438067913055,0.0096500158309936,0,0.0096500158309936,0,0,0
5.5,0,70.6,0,78.90944444444445,0,153.2,0,35.047209528333994,0,41.93041379451752,0.0074193954467773,0,0.0074193954467773,0,0,0
13.5,0,654.2,0,1252.6481813499538,0,1514.0,0,521.8125038040582,0,23.199295926094056,166522280.37896922,0,166522280.37896922,0,0,0
13.5,0,66.0,0,64.66245719364915,0,66.0,0,4.969953139951235,0,0.2824563503265381,166519318.1149223,0,166519318.1149223,0,0,0
5.5,0,315.6,0,369.4976984126984,0,1095.6,0,364.70668331888737,0,5.180625987052918,0.0035305976867675,0,0.0035305976867675,0,0,0
5.5,0,75.3,0,73.06408730158729,0,114.6,0,16.692542056676864,0,51.401147198677066,0.0065827131271362,0,0.0065827131271362,0,0,0
13.5,0,136.7,0,112.86795574308732,0,213.6,0,54.6681588819846,0,146.5517616033554,166524739.01217952,0,166524739.01217952,0,0,0
5.5,0,218.2,0,418.1539682539683,0,788.0,0,261.8738927588417,0,101.82694613933565,0.0081208944320678,0,0.0081208944320678,0,0,0
5.5,0,95.0,0,79.77936507936508,0,128.0,0,24.505911776498767,0,35.837419629096985,0.0123600959777832,0,0.0123600959777832,0,0,0
13.5,0,1135.9,0,1171.1046603882016,0,3447.0,0,1124.898188607559,0,6.835147881507874,166520741.5875823,0,166520741.5875823,0,0,0
13.5,0,256.0,0,130.7433685492354,0,535.7,0,122.324867831244,0,63.84752147197723,166523057.0559631,0,166523057.0559631,0,0,0
13.5,0,281.1,0,251.4201918927305,0,1409.0,0,402.0216391857783,0,12.209683537483215,166522684.7004309,0,166522684.7004309,0,0,0
5.5,0,121.3,0,111.15694444444446,0,312.3,0,82.618040535397,0,48.13924326896667,0.005055809020996,0,0.005055809020996,0,0,0
5.5,0,1446.4,0,1413.9088095238096,0,2095.3,0,526.7404702134779,0,11.424326872825622,0.0012002944946289,0,0.0012002944946289,0,0,0
13.5,0,521.4,0,820.6277355603634,0,2962.0,0,1031.349486936175,0,41.771783638000485,166522068.56717128,0,166522068.56717128,0,0,0
13.5,0,75.0,0,72.46894262857884,0,156.0,0,23.10328460518726,0,67.91721861362457,166518877.0162588,0,166518877.0162588,0,0,0
13.5,0,89.6,0,223.7735960887238,0,1652.0,0,384.0149577719837,0,60.11967852115631,166524733.3305283,0,166524733.3305283,0,0,0
5.5,0,1225.2,0,812.9139682539683,0,1226.0,0,525.0394331900978,0,63.171301221847536,0.0027025938034057,0,0.0027025938034057,0,0,0
5.5,0,76.0,0,73.91376984126984,0,82.8,0,5.034718244609463,0,3.268706369400024,0.0090476989746093,0,0.0090476989746093,0,0,0
5.5,0,76.1,0,92.7304365079365,0,156.0,0,31.17948594270469,0,88.11290125846863,0.0102751970291137,0,0.0102751970291137,0,0,0
5.5,0,212.9,0,221.62015873015875,0,526.3,0,193.3212508051237,0,43.37800748348237,0.0063114881515502,0,0.0063114881515502,0,0,0
13.5,0,133.2,0,120.60515479790249,0,336.0,0,78.60622555860863,0,47.97773308753968,166521893.23738533,0,166521893.23738533,0,0,0
13.5,0,2391.4,0,872.3000091652414,0,2817.2,0,926.4177020132304,0,48.42142083644867,166519396.5325815,0,166519396.5325815,0,0,0
5.5,0,2150.1,0,1593.339880952381,0,3685.4,0,1163.6511627603072,0,9.87057044506073,0.0083778858184814,0,0.0083778858184814,0,0,0
5.5,0,920.4,0,1001.016507936508,0,2581.6,0,1040.6091432928904,0,0.7654111623764038,6.978511810302734e-05,0,6.978511810302734e-05,0,0,0
5.5,0,522.2,0,209.92690476190472,0,736.3,0,206.82143494042884,0,7.853121376037597,0.0066416978836059,0,0.0066416978836059,0,0,0
5.5,0,800.5,0,1261.377777777778,0,1514.0,0,328.8745044658298,0,30.39890141487121,0.0015260934829711,0,0.0015260934829711,0,0,0
13.5,0,1227.5,0,1654.5184910501437,0,2962.0,0,762.9335210245854,0,54.60927631855011,166520565.9424374,0,166520565.9424374,0,0,0
13.5,0,128.9,0,103.9708767616972,0,251.2,0,62.11346237531202,0,3.1599565744400024,166525355.093353,0,166525355.093353,0,0,0
13.5,0,1866.7,0,513.5733279328172,0,2866.4,0,810.1025229167595,0,30.56368856430053,166526193.07479402,0,166526193.07479402,0,0,0
13.5,0,116.1,0,103.98608262179854,0,195.6,0,47.86299520145678,0,31.123087692260743,166518279.4078984,0,166518279.4078984,0,0,0
5.5,0,1068.3,0,1150.6574999999998,0,1494.0,0,518.7260964295359,0,9.407650923728944,0.0062937974929809,0,0.0062937974929809,0,0,0
5.5,0,112.4,0,108.66253968253967,0,353.0,0,103.8467933367474,0,56.55587778091431,0.0101114034652709,0,0.0101114034652709,0,0,0
13.5,0,88.5,0,108.30529952847289,0,459.0,0,98.78823190515206,0,109.04539079666138,166520597.09636563,0,166520597.09636563,0,0,0
13.5,0,611.9,0,158.3692905529283,0,699.2,0,204.71243801269603,0,3.09063184261322,166523846.2870029,0,166523846.2870029,0,0,0
13.5,0,64.8,0,113.48276962545538,0,230.0,0,57.39229018105637,0,14.68407428264618,166517548.58290398,0,166517548.58290398,0,0,0
5.5,0,328.0,0,266.6589682539683,0,834.4,0,323.3391147495621,0,0.0263956308364868,0.0021692991256713,0,0.0021692991256713,0,0,0
5.5,0,66.0,0,66.0,0,66.0,0,0.0,0,6.057683897018433,0.0004053115844726,0,0.0004053115844726,0,0,0
5.5,0,195.1,0,109.45892857142856,0,269.4,0,68.61156612195352,0,62.5373913526535,0.0281212091445922,0,0.0281212091445922,0,0,0
5.5,0,65.1,0,74.61202380952382,0,111.9,0,19.229058402699568,0,80.96857657432557,0.015745210647583,0,0.015745210647583,0,0,0
13.5,0,65.4,0,112.02841755853365,0,758.0,0,172.02815537343855,0,1.798340654373169,166525360.06140262,0,166525360.06140262,0,0,0
5.5,0,1384.0,0,918.5995238095238,0,1514.0,0,593.3679261915806,0,14.254695582389832,0.0016932010650634,0,0.0016932010650634,0,0,0
13.5,0,1369.2,0,896.751248355188,0,2817.2,0,853.4754976454005,0,55.10656805038453,166522267.2564573,0,166522267.2564573,0,0,0
5.5,0,1712.1,0,1828.0078968253963,0,3830.8,0,1000.5466332997036,0,11.179435110092165,0.0006739854812622,0,0.0006739854812622,0,0,0
13.5,0,68.9,0,103.54275911266237,0,176.0,0,45.18306668114074,0,25.0924040555954,166518554.7176727,0,166518554.7176727,0,0,0
13.5,0,79.0,0,79.8293300546203,0,203.0,0,44.049522179928914,0,43.87569148540497,166519777.7721345,0,166519777.7721345,0,0,0
5.5,0,1087.8,0,527.8137301587301,0,1533.6,0,525.1912114669373,0,36.40618808269501,0.01286301612854,0,0.01286301612854,0,0,0
13.5,0,693.7,0,1435.5515177052907,0,2962.0,0,777.9282206995603,0,15.103681063652038,166520297.2184566,0,166520297.2184566,0,0,0
5.5,0,790.0,0,716.8530158730158,0,1224.4,0,559.7226413847714,0,29.60545628070832,0.0017048120498657,0,0.0017048120498657,0,0,0
5.5,0,103.1,0,90.88873015873016,0,211.1,0,59.266526944998034,0,60.26381616592407,0.0070317029953002,0,0.0070317029953002,0,0,0
13.5,0,66.0,0,875.1465207019504,0,4410.0,0,1294.7235947185964,0,0.3131542682647705,166522112.33852893,0,166522112.33852893,0,0,0
13.5,0,323.6,0,1076.7081470189598,0,2828.0,0,851.860388717823,0,99.2269981622696,166525485.4166945,0,166525485.4166945,0,0,0
13.5,0,89.7,0,80.59200747480935,0,218.0,0,40.87246331257782,0,17.613141655921936,166523935.314675,0,166523935.314675,0,0,0
13.5,0,72.0,0,83.41433178835268,0,230.0,0,51.41593156253296,0,105.3505089521408,166521243.3458346,0,166521243.3458346,0,0,0
13.5,0,223.2,0,124.32856386776275,0,600.5,0,151.71847475369762,0,105.27584080696106,166522252.0080494,0,166522252.0080494,0,0,0
5.5,0,934.2,0,572.9606349206349,0,1079.6,0,490.8332171063676,0,23.58311374187469,0.0006340026855468,0,0.0006340026855468,0,0,0
13.5,0,682.6,0,140.60086525144962,0,904.8,0,202.891643657749,0,41.60622909069061,166520921.31478268,0,166520921.31478268,0,0,0
5.5,0,321.9,0,178.5498015873016,0,400.2,0,106.94727045838911,0,93.44987497329711,0.0125574111938476,0,0.0125574111938476,0,0,0
5.5,0,78.4,0,93.82801587301586,0,172.0,0,39.59711744025713,0,42.294018959999086,0.0112239122390747,0,0.0112239122390747,0,0,0
5.5,0,135.6,0,174.2128571428571,0,323.4,0,96.79324260741166,0,12.38085708618164,0.0135261058807373,0,0.0135261058807373,0,0,0
13.5,0,117.2,0,120.73499759270658,0,530.0,0,136.07423542055977,0,6.0168568134307865,166517669.9634025,0,166517669.9634025,0,0,0
13.5,0,128.0,0,102.30181611903748,0,219.2,0,61.52538711117093,0,34.731042051315306,166519876.3104484,0,166519876.3104484,0,0,0
5.5,0,295.6,0,141.2304761904762,0,407.8,0,110.1084401564328,0,17.45810010433197,0.0330918073654174,0,0.0330918073654174,0,0,0
13.5,0,74.4,0,82.40771152394217,0,206.0,0,41.276643443323486,0,48.89502325057983,166525792.05871978,0,166525792.05871978,0,0,0
5.5,0,1667.8,0,1510.0938888888888,0,2093.2,0,297.64517611864187,0,27.098926877975465,0.0005173921585083,0,0.0005173921585083,0,0,0
5.5,0,141.9,0,129.71488095238095,0,367.6,0,114.6888104170711,0,14.898572254180907,0.0085674047470092,0,0.0085674047470092,0,0,0
13.5,0,89.8,0,69.66175782593739,0,125.2,0,13.863161397021344,0,14.547832131385803,166523779.87480488,0,166523779.87480488,0,0,0
13.5,0,1088.0,0,934.6961451998292,0,2962.0,0,883.4868838364227,0,14.225014328956604,166525399.7779241,0,166525399.7779241,0,0,0
13.5,0,1254.0,0,349.85147460425713,0,1808.8,0,501.6692079057945,0,38.12954499721527,166518141.7402824,0,166518141.7402824,0,0,0
5.5,0,80.2,0,77.50801587301586,0,121.4,0,20.48507709713702,0,18.850885534286498,0.0090199947357177,0,0.0090199947357177,0,0,0
13.5,0,79.4,0,647.3102787949925,0,2757.0,0,833.39547350269,0,69.26856944561004,166521572.39034283,0,166521572.39034283,0,0,0
5.5,0,185.1,0,102.1729365079365,0,223.3,0,54.82582137188847,0,97.01620066165924,0.0273463010787963,0,0.0273463010787963,0,0,0
5.5,0,1096.0,0,627.0912698412699,0,1096.0,0,473.4192781795522,0,78.05241975784301,0.0017793893814086,0,0.0017793893814086,0,0,0
13.5,0,80.1,0,215.3855152948187,0,1514.0,0,393.5554112568035,0,8.918633556365966,166519278.9322059,0,166519278.9322059,0,0,0
5.5,0,66.2,0,59.569206349206354,0,83.2,0,9.976781985367492,0,119.7385436296463,0.0099693059921264,0,0.0099693059921264,0,0,0
13.5,0,1803.6,0,1256.792851602302,0,3830.8,0,1170.6867579423767,0,24.50563714504242,166520595.9669659,0,166520595.9669659,0,0,0
5.5,0,331.8,0,797.879761904762,0,2547.0,0,859.762633791371,0,0.4765807867050171,0.0030004024505615,0,0.0030004024505615,0,0,0
5.5,0,1230.6,0,1462.620396825397,0,2527.6,0,568.8625086629079,0,33.4242124080658,0.0100056886672973,0,0.0100056886672973,0,0,0
13.5,0,807.0,0,1594.3073946100335,0,4410.0,0,825.9109999206863,0,20.23623116016388,166519686.41488913,0,166519686.41488913,0,0,0
5.5,0,1851.3,0,1956.323055555556,0,3301.5,0,939.8505112776324,0,2.8713829040527346,0.0003298044204711,0,0.0003298044204711,0,0,0
13.5,0,115.9,0,88.70162124983719,0,220.4,0,48.14374373511877,0,33.53769736289978,166523016.776302,0,166523016.776302,0,0,0
13.5,0,1514.0,0,1532.0568278857368,0,2962.0,0,711.4485920248165,0,26.166210865974428,166522981.7487765,0,166522981.7487765,0,0,0
13.5,0,151.6,0,189.57769408738835,0,791.0,0,243.20692731918083,0,44.594142246246335,166518415.0094636,0,166518415.0094636,0,0,0
13.5,0,127.3,0,529.0353949322952,0,1514.0,0,548.5980780847578,0,18.520683002471923,166523444.94725758,0,166523444.94725758,0,0,0
5.5,0,1184.7,0,1378.2584523809523,0,2200.3,0,480.2733992045918,0,3.3309255599975587,0.0033360004425048,0,0.0033360004425048,0,0,0
13.5,0,259.1,0,439.3700330706445,0,2962.0,0,759.4775800015725,0,29.206860995292665,166516679.6828186,0,166516679.6828186,0,0,0
5.5,0,173.9,0,159.37599206349208,0,523.8,0,169.12914338636693,0,45.33949224948883,0.0107069015502929,0,0.0107069015502929,0,0,0
5.5,0,124.6,0,112.85349206349206,0,189.8,0,50.87824889128952,0,23.236874890327453,0.0327552795410156,0,0.0327552795410156,0,0,0
13.5,0,210.8,0,265.8461641145232,0,1514.0,0,498.58865610143874,0,29.17162444591522,166521027.2533495,0,166521027.2533495,0,0,0
13.5,0,321.5,0,177.09781736495358,0,1357.5,0,307.41329215914027,0,0.5658981800079346,166525399.6165733,0,166525399.6165733,0,0,0
13.5,0,61.6,0,91.23895479649347,0,339.0,0,71.32024258611328,0,24.21142451763153,166518130.8158522,0,166518130.8158522,0,0,0
5.5,0,502.0,0,164.1436507936508,0,719.8,0,209.51795271533584,0,75.46427149772644,0.0106748104095458,0,0.0106748104095458,0,0,0
13.5,0,1951.2,0,1614.902161165288,0,3106.8,0,647.6353754139257,0,12.614831495285037,166523058.0722158,0,166523058.0722158,0,0,0
13.5,0,169.7,0,124.36689469113615,0,453.5,0,113.50754486918451,0,27.26050720214844,166525915.9157306,0,166525915.9157306,0,0,0
5.5,0,71.7,0,69.68011904761906,0,94.5,0,9.505284071601972,0,14.60062551498413,0.0043755054473876,0,0.0043755054473876,0,0,0
5.5,0,1393.5,0,2065.6609523809525,0,2962.0,0,796.4749053798284,0,69.87002036571502,0.0074734926223754,0,0.0074734926223754,0,0,0
5.5,0,1011.4,0,742.3272222222222,0,1729.2,0,562.2867584774334,0,16.613020014762878,0.0021682977676391,0,0.0021682977676391,0,0,0
5.5,0,1672.9,0,2345.9931349206354,0,12658.9,0,4666.08363520926,0,66.51336183547974,0.0249886035919189,0,0.0249886035919189,0,0,0
13.5,0,80.4,0,473.4824159547882,0,4410.0,0,1106.4108993208577,0,1.375910258293152,166520055.022788,0,166520055.022788,0,0,0
5.5,0,66.1,0,66.92456349206348,0,74.4,0,5.267506455463359,0,55.87783963680268,0.0091278076171875,0,0.0091278076171875,0,0,0
5.5,0,1369.2,0,1328.633015873016,0,1803.6,0,414.30833081865313,0,38.48322808742523,0.0013417959213256,0,0.0013417959213256,0,0,0
13.5,0,943.8,0,1569.7262144829715,0,2962.0,0,859.572708806246,0,16.340183305740357,166523739.875702,0,166523739.875702,0,0,0
5.5,0,1025.4,0,1870.4187698412704,0,4265.2,0,1351.0989907518942,0,84.7927586555481,0.0103757143020629,0,0.0103757143020629,0,0,0
13.5,0,218.2,0,130.59446398802436,0,801.3,0,179.7204285331716,0,46.95672268867493,166525346.29237512,0,166525346.29237512,0,0,0
5.5,0,104.6,0,109.04,0,149.4,0,36.50662804797423,0,15.518556308746335,0.0449936151504516,0,0.0449936151504516,0,0,0
5.5,0,213.9,0,496.0944047619047,0,1514.0,0,499.0170373035408,0,1.2017263650894163,0.0015341997146606,0,0.0015341997146606,0,0,0
5.5,0,2238.0,0,2490.882857142857,0,2962.0,0,636.6915708419835,0,2.0566157579421995,0.0032703161239624,0,0.0032703161239624,0,0,0
13.5,0,66.0,0,495.08373227735456,0,1888.0,0,672.5795800904837,0,72.11383743286133,166519312.2658654,0,166519312.2658654,0,0,0
5.5,0,2238.0,0,1403.2165079365082,0,4265.2,0,1370.7425058790386,0,44.31275930404663,0.0011483907699584,0,0.0011483907699584,0,0,0
5.5,0,93.6,0,71.10166666666666,0,101.0,0,11.119881951108235,0,22.543584156036378,0.0048237800598144,0,0.0048237800598144,0,0,0
13.5,0,66.0,0,95.15843317844865,0,326.0,0,66.41089532941359,0,4.404830193519592,166521395.277912,0,166521395.277912,0,0,0
13.5,0,1026.0,0,422.0243073653213,0,2132.4,0,592.947943079226,0,48.01369588375091,166517757.35052693,0,166517757.35052693,0,0,0
5.5,0,66.0,0,66.0,0,66.0,0,0.0,0,48.08709828853607,0.0044575929641723,0,0.0044575929641723,0,0,0
13.5,0,261.3,0,219.25813642884464,0,1534.0,0,354.96069791427465,0,30.688995361328125,166521735.8758143,0,166521735.8758143,0,0,0
5.5,0,66.0,0,66.0,0,66.0,0,0.0,0,1.3424377202987672,0.0003346920013427,0,0.0003346920013427,0,0,0
13.5,0,1224.4,0,975.48086289012,0,2962.0,0,874.9566284053011,0,22.899879503250123,166520389.1840255,0,166520389.1840255,0,0,0
5.5,0,89.1,0,98.43297619047618,0,182.0,0,44.79695993161073,0,6.974077534675598,0.0096009016036987,0,0.0096009016036987,0,0,0
5.5,0,87.5,0,77.11674603174603,0,136.2,0,25.627897777075468,0,26.14404900074005,0.059230899810791,0,0.059230899810791,0,0,0
13.5,0,885.4,0,248.13068412152,0,1399.6,0,358.47423433559163,0,27.93238492012024,166526334.7123431,0,166526334.7123431,0,0,0
13.5,0,2350.8,0,2020.903919474488,0,4064.4,0,1201.262370328765,0,1.6729345798492432,166519375.3995191,0,166519375.3995191,0,0,0
5.5,0,135.0,0,141.3807142857143,0,283.6,0,68.40913661579484,0,12.22633204460144,0.0151733875274658,0,0.0151733875274658,0,0,0
13.5,0,496.4,0,1769.3566603296945,0,2962.0,0,930.6240494258147,0,41.11713771820068,166522805.61840302,0,166522805.61840302,0,0,0
13.5,0,69.6,0,74.20152367240603,0,214.0,0,47.8943800275553,0,46.11281254291534,166517244.33483,0,166517244.33483,0,0,0
5.5,0,1514.0,0,1429.5333333333333,0,3541.2,0,1091.7215005597636,0,71.72804360389709,0.0008683919906616,0,0.0008683919906616,0,0,0
13.5,0,123.8,0,90.21217804340482,0,303.6,0,58.52865609846765,0,184.46642100811005,166516486.6446724,0,166516486.6446724,0,0,0
5.5,0,137.9,0,137.63869047619048,0,367.6,0,115.69550968938412,0,48.86876137256623,0.0213506937026977,0,0.0213506937026977,0,0,0
13.5,0,452.0,0,268.5142584857523,0,2857.8,0,668.1576105858225,0,26.342684602737428,166522364.05275652,0,166522364.05275652,0,0,0
13.5,0,355.7,0,140.31210018009165,0,429.2,0,110.37164241944438,0,56.69703705310822,166523638.4908429,0,166523638.4908429,0,0,0
13.5,0,129.4,0,95.74018998115749,0,215.2,0,50.81780817283283,0,108.56782371997834,166521201.980277,0,166521201.980277,0,0,0
13.5,0,137.3,0,123.50764075192096,0,280.8,0,78.24659510331489,0,43.17072691917419,166519291.9548377,0,166519291.9548377,0,0,0
13.5,0,65.4,0,65.59873715809474,0,66.0,0,1.4909859419853704,0,4.413586950302124,166519727.67867583,0,166519727.67867583,0,0,0
13.5,0,102.8,0,77.46216901347705,0,193.6,0,31.868495149588448,0,22.77269055843353,166518367.7407464,0,166518367.7407464,0,0,0
5.5,0,82.6,0,77.0023015873016,0,112.4,0,16.66267379372415,0,0.3176431655883789,0.0093475103378295,0,0.0093475103378295,0,0,0
13.5,0,351.6,0,1402.205263544505,0,2922.0,0,1068.8674134058406,0,0.9571117162704468,166520152.92019567,0,166520152.92019567,0,0,0
13.5,0,242.4,0,175.2352639259605,0,791.0,0,235.98584138518368,0,8.803648662567138,166518195.0093748,0,166518195.0093748,0,0,0
13.5,0,2826.2,0,984.1103892594334,0,8380.3,0,2012.5702822265685,0,46.91611402034759,166521209.5584673,0,166521209.5584673,0,0,0
13.5,0,548.9,0,1144.688517091354,0,3398.5,0,1135.6661442244092,0,9.656951737403867,166520156.1359885,0,166520156.1359885,0,0,0
13.5,0,74.4,0,195.12691616390143,0,1514.0,0,370.45432086697286,0,4.690126609802246,166522562.53854698,0,166522562.53854698,0,0,0
5.5,0,1462.0,0,1741.7539682539682,0,2858.0,0,1121.3028516657394,0,0.1242075204849243,0.0001005172729492,0,0.0001005172729492,0,0,0
13.5,0,66.0,0,72.21957404953147,0,111.0,0,14.641329326204318,0,48.17125227451324,166524437.344479,0,166524437.344479,0,0,0
5.5,0,2065.2,0,1917.356666666667,0,2636.4,0,547.1405152405086,0,0.3018549919128418,0.0008722066879272,0,0.0008722066879272,0,0,0
13.5,0,2093.2,0,1961.5512408884545,0,4265.2,0,899.089960610703,0,29.19923272132873,166520051.9870401,0,166520051.9870401,0,0,0
13.5,0,128.2,0,105.41653381448272,0,217.2,0,54.15805420647106,0,71.50380842685699,166526156.73301408,0,166526156.73301408,0,0,0
13.5,0,3835.2,0,3800.134029604726,0,15422.0,0,5492.297887815792,0,0.0651214599609375,166517699.0262597,0,166517699.0262597,0,0,0
5.5,0,1320.2,0,1267.0661507936509,0,2174.2,0,660.6701180528489,0,56.89757504463196,0.0053484916687011,0,0.0053484916687011,0,0,0
13.5,0,1514.0,0,465.1621503496504,0,1514.0,0,583.9526706719029,0,1.2715391318003335,0.0042841831843058,0,0.0042841831843058,0,0,0
5.5,0,82.4,0,71.51222222222222,0,115.2,0,15.497812948331022,0,25.931490325927733,0.0100322008132934,0,0.0100322008132934,0,0,0
13.5,0,1658.8,0,1924.2578937952312,0,4410.0,0,837.035851076628,0,1.7545636177062989,166523438.4071663,0,166523438.4071663,0,0,0
5.5,0,439.5,0,785.0357936507937,0,1514.0,0,522.1200193093418,0,98.89185469150544,0.005798602104187,0,0.005798602104187,0,0,0
5.5,0,1369.2,0,1483.4311111111112,0,1514.0,0,88.94624974036093,0,62.787098455429074,0.0020519018173217,0,0.0020519018173217,0,0,0
13.5,0,77.1,0,67.91914561573617,0,99.6,0,8.493502774795806,0,67.59734070301056,166524476.7339997,0,166524476.7339997,0,0,0
5.5,0,75.0,0,66.39071428571428,0,106.8,0,17.643978261768616,0,25.69419732093811,0.0022511959075927,0,0.0022511959075927,0,0,0
13.5,0,255.5,0,90.7379355564456,0,334.2,0,68.34775997526927,0,13.098359179496764,166518004.14696562,0,166518004.14696562,0,0,0
5.5,0,345.2,0,883.7679365079366,0,2858.0,0,969.385448711983,0,1.1278112411499024,0.0002305030822753,0,0.0002305030822753,0,0,0
5.5,0,645.2,0,229.072380952381,0,645.2,0,252.56628176053616,0,43.0069331407547,0.0044619083404541,0,0.0044619083404541,0,0,0
5.5,0,64.4,0,65.46222222222221,0,66.0,0,1.5119817510566853,0,64.27081642150878,0.0109834909439086,0,0.0109834909439086,0,0,0
13.5,0,1555.4,0,850.0694827867352,0,7322.4,0,1843.7245900848009,0,58.66044206619263,166523870.53514102,0,166523870.53514102,0,0,0
5.5,0,75.0,0,66.9,0,75.0,0,2.7,0,58.25160646438599,0.0103416919708251,0,0.0103416919708251,0,0,0
5.5,0,2795.3,0,2163.007777777778,0,5278.8,0,1465.7470346647528,0,30.743309688568115,0.0030883073806762,0,0.0030883073806762,0,0,0
5.5,0,985.4,0,414.5061111111111,0,1331.0,0,430.0530786319874,0,4.599848985671997,0.0075820207595825,0,0.0075820207595825,0,0,0
13.5,0,642.2,0,845.4518942624284,0,1514.0,0,721.5167617211322,0,90.02632055282592,166520965.76494318,0,166520965.76494318,0,0,0
5.5,0,99.7,0,93.99753968253968,0,180.4,0,39.75779257545794,0,0.8436644792556762,0.0120574951171875,0,0.0120574951171875,0,0,0
5.5,0,96.0,0,81.91920634920635,0,132.2,0,24.78959973169,0,16.291273975372313,0.0090975046157836,0,0.0090975046157836,0,0,0
5.5,0,952.8,0,338.293253968254,0,1534.2,0,471.5172966724607,0,33.67405483722687,0.025815200805664,0,0.025815200805664,0,0,0
5.5,0,179.7,0,149.1429761904762,0,277.7,0,87.22494930281879,0,51.74105315208435,0.0226438045501709,0,0.0226438045501709,0,0,0
13.5,0,66.8,0,111.58333255624665,0,553.0,0,126.4314247953546,0,13.048867988586426,166518341.60520032,0,166518341.60520032,0,0,0
13.5,0,69.2,0,1195.8480712459193,0,6343.0,0,1847.3711993164209,0,6.831794953346252,166521413.61480498,0,166521413.61480498,0,0,0
5.5,0,1191.2,0,1391.955396825397,0,2578.8,0,665.3256131101405,0,0.7994362831115722,6.449222564697266e-05,0,6.449222564697266e-05,0,0,0
5.5,0,802.6,0,533.2626984126985,0,1086.8,0,492.8294719264986,0,19.30031449794769,0.0029026985168457,0,0.0029026985168457,0,0,0
13.5,0,459.1,0,197.2095772442212,0,1106.6,0,314.7161893215828,0,76.50062863826751,166521563.27630222,0,166521563.27630222,0,0,0
5.5,0,299.2,0,646.4718253968255,0,1514.0,0,447.31675360574025,0,67.87754080295562,0.0106991052627563,0,0.0106991052627563,0,0,0
5.5,0,106.4,0,124.22698412698412,0,199.0,0,50.50014123072627,0,44.84279308319092,0.0099593877792358,0,0.0099593877792358,0,0,0
13.5,0,2869.0,0,677.9827930690741,0,5087.6,0,1255.7568878637826,0,7.977795577049255,166523415.49682337,0,166523415.49682337,0,0,0
13.5,0,65.4,0,73.02046836290644,0,156.0,0,37.64459612544004,0,122.17101128101348,166523877.3026184,0,166523877.3026184,0,0,0
13.5,0,417.3,0,115.43845656794186,0,495.2,0,117.3108851431983,0,3.312315368652344,166524523.5069278,0,166524523.5069278,0,0,0
13.5,0,143.7,0,99.0535382007054,0,411.2,0,86.87405272084361,0,82.19394838809967,166520749.3934817,0,166520749.3934817,0,0,0
5.5,0,1016.4,0,628.5318253968253,0,1276.0,0,565.5000278159474,0,25.77844715118408,0.00101900100708,0,0.00101900100708,0,0,0
5.5,0,647.9,0,354.7742460317461,0,1382.7,0,460.92872535845584,0,22.877064800262453,0.0051944017410278,0,0.0051944017410278,0,0,0
5.5,0,118.2,0,110.85488095238097,0,192.7,0,53.23368486366817,0,60.11304812431335,0.0251344203948974,0,0.0251344203948974,0,0,0
5.5,0,1369.2,0,1391.5520634920636,0,1514.0,0,299.38756729262553,0,14.376551699638366,0.0005785942077636,0,0.0005785942077636,0,0,0
5.5,0,109.2,0,101.28936507936508,0,165.8,0,30.775371299685425,0,84.32441248893738,0.0208632946014404,0,0.0208632946014404,0,0,0
5.5,0,1079.0,0,1420.0805555555555,0,1514.0,0,174.85805589005287,0,4.170099878311158,0.0036619901657104,0,0.0036619901657104,0,0,0
13.5,0,62.3,0,159.45128645176632,0,541.0,0,155.05954506925502,0,19.75563018321991,166521116.4320144,0,166521116.4320144,0,0,0
5.5,0,1428.3,0,1492.3775,0,2672.4,0,565.4738572121474,0,22.72033326625824,0.0092139959335327,0,0.0092139959335327,0,0,0
5.5,0,66.0,0,66.0,0,66.0,0,0.0,0,8.830925822257996,0.0028824090957641,0,0.0028824090957641,0,0,0
13.5,0,896.6,0,212.0858763677843,0,1714.4,0,409.6414973273189,0,57.0815511226654,166517511.3372006,0,166517511.3372006,0,0,0
13.5,0,76.6,0,654.8797107626635,0,4403.0,0,1261.6056839360197,0,3.275304841995239,166521438.8897769,0,166521438.8897769,0,0,0
5.5,0,346.9,0,836.6228968253969,0,2653.0,0,893.236434551644,0,11.587364077568054,0.0029485940933227,0,0.0029485940933227,0,0,0
5.5,0,66.0,0,66.0,0,66.0,0,0.0,0,35.627121806144714,0.0001924037933349,0,0.0001924037933349,0,0,0
5.5,0,1769.9,0,1967.20007936508,0,2870.5,0,704.4585284307907,0,94.66724410057068,0.0027102947235107,0,0.0027102947235107,0,0,0
13.5,0,80.6,0,963.0705660468705,0,4410.0,0,1245.3516375020497,0,57.77494609355927,166521808.8337546,0,166521808.8337546,0,0,0
5.5,0,934.8,0,1350.927619047619,0,1514.0,0,252.56628176053616,0,56.41005423069,0.003179907798767,0,0.003179907798767,0,0,0
13.5,0,509.4,0,927.60657721965,0,2850.2,0,903.9924467716212,0,25.98063695430756,166520487.7592933,0,166520487.7592933,0,0,0
13.5,0,312.8,0,116.94775099169836,0,539.6,0,116.9205072663668,0,29.75125644207001,166517637.590948,0,166517637.590948,0,0,0
1.5,0,1514.0,0,1514.0,0,1514.0,0,0.0,0,13.119820594787598,0.0001895427703857,0,0.0001895427703857,0,0,0
5.5,0,548.9,0,1190.79876984127,0,2865.7,0,954.5368910836283,0,30.71580851078033,0.004779314994812,0,0.004779314994812,0,0,0
5.5,0,80.4,0,71.87619047619049,0,99.6,0,12.944110228166156,0,80.9740387916565,0.0173594951629638,0,0.0173594951629638,0,0,0
13.5,0,87.4,0,896.6435882697454,0,4410.0,0,1165.6732010292806,0,13.081907081604005,166523200.97289932,0,166523200.97289932,0,0,0
13.5,0,1117.3,0,1137.908425486622,0,2962.0,0,847.5333469572588,0,23.948851537704467,166518061.5027237,0,166518061.5027237,0,0,0
5.5,0,944.5,0,1504.3591269841272,0,4120.4,0,1358.395066009616,0,4.4620521068573,0.0007344007492065,0,0.0007344007492065,0,0,0
13.5,0,290.7,0,170.15499636285625,0,1074.7,0,251.95974066803493,0,40.572138738632205,166517826.7759955,0,166517826.7759955,0,0,0
13.5,0,73.7,0,1049.54790190159,0,2962.0,0,1122.7448784758576,0,49.44961569309235,166520455.20923012,0,166520455.20923012,0,0,0
13.5,0,85.2,0,67.5402257185539,0,113.2,0,15.936355691454969,0,21.960753536224367,166522723.859757,0,166522723.859757,0,0,0
5.5,0,85.0,0,72.36230158730159,0,146.4,0,31.77719048189332,0,17.414571809768677,0.0118047952651977,0,0.0118047952651977,0,0,0
5.5,0,442.2,0,224.5367857142857,0,761.9,0,265.27772239172066,0,26.153211426734924,0.0077966928482055,0,0.0077966928482055,0,0,0
13.5,0,386.4,0,884.7785424190531,0,2962.0,0,866.2089899798069,0,43.511162757873535,166517539.0895303,0,166517539.0895303,0,0,0
5.5,0,66.0,0,66.0,0,66.0,0,0.0,0,2.7703015089035032,0.0010496854782104,0,0.0010496854782104,0,0,0
5.5,0,934.8,0,1271.9196825396823,0,1514.0,0,332.36766602068343,0,1.022502851486206,0.0016237020492553,0,0.0016237020492553,0,0,0
5.5,0,481.1,0,148.19194444444446,0,793.5,0,222.85935453173616,0,2.3608699321746824,0.0056646823883056,0,0.0056646823883056,0,0,0
13.5,0,146.7,0,644.2274530539121,0,2962.0,0,822.6421507188376,0,72.92325320243836,166524450.2639806,0,166524450.2639806,0,0,0
5.5,0,146.9,0,101.87972222222224,0,293.5,0,77.12053835107383,0,13.435017633438113,0.01058189868927,0,0.01058189868927,0,0,0
13.5,0,1326.0,0,809.876044686308,0,2160.0,0,791.8859323429064,0,0.0401695489883422,166517698.2186566,0,166517698.2186566,0,0,0
5.5,0,87.2,0,87.86198412698414,0,138.7,0,26.219584342906472,0,59.16232559680939,0.0151678085327148,0,0.0151678085327148,0,0,0
5.5,0,292.1,0,311.4935317460317,0,1591.3,0,542.7079722166134,0,10.90635712146759,0.0126870870590209,0,0.0126870870590209,0,0,0
13.5,0,103.4,0,111.9000042960995,0,230.0,0,60.04602921391744,0,15.865821480751038,166524563.1786407,0,166524563.1786407,0,0,0
13.5,0,1524.3,0,238.32481787347496,0,1612.4,0,389.44461092385154,0,34.12091600894928,166523997.41358632,0,166523997.41358632,0,0,0
5.5,0,1514.0,0,1514.0,0,1514.0,0,0.0,0,8.937019634246827,0.0011477947235107,0,0.0011477947235107,0,0,0
5.5,0,163.0,0,125.1628968253968,0,206.7,0,49.22854505311381,0,140.21322135925294,0.0130198001861572,0,0.0130198001861572,0,0,0
13.5,0,511.4,0,599.9489053653604,0,2962.0,0,886.384480257625,0,15.750911474227903,166519895.1172362,0,166519895.1172362,0,0,0
13.5,0,95.4,0,149.823867793713,0,989.0,0,227.24915932807227,0,45.552566814422605,166521823.151757,0,166521823.151757,0,0,0
13.5,0,72.2,0,304.37681195825155,0,2034.0,0,582.50835753715,0,55.75737814903259,166523391.26456076,0,166523391.26456076,0,0,0
5.5,0,1658.8,0,1544.5688888888888,0,1803.6,0,88.94624974036093,0,14.419366025924685,0.0021888971328735,0,0.0021888971328735,0,0,0
5.5,0,92.2,0,121.4161111111111,0,208.2,0,48.11597513607759,0,57.38726553916931,0.011498999595642,0,0.011498999595642,0,0,0
5.5,0,66.0,0,66.0,0,66.0,0,0.0,0,70.36589753627777,0.0012496948242187,0,0.0012496948242187,0,0,0
13.5,0,656.6,0,1479.5906183569612,0,2962.0,0,574.1985007828782,0,30.927580094337465,166521932.26656902,0,166521932.26656902,0,0,0
5.5,0,2286.5,0,1886.301388888889,0,3396.4,0,676.4241191785702,0,7.586643719673157,0.0014656066894531,0,0.0014656066894531,0,0,0
5.5,0,353.2,0,228.4692063492064,0,790.0,0,300.3913633571924,0,24.07477831840515,0.000926399230957,0,0.000926399230957,0,0,0
13.5,0,96.7,0,429.9766060362925,0,3390.0,0,864.0891667072474,0,4.464256834983826,166522825.4467765,0,166522825.4467765,0,0,0
5.5,0,62.3,0,59.38781746031746,0,78.3,0,9.48809935101303,0,18.375169372558595,0.0086483001708984,0,0.0086483001708984,0,0,0
5.5,0,1370.3,0,1440.748928571429,0,2672.4,0,716.5984222923352,0,54.871206641197205,0.0020272970199584,0,0.0020272970199584,0,0,0
5.5,0,1695.6,0,961.7581746031748,0,2684.4,0,917.3544678655836,0,37.43074011802673,0.0126353025436401,0,0.0126353025436401,0,0,0
13.5,0,1239.2,0,1075.522472383138,0,2962.0,0,993.0590523435988,0,12.606324577331543,166517461.2081243,0,166517461.2081243,0,0,0
13.5,0,66.0,0,92.28271614479432,0,230.0,0,58.82891427027509,0,14.691752672195436,166524228.3820464,0,166524228.3820464,0,0,0
5.5,0,217.5,0,503.0386904761905,0,1514.0,0,494.9170502509079,0,69.70207142829895,0.0068787097930908,0,0.0068787097930908,0,0,0
5.5,0,93.5,0,99.62162698412698,0,152.4,0,30.98515457286413,0,118.44917342662812,0.0196372985839843,0,0.0196372985839843,0,0,0
5.5,0,83.0,0,71.99960317460318,0,102.0,0,13.074798620881268,0,21.054522275924683,0.0072508096694946,0,0.0072508096694946,0,0,0
5.5,0,1514.0,0,1514.0,0,1514.0,0,0.0,0,46.1610919713974,0.0010971069335937,0,0.0010971069335937,0,0,0
5.5,0,542.1,0,598.5148015873017,0,1514.0,0,507.11399599845936,0,20.34114546775817,0.0067178964614868,0,0.0067178964614868,0,0,0
5.5,0,84.6,0,93.62130952380951,0,156.0,0,34.29260276283038,0,120.24860591888428,0.0251801013946533,0,0.0251801013946533,0,0,0
13.5,0,107.2,0,122.53041727407438,0,284.0,0,58.79905629656143,0,92.71872265338898,166524490.2507159,0,166524490.2507159,0,0,0
5.5,0,1079.6,0,1254.796507936508,0,2527.6,0,797.1758956191036,0,23.349355387687684,0.0005402088165283,0,0.0005402088165283,0,0,0
13.5,0,75.0,0,1137.2380336064002,0,2962.0,0,955.0426257401266,0,12.175759315490724,166522169.54547054,0,166522169.54547054,0,0,0
5.5,0,269.2,0,253.78003968253967,0,618.8,0,183.2726928741743,0,0.3915528297424316,0.0045090198516845,0,0.0045090198516845,0,0,0
5.5,0,117.8,0,156.0079365079365,0,218.0,0,46.62919026647898,0,98.59355375766754,0.0516420125961303,0,0.0516420125961303,0,0,0
5.5,0,1818.8,0,1256.8536507936508,0,2253.2,0,625.98650212566,0,15.147174978256226,0.0018598079681396,0,0.0018598079681396,0,0,0
13.5,0,148.2,0,84.42672546107144,0,294.2,0,56.12612996406142,0,3.653839254379272,166518086.9574319,0,166518086.9574319,0,0,0
5.5,0,114.5,0,84.61488095238096,0,196.5,0,41.815398454575295,0,34.99181489944458,0.001641297340393,0,0.001641297340393,0,0,0
5.5,0,999.9,0,1065.0679761904762,0,2044.5,0,640.1879597805116,0,54.9521684885025,0.0033612966537475,0,0.0033612966537475,0,0,0
13.5,0,90.6,0,87.95780005598118,0,218.0,0,43.562622020980456,0,65.12328066825867,166522860.37973028,0,166522860.37973028,0,0,0
13.5,0,1264.6,0,1736.276219814327,0,3447.0,0,824.9886290256484,0,45.07248959541321,166518415.92219692,0,166518415.92219692,0,0,0
13.5,0,91.0,0,112.12540925362909,0,230.0,0,68.39534736487518,0,40.87792050838471,166525281.2957997,0,166525281.2957997,0,0,0
13.5,0,279.1,0,476.6460112440879,0,1999.0,0,668.9029298264106,0,10.618381261825562,166518249.3633338,0,166518249.3633338,0,0,0
13.5,0,83.2,0,481.9299996413116,0,2922.0,0,819.3402039868008,0,45.77679500579834,166520912.8935263,0,166520912.8935263,0,0,0
13.5,0,66.0,0,1034.3809917980195,0,4410.0,0,1126.9237537694678,0,28.03409304618836,166520465.56586078,0,166520465.56586078,0,0,0
13.5,0,124.5,0,122.5095245934836,0,390.0,0,115.15105363727716,0,85.67683534622192,166521718.7876927,0,166521718.7876927,0,0,0
5.5,0,131.3,0,100.203373015873,0,295.0,0,77.90838747632911,0,59.26033589839936,0.0064325809478759,0,0.0064325809478759,0,0,0
13.5,0,673.7,0,1586.708252769762,0,4410.0,0,1491.5738058453271,0,34.83005828857422,166519302.90810683,0,166519302.90810683,0,0,0
13.5,0,1514.0,0,1649.1349728479297,0,4410.0,0,1284.2847945626404,0,22.88164956569672,166526291.488729,0,166526291.488729,0,0,0
5.5,0,66.0,0,66.0,0,66.0,0,0.0,0,94.99157826900482,0.0034881830215454,0,0.0034881830215454,0,0,0
5.5,0,83.9,0,88.18861111111111,0,111.0,0,12.299186705636917,0,0.1366863250732422,0.0056836128234863,0,0.0056836128234863,0,0,0
13.5,0,406.5,0,111.23433543408775,0,456.6,0,108.76623315107489,0,30.847942090034486,166520717.3175338,0,166520717.3175338,0,0,0
5.5,0,832.1,0,413.3032142857143,0,1578.0,0,529.6879127420005,0,49.33646273612976,0.0108299016952514,0,0.0108299016952514,0,0,0
5.5,0,106.5,0,129.74678571428572,0,300.9,0,88.44826901039616,0,47.57346951961517,0.0099786043167114,0,0.0099786043167114,0,0,0
5.5,0,229.2,0,205.7282936507937,0,351.3,0,118.78674692868984,0,42.259957504272464,0.0161583185195922,0,0.0161583185195922,0,0,0
13.5,0,203.6,0,113.4753506220302,0,368.3,0,102.6709427922036,0,15.930179142951966,166519386.3115749,0,166519386.3115749,0,0,0
13.5,0,624.4,0,196.5555678411716,0,2020.4,0,484.8858250999846,0,0.4552116394042969,166517699.5543968,0,166517699.5543968,0,0,0
5.5,0,1880.8,0,1878.8057142857144,0,2718.4,0,583.5487216184681,0,0.2301792860031128,0.0001675128936767,0,0.0001675128936767,0,0,0
5.5,0,67.9,0,69.66503968253969,0,83.1,0,6.596820746965501,0,20.00299046039581,0.0083123922348022,0,0.0083123922348022,0,0,0
13.5,0,193.5,0,207.953574638296,0,358.0,0,118.40762718568304,0,120.27662570476532,166525469.8109024,0,166525469.8109024,0,0,0
13.5,0,108.9,0,149.37512853632438,0,573.0,0,149.36950223455796,0,25.19764351844788,166518778.6179019,0,166518778.6179019,0,0,0
13.5,0,2267.7,0,586.5842925512741,0,4584.0,0,1179.387141402463,0,56.56156067848205,166522211.07616282,0,166522211.07616282,0,0,0
13.5,0,2119.6,0,2109.2150631287354,0,13098.0,0,2999.309916903319,0,36.92056007385254,166523441.05603352,0,166523441.05603352,0,0,0
13.5,0,85.0,0,68.14483660130719,0,105.6,0,8.783939008482113,0,34.83541898727417,166525416.5763101,0,166525416.5763101,0,0,0
5.5,0,543.7,0,999.1828174603176,0,1474.0,0,425.0811222090059,0,25.90918610095978,0.0027971029281616,0,0.0027971029281616,0,0,0
13.5,0,133.5,0,137.1866379213322,0,644.0,0,144.33859300211026,0,11.036169600486756,166517645.9458872,0,166517645.9458872,0,0,0
5.5,0,74.4,0,70.25071428571428,0,102.0,0,11.680117310684931,0,41.580536890029904,0.0182755947113037,0,0.0182755947113037,0,0,0
5.5,0,118.6,0,141.97464285714284,0,262.0,0,75.85686448868901,0,18.87089183330536,0.0097187995910644,0,0.0097187995910644,0,0,0
13.5,0,111.2,0,299.44706721726845,0,1773.0,0,529.1379153513412,0,80.1276640176773,166518888.73997492,0,166518888.73997492,0,0,0
13.5,0,512.6,0,162.14749419612036,0,868.4,0,211.4452123754964,0,11.301533126831057,166519363.13264132,0,166519363.13264132,0,0,0
13.5,0,75.0,0,1149.9290341323624,0,10202.0,0,2541.8188430413707,0,15.568301677703856,166520069.2755608,0,166520069.2755608,0,0,0
13.5,0,75.0,0,68.52319134984381,0,102.9,0,9.068502565879076,0,7.521813368797302,166521613.37404922,0,166521613.37404922,0,0,0
13.5,0,529.0,0,276.18332159799263,0,1915.2,0,469.5280219994968,0,51.462362146377565,166516319.2497992,0,166516319.2497992,0,0,0
13.5,0,66.0,0,66.0,0,66.0,0,0.0,0,33.6879536151886,166523441.20469362,0,166523441.20469362,0,0,0
13.5,0,75.8,0,75.38104942271352,0,156.0,0,26.063795136217884,0,55.17239246368408,166522345.7718395,0,166522345.7718395,0,0,0
13.5,0,818.0,0,261.19497443904567,0,1000.4,0,339.2800110428712,0,47.92620730400085,166524162.802434,0,166524162.802434,0,0,0
13.5,0,87.4,0,83.01024275260343,0,230.0,0,50.66646541548907,0,38.173515152931216,166525845.3113983,0,166525845.3113983,0,0,0
13.5,0,595.6,0,1365.066185686948,0,4410.0,0,1238.860420994242,0,22.31267876625061,166520916.35373288,0,166520916.35373288,0,0,0
5.5,0,644.0,0,975.246984126984,0,2962.0,0,1063.9006262765615,0,13.409665083885193,0.0002163887023925,0,0.0002163887023925,0,0,0
13.5,0,57.6,0,60.660432424472674,0,90.0,0,15.732238660700228,0,213.4758950948716,166526097.3329365,0,166526097.3329365,0,0,0
5.5,0,943.8,0,613.1146825396825,0,1224.4,0,552.5947980897553,0,8.231902027130127,0.0014724016189575,0,0.0014724016189575,0,0,0
13.5,0,246.5,0,1879.5820487222616,0,5858.0,0,1688.4621255540296,0,3.763411402702332,166523544.8148247,0,166523544.8148247,0,0,0
5.5,0,1803.6,0,2145.029206349206,0,2962.0,0,598.4892935325134,0,11.468589568138125,0.0046462059020996,0,0.0046462059020996,0,0,0
5.5,0,1660.7,0,2762.8392460317464,0,4410.0,0,1329.55024196216,0,47.08186550140381,0.0068099021911621,0,0.0068099021911621,0,0,0
13.5,0,355.6,0,861.735811824914,0,2962.0,0,885.6469094911114,0,29.65256628990173,166518954.15742162,0,166518954.15742162,0,0,0
13.5,0,68.2,0,65.51852845211204,0,120.0,0,15.313101434944452,0,24.955482506752013,166524093.2712287,0,166524093.2712287,0,0,0
5.5,0,169.3,0,362.6567063492064,0,1065.0,0,346.54598845313814,0,53.49410552978516,0.011836290359497,0,0.011836290359497,0,0,0
13.5,0,1514.0,0,1621.4715644902913,0,4410.0,0,965.3486541856756,0,28.17543182373047,166525533.9806884,0,166525533.9806884,0,0,0
5.5,0,55.2,0,53.89317460317461,0,58.2,0,3.76638530228727,0,48.3633207321167,0.0158801078796386,0,0.0158801078796386,0,0,0
5.5,0,149.2,0,131.90801587301587,0,346.3,0,92.33492072404506,0,0.0968863010406494,0.0098713874816894,0,0.0098713874816894,0,0,0
13.5,0,122.6,0,386.83306182422666,0,1514.0,0,556.3066497203974,0,0.9218679428100586,166524881.54414248,0,166524881.54414248,0,0,0
13.5,0,1224.4,0,558.7826445656167,0,1514.0,0,662.5096649060819,0,2.098848009109497,166524069.431532,0,166524069.431532,0,0,0
13.5,0,811.8,0,1011.294662319105,0,1567.5,0,680.9040760920163,0,50.65293798446656,166519365.5981801,0,166519365.5981801,0,0,0
13.5,0,126.4,0,113.46852573510084,0,230.0,0,55.38595283821907,0,40.327782201766965,166522034.49578428,0,166522034.49578428,0,0,0
13.5,0,1658.8,0,1724.1423023588038,0,2962.0,0,728.0106053423788,0,25.295429491996764,166520088.812575,0,166520088.812575,0,0,0
13.5,0,489.4,0,506.99096716922566,0,1494.0,0,616.715690991431,0,10.177442812919615,166521123.590726,0,166521123.590726,0,0,0
13.5,0,107.0,0,903.5110889368628,0,4410.0,0,1120.311932299324,0,81.2014262676239,166518542.2451831,0,166518542.2451831,0,0,0
13.5,0,1079.6,0,765.786297375655,0,1514.0,0,714.878250413899,0,28.12286159992218,166518876.6770682,0,166518876.6770682,0,0,0
13.5,0,1372.4,0,2113.0459522658284,0,5858.0,0,1408.083950603626,0,14.718202447891237,166520943.9055317,0,166520943.9055317,0,0,0
13.5,0,66.0,0,76.36595674921912,0,233.0,0,41.76615501627496,0,20.391502022743225,166521297.7979807,0,166521297.7979807,0,0,0
13.5,0,501.7,0,272.7542512441119,0,1315.2,0,433.5088301882259,0,2.069747877120972,166520656.8569371,0,166520656.8569371,0,0,0
5.5,0,685.4,0,1397.8329365079364,0,2962.0,0,844.1580567458255,0,43.11501247882843,0.0067051887512207,0,0.0067051887512207,0,0,0
13.5,0,548.4,0,181.9189487516268,0,754.8,0,252.4800606501564,0,14.036864686012269,166518415.80017698,0,166518415.80017698,0,0,0
13.5,0,525.7,0,412.8145113881647,0,4205.0,0,1052.7812822981646,0,51.28711709976197,166523986.6697097,0,166523986.6697097,0,0,0
5.5,0,145.4,0,131.89579365079368,0,266.8,0,86.98276836350212,0,50.73685028553009,0.0188549041748046,0,0.0188549041748046,0,0,0
13.5,0,934.8,0,183.6341693093628,0,1235.8,0,312.48151969280514,0,10.341121459007264,166526191.05779618,0,166526191.05779618,0,0,0
13.5,0,174.0,0,130.28695471281384,0,265.5,0,68.10323594785609,0,93.7650537967682,166524715.7727722,0,166524715.7727722,0,0,0
5.5,0,1658.8,0,1544.5688888888888,0,1803.6,0,88.94624974036093,0,23.20463740825653,0.0005172967910766,0,0.0005172967910766,0,0,0
13.5,0,71.7,0,80.83431124044515,0,214.0,0,44.67896890989799,0,63.16798806190491,166524040.81703442,0,166524040.81703442,0,0,0
13.5,0,97.1,0,96.3798591200681,0,230.0,0,56.94368556284676,0,73.49077084064484,166517222.6263885,0,166517222.6263885,0,0,0
5.5,0,780.8,0,750.3525396825397,0,2305.2,0,843.6942317478058,0,0.6964340686798096,9.620189666748048e-05,0,9.620189666748048e-05,0,0,0
5.5,0,643.4,0,616.6746031746031,0,1936.4,0,658.1744885600635,0,2.611393046379089,0.0039649009704589,0,0.0039649009704589,0,0,0
5.5,0,689.0,0,976.9807936507935,0,2683.0,0,1179.6873206642897,0,64.16773300170898,0.0054860115051269,0,0.0054860115051269,0,0,0
13.5,0,67.8,0,77.0695208085688,0,214.0,0,46.69424325808544,0,84.08650951385498,166518770.8887543,0,166518770.8887543,0,0,0
13.5,0,116.7,0,105.31738289015766,0,263.0,0,72.68319213769105,0,38.47756104469299,166518745.7974931,0,166518745.7974931,0,0,0
5.5,0,66.3,0,62.8665873015873,0,73.1,0,6.867493296330471,0,116.53404686450958,0.0083487033843994,0,0.0083487033843994,0,0,0
5.5,0,70.2,0,70.56087301587303,0,111.0,0,15.627830419745564,0,80.52980966567993,0.0126985073089599,0,0.0126985073089599,0,0,0
13.5,0,75.9,0,747.3064236301195,0,1514.0,0,707.4430093866804,0,59.59694681167603,166522671.62288502,0,166522671.62288502,0,0,0
5.5,0,1369.2,0,1476.5933333333337,0,2962.0,0,791.9969556562654,0,3.3419803380966187,0.0015393018722534,0,0.0015393018722534,0,0,0
13.5,0,507.0,0,1313.1869007385803,0,2962.0,0,868.9352679561528,0,62.98234307765961,166525558.86327988,0,166525558.86327988,0,0,0
5.5,0,2526.4,0,2385.5346031746035,0,5278.8,0,2102.9382696174684,0,25.648171424865723,0.0009282112121582,0,0.0009282112121582,0,0,0
5.5,0,1240.8,0,763.3792063492062,0,1948.4,0,669.4672769059032,0,15.906723570823669,0.0016978979110717,0,0.0016978979110717,0,0,0
5.5,0,241.6,0,547.87,0,1514.0,0,473.7249841108529,0,28.065548944473267,0.0052796125411987,0,0.0052796125411987,0,0,0
5.5,0,1166.8,0,928.7288888888888,0,1369.2,0,493.313851411253,0,29.45252628326416,0.0048051834106445,0,0.0048051834106445,0,0,0
13.5,0,73.8,0,71.0089754646798,0,147.0,0,19.848674566696324,0,22.512058711051942,166525764.75928748,0,166525764.75928748,0,0,0
13.5,0,790.0,0,713.4712358461973,0,1514.0,0,708.710681245115,0,22.22169950008392,166523064.76077208,0,166523064.76077208,0,0,0
