srcNumPackets,dstNumPackets,srcPayloadSize,dstPayloadSize,srcAvgPayloadSize,dstAvgPayloadSize,srcMaxPayloadSize,dstMaxPayloadSize,srcStdDevPayloadSize,dstStdDevPayloadSize,flowDuration,srcAvgInterarrivalTime,dstAvgInterarrivalTime,avgInterarrivalTime,srcStdDevInterarrivalTime,dstStdDevInterarrivalTime,stdDevInterarrivalTime
6,4,258,172,43,43,43,43,0,0,0.121478,24.2956,8.375,16.3353,30.177547,11.830604,21.0040755
14,38,734,42014,52,1106,52,1106,0,0,0.649902,49.915,15.432865,32.6739325,61.426934,1387.77833,724.6026320000001
8,16,364,13186,46,824,46,824,0,0,1.623129,231.875571,102.737203,167.306387,17179.58686,11420.92623,14300.256545
12,12,628,770,52,64,52,64,0,0,1.681642,152.876547,90.235726,121.5561365,259.080172,4991.784669,2625.4324205
10,6,534,268,53,45,53,45,0,0,0.449454,47.750333,75.659602,61.7049675,2415.837634,115.807,1265.8223169999999
10,6,534,268,53,45,53,45,0,0,0.380537,39.928778,52.241,46.084889000000004,2223.730342,82.5505,1153.1404209999998
10,8,534,354,53,44,53,44,0,0,0.637109,68.267778,81.137711,74.7027445,4286.82857,119.422719,2203.1256445
10,8,534,354,53,44,53,44,0,0,0.521584,55.794,66.054141,60.9240705,3770.580726,118.962633,1944.7716795000001
10,8,534,354,53,44,53,44,0,0,0.542905,60.210889,68.109,64.1599445,4060.625597,106.611547,2083.6185720000003
10,6,534,268,53,45,53,45,0,0,0.258687,27.505111,39.106801,33.305955999999995,1413.686415,57.200395,735.443405
12,6,4142,268,345,45,345,45,0,0,0.304853,25.948818,53.668801,39.8088095,1471.649189,80.404844,776.0270165
62,28,56329,2212,909,79,909,79,0,0,2.093085,34.312868,75.092445,54.7026565,3253.278833,106.113453,1679.696143
10,6,534,268,53,45,53,45,0,0,0.416952,45.088778,64.481199,54.7849885,2610.908343,99.860875,1355.384609
10,8,564,354,56,44,56,44,0,0,0.996221,110.691222,131.48,121.085611,6542.815197,202.433047,3372.624122
10,8,534,354,53,44,53,44,0,0,0.576755,64.083889,72.27157,68.1777295,4194.544962,116.493234,2155.5190979999998
2,0,138,0,69,0,69,0,0,0,2e-06,0.002,0.0,0.001,0.0,0.0,0.0
10,6,534,268,53,45,53,45,0,0,0.728252,80.916889,122.462203,101.689546,5333.802207,231.801797,2782.802002
10,8,860,1096,86,137,86,137,0,0,0.393556,43.728444,47.669145,45.698794500000005,2124.837873,71.805867,1098.32187
10,6,534,268,53,45,53,45,0,0,0.387852,38.119667,68.279203,53.199434999999994,2226.182762,105.440859,1165.8118104999999
10,8,534,354,53,44,53,44,0,0,0.53784,59.669444,68.351859,64.0106515,3893.395914,104.835672,1999.1157930000002
10,6,534,268,53,45,53,45,0,0,0.23372,25.968889,40.812,33.3904445,1300.719343,65.724688,683.2220155
10,6,998,268,100,45,100,45,0,0,0.338017,35.218111,56.579801,45.898956,1928.55071,82.022258,1005.286484
14,12,690,950,49,79,49,79,0,0,0.964656,74.204308,59.700727,66.9525175,3869.615403,65.75518,1967.6852915
10,6,738,268,74,45,74,45,0,0,0.449703,42.611222,67.666,55.138611,2352.173583,90.684992,1221.4292874999999
10,6,534,268,53,45,53,45,0,0,0.921025,98.922556,170.070203,134.4963795,6572.489441,298.921438,3435.7054395
10,8,534,354,53,44,53,44,0,0,0.600982,65.344556,78.634141,71.9893485,4216.405159,125.804047,2171.1046029999998
10,6,534,268,53,45,53,45,0,0,0.568945,59.910556,92.755203,76.33287949999999,2977.49563,131.706531,1554.6010804999999
10,6,2074,268,207,45,207,45,0,0,0.497636,49.544111,83.069602,66.30685650000001,2540.823927,112.737664,1326.7807954999998
10,8,1168,1040,117,130,117,130,0,0,0.546425,60.713889,71.65757,66.18572950000001,3133.151417,109.403391,1621.277404
2,0,1414,0,707,0,707,0,0,0,1.2e-05,0.012,0.0,0.006,0.0,0.0,0.0
10,16,822,12220,82,764,82,764,0,0,0.725996,80.666222,43.607801,62.1370115,5370.273866,3485.812422,4428.043144
10,6,1228,268,123,45,123,45,0,0,0.274605,27.216333,44.842199,36.029266,1456.62599,63.563766,760.094878
10,8,800,2260,80,283,80,283,0,0,0.337456,37.495111,41.27,39.3825555,1942.887532,76.181,1009.534266
2,0,168,0,84,0,84,0,0,0,2.5e-05,0.025,0.0,0.0125,0.0,0.0,0.0
10,6,988,268,99,45,99,45,0,0,0.296656,29.500444,53.551602,41.526023,1563.369632,76.617312,819.993472
14,12,1778,2968,127,247,127,247,0,0,0.647499,49.807614,52.24709,51.027352,2422.422884,68.094711,1245.2587975000001
2,0,168,0,84,0,84,0,0,0,1.5e-05,0.015,0.0,0.0075,0.0,0.0,0.0
10,8,564,354,56,44,56,44,0,0,0.783681,84.663556,106.731141,95.6973485,6241.06848,154.208047,3197.6382635
10,6,1016,268,102,45,102,45,0,0,0.354553,39.394778,52.857199,46.125988500000005,1895.865294,88.674758,992.2700259999999
10,6,754,268,75,45,75,45,0,0,0.288834,29.468,50.609801,40.0389005,1566.166959,76.929273,821.5481159999999
10,6,3040,268,304,45,304,45,0,0,0.318127,29.626778,59.385398,44.506088000000005,1522.987195,82.31157,802.6493825
10,10,842,1454,84,145,84,145,0,0,0.595373,66.152556,62.322445,64.23750050000001,4129.906205,117.233922,2123.5700635000003
2,0,168,0,84,0,84,0,0,0,8e-06,0.008,0.0,0.004,0.0,0.0,0.0
10,8,804,2714,80,339,80,339,0,0,0.340802,37.866889,45.631,41.7489445,1822.860903,66.711719,944.786311
10,10,792,3086,79,309,79,309,0,0,0.594195,66.021667,58.361,62.1913335,4451.298386,110.050344,2280.6743650000003
24,58,2690,71178,112,1227,112,1227,0,0,0.958877,41.690304,15.751719,28.7210115,2138.154793,1458.714405,1798.4345990000002
10,8,564,354,56,44,56,44,0,0,0.704664,76.234111,98.231859,87.232985,5812.375419,141.8495,2977.1124595
12,12,1282,5094,107,425,107,425,0,0,0.401005,36.454999,32.98891,34.721954499999995,1794.879161,2132.471836,1963.6754985000002
28,20,14984,1848,535,92,535,92,0,0,1.067039,39.519964,52.918262,46.219113,2221.144685,63.329293,1142.236989
2,0,168,0,84,0,84,0,0,0,1e-05,0.01,0.0,0.005,0.0,0.0,0.0
28,28,4160,3460,149,124,149,124,0,0,1.673507,61.981742,60.982742,61.482242,3190.604142,82.483266,1636.5437040000002
10,8,564,354,56,44,56,44,0,0,1.474306,163.811778,204.937281,184.3745295,13649.54187,362.163906,7005.852887999999
10,8,564,354,56,44,56,44,0,0,0.694488,77.165333,96.94757,87.05645150000001,5552.951794,141.950422,2847.4511079999997
2,2,56,92,28,46,28,46,0,0,39.666687,39666.52,39666.576,39666.547999999995,0.0,12.596281,6.2981405
2,0,168,0,84,0,84,0,0,0,2.4e-05,0.024,0.0,0.012,0.0,0.0,0.0
30,24,10894,3254,363,136,363,136,0,0,1.357879,46.823414,57.654305,52.238859500000004,2426.974451,68.500641,1247.737546
10,8,842,2476,84,310,84,310,0,0,0.304583,33.842556,41.000285,37.421420499999996,1683.322776,57.242027,870.2824015
1,0,46,0,46,0,46,0,0,0,0.0,0.0,0.0,0.0,0.0,0.0,0.0
1,0,46,0,46,0,46,0,0,0,0.0,0.0,0.0,0.0,0.0,0.0,0.0
2,0,168,0,84,0,84,0,0,0,1.1e-05,0.011,0.0,0.0055,0.0,0.0,0.0
12,8,3770,1328,314,166,314,166,0,0,0.28907,26.27909,39.47643,32.87776,1416.499449,52.725375,734.612412
10,8,564,354,56,44,56,44,0,0,0.679871,75.541222,94.366711,84.9539665,5546.176152,136.733156,2841.454654
10,8,564,354,56,44,56,44,0,0,0.707468,78.607556,99.727,89.16727800000001,5463.424421,138.143547,2800.7839839999997
10,8,942,354,94,44,94,44,0,0,0.448097,49.788556,62.07057,55.929563,3098.067305,119.923844,1608.9955745
10,10,860,4770,86,477,86,477,0,0,0.291859,32.428778,30.018667,31.2237225,1779.641099,2046.711796,1913.1764475
6,0,384,0,64,0,64,0,0,0,50.004398,10000.88,0.0,5000.44,0.0,0.0,0.0
6,0,384,0,64,0,64,0,0,0,50.004398,10000.88,0.0,5000.44,0.0,0.0,0.0
10,8,538,452,54,57,54,57,0,0,0.307031,31.763111,41.102,36.4325555,1734.422623,52.954508,893.6885655
12,24,866,22896,72,954,72,954,0,0,0.519983,47.271183,20.692217,33.981700000000004,3325.246588,2548.418838,2936.832713
2,2,56,92,28,46,28,46,0,0,42.044567,42043.472,42043.552,42043.512,0.0,0.0,0.0
10,8,564,354,56,44,56,44,0,0,3.934488,437.165333,559.896,498.53066649999994,28889.65817,868.563375,14879.1107725
2,0,1458,0,729,0,729,0,0,0,1.1e-05,0.011,0.0,0.0055,0.0,0.0,0.0
16,18,1540,1644,96,91,96,91,0,0,0.021412,1.406467,1.309,1.3577335,83.001485,2.212327,42.606906
2,0,1362,0,681,0,681,0,0,0,1.1e-05,0.011,0.0,0.0055,0.0,0.0,0.0
2,0,438,0,219,0,219,0,0,0,1e-05,0.01,0.0,0.005,0.0,0.0,0.0
4,4,184,112,46,28,46,28,0,0,30.984749,10328.249,10328.246,10328.2475,14606.326,14606.334,14606.33
2,0,938,0,469,0,469,0,0,0,1.1e-05,0.011,0.0,0.0055,0.0,0.0,0.0
2,0,636,0,318,0,318,0,0,0,1e-05,0.01,0.0,0.005,0.0,0.0,0.0
2,0,1260,0,630,0,630,0,0,0,1.1e-05,0.011,0.0,0.0055,0.0,0.0,0.0
2,0,970,0,485,0,485,0,0,0,1.1e-05,0.011,0.0,0.0055,0.0,0.0,0.0
2,0,1740,0,870,0,870,0,0,0,1.1e-05,0.011,0.0,0.0055,0.0,0.0,0.0
2,0,256,0,128,0,128,0,0,0,9e-06,0.009,0.0,0.0045,0.0,0.0,0.0
2,0,344,0,172,0,172,0,0,0,9e-06,0.009,0.0,0.0045,0.0,0.0,0.0
2,0,1096,0,548,0,548,0,0,0,1e-05,0.01,0.0,0.005,0.0,0.0,0.0
2,0,1784,0,892,0,892,0,0,0,8e-06,0.008,0.0,0.004,0.0,0.0,0.0
2,0,1548,0,774,0,774,0,0,0,1.1e-05,0.011,0.0,0.0055,0.0,0.0,0.0
2,0,206,0,103,0,103,0,0,0,9e-06,0.009,0.0,0.0045,0.0,0.0,0.0
2,0,1448,0,724,0,724,0,0,0,1e-05,0.01,0.0,0.005,0.0,0.0,0.0
2,0,232,0,116,0,116,0,0,0,9e-06,0.009,0.0,0.0045,0.0,0.0,0.0
2,0,352,0,176,0,176,0,0,0,9e-06,0.009,0.0,0.0045,0.0,0.0,0.0
2,0,986,0,493,0,493,0,0,0,1.1e-05,0.011,0.0,0.0055,0.0,0.0,0.0
36,22,24835,1772,690,81,690,81,0,0,0.989341,28.266886,46.337906,37.302396,1718.26,51.577031,884.9185155
2,0,926,0,463,0,463,0,0,0,1e-05,0.01,0.0,0.005,0.0,0.0,0.0
16,18,1540,1644,96,91,96,91,0,0,0.018501,1.211867,1.127375,1.169621,73.079229,2.273411,37.67632
2,0,174,0,87,0,87,0,0,0,1.2e-05,0.012,0.0,0.006,0.0,0.0,0.0
2,0,604,0,302,0,302,0,0,0,1.1e-05,0.011,0.0,0.0055,0.0,0.0,0.0
2,0,552,0,276,0,276,0,0,0,1e-05,0.01,0.0,0.005,0.0,0.0,0.0
22,24,1920,4312,87,180,87,180,0,0,37.578835,1789.45128,1633.831446,1711.641363,207537.6711,199563.4131,203550.54210000002
2,0,1754,0,877,0,877,0,0,0,1.1e-05,0.011,0.0,0.0055,0.0,0.0,0.0
2,0,742,0,371,0,371,0,0,0,1.1e-05,0.011,0.0,0.0055,0.0,0.0,0.0
14,18,1684,10168,120,565,120,565,0,0,33.787666,2599.023615,1987.476647,2293.250131,225330.8814,197173.1144,211251.99790000002
2,0,1858,0,929,0,929,0,0,0,1.2e-05,0.012,0.0,0.006,0.0,0.0,0.0
2,0,606,0,303,0,303,0,0,0,1e-05,0.01,0.0,0.005,0.0,0.0,0.0
14,18,1684,10168,120,565,120,565,0,0,23.275909,1790.427654,1369.137,1579.782327,156252.7219,136646.4574,146449.58965
2,0,1200,0,600,0,600,0,0,0,1.1e-05,0.011,0.0,0.0055,0.0,0.0,0.0
122,126,7816,15132,64,120,64,120,0,0,13.828278,115.23239,113.341987,114.2871885,15033.42143,14744.53016,14888.975795
2,0,1204,0,602,0,602,0,0,0,1e-05,0.01,0.0,0.005,0.0,0.0,0.0
2,0,674,0,337,0,337,0,0,0,1e-05,0.01,0.0,0.005,0.0,0.0,0.0
22,24,1920,4312,87,180,87,180,0,0,27.409573,1370.461425,1191.69087,1281.0761475,173234.0365,161548.5855,167391.311
2,0,2126,0,1063,0,1063,0,0,0,1.4e-05,0.014,0.0,0.007,0.0,0.0,0.0
2,0,1490,0,745,0,745,0,0,0,1.1e-05,0.011,0.0,0.0055,0.0,0.0,0.0
28,30,4656,3080,166,103,166,103,0,0,29.662262,1098.590185,1022.816937,1060.703561,129785.6774,3842.3895,66814.03345
2,0,290,0,145,0,145,0,0,0,9e-06,0.009,0.0,0.0045,0.0,0.0,0.0
14,18,1684,10168,120,565,120,565,0,0,36.942242,2841.684538,2173.038,2507.361269,244329.1769,213816.6204,229072.89865
2,0,1688,0,844,0,844,0,0,0,1.1e-05,0.011,0.0,0.0055,0.0,0.0,0.0
2,0,544,0,272,0,272,0,0,0,1e-05,0.01,0.0,0.005,0.0,0.0,0.0
16,18,1540,1644,96,91,96,91,0,0,0.022011,1.445867,1.346875,1.396371,87.704933,2.333182,45.019057499999995
2,0,1926,0,963,0,963,0,0,0,1.1e-05,0.011,0.0,0.0055,0.0,0.0,0.0
14,6,8928,320,638,53,638,53,0,0,0.006295,0.484231,1.141,0.8126155,25.986113,1.693297,13.839705
2,0,1646,0,823,0,823,0,0,0,1.1e-05,0.011,0.0,0.0055,0.0,0.0,0.0
2,0,2152,0,1076,0,1076,0,0,0,1.1e-05,0.011,0.0,0.0055,0.0,0.0,0.0
16,18,1540,1644,96,91,96,91,0,0,0.02173,1.427667,1.250412,1.3390395000000002,86.815465,2.353199,44.584332
2,0,216,0,108,0,108,0,0,0,9e-06,0.009,0.0,0.0045,0.0,0.0,0.0
2,0,2126,0,1063,0,1063,0,0,0,1.1e-05,0.011,0.0,0.0055,0.0,0.0,0.0
16,18,1540,1644,96,91,96,91,0,0,0.018574,1.217133,1.062823,1.1399780000000002,74.119468,2.133961,38.1267145
2,0,1140,0,570,0,570,0,0,0,1e-05,0.01,0.0,0.005,0.0,0.0,0.0
38,40,2438,18508,64,463,64,463,0,0,3.197673,86.412134,81.973027,84.19258049999999,6493.061447,6317.471476,6405.266461499999
2,0,1644,0,822,0,822,0,0,0,3.3e-05,0.033,0.0,0.0165,0.0,0.0,0.0
2,0,734,0,367,0,367,0,0,0,1e-05,0.01,0.0,0.005,0.0,0.0,0.0
16,18,1272,2572,80,143,80,143,0,0,9.29631,619.731575,544.41375,582.0726625,35579.84501,910.471,18245.158004999998
2,0,1020,0,510,0,510,0,0,0,1e-05,0.01,0.0,0.005,0.0,0.0,0.0
2,0,1422,0,711,0,711,0,0,0,1e-05,0.01,0.0,0.005,0.0,0.0,0.0
2,0,1756,0,878,0,878,0,0,0,1e-05,0.01,0.0,0.005,0.0,0.0,0.0
20,20,3346,1932,167,97,167,97,0,0,0.895857,47.150368,43.926316,45.538342,2245.281084,51.494273,1148.3876785
2,0,1702,0,851,0,851,0,0,0,1.1e-05,0.011,0.0,0.0055,0.0,0.0,0.0
2,0,1178,0,589,0,589,0,0,0,1.1e-05,0.011,0.0,0.0055,0.0,0.0,0.0
2,0,250,0,125,0,125,0,0,0,9e-06,0.009,0.0,0.0045,0.0,0.0,0.0
14,18,1684,10168,120,565,120,565,0,0,33.607136,2585.137231,1976.860529,2280.99888,266476.1166,233038.4229,249757.26975
2,0,1238,0,619,0,619,0,0,0,1e-05,0.01,0.0,0.005,0.0,0.0,0.0
2,0,1062,0,531,0,531,0,0,0,1.2e-05,0.012,0.0,0.006,0.0,0.0,0.0
2,2,56,92,28,46,28,46,0,0,33.018524,33017.562,33017.452,33017.507,0.0,8.126187,4.0630935
2,0,168,0,84,0,84,0,0,0,2.2e-05,0.022,0.0,0.011,0.0,0.0,0.0
2,0,942,0,471,0,471,0,0,0,1.1e-05,0.011,0.0,0.0055,0.0,0.0,0.0
16,18,1540,1644,96,91,96,91,0,0,0.020677,1.331067,1.261187,1.296127,81.904759,2.358459,42.131609
2,0,1058,0,529,0,529,0,0,0,1.1e-05,0.011,0.0,0.0055,0.0,0.0,0.0
16,18,1540,1644,96,91,96,91,0,0,0.016974,1.109733,0.970529,1.0401310000000001,75.29131,1.724881,38.508095499999996
2,0,618,0,309,0,309,0,0,0,1.1e-05,0.011,0.0,0.0055,0.0,0.0,0.0
2,0,814,0,407,0,407,0,0,0,1e-05,0.01,0.0,0.005,0.0,0.0,0.0
10,12,528,8824,53,735,53,735,0,0,0.004688,0.486444,0.382273,0.4343585,37.444563,21.901608,29.6730855
10,6,1056,268,106,45,106,45,0,0,0.260795,25.939,48.173,37.056,1299.385862,71.238094,685.3119780000001
10,6,1014,268,101,45,101,45,0,0,0.347786,35.729444,64.566199,50.1478215,1878.771897,97.52532,988.1486085
16,18,1540,1644,96,91,96,91,0,0,0.018515,1.212533,1.061412,1.1369725000000002,75.906309,1.981083,38.943695999999996
2,0,1938,0,969,0,969,0,0,0,1.1e-05,0.011,0.0,0.0055,0.0,0.0,0.0
2,0,1064,0,532,0,532,0,0,0,1e-05,0.01,0.0,0.005,0.0,0.0,0.0
2,0,1520,0,760,0,760,0,0,0,1.1e-05,0.011,0.0,0.0055,0.0,0.0,0.0
66,68,3910,51912,59,763,59,763,0,0,6.557166,100.874111,97.860164,99.3671375,6666.515093,183.136875,3424.825984
2,0,1774,0,887,0,887,0,0,0,1.2e-05,0.012,0.0,0.006,0.0,0.0,0.0
66,66,3910,51808,59,785,59,785,0,0,25.915651,404.926457,398.692344,401.80940050000004,70090.4649,2162.91175,36126.688325
2,0,2180,0,1090,0,1090,0,0,0,1.1e-05,0.011,0.0,0.0055,0.0,0.0,0.0
2,0,2120,0,1060,0,1060,0,0,0,1.1e-05,0.011,0.0,0.0055,0.0,0.0,0.0
78,80,4550,72810,58,910,58,910,0,0,30.612961,402.797537,392.465707,397.631622,79156.80472,78322.80814,78739.80643
2,0,168,0,84,0,84,0,0,0,9e-06,0.009,0.0,0.0045,0.0,0.0,0.0
14,18,1684,10168,120,565,120,565,0,0,34.247707,2634.410462,2014.537882,2324.474172,242370.3177,211958.1513,227164.23450000002
2,0,1660,0,830,0,830,0,0,0,1.1e-05,0.011,0.0,0.0055,0.0,0.0,0.0
2,0,2070,0,1035,0,1035,0,0,0,1.1e-05,0.011,0.0,0.0055,0.0,0.0,0.0
66,66,3910,51808,59,785,59,785,0,0,9.111047,140.164916,140.162047,140.1634815,8255.52786,239.185,4247.35643
2,0,1230,0,615,0,615,0,0,0,1.1e-05,0.011,0.0,0.0055,0.0,0.0,0.0
10,8,564,354,56,44,56,44,0,0,0.73477,75.935556,102.51943,89.22749300000001,5668.123494,135.444547,2901.7840205
14,18,1684,10168,120,565,120,565,0,0,36.448193,2803.680538,2143.975529,2473.8280335,243485.1069,213095.2719,228290.1894
2,0,2120,0,1060,0,1060,0,0,0,1.1e-05,0.011,0.0,0.0055,0.0,0.0,0.0
14,18,1684,10168,120,565,120,565,0,0,20.624125,1586.444885,1213.150882,1399.7978835,122127.7932,107783.8873,114955.84025000001
2,0,1254,0,627,0,627,0,0,0,1e-05,0.01,0.0,0.005,0.0,0.0,0.0
2,0,724,0,362,0,362,0,0,0,1.1e-05,0.011,0.0,0.0055,0.0,0.0,0.0
16,18,1540,1644,96,91,96,91,0,0,0.021388,1.403667,1.3075,1.3555835,88.016362,2.273641,45.1450015
2,0,1150,0,575,0,575,0,0,0,1.3e-05,0.013,0.0,0.0065,0.0,0.0,0.0
30,42,2302,34406,77,819,77,819,0,0,0.049922,1.710759,1.204415,1.457587,96.83678,74.481628,85.659204
2,0,1326,0,663,0,663,0,0,0,1e-05,0.01,0.0,0.005,0.0,0.0,0.0
16,18,1540,1644,96,91,96,91,0,0,0.021643,1.420067,1.245118,1.3325925,85.932859,2.453166,44.193012499999995
2,0,332,0,166,0,166,0,0,0,9e-06,0.009,0.0,0.0045,0.0,0.0,0.0
2,0,570,0,285,0,285,0,0,0,1e-05,0.01,0.0,0.005,0.0,0.0,0.0
8,10,1052,824,132,82,132,82,0,0,0.003869,0.504286,0.369111,0.4366985,31.813673,0.656866,16.2352695
2,0,1502,0,751,0,751,0,0,0,1e-05,0.01,0.0,0.005,0.0,0.0,0.0
2,0,1298,0,649,0,649,0,0,0,1.1e-05,0.011,0.0,0.0055,0.0,0.0,0.0
16,18,1540,1644,96,91,96,91,0,0,0.013285,0.8644,0.753294,0.808847,59.123106,1.355246,30.239176
2,0,1960,0,980,0,980,0,0,0,1.1e-05,0.011,0.0,0.0055,0.0,0.0,0.0
2,0,522,0,261,0,261,0,0,0,1e-05,0.01,0.0,0.005,0.0,0.0,0.0
2,0,406,0,203,0,203,0,0,0,9e-06,0.009,0.0,0.0045,0.0,0.0,0.0
2,0,1154,0,577,0,577,0,0,0,1.1e-05,0.011,0.0,0.0055,0.0,0.0,0.0
42,42,2662,23162,63,551,63,551,0,0,2.023064,50.566501,49.330367,49.948434000000006,3209.328193,87.269063,1648.298628
4,0,578,0,145,0,145,0,0,0,10.675254,3558.418,0.0,1779.209,5032.3505,0.0,2516.17525
2,0,1462,0,731,0,731,0,0,0,1e-05,0.01,0.0,0.005,0.0,0.0,0.0
2,2,132,164,66,82,66,82,0,0,0.001088,0.005,0.007,0.006,0.0,0.0,0.0
2,2,132,164,66,82,66,82,0,0,0.001186,0.015,0.011,0.013,0.0,0.0,0.0
4,4,528,304,132,76,132,76,0,0,0.001701,0.438667,0.208667,0.323667,0.614711,0.287323,0.451017
52,54,2934,3742,56,69,56,69,0,0,0.026584,0.5254,0.491717,0.5085585,36.871544,0.896762,18.884153
2,2,146,178,73,89,73,89,0,0,0.001061,0.009,0.007,0.008,0.0,0.0,0.0
2,2,132,164,66,82,66,82,0,0,0.001064,0.009,0.007,0.008,0.0,0.0,0.0
6,8,320,1826,53,228,53,228,0,0,0.003081,0.551,0.363857,0.4574285,30.809398,0.614728,15.712063
2,2,146,178,73,89,73,89,0,0,0.001115,0.009,0.007,0.008,0.0,0.0,0.0
4,4,568,312,142,78,142,78,0,0,0.004754,1.228,1.053,1.1404999999999998,1.728171,1.479267,1.603719
12,18,1580,10168,132,565,132,565,0,0,9.544028,867.607807,561.377518,714.4926625,55314.79017,39705.41152,47510.100845
2,2,146,178,73,89,73,89,0,0,0.001167,0.01,0.007,0.0085,0.0,0.0,0.0
14,18,1684,10168,120,565,120,565,0,0,12.95513,996.519885,762.032882,879.2763835000001,71257.9053,62243.2061,66750.5557
4,4,568,312,142,78,142,78,0,0,0.004846,1.264333,1.075667,1.17,1.778846,1.511323,1.6450844999999998
24,26,2024,4416,84,170,84,170,0,0,27.244581,1184.532185,1089.756125,1137.144155,140503.9431,4120.34775,72312.145425
4,4,528,304,132,76,132,76,0,0,0.001754,0.464,0.215,0.3395,0.649124,0.298402,0.47376300000000005
2,2,146,178,73,89,73,89,0,0,0.001253,0.009,0.006,0.0075,0.0,0.0,0.0
122,126,7816,15132,64,120,64,120,0,0,32.345036,269.539,260.842764,265.190882,68694.5801,67577.02929,68135.804695
2,2,132,164,66,82,66,82,0,0,0.00106,0.015,0.011,0.013,0.0,0.0,0.0
64,66,3806,51808,59,785,59,785,0,0,36.747131,583.282136,565.329538,574.305837,110598.7111,108896.7095,109747.7103
2,2,130,162,65,81,65,81,0,0,0.001162,0.009,0.007,0.008,0.0,0.0,0.0
2,2,130,162,65,81,65,81,0,0,0.001195,0.023,0.011,0.017,0.0,0.0,0.0
2,2,146,178,73,89,73,89,0,0,0.001146,0.009,0.006,0.0075,0.0,0.0,0.0
2,2,146,178,73,89,73,89,0,0,0.001003,0.009,0.002,0.0055,0.0,0.0,0.0
2,2,146,178,73,89,73,89,0,0,0.001146,0.009,0.006,0.0075,0.0,0.0,0.0
16,18,1540,1644,96,91,96,91,0,0,0.020663,1.356133,1.188353,1.272243,85.397259,2.24167,43.8194645
2,2,132,164,66,82,66,82,0,0,0.001115,0.008,0.007,0.0075,0.0,0.0,0.0
2,2,132,164,66,82,66,82,0,0,0.001153,0.009,0.007,0.008,0.0,0.0,0.0
8,10,1052,824,132,82,132,82,0,0,0.004034,0.525429,0.388333,0.456881,33.451131,0.688493,17.069812
2,2,132,164,66,82,66,82,0,0,0.001094,0.009,0.007,0.008,0.0,0.0,0.0
2,2,132,164,66,82,66,82,0,0,0.001065,0.009,0.007,0.008,0.0,0.0,0.0
62,58,5928,8010,96,138,96,138,0,0,0.047744,0.795733,0.870333,0.833033,125.534049,0.0,62.7670245
2,2,132,164,66,82,66,82,0,0,0.001215,0.009,0.007,0.008,0.0,0.0,0.0
2,2,132,164,66,82,66,82,0,0,0.001157,0.008,0.007,0.0075,0.0,0.0,0.0
2,2,146,178,73,89,73,89,0,0,0.001128,0.009,0.007,0.008,0.0,0.0,0.0
2,2,132,164,66,82,66,82,0,0,0.001274,0.009,0.007,0.008,0.0,0.0,0.0
16,18,1540,1644,96,91,96,91,0,0,0.018716,1.224667,1.060941,1.142804,73.670957,2.028417,37.849687
4,4,568,312,142,78,142,78,0,0,0.004739,1.215,1.058667,1.1368335,1.704843,1.485161,1.595002
2,2,146,178,73,89,73,89,0,0,0.00124,0.009,0.007,0.008,0.0,0.0,0.0
40,42,2558,23162,64,551,64,551,0,0,1.375854,35.270153,33.530123,34.400138,2820.506405,2750.717551,2785.611978
2,2,146,178,73,89,73,89,0,0,0.001151,0.009,0.007,0.008,0.0,0.0,0.0
2,2,132,164,66,82,66,82,0,0,0.001074,0.01,0.007,0.0085,0.0,0.0,0.0
4,4,528,304,132,76,132,76,0,0,0.001673,0.428667,0.197667,0.31316700000000003,0.600569,0.272472,0.4365205
40,44,2558,23266,64,529,64,529,0,0,2.151973,55.170794,50.034905,52.602849500000005,3548.72242,3377.750613,3463.2365165
4,4,528,304,132,76,132,76,0,0,0.001677,0.432333,0.206,0.3191665,0.606462,0.284257,0.44535949999999996
4,4,568,312,142,78,142,78,0,0,0.004855,1.261333,1.058,1.1596665000000002,1.775311,1.487045,1.631178
30,42,2302,34406,77,819,77,819,0,0,0.051862,1.776448,1.283025,1.5297365,103.280917,83.52547,93.4031935
2,2,146,178,73,89,73,89,0,0,0.001063,0.009,0.007,0.008,0.0,0.0,0.0
4,4,568,312,142,78,142,78,0,0,0.004659,1.202667,1.035,1.1188335,1.691636,1.453812,1.572724
78,80,4550,72810,58,910,58,910,0,0,28.652739,372.108564,362.682297,367.3954305,70000.63326,69113.27362,69556.95344000001
2,2,132,164,66,82,66,82,0,0,0.00109,0.008,0.007,0.0075,0.0,0.0,0.0
2,2,146,178,73,89,73,89,0,0,0.001066,0.009,0.007,0.008,0.0,0.0,0.0
64,66,3806,51808,59,785,59,785,0,0,38.24205,616.802141,588.327369,602.564755,114042.3239,111623.7138,112833.01885
2,2,146,178,73,89,73,89,0,0,0.001053,0.01,0.007,0.0085,0.0,0.0,0.0
16,18,1272,2572,80,143,80,143,0,0,12.364369,824.268383,727.275688,775.7720354999999,44964.91112,1132.95175,23048.931435
2,2,132,164,66,82,66,82,0,0,0.001171,0.009,0.006,0.0075,0.0,0.0,0.0
4,4,528,304,132,76,132,76,0,0,0.001715,0.449667,0.202,0.3258335,0.628854,0.279313,0.4540835
28,30,4656,3080,166,103,166,103,0,0,13.069224,484.033542,450.644875,467.33920850000004,36140.12122,1017.934813,18579.0280165
2,2,130,162,65,81,65,81,0,0,0.00108,0.009,0.006,0.0075,0.0,0.0,0.0
2,2,146,178,73,89,73,89,0,0,0.00113,0.007,0.007,0.007,0.0,0.0,0.0
16,18,1540,1644,96,91,96,91,0,0,0.023688,1.558,1.367,1.4625,91.33466,2.683582,47.009121
4,4,528,304,132,76,132,76,0,0,0.001894,0.488333,0.266667,0.3775,0.684951,0.35468,0.5198155
16,18,1540,1644,96,91,96,91,0,0,0.020192,1.395214,1.233688,1.314451,80.583814,2.250003,41.416908500000005
16,18,1540,1644,96,91,96,91,0,0,0.020369,1.337067,1.171,1.2540335,82.920909,2.151021,42.535965
4,4,520,304,130,76,130,76,0,0,0.002178,0.543,0.303333,0.4231665,0.762261,0.420494,0.5913775
2,2,132,164,66,82,66,82,0,0,0.001169,0.009,0.007,0.008,0.0,0.0,0.0
28,30,4256,3080,152,103,152,103,0,0,2.725309,100.924261,93.95693,97.4405955,6250.484391,166.060531,3208.272461
4,4,568,312,142,78,142,78,0,0,0.005086,1.342333,1.112333,1.227333,1.889155,1.563177,1.726166
38,40,2438,18508,64,463,64,463,0,0,2.298727,62.116027,58.927359,60.521693,4989.925018,4859.211976,4924.568497
4,4,568,304,142,76,142,76,0,0,0.005417,1.463333,1.277667,1.3705,2.060982,1.796287,1.9286345
2,2,132,164,66,82,66,82,0,0,0.001119,0.009,0.007,0.008,0.0,0.0,0.0
4,4,520,304,130,76,130,76,0,0,1.481234,357.014344,204.7,280.857172,504.883906,289.487406,397.185656
4,4,568,304,142,76,142,76,0,0,0.004583,1.223333,0.991333,1.1073330000000001,1.721571,1.392765,1.5571679999999999
4,4,520,304,130,76,130,76,0,0,0.001706,0.441,0.199667,0.3203335,0.617305,0.276015,0.44666
28,30,4256,3080,152,103,152,103,0,0,6.732094,249.323289,231.764859,240.544074,13555.25212,343.285531,6949.268825499999
2,2,146,178,73,89,73,89,0,0,0.001133,0.009,0.007,0.008,0.0,0.0,0.0
4,4,568,312,142,78,142,78,0,0,0.004767,1.232,1.037333,1.1346665,1.723942,1.454284,1.589113
42,42,2662,23162,63,551,63,551,0,0,3.01618,73.557491,73.551563,73.55452700000001,4436.376413,119.288,2277.8322064999998
2,2,132,164,66,82,66,82,0,0,0.001123,0.009,0.007,0.008,0.0,0.0,0.0
4,4,528,304,132,76,132,76,0,0,0.001664,0.439,0.195333,0.3171665,0.613061,0.269887,0.441474
2,2,146,178,73,89,73,89,0,0,0.001162,0.007,0.007,0.007,0.0,0.0,0.0
4,4,568,304,142,76,142,76,0,0,3.218253,1054.024,1031.937312,1042.980656,1490.6065,1459.374125,1474.9903125
4,4,520,304,130,76,130,76,0,0,0.001627,0.427,0.185,0.306,0.598212,0.253854,0.426033
2,2,146,178,73,89,73,89,0,0,0.001196,0.01,0.007,0.0085,0.0,0.0,0.0
64,66,3806,51808,59,785,59,785,0,0,20.90617,337.19062,326.648525,331.9195725,43872.90762,43170.65189,43521.779754999996
4,4,528,304,132,76,132,76,0,0,0.001746,0.451,0.218,0.3345,0.630739,0.30194,0.4663395
12,18,1580,10168,132,565,132,565,0,0,32.718201,2974.348773,1924.567574,2449.4581735,229096.1991,182546.1156,205821.15735
4,4,568,304,142,76,142,76,0,0,0.004427,1.174667,0.973333,1.0739999999999998,1.652746,1.365895,1.5093205
4,4,568,312,142,78,142,78,0,0,0.004808,1.253333,1.061,1.1571665,1.763997,1.489874,1.6269355
16,18,1272,2572,80,143,80,143,0,0,24.986576,1665.7486,1469.761375,1567.7549875,164807.2924,4670.2095,84738.75095
2,2,146,178,73,89,73,89,0,0,0.001172,0.04,0.008,0.024,0.0,0.0,0.0
2,2,132,164,66,82,66,82,0,0,0.00109,0.009,0.007,0.008,0.0,0.0,0.0
64,66,3806,51808,59,785,59,785,0,0,16.004122,254.028744,246.207354,250.11804899999998,28590.31015,28165.17969,28377.74492
2,2,132,164,66,82,66,82,0,0,0.001126,0.009,0.007,0.008,0.0,0.0,0.0
2,2,146,178,73,89,73,89,0,0,0.001205,0.034,0.007,0.0205,0.0,0.0,0.0
16,18,1540,1644,96,91,96,91,0,0,0.023745,1.562,1.369,1.4655,89.284313,2.613007,45.94866
2,2,146,178,73,89,73,89,0,0,0.001087,0.01,0.008,0.009000000000000001,0.0,0.0,0.0
2,2,132,164,66,82,66,82,0,0,0.001059,0.009,0.007,0.008,0.0,0.0,0.0
2,2,132,164,66,82,66,82,0,0,0.001108,0.009,0.007,0.008,0.0,0.0,0.0
2,2,146,178,73,89,73,89,0,0,0.000945,0.009,0.004,0.0065,0.0,0.0,0.0
2,2,130,162,65,81,65,81,0,0,0.001143,0.033,0.007,0.02,0.0,0.0,0.0
2,2,130,162,65,81,65,81,0,0,0.001064,0.009,0.007,0.008,0.0,0.0,0.0
2,2,130,162,65,81,65,81,0,0,0.001062,0.009,0.007,0.008,0.0,0.0,0.0
2,2,132,164,66,82,66,82,0,0,0.001106,0.034,0.008,0.021,0.0,0.0,0.0
6,8,320,1862,53,233,53,233,0,0,0.047405,9.4152,6.705429,8.0603145,657.199204,16.071998,336.635601
2,2,132,164,66,82,66,82,0,0,0.00114,0.009,0.008,0.0085,0.0,0.0,0.0
12,18,1580,10168,132,565,132,565,0,0,7.157289,650.628625,420.834224,535.7314245,43355.95024,34565.398,38960.674119999996
2,2,132,164,66,82,66,82,0,0,0.001084,0.009,0.007,0.008,0.0,0.0,0.0
38,40,2438,18508,64,463,64,463,0,0,1.492512,41.450057,38.256538,39.8532975,2960.188343,2846.687598,2903.4379705
2,2,132,164,66,82,66,82,0,0,0.001122,0.008,0.007,0.0075,0.0,0.0,0.0
2,2,132,164,66,82,66,82,0,0,0.001139,0.009,0.007,0.008,0.0,0.0,0.0
42,42,2662,23162,63,551,63,551,0,0,1.817553,44.321901,44.316977,44.319439,2474.094102,64.591297,1269.3426995
2,2,132,164,66,82,66,82,0,0,0.001068,0.009,0.007,0.008,0.0,0.0,0.0
2,2,146,178,73,89,73,89,0,0,0.001095,0.01,0.007,0.0085,0.0,0.0,0.0
16,18,1540,1644,96,91,96,91,0,0,0.018902,1.237933,1.085177,1.161555,81.518557,2.010701,41.764629
2,2,146,178,73,89,73,89,0,0,0.001088,0.009,0.007,0.008,0.0,0.0,0.0
2,2,132,164,66,82,66,82,0,0,0.00112,0.008,0.007,0.0075,0.0,0.0,0.0
2,2,132,164,66,82,66,82,0,0,0.001237,0.01,0.007,0.0085,0.0,0.0,0.0
2,2,146,178,73,89,73,89,0,0,0.000905,0.003,0.005,0.004,0.0,0.0,0.0
2,2,132,164,66,82,66,82,0,0,0.001098,0.01,0.008,0.009000000000000001,0.0,0.0,0.0
4,4,568,312,142,78,142,78,0,0,0.004801,1.260333,1.063667,1.162,1.773897,1.494352,1.6341245
16,18,1540,1644,96,91,96,91,0,0,0.020122,1.319267,1.155235,1.237251,79.919475,2.167663,41.043569000000005
4,4,528,304,132,76,132,76,0,0,0.001754,0.454667,0.206,0.3303335,0.633806,0.284267,0.45903649999999996
2,2,132,164,66,82,66,82,0,0,0.001098,0.01,0.008,0.009000000000000001,0.0,0.0,0.0
12,18,1580,10168,132,565,132,565,0,0,2.80467,254.938097,164.951706,209.94490150000001,16525.88528,13119.53402,14822.709649999999
2,2,146,178,73,89,73,89,0,0,0.001077,0.009,0.008,0.0085,0.0,0.0,0.0
40,42,2558,23162,64,551,64,551,0,0,2.560419,65.643381,62.437123,64.04025200000001,0.0,3615.58737,1807.793685
2,2,130,162,65,81,65,81,0,0,0.001121,0.009,0.008,0.0085,0.0,0.0,0.0
4,4,568,304,142,76,142,76,0,0,0.004492,1.208,0.978333,1.0931665,1.699886,1.372258,1.5360719999999999
78,80,4550,72810,58,910,58,910,0,0,3.411082,44.29344,43.170226,43.731832999999995,2760.108771,2722.915209,2741.51199
4,4,520,304,130,76,130,76,0,0,0.001695,0.444,0.197,0.3205,0.621546,0.270828,0.446187
22,24,1920,4312,87,180,87,180,0,0,17.582338,837.196875,764.421098,800.8089865,72203.0848,69105.84358,70654.46419
2,2,146,178,73,89,73,89,0,0,0.001158,0.009,0.008,0.0085,0.0,0.0,0.0
2,2,132,164,66,82,66,82,0,0,0.00111,0.009,0.007,0.008,0.0,0.0,0.0
16,18,1540,1644,96,91,96,91,0,0,0.023796,1.5656,1.372706,1.469153,93.307715,2.580644,47.944179500000004
4,4,528,304,132,76,132,76,0,0,0.001646,0.428333,0.185,0.3066665,0.598684,0.255977,0.4273305
2,2,146,178,73,89,73,89,0,0,0.001098,0.01,0.007,0.0085,0.0,0.0,0.0
2,2,132,164,66,82,66,82,0,0,0.001045,0.009,0.001,0.004999999999999999,0.0,0.0,0.0
4,4,568,312,142,78,142,78,0,0,0.004625,1.198333,1.015333,1.106833,1.685508,1.426706,1.556107
2,2,132,164,66,82,66,82,0,0,0.001077,0.009,0.007,0.008,0.0,0.0,0.0
122,126,7810,14540,64,115,64,115,0,0,1.506241,12.548967,12.142701,12.345834,834.927642,825.4155,830.171571
2,2,146,178,73,89,73,89,0,0,0.00118,0.008,0.007,0.0075,0.0,0.0,0.0
2,2,146,178,73,89,73,89,0,0,0.001135,0.009,0.007,0.008,0.0,0.0,0.0
80,80,4654,72810,58,910,58,910,0,0,18.724417,237.013919,237.010094,237.01200649999998,31387.71933,965.103813,16176.4115715
2,2,132,164,66,82,66,82,0,0,0.001104,0.008,0.007,0.0075,0.0,0.0,0.0
64,68,3806,51912,59,763,59,763,0,0,31.971268,507.475433,491.855985,499.665709,91203.52329,89812.58326,90508.053275
2,2,132,164,66,82,66,82,0,0,0.001131,0.009,0.007,0.008,0.0,0.0,0.0
2,2,132,164,66,82,66,82,0,0,0.0011,0.009,0.007,0.008,0.0,0.0,0.0
4,4,568,312,142,78,142,78,0,0,2.375381,783.337,778.009688,780.673344,1107.804375,1100.264,1104.0341875
4,4,568,312,142,78,142,78,0,0,0.004601,1.186333,1.021,1.1036665,1.669245,1.434719,1.5519820000000002
30,42,2302,34406,77,819,77,819,0,0,0.052992,1.879714,1.279878,1.579796,100.223404,77.157055,88.6902295
2,2,130,162,65,81,65,81,0,0,0.001052,0.008,0.007,0.0075,0.0,0.0,0.0
4,4,528,304,132,76,132,76,0,0,0.001678,0.440667,0.197667,0.319167,0.616834,0.273187,0.4450105
16,18,1540,1644,96,91,96,91,0,0,0.02366,1.5578,1.364823,1.4613114999999999,91.629688,2.656685,47.1431865
2,2,146,178,73,89,73,89,0,0,0.001084,0.009,0.007,0.008,0.0,0.0,0.0
2,2,130,162,65,81,65,81,0,0,0.001088,0.009,0.006,0.0075,0.0,0.0,0.0
16,18,1540,1644,96,91,96,91,0,0,0.01981,1.2964,1.137471,1.2169355,75.332115,2.176126,38.7541205
2,2,130,162,65,81,65,81,0,0,0.001088,0.009,0.006,0.0075,0.0,0.0,0.0
2,2,146,178,73,89,73,89,0,0,0.001086,0.008,0.007,0.0075,0.0,0.0,0.0
8,10,1052,824,132,82,132,82,0,0,0.00391,0.508,0.374778,0.44138900000000003,32.479421,0.656635,16.568028
2,2,146,178,73,89,73,89,0,0,0.001089,0.009,0.007,0.008,0.0,0.0,0.0
2,2,146,178,73,89,73,89,0,0,0.001015,0.008,0.005,0.006500000000000001,0.0,0.0,0.0
2,2,146,178,73,89,73,89,0,0,0.001052,0.009,0.006,0.0075,0.0,0.0,0.0
16,18,1540,1644,96,91,96,91,0,0,0.336135,22.382733,22.373801,22.378267,1869.911184,57.181262,963.546223
8,10,1052,824,132,82,132,82,0,0,1.816583,245.212857,201.781672,223.4972645,20127.74191,528.553937,10328.1479235
8,10,1052,824,132,82,132,82,0,0,4.593804,656.095,510.360125,583.2275625,52750.16679,1442.10975,27096.138270000003
8,10,1052,824,132,82,132,82,0,0,15.048877,2149.6665,1672.03525,1910.8508749999999,179296.3829,4721.9385,92009.1607
8,10,1052,824,132,82,132,82,0,0,0.005026,0.669,0.465556,0.5672780000000001,42.802739,0.92355,21.8631445
8,10,1052,824,132,82,132,82,0,0,5.535771,789.546732,615.023125,702.2849285,64496.12397,1696.72525,33096.42461
8,10,1052,824,132,82,132,82,0,0,20.262241,2894.550786,2251.29925,2572.925018,242102.8288,6366.823,124234.8259
16,18,1540,1644,96,91,96,91,0,0,0.013982,0.9098,0.795706,0.8527530000000001,62.361358,1.410088,31.885723000000002
8,10,1052,824,132,82,132,82,0,0,23.945032,3420.597214,2660.495,3040.546107,285603.7858,7517.3625,146560.57415
14,18,1684,10168,120,565,120,565,0,0,25.834202,1987.219846,1519.627118,1753.4234820000001,157652.685,138820.3369,148236.51095
8,10,1052,824,132,82,132,82,0,0,25.146973,3592.336,3143.2995,3367.81775,299911.2116,8308.2,154109.7058
8,10,1052,824,132,82,132,82,0,0,27.286858,3895.967286,3031.80525,3463.886268,322916.7532,8511.368,165714.0606
78,80,4550,72810,58,910,58,910,0,0,27.771465,365.409851,356.035986,360.7229185,65650.81959,65230.74239,65440.78099
6,8,320,1862,53,233,53,233,0,0,0.003074,0.5494,0.373714,0.461557,30.325684,0.622734,15.474209
12,18,1580,10168,132,565,132,565,0,0,11.087223,1007.895136,652.157364,830.02625,65450.51492,40766.38297,53108.448945
16,18,1540,1644,96,91,96,91,0,0,0.051153,3.630214,2.973294,3.301754,220.084428,6.339149,113.2117885
16,18,1540,1644,96,91,96,91,0,0,0.021784,1.430733,1.254118,1.3424255,85.061443,2.322652,43.6920475
8,10,1052,824,132,82,132,82,0,0,0.037412,5.295286,0.807111,3.0511985,377.454291,1.552096,189.5031935
6,8,320,1862,53,233,53,233,0,0,0.004117,0.7036,0.452143,0.5778715,37.548757,0.733449,19.141103
16,18,1540,1644,96,91,96,91,0,0,0.015255,0.995667,0.868588,0.9321275,66.283497,1.609834,33.9466655
8,10,1052,824,132,82,132,82,0,0,10.646811,1520.897821,1182.917,1351.9074105,126732.2549,3338.382,65035.31845
8,10,1052,824,132,82,132,82,0,0,10.38414,1483.396321,1153.728375,1318.562348,124031.1594,3262.72675,63646.943075
16,18,1540,1644,96,91,96,91,0,0,0.020997,1.379,1.283375,1.3311875,85.736362,2.418452,44.077407
8,10,1052,824,132,82,132,82,0,0,12.061894,1722.965107,1507.668625,1615.3168660000001,144075.897,3987.87,74031.8835
8,10,1052,824,132,82,132,82,0,0,2.525565,360.637295,280.556438,320.59686650000003,25723.08801,743.325312,13233.206661
30,42,2302,34406,77,819,77,819,0,0,0.044805,1.588643,1.080317,1.33448,87.37791,69.611008,78.494459
8,10,1052,824,132,82,132,82,0,0,17.435793,2489.55,2179.405,2334.4775,206729.3831,5725.044,106227.21355
8,10,1052,824,132,82,132,82,0,0,15.600839,2228.539714,1733.3655,1980.9526070000002,185054.6564,4869.584,94962.1202
2,2,132,164,66,82,66,82,0,0,0.000948,0.005,0.004,0.0045000000000000005,0.0,0.0,0.0
8,10,1052,824,132,82,132,82,0,0,0.759727,108.370717,84.352219,96.361468,6420.486458,198.054203,3309.2703305
16,18,1540,1644,96,91,96,91,0,0,0.014717,0.957467,0.839235,0.8983509999999999,61.85966,1.59777,31.728714999999998
2,2,132,164,66,82,66,82,0,0,0.001081,0.009,0.007,0.008,0.0,0.0,0.0
16,18,1540,1644,96,91,96,91,0,0,0.020925,1.374333,1.204353,1.2893430000000001,87.281109,2.270592,44.7758505
30,42,2302,34406,77,819,77,819,0,0,0.048775,1.671172,1.178146,1.4246590000000001,92.643234,75.538313,84.09077350000001
52,42,37358,3380,718,80,718,80,0,0,0.0939,1.87116,2.276683,2.0739215,224.493004,7.529771,116.01138750000001
40,42,2558,23162,64,551,64,551,0,0,1.046089,26.811692,25.50017,26.155931000000002,1722.679633,1684.448179,1703.5639059999999
40,42,2558,23162,64,551,64,551,0,0,2.013725,51.624257,49.089658,50.3569575,3608.260935,3514.374446,3561.3176905
38,40,2438,18508,64,463,64,463,0,0,0.999452,27.753583,26.286658,27.020120499999997,1785.664496,1733.516318,1759.5904070000001
8,10,1052,824,132,82,132,82,0,0,0.004015,0.524429,0.383222,0.4538255,33.299226,0.677635,16.9884305
30,42,2302,34406,77,819,77,819,0,0,0.047493,1.624931,1.147268,1.3860994999999998,93.572105,73.266249,83.41917699999999
16,18,1540,1644,96,91,96,91,0,0,0.01939,1.271667,1.113177,1.192422,77.274875,2.307691,39.791283
30,42,2302,34406,77,819,77,819,0,0,0.047875,1.698179,1.155171,1.426675,96.681936,75.436282,86.059109
2,2,132,164,66,82,66,82,0,0,0.001038,0.008,0.007,0.0075,0.0,0.0,0.0
2,2,146,178,73,89,73,89,0,0,0.000964,0.006,0.001,0.0035,0.0,0.0,0.0
40,42,2558,23162,64,551,64,551,0,0,2.880126,73.841381,70.232657,72.037019,4401.136188,4300.198631,4350.6674095
80,80,4654,72810,58,910,58,910,0,0,3.596807,45.525026,45.514355,45.519690499999996,0.0,70.03318,35.01659
14,18,1684,10168,120,565,120,565,0,0,6.05719,465.910702,378.508758,422.20973000000004,25568.77856,23050.32192,24309.550239999997
64,66,3806,51808,59,785,59,785,0,0,10.591283,173.622136,162.463677,168.04290650000002,10520.96784,10189.81492,10355.391380000001
40,42,2558,23162,64,551,64,551,0,0,1.510575,38.724718,36.814538,37.769628,0.0,2275.288335,1137.6441675
80,80,4654,72810,58,910,58,910,0,0,4.116069,52.764513,52.094316,52.4294145,3805.810479,107.662742,1956.7366105
22,26,1920,4416,87,170,87,170,0,0,7.040866,335.26028,293.343574,314.301927,18919.42946,17700.89862,18310.16404
28,30,4256,3080,152,103,152,103,0,0,33.829559,1252.934611,1166.517375,1209.725993,141085.4562,4158.59875,72622.027475
8,10,1052,824,132,82,132,82,0,0,0.004136,0.538286,0.402444,0.47036500000000003,35.176431,0.635406,17.905918500000002
14,6,8928,320,638,53,638,53,0,0,0.225914,17.378,45.054199,31.2160995,1594.655182,68.677148,831.666165
16,18,1540,1644,96,91,96,91,0,0,0.021484,1.410533,1.314437,1.362485,86.976468,2.590114,44.783291
16,18,1540,1644,96,91,96,91,0,0,0.024553,1.615133,1.417177,1.516155,104.868636,2.677825,53.7732305
16,18,1540,1644,96,91,96,91,0,0,0.02198,1.443267,1.265,1.3541335,88.528737,2.442985,45.485861
14,18,1684,10168,120,565,120,565,0,0,20.419357,1570.694885,1201.106941,1385.900913,114641.3037,100333.0051,107487.1544
16,18,1272,2572,80,143,80,143,0,0,22.590464,1613.579446,1328.81775,1471.198598,124634.975,3321.0365,63978.005750000004
66,66,3910,51808,59,785,59,785,0,0,40.088387,616.739595,626.366688,621.5531415,112584.6262,3540.85325,58062.739725
16,18,1540,1644,96,91,96,91,0,0,0.020968,1.377333,1.206353,1.291843,84.736518,2.437806,43.587162
62,60,5928,8114,96,135,96,135,0,0,0.012278,0.201279,0.19969,0.2004845,14.572593,0.0,7.2862965
2,2,132,164,66,82,66,82,0,0,0.001081,0.009,0.007,0.008,0.0,0.0,0.0
16,18,1540,1644,96,91,96,91,0,0,0.019678,1.291933,1.20125,1.2465915,78.916196,2.171153,40.5436745
16,18,1540,1644,96,91,96,91,0,0,0.015863,1.036333,0.906294,0.9713134999999999,64.052591,1.76558,32.9090855
16,18,1540,1644,96,91,96,91,0,0,0.039762,2.629933,2.310823,2.470378,161.981814,4.354134,83.167974
16,18,1540,1644,96,91,96,91,0,0,0.021522,1.414067,1.238,1.3260334999999999,87.878402,2.484958,45.18168
16,18,1540,1644,96,91,96,91,0,0,0.055841,3.7026,3.244177,3.4733885,294.822496,6.696638,150.759567
16,18,1540,1644,96,91,96,91,0,0,0.02085,1.367,1.198118,1.282559,84.5066,2.494021,43.500310500000005
16,18,1540,1644,96,91,96,91,0,0,0.034695,2.454429,2.008882,2.2316555,145.392651,3.697788,74.5452195
80,80,4654,72810,58,910,58,910,0,0,8.358165,107.151306,105.792227,106.4717665,6452.494512,172.975375,3312.7349435
16,18,1540,1644,96,91,96,91,0,0,0.316452,21.045866,19.749312,20.397589,1935.760142,51.192953,993.4765475
16,18,1540,1644,96,91,96,91,0,0,0.336492,22.3782,22.401199,22.3896995,1571.764582,58.090688,814.927635
40,44,2558,23266,64,529,64,529,0,0,8.072535,212.426344,192.18003,202.30318699999998,15955.63591,15167.14957,15561.39274
8,10,1052,824,132,82,132,82,0,0,3.944821,563.434,438.248125,500.8410625,46433.77063,1231.118625,23832.4446275
8,10,1052,824,132,82,132,82,0,0,19.551943,2792.9665,2172.37275,2482.669625,233197.4314,6137.5195,119667.47545
8,10,1052,824,132,82,132,82,0,0,26.962067,3851.666714,3370.17875,3610.922732,320480.3865,8915.475,164697.93075
16,18,1540,1644,96,91,96,91,0,0,0.021388,1.404867,1.306625,1.355746,84.253725,2.69609,43.4749075
8,10,1052,824,132,82,132,82,0,0,7.922174,1131.686821,880.177312,1005.9320665,93420.88028,2488.86725,47954.873765
8,10,1052,824,132,82,132,82,0,0,20.70825,2958.254786,2300.855,2629.554893,246191.8276,6478.4505,126335.13905
16,18,1540,1644,96,91,96,91,0,0,0.016671,1.0366,0.941824,0.989212,70.81247,1.59988,36.206175
8,10,1052,824,132,82,132,82,0,0,23.651051,3378.407929,2956.31175,3167.3598395,282175.2598,7813.7245,144994.49215
64,66,3806,51808,59,785,59,785,0,0,9.699057,153.947739,149.206923,151.57733100000002,13032.37014,12835.20354,12933.78684
8,10,1052,824,132,82,132,82,0,0,28.828426,4118.159286,3203.09425,3660.626768,341647.7473,9003.947,175325.84715
8,10,1052,824,132,82,132,82,0,0,26.382019,3768.685571,2931.273,3349.9792855,313349.2686,8281.3245,160815.29655
14,18,1684,10168,120,565,120,565,0,0,27.777418,2136.696077,1633.933294,1885.3146855,180043.5552,157451.8161,168747.68565
8,10,1052,824,132,82,132,82,0,0,26.421759,3774.382,2935.687,3355.0344999999998,308468.9874,8259.9415,158364.46445
14,18,1684,10168,120,565,120,565,0,0,37.552643,2888.637769,2208.945882,2548.7918255,245353.1532,214563.2979,229958.22555
8,10,1052,824,132,82,132,82,0,0,24.754965,3536.256571,2750.49025,3143.3734105,295369.4952,7773.1385,151571.31685
8,10,1052,824,132,82,132,82,0,0,25.60334,3657.559143,2844.755,3251.1570715,304849.6441,8045.021,156447.33255
38,40,2438,18508,64,463,64,463,0,0,4.131323,114.750277,105.918259,110.33426800000001,6947.511056,6673.820753,6810.6659045
8,10,1052,824,132,82,132,82,0,0,27.934828,3990.568857,3103.8035,3547.1861785,333396.188,8771.822,171084.005
8,10,1052,824,132,82,132,82,0,0,27.807951,3972.389143,3089.70675,3531.0479465,330972.897,8736.139,169854.518
8,10,1052,824,132,82,132,82,0,0,4.717783,673.810161,589.650625,631.730393,50759.6567,1491.46425,26125.560475
16,18,1540,1644,96,91,96,91,0,0,0.020999,1.378333,1.208412,1.2933725,85.006054,2.373628,43.689841
8,10,1052,824,132,82,132,82,0,0,6.473834,924.680143,719.249312,821.9647275,74191.99039,1987.722875,38089.85663250001
2,2,132,164,66,82,66,82,0,0,0.000995,0.009,0.001,0.004999999999999999,0.0,0.0,0.0
8,10,1052,824,132,82,132,82,0,0,9.046863,1292.325571,1005.143312,1148.7344415,107611.1904,2835.24725,55223.218825
8,10,1052,824,132,82,132,82,0,0,13.135003,1876.317,1459.384375,1667.8506875,156518.1143,4121.4325,80319.77339999999
4,4,520,304,130,76,130,76,0,0,0.267148,49.989332,68.373336,59.18133399999999,70.686398,96.692375,83.6893865
16,18,1540,1644,96,91,96,91,0,0,0.044338,2.933533,2.538941,2.736237,211.558694,4.931244,108.244969
16,18,1540,1644,96,91,96,91,0,0,0.137088,9.766714,7.999059,8.8828865,656.152082,16.430443,336.29126249999996
16,18,1540,1644,96,91,96,91,0,0,0.024577,1.732786,1.385941,1.5593635,109.348099,2.524582,55.9363405
16,18,1540,1644,96,91,96,91,0,0,0.055922,3.706,2.1975,2.9517499999999997,224.107793,4.079957,114.093875
28,30,4656,3080,166,103,166,103,0,0,2.59414,96.067146,89.426273,92.7467095,5835.26558,154.016687,2994.6411335000003
8,10,1052,824,132,82,132,82,0,0,1.88813,269.666286,209.728,239.697143,18521.6265,516.703437,9519.1649685
78,80,4550,72810,58,910,58,910,0,0,1.944026,25.243039,24.916539,25.079788999999998,1430.439632,1421.410363,1425.9249975
8,10,1052,824,132,82,132,82,0,0,4.983738,711.902446,553.683875,632.7931605,56485.74283,1565.365125,29025.5539775
8,10,1052,824,132,82,132,82,0,0,14.469889,2066.963143,1607.70225,1837.3326965,167632.5124,4499.3505,86065.93145
28,30,4656,3080,166,103,166,103,0,0,3.253368,120.483373,112.168031,116.325702,7305.38387,192.903906,3749.1438879999996
8,10,1052,824,132,82,132,82,0,0,16.039806,2291.230643,1782.136875,2036.683759,189836.3426,4992.6485,97414.49555
8,10,1052,824,132,82,132,82,0,0,14.552946,2078.835214,1616.930625,1847.8829195,173441.1393,4566.067,89003.60315000001
16,18,1540,1644,96,91,96,91,0,0,0.019593,1.285933,1.195375,1.2406540000000001,78.42675,2.197267,40.3120085
8,10,1052,824,132,82,132,82,0,0,21.291956,3041.254214,2365.713,2703.483607,252067.437,6632.703,129350.07
28,42,2198,34406,79,819,79,819,0,0,0.591411,25.696261,14.400171,20.048216,2049.99605,1018.995107,1534.4955785000002
16,18,1540,1644,96,91,96,91,0,0,0.019434,1.273733,1.116,1.1948665,78.290524,2.217963,40.2542435
16,18,1540,1644,96,91,96,91,0,0,0.052618,3.4848,2.997177,3.2409885000000003,214.550158,6.245452,110.397805
30,42,2302,34406,77,819,77,819,0,0,0.05079,1.802464,1.226976,1.51472,106.011693,82.628665,94.320179
8,12,424,8824,53,735,53,735,0,0,0.10533,14.996286,10.4878,12.742042999999999,1238.244456,651.054257,944.6493565
2,2,146,178,73,89,73,89,0,0,0.011321,0.001,0.004,0.0025,0.0,0.0,0.0
16,18,1540,1644,96,91,96,91,0,0,0.021549,1.415867,1.237235,1.326551,88.816797,2.417425,45.617110999999994
30,42,2302,34406,77,819,77,819,0,0,0.454346,16.213536,11.347275,13.7804055,1223.171059,683.723733,953.447396
16,18,1540,1644,96,91,96,91,0,0,0.020847,1.369,1.275125,1.3220625,84.841574,2.528458,43.685016
16,18,1540,1644,96,91,96,91,0,0,0.029078,1.891667,1.677471,1.7845689999999998,119.456123,3.414985,61.435554
2,2,146,178,73,89,73,89,0,0,0.00113,0.009,0.007,0.008,0.0,0.0,0.0
16,18,1540,1644,96,91,96,91,0,0,0.020875,1.370933,1.277625,1.324279,86.21942,2.477135,44.3482775
8,10,1052,824,132,82,132,82,0,0,3.130886,446.959,347.814,397.3865,36885.59306,971.070438,18928.331749
8,10,1052,824,132,82,132,82,0,0,6.411868,915.815821,712.364687,814.090254,75375.73328,1985.4035,38680.56839
16,18,1540,1644,96,91,96,91,0,0,0.0154,1.003267,0.878647,0.9409569999999999,71.231692,1.494805,36.3632485
2,2,132,164,66,82,66,82,0,0,0.079377,0.001,0.002,0.0015,0.0,0.0,0.0
16,18,1540,1644,96,91,96,91,0,0,0.032227,2.1266,1.866235,1.9964175,141.506935,3.847336,72.6771355
16,18,1540,1644,96,91,96,91,0,0,0.024026,1.581,1.386177,1.4835885,107.581712,2.55235,55.067031
16,18,1540,1644,96,91,96,91,0,0,0.043076,2.8496,2.441,2.6452999999999998,167.245071,4.886773,86.065922
16,18,1540,1644,96,91,96,91,0,0,0.135786,9.027867,8.432937,8.730402000000002,762.830986,19.855072,391.343029
2,2,132,164,66,82,66,82,0,0,0.000995,0.009,0.001,0.004999999999999999,0.0,0.0,0.0
16,18,1540,1644,96,91,96,91,0,0,0.034333,2.428143,1.986412,2.2072775,147.34502,3.642658,75.49383900000001
16,18,1272,2572,80,143,80,143,0,0,23.243399,1549.479483,1367.2225,1458.3509915,131594.5078,3666.108,67630.3079
16,18,1540,1644,96,91,96,91,0,0,0.336271,22.395734,19.714588,21.055161,1564.734255,55.718313,810.2262840000001
16,18,1540,1644,96,91,96,91,0,0,0.056394,3.7392,3.290647,3.5149235,260.027341,7.985131,134.006236
14,18,1684,10168,120,565,120,565,0,0,28.188702,2168.332231,1658.127706,1913.2299684999998,199225.9331,174230.3455,186728.13929999998
16,18,1540,1644,96,91,96,91,0,0,0.33715,22.388401,20.996125,21.692263,1864.198493,55.376789,959.787641
66,66,3910,51808,59,785,59,785,0,0,34.104462,524.678603,532.871867,528.775235,91461.49131,92179.07154,91820.281425
8,10,1052,824,132,82,132,82,0,0,19.801479,2828.722929,2200.10075,2514.4118395,235493.7183,6222.2735,120857.99590000001
12,18,1580,10168,132,565,132,565,0,0,36.139256,3285.356136,2125.804875,2705.5805055,259617.3552,207768.7816,233693.0684
8,10,1052,824,132,82,132,82,0,0,25.852339,3693.129571,2872.421,3282.7752855,306210.0084,8103.472,157156.7402
8,10,1052,824,132,82,132,82,0,0,11.913296,1701.835179,1323.6395,1512.7373395,141283.081,3742.64675,72512.86387500001
8,10,1052,824,132,82,132,82,0,0,10.449902,1741.430458,1306.16725,1523.7988540000001,134394.0046,3448.60025,68921.30242499999
8,10,1052,824,132,82,132,82,0,0,10.784481,1540.577143,1198.2175,1369.3973215,128825.2407,3388.603,66106.92185
12,18,1580,10168,132,565,132,565,0,0,12.340065,1121.791159,725.853818,923.8224885000001,69999.95458,48046.06637,59023.010475
8,10,1052,824,132,82,132,82,0,0,14.488957,2069.684786,1811.050875,1940.3678304999999,170838.0946,4726.429,87782.26180000001
8,10,1052,824,132,82,132,82,0,0,18.180914,2586.396214,2020.04,2303.2181069999997,212696.1196,5643.3665,109169.74305
12,18,1580,10168,132,565,132,565,0,0,34.377533,3125.199591,2022.173368,2573.6864795,237771.6869,190559.0389,214165.3629
8,10,1052,824,132,82,132,82,0,0,22.306393,3186.561143,2478.428,2832.4945715,263076.7886,6966.223,135021.5058
16,18,1540,1644,96,91,96,91,0,0,0.053293,3.529667,3.080177,3.304922,219.863482,6.267646,113.06556400000001
80,80,4654,72810,58,910,58,910,0,0,18.962536,243.104751,240.023828,241.5642895,30325.06326,922.210938,15623.637099
8,10,1052,824,132,82,132,82,0,0,0.297023,42.373857,32.937777,37.655817,2541.715389,92.031336,1316.8733625
16,18,1540,1644,96,91,96,91,0,0,0.176146,11.6696,10.296883,10.9832415,1129.458806,21.98565,575.7222280000001
16,18,1272,2572,80,143,80,143,0,0,28.248602,1883.21715,1661.64125,1772.4292,164768.6806,4604.1785,84686.42955
8,10,1052,824,132,82,132,82,0,0,2.453791,350.112143,272.579437,311.34578999999997,28665.69454,763.25525,14714.474895
52,54,2934,3740,56,69,56,69,0,0,0.837592,17.087246,15.79,16.438623,1445.530712,52.685105,749.1079085
8,10,1052,824,132,82,132,82,0,0,4.551819,649.950411,505.696344,577.8233775,53914.8824,1423.00325,27668.942825000002
8,10,1052,824,132,82,132,82,0,0,5.063952,723.240411,562.598313,642.919362,57620.39359,1536.475125,29578.4343575
8,12,424,8824,53,735,53,735,0,0,0.22424,31.98957,20.325273,26.157421499999998,2161.978358,1720.005808,1940.9920829999999
8,10,1052,824,132,82,132,82,0,0,5.347891,763.867696,594.147,679.0073480000001,63368.69124,1673.574125,32521.1326825
8,10,1052,824,132,82,132,82,0,0,15.087037,2153.133786,1676.274875,1914.7043305,176010.9604,4664.723,90337.8417
8,10,1052,824,132,82,132,82,0,0,0.004312,0.566714,0.418556,0.49263500000000005,37.200024,0.672145,18.9360845
8,10,1052,824,132,82,132,82,0,0,14.920791,2131.387643,1657.802,1894.5948214999999,176732.3766,4654.5775,90693.47705
8,10,1052,824,132,82,132,82,0,0,0.004174,0.546714,0.406778,0.476746,35.777022,0.733044,18.255033
8,10,1052,824,132,82,132,82,0,0,14.650163,2092.694143,1831.198625,1961.946384,174350.7694,4837.6715,89594.22045
2,2,132,164,66,82,66,82,0,0,0.000964,0.009,0.005,0.006999999999999999,0.0,0.0,0.0
8,10,1052,824,132,82,132,82,0,0,22.281981,3179.538643,2475.7145,2827.6265715,264454.1966,6992.8185,135723.50755
8,10,1052,824,132,82,132,82,0,0,3.733983,533.108875,414.823875,473.96637499999997,40879.61154,1123.423875,21001.5177075
8,10,1052,824,132,82,132,82,0,0,0.004064,0.531,0.375,0.453,32.975221,0.650575,16.812898
8,10,1052,824,132,82,132,82,0,0,4.947737,706.648018,618.393875,662.5209465,58633.79525,1627.547125,30130.6711875
8,10,1052,824,132,82,132,82,0,0,7.554888,1258.953479,839.365437,1049.159458,97062.39088,2370.24775,49716.319315
38,40,2438,18508,64,463,64,463,0,0,2.740653,74.063136,70.259177,72.1611565,5081.902522,4933.911148,5007.906835
8,10,1052,824,132,82,132,82,0,0,11.30189,1614.409143,1255.705125,1435.0571340000001,130232.5749,3466.20825,66849.391575
42,44,2662,23266,63,529,63,529,0,0,1.763818,44.087575,41.983617,43.035596,2359.352478,59.621086,1209.486782
8,10,1052,824,132,82,132,82,0,0,10.194882,1456.259,1132.704625,1294.4818125000002,119444.1011,3144.38425,61294.242675
8,10,1052,824,132,82,132,82,0,0,12.33295,1761.740857,1370.2675,1566.0041784999999,146885.1797,3867.564,75376.37185000001
40,42,2558,23162,64,551,64,551,0,0,2.576283,67.78724,62.802878,65.295059,4493.219484,4328.91458,4411.067032
8,10,1052,824,132,82,132,82,0,0,17.284084,2469.104929,2160.4455,2314.7752145,204514.4263,5715.267,105114.84664999999
40,42,2558,23162,64,551,64,551,0,0,4.027159,108.833326,98.209684,103.52150499999999,5806.68724,5518.550538,5662.618889
8,10,1052,824,132,82,132,82,0,0,21.321171,3553.3075,2368.96,2961.13375,270864.409,6624.6045,138744.50675
8,12,424,8824,53,735,53,735,0,0,0.051626,7.324,4.647727,5.9858635,521.818242,317.176748,419.497495
16,18,1540,1644,96,91,96,91,0,0,0.051863,3.681643,3.016765,3.3492040000000003,218.730571,6.394166,112.5623685
2,2,132,164,66,82,66,82,0,0,0.001096,0.009,0.007,0.008,0.0,0.0,0.0
40,42,2558,23162,64,551,64,551,0,0,1.676878,42.988514,40.887047,41.9377805,2846.305404,2773.943914,2810.124659
16,18,1540,1644,96,91,96,91,0,0,0.041816,2.966429,2.583563,2.774996,173.423982,4.956041,89.1900115
16,18,1540,1644,96,91,96,91,0,0,0.118535,7.879333,6.920529,7.3999310000000005,611.253004,16.389018,313.821011
52,42,37230,3380,716,80,716,80,0,0,0.027014,0.5334,0.64539,0.589395,30.754894,1.229787,15.992340500000001
16,18,1540,1644,96,91,96,91,0,0,0.117827,8.3945,6.872471,7.633485500000001,630.654681,16.387828,323.5212545
8,10,1052,824,132,82,132,82,0,0,28.579126,4082.67,3175.39025,3629.030125,338346.1543,8947.017,173646.58565
6,8,320,1862,53,233,53,233,0,0,0.003478,0.6324,0.324,0.47819999999999996,31.899659,0.527793,16.213726
8,10,1052,824,132,82,132,82,0,0,14.920791,2131.387643,1657.802,1894.5948214999999,176732.3766,4654.5775,90693.47705
16,18,1540,1644,96,91,96,91,0,0,0.020914,1.373933,1.203118,1.2885255,88.412864,2.236192,45.324528
8,10,1052,824,132,82,132,82,0,0,27.286858,3895.967286,3031.80525,3463.886268,322916.7532,8511.368,165714.0606
3,3,138,84,46,28,46,28,0,0,30.370993,15185.494,15185.481,15185.4875,15185.421,15185.411,15185.416000000001
28,30,4256,3080,152,103,152,103,0,0,28.524345,1056.025898,983.580187,1019.8030425000001,107654.6527,3134.55975,55394.606225
16,18,1540,1644,96,91,96,91,0,0,0.906254,60.394068,53.107941,56.75100449999999,4206.373308,122.982305,2164.6778065
16,18,1540,1644,96,91,96,91,0,0,0.681786,45.380334,42.563563,43.971948499999996,2794.605115,80.928164,1437.7666394999999
24,24,2024,4312,84,180,84,180,0,0,38.359707,1667.797158,1667.78325,1667.790204,186235.9418,5659.184,95947.5629
16,18,1540,1644,96,91,96,91,0,0,1.1553,76.997932,67.894766,72.446349,8647.504952,190.452641,4418.9787965
14,18,1684,10168,120,565,120,565,0,0,36.549416,2811.467462,2149.933588,2480.700525,232671.4645,203534.2165,218102.8405
16,18,1540,1644,96,91,96,91,0,0,0.859491,61.368859,48.51675,54.9428045,4654.353926,102.043211,2378.1985685
16,18,1540,1644,96,91,96,91,0,0,1.244199,81.537136,77.691438,79.614287,5482.890789,166.833891,2824.86234
80,80,4654,72810,58,910,58,910,0,0,13.401156,169.630931,169.62721,169.6290705,10508.2184,10663.51878,10585.86859
16,18,1540,1644,96,91,96,91,0,0,1.090581,72.683998,68.093375,70.3886865,5674.527655,143.676656,2909.1021554999998
16,18,1540,1644,96,91,96,91,0,0,0.699538,46.614999,39.709313,43.162155999999996,2861.3554,86.942031,1474.1487155
16,18,1540,1644,96,91,96,91,0,0,0.705106,46.933067,39.637648,43.2853575,2769.098868,80.039336,1424.569102
14,18,1684,10168,120,565,120,565,0,0,12.144221,934.143135,758.977465,846.5603000000001,74854.49085,67427.15118,71140.821015
16,18,1540,1644,96,91,96,91,0,0,0.793434,52.868401,45.830625,49.349513,3332.771531,78.211414,1705.4914724999999
52,54,2934,3740,56,69,56,69,0,0,0.027979,0.564653,0.527615,0.5461339999999999,45.808544,1.190129,23.4993365
16,18,1540,1644,96,91,96,91,0,0,0.604703,40.292734,30.026766,35.15975,2892.129657,116.956648,1504.5431525
14,6,8928,320,638,53,638,53,0,0,0.008028,0.617538,1.4848,1.051169,35.042929,2.662175,18.852552
30,42,2302,34406,77,819,77,819,0,0,0.606509,22.450518,14.778659,18.6145885,1861.653656,1508.697884,1685.1757699999998
16,18,1540,1644,96,91,96,91,0,0,0.021074,1.380533,1.211647,1.29609,92.822131,2.091526,47.4568285
16,18,1540,1644,96,91,96,91,0,0,1.529894,101.9192,87.645,94.7821,6768.0781,173.880547,3470.9793234999997
16,18,1540,1644,96,91,96,91,0,0,1.442145,89.199464,79.52382,84.361642,6129.438763,156.814125,3143.126444
8,10,1052,824,132,82,132,82,0,0,0.003869,0.504143,0.372222,0.43818250000000003,32.319439,0.672378,16.495908500000002
16,18,1540,1644,96,91,96,91,0,0,1.002244,64.207534,61.87525,63.041392,4820.234417,103.621383,2461.9278999999997
30,42,2302,34406,77,819,77,819,0,0,0.046092,1.634893,1.112317,1.373605,91.118244,68.723559,79.9209015
6,8,320,1826,53,228,53,228,0,0,0.410978,81.9788,55.705,68.84190000000001,5103.092382,126.427813,2614.7600975
16,18,1540,1644,96,91,96,91,0,0,0.898092,59.816532,52.797883,56.307207500000004,4314.993455,130.671078,2222.8322665
16,18,1540,1644,96,91,96,91,0,0,0.019312,1.266533,1.108941,1.1877369999999998,77.294105,2.211913,39.753009
16,18,1540,1644,96,91,96,91,0,0,1.142646,76.153064,65.46175,70.807407,4751.185864,126.462633,2438.8242485
16,18,1540,1644,96,91,96,91,0,0,1.23469,88.169568,72.561352,80.36546,5915.048481,134.825844,3024.9371625
14,18,1684,10168,120,565,120,565,0,0,1.964015,151.05238,115.477824,133.265102,12150.71217,10634.14363,11392.4279
16,18,1540,1644,96,91,96,91,0,0,0.872159,58.071733,51.238,54.6548665,3705.422736,90.756508,1898.089622
26,42,2094,34406,81,819,81,819,0,0,1.392015,55.663479,33.925465,44.794472,3270.006296,2543.837086,2906.921691
16,18,1540,1644,96,91,96,91,0,0,0.939115,62.532667,62.569801,62.551233999999994,4079.59019,113.052758,2096.321474
28,30,4256,3080,152,103,152,103,0,0,3.277369,121.370256,112.994586,117.182421,6420.983712,159.955641,3290.4696765
16,18,1540,1644,96,91,96,91,0,0,0.804833,53.632601,45.124812,49.3787065,4126.969893,164.798766,2145.8843295
40,42,2558,23162,64,551,64,551,0,0,7.676308,196.81728,187.195241,192.0062605,11679.04053,11391.27785,11535.15919
16,18,1540,1644,96,91,96,91,0,0,0.905766,60.310134,56.58175,58.445942,4230.629266,126.623258,2178.6262619999998
16,18,1540,1644,96,91,96,91,0,0,0.854126,60.977712,52.88525,56.931481,3903.892349,100.966844,2002.4295965000001
2,2,146,178,73,89,73,89,0,0,0.000965,0.001,0.008,0.0045000000000000005,0.0,0.0,0.0
16,18,1540,1644,96,91,96,91,0,0,1.413361,94.201735,78.949586,86.5756605,5242.708226,128.161531,2685.4348784999997
2,2,146,178,73,89,73,89,0,0,0.00335,0.001,0.002,0.0015,0.0,0.0,0.0
16,18,1540,1644,96,91,96,91,0,0,0.776257,51.685467,40.067824,45.8766455,3106.753612,83.958508,1595.35606
16,18,1540,1644,96,91,96,91,0,0,1.503188,107.219574,85.587586,96.40358,6360.84285,155.517422,3258.180136
2,2,130,162,65,81,65,81,0,0,0.001034,0.008,0.007,0.0075,0.0,0.0,0.0
16,18,1540,1644,96,91,96,91,0,0,0.939342,62.600267,55.224648,58.9124575,4014.14768,112.827687,2063.4876835
8,12,424,8824,53,735,53,735,0,0,0.005913,0.790571,0.495818,0.6431945,46.578868,24.978846,35.778857
26,42,2094,34406,81,819,81,819,0,0,1.576438,65.669211,36.224634,50.9469225,4571.024544,2467.906935,3519.4657395
16,18,1540,1644,96,91,96,91,0,0,0.019966,1.308933,1.146647,1.22779,78.237407,2.283905,40.260656000000004
66,58,6136,8010,93,138,93,138,0,0,8.102851,124.659247,144.681172,134.6702095,27049.43982,910.07025,13979.755035
2,2,130,162,65,81,65,81,0,0,0.019387,0.001,0.003,0.002,0.0,0.0,0.0
2,2,132,164,66,82,66,82,0,0,0.001038,0.005,0.004,0.0045000000000000005,0.0,0.0,0.0
16,18,1272,2572,80,143,80,143,0,0,28.046524,1869.745633,1649.757,1759.7513165,164488.3468,4600.091,84544.2189
16,18,1540,1644,96,91,96,91,0,0,0.715747,51.099857,40.14559,45.6227235,3032.330914,74.125359,1553.2281365000001
30,42,2302,34406,77,819,77,819,0,0,1.335132,45.96607,32.536561,39.251315500000004,2624.621377,2084.512627,2354.567002
16,18,1272,2572,80,143,80,143,0,0,20.558563,1370.548017,1209.288875,1289.9184460000001,94195.8366,2532.32175,48364.079175
16,18,1540,1644,96,91,96,91,0,0,0.911283,60.266401,53.362766,56.8145835,4295.090463,96.882422,2195.9864425
16,18,1540,1644,96,91,96,91,0,0,1.250357,83.331403,73.488766,78.4100845,8644.141869,200.322313,4422.232091
28,28,4656,2976,166,106,166,106,0,0,20.166878,746.908588,746.901313,746.9049505,76298.09505,2299.23625,39298.66565
16,18,1540,1644,96,91,96,91,0,0,0.981115,70.005717,57.170117,63.587917000000004,6245.529461,136.918125,3191.223793
16,18,1272,2572,80,143,80,143,0,0,11.471816,764.764542,714.228313,739.4964275,51157.34693,1367.451125,26262.3990275
16,18,1540,1644,96,91,96,91,0,0,0.806718,53.757002,47.426766,50.591884,3842.212175,103.480234,1972.8462045
16,18,1540,1644,96,91,96,91,0,0,1.46665,97.754331,90.633469,94.1939,7221.890976,160.192578,3691.041777
42,44,2662,23266,63,529,63,529,0,0,6.754792,164.743032,157.067187,160.90510949999998,12238.00409,343.77525,6290.8896700000005
16,18,1540,1644,96,91,96,91,0,0,0.800566,53.350333,49.97125,51.6607915,4567.131428,126.106883,2346.6191555
16,18,1540,1644,96,91,96,91,0,0,1.288687,92.024428,75.739586,83.882007,5996.858787,149.459563,3073.1591750000002
16,18,1540,1644,96,91,96,91,0,0,0.7111,47.344332,46.441602,46.892967,2601.033048,94.973781,1348.0034145
78,80,4550,72810,58,910,58,910,0,0,5.788773,76.163091,74.174474,75.16878249999999,5948.507477,5858.888133,5903.697805
16,18,1540,1644,96,91,96,91,0,0,0.412271,29.424857,24.217766,26.8213115,2105.653249,52.425074,1079.0391615
40,44,2558,23266,64,529,64,529,0,0,5.923979,151.888904,137.752371,144.8206375,10918.91801,10391.01981,10654.96891
16,18,1540,1644,96,91,96,91,0,0,0.450815,30.0272,28.146,29.0866,1990.636857,62.68043,1026.6586435
16,18,1540,1644,96,91,96,91,0,0,0.509272,33.930198,26.707234,30.318716,2457.637834,97.265875,1277.4518545
14,18,1684,10168,120,565,120,565,0,0,14.854001,1142.589115,873.731059,1008.160087,67015.61707,58603.07709,62809.34707999999
2,2,132,164,66,82,66,82,0,0,0.00833,0.002,0.001,0.0015,0.0,0.0,0.0
16,18,1540,1644,96,91,96,91,0,0,0.680762,48.602358,39.978766,44.290562,3024.128082,76.23018,1550.179131
12,18,1580,10168,132,565,132,565,0,0,20.430004,1857.240955,1201.730338,1529.4856465,131790.4286,96615.98532,114203.20696000001
16,18,1540,1644,96,91,96,91,0,0,0.703812,46.898533,41.367469,44.133001,3959.712434,90.636695,2025.1745645
38,40,2438,18508,64,463,64,463,0,0,0.753676,20.360811,19.246103,19.803457,1444.836874,1415.545997,1430.1914355
16,18,1540,1644,96,91,96,91,0,0,1.284149,85.53173,75.472352,80.50204099999999,5282.124123,156.553609,2719.3388659999996
42,42,2662,23162,63,551,63,551,0,0,0.918765,22.961824,22.395609,22.6787165,1386.334916,37.088133,711.7115245
16,18,1540,1644,96,91,96,91,0,0,0.72416,48.201934,42.054648,45.128291000000004,2797.49689,77.216352,1437.356621
16,18,1540,1644,96,91,96,91,0,0,1.120004,79.852499,65.854062,72.8532805,4858.906052,152.835422,2505.870737
38,40,2438,18508,64,463,64,463,0,0,2.024428,54.705352,51.893898,53.299625,4592.209347,4472.155725,4532.182536
16,18,1540,1644,96,91,96,91,0,0,1.215385,80.998467,75.894125,78.446296,8659.730949,194.759156,4427.2450525
16,18,1540,1644,96,91,96,91,0,0,1.28436,85.599064,77.145602,81.372333,7436.272258,166.190703,3801.2314805
40,42,2558,23162,64,551,64,551,0,0,1.862189,47.740462,45.406024,46.573243000000005,0.0,2913.393683,1456.6968415
16,18,1540,1644,96,91,96,91,0,0,1.148795,76.558136,65.431176,70.99465599999999,5184.940258,167.573031,2676.2566444999998
38,40,2438,18508,64,463,64,463,0,0,0.865115,24.022166,22.169743,23.095954499999998,1406.146702,1358.936285,1382.5414935
16,18,1540,1644,96,91,96,91,0,0,0.950699,63.357267,51.202176,57.2797215,4062.606538,137.656937,2100.1317375
16,18,1540,1644,96,91,96,91,0,0,0.800426,53.309198,49.997437,51.6533175,3826.659156,105.847453,1966.2533045
4,4,520,304,130,76,130,76,0,0,0.917164,280.004656,236.315,258.159828,395.981438,334.19775,365.08959400000003
16,18,1540,1644,96,91,96,91,0,0,1.509667,99.368331,82.76418,91.0662555,6888.43792,161.584766,3525.011343
4,4,528,304,132,76,132,76,0,0,0.263088,82.666336,65.004668,73.83550199999999,116.899367,91.925531,104.41244900000001
16,18,1540,1644,96,91,96,91,0,0,0.593125,39.4888,32.761646,36.125223,2946.892603,63.684125,1505.288364
16,18,1540,1644,96,91,96,91,0,0,0.524586,34.763468,29.580529,32.1719985,2119.091517,51.443156,1085.2673364999998
4,4,568,312,142,78,142,78,0,0,0.497429,145.687672,141.348672,143.518172,206.030641,199.890844,202.96074249999998
16,18,1540,1644,96,91,96,91,0,0,0.442924,29.505399,26.012705,27.759052,3349.790408,68.098906,1708.944657
16,18,1540,1644,96,91,96,91,0,0,0.016252,1.0624,0.986938,1.024669,75.41688,1.746542,38.581711000000006
30,42,2302,34406,77,819,77,819,0,0,1.360796,48.587427,33.177098,40.882262499999996,3662.112936,3336.791603,3499.4522695
2,2,130,162,65,81,65,81,0,0,0.001054,0.009,0.001,0.004999999999999999,0.0,0.0,0.0
16,18,1540,1644,96,91,96,91,0,0,0.019951,1.308867,1.217812,1.2633394999999998,82.515017,2.214173,42.364595
16,18,1540,1644,96,91,96,91,0,0,1.411782,103.826234,78.875883,91.3510585,6383.816988,129.981523,3256.8992555
16,18,1540,1644,96,91,96,91,0,0,0.972221,64.793731,55.927293,60.360512,4278.718885,133.964609,2206.341747
14,18,1684,10168,120,565,120,565,0,0,35.40239,2723.233,2082.462353,2402.8476765,215378.0492,188555.89,201966.9696
16,18,1540,1644,96,91,96,91,0,0,1.073097,82.462767,63.057941,72.760354,5926.092566,136.316672,3031.204619
38,40,2438,18508,64,463,64,463,0,0,1.00096,26.978972,25.651718,26.315345,1747.929277,1685.563623,1716.74645
16,18,1540,1644,96,91,96,91,0,0,1.09356,72.829268,65.87,69.34963400000001,5348.329807,134.006359,2741.168083
16,18,1540,1644,96,91,96,91,0,0,0.824289,54.929999,50.325,52.6274995,5772.614535,190.804734,2981.7096345
2,2,132,164,66,82,66,82,0,0,0.00091,0.006,0.002,0.004,0.0,0.0,0.0
16,18,1540,1644,96,91,96,91,0,0,1.026527,68.289798,64.124625,66.2072115,5273.797779,126.113547,2699.955663
14,18,1684,10168,120,565,120,565,0,0,12.807509,985.166308,753.349176,869.257742,62473.73203,53768.87166,58121.301844999995
16,18,1540,1644,96,91,96,91,0,0,0.909381,60.604601,53.463883,57.034242000000006,5199.595698,98.832484,2649.214091
16,18,1540,1644,96,91,96,91,0,0,0.93165,62.088333,54.737941,58.413137,4068.508781,106.549195,2087.528988
16,18,1540,1644,96,91,96,91,0,0,0.809114,57.767499,50.380563,54.074031000000005,4209.81766,89.258328,2149.537994
16,18,1540,1644,96,91,96,91,0,0,1.31816,100.540694,73.058063,86.7993785,5302.298932,130.899672,2716.5993019999996
38,40,2438,18508,64,463,64,463,0,0,5.814544,161.506361,149.076173,155.291267,10737.06919,10305.22793,10521.14856
16,18,1540,1644,96,91,96,91,0,0,1.085138,72.321733,67.759625,70.040679,5664.887703,125.534336,2895.2110195
16,18,1540,1644,96,91,96,91,0,0,0.450526,30.014399,28.093688,29.0540435,1982.911996,60.750461,1021.8312285000001
38,40,2438,18508,64,463,64,463,0,0,3.817336,103.162434,97.765029,100.4637315,6238.114711,6077.480829,6157.79777
16,18,1540,1644,96,91,96,91,0,0,0.452067,30.060866,28.188437,29.1246515,2452.778092,99.052289,1275.9151905
14,18,1684,10168,120,565,120,565,0,0,6.967578,535.938058,409.827882,472.88297,38363.01933,33549.61681,35956.31807
2,2,132,164,66,82,66,82,0,0,0.120383,0.002,0.004,0.003,0.0,0.0,0.0
16,18,1540,1644,96,91,96,91,0,0,1.333032,95.193714,78.386883,86.7902985,6705.4708,187.326609,3446.3987045
16,18,1540,1644,96,91,96,91,0,0,1.317644,87.820598,77.440297,82.6304475,7091.133922,171.343875,3631.2388985
14,18,1684,10168,120,565,120,565,0,0,22.116142,1701.1365,1382.224109,1541.6803045000001,112152.6861,101675.7398,106914.21295
16,18,1540,1644,96,91,96,91,0,0,1.269117,84.581668,74.605117,79.5933925,5773.498747,134.511578,2954.0051624999996
16,18,1540,1644,96,91,96,91,0,0,1.121477,80.081001,61.558352,70.8196765,4795.386086,145.773875,2470.5799805
26,28,4552,2976,175,106,175,106,0,0,26.555096,1062.19132,983.50225,1022.846785,96218.25576,2763.53025,49490.893005
16,18,1540,1644,96,91,96,91,0,0,0.972195,64.738602,60.6875,62.713051,4385.87039,140.116641,2262.9935155
16,18,1540,1644,96,91,96,91,0,0,1.165967,77.710669,72.803562,75.2571155,5123.394161,140.560031,2631.977096
12,18,1580,10168,132,565,132,565,0,0,30.474352,2770.363545,1792.578301,2281.470923,194630.6778,153753.912,174192.2949
16,18,1540,1644,96,91,96,91,0,0,1.335489,102.645151,73.411648,88.0283995,6584.102824,129.243109,3356.6729665
66,66,3910,51808,59,785,59,785,0,0,39.559223,618.106846,618.102108,618.1044770000001,112298.0303,112410.0849,112354.0576
16,18,1540,1644,96,91,96,91,0,0,0.777439,51.802665,45.666293,48.734479,3291.941063,96.099766,1694.0204145
30,42,2302,34406,77,819,77,819,0,0,0.820746,28.29038,20.004805,24.147592500000002,2409.746051,1522.16456,1965.9553055000001
16,18,1540,1644,96,91,96,91,0,0,1.420968,94.052786,79.527766,86.790276,6177.5272,135.831672,3156.6794360000004
16,18,1272,2572,80,143,80,143,0,0,1.603362,114.49836,94.277234,104.387797,6290.938087,153.869906,3222.4039965
28,42,2198,34406,79,819,79,819,0,0,1.310356,50.38527,31.938195,41.1617325,3068.446011,2340.770048,2704.6080295
4,4,568,304,142,76,142,76,0,0,0.592133,168.023672,144.922,156.472836,237.610734,204.946422,221.278578
8,10,1052,824,132,82,132,82,0,0,15.188972,2145.828643,1687.604375,1916.7165089999999,172351.7732,4622.0325,88486.90285
52,54,2934,3740,56,69,56,69,0,0,1.993719,40.681468,37.60666,39.144064,4631.160592,122.29207,2376.7263310000003
16,18,1540,1644,96,91,96,91,0,0,0.020928,1.374067,1.203823,1.288945,90.560994,2.182193,46.371593499999996
2,2,146,178,73,89,73,89,0,0,0.000953,0.005,0.002,0.0035,0.0,0.0,0.0
8,10,1052,824,132,82,132,82,0,0,0.087628,12.468428,6.269333,9.3688805,726.965103,17.084656,372.0248795
16,18,1540,1644,96,91,96,91,0,0,0.020926,1.374933,1.203353,1.289143,86.341913,2.289817,44.315865
8,10,1052,824,132,82,132,82,0,0,0.131219,9.905,11.865571,10.885285499999998,636.4736,20.914156,328.69387800000004
16,18,1540,1644,96,91,96,91,0,0,0.813141,58.048857,51.821535,54.935196,3828.346424,101.230656,1964.78854
40,42,2558,23162,64,551,64,551,0,0,1.834343,49.566486,44.728123,47.1473045,3859.21133,3664.926883,3762.0691065
16,18,1540,1644,96,91,96,91,0,0,0.612391,40.800467,35.073883,37.937174999999996,2956.274372,60.199719,1508.2370455
16,18,1540,1644,96,91,96,91,0,0,1.284376,91.715783,78.514687,85.115235,6382.452951,149.290906,3265.8719285
40,42,2558,23162,64,551,64,551,0,0,2.787549,73.348054,67.975242,70.661648,5290.67654,5094.426052,5192.551296
16,18,1540,1644,96,91,96,91,0,0,0.785722,39.443335,45.702176,42.5727555,3417.498629,92.521367,1755.009998
16,18,1540,1644,96,91,96,91,0,0,1.344464,89.603669,83.957688,86.7806785,5868.091168,174.569672,3021.33042
16,18,1540,1644,96,91,96,91,0,0,1.345172,89.605598,77.741438,83.673518,4988.016266,161.249656,2574.632961
28,30,4256,3080,152,103,152,103,0,0,1.817658,67.308701,64.89507,66.10188550000001,3842.782803,100.254812,1971.5188075
16,18,1540,1644,96,91,96,91,0,0,1.139138,75.916667,66.975883,71.446275,4700.86933,138.860516,2419.864923
14,6,8928,320,638,53,638,53,0,0,0.509014,39.154923,167.336,103.2454615,2575.330994,216.456359,1395.8936764999999
16,18,1540,1644,96,91,96,91,0,0,0.739459,49.274735,43.433707,46.354220999999995,3295.718618,98.243562,1696.98109
14,18,1684,10168,120,565,120,565,0,0,2.018232,155.222236,118.69,136.956118,11661.07326,10208.087,10934.580129999998
16,18,1540,1644,96,91,96,91,0,0,0.998962,71.331217,61.492,66.4116085,6368.488614,234.224641,3301.3566275
16,18,1540,1644,96,91,96,91,0,0,0.790509,52.678667,42.088062,47.3833645,5163.443503,158.66625,2661.0548765000003
16,18,1540,1644,96,91,96,91,0,0,0.998611,66.554198,62.379125,64.4666615,7288.716214,238.025391,3763.3708025
24,24,2024,4312,84,180,84,180,0,0,8.770799,381.322132,381.316122,381.319127,25012.58369,25007.90157,25010.24263
16,18,1540,1644,96,91,96,91,0,0,0.958178,63.851934,59.836625,61.8442795,4114.469464,112.973172,2113.721318
16,18,1540,1644,96,91,96,91,0,0,0.906254,60.394068,53.107941,56.75100449999999,4206.373308,122.982305,2164.6778065
16,18,1540,1644,96,91,96,91,0,0,0.717306,47.798466,36.119234,41.95885,3242.944081,134.865594,1688.9048375
16,18,1272,2572,80,143,80,143,0,0,33.870571,2257.9871,2116.8735,2187.4303,213189.9952,6175.47,109682.7326
16,18,1540,1644,96,91,96,91,0,0,1.073097,82.462767,63.057941,72.760354,5926.092566,136.316672,3031.204619
28,30,4256,3080,152,103,152,103,0,0,20.964668,776.457648,722.901625,749.6796365,83454.96857,2442.01875,42948.49366
16,18,1540,1644,96,91,96,91,0,0,2.200132,146.603065,126.001648,136.3023565,9244.08538,283.29625,4763.690815
64,66,3806,51808,59,785,59,785,0,0,16.986988,273.978453,265.411664,269.69505849999996,24607.03864,24732.43325,24669.735945
16,18,1540,1644,96,91,96,91,0,0,1.500933,100.026735,88.264703,94.145719,6554.535515,184.257578,3369.3965464999997
16,18,1540,1644,96,91,96,91,0,0,2.08343,148.789933,122.489352,135.63964249999998,8664.47956,221.857969,4443.1687645
4,4,568,304,142,76,142,76,0,0,1.171131,352.332,371.288344,361.81017199999997,498.264906,525.07675,511.670828
16,18,1540,1644,96,91,96,91,0,0,1.1451,76.266269,66.115531,71.1909,6169.70335,143.326547,3156.5149484999997
16,18,1540,1644,96,91,96,91,0,0,1.646978,109.776002,105.168133,107.47206750000001,7124.703348,176.871484,3650.787416
4,4,528,304,132,76,132,76,0,0,1.21215,353.668344,309.004,331.33617200000003,500.155469,436.987031,468.57124999999996
16,18,1540,1644,96,91,96,91,0,0,1.607125,123.540614,99.928336,111.734475,6624.118259,203.5165,3413.8173795
16,18,1540,1644,96,91,96,91,0,0,2.03613,145.359574,111.290117,128.3248455,8173.88757,240.113078,4207.000324
16,18,1540,1644,96,91,96,91,0,0,1.180022,78.609668,65.588883,72.0992755,5427.852481,154.595141,2791.223811
26,42,2094,34406,81,819,81,819,0,0,2.018869,84.090955,48.822706,66.4568305,6802.097346,5397.611528,6099.854437
38,40,2438,18508,64,463,64,463,0,0,0.531194,14.744972,13.607641,14.176306499999999,1110.204374,1067.500882,1088.852628
16,18,1540,1644,96,91,96,91,0,0,1.430607,102.164357,89.334,95.7491785,7790.522061,194.132766,3992.3274134999997
16,18,1540,1644,96,91,96,91,0,0,1.666677,118.963998,95.434438,107.199218,8899.047479,175.763469,4537.405474
52,42,37358,3380,718,80,718,80,0,0,0.037822,0.764653,0.909634,0.8371435,52.098874,2.216993,27.157933500000002
78,80,4550,72810,58,910,58,910,0,0,20.919142,282.686664,264.791199,273.73893150000004,67846.97552,66174.29127,67010.63339500001
52,54,2934,3742,56,69,56,69,0,0,5.191003,108.138669,99.816367,103.977518,13549.97782,380.974156,6965.475988
64,66,3806,51808,59,785,59,785,0,0,13.98829,225.567483,222.026861,223.797172,48913.43543,48744.56895,48829.00219
30,42,2302,34406,77,819,77,819,0,0,0.046877,1.605517,1.131951,1.368734,88.073831,70.38908,79.23145550000001
64,66,3806,51808,59,785,59,785,0,0,10.762248,176.412178,168.150003,172.2810905,35898.12173,35065.66159,35481.89166
16,18,1540,1644,96,91,96,91,0,0,1.515733,101.028065,81.91782,91.4729425,6294.537959,165.976234,3230.2570965
8,10,1052,824,132,82,132,82,0,0,0.003771,0.487571,0.366556,0.4270635,31.437916,0.665271,16.0515935
16,18,1540,1644,96,91,96,91,0,0,1.925641,148.102766,112.496766,130.299766,224.276,234.623859,229.4499295
52,40,37230,3276,716,82,716,82,0,0,8.345714,163.634686,213.978156,188.806421,25687.31477,907.241,13297.277885
16,18,1540,1644,96,91,96,91,0,0,0.014479,0.9448,0.825059,0.8849294999999999,66.98459,1.51847,34.251529999999995
16,18,1540,1644,96,91,96,91,0,0,1.482739,98.773668,87.193234,92.983451,6195.553116,172.843063,3184.1980895
6,0,384,0,64,0,64,0,0,0,50.004364,10000.873,0.0,5000.4365,0.0,0.0,0.0
16,18,1540,1644,96,91,96,91,0,0,1.64418,117.362071,95.709234,106.5356525,7783.394702,202.640547,3993.0176245
6,0,384,0,64,0,64,0,0,0,50.004356,10000.87,0.0,5000.435,3.162432,0.0,1.581216
16,18,1540,1644,96,91,96,91,0,0,1.545066,102.929403,90.236234,96.5828185,7030.234983,194.092156,3612.1635695
16,18,1540,1644,96,91,96,91,0,0,0.019285,1.262867,1.107,1.1849335,77.501586,2.305537,39.9035615
16,18,1540,1644,96,91,96,91,0,0,1.824648,128.822643,110.053875,119.438259,8281.312545,171.711469,4226.512007
16,18,1540,1644,96,91,96,91,0,0,1.895129,135.286576,116.061,125.673788,8906.567198,178.563406,4542.565302
2,2,130,162,65,81,65,81,0,0,0.001018,0.005,0.005,0.005,0.0,0.0,0.0
28,42,2198,34406,79,819,79,819,0,0,2.09106,77.435891,50.98217,64.2090305,5757.771105,4716.808097,5237.289601
4,4,568,312,142,78,142,78,0,0,2.034334,664.686312,447.970656,556.328484,940.007,633.520562,786.763781
16,18,1540,1644,96,91,96,91,0,0,2.042059,136.101197,127.494938,131.7980675,9309.765245,226.340234,4768.0527395
16,18,1540,1644,96,91,96,91,0,0,2.123287,141.531072,130.093187,135.8121295,10252.51263,250.202703,5251.3576665
38,40,2438,18508,64,463,64,463,0,0,2.918736,78.876381,74.825822,76.8511015,5861.717111,5710.947115,5786.332113
16,18,1540,1644,96,91,96,91,0,0,1.994134,132.863797,132.902859,132.883328,8939.927705,209.310875,4574.61929
16,18,1540,1644,96,91,96,91,0,0,2.137127,142.452606,125.685469,134.0690375,9735.662329,267.256125,5001.459227
38,40,2438,18508,64,463,64,463,0,0,0.789505,21.327891,20.763579,21.045735,0.0,1318.43306,659.21653
16,18,1540,1644,96,91,96,91,0,0,1.590828,106.031468,91.717586,98.874527,7714.03706,156.731109,3935.3840845
122,126,7816,15132,64,120,64,120,0,0,0.035845,0.31683,0.283024,0.299927,20.442335,16.141474,18.2919045
16,18,1540,1644,96,91,96,91,0,0,1.673073,111.4654,95.557375,103.5113875,7577.212338,163.492641,3870.3524895
16,18,1272,2572,80,143,80,143,0,0,7.27822,485.122467,428.09525,456.6088585,37266.09976,1021.102125,19143.600942499997
16,18,1540,1644,96,91,96,91,0,0,1.650427,109.984466,100.995375,105.4899205,7202.239968,164.179703,3683.2098355
16,18,1540,1644,96,91,96,91,0,0,1.919174,136.934214,111.615,124.274607,9916.210372,227.553438,5071.881905
12,18,1580,10168,132,565,132,565,0,0,15.880963,1443.694114,934.141176,1188.917645,101726.8161,80703.61944,91215.21776999999
52,40,37358,3276,718,82,718,82,0,0,14.394926,282.231383,378.798531,330.514957,56320.53571,2028.82075,29174.678229999998
16,18,1540,1644,96,91,96,91,0,0,2.292833,152.835529,142.099375,147.467452,9227.746404,262.088469,4744.9174365
24,26,2024,4416,84,170,84,170,0,0,35.776756,1555.495924,1431.043875,1493.2698995,177647.7177,5195.154,91421.43585000001
16,18,1540,1644,96,91,96,91,0,0,1.614292,115.279927,96.5925,105.93621350000001,7408.750393,187.03925,3797.8948215
78,80,4550,72810,58,910,58,910,0,0,1.443968,18.74878,18.270925,18.5098525,1152.331065,1139.199695,1145.76538
52,42,37230,3380,716,80,716,80,0,0,13.359051,272.626276,325.816344,299.22131,48638.69898,1648.50725,25143.603115
16,18,1540,1644,96,91,96,91,0,0,2.068251,137.862268,129.23475,133.548509,9307.689431,219.517687,4763.603559
2,2,130,162,65,81,65,81,0,0,0.000995,0.006,0.001,0.0035,0.0,0.0,0.0
16,18,1540,1644,96,91,96,91,0,0,1.648349,109.866597,96.895531,103.38106400000001,6907.193904,194.188562,3550.691233
2,2,146,178,73,89,73,89,0,0,0.001024,0.001,0.006,0.0035,0.0,0.0,0.0
16,18,1540,1644,96,91,96,91,0,0,1.670862,119.270283,98.235531,108.752907,6829.777745,169.814172,3499.7959585000003
16,18,1540,1644,96,91,96,91,0,0,2.26189,150.771403,132.985297,141.87835,10570.26712,312.608812,5441.437966
16,18,1540,1644,96,91,96,91,0,0,1.967046,131.115998,115.680883,123.39844049999999,8524.199672,203.264734,4363.7322030000005
16,18,1540,1644,96,91,96,91,0,0,1.478562,98.550397,86.851117,92.70075700000001,7109.283848,172.827703,3641.0557755
62,58,5928,8010,96,138,96,138,0,0,0.026756,0.445933,0.45807,0.4520015,50.987214,55.432863,53.210038499999996
16,18,1540,1644,96,91,96,91,0,0,2.067167,158.950387,113.466531,136.208459,9542.779313,216.243281,4879.511296999999
40,40,2542,18508,64,463,64,463,0,0,1.714602,43.952103,45.108316,44.5302095,0.0,71.939883,35.9699415
16,18,1540,1644,96,91,96,91,0,0,2.179473,167.617386,131.894563,149.7559745,10235.01595,277.30125,5256.158600000001
16,18,1540,1644,96,91,96,91,0,0,1.609902,107.303403,99.5685,103.4359515,7069.165241,183.438031,3626.3016359999997
40,42,2558,23162,64,551,64,551,0,0,1.583573,40.596206,38.610976,39.603591,3485.407771,3404.763243,3445.085507
16,18,1540,1644,96,91,96,91,0,0,1.577751,105.16227,89.974063,97.5681665,6642.204858,224.716672,3433.460765
16,18,1540,1644,96,91,96,91,0,0,2.165437,144.333732,127.291,135.812366,10025.85228,232.840359,5129.3463194999995
14,18,1684,10168,120,565,120,565,0,0,2.137134,164.368841,125.686059,145.02745,11469.42639,10033.43952,10751.432955
16,18,1540,1644,96,91,96,91,0,0,1.697499,113.142203,99.459,106.3006015,8407.238372,263.531875,4335.3851235
16,18,1540,1644,96,91,96,91,0,0,1.955616,130.350999,120.024,125.1874995,8892.108656,298.962781,4595.5357185
16,18,1272,2572,80,143,80,143,0,0,5.789311,385.931337,340.511406,363.22137150000003,24282.11591,635.669688,12458.892799000001
16,18,1540,1644,96,91,96,91,0,0,1.567031,104.398932,89.824117,97.1115245,7454.282296,177.409828,3815.846062
28,42,2198,34406,79,819,79,819,0,0,1.878171,68.962383,45.782586,57.3724845,4558.67544,4088.941256,4323.8083480000005
12,18,1580,10168,132,565,132,565,0,0,22.975174,2088.536909,1351.448684,1719.9927965,205748.4416,165516.922,185632.6818
16,18,1540,1644,96,91,96,91,0,0,2.082394,138.80386,126.391063,132.5974615,8776.809796,272.497844,4524.6538199999995
16,18,1540,1644,96,91,96,91,0,0,1.771383,118.066668,103.720062,110.893365,8323.869015,210.105625,4266.98732
4,4,528,304,132,76,132,76,0,0,0.457149,106.664336,109.685336,108.174836,150.839781,155.11,152.97489050000001
16,18,1540,1644,96,91,96,91,0,0,1.954804,130.297268,117.910313,124.1037905,8015.847666,237.463141,4126.6554035
16,18,1540,1644,96,91,96,91,0,0,1.39758,93.103531,81.221766,87.1626485,6879.366952,151.160078,3515.263515
78,80,4550,72810,58,910,58,910,0,0,1.580009,20.515467,19.993798,20.2546325,1212.079258,1195.331336,1203.705297
30,42,2302,34406,77,819,77,819,0,0,2.492422,85.934932,58.139489,72.0372105,5369.764449,5070.149965,5219.9572069999995
16,18,1540,1644,96,91,96,91,0,0,2.292833,152.835529,142.099375,147.467452,9227.746404,262.088469,4744.9174365
4,4,528,304,132,76,132,76,0,0,0.725089,98.682664,166.985328,132.833996,139.554125,236.149391,187.85175800000002
16,18,1540,1644,96,91,96,91,0,0,1.73437,123.858426,123.80407,123.83124799999999,7433.992884,206.609422,3820.3011530000003
16,18,1540,1644,96,91,96,91,0,0,1.354112,90.198934,84.60025,87.399592,5540.999623,167.091594,2854.0456084999996
40,42,2558,23162,64,551,64,551,0,0,1.513157,42.023277,37.814551,39.918914,3570.574211,3393.97996,3482.2770855
16,18,1540,1644,96,91,96,91,0,0,1.971637,131.420603,115.948414,123.68450849999999,9005.63485,211.673109,4608.6539795
16,18,1540,1644,96,91,96,91,0,0,1.309998,87.305333,81.812375,84.558854,6333.45235,148.667859,3241.0601045
16,18,1540,1644,96,91,96,91,0,0,1.716115,122.525,107.18075,114.85287500000001,8933.023301,191.121891,4562.072596
16,18,1540,1644,96,91,96,91,0,0,1.762622,117.486801,103.618469,110.55263500000001,7211.599637,205.030313,3708.3149750000002
2,2,132,164,66,82,66,82,0,0,0.010384,0.009,0.002,0.0055,0.0,0.0,0.0
16,18,1540,1644,96,91,96,91,0,0,1.614138,107.538602,99.935688,103.737145,7345.14696,188.211906,3766.6794330000002
16,18,1540,1644,96,91,96,91,0,0,1.597369,114.073502,98.88393,106.478716,7599.663435,190.050266,3894.8568505000003
16,18,1540,1644,96,91,96,91,0,0,1.660621,110.687265,93.03582,101.8615425,7933.856708,241.365547,4087.6111275000003
16,18,1540,1644,96,91,96,91,0,0,2.102393,150.138998,117.838648,133.988823,8580.479451,219.819641,4400.149546
28,42,2198,34406,79,819,79,819,0,0,1.779602,64.500297,43.391243,53.94577,4077.767229,3225.373157,3651.570193
16,18,1540,1644,96,91,96,91,0,0,1.787641,119.152669,105.125938,112.13930350000001,7763.706315,223.192875,3993.449595
16,18,1540,1644,96,91,96,91,0,0,1.963335,135.291576,114.95018,125.120878,9044.321956,208.302766,4626.312361
16,18,1540,1644,96,91,96,91,0,0,1.994091,132.918599,117.272766,125.09568250000001,9796.920041,225.416391,5011.168216
16,18,1540,1644,96,91,96,91,0,0,2.273639,162.380643,132.614641,147.49764199999998,10850.08176,290.950219,5570.5159895
16,18,1540,1644,96,91,96,91,0,0,1.715185,114.325264,96.561937,105.4436005,7995.954283,199.702687,4097.828485
16,18,1540,1644,96,91,96,91,0,0,1.198859,81.208154,73.93425,77.571202,4686.572329,132.686391,2409.62936
16,18,1540,1644,96,91,96,91,0,0,1.59669,114.026858,93.888883,103.95787050000001,9909.317043,208.507219,5058.912130999999
16,18,1540,1644,96,91,96,91,0,0,1.713134,114.185868,97.584937,105.8854025,8663.876759,183.898266,4423.8875125
14,6,8928,320,638,53,638,53,0,0,0.988955,76.07346,223.38075,149.727105,6363.275215,386.535656,3374.9054355
16,18,1540,1644,96,91,96,91,0,0,1.755102,116.935065,109.622187,113.278626,7785.053995,212.922297,3998.988146
16,18,1540,1644,96,91,96,91,0,0,1.636493,109.025731,95.408937,102.217334,8362.361506,195.028578,4278.695041999999
16,18,1540,1644,96,91,96,91,0,0,1.255424,89.647286,83.66207,86.65467799999999,6523.861464,243.286641,3383.5740524999997
28,42,2198,34406,79,819,79,819,0,0,2.114808,81.325387,51.55266,66.4390235,6315.634092,4066.535692,5191.084892
16,18,1540,1644,96,91,96,91,0,0,1.428834,95.231399,83.230648,89.23102349999999,6740.953509,196.009297,3468.481403
16,18,1540,1644,96,91,96,91,0,0,1.801753,120.08487,117.444469,118.7646695,9151.66221,213.969812,4682.816011
28,42,2198,34406,79,819,79,819,0,0,2.075616,79.819115,53.189694,66.50440449999999,4839.781087,3925.960626,4382.8708565
16,18,1540,1644,96,91,96,91,0,0,1.86602,124.380598,109.736352,117.058475,10000.37728,212.689781,5106.5335305
16,18,1540,1644,96,91,96,91,0,0,1.854213,132.392997,109.04018,120.7165885,7981.226792,218.540188,4099.88349
16,18,1540,1644,96,91,96,91,0,0,1.722098,110.20433,101.271648,105.737989,7048.006105,171.742031,3609.874068
16,18,1540,1644,96,91,96,91,0,0,1.998408,133.195939,117.52682,125.3613795,9686.378853,233.107438,4959.7431455000005
16,18,1540,1644,96,91,96,91,0,0,1.943837,138.822647,129.51193,134.16728849999998,10746.06535,283.8605,5514.962925000001
16,18,1540,1644,96,91,96,91,0,0,1.822768,130.171931,107.142469,118.6572,8993.263854,229.531906,4611.39788
6,8,320,1862,53,233,53,233,0,0,0.041901,8.317,5.919714,7.118357,579.726355,14.177988,296.9521715
16,18,1540,1644,96,91,96,91,0,0,1.757187,116.538932,100.173648,108.35629,6839.12161,184.288312,3511.704961
16,18,1540,1644,96,91,96,91,0,0,1.624808,108.288532,93.564883,100.92670749999999,7591.872853,202.406047,3897.13945
66,66,3910,51808,59,785,59,785,0,0,25.851397,423.788256,397.704281,410.7462685,57767.25482,1725.092875,29746.173847500002
16,18,1540,1644,96,91,96,91,0,0,1.356066,90.383468,84.716938,87.550203,6233.745142,146.885375,3190.3152585
16,18,1540,1644,96,91,96,91,0,0,2.067415,147.644996,128.331813,137.9884045,10268.58736,236.848156,5252.717758
64,66,3806,51808,59,785,59,785,0,0,40.559383,643.794853,623.979431,633.887142,117727.6151,116059.332,116893.47355
30,42,2302,34406,77,819,77,819,0,0,1.774723,65.716926,45.475437,55.5961815,3991.468237,3487.539549,3739.503893
16,18,1540,1644,96,91,96,91,0,0,1.355858,104.211462,79.707234,91.959348,7207.492532,151.098625,3679.2955785
40,40,2542,18508,64,463,64,463,0,0,3.04266,78.008254,78.003156,78.005705,5221.024207,145.614969,2683.3195880000003
16,18,1540,1644,96,91,96,91,0,0,0.962117,64.066867,54.645941,59.356404,4068.155321,96.434898,2082.2951095000003
16,18,1540,1644,96,91,96,91,0,0,1.942323,129.464731,120.32575,124.8952405,7523.213434,219.731687,3871.4725605000003
28,30,4656,3080,166,103,166,103,0,0,1.029359,38.112224,35.475277,36.7937505,2138.866027,54.781816,1096.8239215
52,54,2934,3740,56,69,56,69,0,0,2.788087,56.892204,52.595113,54.743658499999995,5407.714844,145.892016,2776.80343
30,42,2302,34406,77,819,77,819,0,0,2.37968,88.123703,59.228524,73.6761135,158.161516,5832.028258,2995.094887
66,66,3910,51808,59,785,59,785,0,0,35.988567,562.316362,553.661062,557.9887120000001,93622.17582,2884.91525,48253.545535000005
66,66,3910,51808,59,785,59,785,0,0,9.402727,146.91242,144.648954,145.780687,12150.59912,12054.23197,12102.415545
16,18,1540,1644,96,91,96,91,0,0,1.236218,82.33853,72.688703,77.51361650000001,4833.840547,145.310094,2489.5753205
8,10,1052,824,132,82,132,82,0,0,0.003868,0.502571,0.371333,0.436952,32.195014,0.65897,16.426992
30,42,2302,34406,77,819,77,819,0,0,2.467686,91.383706,58.265757,74.8247315,5643.873582,4427.783682,5035.828632000001
16,18,1540,1644,96,91,96,91,0,0,1.382635,92.152997,81.268,86.7104985,6567.053079,213.318609,3390.185844
14,18,1684,10168,120,565,120,565,0,0,39.359058,3027.594077,2315.205882,2671.3999795,330903.3058,289388.2697,310145.78775
16,18,1540,1644,96,91,96,91,0,0,1.408494,93.826465,87.06407,90.4452675,6536.799135,203.287,3370.0430675000002
16,18,1540,1644,96,91,96,91,0,0,1.672128,108.93647,98.297883,103.6171765,6954.498914,169.941344,3562.220129
16,18,1540,1644,96,91,96,91,0,0,1.333938,88.902669,78.44018,83.6714245,7698.793615,156.457766,3927.6256905
16,18,1540,1644,96,91,96,91,0,0,1.578221,105.139397,91.586117,98.362757,6787.025293,170.802328,3478.9138104999997
16,18,1540,1644,96,91,96,91,0,0,1.159,77.193868,65.058531,71.1261995,6615.775108,134.320828,3375.047968
66,66,3910,51808,59,785,59,785,0,0,31.581547,493.456523,485.859688,489.65810550000003,75342.8895,2321.61575,38832.252625
16,18,1540,1644,96,91,96,91,0,0,1.379483,91.937067,86.14525,89.0411585,6331.568556,163.074641,3247.3215985
16,18,1540,1644,96,91,96,91,0,0,1.848934,123.239599,115.484313,119.36195599999999,9479.083847,238.181594,4858.6327205
66,66,3910,51808,59,785,59,785,0,0,1.33096,20.471461,20.466801,20.469131,1158.817044,30.449059,594.6330515
16,18,1540,1644,96,91,96,91,0,0,1.979325,131.931534,123.645313,127.7884235,9525.471785,244.711281,4885.091533
16,18,1540,1644,96,91,96,91,0,0,1.810803,120.69647,106.484,113.590235,7410.957545,210.864156,3810.9108505
16,18,1272,2572,80,143,80,143,0,0,6.812286,454.129733,400.691813,427.410773,30689.52142,818.725,15754.12321
16,18,1540,1644,96,91,96,91,0,0,1.350904,89.992669,82.053375,86.023022,5638.965886,130.252359,2884.6091225
30,42,2302,34406,77,819,77,819,0,0,0.048004,1.703,1.188475,1.4457375,94.913605,76.02422,85.4689125
16,18,1540,1644,96,91,96,91,0,0,2.058771,137.21626,118.524766,127.870513,10546.82625,248.177609,5397.5019295
16,18,1540,1644,96,91,96,91,0,0,0.020026,1.312467,1.151118,1.2317925,97.509502,1.894005,49.701753499999995
30,42,2302,34406,77,819,77,819,0,0,2.484152,88.675854,60.556806,74.61633,7663.350907,5771.636347,6717.493627
16,18,1540,1644,96,91,96,91,0,0,1.825982,121.707068,106.247531,113.9772995,7443.347732,193.411234,3818.379483
16,18,1540,1644,96,91,96,91,0,0,0.025778,1.698,1.488235,1.5931175,115.655688,2.719027,59.1873575
16,18,1540,1644,96,91,96,91,0,0,1.57912,112.716926,92.823586,102.770256,7257.660664,171.199203,3714.4299335
16,18,1540,1644,96,91,96,91,0,0,1.872226,124.671067,130.288859,127.479963,7699.398101,242.247375,3970.822738
78,80,4550,72810,58,910,58,910,0,0,7.853923,101.995037,99.40832,100.7016785,7907.738717,7804.917241,7856.327979
16,18,1540,1644,96,91,96,91,0,0,1.910826,136.463859,112.338414,124.4011365,8237.18863,241.701391,4239.4450105000005
16,18,1540,1644,96,91,96,91,0,0,1.429855,95.249402,84.05982,89.654611,6991.428431,198.441937,3594.935184
16,18,1540,1644,96,91,96,91,0,0,1.790263,119.326736,111.252687,115.2897115,8669.0623,185.921234,4427.4917669999995
40,40,2542,18508,64,463,64,463,0,0,4.709302,120.743208,123.8905,122.316854,7487.728431,205.439687,3846.584059
28,42,2198,34406,79,819,79,819,0,0,1.53539,56.85152,37.422538,47.137029,4486.922532,2969.874407,3728.3984695
16,18,1540,1644,96,91,96,91,0,0,2.28565,152.353735,134.422594,143.38816450000002,10217.28941,303.909312,5260.599361
22,24,1920,4312,87,180,87,180,0,0,4.749348,226.143148,206.466829,216.30498849999998,12183.67088,11644.90849,11914.289685
30,42,2302,34406,77,819,77,819,0,0,2.363331,81.482621,56.502925,68.992773,5472.837821,5244.798782,5358.8183014999995
62,58,5928,8010,96,138,96,138,0,0,0.143857,2.397617,2.557553,2.477585,229.357547,241.061585,235.209566
16,18,1540,1644,96,91,96,91,0,0,2.338994,155.900264,137.342766,146.621515,10500.74961,307.957625,5404.353617500001
16,18,1540,1644,96,91,96,91,0,0,1.982903,132.172802,111.92382,122.048311,8362.788614,204.898234,4283.843424
16,18,1272,2572,80,143,80,143,0,0,19.887928,1325.83665,1242.95475,1284.3957,101746.797,2857.24375,52302.020375
16,18,1540,1644,96,91,96,91,0,0,1.42124,94.672868,83.573352,89.12311,6468.278881,153.080156,3310.6795185
62,58,5928,8010,96,138,96,138,0,0,23.485695,391.428251,412.015575,401.721913,88415.26089,90606.70035,89510.98062
14,18,1684,10168,120,565,120,565,0,0,37.767029,2905.059077,2360.402906,2632.7309914999996,318704.7056,287289.7008,302997.2032
8,12,424,8824,53,735,53,735,0,0,0.611112,87.142859,61.333556,74.2382075,5038.757841,2904.327562,3971.5427014999996
4,4,520,304,130,76,130,76,0,0,0.68416,141.996672,158.673672,150.335172,200.803719,224.390672,212.5971955
64,66,3806,51808,59,785,59,785,0,0,3.793336,60.206667,58.294015,59.250341000000006,5332.610565,5250.358304,5291.4844345
16,18,1540,1644,96,91,96,91,0,0,1.318514,94.1525,77.5255,85.839,6055.567333,149.768719,3102.668026
16,18,1540,1644,96,91,96,91,0,0,1.174123,78.202533,67.704531,72.953532,5601.479937,154.752156,2878.1160465000003
40,42,2558,23162,64,551,64,551,0,0,5.195286,136.708894,126.700683,131.7047885,0.0,9250.797778,4625.398889
16,18,1540,1644,96,91,96,91,0,0,1.216604,81.086199,74.59,77.8380995,5833.096887,185.422516,3009.2597014999997
16,18,1540,1644,96,91,96,91,0,0,1.037684,69.156068,64.659125,66.90759650000001,4846.653093,160.121094,2503.3870935
64,66,3806,51808,59,785,59,785,0,0,5.275235,83.728758,81.145815,82.4372865,6444.539665,6348.595063,6396.567364
16,18,1540,1644,96,91,96,91,0,0,1.152917,82.328644,67.161117,74.7448805,5502.124074,144.578391,2823.3512325
14,6,8928,320,638,53,638,53,0,0,0.273914,24.901273,51.517398,38.2093355,1679.697982,102.72807,891.2130259999999
52,42,37230,3380,716,80,716,80,0,0,0.491843,9.635823,11.983439,10.809631,781.096832,25.246309,403.1715705
16,18,1540,1644,96,91,96,91,0,0,2.133915,152.400076,119.39618,135.898128,9540.106205,241.299344,4890.7027745
28,42,2198,34406,79,819,79,819,0,0,2.300005,88.448882,53.971049,71.2099655,5693.093648,4692.841657,5192.9676524999995
28,30,4656,3080,166,103,166,103,0,0,1.465243,54.256592,50.506551,52.3815715,3569.76504,96.5025,1833.1337700000001
16,18,1540,1644,96,91,96,91,0,0,1.5336,102.219001,83.498117,92.858559,6832.281135,176.514797,3504.397966
16,18,1540,1644,96,91,96,91,0,0,1.42323,94.858736,87.761188,91.309962,6841.558069,159.979344,3500.7687065
16,18,1540,1644,96,91,96,91,0,0,0.017619,1.153533,1.072812,1.1131725000000001,87.968904,2.027766,44.998335
16,18,1540,1644,96,91,96,91,0,0,1.537098,108.574071,86.587937,97.58100400000001,5992.508061,177.819125,3085.163593
16,18,1540,1644,96,91,96,91,0,0,1.531111,109.286074,98.868797,104.0774355,6838.872683,181.682094,3510.2773884999997
16,18,1540,1644,96,91,96,91,0,0,0.022555,1.482133,1.299059,1.390596,95.368015,2.610018,48.9890165
16,18,1540,1644,96,91,96,91,0,0,1.549927,110.686286,91.138,100.912143,8660.776718,198.049859,4429.4132885
28,42,2198,34406,79,819,79,819,0,0,2.054385,76.074368,50.079341,63.0768545,4970.74584,3620.313789,4295.5298145
16,18,1540,1644,96,91,96,91,0,0,0.02257,1.4842,1.301059,1.3926295,92.492097,2.71817,47.6051335
16,18,1540,1644,96,91,96,91,0,0,1.640047,117.119215,96.447414,106.78331449999999,8194.179914,175.078891,4184.6294025
16,18,1540,1644,96,91,96,91,0,0,1.430365,95.335067,84.070766,89.7029165,6513.999261,188.392812,3351.1960365
14,18,1684,10168,120,565,120,565,0,0,1.626985,125.117697,95.677882,110.3977895,9549.458016,8362.21103,8955.834523000001
16,18,1540,1644,96,91,96,91,0,0,1.379043,91.910131,79.30582,85.60797550000001,6219.754938,157.659516,3188.707227
16,18,1540,1644,96,91,96,91,0,0,1.963886,127.720735,122.71375,125.2172425,8153.715662,208.870516,4181.293089
38,40,2438,18508,64,463,64,463,0,0,0.652969,17.638946,17.169815,17.404380500000002,1135.513257,1121.771969,1128.642613
16,18,1540,1644,96,91,96,91,0,0,2.081201,138.722803,122.369062,130.5459325,9788.241397,223.804578,5006.0229874999995
40,42,2558,23162,64,551,64,551,0,0,2.492837,63.887514,60.789221,62.338367500000004,4238.835437,4131.252339,4185.043888
16,18,1540,1644,96,91,96,91,0,0,1.987619,132.486935,124.156312,128.3216235,7719.83309,223.961031,3971.8970605
28,42,2198,34406,79,819,79,819,0,0,2.036021,81.42772,50.87135,66.149535,6485.374473,4318.698237,5402.036355
16,18,1540,1644,96,91,96,91,0,0,1.46016,112.215307,91.186312,101.70080949999999,7156.054628,163.229688,3659.642158
16,18,1540,1644,96,91,96,91,0,0,1.981666,132.082002,116.539766,124.31088399999999,9132.584289,240.123375,4686.353832
16,18,1540,1644,96,91,96,91,0,0,0.022551,1.483,1.299412,1.391206,93.828797,2.758136,48.293466499999994
1,0,46,0,46,0,46,0,0,0,0.0,60000.568,0.0,30000.284,0.0,0.0,0.0
1,0,46,0,46,0,46,0,0,0,0.0,60000.548,0.0,30000.274,0.0,0.0,0.0
2,2,132,164,66,82,66,82,0,0,0.001032,0.009,0.007,0.008,0.0,0.0,0.0
30,42,2302,34406,77,819,77,819,0,0,2.754123,98.350498,66.711609,82.5310535,6036.967164,5953.917431,5995.4422975
16,18,1540,1644,96,91,96,91,0,0,3.276754,234.030076,204.76975,219.399913,21848.09344,499.76925,11173.931345
30,42,2302,34406,77,819,77,819,0,0,0.057113,1.958034,1.381049,1.6695415,127.561241,98.905453,113.233347
30,42,2302,34406,77,819,77,819,0,0,2.708725,96.728038,67.68855,82.208294,6642.159501,6373.994575,6508.077037999999
16,18,1540,1644,96,91,96,91,0,0,0.025258,1.663133,1.458294,1.5607134999999999,118.430658,2.457553,60.4441055
28,42,2198,34406,79,819,79,819,0,0,3.470804,138.819714,86.743476,112.78159500000001,11671.81025,7967.825093,9819.8176715
16,18,1540,1644,96,91,96,91,0,0,3.127145,208.427666,178.234062,193.330864,14675.56388,335.012406,7505.288143
4,4,528,304,132,76,132,76,0,0,0.236106,21.329334,59.673332,40.501333,30.159283,84.377398,57.2683405
16,18,1540,1644,96,91,96,91,0,0,3.02274,201.491729,188.889625,195.190677,13191.29838,360.842656,6776.070518
16,18,1540,1644,96,91,96,91,0,0,3.033173,202.187129,189.544688,195.8659085,13313.08403,369.999625,6841.5418275
16,18,1540,1644,96,91,96,91,0,0,1.655228,110.325133,92.181062,101.2530975,8078.431298,198.817875,4138.6245865
16,18,1540,1644,96,91,96,91,0,0,1.498092,99.84713,83.523883,91.6855065,6747.365152,165.064016,3456.2145840000003
16,18,1540,1644,96,91,96,91,0,0,0.025886,1.703667,1.495765,1.599716,114.293833,2.786866,58.540349500000005
16,18,1540,1644,96,91,96,91,0,0,2.14034,142.66674,125.363883,134.0153115,8535.309596,281.604844,4408.457219999999
2,2,132,164,66,82,66,82,0,0,0.001034,0.009,0.002,0.0055,0.0,0.0,0.0
64,66,3806,51808,59,785,59,785,0,0,7.0741,112.282268,108.824015,110.55314150000001,8753.924296,8614.215476,8684.069886
8,10,1052,824,132,82,132,82,0,0,0.065226,9.265286,7.192222,8.228754,734.250515,19.875701,377.063108
52,54,2934,3742,56,69,56,69,0,0,0.197303,3.93952,4.017592,3.9785559999999998,405.160058,10.511219,207.8356385
14,6,8928,320,638,53,638,53,0,0,0.223365,17.181923,44.553,30.867461499999997,1568.017689,66.761977,817.389833
2,2,132,164,66,82,66,82,0,0,0.000938,0.001,0.004,0.0025,0.0,0.0,0.0
8,10,1052,824,132,82,132,82,0,0,0.051301,7.276428,5.642444,6.459436,584.756646,14.553046,299.654846
16,18,1540,1644,96,91,96,91,0,0,0.025846,1.703467,1.492823,1.5981450000000001,111.895161,2.840667,57.367914
16,18,1540,1644,96,91,96,91,0,0,2.678282,178.531067,153.968125,166.249596,12459.89788,425.117813,6442.507846500001
16,18,1540,1644,96,91,96,91,0,0,1.752865,116.836997,109.525375,113.181186,7374.841363,221.511313,3798.1763379999998
22,24,1920,4312,87,180,87,180,0,0,5.475271,260.711106,248.853181,254.7821435,0.0,18626.52717,9313.263585
2,2,146,178,73,89,73,89,0,0,0.000899,0.001,0.004,0.0025,0.0,0.0,0.0
122,126,7816,15132,64,120,64,120,0,0,12.960367,111.723102,103.678613,107.7008575,27556.05083,26474.98231,27015.51657
66,66,3910,51808,59,785,59,785,0,0,15.107742,236.053658,232.417359,234.2355085,20136.98688,588.020937,10362.5039085
16,18,1540,1644,96,91,96,91,0,0,2.962994,197.510194,170.861187,184.18569050000002,14706.16272,425.287781,7565.7252505
4,4,568,312,142,78,142,78,0,0,1.276279,402.002,403.649,402.82550000000003,568.506062,570.841625,569.6738435
16,18,1540,1644,96,91,96,91,0,0,2.240076,159.983067,130.854,145.41853350000002,9650.621724,264.480156,4957.55094
16,18,1540,1644,96,91,96,91,0,0,3.270188,233.480996,192.326469,212.9037325,22002.53407,496.595656,11249.564863000001
52,54,2934,3740,56,69,56,69,0,0,0.843379,16.530725,15.90266,16.2166925,1395.16816,52.703578,723.935869
30,42,2302,34406,77,819,77,819,0,0,2.867197,98.823761,71.649901,85.236831,6275.26715,6551.089863,6413.1785065
16,18,1540,1644,96,91,96,91,0,0,2.701071,192.905713,158.569641,175.737677,12994.48334,299.310906,6646.897123000001
2,2,146,178,73,89,73,89,0,0,0.000991,0.01,0.005,0.0075,0.0,0.0,0.0
30,42,2302,34406,77,819,77,819,0,0,2.950725,105.370858,73.754626,89.562742,6805.53125,6168.59711,6487.064179999999
16,18,1540,1644,96,91,96,91,0,0,2.943701,196.224464,171.692359,183.9584115,15551.33448,362.935719,7957.135099499999
16,18,1540,1644,96,91,96,91,0,0,0.022582,1.485733,1.298706,1.3922195,93.982767,2.873964,48.4283655
16,18,1540,1644,96,91,96,91,0,0,2.618074,186.970424,160.992938,173.981681,11639.85328,327.086031,5983.4696555
16,18,1540,1644,96,91,96,91,0,0,2.413195,160.85694,141.54,151.19847,10622.49304,255.621016,5439.057027999999
8,10,1052,824,132,82,132,82,0,0,0.004836,0.641,0.477778,0.559389,35.8154,0.947098,18.381248999999997
16,18,1540,1644,96,91,96,91,0,0,2.34886,180.655389,139.2875,159.97144450000002,9766.063689,285.764406,5025.9140475
16,18,1540,1644,96,91,96,91,0,0,3.12101,222.798713,183.561875,203.180294,13271.75003,370.811094,6821.280562
40,42,2558,23162,64,551,64,551,0,0,0.637723,16.329974,15.9313,16.130637,0.0,996.230136,498.115068
78,80,4550,72810,58,910,58,910,0,0,9.156143,122.075721,117.378394,119.7270575,22662.38544,22231.15611,22446.770774999997
2,2,132,164,66,82,66,82,0,0,0.00094,0.001,0.008,0.0045000000000000005,0.0,0.0,0.0
30,42,2302,34406,77,819,77,819,0,0,2.889577,99.594033,70.464217,85.029125,6488.258372,5249.576635,5868.917503500001
30,42,2302,34406,77,819,77,819,0,0,2.703711,93.213894,63.704342,78.45911799999999,6450.035691,4776.413512,5613.2246015
24,24,2024,4312,84,180,84,180,0,0,42.751202,1943.218455,1858.71675,1900.9676024999999,229170.6356,6840.156,118005.3958
16,18,1540,1644,96,91,96,91,0,0,2.806037,187.0468,164.991406,176.019103,13168.48343,274.237437,6721.3604335
16,18,1540,1644,96,91,96,91,0,0,2.864943,190.975606,179.027187,185.0013965,15748.32864,369.258594,8058.793617
16,18,1540,1644,96,91,96,91,0,0,3.085908,205.706333,179.224297,192.465315,14874.11393,378.19625,7626.15509
38,40,2438,18508,64,463,64,463,0,0,0.52261,14.115702,13.38541,13.750556,928.901189,904.617668,916.7594285
16,18,1540,1644,96,91,96,91,0,0,2.731069,182.042261,182.027469,182.034865,15603.24078,341.545219,7972.3929995
30,42,2302,34406,77,819,77,819,0,0,2.92156,100.732825,71.231338,85.98208149999999,8024.083764,7232.224964,7628.154364
8,12,424,8824,53,735,53,735,0,0,0.223437,31.871142,20.265001,26.068071500000002,2168.614671,1725.5513,1947.0829855
30,42,2302,34406,77,819,77,819,0,0,3.089736,110.335646,79.11541,94.725528,7425.870535,6148.911992,6787.3912635
8,10,1052,824,132,82,132,82,0,0,0.061594,8.746715,6.791222,7.7689685,601.343149,16.677879,309.010514
38,40,2438,18508,64,463,64,463,0,0,1.737904,46.962162,44.548591,45.7553765,3731.930603,3638.339191,3685.134897
6,8,320,1826,53,228,53,228,0,0,0.070694,14.0654,10.032571,12.0489855,986.10748,15.939722,501.023601
28,30,4656,3080,166,103,166,103,0,0,1.421515,52.637111,48.999793,50.81845199999999,3030.983461,78.383867,1554.683664
16,18,1540,1644,96,91,96,91,0,0,2.357689,157.155535,131.259531,144.207533,13407.77093,300.795156,6854.283043
16,18,1540,1644,96,91,96,91,0,0,2.260115,150.62626,132.113594,141.36992700000002,8989.585321,317.058562,4653.3219415
40,42,2558,23162,64,551,64,551,0,0,1.369872,35.117128,33.397928,34.257528,2312.391932,2255.148205,2283.7700685
16,18,1540,1644,96,91,96,91,0,0,2.651012,189.320783,155.698125,172.509454,11550.23382,277.456156,5913.844988
16,18,1540,1644,96,91,96,91,0,0,2.171778,144.763796,144.753328,144.758562,10628.08318,337.717781,5482.9004804999995
78,80,4550,72810,58,910,58,910,0,0,1.761901,22.877754,22.294975,22.586364500000002,1333.519276,1316.804578,1325.161927
16,18,1540,1644,96,91,96,91,0,0,1.740988,116.022068,108.7805,112.401284,7001.72508,202.077266,3601.901173
2,2,132,164,66,82,66,82,0,0,0.000962,0.001,0.001,0.001,0.0,0.0,0.0
14,6,8928,320,638,53,638,53,0,0,0.036061,3.005083,7.017,5.0110415,219.81684,13.334251,116.5755455
2,2,146,178,73,89,73,89,0,0,0.001036,0.0,0.002,0.001,0.0,0.0,0.0
110,114,9608,12298,87,108,87,108,0,0,0.180874,1.703434,1.610152,1.656793,138.591453,134.629792,136.6106225
26,42,2094,34406,81,819,81,819,0,0,2.656978,120.753503,63.021425,91.887464,6597.023647,4791.535484,5694.2795655
16,18,1540,1644,96,91,96,91,0,0,2.363753,157.560934,131.326703,144.44381850000002,9679.894437,258.584625,4969.239531
16,18,1540,1644,96,91,96,91,0,0,2.928944,195.241406,170.986469,183.11393750000002,15424.47567,346.295625,7885.3856475
30,42,2302,34406,77,819,77,819,0,0,2.957354,105.608248,72.118706,88.863477,7211.208676,5515.99963,6363.604153
4,4,528,304,132,76,132,76,0,0,0.742108,113.672664,209.325,161.498832,160.744703,296.018937,228.38182
16,18,1540,1644,96,91,96,91,0,0,2.778713,185.224332,173.4875,179.355916,13228.88444,296.735969,6762.8102045
30,42,2302,34406,77,819,77,819,0,0,2.610178,89.994618,62.195441,76.09502950000001,6715.029472,5635.851827,6175.4406495
8,10,1052,824,132,82,132,82,0,0,0.003891,0.508,0.373778,0.440889,32.664957,0.656389,16.660673
16,18,1540,1644,96,91,96,91,0,0,2.766634,197.595214,168.669125,183.1321695,15956.10075,287.904812,8122.002781
30,42,2302,34406,77,819,77,819,0,0,2.910877,100.363928,70.628705,85.4963165,7498.408795,7333.100712,7415.7547535
16,18,1540,1644,96,91,96,91,0,0,0.018969,1.2436,1.085118,1.1643590000000001,76.193693,2.01952,39.1066065
16,18,1540,1644,96,91,96,91,0,0,3.021905,215.827566,177.721062,196.774314,12981.94284,341.735531,6661.8391855
2,2,130,162,65,81,65,81,0,0,0.00088,0.005,0.004,0.0045000000000000005,0.0,0.0,0.0
16,18,1540,1644,96,91,96,91,0,0,0.023514,1.544867,1.356118,1.4504925,97.407145,2.761592,50.0843685
16,18,1540,1644,96,91,96,91,0,0,2.705932,180.370468,169.05075,174.71060899999998,13596.43107,429.999312,7013.215191
4,4,528,304,132,76,132,76,0,0,0.086185,23.998334,24.348334,24.173334,33.933113,34.426672,34.1798925
16,18,1540,1644,96,91,96,91,0,0,2.243036,149.508672,128.63682,139.072746,10252.52527,310.742125,5281.6336975
30,42,2302,34406,77,819,77,819,0,0,0.049045,1.7405,1.184707,1.4626035,97.799781,76.975991,87.387886
16,18,1540,1644,96,91,96,91,0,0,2.063319,137.529273,126.0765,131.8028865,9572.790593,191.997734,4882.3941635
16,18,1540,1644,96,91,96,91,0,0,2.072744,138.155467,121.181875,129.668671,7875.091062,267.135844,4071.1134530000004
30,42,2302,34406,77,819,77,819,0,0,0.052339,1.792655,1.265049,1.528852,96.432336,79.789318,88.110827
16,18,1540,1644,96,91,96,91,0,0,2.727392,181.805206,160.406594,171.10590000000002,12668.37335,300.432656,6484.403003
30,42,2302,34406,77,819,77,819,0,0,3.526958,121.60848,83.968146,102.788313,9416.757938,7349.087907,8382.9229225
16,18,1540,1644,96,91,96,91,0,0,0.01883,1.2338,1.080647,1.1572235,92.777365,2.033559,47.405462
16,18,1540,1644,96,91,96,91,0,0,2.903183,193.49114,191.855938,192.673539,12787.03681,323.475656,6555.256233
30,42,2302,34406,77,819,77,819,0,0,2.974059,114.368462,71.899073,93.1337675,8585.670855,6474.641313,7530.156084
40,42,2558,23162,64,551,64,551,0,0,3.408137,87.380022,83.112197,85.24610949999999,0.0,4811.569794,2405.784897
30,42,2302,34406,77,819,77,819,0,0,2.930307,101.034277,77.08837,89.0613235,6814.091094,6119.316949,6466.7040215
16,18,1540,1644,96,91,96,91,0,0,3.087652,205.82206,192.947812,199.38493599999998,13713.79711,365.525188,7039.661149
40,42,2558,23162,64,551,64,551,0,0,0.850684,21.804949,21.254174,21.5295615,1466.177916,1438.602801,1452.3903585
16,18,1540,1644,96,91,96,91,0,0,2.585576,172.351332,161.565875,166.9586035,10952.69962,327.46075,5640.080185
30,42,2302,34406,77,819,77,819,0,0,2.744258,97.997075,65.492414,81.7447445,6448.191994,5435.196601,5941.6942975
28,30,4656,3080,166,103,166,103,0,0,1.637462,60.635147,56.446828,58.5409875,4196.881887,115.101492,2155.9916894999997
30,42,2302,34406,77,819,77,819,0,0,2.901618,100.01145,70.164979,85.08821449999999,6855.523641,5582.14698,6218.835310500001
30,42,2302,34406,77,819,77,819,0,0,2.855908,101.985391,71.017824,86.5016075,6746.69076,6240.014263,6493.3525115
64,66,3806,51808,59,785,59,785,0,0,1.013832,16.347257,15.589969,15.968613,939.515329,916.719171,928.11725
78,80,4550,72810,58,910,58,910,0,0,23.835249,313.6174,301.703996,307.660698,75993.86068,74801.91314,75397.88691
8,10,1052,824,132,82,132,82,0,0,0.609523,86.957002,67.672336,77.31466900000001,6186.148776,160.531531,3173.3401535
42,42,2662,23162,63,551,63,551,0,0,0.899093,21.918732,21.917391,21.9180615,0.0,38.737723,19.3688615
16,18,1540,1644,96,91,96,91,0,0,2.679871,178.634,157.159125,167.8965625,13343.78622,444.842594,6894.314407
16,18,1540,1644,96,91,96,91,0,0,2.369376,182.230312,148.01475,165.12253099999998,386.743625,255.447984,321.0958045
16,18,1540,1644,96,91,96,91,0,0,0.021614,1.420133,1.242882,1.3315075,82.625276,2.550874,42.588074999999996
16,18,1540,1644,96,91,96,91,0,0,1.654855,110.301464,97.213234,103.757349,6530.638108,199.518906,3365.078507
16,18,1540,1644,96,91,96,91,0,0,1.651474,110.049068,109.993797,110.0214325,7904.818701,237.148063,4070.983382
16,18,1540,1644,96,91,96,91,0,0,2.172803,144.818269,124.98,134.8991345,9194.615997,266.474188,4730.5450925000005
16,18,1540,1644,96,91,96,91,0,0,0.024027,1.5764,1.386706,1.481553,89.230694,2.19193,45.711312
16,18,1540,1644,96,91,96,91,0,0,2.050433,136.674673,120.586586,128.6306295,8244.144816,239.444953,4241.7948845
16,18,1540,1644,96,91,96,91,0,0,0.018946,1.2428,1.088177,1.1654885,75.956095,2.11352,39.0348075
30,42,2302,34406,77,819,77,819,0,0,2.840379,97.93193,69.249632,83.59078099999999,7033.344312,6600.295096,6816.819704
30,42,2302,34406,77,819,77,819,0,0,3.241132,111.751968,79.039489,95.3957285,7357.05006,7419.379583,7388.2148215
78,80,4550,72810,58,910,58,910,0,0,1.929909,25.389461,24.421177,24.905319,1646.399974,1615.467576,1630.933775
30,42,2302,34406,77,819,77,819,0,0,2.80869,96.840688,68.483953,82.66232049999999,7139.432661,6197.840945,6668.636802999999
30,42,2302,34406,77,819,77,819,0,0,2.912599,100.268483,72.799927,86.534205,7962.960727,6402.572668,7182.766697499999
22,24,1920,4312,87,180,87,180,0,0,30.517632,1453.204292,1326.826076,1390.0151839999999,145766.496,139291.3387,142528.91735
16,18,1540,1644,96,91,96,91,0,0,2.851433,190.073397,175.983188,183.02829250000002,16278.80081,389.039312,8333.920061
16,18,1540,1644,96,91,96,91,0,0,2.461457,164.073129,151.512563,157.792846,11213.25462,265.163937,5739.2092784999995
22,24,1920,4312,87,180,87,180,0,0,6.088446,289.908677,264.694859,277.30176800000004,18275.78096,17445.09416,17860.43756
16,18,1540,1644,96,91,96,91,0,0,2.656967,177.108739,165.483937,171.296338,11258.0408,292.423063,5775.2319315
16,18,1540,1644,96,91,96,91,0,0,2.685154,178.956467,178.978266,178.9673665,11172.75968,318.572187,5745.6659334999995
16,18,1540,1644,96,91,96,91,0,0,2.693358,179.532196,155.657531,167.5948635,11373.18852,291.312625,5832.2505725
16,18,1540,1644,96,91,96,91,0,0,2.67535,191.069429,167.137063,179.103246,13743.11309,277.245687,7010.179388500001
16,18,1540,1644,96,91,96,91,0,0,2.284897,152.305871,142.714188,147.5100295,9442.024284,273.938438,4857.981360999999
4,4,568,312,142,78,142,78,0,0,0.790384,221.016328,100.354,160.685164,312.555094,141.915625,227.23535950000002
16,18,1540,1644,96,91,96,91,0,0,2.479361,165.2684,145.799875,155.53413749999999,10093.24014,336.729094,5214.984617
16,18,1540,1644,96,91,96,91,0,0,2.500454,166.673196,156.248625,161.4609105,11027.19011,359.61475,5693.40243
30,42,2302,34406,77,819,77,819,0,0,2.761916,95.22793,69.024251,82.1260905,5898.68325,5052.122447,5475.4028485
40,42,2558,23162,64,551,64,551,0,0,2.317857,60.987787,56.519953,58.75387,3498.70978,3365.711331,3432.2105555
16,18,1540,1644,96,91,96,91,0,0,2.985014,198.978862,172.168125,185.57349349999998,14019.29241,324.642812,7171.967611
30,42,2302,34406,77,819,77,819,0,0,2.493303,85.964996,58.662926,72.313961,5692.771197,5348.123576,5520.4473865
16,18,1540,1644,96,91,96,91,0,0,2.859252,204.209143,177.884688,191.0469155,16980.66706,392.60175,8686.634405
4,4,568,312,142,78,142,78,0,0,1.682325,543.343,421.318344,482.330672,768.394563,595.826312,682.1104375
16,18,1540,1644,96,91,96,91,0,0,2.909773,223.798764,190.080531,206.9396475,16631.63735,346.796344,8489.216847
16,18,1540,1644,96,91,96,91,0,0,3.068388,204.536727,180.428063,192.482395,14936.12296,372.303938,7654.213449000001
2,2,132,164,66,82,66,82,0,0,0.00109,0.005,0.007,0.006,0.0,0.0,0.0
28,28,4656,2976,166,106,166,106,0,0,14.224598,526.823583,526.815875,526.819729,67330.40492,2068.37275,34699.388835
38,40,2438,18508,64,463,64,463,0,0,0.72211,19.441107,18.482589,18.961848,0.0,1081.777847,540.8889235
16,18,1540,1644,96,91,96,91,0,0,1.971267,131.394604,121.949625,126.67211449999999,9282.818264,211.344469,4747.0813665
16,18,1540,1644,96,91,96,91,0,0,0.023518,1.546733,1.356823,1.451778,93.711496,2.617368,48.164432
66,68,3910,51912,59,763,59,763,0,0,26.179199,409.045134,396.644344,402.844739,90364.12816,2787.1235,46575.62583
62,58,5928,8010,96,138,96,138,0,0,4.630582,75.911183,85.738872,80.8250275,7167.97487,7609.984713,7388.9797915
66,66,3910,51808,59,785,59,785,0,0,40.294174,639.584742,619.90075,629.742746,104643.2311,3208.96575,53926.098425000004
8,12,424,8824,53,735,53,735,0,0,0.032222,4.554714,3.1704,3.862557,370.013467,238.943925,304.478696
16,18,1272,2572,80,143,80,143,0,0,25.87505,1724.9809,1617.14875,1671.064825,197817.3377,5840.7935,101829.0656
64,66,3806,51808,59,785,59,785,0,0,21.396406,339.620006,329.165969,334.3929875,48531.4228,47793.19682,48162.30981
16,18,1540,1644,96,91,96,91,0,0,2.472218,164.790606,144.423641,154.6071235,11927.33258,289.964688,6108.648634
16,18,1540,1644,96,91,96,91,0,0,2.651012,189.320783,155.698125,172.509454,11550.23382,277.456156,5913.844988
40,42,2558,23162,64,551,64,551,0,0,1.83599,47.06854,44.767611,45.9180755,0.0,2786.459398,1393.229699
16,18,1540,1644,96,91,96,91,0,0,2.852472,190.138734,167.761828,178.95028100000002,13076.48033,353.727219,6715.1037745
16,18,1540,1644,96,91,96,91,0,0,2.621883,174.77073,156.482,165.626365,10732.17144,280.783531,5506.4774855
16,18,1540,1644,96,91,96,91,0,0,0.022305,1.466333,1.284177,1.3752550000000001,91.066622,2.50151,46.784065999999996
16,18,1540,1644,96,91,96,91,0,0,2.576626,171.748204,154.36575,163.056977,10824.21825,342.660625,5583.4394375
30,42,2302,34406,77,819,77,819,0,0,2.875406,99.139516,70.279151,84.7093335,7444.403099,6499.022394,6971.712746499999
2,2,132,164,66,82,66,82,0,0,0.00101,0.008,0.008,0.008,0.0,0.0,0.0
30,42,2302,34406,77,819,77,819,0,0,2.892194,99.720136,72.287152,86.00364400000001,6672.814203,5744.573945,6208.694074
16,18,1540,1644,96,91,96,91,0,0,0.014147,0.922267,0.804706,0.8634865,61.672788,1.413453,31.543120499999997
16,18,1540,1644,96,91,96,91,0,0,2.118854,141.234796,131.044563,136.1396795,9544.863106,231.012297,4887.9377015
16,18,1540,1644,96,91,96,91,0,0,0.018967,1.233667,1.087471,1.1605690000000002,75.518606,2.183521,38.8510635
16,18,1540,1644,96,91,96,91,0,0,2.728969,181.909402,169.179313,175.5443575,12142.24045,286.062469,6214.1514595
16,18,1540,1644,96,91,96,91,0,0,1.533596,109.519717,90.178414,99.8490655,6590.980394,184.934922,3387.9576580000003
8,10,1052,824,132,82,132,82,0,0,0.003834,0.498429,0.367111,0.43277,31.681718,0.664426,16.173072
16,18,1540,1644,96,91,96,91,0,0,2.05706,137.105873,120.974766,129.0403195,8515.096558,270.585875,4392.8412165
4,4,568,304,142,76,142,76,0,0,1.875142,589.669688,593.607313,591.6385005,833.916687,839.482562,836.6996245
16,18,1540,1644,96,91,96,91,0,0,0.015454,1.008867,0.820412,0.9146395,64.32708,1.511605,32.9193425
64,66,3806,51808,59,785,59,785,0,0,31.518587,500.28444,500.283169,500.2838045,114034.7962,114063.1238,114048.95999999999
64,66,3806,51808,59,785,59,785,0,0,25.004278,396.888044,390.68155,393.784797,86966.61305,86941.98834,86954.300695
2,2,146,178,73,89,73,89,0,0,0.001001,0.006,0.002,0.004,0.0,0.0,0.0
24,24,4448,2768,185,115,185,115,0,0,26.430616,1149.143674,1149.130125,1149.1368994999998,155767.3617,4791.9575,80279.6596
78,80,4550,72810,58,910,58,910,0,0,12.671009,166.719644,160.384499,163.5520715,34338.48369,34120.81589,34229.649789999996
64,68,3806,51912,59,763,59,763,0,0,21.86084,358.369016,326.272045,342.3205305,75570.5544,72149.85596,73860.20517999999
62,58,5928,8010,96,138,96,138,0,0,23.359533,382.943175,417.119122,400.0311485,79445.5181,82780.86652,81113.19231
16,18,1540,1644,96,91,96,91,0,0,3.595851,239.700469,211.457766,225.5791175,18290.63671,455.421156,9373.028933
14,18,1684,10168,120,565,120,565,0,0,1.05681,81.267231,61.814176,71.5407035,8774.015639,7682.735063,8228.375350999999
16,18,1540,1644,96,91,96,91,0,0,3.548108,236.487131,211.683562,224.0853465,19127.23368,591.783188,9859.508434000001
16,18,1540,1644,96,91,96,91,0,0,3.023246,201.527662,176.336469,188.9320655,12867.45714,335.305375,6601.3812575
42,42,2662,23162,63,551,63,551,0,0,0.844853,20.598414,20.593488,20.595951,0.0,35.361562,17.680781
16,18,1540,1644,96,91,96,91,0,0,3.000896,200.03646,184.920437,192.4784485,17455.65895,345.645969,8900.652459500001
16,18,1540,1644,96,91,96,91,0,0,0.57885,38.569199,35.797688,37.183443499999996,2540.82204,67.63232,1304.22718
4,4,568,312,142,78,142,78,0,0,0.992376,325.684656,315.986656,320.835656,460.582719,446.8705,453.7266095
16,18,1540,1644,96,91,96,91,0,0,0.707596,47.152534,41.557117,44.354825500000004,3504.651279,110.351219,1807.5012490000001
8,10,1052,824,132,82,132,82,0,0,0.010215,1.411,1.082444,1.246722,96.770001,1.87802,49.3240105
16,18,1540,1644,96,91,96,91,0,0,0.022315,1.463333,1.284647,1.37399,88.051511,2.472336,45.2619235
16,18,1540,1644,96,91,96,91,0,0,3.680405,245.338942,215.554125,230.4465335,18217.9468,401.57625,9309.761525
16,18,1540,1644,96,91,96,91,0,0,3.963971,264.2446,247.6605,255.95255,17353.65142,518.786562,8936.218991
16,18,1540,1644,96,91,96,91,0,0,0.022311,1.467133,1.284118,1.3756255,90.476897,2.493656,46.4852765
16,18,1540,1644,96,91,96,91,0,0,3.634603,242.284864,223.478938,232.881901,18922.0797,380.676438,9651.378068999999
40,42,2558,23162,64,551,64,551,0,0,1.640271,42.048794,39.993267,41.0210305,2614.024477,2547.180736,2580.6026064999996
28,42,2198,34406,79,819,79,819,0,0,3.451373,138.041562,84.104628,111.073095,297.447313,7862.109245,4079.7782789999997
52,40,37358,3276,718,82,718,82,0,0,0.031147,0.61572,0.786795,0.7012575000000001,47.71684,2.220816,24.968828
16,18,1540,1644,96,91,96,91,0,0,4.001315,266.729787,231.663938,249.1968625,18265.49992,614.710312,9440.105115999999
16,18,1272,2572,80,143,80,143,0,0,7.499157,499.889675,468.656187,484.27293099999997,43751.83242,1259.91525,22505.873835
2,2,146,178,73,89,73,89,0,0,0.001137,0.009,0.009,0.009,0.0,0.0,0.0
28,30,4656,3080,166,103,166,103,0,0,20.124041,745.322829,693.9135,719.6181644999999,96472.87564,2860.966,49666.92082
66,66,3910,51808,59,785,59,785,0,0,22.079296,356.112646,350.454531,353.28358849999995,0.0,2251.944,1125.972
30,42,2302,34406,77,819,77,819,0,0,0.050929,1.745448,1.229415,1.4874315,103.238736,80.601485,91.92011049999999
78,82,4550,72914,58,889,58,889,0,0,17.477179,226.971878,215.760049,221.36596350000002,48514.37527,47305.34267,47909.85897
52,40,37230,3276,716,82,716,82,0,0,17.942921,351.814923,460.055687,405.93530499999997,60556.33158,2144.128,31350.229789999998
16,18,1540,1644,96,91,96,91,0,0,0.023481,1.545,1.352353,1.4486765,99.718492,2.917833,51.3181625
106,114,9400,12298,89,108,89,108,0,0,17.601128,169.238439,158.563297,163.900868,42654.37421,0.0,21327.187105
16,18,1272,2572,80,143,80,143,0,0,27.368465,1824.407267,1609.86775,1717.1375085,203145.6524,5814.8905,104480.27145
2,2,132,164,66,82,66,82,0,0,0.001113,0.009,0.008,0.0085,0.0,0.0,0.0
64,68,3806,51912,59,763,59,763,0,0,15.766935,250.263307,235.318181,242.79074400000002,46129.8424,44730.11872,45429.980559999996
8,10,1052,824,132,82,132,82,0,0,0.003853,0.502286,0.372889,0.4375875,32.532379,0.663467,16.597922999999998
16,18,1540,1644,96,91,96,91,0,0,0.691843,46.101065,40.666293,43.383679,3209.16496,101.503938,1655.334449
16,18,1540,1644,96,91,96,91,0,0,0.621307,41.398199,36.245766,38.821982500000004,2825.808328,85.535359,1455.6718435
16,18,1272,2572,80,143,80,143,0,0,32.558571,2170.549167,1915.174125,2042.861646,163598.3877,4473.944,84036.16584999999
30,42,2302,34406,77,819,77,819,0,0,1.033965,35.639344,25.205806,30.422575000000002,3629.136917,3260.71422,3444.9255685
4,4,520,304,130,76,130,76,0,0,1.723187,367.336,289.699656,328.517828,519.485906,409.693656,464.589781
64,66,3806,51808,59,785,59,785,0,0,41.059845,684.324514,631.679431,658.0019725,106366.5822,102238.4542,104302.51819999999
16,18,1540,1644,96,91,96,91,0,0,0.894556,59.615666,52.558648,56.087157,4805.701281,144.399484,2475.0503824999996
16,18,1540,1644,96,91,96,91,0,0,0.17836,12.714,11.118125,11.916062499999999,723.863584,21.564824,372.714204
22,26,1920,4416,87,170,87,170,0,0,37.058224,1764.657125,1482.30252,1623.4798225,175568.7069,160919.7435,168244.2252
16,18,1540,1644,96,91,96,91,0,0,0.061111,4.048667,3.567,3.8078335,260.543422,7.082491,133.8129565
30,42,2302,34406,77,819,77,819,0,0,0.244214,8.710358,5.943951,7.3271545,515.839914,390.606959,453.22343650000005
64,66,3806,51808,59,785,59,785,0,0,17.521906,278.119585,273.770025,275.944805,16324.48469,16444.51541,16384.50005
16,18,1540,1644,96,91,96,91,0,0,3.220552,214.682469,189.376937,202.02970299999998,12246.12499,395.46,6320.792495
16,18,1540,1644,96,91,96,91,0,0,3.540375,236.003194,208.130297,222.06674550000002,16659.70304,481.496562,8570.599801
38,40,2438,18508,64,463,64,463,0,0,0.677983,18.315486,17.827526,18.071506,1073.288704,1059.815502,1066.552103
16,18,1540,1644,96,91,96,91,0,0,3.840374,256.002988,238.322375,247.16268150000002,14877.6576,532.839812,7705.248706
16,18,1540,1644,96,91,96,91,0,0,0.023515,1.657,1.355882,1.5064410000000001,100.921048,2.795187,51.8581175
30,42,2302,34406,77,819,77,819,0,0,3.59494,123.952172,89.821102,106.88663700000001,9772.08429,8788.058109,9280.0711995
16,18,1540,1644,96,91,96,91,0,0,3.628861,241.901136,213.432406,227.66677099999998,19083.23317,375.991031,9729.6121005
28,30,4256,3080,152,103,152,103,0,0,2.350651,87.049367,81.038687,84.044027,5416.384778,143.9495,2780.1671389999997
16,18,1540,1644,96,91,96,91,0,0,3.532338,235.466931,235.407734,235.4373325,19476.48462,350.20375,9913.344185
16,18,1540,1644,96,91,96,91,0,0,3.679053,245.240138,215.817766,230.528952,16922.86921,510.765656,8716.817433
28,30,4256,3080,152,103,152,103,0,0,2.984958,110.542744,102.890586,106.716665,7027.190538,187.959359,3607.5749485
30,42,2302,34406,77,819,77,819,0,0,4.080146,140.664554,99.503048,120.08380100000001,13343.71285,12137.36306,12740.537955
30,42,2302,34406,77,819,77,819,0,0,3.499504,120.662416,89.347589,105.00500249999999,9871.248431,7384.826601,8628.037516
66,66,3910,51808,59,785,59,785,0,0,1.296962,20.259485,19.944416,20.1019505,1181.516395,31.240299,606.3783470000001
16,18,1540,1644,96,91,96,91,0,0,3.272885,233.753288,192.457125,213.1052065,13292.21901,385.335125,6838.7770675
16,18,1540,1644,96,91,96,91,0,0,3.288915,219.238996,193.333469,206.28623249999998,13651.54313,388.561125,7020.0521275
42,42,2662,23162,63,551,63,551,0,0,3.788973,92.380368,92.400172,92.39027,6106.656533,169.798484,3138.2275085
16,18,1540,1644,96,91,96,91,0,0,3.965104,264.3188,245.035313,254.6770565,16064.10867,555.211063,8309.6598665
42,42,2662,23162,63,551,63,551,0,0,1.698724,41.424781,41.420465,41.422623,4096.32708,123.013336,2109.670208
30,42,2302,34406,77,819,77,819,0,0,2.175446,77.683286,53.950426,65.816856,5018.5113,4537.943633,4778.2274665
62,60,5928,8114,96,135,96,135,0,0,10.681827,175.111915,187.386979,181.249447,29154.07868,29834.99048,29494.53458
2,2,132,164,66,82,66,82,0,0,0.00096,0.003,0.006,0.0045000000000000005,0.0,0.0,0.0
16,18,1540,1644,96,91,96,91,0,0,0.582864,38.836934,34.21941,36.528172,2530.440284,71.277789,1300.8590365
16,18,1540,1644,96,91,96,91,0,0,0.494848,32.966867,29.080824,31.0238455,2156.574515,60.385434,1108.4799744999998
16,18,1540,1644,96,91,96,91,0,0,0.024759,1.630533,1.428765,1.529649,97.792896,2.694649,50.2437725
16,18,1540,1644,96,91,96,91,0,0,0.526311,35.065332,30.714412,32.889872,2163.356913,62.680074,1113.0184935
30,42,2302,34406,77,819,77,819,0,0,0.653005,22.504965,15.914805,19.209885,1594.618029,1394.52158,1494.5698045
4,4,568,304,142,76,142,76,0,0,0.46021,148.341328,87.627,117.98416399999999,209.77925,123.910562,166.84490599999998
30,42,2302,34406,77,819,77,819,0,0,0.94073,32.428105,22.931659,27.679882,2491.299631,2492.893529,2492.09658
16,18,1540,1644,96,91,96,91,0,0,0.766252,51.059534,45.046941,48.053237499999994,4078.031483,119.32068,2098.6760815000002
22,26,1920,4416,87,170,87,170,0,0,10.958923,521.833214,438.33267,480.082942,36253.61344,33223.02178,34738.31761
16,18,1540,1644,96,91,96,91,0,0,1.320912,94.325859,77.632531,85.979195,7043.753355,141.057953,3592.405654
16,18,1272,2572,80,143,80,143,0,0,6.148679,439.165859,361.648531,400.407195,31138.78306,817.818562,15978.300811000001
8,10,1052,824,132,82,132,82,0,0,0.017135,2.288714,1.841333,2.0650235,148.551867,3.224592,75.8882295
16,18,1540,1644,96,91,96,91,0,0,0.076734,5.094333,4.485706,4.7900195,314.88871,7.845301,161.3670055
30,42,2302,34406,77,819,77,819,0,0,3.249403,112.035657,80.955723,96.49569,10812.90013,10152.37839,10482.63926
22,26,1920,4416,87,170,87,170,0,0,36.641819,1832.072563,1465.64652,1648.8595415,201199.6833,179966.32,190583.00165
16,18,1540,1644,96,91,96,91,0,0,3.821688,254.757454,224.775875,239.7666645,16726.18228,497.163563,8611.6729215
16,18,1540,1644,96,91,96,91,0,0,3.532978,235.505335,205.465172,220.4852535,19524.65737,416.905125,9970.781247500001
360,746,19202,1087890,53,1458,53,1458,0,0,43.541569,121.284845,58.444249,89.864547,46460.84211,32274.72343,39367.78277
30,42,2302,34406,77,819,77,819,0,0,3.823484,131.833211,94.966527,113.399869,11995.328,11320.00525,11657.666625
30,42,2302,34406,77,819,77,819,0,0,3.527888,121.623141,88.184748,104.9039445,9419.542324,7588.8655,8504.203912
16,18,1540,1644,96,91,96,91,0,0,4.053662,270.222146,236.445703,253.33392450000002,17566.13212,524.619563,9045.3758415
354,746,18890,1087890,53,1458,53,1458,0,0,43.239883,123.189738,58.039379,90.6145585,45176.75988,31149.18747,38162.973675
30,42,2302,34406,77,819,77,819,0,0,4.34164,149.700791,108.528725,129.114758,13727.2537,10607.51641,12167.385054999999
16,18,1540,1644,96,91,96,91,0,0,3.205728,213.693471,199.471438,206.58245449999998,19157.44076,528.9415,9843.191130000001
38,40,2438,18508,64,463,64,463,0,0,0.63988,17.28527,16.393768,16.839519000000003,1039.397558,1012.117597,1025.7575775
16,18,1540,1644,96,91,96,91,0,0,3.665586,261.805357,215.595937,238.700647,21243.25007,563.339375,10903.294722499999
16,18,1540,1644,96,91,96,91,0,0,3.79923,253.259675,222.013703,237.636689,16230.15883,533.629563,8381.8941965
16,18,1540,1644,96,91,96,91,0,0,0.024673,1.624067,1.424529,1.524298,95.596133,2.830565,49.213348999999994
30,42,2302,34406,77,819,77,819,0,0,2.521334,90.035498,61.222952,75.629225,8032.45255,8094.515582,8063.484066
16,18,1540,1644,96,91,96,91,0,0,0.550804,36.698201,32.371529,34.534864999999996,3595.94598,73.229945,1834.5879625
2,2,146,178,73,89,73,89,0,0,0.000953,0.001,0.006,0.0035,0.0,0.0,0.0
16,18,1540,1644,96,91,96,91,0,0,0.834822,55.633066,49.07359,52.353328000000005,4456.048993,137.629969,2296.839481
2,2,132,164,66,82,66,82,0,0,0.001431,0.006,0.003,0.0045000000000000005,0.0,0.0,0.0
4,4,520,304,130,76,130,76,0,0,0.101146,28.35,29.328334,28.839167000000003,40.082348,41.469457,40.7759025
16,18,1540,1644,96,91,96,91,0,0,0.175507,12.513786,10.291412,11.402598999999999,755.786961,19.260262,387.5236115
16,18,1540,1644,96,91,96,91,0,0,0.069478,4.611333,4.051647,4.3314900000000005,299.416609,7.480312,153.4484605
28,30,4656,3080,166,103,166,103,0,0,1.069318,39.592298,36.855379,38.2238385,2358.646979,61.939016,1210.2929975
16,18,1540,1644,96,91,96,91,0,0,0.024752,1.630067,1.429882,1.5299745,96.359782,2.775607,49.567694499999995
8,10,1052,824,132,82,132,82,0,0,0.00422,0.551857,0.416111,0.483984,36.560505,0.793852,18.6771785
42,42,2662,23162,63,551,63,551,0,0,1.787102,43.576218,43.576316,43.576267,2880.333634,80.207937,1480.2707855
66,66,3910,51808,59,785,59,785,0,0,1.682024,25.870647,25.867738,25.8691925,1496.921269,39.60898,768.2651245
24,24,2024,4312,84,180,84,180,0,0,18.520458,805.223082,805.208293,805.2156875000001,82364.98677,82370.38751,82367.68714
22,24,1920,4312,87,180,87,180,0,0,15.625852,744.070598,679.202364,711.636481,69599.32362,66483.55596,68041.43979
64,66,3806,51808,59,785,59,785,0,0,28.607513,461.40663,440.106092,450.75636099999997,62322.21583,60918.48049,61620.34816
16,18,1272,2572,80,143,80,143,0,0,1.558789,103.891399,91.659703,97.77555100000001,6385.109772,165.678641,3275.3942065
2,2,146,178,73,89,73,89,0,0,0.001044,0.009,0.007,0.008,0.0,0.0,0.0
38,40,2438,18508,64,463,64,463,0,0,0.367473,9.923514,9.408538,9.666026,581.115622,566.000693,573.5581575
64,66,3806,51808,59,785,59,785,0,0,9.68416,153.711594,148.937862,151.324728,11322.81275,11147.96453,11235.38864
64,66,3806,51808,59,785,59,785,0,0,3.588377,56.952192,55.196508,56.074349999999995,4303.479957,4237.634148,4270.5570525
360,746,19202,1087890,53,1458,53,1458,0,0,37.955116,105.723731,50.945733,78.334732,36460.89791,25323.10277,30892.00034
366,746,19514,1087890,53,1458,53,1458,0,0,41.748917,115.009994,56.038136,85.52406500000001,42074.22568,29403.32464,35738.775160000005
40,42,2558,23162,64,551,64,551,0,0,0.584054,14.96782,14.234,14.600909999999999,951.831016,930.648578,941.239797
40,42,2558,23162,64,551,64,551,0,0,1.378741,36.274157,33.613611,34.943884,2653.949381,2557.670052,2605.8097165
64,66,3806,51808,59,785,59,785,0,0,8.422095,133.679181,133.674708,133.6769445,8904.75177,8901.339371,8903.0455705
16,18,1272,2572,80,143,80,143,0,0,11.493332,766.200708,676.042875,721.1217915,41393.94929,1027.132063,21210.540676499997
80,80,4654,72810,58,910,58,910,0,0,1.033879,13.083266,13.079506,13.081386,837.349767,22.98898,430.1693735
40,42,2558,23162,64,551,64,551,0,0,1.678278,43.024872,40.92183,41.973351,0.0,3116.636348,1558.318174
16,18,1540,1644,96,91,96,91,0,0,0.019241,1.262333,1.105588,1.1839605,84.169445,2.064929,43.117187
28,30,4656,3080,166,103,166,103,0,0,1.093549,40.489592,37.69207,39.090831,2622.228885,70.472437,1346.350661
40,42,2558,23162,64,551,64,551,0,0,0.463873,11.885871,11.583675,11.734773,821.500368,814.006825,817.7535965
16,18,1540,1644,96,91,96,91,0,0,0.134758,8.963333,7.853059,8.408196,563.692036,14.026594,288.85931500000004
30,42,2302,34406,77,819,77,819,0,0,0.049339,1.688103,1.189585,1.438844,93.018636,78.110388,85.56451200000001
16,18,1540,1644,96,91,96,91,0,0,0.084043,5.570067,5.221938,5.3960025,354.792598,8.678008,181.735303
106,114,9400,12298,89,108,89,108,0,0,0.020828,0.203149,0.183782,0.1934655,12.861416,11.709596,12.285506
16,18,1540,1644,96,91,96,91,0,0,3.529592,235.285736,207.509172,221.397454,18481.54058,394.973563,9438.2570715
52,42,37230,3380,716,80,716,80,0,0,4.331957,84.933605,104.531953,94.732779,5487.78728,188.183625,2837.9854524999996
2,2,146,178,73,89,73,89,0,0,0.00108,0.009,0.008,0.0085,0.0,0.0,0.0
16,18,1540,1644,96,91,96,91,0,0,3.912585,260.817994,230.111531,245.4647625,16716.15194,630.607813,8673.3798765
16,18,1540,1644,96,91,96,91,0,0,0.588808,39.233066,34.607352,36.920209,2384.91369,68.305453,1226.6095715
40,42,2558,23162,64,551,64,551,0,0,1.114703,28.573666,27.176146,27.874906,1775.658941,1731.087049,1753.372995
16,18,1540,1644,96,91,96,91,0,0,0.693392,46.200666,40.752648,43.476657,3655.273028,117.426961,1886.3499945
28,30,4656,3080,166,103,166,103,0,0,1.445413,53.515592,49.823344,51.669467999999995,3136.416674,81.857625,1609.1371495
6,8,320,1862,53,233,53,233,0,0,0.043361,8.6084,6.127286,7.367843,587.562619,14.70426,301.1334395
16,18,1540,1644,96,91,96,91,0,0,0.13627,9.062,7.985412,8.523706,582.980675,14.225131,298.602903
40,44,2558,23266,64,529,64,529,0,0,2.014453,51.644795,46.835371,49.240083,3873.933811,3686.992057,3780.462934
78,80,4550,72810,58,910,58,910,0,0,1.438395,18.675571,18.200607,18.438089,1078.416137,1065.656568,1072.0363525
2,2,132,164,66,82,66,82,0,0,0.000938,0.0,0.008,0.004,0.0,0.0,0.0
16,18,1540,1644,96,91,96,91,0,0,3.676099,245.032946,226.68275,235.857848,19752.10971,538.36225,10145.23598
38,40,2438,18508,64,463,64,463,0,0,1.182371,31.946,31.943352,31.944676,1996.492707,2003.150756,1999.8217315000002
52,42,37358,3380,718,80,718,80,0,0,0.030191,0.59722,0.722024,0.6596219999999999,35.751082,1.452141,18.601611499999997
64,60,6032,8114,94,135,94,135,0,0,1.767249,28.971295,29.574713,29.273004,1940.41603,1848.121694,1894.268862
16,18,1540,1644,96,91,96,91,0,0,0.02467,1.6246,1.424529,1.5245644999999999,92.474489,2.611164,47.542826500000004
16,18,1540,1644,96,91,96,91,0,0,1.583871,105.569999,93.137648,99.3538235,7237.887148,229.819687,3733.8534175
30,42,2302,34406,77,819,77,819,0,0,3.59494,123.952172,89.821102,106.88663700000001,9772.08429,8788.058109,9280.0711995
38,40,2438,18508,64,463,64,463,0,0,0.316978,8.796445,8.113257,8.454851000000001,584.83788,558.080637,571.4592585
16,18,1540,1644,96,91,96,91,0,0,2.956103,211.091358,196.731406,203.911382,12449.50917,304.936625,6377.2228975
40,42,2558,23162,64,551,64,551,0,0,0.445854,11.424205,10.860927,11.142566,781.997392,763.799472,772.898432
16,18,1540,1644,96,91,96,91,0,0,3.616573,241.084,212.712,226.898,20750.75868,531.58575,10641.172214999999
16,18,1540,1644,96,91,96,91,0,0,3.464111,230.887673,209.741813,220.31474300000002,15451.54624,340.602219,7896.0742295
38,40,2438,18508,64,463,64,463,0,0,0.2469,6.663892,6.317205,6.4905485,390.126329,379.346628,384.7364785
16,18,1540,1644,96,91,96,91,0,0,2.318906,154.571135,124.394586,139.48286050000002,10493.24268,320.444906,5406.843793
40,42,2558,23162,64,551,64,551,0,0,0.405807,10.397308,9.885951,10.1416295,604.553794,587.194165,595.8739795
64,68,3806,51912,59,763,59,763,0,0,0.4643,7.364206,6.918746,7.141476,442.535348,429.279325,435.9073365
4,4,520,304,130,76,130,76,0,0,0.001666,0.419333,0.214,0.3166665,0.585956,0.295574,0.440765
16,18,1540,1644,96,91,96,91,0,0,0.021029,1.3814,1.194177,1.2877885,83.001626,2.350506,42.676066
30,42,2302,34406,77,819,77,819,0,0,0.712135,24.545034,17.334342,20.939688,1800.619032,1592.640638,1696.6298350000002
16,18,1540,1644,96,91,96,91,0,0,0.401841,26.7684,23.608529,25.188464500000002,1623.237656,43.72677,833.482213
40,42,2558,23162,64,551,64,551,0,0,1.086071,28.572789,26.477073,27.524931000000002,1795.897516,1730.040229,1762.9688725
16,18,1540,1644,96,91,96,91,0,0,0.332607,22.150067,19.499529,20.824798,1458.109125,35.385422,746.7472735
16,18,1540,1644,96,91,96,91,0,0,0.674839,44.968001,39.62959,42.2987955,3324.633119,100.655008,1712.6440635000001
16,18,1272,2572,80,143,80,143,0,0,1.942658,129.48506,114.242297,121.86367849999999,7432.798422,188.878453,3810.8384375
16,18,1540,1644,96,91,96,91,0,0,0.539033,35.896399,31.678883,33.787641,2974.673175,75.611609,1525.142392
12,18,1580,10168,132,565,132,565,0,0,1.005668,91.393183,59.12818,75.2606815,9530.570223,7674.96142,8602.765821500001
2,2,130,162,65,81,65,81,0,0,0.00236,0.009,0.003,0.006,0.0,0.0,0.0
2,2,132,164,66,82,66,82,0,0,0.000943,0.001,0.005,0.003,0.0,0.0,0.0
16,18,1540,1644,96,91,96,91,0,0,0.020531,1.3478,1.125706,1.2367530000000002,81.633865,2.152048,41.8929565
30,42,2302,34406,77,819,77,819,0,0,0.247784,8.526448,6.032073,7.2792604999999995,553.121742,510.623852,531.872797
16,18,1540,1644,96,91,96,91,0,0,0.187617,12.485666,11.005765,11.7457155,684.737164,20.835213,352.7861885
2,2,132,164,66,82,66,82,0,0,0.001048,0.009,0.007,0.008,0.0,0.0,0.0
8,10,1052,824,132,82,132,82,0,0,0.026391,3.721571,2.879778,3.3006745,258.708743,7.299877,133.00431
2,2,132,164,66,82,66,82,0,0,0.000932,0.001,0.009,0.004999999999999999,0.0,0.0,0.0
8,10,1052,824,132,82,132,82,0,0,0.00387,0.505143,0.370667,0.437905,32.394151,0.65975,16.5269505
80,80,4654,72810,58,910,58,910,0,0,10.362406,132.847037,131.159328,132.00318249999998,24069.78319,745.212562,12407.497876
24,24,2024,4312,84,180,84,180,0,0,2.191199,99.584591,95.242437,97.41351399999999,6428.442257,174.508172,3301.4752144999998
16,18,1540,1644,96,91,96,91,0,0,3.923459,280.220989,225.692531,252.95675999999997,18083.01809,519.053063,9301.0355765
16,18,1540,1644,96,91,96,91,0,0,3.799452,253.274608,218.216531,235.7455695,18773.4027,520.015531,9646.7091155
78,80,4550,72810,58,910,58,910,0,0,0.650986,8.450312,8.232773,8.3415425,593.036639,586.70854,589.8725895
14,18,1684,10168,120,565,120,565,0,0,1.006262,77.380615,59.161353,68.270984,8766.247311,7674.885298,8220.5663045
16,18,1540,1644,96,91,96,91,0,0,3.392591,226.151861,212.009062,219.0804615,21595.04551,510.117937,11052.5817235
16,18,1540,1644,96,91,96,91,0,0,0.01927,1.2612,1.175563,1.2183815,76.600599,2.124174,39.3623865
16,18,1540,1644,96,91,96,91,0,0,3.884824,277.463654,228.455406,252.95953000000003,17620.58704,519.945062,9070.266050999999
52,42,37230,3380,716,80,716,80,0,0,23.30414,466.066903,582.589875,524.328389,86201.85783,2976.34975,44589.103789999994
16,18,1540,1644,96,91,96,91,0,0,0.019456,1.275133,1.117235,1.1961840000000001,81.753509,2.107392,41.9304505
28,30,4656,3080,166,103,166,103,0,0,18.123909,697.061091,624.943562,661.0023265,84961.41231,2469.023,43715.217655
22,24,1920,4312,87,180,87,180,0,0,15.867305,755.545321,755.555238,755.5502795,91723.31468,91728.6421,91725.97839
16,18,1540,1644,96,91,96,91,0,0,0.177321,11.7984,10.401059,11.0997295,706.404114,20.474605,363.4393595
16,18,1540,1644,96,91,96,91,0,0,0.14874,9.895267,9.224562,9.559914500000001,631.423896,16.944291,324.1840935
8,10,1052,824,132,82,132,82,0,0,0.007067,0.949857,0.732,0.8409285,51.553016,1.519531,26.5362735
16,18,1540,1644,96,91,96,91,0,0,0.134796,8.9656,7.901235,8.433417500000001,623.782919,14.125039,318.953979
2,2,132,164,66,82,66,82,0,0,0.000991,0.009,0.009,0.009,0.0,0.0,0.0
16,18,1540,1644,96,91,96,91,0,0,0.021693,1.4246,1.249823,1.3372115,86.045963,2.584631,44.315297
16,18,1540,1644,96,91,96,91,0,0,0.079282,5.191466,4.9265,5.058983,374.75464,8.259613,191.5071265
16,18,1540,1644,96,91,96,91,0,0,3.660789,261.461489,228.2315,244.8464945,17946.44181,508.905656,9227.673733
22,24,1920,4312,87,180,87,180,0,0,41.07386,1955.882107,1785.790424,1870.8362655,208854.0726,199572.8686,204213.4706
30,42,2302,34406,77,819,77,819,0,0,3.751744,129.358761,91.494369,110.426565,13782.94281,9505.882539,11644.4126745
8,10,1052,824,132,82,132,82,0,0,0.004016,0.523286,0.393222,0.45825400000000005,34.439426,0.741761,17.590593499999997
16,18,1540,1644,96,91,96,91,0,0,3.819751,254.625008,224.623359,239.62418350000002,17113.82142,529.015125,8821.418272500001
26,28,4152,2976,160,106,160,106,0,0,21.012264,840.47482,808.14325,824.309035,106659.3885,3209.65725,54934.522875
16,18,1540,1644,96,91,96,91,0,0,0.018788,1.162333,1.078647,1.12049,70.611474,2.145824,36.378649
66,66,3910,51808,59,785,59,785,0,0,21.134895,330.227965,325.141625,327.684795,66366.65761,2058.051,34212.354305
2,2,132,164,66,82,66,82,0,0,0.000991,0.009,0.002,0.0055,0.0,0.0,0.0
16,18,1540,1644,96,91,96,91,0,0,0.584021,38.887267,34.286059,36.586663,2566.391684,61.427117,1313.9094005000002
16,18,1540,1644,96,91,96,91,0,0,0.019356,1.2712,1.181875,1.2265375,80.384397,2.215837,41.300117
16,18,1540,1644,96,91,96,91,0,0,3.618151,241.183794,207.187828,224.185811,16783.268,531.091625,8657.1798125
30,42,2302,34406,77,819,77,819,0,0,2.91363,100.458962,70.718534,85.58874800000001,7222.597511,6640.905291,6931.7514009999995
16,18,1540,1644,96,91,96,91,0,0,1.537609,109.806573,90.415703,100.111138,7118.320988,206.988375,3662.6546815
78,80,4550,72810,58,910,58,910,0,0,0.580022,7.528727,7.335089,7.431908,450.272338,441.919425,446.0958815
16,18,1540,1644,96,91,96,91,0,0,1.983308,132.199267,104.776117,118.487692,8570.665496,266.860437,4418.7629664999995
16,18,1540,1644,96,91,96,91,0,0,3.680405,245.338942,215.554125,230.4465335,18217.9468,401.57625,9309.761525
16,18,1540,1644,96,91,96,91,0,0,0.021634,1.4196,1.245882,1.332741,83.763348,2.530347,43.1468475
16,18,1540,1644,96,91,96,91,0,0,0.504332,33.600735,33.207465,33.4041,2142.758419,61.651207,1102.2048129999998
354,746,18890,1087890,53,1458,53,1458,0,0,24.432871,69.214123,32.795041,51.004582,12501.32247,8611.425312,10556.373891
16,18,1540,1644,96,91,96,91,0,0,0.492705,32.823599,28.951176,30.887387500000003,2111.837002,56.277938,1084.0574700000002
40,42,2542,18612,64,443,64,443,0,0,1.694787,43.447642,41.324879,42.386260500000006,2870.227915,78.413578,1474.3207465
64,66,3806,51808,59,785,59,785,0,0,0.922025,14.629095,14.176154,14.4026245,879.657731,867.007501,873.332616
8,10,1052,824,132,82,132,82,0,0,0.302314,43.138713,33.523668,38.331190500000005,2568.90768,64.914863,1316.9112714999999
16,18,1540,1644,96,91,96,91,0,0,0.129762,9.246071,8.078312,8.6621915,14.938982,13.953883,14.4464325
8,10,1052,824,132,82,132,82,0,0,0.019565,2.741143,2.122333,2.431738,165.584164,3.064443,84.3243035
42,42,2662,23162,63,551,63,551,0,0,0.986727,24.660701,24.054244,24.3574725,1734.054174,48.547344,891.3007590000001
16,18,1540,1644,96,91,96,91,0,0,0.068018,4.470666,3.972,4.221333,308.180958,6.835823,157.5083905
16,18,1540,1644,96,91,96,91,0,0,3.148105,209.822996,185.153,197.487998,16710.68612,465.140906,8587.913513
22,24,1920,4312,87,180,87,180,0,0,41.07386,1955.882107,1785.790424,1870.8362655,208854.0726,199572.8686,204213.4706
16,18,1540,1644,96,91,96,91,0,0,3.220912,214.706735,189.400703,202.053719,12568.38179,396.488781,6482.4352855
16,18,1540,1644,96,91,96,91,0,0,3.490592,232.684267,204.319766,218.5020165,16404.4475,383.542531,8393.995015499999
16,18,1272,2572,80,143,80,143,0,0,7.40386,493.563183,435.456937,464.51005999999995,32632.30297,866.210563,16749.2567665
42,42,2662,23162,63,551,63,551,0,0,2.178787,53.114974,53.129023,53.1219985,3247.485151,90.992875,1669.2390129999999
30,42,2302,34406,77,819,77,819,0,0,4.127877,142.315275,100.666925,121.49110000000002,12611.38094,11965.03397,12288.207455
16,18,1540,1644,96,91,96,91,0,0,0.020512,1.344467,1.176,1.2602335,80.392781,2.436632,41.4147065
16,18,1540,1644,96,91,96,91,0,0,0.018822,1.2346,1.080529,1.1575644999999999,75.601774,2.134873,38.8683235
16,18,1540,1644,96,91,96,91,0,0,3.294676,235.31229,193.389125,214.3507075,19242.35562,439.389906,9840.872763
16,18,1540,1644,96,91,96,91,0,0,3.585639,239.01846,207.740406,223.379433,19467.61808,349.808406,9908.713243
352,746,18786,1087890,53,1458,53,1458,0,0,42.785805,122.24438,57.429864,89.83712200000001,44028.10216,30197.86997,37112.986065000005
28,42,2198,34406,79,819,79,819,0,0,3.222392,123.925075,78.58268,101.2538775,8963.310198,7755.836647,8359.5734225
16,18,1540,1644,96,91,96,91,0,0,3.391665,226.090206,199.471875,212.78104050000002,21000.24756,499.434094,10749.840827
40,42,2558,23162,64,551,64,551,0,0,1.061772,27.21641,25.883317,26.5498635,2169.47302,2111.74771,2140.610365
30,42,2302,34406,77,819,77,819,0,0,3.586728,128.085288,89.656526,108.87090699999999,10026.63702,8476.492619,9251.5648195
16,18,1540,1644,96,91,96,91,0,0,4.042907,269.506413,251.608125,260.557269,17180.23378,538.495375,8859.364577499999
28,42,2198,34406,79,819,79,819,0,0,3.969367,147.001513,95.5149,121.2582065,13681.60732,8654.531004,11168.069162
28,30,4256,3080,152,103,152,103,0,0,0.372556,13.78363,12.828759,13.3061945,716.652425,17.494381,367.073403
30,42,2302,34406,77,819,77,819,0,0,4.273767,147.359343,104.111631,125.735487,13164.75094,11841.91445,12503.332695000001
52,42,37230,3380,716,80,716,80,0,0,25.064472,491.453858,611.31525,551.384554,89448.2664,3071.483,46259.8747
16,18,1540,1644,96,91,96,91,0,0,0.020435,1.3422,1.175882,1.259041,83.15968,2.415219,42.787449499999994
26,28,4552,2976,175,106,175,106,0,0,15.053828,602.13898,557.529625,579.8343024999999,65313.85724,1908.638375,33611.247807499996
2,2,146,178,73,89,73,89,0,0,0.001011,0.009,0.008,0.0085,0.0,0.0,0.0
108,114,9504,12298,88,108,88,108,0,0,10.556132,99.581522,94.245515,96.91351850000001,19271.80111,0.0,9635.900555
4,4,568,304,142,76,142,76,0,0,2.529123,784.341688,760.910687,772.6261875,1109.2195,1076.08875,1092.654125
30,42,2302,34406,77,819,77,819,0,0,0.046594,1.595759,1.124098,1.3599285,87.807272,71.157159,79.4822155
16,18,1540,1644,96,91,96,91,0,0,0.078042,5.1604,4.560294,4.860347,401.680559,9.480166,205.5803625
14,8,8928,424,638,53,638,53,0,0,0.049217,3.785923,6.937571,5.361747,402.86829,16.830973,209.8496315
16,18,1540,1644,96,91,96,91,0,0,0.01934,1.268667,1.111,1.1898335,78.706792,2.199375,40.4530835
2,2,146,178,73,89,73,89,0,0,0.000921,0.001,0.009,0.004999999999999999,0.0,0.0,0.0
4,4,568,304,142,76,142,76,0,0,0.00424,1.130667,0.955667,1.043167,1.594054,1.345154,1.469604
8,10,1052,824,132,82,132,82,0,0,0.004828,0.511,0.537875,0.5244375,32.771298,0.770242,16.770770000000002
16,18,1540,1644,96,91,96,91,0,0,0.019813,1.299533,1.139765,1.219649,84.55612,1.902841,43.2294805
16,18,1540,1644,96,91,96,91,0,0,0.015316,1.000533,0.873941,0.9372369999999999,71.957317,1.480245,36.718781
30,42,2302,34406,77,819,77,819,0,0,0.060314,2.068276,1.459268,1.763772,128.619902,95.908736,112.264319
2,2,132,164,66,82,66,82,0,0,0.000948,0.001,0.005,0.003,0.0,0.0,0.0
16,18,1540,1644,96,91,96,91,0,0,0.102628,6.821333,6.382,6.6016665,420.1086,10.080393,215.09449650000002
2,2,146,178,73,89,73,89,0,0,0.001337,0.001,0.001,0.001,0.0,0.0,0.0
16,18,1540,1644,96,91,96,91,0,0,0.47812,31.851065,28.074471,29.962767999999997,2078.472263,66.842461,1072.6573620000001
16,18,1540,1644,96,91,96,91,0,0,0.013087,0.8524,0.79,0.8212,59.096159,1.387248,30.2417035
40,42,2558,23162,64,551,64,551,0,0,2.040015,52.299641,49.743343,51.021492,3353.238654,3272.740921,3312.9897875
16,18,1540,1644,96,91,96,91,0,0,0.019278,1.262733,1.106941,1.184837,80.213384,2.105411,41.159397500000004
52,42,37230,3380,716,80,716,80,0,0,19.310287,378.625728,482.743562,430.684645,64366.82244,2239.43625,33303.129345
40,40,2542,18508,64,463,64,463,0,0,1.507483,38.645053,38.608258,38.6266555,2387.890625,64.49827,1226.1944475
30,42,2302,34406,77,819,77,819,0,0,0.054773,1.945429,1.324805,1.6351170000000002,108.608663,84.394437,96.50155000000001
16,18,1540,1644,96,91,96,91,0,0,0.512399,34.138999,31.980625,33.059812,2477.897328,80.988172,1279.44275
16,18,1540,1644,96,91,96,91,0,0,0.567358,37.801868,33.324941,35.563404500000004,2646.395873,91.321273,1368.858573
16,18,1540,1644,96,91,96,91,0,0,0.168777,11.23,9.897706,10.563853,816.986152,24.206193,420.59617249999997
16,18,1540,1644,96,91,96,91,0,0,0.013509,0.8806,0.766235,0.8234175,60.191237,1.41525,30.8032435
8,10,1052,824,132,82,132,82,0,0,0.014135,1.837714,1.70025,1.768982,117.104543,3.659523,60.38203300000001
16,18,1540,1644,96,91,96,91,0,0,0.0242,1.592,1.391471,1.4917354999999999,92.810448,2.642676,47.726561999999994
40,42,2558,23162,64,551,64,551,0,0,0.268851,6.885487,6.545853,6.71567,414.853235,404.559805,409.70651999999995
16,18,1540,1644,96,91,96,91,0,0,0.025332,1.643733,1.463118,1.5534255,100.333836,2.650215,51.492025500000004
2,2,132,164,66,82,66,82,0,0,0.008375,0.005,0.001,0.003,0.0,0.0,0.0
78,80,4550,72810,58,910,58,910,0,0,0.652056,8.69004,8.246924,8.468482,497.708974,483.301793,490.5053835
16,18,1540,1644,96,91,96,91,0,0,0.02548,1.676467,1.564,1.6202334999999999,104.576747,2.689029,53.632888
16,18,1540,1644,96,91,96,91,0,0,0.0193,1.264467,1.108765,1.186616,77.551526,2.249342,39.900434
16,18,1272,2572,80,143,80,143,0,0,7.175667,478.3554,422.062406,450.20890299999996,37902.57991,1059.392,19480.985955
24,26,2024,4416,84,170,84,170,0,0,16.800821,730.454715,672.00872,701.2317175000001,91183.03759,87464.41746,89323.727525
22,24,3944,2768,179,115,179,115,0,0,0.195609,9.298476,8.484652,8.891564,657.842483,17.828584,337.8355335
78,82,4550,72914,58,889,58,889,0,0,17.574184,231.234717,216.956747,224.095732,45300.01765,44176.9426,44738.480125
62,60,5928,8114,96,135,96,135,0,0,1.166815,19.446916,19.765136,19.606026,1421.967548,1428.580079,1425.2738135
30,42,2302,34406,77,819,77,819,0,0,0.048957,1.677414,1.182634,1.430024,95.166613,79.057892,87.1122525
30,42,2302,34406,77,819,77,819,0,0,0.228149,7.856448,5.550317,6.7033825,609.830503,532.132353,570.981428
16,18,1540,1644,96,91,96,91,0,0,0.063337,4.1974,3.696765,3.9470825,377.728987,8.679216,193.2041015
64,66,3806,51808,59,785,59,785,0,0,2.05604,33.156727,31.622738,32.389732499999994,2759.060815,2695.010684,2727.0357495
16,18,1540,1644,96,91,96,91,0,0,0.076061,5.048067,4.445824,4.7469455,392.762955,12.341313,202.552134
2,2,132,164,66,82,66,82,0,0,0.001329,0.0,0.004,0.002,0.0,0.0,0.0
362,746,19306,1087890,53,1458,53,1458,0,0,43.721611,121.111667,58.685978,89.8988225,45017.51173,31360.08585,38188.79879
16,18,1540,1644,96,91,96,91,0,0,0.027426,1.935143,1.557059,1.746101,106.012827,2.882861,54.447844
16,18,1540,1644,96,91,96,91,0,0,0.095752,6.3634,5.602,5.9827,423.073121,10.42641,216.7497655
40,42,2558,23162,64,551,64,551,0,0,0.372385,9.540205,9.040952,9.2905785,555.49362,540.996508,548.245064
8,10,1052,824,132,82,132,82,0,0,0.019131,2.684429,2.071333,2.3778810000000004,177.496815,3.512919,90.504867
14,18,1684,10168,120,565,120,565,0,0,1.012849,77.884613,59.551823,68.71821800000001,8770.34871,7684.237145,8227.2929275
66,66,3910,51808,59,785,59,785,0,0,29.428701,452.744026,452.739156,452.74159099999997,95929.6294,3000.02975,49464.829575
16,18,1540,1644,96,91,96,91,0,0,0.019813,1.299533,1.139765,1.219649,84.55612,1.902841,43.2294805
16,18,1540,1644,96,91,96,91,0,0,0.020518,1.346933,1.178353,1.262643,83.602222,2.353394,42.977807999999996
16,18,1540,1644,96,91,96,91,0,0,0.508014,33.846001,29.849705,31.847853,2540.25742,81.429242,1310.843331
38,40,2438,18508,64,463,64,463,0,0,1.638996,45.516638,42.013539,43.765088500000005,2708.387851,2593.592904,2650.9903775000002
2,2,132,164,66,82,66,82,0,0,0.001032,0.009,0.007,0.008,0.0,0.0,0.0
28,42,2198,34406,79,819,79,819,0,0,0.044989,1.654556,1.085415,1.3699854999999999,97.385646,73.759673,85.5726595
16,18,1540,1644,96,91,96,91,0,0,0.074975,4.976867,4.380824,4.6788454999999995,385.33351,12.823102,199.078306
8,10,1052,824,132,82,132,82,0,0,0.003876,0.504571,0.376444,0.4405075,32.458262,0.660565,16.559413499999998
16,18,1540,1644,96,91,96,91,0,0,0.026517,1.746933,1.532823,1.639878,111.234565,2.788907,57.011736
8,10,1052,824,132,82,132,82,0,0,0.003744,0.485143,0.360444,0.4227935,31.227459,0.640623,15.934041
38,40,2438,18508,64,463,64,463,0,0,0.186804,5.1805,4.775308,4.9779040000000006,322.072965,303.575728,312.82434650000005
30,42,2302,34406,77,819,77,819,0,0,0.154073,5.4915,3.725732,4.608616,357.172319,266.679865,311.92609200000004
30,42,2302,34406,77,819,77,819,0,0,0.751445,25.900862,18.316732,22.108797,2562.456394,2485.106524,2523.781459
16,18,1540,1644,96,91,96,91,0,0,0.014724,0.960867,0.837529,0.8991979999999999,61.047146,1.386862,31.217004
16,18,1540,1644,96,91,96,91,0,0,0.547636,36.488735,32.186529,34.337632,2605.015886,87.871273,1346.4435795000002
16,18,1540,1644,96,91,96,91,0,0,0.162577,11.587928,9.533647,10.5607875,768.392265,22.360064,395.37616449999996
16,18,1540,1644,96,91,96,91,0,0,0.02099,1.379333,1.208353,1.2938429999999999,83.905231,2.632287,43.268759
16,18,1540,1644,96,91,96,91,0,0,0.168547,11.215533,10.504687,10.86011,804.504199,24.82941,414.6668045
2,2,132,164,66,82,66,82,0,0,0.001051,0.009,0.008,0.0085,0.0,0.0,0.0
2,2,146,178,73,89,73,89,0,0,0.001014,0.009,0.002,0.0055,0.0,0.0,0.0
52,42,37230,3380,716,80,716,80,0,0,25.990999,509.620569,649.76025,579.6904095,93571.26364,3239.4055,48405.33457
14,18,1684,10168,120,565,120,565,0,0,1.012849,77.884613,59.551823,68.71821800000001,8770.34871,7684.237145,8227.2929275
8,12,424,8824,53,735,53,735,0,0,0.230692,32.912714,23.019701,27.966207500000003,2156.500081,1719.894847,1938.197464
30,42,2302,34406,77,819,77,819,0,0,0.170443,6.074643,4.145732,5.1101875,316.792573,268.980391,292.886482
16,18,1540,1644,96,91,96,91,0,0,0.159687,10.625,9.364177,9.994588499999999,725.170481,21.053012,373.1117465
16,18,1540,1644,96,91,96,91,0,0,0.078009,5.179733,4.458765,4.819248999999999,387.022002,12.01968,199.520841
16,18,1540,1644,96,91,96,91,0,0,0.026844,1.7694,1.550647,1.6600235,111.535347,2.944722,57.2400345
16,18,1540,1644,96,91,96,91,0,0,0.024281,1.5984,1.400412,1.499406,105.139359,2.526771,53.833065
16,18,1540,1644,96,91,96,91,0,0,0.024981,1.6444,1.441647,1.5430234999999999,98.835452,2.66495,50.750201000000004
16,18,1540,1644,96,91,96,91,0,0,0.085497,5.6764,4.999176,5.337788,463.81883,9.621407,236.72011849999998
16,18,1540,1644,96,91,96,91,0,0,0.020889,1.3706,1.201471,1.2860355,87.490984,2.561242,45.026112999999995
16,18,1540,1644,96,91,96,91,0,0,0.062793,4.1636,3.895125,4.0293624999999995,324.145987,7.120292,165.6331395
16,18,1540,1644,96,91,96,91,0,0,0.094549,6.281466,5.534,5.907733,482.715283,10.023128,246.3692055
16,18,1540,1644,96,91,96,91,0,0,0.104892,6.9718,6.139176,6.555488,434.930103,11.558147,223.244125
64,66,3806,51808,59,785,59,785,0,0,0.033711,0.530111,0.509308,0.5197095,33.094202,31.938798,32.5165
52,42,37358,3380,718,80,718,80,0,0,7.000621,137.260328,170.733484,153.996906,12100.66042,388.430187,6244.5453035
8,10,1052,824,132,82,132,82,0,0,0.003887,0.506714,0.376556,0.441635,32.496004,0.659888,16.577946
40,42,2558,23162,64,551,64,551,0,0,1.576239,41.470843,39.392526,40.4316845,2611.230891,2554.184036,2582.7074635
28,30,4656,3080,166,103,166,103,0,0,12.300859,455.575579,439.2975,447.4365395,44864.09384,1323.84225,23093.968045
2,2,132,164,66,82,66,82,0,0,0.001037,0.009,0.007,0.008,0.0,0.0,0.0
122,126,7816,15132,64,120,64,120,0,0,10.566844,90.311588,85.211924,87.76175599999999,15366.38235,14864.40628,15115.394315
16,18,1540,1644,96,91,96,91,0,0,0.024281,1.5984,1.400412,1.499406,105.139359,2.526771,53.833065
30,42,2302,34406,77,819,77,819,0,0,3.796722,140.606999,97.29449,118.9507445,13592.54408,9929.255619,11760.8998495
16,18,1272,2572,80,143,80,143,0,0,8.470179,564.655483,498.208406,531.4319445,46875.47908,1300.499125,24087.9891025
16,18,1540,1644,96,91,96,91,0,0,0.013994,0.912333,0.796588,0.8544605,65.481934,1.492987,33.4874605
28,30,4256,3080,152,103,152,103,0,0,26.497456,981.374616,913.688688,947.5316519999999,135038.5875,4018.28925,69528.438375
16,18,1540,1644,96,91,96,91,0,0,0.019797,1.2996,1.136882,1.218241,81.572115,2.149094,41.8606045
52,54,2934,3740,56,69,56,69,0,0,0.877776,17.54928,16.870539,17.209909500000002,1625.564491,53.785719,839.675105
30,42,2302,34406,77,819,77,819,0,0,0.115773,3.977104,2.812073,3.3945885000000002,305.719791,237.197589,271.45869
24,24,2024,4312,84,180,84,180,0,0,29.683693,1290.580647,1290.568065,1290.574356,99886.32264,100063.3545,99974.83856999999
16,18,1540,1644,96,91,96,91,0,0,0.026517,1.746067,1.530941,1.6385040000000002,111.396528,2.673901,57.0352145
16,18,1540,1644,96,91,96,91,0,0,0.018761,1.2272,1.144437,1.1858184999999999,81.614114,2.193742,41.903928
14,18,1684,10168,120,565,120,565,0,0,1.006704,77.410998,59.188059,68.29952850000001,8765.652758,7673.952978,8219.802868
78,80,4550,72810,58,910,58,910,0,0,13.627812,184.154748,172.494999,178.32487350000002,31016.2282,30408.00511,30712.116654999998
24,26,4048,2872,169,110,169,110,0,0,21.163422,961.957443,846.51425,904.2358465,107643.8651,3078.92025,55361.392674999996
2,2,132,164,66,82,66,82,0,0,0.001042,0.009,0.007,0.008,0.0,0.0,0.0
80,80,4654,72810,58,910,58,910,0,0,12.531057,160.650551,160.646234,160.6483925,25381.34684,787.355688,13084.351263999999
16,18,1540,1644,96,91,96,91,0,0,0.018524,1.211267,1.062647,1.136957,86.03501,1.696396,43.865702999999996
78,80,4550,72810,58,910,58,910,0,0,23.497986,313.301677,297.434988,305.36833249999995,68415.88495,66684.02101,67549.95298
16,18,1272,2572,80,143,80,143,0,0,11.869318,791.264208,698.156562,744.7103850000001,72088.87773,2024.71225,37056.794989999995
16,18,1540,1644,96,91,96,91,0,0,0.01466,0.9534,0.836235,0.8948175,62.843483,1.4178,32.1306415
2,2,132,164,66,82,66,82,0,0,0.00104,0.009,0.007,0.008,0.0,0.0,0.0
30,42,2302,34406,77,819,77,819,0,0,0.056071,1.922414,1.390125,1.6562695,105.232423,83.582862,94.40764250000001
2,2,132,164,66,82,66,82,0,0,0.00102,0.009,0.007,0.008,0.0,0.0,0.0
12,18,1580,10168,132,565,132,565,0,0,25.174471,2288.557045,1480.819382,1884.6882135,192176.6555,154766.5914,173471.62345
12,18,1580,10168,132,565,132,565,0,0,20.227507,1838.832045,1189.819287,1514.3256660000002,147143.6423,118430.3957,132787.019
16,18,1540,1644,96,91,96,91,0,0,0.019175,1.2568,1.101353,1.1790764999999999,77.266979,2.157428,39.7122035
28,30,4656,3080,166,103,166,103,0,0,15.82217,585.99194,545.572375,565.7821575,61315.83032,1792.90425,31554.367285
40,42,2558,23162,64,551,64,551,0,0,0.016098,0.404795,0.387375,0.396085,23.661072,25.022607,24.3418395
64,68,3806,51912,59,763,59,763,0,0,33.367344,538.177661,505.555427,521.866544,109240.7947,106076.2688,107658.53175
16,18,1540,1644,96,91,96,91,0,0,0.023379,1.537133,1.347765,1.442449,99.509389,2.576742,51.0430655
16,18,1540,1644,96,91,96,91,0,0,0.018726,1.2266,1.140813,1.1837065,74.693083,2.285301,38.489192
2,2,132,164,66,82,66,82,0,0,0.001082,0.01,0.004,0.007,0.0,0.0,0.0
16,18,1540,1644,96,91,96,91,0,0,0.023612,1.553533,1.362412,1.4579725,97.107675,2.653658,49.880666500000004
16,18,1540,1644,96,91,96,91,0,0,0.018609,1.219333,1.068823,1.144078,74.760047,2.235575,38.497811
78,80,4550,72810,58,910,58,910,0,0,4.30113,55.851909,55.076615,55.464262,4060.177137,4108.044984,4084.1110605000003
14,18,1684,10168,120,565,120,565,0,0,17.057222,1312.064692,1003.333471,1157.6990815,103764.4026,90848.0475,97306.22505000001
8,10,1052,824,132,82,132,82,0,0,0.003952,0.514143,0.384333,0.449238,33.423863,0.669842,17.0468525
28,30,4256,3080,152,103,152,103,0,0,14.772945,568.17818,509.392812,538.785496,53087.82268,1526.4225,27307.12259
2,2,146,178,73,89,73,89,0,0,0.001065,0.009,0.007,0.008,0.0,0.0,0.0
78,82,4550,72914,58,889,58,889,0,0,7.884662,103.741286,98.550084,101.145685,10216.03931,10040.27622,10128.157765
64,66,3806,51808,59,785,59,785,0,0,19.565264,315.561901,300.994262,308.2780815,55652.05852,54387.73179,55019.895155
16,18,1540,1644,96,91,96,91,0,0,0.018663,1.224333,1.138062,1.1811975,75.003068,2.309925,38.6564965
16,18,1272,2572,80,143,80,143,0,0,6.693488,446.209058,393.696125,419.95259150000004,30263.4745,810.364812,15536.919656
14,18,1684,10168,120,565,120,565,0,0,10.660913,819.988058,666.272387,743.1302225,48630.12829,44251.25805,46440.69317
22,24,1920,4312,87,180,87,180,0,0,12.632728,601.540854,549.199565,575.3702095,63516.53121,60700.17703,62108.35412
16,18,1272,2572,80,143,80,143,0,0,24.025476,1601.675033,1413.22325,1507.4491415,163769.8194,4655.4155,84212.61745
40,42,2558,23162,64,551,64,551,0,0,0.133515,3.41559,3.243244,3.329417,202.101644,196.393378,199.247511
42,42,2662,23162,63,551,63,551,0,0,4.486593,109.421437,111.144602,110.2830195,7571.684548,213.676547,3892.6805475
52,42,37358,3380,718,80,718,80,0,0,26.373018,517.111017,659.311625,588.211321,90424.46317,3152.5105,46788.486835
2,2,132,164,66,82,66,82,0,0,0.00101,0.009,0.005,0.006999999999999999,0.0,0.0,0.0
16,18,1540,1644,96,91,96,91,0,0,0.023429,1.650714,1.347,1.498857,101.610814,2.545443,52.078128500000005
16,18,1540,1644,96,91,96,91,0,0,0.023391,1.538467,1.348647,1.443557,103.270109,2.505099,52.887604
8,10,1052,824,132,82,132,82,0,0,0.004069,0.528857,0.389667,0.459262,33.595617,0.69381,17.144713499999998
30,42,2302,34406,77,819,77,819,0,0,0.039034,1.334966,0.939098,1.137032,75.413857,63.422928,69.4183925
2,2,132,164,66,82,66,82,0,0,0.00101,0.01,0.006,0.008,0.0,0.0,0.0
16,18,1540,1644,96,91,96,91,0,0,0.025206,1.617733,1.546687,1.58221,103.089521,2.780009,52.934765000000006
16,18,1540,1644,96,91,96,91,0,0,0.013968,0.9104,0.794765,0.8525825,64.591933,1.484153,33.038043
8,10,1052,824,132,82,132,82,0,0,0.003955,0.515857,0.380222,0.44803950000000003,32.972543,0.679814,16.8261785
8,10,1052,824,132,82,132,82,0,0,0.004331,0.57,0.427,0.49849999999999994,38.002692,0.677658,19.340175000000002
78,80,4550,72810,58,910,58,910,0,0,29.219688,389.591327,369.861302,379.7263145,85328.80462,83148.14891,84238.476765
30,42,2302,34406,77,819,77,819,0,0,0.045454,1.556621,1.096341,1.326481,91.1658,70.616337,80.8910685
16,18,1540,1644,96,91,96,91,0,0,0.018553,1.214533,1.063471,1.139002,78.133663,1.71413,39.9238965
16,18,1540,1644,96,91,96,91,0,0,0.018569,1.214533,1.065647,1.14009,81.630379,1.96542,41.7978995
2,2,132,164,66,82,66,82,0,0,0.00103,0.009,0.008,0.0085,0.0,0.0,0.0
78,80,4550,72810,58,910,58,910,0,0,21.298256,276.596707,269.590211,273.093459,55962.82106,55661.55476,55812.18791
24,24,2024,4312,84,180,84,180,0,0,1.666249,72.429866,72.420953,72.4254095,4393.84157,118.798203,2256.3198865
64,66,3806,51808,59,785,59,785,0,0,25.400373,409.678003,390.765354,400.2216785,79192.21494,77576.10224,78384.15859
28,28,4656,2976,166,106,166,106,0,0,29.558313,1094.740815,1094.728125,1094.73447,145000.3996,4457.4115,74728.90555
16,18,1540,1644,96,91,96,91,0,0,0.020817,1.3658,1.197353,1.2815765,87.67053,2.843799,45.2571645
28,30,4256,3080,152,103,152,103,0,0,9.302211,344.51384,320.746219,332.6300295,22605.10523,614.715125,11609.9101775
28,42,2198,34406,79,819,79,819,0,0,0.036952,1.356,0.889707,1.1228535000000002,75.972836,62.119813,69.0463245
12,18,1580,10168,132,565,132,565,0,0,24.060349,2187.264182,1415.282346,1801.273264,172774.1331,138246.3931,155510.26309999998
80,80,4654,72810,58,910,58,910,0,0,22.543621,289.016225,289.012594,289.0144095,58233.83317,1820.395875,30027.1145225
16,18,1540,1644,96,91,96,91,0,0,0.018698,1.225933,1.073412,1.1496724999999999,75.059299,2.153833,38.606566
16,18,1540,1644,96,91,96,91,0,0,0.023411,1.539533,1.349765,1.444649,96.696319,2.698077,49.697198
16,18,1540,1644,96,91,96,91,0,0,0.02455,1.615467,1.416529,1.515998,99.197733,2.434835,50.816284
40,40,2542,18508,64,463,64,463,0,0,2.779928,73.138314,73.142188,73.140251,5092.744769,143.451281,2618.098025
40,42,2558,23162,64,551,64,551,0,0,2.047124,52.481975,49.917097,51.199535999999995,3776.955577,3691.65457,3734.3050735
16,18,1540,1644,96,91,96,91,0,0,0.024292,1.599067,1.402059,1.500563,101.206386,2.399884,51.803135
24,24,2024,4312,84,180,84,180,0,0,10.310759,468.654148,448.265219,458.4596835,35539.17028,1011.450625,18275.310452499998
28,28,4656,2976,166,106,166,106,0,0,10.133909,375.317294,389.744656,382.530975,27987.1599,834.130063,14410.6449815
16,18,1540,1644,96,91,96,91,0,0,0.024173,1.568267,1.395235,1.481751,100.05635,2.500568,51.278459
14,18,1684,10168,120,565,120,565,0,0,9.375982,721.200538,551.494118,636.3473280000001,47535.60149,41684.06793,44609.834709999996
16,18,1540,1644,96,91,96,91,0,0,0.023386,1.538333,1.432,1.4851665,101.256831,2.535425,51.896128000000004
16,18,1540,1644,96,91,96,91,0,0,0.018739,1.2286,1.073471,1.1510354999999999,75.516237,2.200131,38.858184
28,42,2198,34406,79,819,79,819,0,0,0.053869,1.982037,1.3,1.6410185,112.212268,77.316023,94.7641455
2,2,146,178,73,89,73,89,0,0,0.001071,0.009,0.007,0.008,0.0,0.0,0.0
22,24,1920,4312,87,180,87,180,0,0,8.067271,403.346197,350.724908,377.0355525,24057.79975,22433.18032,23245.490035
30,42,2302,34406,77,819,77,819,0,0,0.05624,1.928621,1.358951,1.643786,110.057108,83.776335,96.9167215
16,18,1272,2572,80,143,80,143,0,0,15.866922,1057.770133,933.312312,995.5412225,94130.252,2637.03625,48383.644125
16,18,1540,1644,96,91,96,91,0,0,0.020799,1.3664,1.196,1.2812000000000001,86.321151,2.742321,44.531736
80,80,4654,72810,58,910,58,910,0,0,6.025102,76.261798,77.140258,76.70102800000001,4758.811967,133.130953,2445.9714599999998
52,42,37230,3380,716,80,716,80,0,0,12.882724,252.594522,314.198031,283.3962765,29618.52742,984.285687,15301.406553499999
16,18,1540,1644,96,91,96,91,0,0,0.020831,1.368133,1.197706,1.2829195,85.728141,2.644734,44.1864375
14,18,1684,10168,120,565,120,565,0,0,27.092335,2083.999,1593.635647,1838.8173235,182305.9898,159515.7573,170910.87355000002
16,18,1540,1644,96,91,96,91,0,0,0.016187,1.058067,0.925529,0.9917980000000001,81.651246,1.970072,41.810659
78,80,4550,72810,58,910,58,910,0,0,19.786167,260.340119,253.661075,257.000597,47723.60776,47607.85158,47665.72967
16,18,1540,1644,96,91,96,91,0,0,0.018545,1.2152,1.063823,1.1395115,75.700536,2.129419,38.9149775
16,18,1540,1644,96,91,96,91,0,0,0.019148,1.253733,1.098882,1.1763075,76.59932,2.263122,39.431221
16,18,1540,1644,96,91,96,91,0,0,0.013952,0.908733,0.733059,0.8208960000000001,58.179629,1.356602,29.7681155
16,18,1540,1644,96,91,96,91,0,0,0.018931,1.241467,1.086353,1.16391,75.275383,2.298631,38.787007
16,18,1540,1644,96,91,96,91,0,0,0.019541,1.2674,1.122235,1.1948175,75.22748,2.188178,38.707829
14,18,1684,10168,120,565,120,565,0,0,31.384251,2414.078385,1846.099235,2130.0888099999997,217309.3811,191119.2112,204214.29615
16,18,1540,1644,96,91,96,91,0,0,0.019556,1.281533,1.123353,1.2024430000000002,80.052039,2.208135,41.130086999999996
4,4,568,304,142,76,142,76,0,0,4.084197,1331.686625,639.937312,985.8119685,1883.287875,905.006625,1394.14725
4,4,528,304,132,76,132,76,0,0,0.676058,106.343336,220.644328,163.493832,150.385109,312.032562,231.2088355
16,18,1540,1644,96,91,96,91,0,0,0.019469,1.275733,1.118706,1.1972195,78.185979,2.305054,40.2455165
40,40,2542,18508,64,463,64,463,0,0,1.874098,48.046102,48.04141,48.043756,3201.832772,89.039367,1645.4360695
64,68,3806,51912,59,763,59,763,0,0,33.726345,562.100379,503.368223,532.734301,108033.8972,102257.4067,105145.65195
2,2,146,178,73,89,73,89,0,0,0.001443,0.001,0.002,0.0015,0.0,0.0,0.0
16,18,1540,1644,96,91,96,91,0,0,0.019807,1.298933,1.136118,1.2175254999999998,79.055652,2.25958,40.657616
42,42,2662,23162,63,551,63,551,0,0,3.478347,86.950423,84.825563,85.887993,4936.024513,128.903594,2532.4640535000003
8,10,1052,824,132,82,132,82,0,0,0.003754,0.486857,0.364222,0.42553949999999996,31.437709,0.632525,16.035117
16,18,1272,2572,80,143,80,143,0,0,13.623337,908.198858,851.419,879.808929,70521.47073,1988.942125,36255.2064275
52,42,37230,3380,716,80,716,80,0,0,31.37318,627.456622,765.185812,696.321217,111331.2322,3799.784,57565.5081
16,18,1540,1644,96,91,96,91,0,0,0.019804,1.299133,1.133118,1.2161255,82.896849,2.130276,42.5135625
40,42,2558,23162,64,551,64,551,0,0,2.038492,53.636238,49.708438,51.672337999999996,3212.33397,3091.979715,3152.1568425
30,42,2302,34406,77,819,77,819,0,0,0.049169,1.68469,1.171732,1.4282110000000001,108.649366,91.752203,100.2007845
16,18,1272,2572,80,143,80,143,0,0,2.879349,191.9322,169.336828,180.634514,10703.8244,269.03,5486.4272
16,18,1540,1644,96,91,96,91,0,0,0.013721,0.894133,0.779882,0.8370074999999999,60.851498,1.520992,31.186245
2,2,132,164,66,82,66,82,0,0,0.000978,0.006,0.008,0.007,0.0,0.0,0.0
78,80,4550,72810,58,910,58,910,0,0,0.333088,4.321922,4.209696,4.265809,250.464298,246.341518,248.40290800000002
16,18,1540,1644,96,91,96,91,0,0,0.019201,1.258733,1.102059,1.180396,78.891864,2.429199,40.6605315
4,4,528,304,132,76,132,76,0,0,0.238061,61.341668,25.284666,43.313167,86.744563,35.755797,61.25018
38,40,2438,18508,64,463,64,463,0,0,0.173652,4.684297,4.439282,4.5617895,308.422334,303.915966,306.16915
8,10,1052,824,132,82,132,82,0,0,0.00388,0.505143,0.371667,0.43840500000000004,31.860334,0.676736,16.268535
16,18,1540,1644,96,91,96,91,0,0,0.019739,1.296133,1.088706,1.1924195,76.582986,2.413292,39.498139
38,40,2438,18508,64,463,64,463,0,0,0.041741,1.119514,1.056359,1.0879365,68.459022,67.827933,68.1434775
66,66,3910,51808,59,785,59,785,0,0,5.341356,82.169769,82.166461,82.168115,5162.315193,141.081578,2651.6983855000003
66,68,3910,51912,59,763,59,763,0,0,3.327076,51.178909,50.345969,50.762439,3039.8181,81.13057,1560.4743349999999
16,18,1540,1644,96,91,96,91,0,0,0.019232,1.261733,1.104177,1.182955,79.014155,2.049999,40.532077
38,42,2438,18612,64,443,64,443,0,0,1.484981,40.126164,37.112125,38.619144500000004,2896.04906,2783.959008,2840.0040339999996
16,18,1540,1644,96,91,96,91,0,0,0.019247,1.2626,1.103235,1.1829174999999998,77.882653,2.155297,40.018975000000005
38,40,2438,18508,64,463,64,463,0,0,1.962275,54.498639,50.302154,52.4003965,3909.289222,3755.00556,3832.147391
12,18,1580,10168,132,565,132,565,0,0,16.131182,1466.438205,948.859526,1207.6488654999998,106495.8296,85722.04247,96108.93603499999
122,126,7816,15132,64,120,64,120,0,0,19.900841,164.466844,159.20233,161.834587,38529.79514,37527.94825,38028.871695
4,4,520,304,130,76,130,76,0,0,1.72013,281.332344,366.676344,324.00434399999995,397.856938,518.555813,458.2063755
52,42,37230,3380,716,80,716,80,0,0,3.118053,61.131036,75.901094,68.516065,4635.138279,145.374422,2390.2563505
16,18,1540,1644,96,91,96,91,0,0,0.019152,1.2544,1.099,1.1766999999999999,78.074803,2.534369,40.304586
30,42,2302,34406,77,819,77,819,0,0,0.051503,1.758966,1.274125,1.5165454999999999,104.734813,86.126558,95.43068550000001
16,18,1540,1644,96,91,96,91,0,0,0.01859,1.2176,1.130062,1.1738309999999998,74.919025,2.242563,38.580794000000004
16,18,1540,1644,96,91,96,91,0,0,0.018674,1.224867,1.071765,1.148316,73.886548,2.152698,38.019623
16,18,1540,1644,96,91,96,91,0,0,0.018727,1.227867,1.074823,1.151345,75.779968,2.102507,38.9412375
38,42,2438,18612,64,443,64,443,0,0,1.70883,46.169432,41.667487,43.9184595,3332.043864,3165.601536,3248.8227
40,40,2542,18508,64,463,64,463,0,0,1.854422,47.539999,47.536719,47.538359,3011.074823,82.636633,1546.855728
40,40,2542,18508,64,463,64,463,0,0,2.503861,64.193228,64.189512,64.19137,5633.245905,166.149609,2899.697757
14,18,1684,10168,120,565,120,565,0,0,31.384251,2414.078385,1846.099235,2130.0888099999997,217309.3811,191119.2112,204214.29615
26,28,4152,2976,160,106,160,106,0,0,14.736482,589.44646,545.775313,567.6108865,50174.00961,1428.220375,25801.1149925
22,24,1920,4312,87,180,87,180,0,0,13.555294,645.433003,589.33356,617.3832815000001,58651.35214,56580.6688,57616.01047
16,18,1540,1644,96,91,96,91,0,0,0.018733,1.228,1.075177,1.1515885,75.553721,2.102709,38.828215
122,126,7816,15132,64,120,64,120,0,0,23.582144,196.514944,190.174184,193.344564,47496.58309,46548.73445,47022.65877
64,66,3806,51808,59,785,59,785,0,0,15.767817,250.277383,250.272874,250.2751285,36006.13116,36282.62023,36144.375694999995
52,40,37230,3276,716,82,716,82,0,0,0.490083,9.60251,12.552897,11.0777035,892.558402,30.244799,461.4016005
8,10,1052,824,132,82,132,82,0,0,0.003802,0.494857,0.369556,0.4322065,32.004437,0.672697,16.338567
26,42,2094,34406,81,819,81,819,0,0,0.044835,1.78124,1.08078,1.4310100000000001,103.895894,69.704019,86.79995650000001
2,2,132,164,66,82,66,82,0,0,0.001023,0.009,0.007,0.008,0.0,0.0,0.0
16,18,1540,1644,96,91,96,91,0,0,0.018814,1.232333,1.076177,1.154255,76.029152,2.065588,39.04737
30,42,2302,34406,77,819,77,819,0,0,0.040964,1.401069,0.987537,1.194303,83.279915,73.914557,78.59723600000001
16,18,1540,1644,96,91,96,91,0,0,0.01834,1.2002,1.051471,1.1258355,73.912706,2.065306,37.989006
8,10,1052,824,132,82,132,82,0,0,0.003869,0.502714,0.372667,0.4376905,32.303598,0.661011,16.4823045
2,2,132,164,66,82,66,82,0,0,0.000979,0.006,0.004,0.005,0.0,0.0,0.0
16,18,1540,1644,96,91,96,91,0,0,0.014455,0.9428,0.824353,0.8835765,65.926889,1.472283,33.699586000000004
2,2,146,178,73,89,73,89,0,0,0.001005,0.001,0.009,0.004999999999999999,0.0,0.0,0.0
16,18,1540,1644,96,91,96,91,0,0,0.024254,1.5966,1.399529,1.4980645,102.780002,2.553776,52.666889
16,18,1540,1644,96,91,96,91,0,0,0.020764,1.3634,1.194706,1.279053,84.937709,2.321509,43.629609
2,2,146,178,73,89,73,89,0,0,0.001057,0.004,0.007,0.0055,0.0,0.0,0.0
16,18,1540,1644,96,91,96,91,0,0,0.020162,1.3232,1.158706,1.240953,80.679588,2.396642,41.538115
16,18,1540,1644,96,91,96,91,0,0,0.01942,1.273467,1.115412,1.1944395,78.39501,2.443859,40.4194345
30,42,2302,34406,77,819,77,819,0,0,0.039587,1.354379,0.953951,1.1541649999999999,75.354578,63.98613,69.670354
24,24,2024,4312,84,180,84,180,0,0,25.4077,1104.664196,1104.653174,1104.6586849999999,127936.2412,127942.9636,127939.6024
64,66,3806,51808,59,785,59,785,0,0,16.173149,256.711749,252.695323,254.70353599999999,34605.71117,34427.23172,34516.471445
8,10,1052,824,132,82,132,82,0,0,0.003919,0.510714,0.378778,0.444746,32.70383,0.671531,16.687680500000003
14,18,1684,10168,120,565,120,565,0,0,27.176294,2090.454769,1598.572941,1844.513855,173760.578,152602.8813,163181.72965
122,126,7816,15132,64,120,64,120,0,0,26.356098,217.815978,214.272847,216.04441250000002,53007.75581,52521.07383,52764.414820000005
2,2,132,164,66,82,66,82,0,0,0.001029,0.009,0.007,0.008,0.0,0.0,0.0
12,18,1580,10168,132,565,132,565,0,0,11.785961,1071.418432,693.25871,882.338571,60691.57665,43611.78387,52151.68026
3,3,84,138,28,46,28,46,0,0,42.280575,21140.224,21140.2,21140.212,7.979928,0.0,3.989964
28,30,4656,3080,166,103,166,103,0,0,9.242197,342.291532,318.678344,330.484938,20340.96803,526.786313,10433.8771715
64,66,3806,51808,59,785,59,785,0,0,12.311934,195.422471,189.404785,192.41362800000002,20783.54606,20464.97115,20624.258605000003
22,24,1920,4312,87,180,87,180,0,0,27.231028,1296.698429,1183.929293,1240.313861,0.0,140990.4868,70495.2434
52,42,37358,3380,718,80,718,80,0,0,0.516777,10.125941,12.591512,11.3587265,773.776844,25.169277,399.4730605
14,18,1684,10168,120,565,120,565,0,0,28.935349,2225.769769,1702.049412,1963.9095905,184425.5466,162465.7962,173445.6714
38,40,2438,18508,64,463,64,463,0,0,2.054482,55.518163,52.663436,54.0907995,4264.52047,4115.846163,4190.183316500001
4,4,520,304,130,76,130,76,0,0,0.001739,0.438,0.232667,0.3353335,0.614475,0.321969,0.468222
4,4,520,304,130,76,130,76,0,0,2.578153,803.000312,94.34,448.670156,1135.6125,133.414078,634.513289
122,126,7816,15132,64,120,64,120,0,0,7.2578,61.503813,60.486302,60.9950575,3863.72009,3849.940576,3856.830333
16,18,1540,1644,96,91,96,91,0,0,0.014351,0.935667,0.817412,0.8765395,62.685849,1.547328,32.1165885
16,18,1540,1644,96,91,96,91,0,0,0.019029,1.247867,1.1605,1.2041835,76.058072,2.252594,39.155333
8,10,1052,824,132,82,132,82,0,0,0.003777,0.490429,0.368,0.4292145,31.598677,0.65242,16.1255485
8,10,1052,824,132,82,132,82,0,0,0.004932,0.654857,0.484,0.5694285,36.387425,0.920754,18.6540895
2,2,146,178,73,89,73,89,0,0,0.000997,0.009,0.004,0.0065,0.0,0.0,0.0
16,18,1540,1644,96,91,96,91,0,0,0.020845,1.368133,1.272,1.3200665,83.1545,2.324063,42.7392815
16,18,1540,1644,96,91,96,91,0,0,0.021604,1.419533,1.243823,1.331678,83.254756,2.348644,42.8017
38,40,2438,18508,64,463,64,463,0,0,0.033881,0.932556,0.854359,0.8934575,62.591088,60.441525,61.5163065
14,18,1684,10168,120,565,120,565,0,0,3.817539,293.62976,238.561813,266.0957865,17024.62774,15333.50957,16179.068655
40,42,2558,23162,64,551,64,551,0,0,0.014867,0.392405,0.349683,0.37104400000000004,22.604495,20.078818,21.3416565
38,40,2438,18508,64,463,64,463,0,0,2.839987,76.747757,72.791561,74.76965899999999,4531.263163,4412.289646,4471.7764045
16,18,1272,2572,80,143,80,143,0,0,4.570782,304.694733,285.638562,295.16664749999995,22046.87679,611.239375,11329.0580825
16,18,1540,1644,96,91,96,91,0,0,0.019151,1.256667,1.096235,1.1764510000000001,76.193823,2.290315,39.242069
62,58,5928,8010,96,138,96,138,0,0,0.01182,0.197,0.210509,0.2037545,12.453877,0.0,6.2269385
16,18,1540,1644,96,91,96,91,0,0,0.014722,0.960667,0.891563,0.926115,64.304679,1.631094,32.9678865
16,18,1540,1644,96,91,96,91,0,0,0.019058,1.25,1.094118,1.172059,75.414299,2.131364,38.7728315
16,18,1540,1644,96,91,96,91,0,0,0.015388,1.004933,0.876235,0.9405840000000001,67.603504,1.43033,34.516917
2,2,132,164,66,82,66,82,0,0,0.001023,0.009,0.007,0.008,0.0,0.0,0.0
16,18,1540,1644,96,91,96,91,0,0,0.023928,1.568267,1.379882,1.4740745,89.217414,2.333899,45.775656500000004
16,18,1540,1644,96,91,96,91,0,0,0.021125,1.385333,1.213706,1.2995195,85.993794,2.119051,44.0564225
52,42,37230,3380,716,80,716,80,0,0,0.183973,3.600118,4.47278,4.036449,426.988918,14.519533,220.75422550000002
16,18,1540,1644,96,91,96,91,0,0,0.015044,0.9832,0.855647,0.9194235,66.546883,1.590129,34.068506
30,42,2302,34406,77,819,77,819,0,0,0.049744,1.703138,1.20161,1.452374,94.538368,78.703887,86.6211275
8,10,1052,824,132,82,132,82,0,0,0.003866,0.501714,0.371778,0.43674599999999997,32.044572,0.678115,16.3613435
8,10,1052,824,132,82,132,82,0,0,0.005487,0.733143,0.558556,0.6458495,42.388061,0.976988,21.6825245
12,18,1580,10168,132,565,132,565,0,0,13.858089,1259.79525,815.147886,1037.471568,80554.21857,64634.26016,72594.239365
52,42,37358,3380,718,80,718,80,0,0,0.530808,10.401412,12.933902,11.667657,784.646878,25.024951,404.8359145
122,126,7816,15132,64,120,64,120,0,0,6.633155,54.816486,52.692742,53.754614000000004,4039.584461,3993.216312,4016.4003865
14,18,1684,10168,120,565,120,565,0,0,29.608227,2277.452846,1741.629941,2009.5413935000001,192375.8555,168318.3934,180347.12445
24,24,2024,4312,84,180,84,180,0,0,41.658875,1811.240152,1811.227875,1811.2340135,183106.5782,5500.332,94303.45509999999
16,18,1272,2572,80,143,80,143,0,0,17.39233,1159.465667,1023.040375,1091.253021,90745.77169,2494.2565,46620.014095
24,24,2024,4312,84,180,84,180,0,0,47.584915,2162.934773,2068.87837,2115.9065714999997,265700.9134,259865.7489,262783.33115
78,82,4550,72914,58,889,58,889,0,0,23.465475,308.752036,289.689525,299.2207805,56421.74272,54747.8229,55584.782810000004
24,24,2024,4312,84,180,84,180,0,0,30.279079,1316.466,1316.45425,1316.460125,101020.2998,2922.41025,51971.355025
4,4,568,312,142,78,142,78,0,0,2.258385,722.681,501.976656,612.328828,1022.02175,709.897938,865.959844
38,42,2438,18612,64,443,64,443,0,0,1.888735,51.038542,46.055024,48.546783000000005,2952.256126,2800.65054,2876.4533330000004
16,18,1540,1644,96,91,96,91,0,0,0.019145,1.253733,1.099,1.1763664999999999,76.852852,2.072668,39.46276
30,42,2302,34406,77,819,77,819,0,0,0.0489,1.730964,1.177537,1.4542505000000001,97.591082,71.941212,84.76614699999999
78,80,4550,72810,58,910,58,910,0,0,0.044901,0.586697,0.560721,0.573709,35.250767,33.888365,34.569566
52,42,37230,3380,716,80,716,80,0,0,0.037714,0.732745,0.896756,0.8147504999999999,49.587127,2.127778,25.8574525
16,18,1540,1644,96,91,96,91,0,0,0.020835,1.367867,1.198706,1.2832865,84.36379,2.221301,43.292545499999996
64,66,3806,51808,59,785,59,785,0,0,0.030343,0.475397,0.464531,0.46996400000000005,27.930173,27.320508,27.6253405
30,42,2302,34406,77,819,77,819,0,0,0.053224,1.823552,1.285829,1.5546905,108.869591,86.977919,97.923755
40,42,2558,23162,64,551,64,551,0,0,0.015388,0.407541,0.362561,0.38505100000000003,22.7134,21.800951,22.257175500000002
2,2,146,178,73,89,73,89,0,0,0.001083,0.009,0.007,0.008,0.0,0.0,0.0
22,24,1920,4312,87,180,87,180,0,0,6.62577,315.495513,301.146895,308.32120399999997,23388.6294,22869.77202,23129.20071
22,24,1920,4312,87,180,87,180,0,0,13.639624,649.488265,593.004495,621.24638,61414.6727,58682.31019,60048.491445
30,42,2302,34406,77,819,77,819,0,0,0.040025,1.418571,0.964439,1.191505,79.216014,63.620805,71.4184095
12,18,1580,10168,132,565,132,565,0,0,1.029971,93.601455,60.555352,77.07840350000001,9613.026871,7742.109304,8677.5680875
18,18,3736,2456,208,136,208,136,0,0,0.004773,0.259059,0.248529,0.25379399999999996,12.740771,0.320888,6.5308295
2,2,146,178,73,89,73,89,0,0,0.000954,0.001,0.003,0.002,0.0,0.0,0.0
4,4,568,304,142,76,142,76,0,0,0.004554,1.205,1.042667,1.1238335,1.695644,1.465361,1.5805025
2,2,146,178,73,89,73,89,0,0,0.001102,0.009,0.007,0.008,0.0,0.0,0.0
64,66,3806,51808,59,785,59,785,0,0,0.03295,0.526258,0.490338,0.508298,28.492021,28.002885,28.247453
52,42,37358,3380,718,80,718,80,0,0,0.530966,10.404294,12.937366,11.67083,807.277797,25.737238,416.5075175
2,2,146,178,73,89,73,89,0,0,0.001034,0.009,0.005,0.006999999999999999,0.0,0.0,0.0
78,80,4550,72810,58,910,58,910,0,0,0.058337,0.763224,0.731679,0.7474514999999999,0.0,45.460502,22.730251
18,18,3736,2456,208,136,208,136,0,0,0.006484,0.362941,0.353294,0.3581175,19.790231,0.523806,10.1570185
64,66,3806,51808,59,785,59,785,0,0,0.028953,0.462016,0.449857,0.45593649999999997,25.272781,24.990256,25.1315185
2,2,130,162,65,81,65,81,0,0,0.001087,0.01,0.007,0.0085,0.0,0.0,0.0
122,126,7810,14540,64,115,64,115,0,0,0.757694,6.311283,6.057392,6.1843375,408.799759,404.388709,406.59423400000003
52,42,37358,3380,718,80,718,80,0,0,0.743686,14.575373,18.12,16.347686500000002,1334.548094,43.591816,689.069955
4,4,520,304,130,76,130,76,0,0,0.001688,0.442,0.199,0.3205,0.618718,0.275071,0.4468945
2,2,146,178,73,89,73,89,0,0,0.001035,0.003,0.007,0.005,0.0,0.0,0.0
2,2,146,178,73,89,73,89,0,0,0.00097,0.004,0.009,0.0065,0.0,0.0,0.0
38,40,2438,18508,64,463,64,463,0,0,0.041593,1.146917,1.053128,1.1000225000000001,70.063547,67.575778,68.81966249999999
12,18,1580,10168,132,565,132,565,0,0,1.004766,91.311543,59.071291,75.191417,9528.881974,7675.011877,8601.9469255
16,18,1540,1644,96,91,96,91,0,0,0.023426,1.5362,1.345647,1.4409235,93.19763,2.377975,47.787802500000005
40,42,2558,23162,64,551,64,551,0,0,0.039876,1.041263,0.959268,1.0002655,69.216682,66.38383,67.800256
16,18,1540,1644,96,91,96,91,0,0,0.022453,1.473867,1.374313,1.42409,89.652474,2.416309,46.0343915
78,80,4550,72810,58,910,58,910,0,0,5.728361,75.369,72.504067,73.9365335,4427.92982,4343.946459,4385.9381395
2,2,132,164,66,82,66,82,0,0,0.00095,0.006,0.007,0.006500000000000001,0.0,0.0,0.0
62,60,5928,8114,96,135,96,135,0,0,0.353826,5.800426,5.985407,5.8929165,380.542681,390.392912,385.4677965
28,30,4256,3080,152,103,152,103,0,0,3.718056,137.692663,128.178617,132.93564,8576.19252,228.201109,4402.1968145
64,66,3806,51808,59,785,59,785,0,0,3.46837,55.047937,53.351569,54.199753,3558.410038,3502.288973,3530.3495055000003
4,4,568,312,142,78,142,78,0,0,1.750366,435.684,487.971,461.8275,616.1375,690.091688,653.114594
4,4,568,304,142,76,142,76,0,0,0.004369,1.145,0.99,1.0675,1.600201,1.393709,1.496955
40,42,2558,23162,64,551,64,551,0,0,3.906903,105.583754,95.277832,100.430793,6367.953039,6048.137086,6208.045062499999
122,126,7816,15132,64,120,64,120,0,0,21.23756,176.976416,174.073659,175.5250375,37654.66874,37343.721,37499.19487
12,12,1064,2260,89,188,89,188,0,0,0.005162,0.435364,0.413636,0.4245,21.107616,0.605616,10.856616
14,18,1684,10168,120,565,120,565,0,0,15.905025,1223.437346,935.556235,1079.4967904999999,79941.68616,70407.27209,75174.479125
12,18,1580,10168,132,565,132,565,0,0,1.005649,91.389547,59.125291,75.257419,9529.903879,7674.049337,8601.976608
8,10,1052,824,132,82,132,82,0,0,0.004844,0.642857,0.484,0.5634285,35.880796,0.97793,18.429363
2,2,130,162,65,81,65,81,0,0,0.001035,0.008,0.006,0.007,0.0,0.0,0.0
16,18,1540,1644,96,91,96,91,0,0,0.02093,1.374667,1.204471,1.2895690000000002,86.837943,2.604282,44.7211125
40,42,2558,23162,64,551,64,551,0,0,0.016813,0.434211,0.383293,0.408752,27.918554,26.411392,27.164973
16,18,1540,1644,96,91,96,91,0,0,0.018292,1.1982,1.049706,1.123953,71.279483,2.082549,36.681016
16,18,1540,1644,96,91,96,91,0,0,0.020286,1.331467,1.239062,1.2852645,81.569674,2.415359,41.9925165
16,18,1540,1644,96,91,96,91,0,0,0.016023,1.046667,0.915941,0.981304,65.199289,1.893637,33.546462999999996
30,42,2302,34406,77,819,77,819,0,0,0.054367,1.862759,1.314756,1.5887575,115.572277,89.620583,102.59643
2,2,146,178,73,89,73,89,0,0,0.000966,0.001,0.007,0.004,0.0,0.0,0.0
14,6,8928,320,638,53,638,53,0,0,0.004222,0.324769,0.725,0.5248845,16.675295,1.149726,8.9125105
78,80,4550,72810,58,910,58,910,0,0,29.231934,379.63117,370.015932,374.823551,76542.99392,75777.97993,76160.486925
122,126,7816,15132,64,120,64,120,0,0,21.23756,176.976416,174.073659,175.5250375,37654.66874,37343.721,37499.19487
22,26,1920,4416,87,170,87,170,0,0,0.009957,0.447857,0.37504,0.4114485,33.043539,22.660411,27.851975000000003
64,66,3806,51808,59,785,59,785,0,0,24.799643,393.639478,387.484039,390.5617585,65801.45858,65492.59478,65647.02668000001
52,40,37358,3276,718,82,718,82,0,0,0.277863,5.55034,7.112103,6.3312215,580.344377,19.748301,300.046339
14,18,1684,10168,120,565,120,565,0,0,1.009647,77.637,59.359353,68.4981765,8765.893055,7675.754048,8220.8235515
22,24,1920,4312,87,180,87,180,0,0,20.660389,983.769113,898.251522,941.0103174999999,107161.7204,102403.7194,104782.7199
2,2,132,164,66,82,66,82,0,0,0.001026,0.001,0.003,0.002,0.0,0.0,0.0
28,30,4656,3080,166,103,166,103,0,0,16.905699,626.124602,582.93725,604.5309259999999,65467.25232,1911.958625,33689.6054725
122,126,7810,14540,64,115,64,115,0,0,27.396048,226.410343,219.163941,222.78714200000002,55105.52236,54021.72021,54563.621285
16,18,1540,1644,96,91,96,91,0,0,0.021003,1.378133,1.209294,1.2937135,87.403782,2.528135,44.965958500000006
16,18,1540,1644,96,91,96,91,0,0,0.018001,1.178733,1.028941,1.103837,71.053702,2.22103,36.637366
8,12,424,8824,53,735,53,735,0,0,0.004911,0.657714,0.404,0.530857,41.573993,21.468653,31.521323000000002
16,18,1540,1644,96,91,96,91,0,0,0.012692,0.825533,0.719588,0.7725605,56.664654,1.318589,28.9916215
2,2,132,164,66,82,66,82,0,0,0.000948,0.01,0.006,0.008,0.0,0.0,0.0
6,8,320,1862,53,233,53,233,0,0,0.003811,0.6982,0.465571,0.5818855,40.774353,0.603649,20.689000999999998
8,10,1052,824,132,82,132,82,0,0,0.004708,0.627857,0.467556,0.5477065,34.545036,0.960013,17.7525245
2,2,132,164,66,82,66,82,0,0,0.000933,0.001,0.005,0.003,0.0,0.0,0.0
16,18,1540,1644,96,91,96,91,0,0,0.020821,1.365267,1.191765,1.278516,80.834975,2.44426,41.6396175
40,42,2558,23162,64,551,64,551,0,0,2.415058,61.911337,58.89017,60.4007535,4255.736354,4147.006056,4201.3712049999995
66,66,3910,51808,59,785,59,785,0,0,5.256048,80.85748,80.844742,80.851111,6753.081936,197.700578,3475.3912569999998
4,4,520,304,130,76,130,76,0,0,0.001537,0.388,0.186,0.28700000000000003,0.543765,0.259507,0.401636
64,66,3806,51808,59,785,59,785,0,0,27.927412,457.820822,429.6426,443.731711,79128.79117,77087.56061,78108.17589
78,80,4550,72810,58,910,58,910,0,0,18.580439,244.47198,235.185974,239.828977,39815.96516,39457.38187,39636.673515
342,746,18266,1087890,53,1458,53,1458,0,0,47.513069,140.155642,63.775253,101.9654475,45780.35882,31168.38755,38474.373185000004
66,66,3910,51808,59,785,59,785,0,0,9.004417,138.524052,138.520547,138.5222995,12549.51535,375.8775,6462.696425
42,42,2662,23162,63,551,63,551,0,0,1.775223,43.289878,43.284926,43.287402,2819.593234,77.868727,1448.7309805
106,114,9400,12298,89,108,89,108,0,0,1.377112,13.1124,12.181964,12.647182,803.589257,774.219486,788.9043715
16,18,1540,1644,96,91,96,91,0,0,0.015436,1.007133,0.880588,0.9438605,70.240447,1.509911,35.875179
2,2,146,178,73,89,73,89,0,0,0.001078,0.009,0.007,0.008,0.0,0.0,0.0
30,42,2302,34406,77,819,77,819,0,0,0.049506,1.696241,1.194073,1.445157,95.045471,72.783779,83.914625
52,42,37230,3380,716,80,716,80,0,0,0.102709,2.007294,2.493098,2.250196,306.666018,10.39481,158.530414
52,42,37358,3380,718,80,718,80,0,0,0.039363,0.78004,0.947951,0.8639954999999999,52.241938,2.265506,27.253722
2,2,132,164,66,82,66,82,0,0,0.001014,0.005,0.004,0.0045000000000000005,0.0,0.0,0.0
2,2,130,162,65,81,65,81,0,0,0.001079,0.009,0.001,0.004999999999999999,0.0,0.0,0.0
16,18,1540,1644,96,91,96,91,0,0,0.021703,1.426267,1.249823,1.338045,85.562809,2.355268,43.9590385
2,2,130,162,65,81,65,81,0,0,0.001068,0.009,0.006,0.0075,0.0,0.0,0.0
8,10,1052,824,132,82,132,82,0,0,0.004788,0.629714,0.478778,0.554246,35.655277,0.954941,18.305108999999998
22,24,1920,4312,87,180,87,180,0,0,0.005674,0.254095,0.222391,0.238243,15.845816,12.750424,14.29812
30,42,2302,34406,77,819,77,819,0,0,0.045591,1.61675,1.098512,1.357631,90.330809,73.202931,81.76687000000001
4,4,568,304,142,76,142,76,0,0,4.375178,1443.012375,1250.946375,1346.979375,2040.724125,1769.100375,1904.9122499999999
16,18,1540,1644,96,91,96,91,0,0,0.020784,1.3648,1.269437,1.3171184999999999,86.199026,2.752422,44.475724
16,18,1272,2572,80,143,80,143,0,0,6.077711,405.157479,357.481406,381.31944250000004,33074.94727,914.9065,16994.926884999997
2,2,130,162,65,81,65,81,0,0,0.00106,0.009,0.007,0.008,0.0,0.0,0.0
64,66,3806,51808,59,785,59,785,0,0,0.030928,0.493903,0.465892,0.4798975,27.703011,27.203164,27.453087500000002
62,58,5928,8010,96,138,96,138,0,0,0.804777,13.193065,14.105755,13.64941,899.787533,931.416869,915.602201
16,18,1540,1644,96,91,96,91,0,0,0.020752,1.362867,1.193765,1.278316,86.849787,2.789692,44.819739500000004
30,42,2302,34406,77,819,77,819,0,0,0.040726,1.443179,0.981927,1.212553,82.17869,72.93506,77.55687499999999
52,54,2934,3740,56,69,56,69,0,0,0.02361,0.46602,0.435528,0.450774,33.18097,0.790819,16.9858945
122,126,7810,14540,64,115,64,115,0,0,0.579679,4.909619,4.670637,4.790128,478.93641,468.284018,473.61021400000004
4,4,568,304,142,76,142,76,0,0,0.004372,1.162,0.964667,1.0633335,1.633417,1.352931,1.493174
332,746,17746,1087890,53,1458,53,1458,0,0,47.291191,142.872612,63.477402,103.175007,45734.77056,30771.7915,38253.28103
336,746,17954,1087890,53,1458,53,1458,0,0,47.761169,142.569688,64.108174,103.338931,46091.04581,31181.46505,38636.255430000005
16,18,1540,1644,96,91,96,91,0,0,0.019148,1.2538,1.168187,1.2109935,74.580665,2.211381,38.396023
16,18,1540,1644,96,91,96,91,0,0,0.014345,0.935267,0.817235,0.876251,63.438925,1.477012,32.4579685
30,42,2302,34406,77,819,77,819,0,0,0.039025,1.334897,0.939829,1.1373630000000001,73.74034,63.473115,68.6067275
2,2,130,162,65,81,65,81,0,0,0.001045,0.009,0.007,0.008,0.0,0.0,0.0
16,18,1540,1644,96,91,96,91,0,0,0.016352,1.0696,0.934647,1.0021235000000002,80.315964,1.88179,41.098876999999995
8,12,424,8824,53,735,53,735,0,0,0.223485,31.879,20.266728,26.072864000000003,2160.858494,1714.041816,1937.450155
16,18,1540,1644,96,91,96,91,0,0,0.019019,1.2474,1.090118,1.168759,75.022759,2.240904,38.6318315
2,2,132,164,66,82,66,82,0,0,0.001017,0.003,0.007,0.005,0.0,0.0,0.0
30,42,2302,34406,77,819,77,819,0,0,0.039814,1.361862,0.98335,1.172606,76.635055,64.353905,70.49448
2,2,132,164,66,82,66,82,0,0,0.001063,0.009,0.007,0.008,0.0,0.0,0.0
12,12,1064,2260,89,188,89,188,0,0,0.004063,0.338273,0.312455,0.325364,16.922155,0.382932,8.6525435
2,2,132,164,66,82,66,82,0,0,0.001069,0.02,0.011,0.0155,0.0,0.0,0.0
16,18,1540,1644,96,91,96,91,0,0,0.018264,1.193933,1.113063,1.153498,71.121592,2.134783,36.6281875
40,40,2542,18508,64,463,64,463,0,0,0.012847,0.321487,0.315487,0.318487,20.024725,0.491076,10.2579005
30,42,2302,34406,77,819,77,819,0,0,0.040348,1.378207,0.970439,1.174323,78.936554,67.596473,73.2665135
16,18,1540,1644,96,91,96,91,0,0,0.021382,1.404067,1.231,1.3175335000000001,87.337442,2.52724,44.932341
2,2,132,164,66,82,66,82,0,0,0.00099,0.003,0.007,0.005,0.0,0.0,0.0
16,18,1540,1644,96,91,96,91,0,0,0.018449,1.208067,1.124125,1.166096,73.34379,2.085486,37.714638
62,58,5928,8010,96,138,96,138,0,0,0.013433,0.227678,0.234889,0.23128349999999998,15.538298,0.0,7.769149
62,58,5928,8010,96,138,96,138,0,0,0.717709,11.765721,12.578123,12.171921999999999,745.701311,773.001808,759.3515595
16,18,1540,1644,96,91,96,91,0,0,0.021209,1.393267,1.215588,1.3044275,86.907632,2.703831,44.8057315
6,8,320,1862,53,233,53,233,0,0,0.046377,9.2106,6.543,7.876799999999999,640.865601,15.691989,328.278795
16,18,1540,1644,96,91,96,91,0,0,0.014284,0.920467,0.813176,0.8668215,65.128923,1.506658,33.3177905
8,10,1052,824,132,82,132,82,0,0,0.003889,0.506,0.373,0.4395,32.230127,0.66468,16.4474035
16,18,1540,1644,96,91,96,91,0,0,0.013444,0.874133,0.763647,0.81889,60.199248,1.398425,30.7988365
30,42,2302,34406,77,819,77,819,0,0,0.036438,1.245103,0.877317,1.06121,71.017006,61.564011,66.2905085
16,18,1540,1644,96,91,96,91,0,0,0.019118,1.254333,1.16675,1.2105415,76.572632,2.361559,39.4670955
16,18,1540,1644,96,91,96,91,0,0,0.019125,1.254867,1.094353,1.17461,76.434802,2.214014,39.324408000000005
16,18,1540,1644,96,91,96,91,0,0,0.013142,0.854867,0.745882,0.8003745,58.907034,1.366105,30.1365695
30,42,2302,34406,77,819,77,819,0,0,0.037957,1.344357,0.914098,1.1292275,73.614276,62.14855,67.88141300000001
122,126,7816,15132,64,120,64,120,0,0,0.958864,8.054765,7.666976,7.8608705,494.885629,486.136356,490.5109925
2,2,130,162,65,81,65,81,0,0,0.001053,0.009,0.007,0.008,0.0,0.0,0.0
16,18,1540,1644,96,91,96,91,0,0,0.019219,1.261067,1.171938,1.2165024999999998,77.212683,2.141277,39.67698
16,18,1540,1644,96,91,96,91,0,0,0.018477,1.2106,1.059353,1.1349765,74.647521,2.012055,38.329788
8,10,1052,824,132,82,132,82,0,0,0.003869,0.503571,0.372667,0.43811900000000004,32.333176,0.671663,16.502419500000002
16,18,1540,1644,96,91,96,91,0,0,0.018314,1.198,1.115063,1.1565314999999998,73.446295,2.094315,37.770305
16,18,1540,1644,96,91,96,91,0,0,0.021345,1.402067,1.228765,1.315416,88.635611,2.841844,45.738727499999996
16,18,1540,1644,96,91,96,91,0,0,0.021151,1.389333,1.216823,1.303078,86.22145,2.613797,44.417623500000005
8,10,1052,824,132,82,132,82,0,0,0.003947,0.515,0.378556,0.446778,32.560334,0.688457,16.6243955
16,18,1540,1644,96,91,96,91,0,0,0.019209,1.26,1.103118,1.181559,76.399751,2.074346,39.2370485
16,18,1540,1644,96,91,96,91,0,0,0.019119,1.253867,1.097471,1.175669,77.024217,2.227907,39.626062
16,18,1540,1644,96,91,96,91,0,0,0.018373,1.288857,1.053353,1.1711049999999998,74.458038,2.094341,38.2761895
8,10,1052,824,132,82,132,82,0,0,0.003826,0.497286,0.370333,0.4338095,32.007673,0.669833,16.338752999999997
26,28,4152,2976,160,106,160,106,0,0,0.283385,11.32304,10.475814,10.899427,673.410797,17.507668,345.4592325
78,80,4550,72810,58,910,58,910,0,0,0.044949,0.59516,0.568333,0.5817464999999999,32.670549,31.454896,32.0627225
2,2,132,164,66,82,66,82,0,0,0.001047,0.009,0.007,0.008,0.0,0.0,0.0
8,10,1052,824,132,82,132,82,0,0,0.003877,0.503714,0.373778,0.43874599999999997,32.316223,0.662081,16.489152
2,2,132,164,66,82,66,82,0,0,0.001012,0.009,0.007,0.008,0.0,0.0,0.0
16,18,1540,1644,96,91,96,91,0,0,0.018172,1.190467,1.039529,1.114998,72.000043,2.184948,37.092495500000005
16,18,1540,1644,96,91,96,91,0,0,0.019058,1.25,1.093823,1.1719115,76.690308,2.1409,39.415604
16,18,1540,1644,96,91,96,91,0,0,0.01835,1.203133,1.11775,1.1604415000000001,74.648005,2.05561,38.3518075
16,18,1540,1644,96,91,96,91,0,0,0.017832,1.1682,1.021588,1.094894,70.822843,2.171773,36.497308000000004
2,2,146,178,73,89,73,89,0,0,0.000984,0.009,0.004,0.0065,0.0,0.0,0.0
2,2,146,178,73,89,73,89,0,0,0.001065,0.01,0.006,0.008,0.0,0.0,0.0
8,10,1052,824,132,82,132,82,0,0,0.003832,0.498857,0.369667,0.43426200000000004,31.999347,0.664047,16.331697
16,18,1540,1644,96,91,96,91,0,0,0.018562,1.216667,1.065353,1.14101,75.489959,2.041718,38.7658385
52,40,37358,3276,718,82,718,82,0,0,0.025312,0.488961,0.635846,0.5624035000000001,30.306825,1.476599,15.891712
38,40,2438,18508,64,463,64,463,0,0,0.010346,0.2844,0.252487,0.2684435,0.0,14.307627,7.1538135
38,40,2438,18508,64,463,64,463,0,0,0.009962,0.268028,0.248605,0.2583165,17.372806,16.004754,16.68878
122,126,7810,14540,64,115,64,115,0,0,0.847716,7.003141,6.777488,6.890314500000001,417.415285,414.684107,416.049696
16,18,1540,1644,96,91,96,91,0,0,0.018451,1.209333,1.058235,1.133784,73.488522,2.176179,37.832350500000004
78,80,4550,72810,58,910,58,910,0,0,0.033874,0.43587,0.421418,0.428644,22.901107,22.310617,22.605862000000002
4,4,568,312,142,78,142,78,0,0,0.004839,1.256667,1.102,1.1793335,1.768004,1.548564,1.658284
308,746,16498,1087890,54,1458,54,1458,0,0,36.831013,119.969618,49.436912,84.703265,27099.86731,17389.11527,22244.491289999998
14,6,8928,320,638,53,638,53,0,0,0.222941,17.149307,44.465398,30.8073525,1585.446112,67.694414,826.5702630000001
2,2,132,164,66,82,66,82,0,0,0.00097,0.003,0.003,0.003,0.0,0.0,0.0
2,2,146,178,73,89,73,89,0,0,0.001102,0.009,0.007,0.008,0.0,0.0,0.0
18,18,4136,2456,230,136,230,136,0,0,0.004759,0.260706,0.246882,0.25379399999999996,12.996736,0.326157,6.6614465
4,4,528,304,132,76,132,76,0,0,0.001789,0.449667,0.236667,0.343167,0.630267,0.327626,0.4789465
16,18,1540,1644,96,91,96,91,0,0,0.018442,1.208867,1.057823,1.1333449999999998,73.527791,2.263482,37.895636499999995
16,18,1540,1644,96,91,96,91,0,0,0.018811,1.212733,1.133625,1.1731790000000002,73.02489,2.10666,37.565775
16,18,1540,1644,96,91,96,91,0,0,0.013399,0.8718,0.761294,0.816547,60.645079,1.386764,31.0159215
12,12,1064,2260,89,188,89,188,0,0,0.004014,0.334455,0.307727,0.321091,16.830655,0.376647,8.603651
52,42,37358,3380,718,80,718,80,0,0,0.026377,0.531327,0.630219,0.580773,28.331992,1.265809,14.7989005
78,80,4550,72810,58,910,58,910,0,0,0.035909,0.467895,0.447304,0.4575995,24.529144,23.919972,24.224558000000002
52,38,37358,3172,718,83,718,83,0,0,0.489748,9.596255,13.222352,11.4093035,999.646139,35.13893,517.3925345
52,54,2934,3740,56,69,56,69,0,0,0.842606,16.8458,15.88866,16.36723,1429.999777,52.844023,741.4219
2,2,146,178,73,89,73,89,0,0,0.00104,0.009,0.007,0.008,0.0,0.0,0.0
28,42,2198,34406,79,819,79,819,0,0,0.035275,1.294481,0.848976,1.0717284999999999,74.08497,61.030041,67.55750549999999
2,2,146,178,73,89,73,89,0,0,0.001056,0.009,0.007,0.008,0.0,0.0,0.0
2,2,130,162,65,81,65,81,0,0,0.001107,0.009,0.007,0.008,0.0,0.0,0.0
4,4,568,312,142,78,142,78,0,0,0.004806,1.241,1.047,1.1440000000000001,1.745848,1.470782,1.6083150000000002
16,18,1540,1644,96,91,96,91,0,0,0.01824,1.195467,1.110437,1.152952,72.376118,2.272722,37.32442
12,18,1580,10168,132,565,132,565,0,0,1.004641,91.298997,59.064765,75.181881,9527.262188,7673.271229,8600.2667085
64,66,3806,51808,59,785,59,785,0,0,0.026948,0.422873,0.405492,0.4141825,22.697807,22.214864,22.4563355
2,2,132,164,66,82,66,82,0,0,0.001065,0.01,0.006,0.008,0.0,0.0,0.0
16,18,1540,1644,96,91,96,91,0,0,0.018251,1.195867,1.046,1.1209335,72.632224,2.060372,37.346298
40,42,2558,23162,64,551,64,551,0,0,0.047917,1.220769,1.156171,1.1884700000000001,73.091922,71.647028,72.369475
30,42,2302,34406,77,819,77,819,0,0,0.035599,1.216724,0.856,1.036362,68.402144,60.118929,64.2605365
52,38,37358,3172,718,83,718,83,0,0,0.502702,9.850137,13.573297,11.711717,1001.229203,42.041297,521.63525
2,2,130,162,65,81,65,81,0,0,0.001158,0.009,0.007,0.008,0.0,0.0,0.0
12,12,1064,2260,89,188,89,188,0,0,0.004281,0.354545,0.335182,0.3448635,18.322037,0.404638,9.3633375
18,18,4136,2456,230,136,230,136,0,0,0.004755,0.261059,0.246588,0.2538235,13.061288,0.321164,6.6912259999999995
122,126,7810,14540,64,115,64,115,0,0,0.337829,2.860008,2.69816,2.779084,310.634009,304.554871,307.59443999999996
22,24,1920,4312,87,180,87,180,0,0,0.005788,0.2722,0.224783,0.2484915,0.0,12.95866,6.47933
2,2,146,178,73,89,73,89,0,0,0.001123,0.009,0.007,0.008,0.0,0.0,0.0
16,18,1540,1644,96,91,96,91,0,0,0.018434,1.208133,1.056235,1.132184,73.477187,2.018632,37.7479095
2,2,146,178,73,89,73,89,0,0,0.001123,0.009,0.007,0.008,0.0,0.0,0.0
4,4,528,304,132,76,132,76,0,0,0.001713,0.443333,0.216333,0.329833,0.620604,0.298166,0.45938500000000004
16,18,1540,1644,96,91,96,91,0,0,0.013417,0.873533,0.762118,0.8178255,60.561071,1.402937,30.982004
16,18,1540,1644,96,91,96,91,0,0,0.018236,1.194533,1.045588,1.1200605000000001,72.366844,2.136126,37.251485
8,10,1052,824,132,82,132,82,0,0,0.00421,0.541571,0.406111,0.473841,34.347499,0.717609,17.532554
106,114,9400,12298,89,108,89,108,0,0,0.652938,6.275269,5.772726,6.0239975,387.337373,370.653103,378.995238
8,10,1052,824,132,82,132,82,0,0,0.003998,0.523571,0.382222,0.45289650000000004,33.005524,0.703331,16.8544275
30,42,2302,34406,77,819,77,819,0,0,0.037015,1.265379,0.891317,1.078348,71.945727,64.073385,68.009556
16,18,1540,1644,96,91,96,91,0,0,0.013493,0.878733,0.766941,0.822837,61.378701,1.407703,31.393202
30,42,2302,34406,77,819,77,819,0,0,0.035444,1.211517,0.852829,1.032173,68.587917,60.8638,64.7258585
16,18,1540,1644,96,91,96,91,0,0,0.018253,1.1958,1.047118,1.121459,73.820028,2.000443,37.9102355
8,10,1052,824,132,82,132,82,0,0,0.00387,0.503429,0.373333,0.438381,32.070006,0.666773,16.3683895
16,18,1540,1644,96,91,96,91,0,0,0.018982,1.2448,1.071529,1.1581644999999998,75.12062,2.07605,38.598335
30,42,2302,34406,77,819,77,819,0,0,0.034812,1.189448,0.83761,1.0135290000000001,67.262117,59.823892,63.5430045
14,18,1684,10168,120,565,120,565,0,0,1.004524,77.245228,59.058294,68.151761,8761.397887,7673.255243,8217.326565
16,18,1540,1644,96,91,96,91,0,0,0.01821,1.191733,1.043,1.1173665,72.982065,2.016237,37.499151000000005
16,18,1540,1644,96,91,96,91,0,0,0.018094,1.185467,1.10275,1.1441085,72.021143,2.199823,37.110482999999995
2,2,146,178,73,89,73,89,0,0,0.001123,0.009,0.007,0.008,0.0,0.0,0.0
8,10,1052,824,132,82,132,82,0,0,0.003811,0.496,0.367667,0.4318335,31.891386,0.660315,16.2758505
16,18,1540,1644,96,91,96,91,0,0,0.019372,1.270533,1.111529,1.191031,77.626645,2.272514,39.9495795
22,24,1920,4312,87,180,87,180,0,0,0.005851,0.262667,0.226478,0.2445725,16.258431,13.056324,14.6573775
8,10,1052,824,132,82,132,82,0,0,0.003934,0.514286,0.378444,0.446365,32.857046,0.692541,16.774793499999998
16,18,1540,1644,96,91,96,91,0,0,0.013363,0.870133,0.759294,0.8147135000000001,59.552203,1.383636,30.4679195
40,42,2558,23162,64,551,64,551,0,0,0.011832,0.303263,0.28365,0.2934565,17.779361,16.900559,17.33996
122,126,7810,14540,64,115,64,115,0,0,0.530934,4.496127,4.24304,4.3695835,377.540643,369.563817,373.55223
16,18,1540,1644,96,91,96,91,0,0,0.018109,1.185133,1.036647,1.11089,72.029232,2.208167,37.1186995
28,42,2198,34406,79,819,79,819,0,0,0.034771,1.276296,0.836366,1.0563310000000001,72.322762,59.361292,65.842027
78,80,4550,72810,58,910,58,910,0,0,0.034919,0.449494,0.445649,0.4475715,22.895182,23.046246,22.970714
2,2,146,178,73,89,73,89,0,0,0.001052,0.009,0.001,0.004999999999999999,0.0,0.0,0.0
16,18,1540,1644,96,91,96,91,0,0,0.018498,1.2122,1.061235,1.1367175,73.694579,2.273401,37.983990000000006
16,18,1540,1644,96,91,96,91,0,0,0.017939,1.172933,1.026353,1.099643,70.816989,2.01676,36.416874500000006
16,18,1540,1644,96,91,96,91,0,0,0.017994,1.178733,1.021706,1.1002195000000001,70.836037,2.103063,36.469550000000005
2,2,132,164,66,82,66,82,0,0,0.001181,0.009,0.006,0.0075,0.0,0.0,0.0
16,18,1540,1644,96,91,96,91,0,0,0.019352,1.2694,1.111529,1.1904645,77.639299,2.351038,39.9951685
16,18,1540,1644,96,91,96,91,0,0,0.019346,1.2684,1.108882,1.188641,77.751986,2.40797,40.079978000000004
8,10,1052,824,132,82,132,82,0,0,0.003868,0.505143,0.371111,0.43812700000000004,31.936718,0.674923,16.3058205
16,18,1540,1644,96,91,96,91,0,0,0.018509,1.2132,1.111438,1.162319,72.677215,2.187787,37.432501
16,18,1540,1644,96,91,96,91,0,0,0.018237,1.196133,1.110313,1.153223,72.741102,2.102814,37.421958
30,42,2302,34406,77,819,77,819,0,0,0.03547,1.212069,0.853341,1.032705,68.18988,59.840168,64.015024
2,2,132,164,66,82,66,82,0,0,0.00107,0.009,0.006,0.0075,0.0,0.0,0.0
16,18,1540,1644,96,91,96,91,0,0,0.018165,1.190067,1.041353,1.11571,72.39614,2.079781,37.2379605
16,18,1540,1644,96,91,96,91,0,0,0.013826,0.900867,0.786235,0.8435509999999999,61.898325,1.457864,31.6780945
16,18,1540,1644,96,91,96,91,0,0,0.018225,1.1922,1.044471,1.1183355,72.319165,2.035973,37.177569
16,18,1540,1644,96,91,96,91,0,0,0.018075,1.1846,1.037118,1.110859,71.75374,2.099766,36.926753
16,18,1540,1644,96,91,96,91,0,0,0.018075,1.184333,1.034941,1.1096370000000002,71.550387,2.180569,36.865478
38,40,2438,18508,64,463,64,463,0,0,0.010829,0.284297,0.264333,0.274315,17.128939,16.392621,16.760779999999997
16,18,1540,1644,96,91,96,91,0,0,0.013113,0.8532,0.742941,0.7980704999999999,59.347527,1.367641,30.357584
62,58,5928,8010,96,138,96,138,0,0,0.663845,10.882705,11.633983,11.258344000000001,725.278272,753.619018,739.4486449999999
16,18,1540,1644,96,91,96,91,0,0,0.013423,0.873867,0.762176,0.8180215,61.277935,1.410838,31.3443865
2,2,132,164,66,82,66,82,0,0,0.001074,0.009,0.007,0.008,0.0,0.0,0.0
16,18,1540,1644,96,91,96,91,0,0,0.018217,1.194267,1.108875,1.1515710000000001,73.701947,2.03938,37.8706635
2,2,132,164,66,82,66,82,0,0,0.001066,0.01,0.007,0.0085,0.0,0.0,0.0
16,18,1540,1644,96,91,96,91,0,0,0.017975,1.177333,1.094125,1.135729,71.81601,2.282054,37.049032000000004
16,18,1540,1644,96,91,96,91,0,0,0.017931,1.1746,1.027353,1.1009765,72.223421,1.978774,37.1010975
64,66,3806,51808,59,785,59,785,0,0,0.02489,0.390159,0.373908,0.3820335,20.933744,20.66408,20.798912
16,18,1540,1644,96,91,96,91,0,0,0.018317,1.198,1.115687,1.1568435,72.878998,2.109929,37.494463499999995
16,18,1540,1644,96,91,96,91,0,0,0.018239,1.1946,1.045412,1.120006,72.004831,2.216505,37.110668
16,18,1540,1644,96,91,96,91,0,0,0.017922,1.174667,1.0915,1.1330835,72.197865,2.010456,37.1041605
16,18,1540,1644,96,91,96,91,0,0,0.018201,1.191,1.043235,1.1171175,72.045287,2.220481,37.132884000000004
16,18,1540,1644,96,91,96,91,0,0,0.018249,1.1962,1.046765,1.1214825,73.467224,2.007713,37.7374685
78,80,4550,72810,58,910,58,910,0,0,0.034882,0.448857,0.434165,0.441511,23.55525,23.028791,23.2920205
16,18,1540,1644,96,91,96,91,0,0,0.018332,1.201,1.050529,1.1257645,73.886213,2.0157,37.9509565
8,10,1052,824,132,82,132,82,0,0,0.004111,0.537857,0.395889,0.466873,34.207908,0.725203,17.466555500000002
2,2,132,164,66,82,66,82,0,0,0.001072,0.01,0.007,0.0085,0.0,0.0,0.0
16,18,1540,1644,96,91,96,91,0,0,0.0135,0.8796,0.767118,0.823359,60.862705,1.418241,31.140473
30,42,2302,34406,77,819,77,819,0,0,0.034982,1.194862,0.8628,1.028831,67.35928,60.153031,63.7561555
16,18,1540,1644,96,91,96,91,0,0,0.013157,0.8566,0.746941,0.8017704999999999,59.459225,1.366096,30.4126605
22,24,1920,4312,87,180,87,180,0,0,0.005875,0.27695,0.229261,0.2531055,16.748782,13.258799,15.0037905
64,66,3806,51808,59,785,59,785,0,0,0.024923,0.396823,0.385333,0.391078,21.24749,20.789593,21.018541499999998
2,2,132,164,66,82,66,82,0,0,0.00104,0.009,0.007,0.008,0.0,0.0,0.0
8,10,1052,824,132,82,132,82,0,0,0.003887,0.507143,0.373,0.4400715,32.047072,0.677887,16.3624795
16,18,1540,1644,96,91,96,91,0,0,0.01823,1.193467,1.045412,1.1194395,72.064262,2.136088,37.100175
16,18,1540,1644,96,91,96,91,0,0,0.018187,1.192067,1.042647,1.1173570000000002,72.244791,2.121301,37.183046000000004
16,18,1540,1644,96,91,96,91,0,0,0.01823,1.195133,1.111312,1.1532225,73.156956,2.040187,37.5985715
2,2,146,178,73,89,73,89,0,0,0.001143,0.009,0.007,0.008,0.0,0.0,0.0
12,18,1580,10168,132,565,132,565,0,0,1.005841,91.408544,59.138473,75.2735085,9530.355069,7674.440233,8602.397651
30,42,2302,34406,77,819,77,819,0,0,0.034855,1.190931,0.838585,1.014758,67.146828,59.733663,63.4402455
16,18,1540,1644,96,91,96,91,0,0,0.013515,0.880133,0.768176,0.8241545,60.996459,1.421913,31.209186000000003
8,10,1052,824,132,82,132,82,0,0,0.003887,0.505286,0.375444,0.440365,32.237292,0.691431,16.4643615
28,42,2198,34406,79,819,79,819,0,0,0.035494,1.303074,0.851902,1.077488,73.715622,60.190497,66.9530595
12,18,1580,10168,132,565,132,565,0,0,1.005449,91.374182,59.112881,75.2435315,9530.468128,7674.247337,8602.3577325
16,18,1540,1644,96,91,96,91,0,0,0.018256,1.196067,1.046882,1.1214745000000002,71.908511,2.132952,37.020731500000004
8,10,1052,824,132,82,132,82,0,0,0.003881,0.506286,0.372556,0.439421,32.307726,0.674863,16.491294500000002
16,18,1540,1644,96,91,96,91,0,0,0.018271,1.194867,1.047059,1.120963,72.578687,2.063845,37.321266
16,18,1540,1644,96,91,96,91,0,0,0.013419,0.873667,0.762176,0.8179215,60.931904,1.397444,31.164674
2,2,146,178,73,89,73,89,0,0,0.001143,0.009,0.007,0.008,0.0,0.0,0.0
38,40,2438,18508,64,463,64,463,0,0,0.010172,0.281714,0.260189,0.2709515,0.0,15.748844,7.874422
16,18,1540,1644,96,91,96,91,0,0,0.017918,1.174133,1.026294,1.1002135000000002,71.254207,2.022147,36.638177
16,18,1540,1644,96,91,96,91,0,0,0.018025,1.180933,1.097375,1.139154,71.645304,2.259227,36.952265499999996
16,18,1540,1644,96,91,96,91,0,0,0.018174,1.189667,1.042235,1.115951,72.333658,2.048667,37.1911625
30,42,2302,34406,77,819,77,819,0,0,0.034948,1.194207,0.8619,1.0280535,67.251452,60.236155,63.7438035
2,2,132,164,66,82,66,82,0,0,0.001056,0.009,0.007,0.008,0.0,0.0,0.0
2,2,132,164,66,82,66,82,0,0,0.001298,0.009,0.007,0.008,0.0,0.0,0.0
78,80,4550,72810,58,910,58,910,0,0,0.034617,0.445403,0.436128,0.44076550000000003,22.817555,22.468912,22.6432335
40,42,2558,23162,64,551,64,551,0,0,0.012924,0.323462,0.310575,0.3170185,18.298156,17.797791,18.047973499999998
16,18,1540,1644,96,91,96,91,0,0,0.018304,1.199667,1.049823,1.1247449999999999,73.7433,2.012489,37.877894500000004
2,2,132,164,66,82,66,82,0,0,0.001046,0.01,0.009,0.0095,0.0,0.0,0.0
8,10,1052,824,132,82,132,82,0,0,0.003864,0.503857,0.373444,0.4386505,31.899481,0.664999,16.28224
16,18,1540,1644,96,91,96,91,0,0,0.018259,1.195733,1.046941,1.121337,72.494676,2.054745,37.2747105
16,18,1540,1644,96,91,96,91,0,0,0.018165,1.190333,1.041235,1.115784,72.302551,2.211457,37.257003999999995
30,42,2302,34406,77,819,77,819,0,0,0.035592,1.260214,0.856512,1.058363,69.348618,60.009222,64.67892
16,18,1540,1644,96,91,96,91,0,0,0.018034,1.181133,1.034471,1.107802,71.654019,2.118899,36.886459
2,2,132,164,66,82,66,82,0,0,0.001058,0.01,0.007,0.0085,0.0,0.0,0.0
16,18,1540,1644,96,91,96,91,0,0,0.018183,1.189867,1.042294,1.1160805,72.138181,2.205828,37.1720045
16,18,1540,1644,96,91,96,91,0,0,0.013518,0.88,0.768529,0.8242645,60.850283,1.406572,31.128427499999997
38,40,2438,18508,64,463,64,463,0,0,0.010327,0.275972,0.257342,0.26665700000000003,0.0,14.452176,7.226088
16,18,1540,1644,96,91,96,91,0,0,0.018189,1.192067,1.042118,1.1170925,72.005871,2.128427,37.067149
2,2,146,178,73,89,73,89,0,0,0.00113,0.01,0.007,0.0085,0.0,0.0,0.0
2,2,132,164,66,82,66,82,0,0,0.001065,0.009,0.006,0.0075,0.0,0.0,0.0
122,126,7810,14540,64,115,64,115,0,0,0.031536,0.268966,0.248224,0.258595,16.496543,14.305027,15.400784999999999
16,18,1540,1644,96,91,96,91,0,0,0.017948,1.1764,1.026471,1.1014355,70.957713,2.098792,36.5282525
2,2,132,164,66,82,66,82,0,0,0.001145,0.009,0.029,0.019,0.0,0.0,0.0
16,18,1540,1644,96,91,96,91,0,0,0.018465,1.209667,1.059118,1.1343925000000001,73.311928,2.055894,37.683910999999995
16,18,1540,1644,96,91,96,91,0,0,0.013371,0.870467,0.759706,0.8150865,60.50977,1.396411,30.953090500000002
16,18,1540,1644,96,91,96,91,0,0,0.013606,0.886533,0.773294,0.8299135,61.916795,1.422954,31.6698745
12,12,1064,2260,89,188,89,188,0,0,0.004064,0.338455,0.314364,0.3264095,16.924165,0.38615,8.6551575
64,66,3806,51808,59,785,59,785,0,0,0.025922,0.413145,0.389846,0.4014955,21.696912,21.361346,21.529129
16,18,1540,1644,96,91,96,91,0,0,0.017956,1.176533,1.029588,1.1030605,71.433256,2.031709,36.7324825
16,18,1540,1644,96,91,96,91,0,0,0.017972,1.178067,1.030471,1.104269,72.216438,1.974604,37.095521
52,42,37358,3380,718,80,718,80,0,0,0.021499,0.42316,0.511805,0.46748249999999997,22.475351,0.876959,11.676155
16,18,1540,1644,96,91,96,91,0,0,0.018512,1.212467,1.061823,1.1371449999999999,74.025348,2.266429,38.1458885
16,18,1540,1644,96,91,96,91,0,0,0.018374,1.203733,1.054,1.1288665,73.106833,2.064958,37.5858955
40,42,2558,23162,64,551,64,551,0,0,0.012237,0.312289,0.300846,0.3065675,0.0,16.572265,8.2861325
8,10,1052,824,132,82,132,82,0,0,0.003973,0.516714,0.384444,0.450579,33.087397,0.698403,16.8929
16,18,1540,1644,96,91,96,91,0,0,0.018287,1.1844,1.048529,1.1164645,71.991664,2.20038,37.096022
16,18,1540,1644,96,91,96,91,0,0,0.018441,1.207733,1.058353,1.133043,74.927015,2.024185,38.4756
16,18,1540,1644,96,91,96,91,0,0,0.018382,1.204933,1.054941,1.129937,74.164985,2.011036,38.0880105
16,18,1540,1644,96,91,96,91,0,0,0.018528,1.214933,1.052,1.1334665,72.960438,2.142344,37.551390999999995
8,10,1052,824,132,82,132,82,0,0,0.00401,0.520714,0.384889,0.45280149999999997,32.941653,0.695244,16.818448500000002
16,18,1540,1644,96,91,96,91,0,0,0.018004,1.180267,1.030647,1.105457,71.508709,2.198962,36.853835499999995
16,18,1540,1644,96,91,96,91,0,0,0.018315,1.200333,1.050118,1.1252255,72.853685,2.125481,37.489582999999996
30,42,2302,34406,77,819,77,819,0,0,0.03578,1.222966,0.859902,1.041434,69.093472,60.836023,64.9647475
8,10,1052,824,132,82,132,82,0,0,0.004018,0.523857,0.386444,0.4551505,33.150111,0.760438,16.9552745
2,2,130,162,65,81,65,81,0,0,0.001048,0.009,0.006,0.0075,0.0,0.0,0.0
14,18,1684,10168,120,565,120,565,0,0,1.006537,77.398615,59.176412,68.2875135,8768.814678,7681.917077,8225.3658775
64,66,3806,51808,59,785,59,785,0,0,0.024904,0.396629,0.373385,0.385007,21.371706,20.923269,21.1474875
40,42,2558,23162,64,551,64,551,0,0,0.012254,0.312895,0.293825,0.30335999999999996,17.715033,17.363112,17.5390725
2,2,146,178,73,89,73,89,0,0,0.001069,0.009,0.007,0.008,0.0,0.0,0.0
12,12,1064,2260,89,188,89,188,0,0,0.004053,0.337818,0.314818,0.326318,17.074797,0.380524,8.7276605
28,42,2198,34406,79,819,79,819,0,0,0.035845,1.315333,0.851976,1.0836545,73.695644,60.049431,66.87253749999999
16,18,1540,1644,96,91,96,91,0,0,0.013189,0.86,0.748412,0.804206,59.950666,1.383971,30.6673185
30,42,2302,34406,77,819,77,819,0,0,0.034832,1.190207,0.837,1.0136034999999999,67.581817,59.957194,63.7695055
16,18,1540,1644,96,91,96,91,0,0,0.013404,0.872667,0.809375,0.841021,60.866764,1.420532,31.143648000000002
2,2,146,178,73,89,73,89,0,0,0.001127,0.009,0.007,0.008,0.0,0.0,0.0
16,18,1540,1644,96,91,96,91,0,0,0.01358,0.884667,0.772294,0.8284805,61.632801,1.414576,31.5236885
2,2,132,164,66,82,66,82,0,0,0.001049,0.009,0.007,0.008,0.0,0.0,0.0
16,18,1540,1644,96,91,96,91,0,0,0.018023,1.1804,1.033706,1.107053,71.519746,2.107826,36.813786
16,18,1540,1644,96,91,96,91,0,0,0.018166,1.190333,1.041353,1.115843,71.945275,2.050576,36.9979255
16,18,1540,1644,96,91,96,91,0,0,0.018642,1.2218,1.124375,1.1730874999999998,73.618233,2.128671,37.873452
8,10,1052,824,132,82,132,82,0,0,0.004004,0.523714,0.385333,0.45452349999999997,33.223606,0.693152,16.958378999999997
8,10,1052,824,132,82,132,82,0,0,0.003994,0.520857,0.385889,0.453373,33.364886,0.700771,17.0328285
30,42,2302,34406,77,819,77,819,0,0,0.035201,1.202552,0.847122,1.024837,67.755254,59.614887,63.685070499999995
16,18,1540,1644,96,91,96,91,0,0,0.018642,1.2218,1.124375,1.1730874999999998,73.618233,2.128671,37.873452
16,18,1540,1644,96,91,96,91,0,0,0.018608,1.22,1.067941,1.1439705,74.164123,2.20636,38.185241500000004
16,18,1540,1644,96,91,96,91,0,0,0.018386,1.205267,1.054529,1.129898,74.26836,2.013196,38.140778
8,10,1052,824,132,82,132,82,0,0,0.003941,0.513714,0.378222,0.44596800000000003,32.43711,0.695826,16.566467999999997
30,42,2302,34406,77,819,77,819,0,0,0.035755,1.22169,0.859122,1.040406,68.723303,60.288243,64.505773
2,2,132,164,66,82,66,82,0,0,0.001097,0.009,0.027,0.018,0.0,0.0,0.0
30,42,2302,34406,77,819,77,819,0,0,0.034766,1.187621,0.835341,1.011481,67.012563,59.598524,63.3055435
16,18,1540,1644,96,91,96,91,0,0,0.018186,1.190067,1.042412,1.1162394999999998,72.235546,2.055111,37.1453285
64,66,3806,51808,59,785,59,785,0,0,0.024858,0.389651,0.373062,0.3813565,21.052886,20.793771,20.9233285
16,18,1540,1644,96,91,96,91,0,0,0.018023,1.180667,1.033118,1.1068924999999998,71.49304,2.10711,36.800075
16,18,1540,1644,96,91,96,91,0,0,0.018166,1.190333,1.041353,1.115843,71.945275,2.050576,36.9979255
16,18,1540,1644,96,91,96,91,0,0,0.017987,1.178267,1.030941,1.1046040000000001,71.615668,2.19185,36.903759
28,42,2198,34406,79,819,79,819,0,0,0.034806,1.276963,0.835976,1.0564695,73.675948,60.791164,67.23355600000001
16,18,1540,1644,96,91,96,91,0,0,0.018432,1.2082,1.056882,1.132541,73.439464,2.066461,37.7529625
16,18,1540,1644,96,91,96,91,0,0,0.01815,1.1892,1.040823,1.1150115,72.007065,2.212815,37.10994
30,42,2302,34406,77,819,77,819,0,0,0.035081,1.194724,0.844024,1.019374,67.422742,59.322486,63.372614
16,18,1540,1644,96,91,96,91,0,0,0.018034,1.181933,1.033882,1.1079075,71.799027,2.038007,36.918516999999994
16,18,1540,1644,96,91,96,91,0,0,0.018476,1.2098,1.061118,1.135459,74.455406,2.021604,38.238504999999996
12,18,1580,10168,132,565,132,565,0,0,1.052828,95.680545,61.900885,78.790715,9542.450175,7684.749436,8613.5998055
16,18,1540,1644,96,91,96,91,0,0,0.018186,1.190067,1.042412,1.1162394999999998,72.235546,2.055111,37.1453285
8,10,1052,824,132,82,132,82,0,0,0.003994,0.520857,0.385889,0.453373,33.364886,0.700771,17.0328285
106,114,9400,12298,89,108,89,108,0,0,0.018219,0.182776,0.164084,0.17343,11.118469,10.272272,10.6953705
16,18,1540,1644,96,91,96,91,0,0,0.018155,1.188333,1.040941,1.114637,71.907611,2.127177,37.017394
2,2,132,164,66,82,66,82,0,0,0.001067,0.009,0.007,0.008,0.0,0.0,0.0
40,42,2558,23162,64,551,64,551,0,0,0.012375,0.315079,0.289976,0.3025275,17.790413,17.211823,17.501117999999998
16,18,1540,1644,96,91,96,91,0,0,0.018024,1.1798,1.033177,1.1064885,71.71664,2.195593,36.9561165
12,18,1580,10168,132,565,132,565,0,0,1.052828,95.680545,61.900885,78.790715,9542.450175,7684.749436,8613.5998055
16,18,1540,1644,96,91,96,91,0,0,0.018199,1.192467,1.043471,1.117969,73.435058,1.992898,37.713978
8,10,1052,824,132,82,132,82,0,0,0.003866,0.503857,0.372889,0.438373,32.016163,0.674136,16.345149499999998
2,2,132,164,66,82,66,82,0,0,0.001063,0.009,0.007,0.008,0.0,0.0,0.0
16,18,1540,1644,96,91,96,91,0,0,0.018424,1.207467,1.056765,1.132116,73.008975,2.143336,37.576155500000006
16,18,1540,1644,96,91,96,91,0,0,0.013798,0.8992,0.784412,0.841806,61.25337,1.435331,31.344350499999997
16,18,1540,1644,96,91,96,91,0,0,0.018174,1.190133,1.042294,1.1162135000000002,73.043832,1.998874,37.521353
2,2,132,164,66,82,66,82,0,0,0.001059,0.009,0.007,0.008,0.0,0.0,0.0
64,66,3806,51808,59,785,59,785,0,0,0.024855,0.395855,0.372954,0.38440450000000004,21.22911,20.382122,20.805616
16,18,1540,1644,96,91,96,91,0,0,0.01806,1.183733,1.034765,1.109249,72.732294,1.979264,37.355779
16,18,1540,1644,96,91,96,91,0,0,0.01859,1.2188,1.066471,1.1426355,74.206554,2.284353,38.245453499999996
16,18,1540,1644,96,91,96,91,0,0,0.013276,0.864067,0.753471,0.8087690000000001,59.992853,1.382091,30.687472
16,18,1540,1644,96,91,96,91,0,0,0.01841,1.206733,1.055529,1.1311309999999999,73.221376,2.232506,37.726941000000004
2,2,146,178,73,89,73,89,0,0,0.001065,0.009,0.007,0.008,0.0,0.0,0.0
16,18,1540,1644,96,91,96,91,0,0,0.013242,0.8618,0.752706,0.807253,59.955059,1.381092,30.6680755
40,42,2558,23162,64,551,64,551,0,0,0.043015,1.094974,1.0633,1.0791369999999998,70.54535,69.131281,69.8383155
8,10,1052,824,132,82,132,82,0,0,0.003955,0.515,0.381778,0.44838900000000004,32.64684,0.681485,16.6641625
16,18,1540,1644,96,91,96,91,0,0,0.013276,0.864067,0.753471,0.8087690000000001,59.992853,1.382091,30.687472
12,18,1580,10168,132,565,132,565,0,0,1.00477,91.308457,59.07106,75.18975850000001,9528.994087,7674.674677,8601.834382
4,4,568,312,142,78,142,78,0,0,0.004729,1.218667,1.054,1.1363335,1.714971,1.480682,1.5978265
16,18,1540,1644,96,91,96,91,0,0,0.01928,1.2648,1.106471,1.1856355,77.411427,2.202251,39.806839000000004
64,66,3806,51808,59,785,59,785,0,0,0.02493,0.403475,0.373846,0.38866049999999996,21.036126,20.079232,20.557679
8,10,1052,824,132,82,132,82,0,0,0.004011,0.524857,0.384222,0.4545395,33.372486,0.698952,17.035719
16,18,1540,1644,96,91,96,91,0,0,0.013125,0.852733,0.745471,0.799102,59.287705,1.36326,30.3254825
2,2,146,178,73,89,73,89,0,0,0.001055,0.009,0.007,0.008,0.0,0.0,0.0
2,2,132,164,66,82,66,82,0,0,0.001057,0.009,0.006,0.0075,0.0,0.0,0.0
16,18,1540,1644,96,91,96,91,0,0,0.013248,0.862467,0.798687,0.830577,60.274287,1.415251,30.844769
52,38,37230,3172,716,83,716,83,0,0,0.45877,9.1684,12.385919,10.7771595,997.403345,35.346793,516.3750689999999
30,42,2302,34406,77,819,77,819,0,0,0.03481,1.18969,0.837659,1.0136745,67.269369,59.4782,63.3737845
4,4,528,304,132,76,132,76,0,0,0.001697,0.444333,0.213667,0.32899999999999996,0.621311,0.295813,0.45856199999999997
16,18,1540,1644,96,91,96,91,0,0,0.014464,0.942867,0.822882,0.8828745,65.610681,1.493749,33.552215
12,12,1064,2260,89,188,89,188,0,0,0.00395,0.328273,0.309,0.3186365,16.672824,0.371198,8.522011
16,18,1540,1644,96,91,96,91,0,0,0.018109,1.184533,1.036823,1.110678,71.392414,2.030528,36.711471
16,18,1540,1644,96,91,96,91,0,0,0.017965,1.175733,1.03,1.1028665,71.762437,2.20195,36.9821935
52,42,37230,3380,716,80,716,80,0,0,0.024659,0.476784,0.588171,0.5324774999999999,28.961934,0.94769,14.954812
2,2,146,178,73,89,73,89,0,0,0.001118,0.009,0.007,0.008,0.0,0.0,0.0
16,18,1540,1644,96,91,96,91,0,0,0.017794,1.1664,1.020059,1.0932295,70.702801,2.08936,36.3960805
8,10,1052,824,132,82,132,82,0,0,0.003956,0.512286,0.380667,0.4464765,32.642492,0.676421,16.659456499999997
28,30,4656,3080,166,103,166,103,0,0,0.348122,12.879926,11.986311,12.433118499999999,747.498099,19.253908,383.3760035
16,18,1540,1644,96,91,96,91,0,0,0.019296,1.2648,1.108,1.1864,77.058025,2.313745,39.685885
16,18,1540,1644,96,91,96,91,0,0,0.019294,1.2656,1.107647,1.1866235,77.873633,2.148498,40.0110655
16,18,1540,1644,96,91,96,91,0,0,0.017837,1.166267,1.021118,1.0936925,70.685188,2.00937,36.347279
16,18,1540,1644,96,91,96,91,0,0,0.017951,1.176067,1.028941,1.1025040000000002,71.269426,2.110052,36.689738999999996
30,42,2302,34406,77,819,77,819,0,0,0.03747,1.281483,0.921575,1.101529,72.537605,63.09695,67.8172775
2,2,146,178,73,89,73,89,0,0,0.000999,0.009,0.005,0.006999999999999999,0.0,0.0,0.0
14,18,1684,10168,120,565,120,565,0,0,1.144652,88.023921,67.299882,77.6619015,8834.847809,7735.938706,8285.3932575
16,18,1540,1644,96,91,96,91,0,0,0.019315,1.267333,1.108823,1.188078,78.867653,2.08297,40.475311500000004
8,10,1052,824,132,82,132,82,0,0,0.004145,0.542714,0.395667,0.4691905,34.094349,0.723374,17.4088615
40,42,2558,23162,64,551,64,551,0,0,0.023905,0.604872,0.585525,0.5951985,0.0,45.748402,22.874201
2,2,132,164,66,82,66,82,0,0,0.001091,0.009,0.007,0.008,0.0,0.0,0.0
16,18,1540,1644,96,91,96,91,0,0,0.017801,1.166,1.019706,1.0928529999999999,71.588987,1.954381,36.771684
2,2,132,164,66,82,66,82,0,0,0.001144,0.009,0.007,0.008,0.0,0.0,0.0
16,18,1540,1644,96,91,96,91,0,0,0.018097,1.185467,1.037353,1.11141,72.829586,1.991793,37.410689500000004
2,2,132,164,66,82,66,82,0,0,0.001201,0.009,0.007,0.008,0.0,0.0,0.0
28,42,2198,34406,79,819,79,819,0,0,0.034656,1.27163,0.853875,1.0627525,71.865654,59.691972,65.778813
16,18,1540,1644,96,91,96,91,0,0,0.017791,1.165467,1.019588,1.0925275,70.878622,2.178526,36.528574
62,58,5928,8010,96,138,96,138,0,0,0.331817,5.439623,5.808965,5.624294,370.496148,386.999858,378.74800300000004
2,2,132,164,66,82,66,82,0,0,0.001171,0.009,0.007,0.008,0.0,0.0,0.0
16,18,1540,1644,96,91,96,91,0,0,0.018438,1.208733,1.057647,1.13319,73.583375,2.184122,37.8837485
16,18,1540,1644,96,91,96,91,0,0,0.013156,0.8552,0.746941,0.8010705,59.229105,1.359637,30.294370999999998
8,10,1052,824,132,82,132,82,0,0,0.004145,0.542286,0.394,0.46814300000000003,33.690421,0.719324,17.2048725
16,18,1540,1644,96,91,96,91,0,0,0.021071,1.384067,1.212706,1.2983864999999999,82.761343,2.425428,42.5933855
16,18,1540,1644,96,91,96,91,0,0,0.021166,1.390133,1.195529,1.292831,83.679524,2.294471,42.9869975
8,10,1052,824,132,82,132,82,0,0,0.003801,0.495571,0.371222,0.43339649999999996,32.231283,0.670104,16.4506935
8,10,1052,824,132,82,132,82,0,0,0.004014,0.524714,0.381444,0.453079,33.238056,0.682703,16.9603795
16,18,1540,1644,96,91,96,91,0,0,0.018397,1.205867,1.053412,1.1296395000000001,73.215164,2.094884,37.655024
8,10,1052,824,132,82,132,82,0,0,0.004013,0.521143,0.385222,0.45318250000000004,33.249147,0.695162,16.972154500000002
16,18,1540,1644,96,91,96,91,0,0,0.018122,1.187067,1.038471,1.1127690000000001,71.933905,2.117568,37.0257365
2,2,130,162,65,81,65,81,0,0,0.001026,0.009,0.009,0.009,0.0,0.0,0.0
16,18,1540,1644,96,91,96,91,0,0,0.013625,0.886733,0.754353,0.820543,60.018923,1.381067,30.699995
30,42,2302,34406,77,819,77,819,0,0,0.034732,1.186793,0.835171,1.010982,67.503581,60.359896,63.931738499999994
2,2,146,178,73,89,73,89,0,0,0.001105,0.009,0.007,0.008,0.0,0.0,0.0
16,18,1540,1644,96,91,96,91,0,0,0.01595,1.040533,0.911353,0.975943,66.911569,1.582243,34.246906
22,24,1920,4312,87,180,87,180,0,0,0.005686,0.254524,0.221739,0.2381315,16.041389,12.79072,14.4160545
2,2,132,164,66,82,66,82,0,0,0.001116,0.009,0.007,0.008,0.0,0.0,0.0
52,38,37230,3172,716,83,716,83,0,0,0.557881,10.932058,15.064297,12.9981775,1033.670714,35.74073,534.705722
28,42,2198,34406,79,819,79,819,0,0,0.03631,1.384538,0.869756,1.127147,77.040108,61.293415,69.1667615
16,18,1540,1644,96,91,96,91,0,0,0.018466,1.211067,1.059294,1.1351805,74.293088,2.050016,38.171552
2,2,146,178,73,89,73,89,0,0,0.003355,0.01,0.004,0.007,0.0,0.0,0.0
16,18,1540,1644,96,91,96,91,0,0,0.019119,1.190067,1.089882,1.1399745000000001,71.690574,2.023582,36.857078
16,18,1540,1644,96,91,96,91,0,0,0.018455,1.21,1.058706,1.134353,74.02703,2.280545,38.1537875
16,18,1540,1644,96,91,96,91,0,0,0.018463,1.2108,1.125063,1.1679315,73.701352,2.154899,37.9281255
16,18,1540,1644,96,91,96,91,0,0,0.018327,1.201333,1.050706,1.1260195,73.210603,2.260075,37.735339
16,18,1540,1644,96,91,96,91,0,0,0.018131,1.187467,1.103312,1.1453895,71.912539,2.25304,37.0827895
16,18,1540,1644,96,91,96,91,0,0,0.01898,1.2446,1.088,1.1663000000000001,78.247506,2.068968,40.158237
16,18,1540,1644,96,91,96,91,0,0,0.013723,0.894733,0.779353,0.837043,63.058325,1.450557,32.254441
16,18,1540,1644,96,91,96,91,0,0,0.018359,1.2028,1.052882,1.127841,73.085107,2.177957,37.631532
16,18,1540,1644,96,91,96,91,0,0,0.018377,1.204733,1.054588,1.1296605,74.170893,2.043119,38.107006000000005
16,18,1540,1644,96,91,96,91,0,0,0.020714,1.3602,1.190882,1.275541,84.925973,2.187793,43.556883
30,42,2302,34406,77,819,77,819,0,0,0.037541,1.283724,0.903049,1.0933865,73.257024,63.455199,68.3561115
30,42,2302,34406,77,819,77,819,0,0,0.038996,1.333759,0.938317,1.1360379999999999,77.548208,62.695517,70.1218625
2,2,132,164,66,82,66,82,0,0,0.001083,0.009,0.007,0.008,0.0,0.0,0.0
2,2,146,178,73,89,73,89,0,0,0.000918,0.001,0.003,0.002,0.0,0.0,0.0
22,24,1920,4312,87,180,87,180,0,0,0.136151,6.424905,5.894696,6.159800499999999,454.630608,434.887718,444.759163
16,18,1540,1644,96,91,96,91,0,0,0.020686,1.358533,1.190177,1.274355,84.42647,2.23299,43.32973
52,38,37230,3172,716,83,716,83,0,0,0.815532,15.983765,22.028594,19.0061795,1637.373451,56.929918,847.1516845
52,36,37230,3068,716,85,716,85,0,0,0.658994,12.914785,18.813857,15.864321,1301.812458,46.712965,674.2627115
30,42,2302,34406,77,819,77,819,0,0,0.035964,1.273464,0.865756,1.06961,70.359649,61.075018,65.7173335
2,2,130,162,65,81,65,81,0,0,0.000996,0.009,0.002,0.0055,0.0,0.0,0.0
64,66,3806,51808,59,785,59,785,0,0,0.024953,0.396887,0.374862,0.3858745,21.562184,21.02385,21.293017
16,18,1540,1644,96,91,96,91,0,0,0.01345,0.8756,0.761647,0.8186235,60.469712,1.401943,30.935827500000002
6,8,320,1826,53,228,53,228,0,0,0.002673,0.4714,0.315,0.3932,26.158248,0.49007,13.324159
2,2,132,164,66,82,66,82,0,0,0.001007,0.009,0.007,0.008,0.0,0.0,0.0
16,18,1540,1644,96,91,96,91,0,0,0.018247,1.195933,1.11175,1.1538415,73.830182,2.052692,37.94143699999999
52,54,2934,3742,56,69,56,69,0,0,0.020752,0.400902,0.388154,0.394528,27.731475,0.663403,14.197439
16,18,1540,1644,96,91,96,91,0,0,0.013598,0.885933,0.773588,0.8297605,62.615699,1.443179,32.029438999999996
62,58,5928,8010,96,138,96,138,0,0,0.010256,0.173831,0.1775,0.1756655,0.0,11.024623,5.5123115
30,42,2302,34406,77,819,77,819,0,0,0.03613,1.278357,0.869585,1.073971,70.582024,60.740751,65.6613875
38,40,2438,18508,64,463,64,463,0,0,0.010022,0.265861,0.243667,0.254764,0.0,13.860016,6.930008
14,6,8928,320,638,53,638,53,0,0,0.004117,0.316692,0.7098,0.513246,16.747418,1.130751,8.9390845
2,2,146,178,73,89,73,89,0,0,0.001041,0.009,0.005,0.006999999999999999,0.0,0.0,0.0
16,18,1540,1644,96,91,96,91,0,0,0.018397,1.2058,1.121563,1.1636815,74.121369,2.091353,38.106361
16,18,1540,1644,96,91,96,91,0,0,0.018306,1.1998,1.049,1.1244,72.708784,2.154359,37.4315715
2,2,146,178,73,89,73,89,0,0,0.001041,0.009,0.005,0.006999999999999999,0.0,0.0,0.0
12,18,1580,10168,132,565,132,565,0,0,1.00455,91.291635,59.058412,75.1750235,9528.467745,7673.355047,8600.911396
2,2,132,164,66,82,66,82,0,0,0.001012,0.009,0.007,0.008,0.0,0.0,0.0
122,126,7816,15132,64,120,64,120,0,0,0.808673,6.680438,6.465328,6.572883,450.144658,445.928964,448.036811
16,18,1540,1644,96,91,96,91,0,0,0.018394,1.205467,1.12,1.1627335,73.350972,2.310188,37.83058
16,18,1540,1644,96,91,96,91,0,0,0.018308,1.199533,1.049235,1.124384,72.854828,2.239781,37.547304499999996
64,66,3806,51808,59,785,59,785,0,0,0.025991,0.413968,0.389754,0.401861,22.326413,21.284553,21.805483
40,42,2558,23162,64,551,64,551,0,0,0.016966,0.438237,0.401756,0.4199965,0.0,25.186772,12.593386
16,18,1540,1644,96,91,96,91,0,0,0.018369,1.2,1.049471,1.1247354999999999,72.611615,2.066796,37.3392055
8,12,424,8824,53,735,53,735,0,0,0.003646,0.477,0.288545,0.38277249999999996,30.608306,18.407882,24.508094
2,2,130,162,65,81,65,81,0,0,0.001067,0.009,0.006,0.0075,0.0,0.0,0.0
4,4,528,304,132,76,132,76,0,0,0.001715,0.446333,0.214,0.3301665,0.62414,0.296284,0.460212
18,18,4136,2456,230,136,230,136,0,0,0.004784,0.262941,0.249765,0.256353,13.067807,0.326245,6.697026
16,18,1540,1644,96,91,96,91,0,0,0.018407,1.2064,1.055177,1.1307885,73.216203,2.166676,37.691439499999994
8,10,1052,824,132,82,132,82,0,0,0.003882,0.504429,0.374667,0.439548,32.38152,0.6812,16.53136
2,2,130,162,65,81,65,81,0,0,0.001067,0.009,0.006,0.0075,0.0,0.0,0.0
4,4,568,312,142,78,142,78,0,0,0.004757,1.226667,1.081,1.1538335,1.724871,1.519572,1.6222215
16,18,1540,1644,96,91,96,91,0,0,0.018429,1.207667,1.056118,1.1318925,73.314468,2.099063,37.7067655
8,10,1052,824,132,82,132,82,0,0,0.003881,0.506,0.377556,0.441778,32.75134,0.688405,16.7198725
40,42,2558,23162,64,551,64,551,0,0,0.01188,0.293718,0.28375,0.288734,17.152413,16.903124,17.0277685
78,80,4550,72810,58,910,58,910,0,0,0.034853,0.454513,0.431304,0.44290850000000004,23.3489,22.931853,23.140376500000002
16,18,1540,1644,96,91,96,91,0,0,0.01797,1.177333,1.03,1.1036665,71.491313,2.182402,36.8368575
16,18,1540,1644,96,91,96,91,0,0,0.01823,1.194933,1.045765,1.120349,73.056128,1.992174,37.524151
16,18,1540,1644,96,91,96,91,0,0,0.013167,0.857533,0.746412,0.8019725,59.559056,1.371555,30.4653055
16,18,1540,1644,96,91,96,91,0,0,0.017884,1.171333,1.024412,1.0978725,71.09978,2.186534,36.643156999999995
8,12,424,8824,53,735,53,735,0,0,0.222251,31.706001,20.154909,25.930455000000002,2142.128912,1706.915044,1924.5219780000002
52,40,37230,3276,716,82,716,82,0,0,0.020629,0.40578,0.514897,0.4603385,22.177004,1.01835,11.597677000000001
2,2,146,178,73,89,73,89,0,0,0.001056,0.009,0.007,0.008,0.0,0.0,0.0
40,42,2558,23162,64,551,64,551,0,0,0.011877,0.312703,0.277171,0.294937,17.530866,16.7189,17.124883
64,66,3806,51808,59,785,59,785,0,0,0.026623,0.424129,0.401031,0.41258,22.518831,21.358162,21.9384965
2,2,130,162,65,81,65,81,0,0,0.001005,0.009,0.006,0.0075,0.0,0.0,0.0
30,42,2302,34406,77,819,77,819,0,0,0.035067,1.197862,0.843683,1.0207725,67.376609,59.100698,63.2386535
16,18,1540,1644,96,91,96,91,0,0,0.01805,1.266143,1.035177,1.15066,74.026016,2.091327,38.0586715
8,10,1052,824,132,82,132,82,0,0,0.003966,0.517429,0.38,0.4487145,33.110896,0.673688,16.892291999999998
106,114,9400,12298,89,108,89,108,0,0,0.326313,3.164757,2.908241,3.036499,197.069189,188.671955,192.87057199999998
122,126,7816,15132,64,120,64,120,0,0,0.074748,0.625311,0.593592,0.6094515,66.399582,64.050679,65.2251305
122,126,7816,15132,64,120,64,120,0,0,0.958925,7.922265,7.611968,7.7671165,512.306479,507.901185,510.103832
16,18,1540,1644,96,91,96,91,0,0,0.013266,0.864,0.753647,0.8088234999999999,60.144828,1.385013,30.7649205
16,18,1540,1644,96,91,96,91,0,0,0.013403,0.872933,0.761059,0.816996,59.593111,1.40003,30.4965705
16,18,1540,1644,96,91,96,91,0,0,0.018072,1.1838,1.036,1.1099,72.002416,2.040577,37.0214965
2,2,132,164,66,82,66,82,0,0,0.001065,0.009,0.006,0.0075,0.0,0.0,0.0
16,18,1540,1644,96,91,96,91,0,0,0.018061,1.183267,1.033647,1.108457,71.877677,2.171205,37.024441
28,42,2198,34406,79,819,79,819,0,0,0.034832,1.278741,0.837268,1.0580045,72.360136,58.603162,65.481649
16,18,1540,1644,96,91,96,91,0,0,0.018054,1.1832,1.098688,1.1409440000000002,72.040286,2.067754,37.054019999999994
12,12,1064,2260,89,188,89,188,0,0,0.004214,0.351818,0.328091,0.33995450000000005,17.681422,0.399163,9.040292500000001
16,18,1540,1644,96,91,96,91,0,0,0.018183,1.188867,1.042118,1.1154925,71.527877,2.106067,36.816972
4,4,520,304,130,76,130,76,0,0,0.001732,0.451333,0.217667,0.3345,0.631918,0.30147,0.466694
30,42,2302,34406,77,819,77,819,0,0,0.034789,1.188966,0.836098,1.012532,66.893164,58.869033,62.8810985
16,18,1540,1644,96,91,96,91,0,0,0.01817,1.190933,1.106812,1.1488725,72.210769,2.085321,37.148044999999996
16,18,1540,1644,96,91,96,91,0,0,0.017996,1.179333,1.031882,1.1056075,71.182042,2.080046,36.631043999999996
16,18,1540,1644,96,91,96,91,0,0,0.018157,1.1892,1.040706,1.1149529999999999,72.033155,2.1975,37.1153275
2,2,146,178,73,89,73,89,0,0,0.001161,0.01,0.007,0.0085,0.0,0.0,0.0
8,10,1052,824,132,82,132,82,0,0,0.003853,0.501286,0.374667,0.4379765,32.261158,0.679641,16.4703995
2,2,132,164,66,82,66,82,0,0,0.001048,0.009,0.007,0.008,0.0,0.0,0.0
8,10,1052,824,132,82,132,82,0,0,0.003895,0.508,0.376667,0.4423335,32.656446,0.687746,16.672096
16,18,1540,1644,96,91,96,91,0,0,0.017768,1.160733,1.018471,1.089602,70.268109,1.982555,36.125332
12,18,1580,10168,132,565,132,565,0,0,1.006087,91.428821,62.850499,77.13965999999999,9530.375872,7910.400335,8720.388103500001
16,18,1540,1644,96,91,96,91,0,0,0.017951,1.175733,1.093125,1.134429,72.406863,1.999921,37.203392
8,10,1052,824,132,82,132,82,0,0,0.003998,0.513286,0.385444,0.449365,32.791815,0.678964,16.7353895
16,18,1540,1644,96,91,96,91,0,0,0.017903,1.171733,1.026706,1.0992194999999998,71.111757,2.100202,36.6059795
26,26,4552,2872,175,110,175,110,0,0,0.292992,11.70656,11.70028,11.70342,750.406602,20.520713,385.4636575
2,2,132,164,66,82,66,82,0,0,0.001012,0.009,0.006,0.0075,0.0,0.0,0.0
16,18,1540,1644,96,91,96,91,0,0,0.01893,1.242,1.155125,1.1985625,76.094694,2.166126,39.130410000000005
2,2,146,178,73,89,73,89,0,0,0.00102,0.008,0.006,0.007,0.0,0.0,0.0
16,18,1540,1644,96,91,96,91,0,0,0.019004,1.246867,1.089235,1.168051,75.7169,2.201457,38.9591785
12,12,1064,2260,89,188,89,188,0,0,0.004095,0.340545,0.316455,0.3285,16.859684,0.390797,8.6252405
8,10,1052,824,132,82,132,82,0,0,0.003929,0.512857,0.373667,0.44326200000000004,32.363958,0.686617,16.525287499999997
2,2,132,164,66,82,66,82,0,0,0.000949,0.002,0.004,0.003,0.0,0.0,0.0
16,18,1540,1644,96,91,96,91,0,0,0.017608,1.1538,1.008588,1.081194,69.904079,2.13848,36.0212795
64,66,3806,51808,59,785,59,785,0,0,0.028948,0.461935,0.444422,0.4531785,25.877917,25.693633,25.785775
2,2,146,178,73,89,73,89,0,0,0.001121,0.009,0.007,0.008,0.0,0.0,0.0
108,114,9504,12298,88,108,88,108,0,0,0.325725,3.099162,2.98234,3.040751,195.111962,191.197863,193.15491250000002
16,18,1540,1644,96,91,96,91,0,0,0.017922,1.173467,1.026118,1.0997925,71.998103,1.969012,36.9835575
16,18,1540,1644,96,91,96,91,0,0,0.018813,1.2342,1.080294,1.157247,75.302194,2.320178,38.811186
14,8,8928,424,638,53,638,53,0,0,0.047073,3.621,6.642571,5.1317855,394.062527,16.114566,205.0885465
30,42,2302,34406,77,819,77,819,0,0,0.03625,1.238724,0.871902,1.055313,70.26473,61.377482,65.821106
16,18,1540,1644,96,91,96,91,0,0,0.018066,1.1842,1.100313,1.1422565,72.465905,2.013566,37.2397355
2,2,132,164,66,82,66,82,0,0,0.001022,0.007,0.006,0.006500000000000001,0.0,0.0,0.0
4,4,520,304,130,76,130,76,0,0,0.001712,0.449667,0.2,0.3248335,0.629561,0.277189,0.45337500000000003
2,2,132,164,66,82,66,82,0,0,0.00105,0.009,0.007,0.008,0.0,0.0,0.0
16,18,1540,1644,96,91,96,91,0,0,0.013145,0.855867,0.747471,0.801669,59.513574,1.365327,30.4394505
40,42,2558,23162,64,551,64,551,0,0,0.01218,0.311947,0.290825,0.301386,0.0,17.068549,8.5342745
16,18,1540,1644,96,91,96,91,0,0,0.018944,1.239867,1.088294,1.1640805,75.417821,2.221771,38.819796000000004
28,42,2198,34406,79,819,79,819,0,0,0.035673,1.309667,0.848585,1.079126,73.386181,60.078752,66.7324665
30,42,2302,34406,77,819,77,819,0,0,0.034837,1.190793,0.832951,1.0118719999999999,66.391729,58.074868,62.233298500000004
16,18,1540,1644,96,91,96,91,0,0,0.013456,0.876467,0.764353,0.82041,60.702639,1.395161,31.0489
16,18,1540,1644,96,91,96,91,0,0,0.017626,1.154,1.010294,1.082147,69.666501,2.047961,35.857231
6,8,320,1862,53,233,53,233,0,0,0.047386,9.415,6.692857,8.0539285,656.403857,16.074893,336.239375
4,4,568,304,142,76,142,76,0,0,0.004429,1.189667,0.991,1.0903335,1.673253,1.391586,1.5324195
16,18,1540,1644,96,91,96,91,0,0,0.017919,1.1744,1.025765,1.1000825,71.205756,2.024941,36.615348499999996
8,10,1052,824,132,82,132,82,0,0,0.003896,0.592,0.379667,0.4858335,35.372713,0.683575,18.028143999999998
16,18,1540,1644,96,91,96,91,0,0,0.017876,1.171,1.024765,1.0978824999999999,70.985955,2.168285,36.57712
30,42,2302,34406,77,819,77,819,0,0,0.035938,1.228414,0.865073,1.0467434999999998,68.575035,59.19434,63.8846875
4,4,528,304,132,76,132,76,0,0,0.001715,0.442333,0.203,0.32266649999999997,0.617775,0.281439,0.449607
52,54,2934,3740,56,69,56,69,0,0,0.855704,16.772293,16.135773,16.454033000000003,1594.797284,53.280574,824.038929
16,18,1540,1644,96,91,96,91,0,0,0.014137,0.9216,0.822625,0.8721125000000001,62.096661,1.442643,31.769651999999997
40,42,2558,23162,64,551,64,551,0,0,0.049812,1.269154,1.2321,1.250627,74.496169,74.449678,74.47292350000001
2,2,146,178,73,89,73,89,0,0,0.001106,0.01,0.001,0.0055,0.0,0.0,0.0
64,66,3806,51808,59,785,59,785,0,0,0.051963,0.819905,0.790508,0.8052064999999999,55.853574,54.710278,55.281926
18,18,3736,2456,208,136,208,136,0,0,0.00463,0.254176,0.242118,0.248147,12.560867,0.317041,6.438954
12,12,1064,2260,89,188,89,188,0,0,0.004064,0.337091,0.314,0.3255455,16.972491,0.380321,8.676406
64,66,3806,51808,59,785,59,785,0,0,0.024867,0.389635,0.379078,0.3843565,20.512181,20.262533,20.387357
2,2,146,178,73,89,73,89,0,0,0.001068,0.01,0.007,0.0085,0.0,0.0,0.0
38,40,2438,18508,64,463,64,463,0,0,0.010948,0.287541,0.267026,0.2772835,17.782558,16.522943,17.152750500000003
28,42,2198,34406,79,819,79,819,0,0,0.036877,1.354222,0.886707,1.1204645,76.631211,61.624491,69.12785099999999
78,80,4550,72810,58,910,58,910,0,0,0.033828,0.435221,0.419873,0.427547,22.471122,22.415614,22.443368
4,4,568,312,142,78,142,78,0,0,0.004902,1.286,1.119333,1.2026664999999999,1.809487,1.57237,1.6909285
16,18,1540,1644,96,91,96,91,0,0,0.017924,1.172,1.027118,1.099559,71.294023,2.008998,36.6515105
40,42,2558,23162,64,551,64,551,0,0,0.017651,0.444179,0.418683,0.431431,34.769409,30.644517,32.706963
16,18,1540,1644,96,91,96,91,0,0,0.017885,1.171133,1.025353,1.098243,70.997908,2.082675,36.540291499999995
2,2,146,178,73,89,73,89,0,0,0.001064,0.009,0.007,0.008,0.0,0.0,0.0
16,18,1540,1644,96,91,96,91,0,0,0.013083,0.850067,0.743176,0.7966215,58.814837,1.366209,30.090522999999997
4,4,528,304,132,76,132,76,0,0,0.001752,0.460667,0.208667,0.334667,0.646534,0.288039,0.46728650000000005
8,10,1052,824,132,82,132,82,0,0,0.003972,0.517571,0.381333,0.44945199999999996,33.031246,0.679372,16.855309000000002
2,2,146,178,73,89,73,89,0,0,0.001076,0.009,0.008,0.0085,0.0,0.0,0.0
16,18,1540,1644,96,91,96,91,0,0,0.017784,1.164067,1.019412,1.0917395,71.445505,1.934348,36.6899265
40,42,2558,23162,64,551,64,551,0,0,0.012921,0.331789,0.3112,0.3214945,19.449736,18.50309,18.976413
2,2,132,164,66,82,66,82,0,0,0.001086,0.001,0.002,0.0015,0.0,0.0,0.0
18,18,4136,2456,230,136,230,136,0,0,0.004764,0.262,0.250353,0.25617650000000003,12.970167,0.338394,6.6542805
106,114,9400,12298,89,108,89,108,0,0,0.667941,6.419413,5.905566,6.1624894999999995,341.550136,328.764559,335.1573475
2,2,146,178,73,89,73,89,0,0,0.001121,0.009,0.007,0.008,0.0,0.0,0.0
16,18,1540,1644,96,91,96,91,0,0,0.018423,1.207467,1.056177,1.131822,73.437773,2.078279,37.758026
64,66,3806,51808,59,785,59,785,0,0,0.024859,0.395968,0.384683,0.3903255,21.312979,21.124357,21.218668
52,40,37230,3276,716,82,716,82,0,0,0.021813,0.421196,0.545359,0.4832775,23.708965,1.028578,12.3687715
62,58,5928,8010,96,138,96,138,0,0,0.404709,6.634574,7.213,6.923787,414.759783,436.866373,425.813078
2,2,146,178,73,89,73,89,0,0,0.00109,0.009,0.007,0.008,0.0,0.0,0.0
16,18,1540,1644,96,91,96,91,0,0,0.018057,1.182533,1.035353,1.108943,71.965835,2.212637,37.089236
16,18,1540,1644,96,91,96,91,0,0,0.018054,1.183133,1.023471,1.103302,71.001569,2.087798,36.544683500000005
52,40,37230,3276,716,82,716,82,0,0,0.021151,0.408157,0.528256,0.46820649999999997,22.690489,1.060005,11.875247
16,18,1540,1644,96,91,96,91,0,0,0.018443,1.208667,1.057941,1.1333039999999999,74.448709,2.02143,38.235069499999994
12,14,1064,2364,89,169,89,169,0,0,0.030329,2.724727,2.290846,2.5077865,262.68054,6.966211,134.8233755
78,80,4550,72810,58,910,58,910,0,0,0.03436,0.441,0.426823,0.4339115,22.557871,22.095531,22.326701
16,18,1540,1644,96,91,96,91,0,0,0.017873,1.170267,1.023235,1.0967509999999998,70.920286,2.16626,36.543273
12,18,1580,10168,132,565,132,565,0,0,1.034077,93.976088,60.795062,77.385575,9646.857403,7768.42076,8707.6390815
16,18,1540,1644,96,91,96,91,0,0,0.017937,1.1744,1.027941,1.1011705,71.375378,2.015644,36.695510999999996
12,18,1580,10168,132,565,132,565,0,0,1.020847,92.772815,60.018763,76.395789,9534.039921,7677.349999,8605.69496
16,18,1540,1644,96,91,96,91,0,0,0.013715,0.8936,0.761412,0.827506,59.960521,1.386338,30.6734295
4,4,568,312,142,78,142,78,0,0,0.004722,1.219,1.043333,1.1311665,1.715443,1.465597,1.5905200000000002
18,18,4136,2456,230,136,230,136,0,0,0.004884,0.268,0.255588,0.26179399999999997,13.242117,0.346945,6.794531
16,18,1540,1644,96,91,96,91,0,0,0.017884,1.172267,1.025059,1.098663,72.249109,1.963614,37.106361500000006
16,18,1540,1644,96,91,96,91,0,0,0.018348,1.203067,1.052765,1.127916,72.964206,2.143297,37.553751500000004
8,10,1052,824,132,82,132,82,0,0,0.004025,0.527143,0.384556,0.4558495,33.446248,0.690629,17.0684385
22,24,1920,4312,87,180,87,180,0,0,0.005717,0.256238,0.222304,0.239271,15.883791,12.72755,14.305670500000002
2,2,146,178,73,89,73,89,0,0,0.001075,0.009,0.006,0.0075,0.0,0.0,0.0
30,42,2302,34406,77,819,77,819,0,0,0.035847,1.225138,0.861195,1.0431665,70.002912,63.325727,66.6643195
2,2,146,178,73,89,73,89,0,0,0.001081,0.009,0.007,0.008,0.0,0.0,0.0
52,42,37358,3380,718,80,718,80,0,0,0.021336,0.4199,0.507366,0.46363299999999996,23.366229,0.881032,12.1236305
16,18,1540,1644,96,91,96,91,0,0,0.017769,1.163333,1.018294,1.0908134999999999,70.672039,2.003189,36.337614
12,18,1580,10168,132,565,132,565,0,0,1.027046,93.335634,60.382413,76.8590235,9579.788871,7714.19137,8646.9901205
2,2,146,178,73,89,73,89,0,0,0.001019,0.009,0.004,0.0065,0.0,0.0,0.0
16,18,1540,1644,96,91,96,91,0,0,0.017921,1.171867,1.026823,1.099345,71.117055,2.016918,36.5669865
8,10,1052,824,132,82,132,82,0,0,0.004008,0.522571,0.384,0.4532855,33.448576,0.681137,17.0648565
30,42,2302,34406,77,819,77,819,0,0,0.034793,1.187517,0.835512,1.0115145,66.912291,58.720564,62.8164275
30,42,2302,34406,77,819,77,819,0,0,0.035164,1.20169,0.845098,1.023394,67.684188,59.562757,63.623472500000005
2,2,132,164,66,82,66,82,0,0,0.001073,0.009,0.006,0.0075,0.0,0.0,0.0
38,40,2438,18508,64,463,64,463,0,0,0.010405,0.279278,0.252538,0.26590800000000003,16.223273,15.739985,15.981629
16,18,1540,1644,96,91,96,91,0,0,0.018947,1.242333,1.038823,1.140578,72.806014,2.219981,37.512997500000004
16,18,1540,1644,96,91,96,91,0,0,0.018332,1.201267,1.050882,1.1260745,72.928857,2.227751,37.578303999999996
106,114,9400,12298,89,108,89,108,0,0,0.018236,0.17923,0.16616,0.172695,10.943081,10.325288,10.6341845
16,18,1540,1644,96,91,96,91,0,0,0.013111,0.853533,0.744824,0.7991785,59.24766,1.365467,30.306563500000003
14,18,1684,10168,120,565,120,565,0,0,1.12007,86.132767,65.854825,75.993796,9626.568228,8427.524994,9027.046611
16,18,1540,1644,96,91,96,91,0,0,0.017924,1.174467,1.091375,1.132921,71.280444,2.060707,36.6705755
8,10,1052,824,132,82,132,82,0,0,0.003952,0.515571,0.379,0.4472855,32.347465,0.676651,16.512058
14,18,1684,10168,120,565,120,565,0,0,1.158799,89.112769,68.136471,78.62462,8832.88878,7734.404742,8283.646761
16,18,1540,1644,96,91,96,91,0,0,0.017967,1.176533,1.029765,1.1031490000000002,71.480983,1.948925,36.714954
2,2,132,164,66,82,66,82,0,0,0.001057,0.005,0.007,0.006,0.0,0.0,0.0
4,4,528,304,132,76,132,76,0,0,0.001648,0.424667,0.195333,0.31,0.593498,0.269887,0.4316925
16,18,1540,1644,96,91,96,91,0,0,0.01299,0.843867,0.736824,0.7903455,58.597163,1.351588,29.9743755
2,2,132,164,66,82,66,82,0,0,0.001103,0.009,0.007,0.008,0.0,0.0,0.0
16,18,1540,1644,96,91,96,91,0,0,0.019262,1.263533,1.106118,1.1848255,77.99636,2.457023,40.2266915
28,42,2198,34406,79,819,79,819,0,0,0.034386,1.261519,0.826024,1.0437715,71.544688,59.061587,65.30313749999999
2,2,146,178,73,89,73,89,0,0,0.001089,0.009,0.007,0.008,0.0,0.0,0.0
62,58,5928,8010,96,138,96,138,0,0,0.336778,5.520951,5.894631,5.707791,392.070936,409.335579,400.7032575
16,18,1540,1644,96,91,96,91,0,0,0.017953,1.176267,1.029294,1.1027805,70.998826,2.092967,36.5458965
4,4,568,312,142,78,142,78,0,0,0.004874,1.257,1.109,1.1829999999999998,1.769183,1.557049,1.663116
16,18,1540,1644,96,91,96,91,0,0,0.017936,1.1754,1.028471,1.1019355,71.403999,2.179321,36.79166
4,4,528,304,132,76,132,76,0,0,0.001783,0.468333,0.211,0.3396665,0.657373,0.295571,0.476472
12,18,1580,10168,132,565,132,565,0,0,1.157162,105.164183,68.039997,86.60209,10836.49728,8726.93016,9781.71372
12,12,1064,2260,89,188,89,188,0,0,0.004155,0.346364,0.323818,0.335091,17.307044,0.398634,8.852839000000001
8,10,1052,824,132,82,132,82,0,0,0.00401,0.521714,0.384444,0.453079,32.693133,0.694859,16.693996000000002
16,18,1540,1644,96,91,96,91,0,0,0.018255,1.195933,1.1095,1.1527165,72.695341,2.073318,37.3843295
30,42,2302,34406,77,819,77,819,0,0,0.049655,1.700793,1.198195,1.449494,94.519782,79.645098,87.08244
38,40,2438,18508,64,463,64,463,0,0,0.010717,0.289028,0.267184,0.27810599999999996,16.929783,16.398217,16.664
2,2,132,164,66,82,66,82,0,0,0.001045,0.009,0.007,0.008,0.0,0.0,0.0
2,2,132,164,66,82,66,82,0,0,0.001072,0.009,0.006,0.0075,0.0,0.0,0.0
16,18,1540,1644,96,91,96,91,0,0,0.018031,1.1804,1.032529,1.1064645,71.455119,2.108717,36.781918
78,80,4550,72810,58,910,58,910,0,0,0.033969,0.436532,0.421861,0.4291965,23.175586,22.396016,22.785801
28,30,4656,3080,166,103,166,103,0,0,0.349747,12.942075,12.042931,12.492503,751.707435,19.365699,385.536567
16,18,1540,1644,96,91,96,91,0,0,0.018166,1.1906,1.042059,1.1163295,72.179141,2.090949,37.135045
16,18,1540,1644,96,91,96,91,0,0,0.01789,1.171467,1.025647,1.098557,70.933369,2.087927,36.510647999999996
8,10,1052,824,132,82,132,82,0,0,0.00399,0.516857,0.389667,0.453262,33.63275,0.69184,17.162295
40,42,2558,23162,64,551,64,551,0,0,0.040009,1.070459,0.963195,1.0168270000000001,69.6647,65.734575,67.6996375
12,18,1580,10168,132,565,132,565,0,0,1.005685,91.390726,59.124705,75.2577155,9530.311162,7674.386354,8602.348758
8,10,1052,824,132,82,132,82,0,0,0.004043,0.522714,0.390889,0.45680149999999997,33.587956,0.689794,17.138875
8,10,1052,824,132,82,132,82,0,0,0.005892,0.793286,0.387222,0.5902540000000001,44.669063,0.698523,22.683793
38,40,2438,18508,64,463,64,463,0,0,0.010912,0.285486,0.266128,0.275807,17.301427,16.546617,16.924022
2,2,132,164,66,82,66,82,0,0,0.000989,0.009,0.006,0.0075,0.0,0.0,0.0
16,18,1540,1644,96,91,96,91,0,0,0.018154,1.189867,1.040941,1.1154039999999998,72.957764,1.965846,37.461805
16,18,1540,1644,96,91,96,91,0,0,0.018027,1.180933,1.098,1.1394665000000002,71.864779,2.083501,36.97414
30,42,2302,34406,77,819,77,819,0,0,0.034687,1.185517,0.833024,1.0092705,66.927734,58.582968,62.755351000000005
2,2,132,164,66,82,66,82,0,0,0.001037,0.009,0.007,0.008,0.0,0.0,0.0
12,12,1064,2260,89,188,89,188,0,0,0.004099,0.342818,0.313182,0.328,17.321816,0.379871,8.8508435
64,66,3806,51808,59,785,59,785,0,0,0.025905,0.419262,0.388554,0.40390800000000004,22.867344,22.067194,22.467269
30,42,2302,34406,77,819,77,819,0,0,0.035722,1.221069,0.858659,1.039864,68.369661,59.14829,63.7589755
16,18,1540,1644,96,91,96,91,0,0,0.017861,1.1692,1.023059,1.0961295,70.241614,2.092674,36.167144
16,18,1540,1644,96,91,96,91,0,0,0.013244,0.862533,0.751412,0.8069725,59.544038,1.371584,30.457811
8,10,1052,824,132,82,132,82,0,0,0.003745,0.486,0.361222,0.42361099999999996,31.081036,0.646956,15.863996
64,66,3806,51808,59,785,59,785,0,0,0.024893,0.389825,0.374908,0.3823665,21.323379,21.172185,21.247782
16,18,1540,1644,96,91,96,91,0,0,0.017924,1.1744,1.027823,1.1011115,72.262514,1.963447,37.1129805
62,58,5928,8010,96,138,96,138,0,0,0.534786,8.766983,9.368421,9.067702,535.696658,556.915187,546.3059225
22,24,1920,4312,87,180,87,180,0,0,0.005799,0.2729,0.225391,0.2491455,16.581307,13.385137,14.983222
78,80,4550,72810,58,910,58,910,0,0,0.034885,0.448948,0.433595,0.44127150000000004,23.064329,22.725767,22.895048000000003
38,40,2438,18508,64,463,64,463,0,0,0.01084,0.284568,0.265128,0.274848,0.0,16.449812,8.224906
22,24,1920,4312,87,180,87,180,0,0,0.005808,0.27315,0.226783,0.2499665,16.54971,13.230332,14.890021
12,12,1064,2260,89,188,89,188,0,0,0.004099,0.342818,0.313182,0.328,17.321816,0.379871,8.8508435
16,18,1540,1644,96,91,96,91,0,0,0.017925,1.1744,1.026353,1.1003765,71.837654,1.964709,36.9011815
78,80,4550,72810,58,910,58,910,0,0,0.03401,0.435766,0.423633,0.4296995,22.901921,22.370152,22.636036500000003
16,18,1540,1644,96,91,96,91,0,0,0.013148,0.854867,0.746647,0.8007569999999999,59.262557,1.37173,30.3171435
16,18,1540,1644,96,91,96,91,0,0,0.017966,1.1776,1.029706,1.103653,71.300557,2.017254,36.658905499999996
16,18,1540,1644,96,91,96,91,0,0,0.013156,0.8562,0.747118,0.8016589999999999,59.269176,1.364336,30.316756
16,18,1540,1644,96,91,96,91,0,0,0.017944,1.176133,1.028235,1.102184,72.163139,1.957838,37.0604885
16,18,1540,1644,96,91,96,91,0,0,0.017973,1.1776,1.027765,1.1026825,71.071655,2.08981,36.5807325
2,2,132,164,66,82,66,82,0,0,0.001065,0.009,0.007,0.008,0.0,0.0,0.0
16,18,1540,1644,96,91,96,91,0,0,0.013411,0.873,0.760882,0.8169409999999999,60.197964,1.381353,30.789658499999998
16,18,1540,1644,96,91,96,91,0,0,0.013239,0.858533,0.751882,0.8052075000000001,60.08213,1.381933,30.732031499999998
40,42,2558,23162,64,551,64,551,0,0,0.012633,0.315128,0.311872,0.3135,0.0,17.006795,8.5033975
16,18,1540,1644,96,91,96,91,0,0,0.018051,1.180667,1.034588,1.1076275,72.528138,1.978256,37.253197
30,42,2302,34406,77,819,77,819,0,0,0.035137,1.243929,0.845098,1.0445135,69.289179,60.762342,65.0257605
16,18,1540,1644,96,91,96,91,0,0,0.018076,1.1848,1.036647,1.1107235000000002,71.850475,2.166133,37.008304
16,18,1540,1644,96,91,96,91,0,0,0.0182,1.1926,1.024,1.1083,71.177315,2.186984,36.682149499999994
40,42,2558,23162,64,551,64,551,0,0,0.012843,0.338811,0.299732,0.3192715,0.0,17.575374,8.787687
16,18,1540,1644,96,91,96,91,0,0,0.013519,0.881,0.768941,0.8249705,61.104959,1.401509,31.253234
2,2,132,164,66,82,66,82,0,0,0.001098,0.009,0.007,0.008,0.0,0.0,0.0
8,10,1052,824,132,82,132,82,0,0,0.003889,0.507429,0.369556,0.4384925,32.397911,0.655,16.5264555
16,18,1540,1644,96,91,96,91,0,0,0.019348,1.2694,1.1805,1.2249500000000002,78.085157,2.504874,40.2950155
4,4,568,312,142,78,142,78,0,0,0.004738,1.218333,1.061,1.1396665000000001,1.7145,1.489167,1.6018335
78,80,4550,72810,58,910,58,910,0,0,0.034842,0.448558,0.432861,0.4407095,23.660831,23.183355,23.422093
2,2,146,178,73,89,73,89,0,0,0.00107,0.009,0.007,0.008,0.0,0.0,0.0
16,18,1540,1644,96,91,96,91,0,0,0.013244,0.8624,0.799188,0.830794,59.730079,1.41413,30.572104500000002
38,40,2438,18508,64,463,64,463,0,0,0.010961,0.295472,0.268692,0.282082,0.0,16.537888,8.268944
16,18,1540,1644,96,91,96,91,0,0,0.01797,1.176733,1.030882,1.1038075,70.98904,2.079571,36.5343055
16,18,1540,1644,96,91,96,91,0,0,0.018496,1.211867,1.041177,1.126522,72.270667,2.040066,37.1553665
8,10,1052,824,132,82,132,82,0,0,0.003916,0.511857,0.375667,0.443762,32.859089,0.669827,16.764457999999998
16,18,1540,1644,96,91,96,91,0,0,0.013322,0.8678,0.757176,0.812488,59.794783,1.386285,30.590534
28,42,2198,34406,79,819,79,819,0,0,0.034669,1.27263,0.833049,1.0528395,72.210072,59.668963,65.9395175
16,18,1540,1644,96,91,96,91,0,0,0.018456,1.210067,1.058941,1.134504,74.281158,2.041223,38.161190500000004
12,18,1580,10168,132,565,132,565,0,0,1.203783,109.402821,70.777176,90.08999850000001,9698.500631,7786.847497,8742.674064
4,4,568,304,142,76,142,76,0,0,0.004508,1.225,0.99,1.1075,1.723928,1.391586,1.557757
30,42,2302,34406,77,819,77,819,0,0,0.034914,1.235429,0.860325,1.0478770000000002,68.265987,60.461137,64.363562
16,18,1540,1644,96,91,96,91,0,0,0.019348,1.2694,1.1805,1.2249500000000002,78.085157,2.504874,40.2950155
2,2,146,178,73,89,73,89,0,0,0.00106,0.009,0.007,0.008,0.0,0.0,0.0
16,18,1540,1644,96,91,96,91,0,0,0.018128,1.188067,1.039882,1.1139744999999999,73.270275,1.991442,37.6308585
52,40,37358,3276,718,82,718,82,0,0,0.021456,0.42164,0.53618,0.47891,23.186993,1.063935,12.125464000000001
2,2,132,164,66,82,66,82,0,0,0.00109,0.009,0.007,0.008,0.0,0.0,0.0
12,18,1580,10168,132,565,132,565,0,0,1.190133,108.162452,69.979057,89.07075449999999,9695.379828,7787.972329,8741.6760785
16,18,1540,1644,96,91,96,91,0,0,0.018212,1.1936,1.043471,1.1185355000000001,72.288301,2.124575,37.206438000000006
12,18,1580,10168,132,565,132,565,0,0,1.203783,109.402821,70.777176,90.08999850000001,9698.500631,7786.847497,8742.674064
2,2,132,164,66,82,66,82,0,0,0.001113,0.009,0.007,0.008,0.0,0.0,0.0
2,2,132,164,66,82,66,82,0,0,0.001046,0.009,0.008,0.0085,0.0,0.0,0.0
12,12,1064,2260,89,188,89,188,0,0,0.00421,0.351818,0.325545,0.33868149999999997,17.619977,0.398264,9.0091205
2,2,132,164,66,82,66,82,0,0,0.001107,0.009,0.009,0.009,0.0,0.0,0.0
2,2,132,164,66,82,66,82,0,0,0.00104,0.009,0.007,0.008,0.0,0.0,0.0
16,18,1540,1644,96,91,96,91,0,0,0.018225,1.1946,1.045353,1.1199765,72.626026,2.216886,37.421456
8,10,1052,824,132,82,132,82,0,0,0.003955,0.512429,0.381778,0.4471035,32.897664,0.657334,16.777499
16,18,1540,1644,96,91,96,91,0,0,0.018361,1.204,1.053,1.1284999999999998,74.473464,2.006623,38.240043500000006
106,114,9400,12298,89,108,89,108,0,0,0.746923,7.110543,6.604407,6.857475,383.28923,370.632834,376.961032
38,40,2438,18508,64,463,64,463,0,0,0.010994,0.296194,0.274421,0.28530750000000005,17.956853,16.771866,17.3643595
16,18,1540,1644,96,91,96,91,0,0,0.018288,1.196333,1.114375,1.155354,72.703666,2.092957,37.3983115
16,18,1540,1644,96,91,96,91,0,0,0.018018,1.1808,1.031706,1.1062530000000002,72.127958,1.96749,37.047724
16,18,1540,1644,96,91,96,91,0,0,0.018236,1.194733,1.044529,1.119631,72.242798,2.041676,37.142236999999994
16,18,1540,1644,96,91,96,91,0,0,0.018111,1.1868,1.038588,1.112694,71.918493,2.122618,37.0205555
8,10,1052,824,132,82,132,82,0,0,0.003954,0.515857,0.378778,0.44731750000000003,32.359698,0.690649,16.5251735
16,18,1540,1644,96,91,96,91,0,0,0.018768,1.230867,1.061765,1.1463160000000001,73.772173,2.107743,37.939958
16,18,1540,1644,96,91,96,91,0,0,0.013158,0.857,0.747,0.802,59.934214,1.37978,30.656996999999997
16,18,1540,1644,96,91,96,91,0,0,0.018002,1.1754,1.032118,1.1037590000000002,71.30063,2.032896,36.666762999999996
8,10,1052,824,132,82,132,82,0,0,0.003876,0.506,0.372444,0.439222,32.119126,0.657699,16.3884125
16,18,1540,1644,96,91,96,91,0,0,0.018024,1.181333,1.033706,1.1075195,72.513798,1.988647,37.2512225
30,42,2302,34406,77,819,77,819,0,0,0.035489,1.256179,0.852585,1.054382,69.322494,59.677489,64.49999150000001
16,18,1540,1644,96,91,96,91,0,0,0.01795,1.1764,1.029294,1.102847,71.110209,2.173348,36.6417785
16,18,1540,1644,96,91,96,91,0,0,0.018444,1.2088,1.058235,1.1335175,73.43768,2.169891,37.803785500000004
16,18,1540,1644,96,91,96,91,0,0,0.017932,1.175733,1.027706,1.1017195,71.208475,2.018125,36.6133
16,18,1540,1644,96,91,96,91,0,0,0.018204,1.192733,1.043765,1.118249,72.1871,2.119637,37.1533685
16,18,1540,1644,96,91,96,91,0,0,0.018094,1.185733,1.037588,1.1116605,71.994796,2.20742,37.101107999999996
16,18,1540,1644,96,91,96,91,0,0,0.01797,1.177867,1.026353,1.1021100000000001,71.119055,2.113476,36.616265500000004
16,18,1540,1644,96,91,96,91,0,0,0.018143,1.188,1.039706,1.113853,72.02819,2.041744,37.034966999999995
40,42,2558,23162,64,551,64,551,0,0,0.011976,0.302289,0.279561,0.290925,17.701739,16.646339,17.174039
4,4,520,304,130,76,130,76,0,0,0.001732,0.435333,0.223667,0.3295,0.608583,0.310659,0.459621
64,66,3806,51808,59,785,59,785,0,0,0.025959,0.412871,0.390262,0.4015665,22.52051,21.862348,22.191429
16,18,1540,1644,96,91,96,91,0,0,0.013645,0.889333,0.775647,0.83249,62.097311,1.426108,31.7617095
16,18,1540,1644,96,91,96,91,0,0,0.018145,1.189333,1.040882,1.1151075000000001,72.990813,1.985033,37.487923
30,42,2302,34406,77,819,77,819,0,0,0.035831,1.225379,0.861878,1.0436285,70.584471,63.963061,67.273766
2,2,146,178,73,89,73,89,0,0,0.001002,0.009,0.004,0.0065,0.0,0.0,0.0
22,24,1920,4312,87,180,87,180,0,0,0.005722,0.256476,0.224304,0.24039,15.933437,12.999165,14.466301
16,18,1540,1644,96,91,96,91,0,0,0.018247,1.196267,1.046823,1.121545,72.321051,2.125547,37.223299
4,4,528,304,132,76,132,76,0,0,0.001716,0.448,0.215333,0.3316665,0.626497,0.29746,0.46197849999999996
30,42,2302,34406,77,819,77,819,0,0,0.034889,1.192069,0.83839,1.0152295,67.294914,58.747318,63.021116000000006
4,4,568,312,142,78,142,78,0,0,0.004774,1.249667,1.060667,1.155167,1.758105,1.490817,1.6244610000000002
16,18,1540,1644,96,91,96,91,0,0,0.019439,1.275467,1.186625,1.231046,78.091841,2.426952,40.2593965
28,42,2198,34406,79,819,79,819,0,0,0.034759,1.276222,0.83578,1.056001,72.453319,59.94264,66.1979795
16,18,1540,1644,96,91,96,91,0,0,0.013268,0.8638,0.753529,0.8086645,60.206158,1.388745,30.7974515
64,66,3806,51808,59,785,59,785,0,0,0.025895,0.418918,0.395219,0.4070685,21.986852,21.548689,21.767770499999997
16,18,1540,1644,96,91,96,91,0,0,0.018364,1.203667,1.053471,1.1285690000000002,73.378607,2.244816,37.8117115
16,18,1540,1644,96,91,96,91,0,0,0.018317,1.199733,1.050882,1.1253075,73.302234,1.986843,37.644538499999996
8,10,1052,824,132,82,132,82,0,0,0.004009,0.523,0.384111,0.4535555,33.307946,0.687785,16.9978655
16,18,1540,1644,96,91,96,91,0,0,0.013322,0.867667,0.756765,0.812216,60.297485,1.391054,30.8442695
8,10,1052,824,132,82,132,82,0,0,0.003997,0.521714,0.382222,0.45196800000000004,33.397901,0.682312,17.0401065
30,42,2302,34406,77,819,77,819,0,0,0.034881,1.191966,0.838976,1.015471,67.598638,59.922839,63.7607385
16,18,1540,1644,96,91,96,91,0,0,0.018272,1.197067,1.039118,1.1180925,72.138195,2.031572,37.0848835
16,18,1540,1644,96,91,96,91,0,0,0.018181,1.191667,1.042177,1.116922,72.075283,2.208613,37.141948
16,18,1540,1644,96,91,96,91,0,0,0.018187,1.1922,1.042706,1.1174529999999998,72.502051,2.211293,37.356671999999996
16,18,1540,1644,96,91,96,91,0,0,0.013403,0.872933,0.761412,0.8171725,60.447041,1.400445,30.923742999999998
12,18,1580,10168,132,565,132,565,0,0,1.005696,91.396729,59.127824,75.2622765,9530.294985,7674.662534,8602.4787595
2,2,132,164,66,82,66,82,0,0,0.001076,0.009,0.007,0.008,0.0,0.0,0.0
16,18,1540,1644,96,91,96,91,0,0,0.018101,1.185533,1.09025,1.1378914999999998,71.066446,2.128951,36.5976985
16,18,1540,1644,96,91,96,91,0,0,0.018141,1.188667,1.040059,1.114363,72.38697,2.241951,37.3144605
2,2,132,164,66,82,66,82,0,0,0.001085,0.009,0.007,0.008,0.0,0.0,0.0
78,80,4550,72810,58,910,58,910,0,0,0.03376,0.440158,0.419304,0.429731,22.832089,22.251856,22.5419725
16,18,1540,1644,96,91,96,91,0,0,0.018084,1.185667,1.036706,1.1111865,71.797379,2.211786,37.004582500000005
2,2,132,164,66,82,66,82,0,0,0.001079,0.009,0.007,0.008,0.0,0.0,0.0
8,10,1052,824,132,82,132,82,0,0,0.003955,0.516714,0.380778,0.448746,33.323083,0.679244,17.001163499999997
30,42,2302,34406,77,819,77,819,0,0,0.035085,1.198931,0.843756,1.0213435,67.473376,59.873996,63.673686000000004
2,2,132,164,66,82,66,82,0,0,0.001096,0.009,0.006,0.0075,0.0,0.0,0.0
16,18,1540,1644,96,91,96,91,0,0,0.018183,1.191667,1.041177,1.116422,73.147456,1.982565,37.5650105
122,126,7816,15132,64,120,64,120,0,0,0.031362,0.265154,0.246432,0.255793,16.395091,14.26541,15.3302505
8,10,1052,824,132,82,132,82,0,0,0.004017,0.524571,0.385889,0.45523,32.806675,0.692936,16.7498055
16,18,1540,1644,96,91,96,91,0,0,0.017947,1.175533,1.027529,1.101531,71.340538,2.007073,36.6738055
18,18,4136,2456,230,136,230,136,0,0,0.005846,0.325588,0.315176,0.320382,17.354881,0.444101,8.899491
30,42,2302,34406,77,819,77,819,0,0,0.038954,1.332828,0.96015,1.1464889999999999,73.853292,64.657686,69.255489
38,40,2438,18508,64,463,64,463,0,0,0.00979,0.256324,0.236872,0.24659799999999998,14.698673,13.775693,14.237183
12,18,1580,10168,132,565,132,565,0,0,1.004651,91.299909,59.064292,75.1821005,9524.361236,7673.754171,8599.0577035
16,18,1540,1644,96,91,96,91,0,0,0.018559,1.217267,1.064941,1.141104,74.232462,2.20042,38.216440999999996
8,10,1052,824,132,82,132,82,0,0,0.004043,0.525143,0.388111,0.456627,33.451263,0.754789,17.103026
16,18,1540,1644,96,91,96,91,0,0,0.018521,1.2146,1.062588,1.1385939999999999,74.712598,2.078199,38.3953985
26,28,4152,2976,160,106,160,106,0,0,0.296166,11.8336,10.951407,11.3925035,683.735926,17.576203,350.65606449999996
28,42,2198,34406,79,819,79,819,0,0,0.044714,1.644222,1.077366,1.360794,90.525143,71.020781,80.772962
2,2,132,164,66,82,66,82,0,0,0.001113,0.009,0.006,0.0075,0.0,0.0,0.0
4,4,528,304,132,76,132,76,0,0,0.001734,0.452333,0.215333,0.333833,0.634039,0.296052,0.4650455
4,4,568,312,142,78,142,78,0,0,0.004772,1.235667,1.074,1.1548335,1.738305,1.507552,1.6229285
78,80,4550,72810,58,910,58,910,0,0,0.034861,0.448675,0.433316,0.4409955,23.360406,23.076369,23.2183875
8,10,1052,824,132,82,132,82,0,0,0.003916,0.513,0.372444,0.442722,32.378636,0.673166,16.525901
64,66,3806,51808,59,785,59,785,0,0,0.024909,0.39671,0.374046,0.385378,21.169506,20.770207,20.9698565
8,10,1052,824,132,82,132,82,0,0,0.003893,0.507286,0.372111,0.4396985,32.437404,0.672167,16.5547855
2,2,132,164,66,82,66,82,0,0,0.001132,0.009,0.008,0.0085,0.0,0.0,0.0
30,42,2302,34406,77,819,77,819,0,0,0.03521,1.20369,0.866675,1.0351825,68.059109,61.693476,64.8762925
2,2,132,164,66,82,66,82,0,0,0.001071,0.009,0.007,0.008,0.0,0.0,0.0
38,40,2438,18508,64,463,64,463,0,0,0.042938,1.184028,1.089282,1.1366550000000002,0.0,68.45084,34.22542
16,18,1540,1644,96,91,96,91,0,0,0.018177,1.1916,1.106313,1.1489565000000002,72.333339,2.258769,37.296054
62,58,5928,8010,96,138,96,138,0,0,0.384835,6.308771,6.858786,6.5837785,395.670463,416.449141,406.059802
38,40,2438,18508,64,463,64,463,0,0,0.010948,0.295472,0.266923,0.2811975,17.93034,16.542452,17.236396
16,18,1540,1644,96,91,96,91,0,0,0.018094,1.186133,1.037,1.1115665,72.074873,2.20562,37.140246499999996
16,18,1540,1644,96,91,96,91,0,0,0.018319,1.2018,1.050882,1.126341,73.141584,2.058473,37.6000285
16,18,1540,1644,96,91,96,91,0,0,0.018588,1.218533,1.065529,1.142031,73.700273,2.113526,37.906899499999994
28,30,4656,3080,166,103,166,103,0,0,0.382931,14.170815,13.186,13.678407499999999,775.610216,19.544373,397.5772945
16,18,1540,1644,96,91,96,91,0,0,0.018477,1.210067,1.059941,1.135004,73.824777,2.301197,38.062987
40,42,2558,23162,64,551,64,551,0,0,0.012712,0.325658,0.296732,0.311195,0.0,17.42664,8.71332
2,2,146,178,73,89,73,89,0,0,0.001063,0.009,0.007,0.008,0.0,0.0,0.0
8,10,1052,824,132,82,132,82,0,0,0.003923,0.511714,0.375111,0.4434125,32.714613,0.668879,16.691746
38,40,2438,18508,64,463,64,463,0,0,0.011093,0.307257,0.270538,0.28889750000000003,18.415052,16.804023,17.609537500000002
16,18,1540,1644,96,91,96,91,0,0,0.013128,0.855,0.744176,0.799588,59.386521,1.363535,30.375028
2,2,146,178,73,89,73,89,0,0,0.001047,0.009,0.003,0.006,0.0,0.0,0.0
52,42,37358,3380,718,80,718,80,0,0,0.022848,0.441039,0.544024,0.4925315,24.119762,0.880863,12.500312500000001
2,2,132,164,66,82,66,82,0,0,0.001036,0.009,0.002,0.0055,0.0,0.0,0.0
78,80,4550,72810,58,910,58,910,0,0,0.213993,2.775104,2.701013,2.7380585,149.004085,147.828883,148.416484
2,2,132,164,66,82,66,82,0,0,0.001099,0.009,0.006,0.0075,0.0,0.0,0.0
2,2,130,162,65,81,65,81,0,0,0.001045,0.009,0.007,0.008,0.0,0.0,0.0
16,18,1540,1644,96,91,96,91,0,0,0.018032,1.1818,1.034294,1.108047,72.536392,1.983689,37.2600405
16,18,1540,1644,96,91,96,91,0,0,0.018112,1.187133,1.038588,1.1128605,72.218803,2.039817,37.12931
16,18,1540,1644,96,91,96,91,0,0,0.018092,1.185533,1.036118,1.1108255,72.046416,2.047992,37.047203999999994
16,18,1540,1644,96,91,96,91,0,0,0.018459,1.2104,1.125438,1.167919,73.698591,2.261711,37.980151
40,42,2558,23162,64,551,64,551,0,0,0.012639,0.315026,0.295073,0.3050495,18.101096,16.205845,17.153470499999997
16,18,1540,1644,96,91,96,91,0,0,0.019435,1.2748,1.185188,1.229994,76.501346,2.115503,39.3084245
30,42,2302,34406,77,819,77,819,0,0,0.040072,1.370655,0.990175,1.180415,76.633761,63.81866,70.22621050000001
16,18,1540,1644,96,91,96,91,0,0,0.018058,1.183467,1.034118,1.1087925,71.457891,2.119266,36.7885785
16,18,1540,1644,96,91,96,91,0,0,0.013345,0.868533,0.758294,0.8134135,60.697945,1.39972,31.0488325
16,18,1540,1644,96,91,96,91,0,0,0.013439,0.875333,0.763412,0.8193725000000001,60.47369,1.408673,30.9411815
78,80,4550,72810,58,910,58,910,0,0,0.131892,1.75432,1.704545,1.7294325000000002,97.01325,95.444875,96.2290625
78,80,4550,72810,58,910,58,910,0,0,0.11889,1.580453,1.516603,1.5485280000000001,86.884988,85.055664,85.970326
38,40,2438,18508,64,463,64,463,0,0,0.042458,1.139297,1.103921,1.1216089999999999,68.424927,67.229275,67.827101
16,18,1540,1644,96,91,96,91,0,0,0.018356,1.202867,1.118875,1.160871,74.098588,2.046297,38.0724425
16,18,1540,1644,96,91,96,91,0,0,0.018109,1.185733,1.038235,1.111984,72.89651,1.992563,37.444536500000005
16,18,1540,1644,96,91,96,91,0,0,0.019405,1.2738,1.115059,1.1944295,75.894795,2.166844,39.0308195
16,18,1540,1644,96,91,96,91,0,0,0.018276,1.195,1.048059,1.1215295,72.149756,2.120326,37.135041
2,2,132,164,66,82,66,82,0,0,0.001077,0.009,0.006,0.0075,0.0,0.0,0.0
2,2,146,178,73,89,73,89,0,0,0.0011,0.009,0.006,0.0075,0.0,0.0,0.0
38,40,2438,18508,64,463,64,463,0,0,0.069897,1.932583,1.825,1.8787915,128.332093,125.065943,126.699018
2,2,146,178,73,89,73,89,0,0,0.001046,0.009,0.007,0.008,0.0,0.0,0.0
16,18,1540,1644,96,91,96,91,0,0,0.017913,1.1736,1.027177,1.1003885,72.359932,1.959425,37.1596785
122,126,7816,15132,64,120,64,120,0,0,0.031,0.281294,0.243552,0.26242299999999996,16.727889,14.093318,15.4106035
16,18,1540,1644,96,91,96,91,0,0,0.018489,1.211933,1.060706,1.1363195,73.855584,2.278664,38.067124
14,18,1684,10168,120,565,120,565,0,0,1.005667,77.331921,59.125824,68.2288725,8765.815105,7674.569372,8220.1922385
16,18,1540,1644,96,91,96,91,0,0,0.018082,1.1832,1.037294,1.110247,71.751051,2.125793,36.938422
16,18,1540,1644,96,91,96,91,0,0,0.018489,1.212,1.061177,1.1365885,74.638096,2.052991,38.345543500000005
64,66,3806,51808,59,785,59,785,0,0,0.026028,0.407254,0.396828,0.402041,22.557704,21.515855,22.0367795
16,18,1540,1644,96,91,96,91,0,0,0.018087,1.185333,1.102375,1.1438540000000001,71.947612,2.247968,37.09779
8,10,1052,824,132,82,132,82,0,0,0.00401,0.518,0.387667,0.4528335,33.314368,0.686792,17.00058
16,18,1540,1644,96,91,96,91,0,0,0.013744,0.896133,0.752353,0.8242430000000001,59.832525,1.377021,30.604772999999998
78,80,4550,72810,58,910,58,910,0,0,0.033897,0.441934,0.426333,0.4341335,22.771522,22.35705,22.564286000000003
16,18,1540,1644,96,91,96,91,0,0,0.019456,1.276,1.117235,1.1966175,77.519172,2.049008,39.78409
16,18,1540,1644,96,91,96,91,0,0,0.014658,0.957133,0.835647,0.89639,66.092652,1.456696,33.774674
16,18,1540,1644,96,91,96,91,0,0,0.013369,0.8704,0.757647,0.8140235,60.278921,1.400301,30.839610999999998
2,2,146,178,73,89,73,89,0,0,0.001035,0.006,0.007,0.006500000000000001,0.0,0.0,0.0
2,2,146,178,73,89,73,89,0,0,0.001185,0.009,0.007,0.008,0.0,0.0,0.0
16,18,1540,1644,96,91,96,91,0,0,0.018523,1.2148,1.062177,1.1384885,74.013187,2.140995,38.077091
78,80,4550,72810,58,910,58,910,0,0,0.087973,1.138364,1.105481,1.1219225,68.938885,67.804139,68.371512
12,12,1064,2260,89,188,89,188,0,0,0.003962,0.328636,0.316818,0.322727,16.791803,0.380514,8.586158500000002
16,18,1540,1644,96,91,96,91,0,0,0.017975,1.1768,1.030882,1.103841,71.567116,2.204534,36.885825
16,18,1540,1644,96,91,96,91,0,0,0.018061,1.1828,1.035412,1.1091060000000001,71.650232,2.041675,36.8459535
8,10,1052,824,132,82,132,82,0,0,0.004153,0.544,0.399222,0.471611,35.076382,0.661471,17.8689265
12,12,1064,2260,89,188,89,188,0,0,0.005149,0.435091,0.417636,0.4263635,25.672078,0.624309,13.1481935
16,18,1540,1644,96,91,96,91,0,0,0.013383,0.871067,0.760059,0.815563,59.82739,1.378125,30.6027575
52,42,37230,3380,716,80,716,80,0,0,0.02134,0.41966,0.50761,0.463635,23.140381,0.888829,12.014605000000001
4,4,528,304,132,76,132,76,0,0,0.001727,0.45,0.218,0.334,0.631449,0.301237,0.466343
16,18,1540,1644,96,91,96,91,0,0,0.01937,1.268733,1.112765,1.190749,76.937232,2.177644,39.557438
2,2,146,178,73,89,73,89,0,0,0.00109,0.006,0.007,0.006500000000000001,0.0,0.0,0.0
28,42,2198,34406,79,819,79,819,0,0,0.034439,1.312462,0.848525,1.0804935,73.203132,59.924357,66.5637445
52,54,2934,3740,56,69,56,69,0,0,0.038567,0.780775,0.717302,0.7490384999999999,90.003731,2.543288,46.2735095
18,18,4136,2456,230,136,230,136,0,0,0.004909,0.270765,0.256706,0.2637355,13.342594,0.353896,6.848245
8,10,1052,824,132,82,132,82,0,0,0.004027,0.522,0.385667,0.4538335,33.119312,0.688851,16.9040815
78,80,4550,72810,58,910,58,910,0,0,0.034915,0.44926,0.444364,0.446812,24.065981,23.039672,23.552826500000002
16,18,1540,1644,96,91,96,91,0,0,0.018355,1.203533,1.117938,1.1607355,73.27019,2.143135,37.7066625
106,114,9400,12298,89,108,89,108,0,0,0.653888,6.22461,5.781239,6.002924500000001,335.074305,324.322723,329.698514
8,12,424,8824,53,735,53,735,0,0,0.019721,0.873286,1.744182,1.3087339999999998,59.135491,134.232976,96.6842335
16,18,1540,1644,96,91,96,91,0,0,0.013819,0.9006,0.752647,0.8266235,60.195718,1.385689,30.7907035
52,42,37358,3380,718,80,718,80,0,0,0.023244,0.46749,0.553488,0.510489,24.5423,1.012127,12.7772135
22,24,1920,4312,87,180,87,180,0,0,0.005546,0.247714,0.219826,0.23376999999999998,15.55105,12.728207,14.1396285
2,2,132,164,66,82,66,82,0,0,0.000962,0.006,0.004,0.005,0.0,0.0,0.0
30,42,2302,34406,77,819,77,819,0,0,0.034747,1.187586,0.834561,1.0110735,66.821236,59.437057,63.129146500000004
12,18,1580,10168,132,565,132,565,0,0,1.004701,91.305094,59.067473,75.1862835,9529.309019,7674.305311,8601.807165
6,8,320,1862,53,233,53,233,0,0,0.002708,0.4804,0.319286,0.399843,26.77966,0.524658,13.652159
38,40,2438,18508,64,463,64,463,0,0,0.049815,1.375139,1.264795,1.319967,0.0,74.723739,37.3618695
360,746,19202,1087890,53,1458,53,1458,0,0,1.141568,3.178964,1.531564,2.355264,179.912639,110.457573,145.18510600000002
2,2,130,162,65,81,65,81,0,0,0.001066,0.009,0.007,0.008,0.0,0.0,0.0
12,12,1064,2260,89,188,89,188,0,0,0.00413,0.345182,0.321182,0.333182,17.334491,0.390578,8.8625345
16,18,1540,1644,96,91,96,91,0,0,0.018106,1.186733,1.038,1.1123665,72.889321,1.987282,37.438301499999994
22,24,1920,4312,87,180,87,180,0,0,0.00577,0.258762,0.223696,0.241229,16.050719,13.002033,14.526376
2,2,146,178,73,89,73,89,0,0,0.001112,0.008,0.007,0.0075,0.0,0.0,0.0
2,2,146,178,73,89,73,89,0,0,0.00111,0.01,0.006,0.008,0.0,0.0,0.0
12,12,1064,2260,89,188,89,188,0,0,0.004156,0.345636,0.322636,0.334136,17.389827,0.38776,8.8887935
2,2,130,162,65,81,65,81,0,0,0.001174,0.009,0.003,0.006,0.0,0.0,0.0
30,42,2302,34406,77,819,77,819,0,0,0.037003,1.310214,0.89022,1.100217,72.801927,62.019831,67.41087900000001
2,2,132,164,66,82,66,82,0,0,0.001021,0.009,0.007,0.008,0.0,0.0,0.0
2,2,130,162,65,81,65,81,0,0,0.001022,0.006,0.006,0.006,0.0,0.0,0.0
38,40,2438,18508,64,463,64,463,0,0,0.010645,0.294286,0.257769,0.2760275,17.221291,14.465936,15.8436135
16,18,1540,1644,96,91,96,91,0,0,0.018356,1.202933,1.052823,1.127878,73.919027,2.037152,37.9780895
2,2,146,178,73,89,73,89,0,0,0.001107,0.009,0.007,0.008,0.0,0.0,0.0
52,42,37358,3380,718,80,718,80,0,0,0.028619,0.56544,0.684902,0.625171,31.133637,1.471781,16.302709
16,18,1540,1644,96,91,96,91,0,0,0.018348,1.201333,1.052412,1.1268725,73.286215,2.257514,37.7718645
12,12,1064,2260,89,188,89,188,0,0,0.004214,0.351455,0.334727,0.34309100000000003,18.35026,0.407622,9.378941
16,18,1540,1644,96,91,96,91,0,0,0.018376,1.204733,1.106125,1.155429,72.41959,2.09857,37.25908
16,18,1540,1644,96,91,96,91,0,0,0.018329,1.201667,1.050765,1.1262159999999999,73.239188,2.260995,37.750091499999996
30,42,2302,34406,77,819,77,819,0,0,0.034819,1.189931,0.836951,1.013441,67.231462,59.644952,63.438207
16,18,1540,1644,96,91,96,91,0,0,0.013585,0.8846,0.772529,0.8285645,61.813233,1.43528,31.624256499999998
2,2,146,178,73,89,73,89,0,0,0.001104,0.006,0.007,0.006500000000000001,0.0,0.0,0.0
16,18,1540,1644,96,91,96,91,0,0,0.01834,1.2022,1.118125,1.1601625,73.105434,2.222709,37.6640715
4,4,568,304,142,76,142,76,0,0,0.004507,1.205333,1.016667,1.111,1.694701,1.428591,1.561646
14,18,1684,10168,120,565,120,565,0,0,1.012866,77.886772,59.528706,68.707739,8766.469436,7675.896206,8221.182821
2,2,146,178,73,89,73,89,0,0,0.001144,0.009,0.007,0.008,0.0,0.0,0.0
2,2,146,178,73,89,73,89,0,0,0.001056,0.009,0.007,0.008,0.0,0.0,0.0
16,18,1540,1644,96,91,96,91,0,0,0.013362,0.869867,0.759,0.8144335,60.409546,1.393668,30.901607
2,2,146,178,73,89,73,89,0,0,0.001064,0.009,0.007,0.008,0.0,0.0,0.0
14,6,8928,320,638,53,638,53,0,0,0.005181,0.398538,0.9204,0.659469,21.025282,1.533906,11.279594
2,2,132,164,66,82,66,82,0,0,0.001079,0.009,0.007,0.008,0.0,0.0,0.0
30,42,2302,34406,77,819,77,819,0,0,0.035683,1.219241,0.855756,1.0374984999999999,68.457419,60.224009,64.340714
16,18,1540,1644,96,91,96,91,0,0,0.019092,1.252533,1.096118,1.1743255,76.915199,2.150189,39.532694
16,18,1540,1644,96,91,96,91,0,0,0.017298,1.1326,0.991059,1.0618295,68.810869,1.967345,35.389106999999996
16,18,1540,1644,96,91,96,91,0,0,0.013067,0.850867,0.786,0.8184335,58.958758,1.385184,30.171971000000003
16,18,1540,1644,96,91,96,91,0,0,0.017229,1.128467,0.987176,1.0578215000000002,68.722643,2.126391,35.424517
2,2,132,164,66,82,66,82,0,0,0.00106,0.008,0.007,0.0075,0.0,0.0,0.0
2,2,132,164,66,82,66,82,0,0,0.001105,0.008,0.008,0.008,0.0,0.0,0.0
30,42,2302,34406,77,819,77,819,0,0,0.0347,1.186138,0.834951,1.0105445,67.09193,59.379541,63.235735500000004
16,18,1540,1644,96,91,96,91,0,0,0.019122,1.254467,1.098706,1.1765865,77.682412,2.290862,39.986637
16,18,1540,1644,96,91,96,91,0,0,0.019422,1.273867,1.115059,1.194463,78.897935,2.212357,40.555146
2,2,146,178,73,89,73,89,0,0,0.00111,0.009,0.007,0.008,0.0,0.0,0.0
12,18,1580,10168,132,565,132,565,0,0,1.07575,97.764,63.248703,80.5063515,9554.952802,7694.376903,8624.6648525
2,2,146,178,73,89,73,89,0,0,0.001092,0.009,0.007,0.008,0.0,0.0,0.0
2,2,146,178,73,89,73,89,0,0,0.001014,0.009,0.007,0.008,0.0,0.0,0.0
16,18,1540,1644,96,91,96,91,0,0,0.013257,0.8634,0.753294,0.8083469999999999,60.105704,1.384005,30.744854500000002
16,18,1540,1644,96,91,96,91,0,0,0.018365,1.202,1.119188,1.1605940000000001,72.917093,2.213933,37.565512999999996
12,18,1580,10168,132,565,132,565,0,0,1.005703,91.390456,59.127644,75.25905,9530.25561,7674.470158,8602.362884
16,18,1540,1644,96,91,96,91,0,0,0.017267,1.1308,0.989471,1.0601355,68.567661,2.042723,35.305192
78,80,4550,72810,58,910,58,910,0,0,0.034897,0.449026,0.439256,0.444141,23.129199,23.248088,23.188643499999998
4,4,568,304,142,76,142,76,0,0,0.051166,12.004,16.571,14.287500000000001,16.963492,23.42574,20.194616
22,24,1920,4312,87,180,87,180,0,0,0.005687,0.254571,0.223478,0.2390245,15.724093,13.023953,14.374023000000001
4,4,520,304,130,76,130,76,0,0,0.022434,2.447,7.127667,4.7873335,3.451388,10.070851,6.7611194999999995
30,42,2302,34406,77,819,77,819,0,0,0.035638,1.218448,0.858024,1.038236,70.327581,61.285676,65.8066285
4,4,568,312,142,78,142,78,0,0,0.00476,1.212667,1.084,1.1483335000000001,1.705778,1.526645,1.6162115
28,42,2198,34406,79,819,79,819,0,0,0.037004,1.358778,0.913225,1.1360014999999999,76.983327,62.825936,69.9046315
2,2,146,178,73,89,73,89,0,0,0.001038,0.009,0.007,0.008,0.0,0.0,0.0
2,2,146,178,73,89,73,89,0,0,0.001075,0.009,0.007,0.008,0.0,0.0,0.0
16,18,1540,1644,96,91,96,91,0,0,0.012683,0.825,0.719588,0.772294,57.660062,1.328215,29.494138500000002
12,12,1064,2260,89,188,89,188,0,0,0.00407,0.339364,0.315364,0.327364,17.213795,0.378849,8.796322
16,18,1540,1644,96,91,96,91,0,0,0.013234,0.861467,0.751353,0.8064100000000001,59.778778,1.377021,30.5778995
52,40,37230,3276,716,82,716,82,0,0,0.521012,10.20851,13.345052,11.776781,849.342369,32.856566,441.0994675
64,66,3806,51808,59,785,59,785,0,0,0.025876,0.405714,0.388615,0.39716450000000003,22.032131,21.304437,21.668284
16,18,1540,1644,96,91,96,91,0,0,0.018015,1.1812,1.033471,1.1073355,71.51709,2.110047,36.813568499999995
14,18,1684,10168,120,565,120,565,0,0,1.007534,77.475228,59.235235,68.3552315,8765.376844,7673.988821,8219.6828325
16,18,1540,1644,96,91,96,91,0,0,0.017737,1.161267,1.080188,1.1207275,69.846963,1.995437,35.9212
16,18,1540,1644,96,91,96,91,0,0,0.01439,0.937133,0.819824,0.8784784999999999,67.78063,1.542227,34.6614285
2,2,132,164,66,82,66,82,0,0,0.001117,0.008,0.006,0.007,0.0,0.0,0.0
16,18,1540,1644,96,91,96,91,0,0,0.018078,1.184467,1.035882,1.1101744999999998,71.48721,2.1064,36.796805
64,66,3806,51808,59,785,59,785,0,0,0.027006,0.421397,0.405985,0.41369100000000003,23.347928,22.633374,22.990651
16,18,1540,1644,96,91,96,91,0,0,0.018008,1.1802,1.09675,1.138475,71.512163,2.246099,36.879131
16,18,1540,1644,96,91,96,91,0,0,0.018022,1.1812,1.033059,1.1071295,71.807712,2.034554,36.921133
2,2,132,164,66,82,66,82,0,0,0.001035,0.008,0.007,0.0075,0.0,0.0,0.0
8,10,1052,824,132,82,132,82,0,0,0.00405,0.529143,0.389111,0.459127,33.975467,0.694926,17.335196500000002
64,66,3806,51808,59,785,59,785,0,0,0.026583,0.416921,0.399354,0.4081375,22.515747,21.110871,21.813309
8,10,1052,824,132,82,132,82,0,0,0.003935,0.512429,0.374889,0.443659,32.59124,0.663766,16.627503
8,10,1052,824,132,82,132,82,0,0,0.003903,0.508714,0.374667,0.4416905,32.643907,0.663059,16.653482999999998
16,18,1540,1644,96,91,96,91,0,0,0.013162,0.856867,0.747824,0.8023455,59.417055,1.375192,30.396123499999998
16,18,1540,1644,96,91,96,91,0,0,0.018003,1.18,1.021529,1.1007645,71.024965,2.172514,36.5987395
12,18,1580,10168,132,565,132,565,0,0,1.004766,91.30682,59.071886,75.189353,9524.637729,7673.455662,8599.046695500001
16,18,1540,1644,96,91,96,91,0,0,0.018125,1.1876,1.039,1.1133,72.893291,1.989822,37.441556500000004
16,18,1540,1644,96,91,96,91,0,0,0.018087,1.185,1.037118,1.111059,71.943689,2.219069,37.081379000000005
16,18,1540,1644,96,91,96,91,0,0,0.018115,1.186533,1.039,1.1127665,71.889305,2.132064,37.010684499999996
12,12,1064,2260,89,188,89,188,0,0,0.004207,0.351455,0.320364,0.33590949999999997,17.54913,0.386764,8.967947
40,42,2558,23162,64,551,64,551,0,0,0.011729,0.292462,0.281375,0.28691849999999997,17.351527,16.774942,17.0632345
16,18,1540,1644,96,91,96,91,0,0,0.01808,1.1828,1.036177,1.1094884999999999,71.65263,2.037249,36.8449395
40,42,2558,23162,64,551,64,551,0,0,0.012833,0.321179,0.300976,0.3110775,18.442785,17.642342,18.0425635
18,18,3736,2456,208,136,208,136,0,0,0.00468,0.257176,0.246941,0.2520585,12.807607,0.329783,6.568695000000001
16,18,1540,1644,96,91,96,91,0,0,0.018039,1.1816,1.033235,1.1074175,72.417642,1.976241,37.1969415
322,746,17226,1087900,53,1458,53,1458,0,0,30.535084,95.421211,40.986063,68.203637,5448.272867,3495.340119,4471.806493
16,18,1540,1644,96,91,96,91,0,0,0.017987,1.178667,1.031235,1.1049509999999998,71.420258,2.110425,36.765341500000005
30,42,2302,34406,77,819,77,819,0,0,0.040618,1.390172,0.978927,1.1845495,83.34454,63.023965,73.1842525
40,42,2558,23162,64,551,64,551,0,0,0.01218,0.312237,0.291875,0.302056,17.731556,17.090714,17.411135
8,10,1052,824,132,82,132,82,0,0,0.00416,0.509429,0.403667,0.456548,32.716676,0.685095,16.7008855
16,18,1540,1644,96,91,96,91,0,0,0.019437,1.2734,1.116588,1.194994,76.815955,2.258081,39.537018
8,10,1052,824,132,82,132,82,0,0,0.003777,0.490714,0.361111,0.4259125,31.339,0.652788,15.995894
16,18,1540,1644,96,91,96,91,0,0,0.018001,1.179467,1.031706,1.1055865,72.42597,1.97164,37.198805
328,746,17538,1087900,53,1458,53,1458,0,0,28.401869,86.854919,38.122317,62.488618,4676.494713,3051.4136,3863.9541565
16,18,1540,1644,96,91,96,91,0,0,0.01814,1.188667,1.040118,1.1143925000000001,71.793942,2.058649,36.9262955
22,24,1920,4312,87,180,87,180,0,0,0.006033,0.271333,0.245273,0.258303,16.769138,13.605021,15.187079500000001
38,40,2438,18508,64,463,64,463,0,0,0.010424,0.280917,0.254256,0.26758649999999995,17.09584,15.953835,16.5248375
16,18,1540,1644,96,91,96,91,0,0,0.017837,1.169267,1.022,1.0956335,71.705201,1.963328,36.8342645
2,2,132,164,66,82,66,82,0,0,0.000996,0.003,0.007,0.005,0.0,0.0,0.0
2,2,132,164,66,82,66,82,0,0,0.001092,0.009,0.007,0.008,0.0,0.0,0.0
16,18,1540,1644,96,91,96,91,0,0,0.01322,0.8618,0.751412,0.8066059999999999,59.961186,1.382126,30.671656
16,18,1540,1644,96,91,96,91,0,0,0.013633,0.887267,0.775,0.8311335,61.851943,1.417362,31.634652499999998
12,12,1064,2260,89,188,89,188,0,0,0.004028,0.335182,0.308545,0.32186349999999997,16.798553,0.376611,8.587582
78,80,4550,72810,58,910,58,910,0,0,0.034341,0.446947,0.431962,0.43945449999999997,22.486791,22.232741,22.359766
12,12,1064,2260,89,188,89,188,0,0,0.003897,0.323091,0.307909,0.3155,16.484885,0.371479,8.428182
52,42,37358,3380,718,80,718,80,0,0,0.024739,0.498184,0.590073,0.5441285,30.630772,1.000936,15.815854
16,18,1540,1644,96,91,96,91,0,0,0.018373,1.204733,1.11975,1.1622415,74.302929,2.046414,38.1746715
2,2,146,178,73,89,73,89,0,0,0.001082,0.009,0.006,0.0075,0.0,0.0,0.0
16,18,1540,1644,96,91,96,91,0,0,0.018379,1.203933,1.052294,1.1281135,72.945957,2.140102,37.5430295
16,18,1540,1644,96,91,96,91,0,0,0.017933,1.1746,1.028647,1.1016235,71.256213,2.181808,36.7190105
24,22,2024,4208,84,191,84,191,0,0,0.005576,0.227435,0.238857,0.23314600000000002,15.322744,12.975161,14.1489525
30,42,2302,34406,77,819,77,819,0,0,0.035025,1.196724,0.841976,1.01935,67.23068,59.199376,63.215028000000004
40,42,2558,23162,64,551,64,551,0,0,0.012672,0.315513,0.295585,0.30554899999999996,18.336263,17.316687,17.826475000000002
10,12,528,8824,53,735,53,735,0,0,0.04901,5.409111,4.411273,4.910192,503.917441,439.462101,471.689771
122,126,7810,14540,64,115,64,115,0,0,0.940723,7.836383,7.521576,7.6789795,529.445814,520.884659,525.1652365
4,4,520,304,130,76,130,76,0,0,0.001796,0.455333,0.234667,0.345,0.637575,0.325511,0.481543
2,2,130,162,65,81,65,81,0,0,0.001268,0.009,0.007,0.008,0.0,0.0,0.0
8,10,1052,824,132,82,132,82,0,0,0.003953,0.515,0.379333,0.4471665,33.088392,0.676443,16.8824175
4,4,568,304,142,76,142,76,0,0,0.004324,1.181,0.954,1.0675,1.661703,1.342797,1.50225
16,18,1540,1644,96,91,96,91,0,0,0.017928,1.175133,1.028235,1.101684,71.252513,2.094444,36.673478499999995
16,18,1540,1644,96,91,96,91,0,0,0.013231,0.861,0.751176,0.8060879999999999,59.338717,1.369925,30.354321000000002
16,18,1540,1644,96,91,96,91,0,0,0.015266,0.997867,0.870647,0.9342569999999999,66.083209,1.687548,33.8853785
16,18,1540,1644,96,91,96,91,0,0,0.013295,0.865067,0.755294,0.8101805,59.850572,1.399822,30.625197
16,18,1540,1644,96,91,96,91,0,0,0.019801,1.299933,1.138353,1.2191429999999999,76.105668,2.35432,39.229994
16,18,1540,1644,96,91,96,91,0,0,0.018101,1.184533,1.102313,1.143423,71.500262,2.13941,36.819836
30,42,2302,34406,77,819,77,819,0,0,0.036815,1.258379,0.886024,1.0722015,69.74965,62.480941,66.1152955
16,18,1540,1644,96,91,96,91,0,0,0.018165,1.190067,1.10525,1.1476585,72.168761,2.063806,37.1162835
78,80,4550,72810,58,910,58,910,0,0,0.035855,0.461688,0.451731,0.4567095,23.816605,23.61044,23.7135225
16,18,1540,1644,96,91,96,91,0,0,0.017949,1.1762,1.029118,1.102659,71.433222,2.189492,36.811357
38,40,2438,18508,64,463,64,463,0,0,0.010625,0.285778,0.258538,0.272158,16.89987,14.598503,15.7491865
18,18,3736,2456,208,136,208,136,0,0,0.00481,0.255,0.254176,0.25458800000000004,12.552343,0.328381,6.440362
30,42,2302,34406,77,819,77,819,0,0,0.034915,1.193448,0.861275,1.0273615,67.151079,59.530928,63.3410035
16,18,1540,1644,96,91,96,91,0,0,0.018356,1.2036,1.052882,1.128241,73.468102,2.073479,37.770790500000004
52,40,37230,3276,716,82,716,82,0,0,0.248755,5.069653,6.365026,5.7173395,554.144351,18.809576,286.4769635
62,58,5928,8010,96,138,96,138,0,0,0.293732,4.815279,5.139228,4.9772535,322.027092,0.0,161.013546
16,18,1540,1644,96,91,96,91,0,0,0.02011,1.320533,1.154823,1.2376779999999998,76.420784,2.236775,39.328779499999996
4,4,568,304,142,76,142,76,0,0,0.004436,1.181333,0.994333,1.087833,1.66288,1.3963,1.52959
8,10,1052,824,132,82,132,82,0,0,0.004033,0.527857,0.369444,0.4486505,32.722592,0.673315,16.6979535
64,66,3806,51808,59,785,59,785,0,0,0.136844,2.167302,2.097585,2.1324435,122.655014,121.132085,121.8935495
6,8,320,1862,53,233,53,233,0,0,0.046364,9.2114,6.553714,7.882557,642.56829,15.745485,329.15688750000004
14,8,8928,424,638,53,638,53,0,0,0.047205,3.631154,6.642286,5.13672,388.668351,16.262046,202.46519849999999
16,18,1540,1644,96,91,96,91,0,0,0.017834,1.168133,1.021353,1.094743,70.768693,2.012678,36.3906855
40,42,2558,23162,64,551,64,551,0,0,0.049093,1.249615,1.184366,1.2169905,73.986913,72.1432,73.0650565
28,30,4256,3080,152,103,152,103,0,0,0.370532,13.711963,12.758173,13.235068,711.677005,17.49383,364.5854175
16,18,1540,1644,96,91,96,91,0,0,0.017993,1.1794,1.031706,1.105553,72.469103,1.974054,37.2215785
16,18,1540,1644,96,91,96,91,0,0,0.017814,1.167467,1.020647,1.094057,70.637373,2.089012,36.3631925
30,42,2302,34406,77,819,77,819,0,0,0.035128,1.200759,0.845049,1.022904,67.791718,59.659193,63.7254555
2,2,132,164,66,82,66,82,0,0,0.00105,0.009,0.007,0.008,0.0,0.0,0.0
16,18,1540,1644,96,91,96,91,0,0,0.01831,1.200267,1.050529,1.1253980000000001,73.038624,2.223061,37.6308425
40,42,2558,23162,64,551,64,551,0,0,0.012274,0.314816,0.28739,0.301103,18.279976,17.129793,17.7048845
64,66,3806,51808,59,785,59,785,0,0,0.025901,0.412565,0.389585,0.401075,22.440289,21.81834,22.1293145
52,40,37230,3276,716,82,716,82,0,0,0.591723,11.82742,15.158872,13.493146,970.517833,31.755604,501.1367185
18,18,3736,2456,208,136,208,136,0,0,0.004541,0.249,0.239118,0.244059,12.253544,0.310222,6.281883
16,18,1540,1644,96,91,96,91,0,0,0.018041,1.181267,1.0985,1.1398835,71.401183,2.231802,36.8164925
108,114,9504,12298,88,108,88,108,0,0,0.018599,0.184798,0.166241,0.1755195,11.27879,10.595455,10.937122500000001
14,18,1684,10168,120,565,120,565,0,0,1.005765,77.341154,59.130294,68.235724,8765.361594,7674.661642,8220.011618
16,18,1540,1644,96,91,96,91,0,0,0.018003,1.180067,1.032177,1.106122,71.932521,2.033058,36.982789499999996
22,24,1920,4312,87,180,87,180,0,0,0.005932,0.263048,0.231739,0.2473935,16.202282,13.248038,14.725159999999999
16,18,1540,1644,96,91,96,91,0,0,0.017868,1.171467,1.024177,1.0978219999999999,72.135075,1.948975,37.042025
16,18,1540,1644,96,91,96,91,0,0,0.019859,1.304067,1.212938,1.2585025,76.032934,2.336464,39.184699
8,10,1052,824,132,82,132,82,0,0,0.003964,0.517143,0.377556,0.4473495,32.703178,0.671488,16.687333
28,42,2198,34406,79,819,79,819,0,0,0.034465,1.264741,0.827976,1.0463585,71.698055,58.279757,64.988906
2,2,130,162,65,81,65,81,0,0,0.001003,0.009,0.004,0.0065,0.0,0.0,0.0
18,18,3736,2456,208,136,208,136,0,0,0.004681,0.257412,0.246176,0.25179399999999996,12.818375,0.326889,6.572632
52,54,2934,3740,56,69,56,69,0,0,0.852368,17.04118,16.072566,16.556873,1761.545637,53.598668,907.5721525
16,18,1540,1644,96,91,96,91,0,0,0.018114,1.187467,1.039471,1.113469,72.265947,2.206013,37.23598
122,126,7810,14540,64,115,64,115,0,0,0.952818,7.871653,7.618576,7.7451145,467.178657,462.62825,464.90345349999996
2,2,132,164,66,82,66,82,0,0,0.001072,0.009,0.006,0.0075,0.0,0.0,0.0
2,2,146,178,73,89,73,89,0,0,0.001053,0.009,0.007,0.008,0.0,0.0,0.0
8,10,1052,824,132,82,132,82,0,0,0.003841,0.494429,0.369111,0.43177,31.58267,0.670578,16.126624
8,10,1052,824,132,82,132,82,0,0,0.003915,0.511143,0.377111,0.444127,32.849095,0.67261,16.7608525
16,18,1540,1644,96,91,96,91,0,0,0.020109,1.320533,1.155706,1.2381194999999998,74.579326,2.1848,38.382062999999995
52,42,37230,3380,716,80,716,80,0,0,0.023892,0.47064,0.569341,0.5199905,26.44922,1.005501,13.7273605
4,4,520,304,130,76,130,76,0,0,0.001719,0.449667,0.207667,0.328667,0.629561,0.288037,0.458799
30,42,2302,34406,77,819,77,819,0,0,0.034757,1.187793,0.832537,1.010165,66.991882,59.099305,63.0455935
2,2,132,164,66,82,66,82,0,0,0.000996,0.003,0.007,0.005,0.0,0.0,0.0
16,18,1540,1644,96,91,96,91,0,0,0.018147,1.188333,1.041235,1.114784,72.320734,2.234304,37.277519
16,18,1540,1644,96,91,96,91,0,0,0.017654,1.1566,1.012118,1.084359,69.829652,2.045654,35.937653
2,2,132,164,66,82,66,82,0,0,0.001047,0.009,0.007,0.008,0.0,0.0,0.0
2,2,132,164,66,82,66,82,0,0,0.001051,0.009,0.007,0.008,0.0,0.0,0.0
2,2,146,178,73,89,73,89,0,0,0.001039,0.008,0.006,0.007,0.0,0.0,0.0
52,38,37230,3172,716,83,716,83,0,0,0.521792,10.224451,14.087757,12.156104,994.202472,34.363977,514.2832245
2,2,130,162,65,81,65,81,0,0,0.001048,0.008,0.007,0.0075,0.0,0.0,0.0
8,10,1052,824,132,82,132,82,0,0,0.003944,0.517,0.374444,0.445722,32.340472,0.673487,16.5069795
8,10,1052,824,132,82,132,82,0,0,0.003884,0.506571,0.373778,0.4401745,32.642966,0.668317,16.6556415
12,18,1580,10168,132,565,132,565,0,0,1.004666,91.300094,59.067234,75.183664,9530.164996,7674.220738,8602.192867
16,18,1540,1644,96,91,96,91,0,0,0.018231,1.1948,1.111438,1.153119,72.364871,2.194388,37.2796295
16,18,1540,1644,96,91,96,91,0,0,0.01826,1.193733,1.112812,1.1532725,73.386386,2.014683,37.7005345
16,18,1540,1644,96,91,96,91,0,0,0.01802,1.1804,1.09775,1.139075,72.528959,2.019713,37.274336
64,66,3806,51808,59,785,59,785,0,0,0.025345,0.396492,0.380646,0.388569,20.81466,20.35334,20.584
2,2,146,178,73,89,73,89,0,0,0.00105,0.009,0.007,0.008,0.0,0.0,0.0
4,4,520,304,130,76,130,76,0,0,0.001699,0.443667,0.21,0.3268335,0.620368,0.290627,0.4554975
16,18,1540,1644,96,91,96,91,0,0,0.018253,1.196533,1.046235,1.121384,72.399107,2.137473,37.26829
8,10,1052,824,132,82,132,82,0,0,0.004021,0.526571,0.384333,0.45545199999999997,33.550362,0.678206,17.114284
16,18,1540,1644,96,91,96,91,0,0,0.018037,1.182333,1.034471,1.1084019999999999,72.752449,1.986544,37.3694965
30,42,2302,34406,77,819,77,819,0,0,0.037345,1.277069,0.915075,1.096072,70.543464,61.186176,65.86482000000001
2,2,132,164,66,82,66,82,0,0,0.000922,0.001,0.004,0.0025,0.0,0.0,0.0
16,18,1540,1644,96,91,96,91,0,0,0.018053,1.183267,1.033941,1.1086040000000001,71.988124,2.020288,37.004205999999996
16,18,1540,1644,96,91,96,91,0,0,0.018481,1.210733,1.041471,1.126102,72.16066,2.108972,37.134815999999994
2,2,132,164,66,82,66,82,0,0,0.001034,0.009,0.006,0.0075,0.0,0.0,0.0
22,24,1920,4312,87,180,87,180,0,0,0.036344,1.714286,1.553044,1.6336650000000001,201.208817,185.486424,193.3476205
16,18,1540,1644,96,91,96,91,0,0,0.018132,1.1856,1.038882,1.112241,72.013402,2.034482,37.023942
16,18,1540,1644,96,91,96,91,0,0,0.013415,0.874267,0.762353,0.81831,60.807731,1.402544,31.105137499999998
2,2,146,178,73,89,73,89,0,0,0.001057,0.009,0.007,0.008,0.0,0.0,0.0
52,42,37358,3380,718,80,718,80,0,0,0.02165,0.417843,0.514366,0.46610450000000003,22.266928,0.884374,11.575651
8,10,1052,824,132,82,132,82,0,0,0.003943,0.514286,0.379,0.446643,33.006454,0.673993,16.8402235
4,4,568,304,142,76,142,76,0,0,0.004448,1.193,1.003667,1.0983335,1.677965,1.408792,1.5433785
16,18,1540,1644,96,91,96,91,0,0,0.018247,1.1954,1.046765,1.1210825,72.629167,2.154096,37.391631499999995
30,42,2302,34406,77,819,77,819,0,0,0.034713,1.186276,0.834561,1.0104185,67.094202,59.488826,63.291514
2,2,146,178,73,89,73,89,0,0,0.001096,0.007,0.007,0.007,0.0,0.0,0.0
16,18,1540,1644,96,91,96,91,0,0,0.018034,1.180267,1.032412,1.1063395,71.484028,2.194014,36.839020999999995
16,18,1540,1644,96,91,96,91,0,0,0.018263,1.1972,1.033471,1.1153355,72.15183,2.043487,37.0976585
2,0,168,0,84,0,84,0,0,0,9e-06,0.009,0.0,0.0045,0.0,0.0,0.0
16,18,1540,1644,96,91,96,91,0,0,0.019479,1.275867,1.119059,1.197463,79.312259,2.501112,40.9066855
16,18,1540,1644,96,91,96,91,0,0,0.018208,1.193333,1.043941,1.118637,73.365009,1.988945,37.676977
30,42,2302,34406,77,819,77,819,0,0,0.034725,1.186621,0.835317,1.010969,67.07259,59.425406,63.248998
16,18,1540,1644,96,91,96,91,0,0,0.018078,1.184333,1.036823,1.110578,72.851976,1.98951,37.420742999999995
16,18,1540,1644,96,91,96,91,0,0,0.017803,1.1648,1.020294,1.0925470000000002,70.600501,1.979177,36.289839
30,42,2302,34406,77,819,77,819,0,0,0.034861,1.233143,0.857875,1.045509,68.227969,60.62097,64.4244695
16,18,1540,1644,96,91,96,91,0,0,0.018099,1.184267,1.037471,1.110869,72.804981,1.966041,37.385511
2,2,132,164,66,82,66,82,0,0,0.001203,0.008,0.007,0.0075,0.0,0.0,0.0
16,18,1540,1644,96,91,96,91,0,0,0.01805,1.182733,1.035647,1.10919,72.799802,1.98202,37.390911
16,18,1540,1644,96,91,96,91,0,0,0.013284,0.865,0.754471,0.8097354999999999,60.296145,1.390272,30.843208500000003
12,18,1580,10168,132,565,132,565,0,0,1.004931,91.32373,59.081233,75.2024815,9529.20688,7672.552216,8600.879548
30,42,2302,34406,77,819,77,819,0,0,0.034756,1.230321,0.835415,1.0328680000000001,68.308142,59.656786,63.982464
2,2,132,164,66,82,66,82,0,0,0.001104,0.009,0.007,0.008,0.0,0.0,0.0
2,2,146,178,73,89,73,89,0,0,0.001002,0.009,0.008,0.0085,0.0,0.0,0.0
16,18,1540,1644,96,91,96,91,0,0,0.018175,1.1918,1.042177,1.1169885,72.29286,2.212896,37.252878
8,10,1052,824,132,82,132,82,0,0,0.004046,0.527571,0.375222,0.4513965,33.044786,0.666738,16.855762000000002
16,18,1540,1644,96,91,96,91,0,0,0.014684,0.958067,0.748412,0.8532394999999999,61.656715,1.371128,31.5139215
52,42,37230,3380,716,80,716,80,0,0,0.021278,0.410588,0.50561,0.45809900000000003,21.873802,0.870795,11.372298500000001
16,18,1540,1644,96,91,96,91,0,0,0.018766,1.229067,1.143125,1.186096,74.973565,2.373874,38.6737195
16,18,1540,1644,96,91,96,91,0,0,0.0181,1.186267,1.038059,1.112163,72.268486,2.221003,37.244744499999996
2,2,146,178,73,89,73,89,0,0,0.001053,0.01,0.008,0.009000000000000001,0.0,0.0,0.0
16,18,1540,1644,96,91,96,91,0,0,0.019676,1.2778,1.129941,1.2038705,78.987342,2.313892,40.650617
8,10,1052,824,132,82,132,82,0,0,0.003946,0.509,0.379333,0.4441665,32.407251,0.671361,16.539306
8,10,1052,824,132,82,132,82,0,0,0.004033,0.521857,0.385444,0.4536505,33.440015,0.677469,17.058742000000002
16,18,1540,1644,96,91,96,91,0,0,0.013344,0.869667,0.758588,0.8141275,60.405767,1.39122,30.898493499999997
16,18,1540,1644,96,91,96,91,0,0,0.019462,1.2772,1.117882,1.197541,78.939916,2.404352,40.672134
8,10,1052,824,132,82,132,82,0,0,0.004098,0.536429,0.378333,0.45738100000000004,33.344423,0.668129,17.006276
16,18,1540,1644,96,91,96,91,0,0,0.018233,1.1956,1.038,1.1168,72.066676,2.043313,37.0549945
2,2,146,178,73,89,73,89,0,0,0.001074,0.009,0.007,0.008,0.0,0.0,0.0
2,2,130,162,65,81,65,81,0,0,0.001005,0.01,0.008,0.009000000000000001,0.0,0.0,0.0
16,18,1540,1644,96,91,96,91,0,0,0.018249,1.196133,1.035,1.1155665,72.03154,2.044835,37.03818750000001
30,42,2302,34406,77,819,77,819,0,0,0.035747,1.222069,0.860341,1.0412050000000002,69.423849,61.638624,65.5312365
52,42,37358,3380,718,80,718,80,0,0,0.389811,7.948306,9.494073,8.7211895,730.427749,23.656646,377.0421975
38,40,2438,18508,64,463,64,463,0,0,0.010881,0.282027,0.265333,0.27368000000000003,17.137887,16.231061,16.684474
2,2,146,178,73,89,73,89,0,0,0.001078,0.009,0.007,0.008,0.0,0.0,0.0
2,2,132,164,66,82,66,82,0,0,0.001068,0.008,0.007,0.0075,0.0,0.0,0.0
38,40,2438,18508,64,463,64,463,0,0,0.010848,0.284243,0.26559,0.2749165,0.0,16.414993,8.2074965
2,2,132,164,66,82,66,82,0,0,0.001079,0.009,0.007,0.008,0.0,0.0,0.0
16,18,1540,1644,96,91,96,91,0,0,0.013271,0.862933,0.754176,0.8085545,59.667579,1.374122,30.5208505
16,18,1540,1644,96,91,96,91,0,0,0.013124,0.853533,0.745059,0.799296,59.077977,1.357094,30.217535499999997
38,40,2438,18508,64,463,64,463,0,0,0.010952,0.287108,0.275079,0.2810935,17.353153,16.424364,16.8887585
16,18,1540,1644,96,91,96,91,0,0,0.013246,0.862267,0.752294,0.8072805000000001,60.115887,1.38409,30.7499885
12,18,1580,10168,132,565,132,565,0,0,1.010744,91.853,59.423707,75.6383535,9531.128902,7675.598911,8603.3639065
4,4,528,304,132,76,132,76,0,0,0.001658,0.429,0.190333,0.3096665,0.599627,0.264224,0.4319255
2,2,146,178,73,89,73,89,0,0,0.000911,0.003,0.001,0.002,0.0,0.0,0.0
16,18,1540,1644,96,91,96,91,0,0,0.019699,1.2924,1.131823,1.2121115,80.462706,2.267265,41.364985499999996
42,42,2662,23162,63,551,63,551,0,0,0.013198,0.3213,0.31,0.31565,0.0,0.413338,0.206669
26,28,4552,2976,175,106,175,106,0,0,0.332072,13.27012,12.280111,12.7751155,795.78586,20.754121,408.2699905
28,42,2198,34406,79,819,79,819,0,0,0.034265,1.256518,0.823073,1.0397955,71.582541,58.440906,65.0117235
16,18,1540,1644,96,91,96,91,0,0,0.018072,1.1842,1.036118,1.110159,71.894564,2.037801,36.9661825
16,18,1540,1644,96,91,96,91,0,0,0.017737,1.161533,1.016882,1.0892075,70.696266,2.172313,36.4342895
4,4,520,304,130,76,130,76,0,0,0.03604,6.974667,7.659,7.3168334999999995,9.856598,10.823684,10.340141
8,10,1052,824,132,82,132,82,0,0,0.004003,0.522,0.384778,0.45338900000000004,33.304757,0.679501,16.992129000000002
4,4,520,304,130,76,130,76,0,0,0.001719,0.449,0.197667,0.3233335,0.627911,0.2746,0.45125550000000003
16,18,1540,1644,96,91,96,91,0,0,0.017881,1.171533,1.024529,1.098031,71.012442,2.178311,36.59537649999999
122,126,7810,14540,64,115,64,115,0,0,0.757667,6.258901,6.056944,6.1579225,405.301993,401.841381,403.571687
30,42,2302,34406,77,819,77,819,0,0,0.037858,1.294862,0.910171,1.1025165,73.93245,65.795068,69.863759
12,18,1580,10168,132,565,132,565,0,0,1.005813,91.399185,59.133413,75.266299,9530.152858,7674.998837,8602.5758475
8,10,1052,824,132,82,132,82,0,0,0.00394,0.51,0.377778,0.443889,32.632527,0.66999,16.6512585
4,4,520,304,130,76,130,76,0,0,0.036152,7.001,7.690333,7.3456665,9.888182,10.865167,10.3766745
16,18,1540,1644,96,91,96,91,0,0,0.017649,1.156267,1.011118,1.0836925,70.08073,2.138537,36.1096335
30,42,2302,34406,77,819,77,819,0,0,0.035146,1.201483,0.866625,1.034054,67.694321,59.912186,63.8032535
78,80,4550,72810,58,910,58,910,0,0,0.036479,0.469792,0.453608,0.4617,25.199577,24.57979,24.8896835
2,2,146,178,73,89,73,89,0,0,0.001098,0.008,0.007,0.0075,0.0,0.0,0.0
16,18,1540,1644,96,91,96,91,0,0,0.018054,1.183467,1.034118,1.1087925,71.774581,2.108623,36.941601999999996
16,18,1540,1644,96,91,96,91,0,0,0.017836,1.168,1.021059,1.0945295,70.825716,2.02324,36.424478
40,42,2558,23162,64,551,64,551,0,0,0.011925,0.309541,0.278073,0.29380700000000004,0.0,15.733481,7.8667405
16,18,1540,1644,96,91,96,91,0,0,0.017752,1.163667,1.018059,1.0908630000000001,70.594954,2.095216,36.345085
22,24,1920,4312,87,180,87,180,0,0,0.005801,0.258905,0.224087,0.241496,16.060428,13.052799,14.556613500000001
16,18,1540,1644,96,91,96,91,0,0,0.017747,1.1626,1.081,1.1218,71.541216,1.999032,36.770124
64,66,3806,51808,59,785,59,785,0,0,0.025971,0.406968,0.390138,0.398553,22.175874,21.401106,21.78849
16,18,1540,1644,96,91,96,91,0,0,0.017742,1.161333,1.017235,1.089284,70.702636,2.18361,36.443123
16,18,1540,1644,96,91,96,91,0,0,0.01835,1.203067,1.037706,1.1203865,72.189741,2.014312,37.1020265
8,10,1052,824,132,82,132,82,0,0,0.004081,0.531429,0.378111,0.45477,32.9321,0.680368,16.806234
4,4,568,304,142,76,142,76,0,0,0.215132,66.331664,23.919666,45.125665,93.797242,33.819738,63.80849
16,18,1540,1644,96,91,96,91,0,0,0.013157,0.856267,0.794125,0.825196,59.334046,1.395498,30.364772000000002
16,18,1540,1644,96,91,96,91,0,0,0.013446,0.876133,0.811688,0.8439105,61.312148,1.433221,31.372684500000002
12,18,1580,10168,132,565,132,565,0,0,1.157051,105.156182,68.030709,86.5934455,10827.07546,8719.704237,9773.389848499999
78,80,4550,72810,58,910,58,910,0,0,0.034609,0.445481,0.430418,0.4379495,23.206929,22.518338,22.8626335
16,18,1540,1644,96,91,96,91,0,0,0.013016,0.845867,0.737882,0.7918745,58.848353,1.349711,30.099032
16,18,1540,1644,96,91,96,91,0,0,0.018123,1.186933,1.038941,1.112937,72.725225,1.996351,37.360788
12,18,1580,10168,132,565,132,565,0,0,1.004925,91.322457,59.080762,75.2016095,9528.616271,7674.843459,8601.729865000001
16,18,1540,1644,96,91,96,91,0,0,0.018117,1.187267,1.103875,1.145571,72.251772,2.02538,37.138576
64,66,3806,51808,59,785,59,785,0,0,0.02588,0.412645,0.388108,0.4003765,22.270018,21.68953,21.979774
12,12,1064,2260,89,188,89,188,0,0,0.004132,0.345,0.316545,0.3307725,17.301168,0.383449,8.8423085
2,2,130,162,65,81,65,81,0,0,0.001035,0.009,0.007,0.008,0.0,0.0,0.0
16,18,1540,1644,96,91,96,91,0,0,0.017993,1.178933,1.031588,1.1052605,72.420548,1.973738,37.197143
4,4,568,304,142,76,142,76,0,0,0.123168,36.005,23.625,29.815,50.906738,33.403723,42.1552305
2,2,132,164,66,82,66,82,0,0,0.00108,0.008,0.006,0.007,0.0,0.0,0.0
4,4,568,312,142,78,142,78,0,0,0.004605,1.180667,1.031333,1.1059999999999999,1.660523,1.448626,1.5545745
6,8,320,1826,53,228,53,228,0,0,0.002712,0.4762,0.322714,0.399457,26.742847,0.502787,13.622817000000001
16,18,1540,1644,96,91,96,91,0,0,0.017737,1.1624,1.016882,1.089641,70.471829,2.084101,36.277965
2,2,132,164,66,82,66,82,0,0,0.000976,0.005,0.007,0.006,0.0,0.0,0.0
78,80,4550,72810,58,910,58,910,0,0,0.035028,0.455132,0.436278,0.445705,23.290273,22.736877,23.013575
62,58,5928,8010,96,138,96,138,0,0,0.254821,4.177393,4.458544,4.3179685,274.171294,286.36633,280.268812
2,2,132,164,66,82,66,82,0,0,0.001105,0.009,0.007,0.008,0.0,0.0,0.0
4,4,568,312,142,78,142,78,0,0,0.004682,1.221,1.052333,1.1366665,1.717563,1.479739,1.5986509999999998
62,58,5928,8010,96,138,96,138,0,0,0.337843,5.53841,5.913702,5.726056,374.740114,390.630399,382.68525650000004
38,40,2438,18508,64,463,64,463,0,0,0.010102,0.264108,0.246205,0.2551565,15.285403,15.455167,15.370284999999999
4,4,528,304,132,76,132,76,0,0,0.001756,0.440667,0.234333,0.3375,0.61754,0.325744,0.471642
22,22,4344,2664,197,121,197,121,0,0,0.183059,8.702142,8.694048,8.698095,720.054914,20.902551,370.47873250000004
16,18,1540,1644,96,91,96,91,0,0,0.017925,1.174133,1.091875,1.1330040000000001,71.420622,2.239218,36.829919999999994
78,80,4550,72810,58,910,58,910,0,0,0.03591,0.461727,0.44724,0.45448350000000004,24.125807,23.703634,23.9147205
2,2,146,178,73,89,73,89,0,0,0.001114,0.008,0.007,0.0075,0.0,0.0,0.0
16,18,1540,1644,96,91,96,91,0,0,0.013075,0.850533,0.742706,0.7966195,59.590464,1.377874,30.484168999999998
52,54,2934,3742,56,69,56,69,0,0,0.021215,0.409784,0.390094,0.399939,28.574568,0.678297,14.6264325
16,18,1540,1644,96,91,96,91,0,0,0.017821,1.168,1.020412,1.094206,71.56902,1.96969,36.769355
64,66,3806,51808,59,785,59,785,0,0,0.026343,0.418871,0.395815,0.407343,21.603444,20.852432,21.227938
8,10,1052,824,132,82,132,82,0,0,0.003903,0.509286,0.375111,0.44219850000000005,32.699895,0.679978,16.689936499999998
40,42,2558,23162,64,551,64,551,0,0,0.011846,0.295333,0.275634,0.2854835,0.0,16.619399,8.3096995
16,18,1540,1644,96,91,96,91,0,0,0.017754,1.163333,1.081312,1.1223225000000001,70.892786,2.057028,36.474907
16,18,1540,1644,96,91,96,91,0,0,0.017932,1.1744,1.026177,1.1002885,71.162905,2.013732,36.5883185
28,42,2198,34406,79,819,79,819,0,0,0.034369,1.261185,0.825805,1.043495,71.439663,58.829414,65.13453849999999
64,66,3806,51808,59,785,59,785,0,0,0.026935,0.422619,0.417698,0.4201585,23.363981,22.815544,23.0897625
16,18,1540,1644,96,91,96,91,0,0,0.017911,1.172533,1.026353,1.099443,70.855627,2.08981,36.4727185
2,2,132,164,66,82,66,82,0,0,0.001048,0.009,0.007,0.008,0.0,0.0,0.0
16,18,1540,1644,96,91,96,91,0,0,0.013436,0.8748,0.763294,0.8190470000000001,61.32852,1.414336,31.371427999999998
16,18,1540,1644,96,91,96,91,0,0,0.017899,1.173133,1.025941,1.099537,71.238834,2.201153,36.7199935
8,10,1052,824,132,82,132,82,0,0,0.00401,0.523286,0.369667,0.44647650000000005,32.559793,0.668532,16.6141625
16,18,1540,1644,96,91,96,91,0,0,0.018215,1.193867,1.045059,1.119463,72.386108,2.139173,37.262640499999996
64,66,3806,51808,59,785,59,785,0,0,0.025861,0.419098,0.394203,0.4066505,21.89574,21.435462,21.665601000000002
4,4,528,304,132,76,132,76,0,0,0.001702,0.443667,0.200333,0.322,0.619662,0.277661,0.44866150000000005
16,18,1540,1644,96,91,96,91,0,0,0.017708,1.1596,1.015235,1.0874175,70.24888,2.072804,36.160842
16,18,1540,1644,96,91,96,91,0,0,0.01777,1.164333,1.018706,1.0915195,71.558745,1.950116,36.7544305
2,2,132,164,66,82,66,82,0,0,0.001039,0.01,0.007,0.0085,0.0,0.0,0.0
16,18,1540,1644,96,91,96,91,0,0,0.018216,1.193667,1.024941,1.109304,71.164567,2.097604,36.631085500000005
2,2,132,164,66,82,66,82,0,0,0.001042,0.009,0.007,0.008,0.0,0.0,0.0
16,18,1540,1644,96,91,96,91,0,0,0.018281,1.198067,1.047882,1.1229745,73.548846,2.019514,37.78418
8,10,1052,824,132,82,132,82,0,0,0.0039,0.507,0.372889,0.4399445,32.240595,0.679567,16.460081
12,12,1064,2260,89,188,89,188,0,0,0.004231,0.354182,0.326273,0.3402275,17.85141,0.391736,9.121573000000001
16,18,1540,1644,96,91,96,91,0,0,0.018209,1.1938,1.042059,1.1179295,73.463681,1.98556,37.7246205
2,2,146,178,73,89,73,89,0,0,0.001088,0.008,0.006,0.007,0.0,0.0,0.0
28,42,2198,34406,79,819,79,819,0,0,0.034806,1.277593,0.837512,1.0575525,72.262634,59.630987,65.9468105
16,18,1540,1644,96,91,96,91,0,0,0.017978,1.177667,1.030647,1.104157,71.354009,2.091832,36.7229205
16,18,1540,1644,96,91,96,91,0,0,0.01793,1.173533,1.028118,1.1008255,70.992334,2.112345,36.5523395
2,2,146,178,73,89,73,89,0,0,0.001154,0.007,0.009,0.008,0.0,0.0,0.0
16,18,1540,1644,96,91,96,91,0,0,0.018269,1.1978,1.047059,1.1224295,72.585192,2.150888,37.36804
30,42,2302,34406,77,819,77,819,0,0,0.035736,1.221793,0.858927,1.04036,68.975055,61.965013,65.470034
2,2,146,178,73,89,73,89,0,0,0.001037,0.008,0.007,0.0075,0.0,0.0,0.0
2,2,146,178,73,89,73,89,0,0,0.001072,0.008,0.007,0.0075,0.0,0.0,0.0
28,30,4256,3080,152,103,152,103,0,0,0.369917,13.689482,12.736793,13.2131375,711.004527,17.465357,364.23494200000005
16,18,1540,1644,96,91,96,91,0,0,0.017809,1.167133,1.084062,1.1255975,70.921216,2.057816,36.489516
16,18,1540,1644,96,91,96,91,0,0,0.01782,1.1674,1.021706,1.0945529999999999,71.65303,1.953002,36.803016
16,18,1540,1644,96,91,96,91,0,0,0.017891,1.1716,1.025765,1.0986825,70.929533,2.172063,36.550798
8,10,1052,824,132,82,132,82,0,0,0.003932,0.511143,0.379111,0.445127,32.896199,0.680102,16.7881505
26,28,4552,2976,175,106,175,106,0,0,0.312436,12.48,11.553556,12.016778,758.797119,19.818635,389.30787699999996
14,18,1684,10168,120,565,120,565,0,0,1.16008,89.210849,68.212941,78.711895,8835.048434,7736.634749,8285.8415915
28,30,4256,3080,152,103,152,103,0,0,0.371541,13.748778,12.792896,13.270837,713.423309,17.533723,365.478516
2,2,132,164,66,82,66,82,0,0,0.001063,0.01,0.007,0.0085,0.0,0.0,0.0
16,18,1540,1644,96,91,96,91,0,0,0.01805,1.182933,1.034765,1.108849,71.550804,2.03676,36.793782
14,18,1684,10168,120,565,120,565,0,0,1.15087,88.502767,67.666,78.0843835,8836.132539,7737.081068,8286.6068035
8,10,1052,824,132,82,132,82,0,0,0.003844,0.500571,0.37,0.4352855,32.051141,0.676257,16.363699
12,18,1580,10168,132,565,132,565,0,0,1.194981,108.603545,70.259767,89.431656,10906.53362,8782.223026,9844.378323
16,18,1540,1644,96,91,96,91,0,0,0.013472,0.878,0.765824,0.821912,61.215525,1.386953,31.301239
40,42,2558,23162,64,551,64,551,0,0,0.019881,0.529216,0.482825,0.5060205,48.100592,43.185474,45.643033
52,40,37230,3276,716,82,716,82,0,0,0.020648,0.398039,0.515487,0.45676300000000003,21.936755,1.034495,11.485625
16,18,1540,1644,96,91,96,91,0,0,0.013037,0.848867,0.740294,0.7945805,59.179637,1.360675,30.270156
16,18,1540,1644,96,91,96,91,0,0,0.018521,1.2126,1.059647,1.1361235,74.216021,2.309489,38.262755
2,2,146,178,73,89,73,89,0,0,0.00106,0.01,0.007,0.0085,0.0,0.0,0.0
12,18,1580,10168,132,565,132,565,0,0,1.13794,103.417362,66.907531,85.1624465,10003.54546,8054.403384,9028.974422
16,18,1540,1644,96,91,96,91,0,0,0.013223,0.860667,0.751118,0.8058924999999999,60.218733,1.388394,30.8035635
16,18,1540,1644,96,91,96,91,0,0,0.018014,1.180867,1.033412,1.1071395000000002,72.818551,2.002128,37.4103395
122,126,7816,15132,64,120,64,120,0,0,0.469676,3.977449,3.752968,3.8652085,392.776054,384.417227,388.59664050000003
8,10,1052,824,132,82,132,82,0,0,0.003986,0.520857,0.379778,0.45031750000000004,32.763289,0.674075,16.718682
2,2,130,162,65,81,65,81,0,0,0.001106,0.009,0.007,0.008,0.0,0.0,0.0
30,42,2302,34406,77,819,77,819,0,0,0.033994,1.161621,0.816317,0.988969,65.557412,58.279029,61.918220500000004
16,18,1540,1644,96,91,96,91,0,0,0.018207,1.1934,1.044588,1.118994,72.606629,2.229528,37.4180785
16,18,1540,1644,96,91,96,91,0,0,0.01769,1.159533,1.014353,1.086943,70.47305,2.162386,36.317718
2,2,132,164,66,82,66,82,0,0,0.000986,0.001,0.005,0.003,0.0,0.0,0.0
28,42,2198,34406,79,819,79,819,0,0,0.034734,1.274778,0.834439,1.0546085,72.995022,60.108472,66.551747
16,18,1540,1644,96,91,96,91,0,0,0.0132,0.8576,0.750176,0.8038879999999999,59.571535,1.373944,30.4727395
8,10,1052,824,132,82,132,82,0,0,0.003919,0.510714,0.376222,0.443468,32.720353,0.671263,16.695808000000003
8,10,1052,824,132,82,132,82,0,0,0.004059,0.531714,0.389222,0.460468,33.469836,0.700271,17.0850535
28,42,2198,34406,79,819,79,819,0,0,0.034806,1.277593,0.837512,1.0575525,72.262634,59.630987,65.9468105
64,66,3806,51808,59,785,59,785,0,0,0.049989,0.801097,0.757954,0.7795255,54.435838,52.735176,53.585507
16,18,1540,1644,96,91,96,91,0,0,0.017766,1.164133,1.018353,1.091243,70.816827,2.013577,36.415202
12,12,1064,2260,89,188,89,188,0,0,0.004113,0.341091,0.319273,0.330182,17.136618,0.384944,8.760781
16,18,1540,1644,96,91,96,91,0,0,0.020864,1.3704,1.200118,1.285259,84.723125,2.420516,43.5718205
40,42,2558,23162,64,551,64,551,0,0,0.049885,1.305026,1.203317,1.2541715,76.611437,74.116129,75.363783
16,18,1540,1644,96,91,96,91,0,0,0.020891,1.372333,1.202118,1.2872255,85.725113,2.170915,43.94801399999999
16,18,1540,1644,96,91,96,91,0,0,0.013464,0.877467,0.765706,0.8215865,61.484731,1.413679,31.449205
2,2,132,164,66,82,66,82,0,0,0.001007,0.002,0.007,0.0045000000000000005,0.0,0.0,0.0
78,80,4550,72810,58,910,58,910,0,0,0.042915,0.568,0.535423,0.5517114999999999,31.776515,31.582868,31.6796915
16,18,1540,1644,96,91,96,91,0,0,0.018304,1.199067,1.048177,1.1236220000000001,72.625929,2.071816,37.3488725
2,2,132,164,66,82,66,82,0,0,0.001057,0.009,0.007,0.008,0.0,0.0,0.0
40,42,2558,23162,64,551,64,551,0,0,0.05082,1.329184,1.226024,1.277604,0.0,73.228946,36.614473
80,80,4654,72810,58,910,58,910,0,0,0.061807,0.776013,0.775152,0.7755825,46.236255,1.198865,23.71756
30,42,2302,34406,77,819,77,819,0,0,0.034943,1.236857,0.839439,1.038148,68.715962,59.855466,64.285714
40,42,2558,23162,64,551,64,551,0,0,0.012965,0.324359,0.31155,0.31795450000000003,0.0,17.879509,8.9397545
16,18,1540,1644,96,91,96,91,0,0,0.020878,1.370867,1.200765,1.285816,84.074157,2.348275,43.211216
16,18,1540,1644,96,91,96,91,0,0,0.020992,1.3776,1.207177,1.2923885,86.128708,2.252062,44.190385
16,18,1540,1644,96,91,96,91,0,0,0.018045,1.182467,1.098313,1.14039,71.569152,2.076269,36.8227105
16,18,1540,1644,96,91,96,91,0,0,0.018297,1.198867,1.045882,1.1223744999999998,72.768072,2.054116,37.411094
62,58,5928,8010,96,138,96,138,0,0,0.011128,0.185467,0.188855,0.187161,11.517035,0.0,5.7585175
38,40,2438,18508,64,463,64,463,0,0,0.01702,0.477086,0.423641,0.4503635,28.838066,26.491559,27.6648125
16,18,1540,1644,96,91,96,91,0,0,0.018245,1.1958,1.046765,1.1212825,72.908245,1.990138,37.4491915
2,2,130,162,65,81,65,81,0,0,0.001028,0.008,0.006,0.007,0.0,0.0,0.0
12,18,1580,10168,132,565,132,565,0,0,1.027441,93.369817,60.405415,76.887616,9532.732683,7693.741303,8613.236993
38,40,2438,18508,64,463,64,463,0,0,0.01192,0.331171,0.291103,0.311137,0.0,17.355113,8.6775565
8,10,1052,824,132,82,132,82,0,0,0.00389,0.503857,0.372111,0.43798400000000004,31.96985,0.679839,16.3248445
16,18,1540,1644,96,91,96,91,0,0,0.01893,1.2418,1.087412,1.164606,75.811536,2.272916,39.042226
62,58,5928,8010,96,138,96,138,0,0,0.027818,0.456033,0.501519,0.47877600000000003,71.308835,79.700874,75.5048545
2,2,146,178,73,89,73,89,0,0,0.00117,0.009,0.006,0.0075,0.0,0.0,0.0
30,42,2302,34406,77,819,77,819,0,0,0.034908,1.192828,0.838902,1.015865,66.941468,58.826525,62.883996499999995
122,126,7816,15132,64,120,64,120,0,0,0.964885,7.971174,7.71472,7.842947000000001,596.867212,588.889712,592.878462
12,18,1580,10168,132,565,132,565,0,0,1.157654,105.210457,68.068825,86.63964100000001,9642.386013,7750.09087,8696.2384415
8,10,1052,824,132,82,132,82,0,0,0.004182,0.546571,0.413222,0.4798965,36.397685,0.676915,18.537300000000002
14,8,8928,424,638,53,638,53,0,0,0.003459,0.266077,0.476167,0.371122,0.0,0.942049,0.4710245
16,18,1540,1644,96,91,96,91,0,0,0.018062,1.183333,1.035588,1.1094605,72.148367,2.029767,37.089067
64,66,3806,51808,59,785,59,785,0,0,0.088054,1.438131,1.345462,1.3917964999999999,84.126526,80.044057,82.0852915
30,42,2302,34406,77,819,77,819,0,0,0.045775,1.566965,1.104634,1.3357994999999998,88.870596,70.66792,79.76925800000001
14,18,1684,10168,120,565,120,565,0,0,1.005546,77.323464,59.107173,68.2153185,8765.467065,7674.506465,8219.986765000001
40,42,2558,23162,64,551,64,551,0,0,0.051228,1.304462,1.235537,1.2699995,79.688068,76.724542,78.206305
52,42,37358,3380,718,80,718,80,0,0,0.039665,0.78612,0.953951,0.8700355,49.916071,2.311455,26.113763000000002
30,42,2302,34406,77,819,77,819,0,0,0.034989,1.189172,0.840805,1.0149884999999998,67.275881,59.654977,63.465429
16,18,1540,1644,96,91,96,91,0,0,0.018042,1.182533,1.034882,1.1087075,71.310847,2.111685,36.711265999999995
14,18,1684,10168,120,565,120,565,0,0,1.083822,83.341075,63.723,73.5320375,8792.24998,7698.840858,8245.545419
16,18,1540,1644,96,91,96,91,0,0,0.016168,1.057533,0.924294,0.9909135,71.953185,1.737882,36.8455335
2,2,132,164,66,82,66,82,0,0,0.001037,0.009,0.006,0.0075,0.0,0.0,0.0
22,24,1920,4312,87,180,87,180,0,0,0.005881,0.262619,0.227261,0.24494,16.295415,13.00142,14.648417499999999
22,24,1920,4312,87,180,87,180,0,0,0.007254,0.329143,0.293696,0.3114195,22.232135,15.848025,19.04008
2,2,146,178,73,89,73,89,0,0,0.000948,0.001,0.004,0.0025,0.0,0.0,0.0
2,2,132,164,66,82,66,82,0,0,0.001114,0.01,0.006,0.008,0.0,0.0,0.0
30,42,2302,34406,77,819,77,819,0,0,0.035875,1.22631,0.862683,1.0444965,70.389645,62.115342,66.2524935
66,66,3910,51808,59,785,59,785,0,0,0.090966,1.394708,1.412813,1.4037605000000002,80.849032,2.132878,41.490955
12,18,1580,10168,132,565,132,565,0,0,1.206045,109.609455,70.910412,90.25993349999999,9698.421696,7786.939113,8742.680404499999
16,18,1540,1644,96,91,96,91,0,0,0.013155,0.8562,0.746529,0.8013645,59.127568,1.361847,30.244707499999997
16,18,1540,1644,96,91,96,91,0,0,0.013231,0.861667,0.751059,0.8063629999999999,59.769968,1.38187,30.575919
38,40,2438,18508,64,463,64,463,0,0,0.010866,0.293389,0.270684,0.2820365,17.555187,16.578707,17.066947
16,18,1540,1644,96,91,96,91,0,0,0.014006,0.9126,0.797176,0.854888,63.202286,1.411171,32.3067285
22,24,1920,4312,87,180,87,180,0,0,0.005914,0.265476,0.244818,0.255147,16.54004,13.832693,15.186366500000002
122,126,7810,14540,64,115,64,115,0,0,1.050858,8.754342,8.402448,8.578395,508.255578,501.397541,504.82655950000003
18,18,4136,2456,230,136,230,136,0,0,0.004794,0.263294,0.252706,0.258,13.002548,0.336129,6.6693385
2,2,130,162,65,81,65,81,0,0,0.001024,0.009,0.006,0.0075,0.0,0.0,0.0
16,18,1540,1644,96,91,96,91,0,0,0.018091,1.184667,1.037059,1.110863,71.14123,2.096834,36.619032
10,12,528,8824,53,735,53,735,0,0,0.004588,0.475889,0.368727,0.422308,36.133324,21.204518,28.668921
30,42,2302,34406,77,819,77,819,0,0,0.035086,1.199172,0.86375,1.031461,66.845041,59.816964,63.3310025
16,18,1540,1644,96,91,96,91,0,0,0.018843,1.235867,1.1495,1.1926835,76.038683,2.412622,39.2256525
40,42,2558,23162,64,551,64,551,0,0,0.01287,0.322205,0.307775,0.31499,19.262387,18.159829,18.711108
2,2,132,164,66,82,66,82,0,0,0.001058,0.007,0.004,0.0055,0.0,0.0,0.0
2,2,132,164,66,82,66,82,0,0,0.001052,0.01,0.007,0.0085,0.0,0.0,0.0
4,4,260,324,65,81,65,81,0,0,41.977772,13992.212,13992.285,13992.2485,19787.972,19788.074,19788.023
16,18,1540,1644,96,91,96,91,0,0,0.018202,1.193267,1.044235,1.118751,72.581242,2.223815,37.4025285
16,18,1540,1644,96,91,96,91,0,0,0.018269,1.1978,1.047059,1.1224295,72.585192,2.150888,37.36804
16,18,1540,1644,96,91,96,91,0,0,0.018754,1.2308,1.076294,1.153547,75.97063,2.06998,39.020305
4,4,520,304,130,76,130,76,0,0,0.03614,6.676667,7.671333,7.1739999999999995,9.429505,10.836883,10.133194
8,10,1052,824,132,82,132,82,0,0,0.00389,0.503857,0.372111,0.43798400000000004,31.96985,0.679839,16.3248445
12,12,1064,2260,89,188,89,188,0,0,0.003987,0.330909,0.312182,0.32154550000000004,16.838933,0.373926,8.6064295
78,80,4550,72810,58,910,58,910,0,0,0.046979,0.622267,0.593846,0.6080565,39.254752,38.197282,38.726017
16,18,1540,1644,96,91,96,91,0,0,0.018723,1.227933,1.141938,1.1849355,75.013578,2.165781,38.589679499999995
38,40,2438,18508,64,463,64,463,0,0,0.041882,1.123513,1.056564,1.0900385,69.29822,67.840633,68.56942649999999
8,10,1052,824,132,82,132,82,0,0,0.003987,0.521571,0.385444,0.4535075,32.675027,0.694139,16.684583
28,42,2198,34406,79,819,79,819,0,0,0.035,1.285148,0.840732,1.06294,72.754227,59.24211,65.99816849999999
16,18,1540,1644,96,91,96,91,0,0,0.018023,1.1806,1.032412,1.106506,71.623129,2.01861,36.8208695
6,8,320,1862,53,233,53,233,0,0,0.079351,15.8084,11.268286,13.538343000000001,1109.171604,27.301561,568.2365824999999
4,4,568,312,142,78,142,78,0,0,0.004732,1.223,1.059667,1.1413335,1.720392,1.488695,1.6045435000000001
2,2,132,164,66,82,66,82,0,0,0.001071,0.009,0.007,0.008,0.0,0.0,0.0
16,18,1540,1644,96,91,96,91,0,0,0.018063,1.185067,1.035529,1.110298,73.128708,1.980908,37.554808
16,18,1540,1644,96,91,96,91,0,0,0.018042,1.1826,1.033353,1.1079765,71.594759,2.025615,36.810187
64,66,3806,51808,59,785,59,785,0,0,0.025962,0.412952,0.39,0.401476,21.695302,21.128524,21.411913
2,2,132,164,66,82,66,82,0,0,0.001137,0.009,0.006,0.0075,0.0,0.0,0.0
2,2,132,164,66,82,66,82,0,0,0.001096,0.009,0.007,0.008,0.0,0.0,0.0
16,18,1540,1644,96,91,96,91,0,0,0.018284,1.198667,1.112812,1.1557395,72.713706,2.122292,37.417999
4,4,528,304,132,76,132,76,0,0,0.001671,0.428,0.203667,0.3158335,0.599627,0.280957,0.440292
64,66,3806,51808,59,785,59,785,0,0,0.032091,0.504413,0.483692,0.4940525,31.893029,30.8952,31.3941145
30,42,2302,34406,77,819,77,819,0,0,0.034853,1.191138,0.838122,1.01463,67.420937,59.627866,63.524401499999996
362,746,19306,1087890,53,1458,53,1458,0,0,1.183564,3.277656,1.587977,2.4328165,183.028214,109.456642,146.242428
4,4,528,304,132,76,132,76,0,0,0.001676,0.428333,0.203333,0.31583300000000003,0.600805,0.2812,0.4410025
4,4,568,304,142,76,142,76,0,0,0.086173,23.659,23.608666,23.633833,33.446152,33.377797,33.4119745
16,18,1540,1644,96,91,96,91,0,0,0.017972,1.176867,1.029235,1.103051,71.241032,2.175557,36.7082945
30,42,2302,34406,77,819,77,819,0,0,0.03548,1.256107,0.853756,1.0549315,69.534389,60.391935,64.963162
78,80,4550,72810,58,910,58,910,0,0,0.034945,0.461507,0.445286,0.4533965,24.114096,23.392292,23.753194
122,126,7810,14540,64,115,64,115,0,0,0.766917,6.388108,6.130976,6.259542,402.850287,397.426024,400.1381555
4,4,568,304,142,76,142,76,0,0,0.004405,1.171,0.967,1.069,1.648268,1.358352,1.50331
16,18,1540,1644,96,91,96,91,0,0,0.013145,0.856,0.744882,0.800441,59.126873,1.361527,30.244200000000003
18,18,3736,2456,208,136,208,136,0,0,0.004704,0.257882,0.247176,0.252529,12.94393,0.3313,6.637615
2,2,146,178,73,89,73,89,0,0,0.00114,0.009,0.004,0.0065,0.0,0.0,0.0
12,12,1064,2260,89,188,89,188,0,0,0.004116,0.343545,0.318727,0.331136,17.39128,0.379235,8.8852575
16,18,1540,1644,96,91,96,91,0,0,0.018255,1.196467,1.044588,1.1205275000000001,73.266922,2.007983,37.637452499999995
4,4,568,312,142,78,142,78,0,0,0.00464,1.224,1.021333,1.1226665,1.721806,1.435898,1.578852
16,18,1540,1644,96,91,96,91,0,0,0.017955,1.175867,1.029294,1.1025805,71.496869,2.182401,36.839635
2,2,146,178,73,89,73,89,0,0,0.001101,0.005,0.007,0.006,0.0,0.0,0.0
16,18,1540,1644,96,91,96,91,0,0,0.018269,1.197667,1.048353,1.12301,73.002557,2.226164,37.6143605
38,40,2438,18508,64,463,64,463,0,0,0.01082,0.284054,0.263974,0.274014,16.597588,16.109632,16.35361
16,18,1540,1644,96,91,96,91,0,0,0.018006,1.180267,1.097,1.1386335,71.366215,2.157446,36.7618305
2,2,146,178,73,89,73,89,0,0,0.001087,0.008,0.007,0.0075,0.0,0.0,0.0
4,4,520,304,130,76,130,76,0,0,0.001655,0.432667,0.195667,0.31416700000000003,0.606227,0.269647,0.437937
16,18,1540,1644,96,91,96,91,0,0,0.018279,1.198467,1.048588,1.1235275,72.968564,2.143479,37.5560215
16,18,1540,1644,96,91,96,91,0,0,0.0187,1.226,1.072412,1.149206,74.496068,2.181836,38.338952
30,42,2302,34406,77,819,77,819,0,0,0.039768,1.408429,0.958366,1.1833974999999999,77.940307,65.468324,71.7043155
16,18,1540,1644,96,91,96,91,0,0,0.018396,1.2058,1.054882,1.130341,72.961959,2.169356,37.56565749999999
38,40,2438,18508,64,463,64,463,0,0,0.010945,0.303743,0.267308,0.2855255,0.0,16.415677,8.2078385
28,42,2198,34406,79,819,79,819,0,0,0.055548,2.044741,1.343537,1.694139,115.784376,86.590564,101.18746999999999
2,2,132,164,66,82,66,82,0,0,0.001068,0.009,0.007,0.008,0.0,0.0,0.0
16,18,1540,1644,96,91,96,91,0,0,0.018354,1.202867,1.052177,1.127522,73.293163,2.262288,37.7777255
52,40,37358,3276,718,82,718,82,0,0,0.021261,0.426816,0.530923,0.4788695,23.284632,1.078022,12.181327
8,10,1052,824,132,82,132,82,0,0,0.003981,0.517143,0.380444,0.4487935,33.118676,0.683184,16.90093
4,4,568,304,142,76,142,76,0,0,0.004427,1.181333,0.997333,1.0893329999999999,1.66076,1.400543,1.5306515
16,18,1540,1644,96,91,96,91,0,0,0.019599,1.286067,1.085647,1.185857,75.942346,2.224467,39.0834065
18,18,3736,2456,208,136,208,136,0,0,0.004608,0.252706,0.240176,0.246441,12.528374,0.316707,6.422540499999999
16,18,1540,1644,96,91,96,91,0,0,0.018721,1.227067,1.072823,1.149945,74.868272,2.072854,38.470563000000006
78,80,4550,72810,58,910,58,910,0,0,0.033867,0.441579,0.426244,0.4339115,22.68906,22.372543,22.530801500000003
16,18,1540,1644,96,91,96,91,0,0,0.018062,1.1834,1.036059,1.1097295,71.769014,2.114544,36.941779
16,18,1540,1644,96,91,96,91,0,0,0.01836,1.204067,1.050177,1.127122,72.912161,2.086199,37.499179999999996
16,18,1540,1644,96,91,96,91,0,0,0.018345,1.203,1.050941,1.1269705,73.492296,2.027221,37.7597585
16,18,1540,1644,96,91,96,91,0,0,0.018083,1.183133,1.035529,1.109331,71.612286,2.017991,36.815138499999996
16,18,1540,1644,96,91,96,91,0,0,0.013654,0.887533,0.775941,0.831737,61.801154,1.438884,31.620019
8,10,1052,824,132,82,132,82,0,0,0.003886,0.505571,0.373444,0.4395075,32.44805,0.680598,16.564324000000003
62,58,5928,8010,96,138,96,138,0,0,0.012187,0.203117,0.212074,0.2075955,13.675498,0.0,6.837749
16,18,1540,1644,96,91,96,91,0,0,0.018728,1.227733,1.074471,1.1511019999999998,75.748486,2.03269,38.890588
16,18,1540,1644,96,91,96,91,0,0,0.018737,1.228667,1.142688,1.1856775,77.260227,2.0211,39.6406635
16,18,1540,1644,96,91,96,91,0,0,0.018087,1.1852,1.036882,1.1110410000000002,72.809433,1.985439,37.397436
8,10,1052,824,132,82,132,82,0,0,0.003981,0.517143,0.380444,0.4487935,33.118676,0.683184,16.90093
16,18,1540,1644,96,91,96,91,0,0,0.015175,0.990933,0.866118,0.9285255,66.753146,1.532316,34.142731
38,40,2438,18508,64,463,64,463,0,0,0.012762,0.336541,0.313359,0.32494999999999996,22.818946,21.759226,22.289086
28,42,2198,34406,79,819,79,819,0,0,0.034852,1.279148,0.838537,1.0588425,73.929784,59.229227,66.5795055
16,18,1540,1644,96,91,96,91,0,0,0.017966,1.1766,1.030471,1.1035355,71.338501,2.093324,36.715912499999995
16,18,1540,1644,96,91,96,91,0,0,0.017943,1.1758,1.028882,1.102341,71.44002,2.178726,36.809373
16,18,1540,1644,96,91,96,91,0,0,0.014054,0.915867,0.800059,0.857963,60.065756,1.414901,30.7403285
16,18,1540,1644,96,91,96,91,0,0,0.018079,1.1848,1.036765,1.1107825,72.634395,1.965471,37.299932999999996
2,2,130,162,65,81,65,81,0,0,0.001105,0.006,0.007,0.006500000000000001,0.0,0.0,0.0
2,2,130,162,65,81,65,81,0,0,0.00102,0.009,0.006,0.0075,0.0,0.0,0.0
16,18,1540,1644,96,91,96,91,0,0,0.019944,1.3088,1.145706,1.227253,81.683853,2.247139,41.965496
8,10,1052,824,132,82,132,82,0,0,0.003884,0.502571,0.380333,0.44145199999999996,32.808402,0.677363,16.7428825
4,4,260,324,65,81,65,81,0,0,41.977772,13992.212,13992.285,13992.2485,19787.972,19788.074,19788.023
16,18,1540,1644,96,91,96,91,0,0,0.017944,1.176267,1.029177,1.102722,72.475524,1.96918,37.222351999999994
16,18,1540,1644,96,91,96,91,0,0,0.017946,1.176,1.028647,1.1023235,71.4066,2.161317,36.7839585
16,18,1540,1644,96,91,96,91,0,0,0.017967,1.177733,1.029647,1.1036899999999998,71.58271,2.021033,36.801871500000004
16,18,1540,1644,96,91,96,91,0,0,0.018836,1.235,1.081588,1.1582940000000002,77.651224,2.011568,39.831396
40,42,2558,23162,64,551,64,551,0,0,0.012882,0.322179,0.301098,0.3116385,18.768376,17.649086,18.208731
2,2,146,178,73,89,73,89,0,0,0.001161,0.01,0.007,0.0085,0.0,0.0,0.0
12,18,1580,10168,132,565,132,565,0,0,1.041725,94.671274,61.24541,77.958342,9537.571761,7680.175887,8608.873824
16,18,1540,1644,96,91,96,91,0,0,0.019908,1.307,1.143941,1.2254705000000001,80.74213,2.293921,41.5180255
2,2,130,162,65,81,65,81,0,0,0.001153,0.01,0.007,0.0085,0.0,0.0,0.0
4,4,528,304,132,76,132,76,0,0,0.001737,0.43,0.3575,0.39375,0.603869,0.353499,0.478684
2,2,132,164,66,82,66,82,0,0,0.001044,0.009,0.002,0.0055,0.0,0.0,0.0
26,26,4552,2872,175,110,175,110,0,0,0.291959,11.66584,11.65616,11.661,749.4473,20.503197,384.9752485
78,80,4550,72810,58,910,58,910,0,0,0.033856,0.441553,0.420304,0.4309285,22.531799,22.236634,22.3842165
38,40,2438,18508,64,463,64,463,0,0,0.041973,1.1575,1.063949,1.1107245,0.0,68.538173,34.2690865
26,28,4152,2976,160,106,160,106,0,0,0.300095,11.99008,11.09637,11.543225,688.758088,17.671521,353.2148045
22,24,1920,4312,87,180,87,180,0,0,0.152297,7.236095,6.897682,7.066888499999999,470.425114,460.740254,465.582684
8,10,1052,824,132,82,132,82,0,0,0.00399,0.519143,0.379444,0.4492935,32.496619,0.692286,16.594452500000003
16,18,1540,1644,96,91,96,91,0,0,0.019939,1.309,1.146294,1.227647,84.775012,2.024516,43.399764000000005
16,18,1540,1644,96,91,96,91,0,0,0.018015,1.180667,1.032294,1.1064805,72.519935,1.973362,37.2466485
16,18,1540,1644,96,91,96,91,0,0,0.013338,0.8682,0.757941,0.8130705,59.819635,1.378589,30.599111999999998
4,4,568,312,142,78,142,78,0,0,0.004756,1.23,1.08,1.155,1.730999,1.518865,1.6249319999999998
64,66,3806,51808,59,785,59,785,0,0,0.024905,0.389889,0.373677,0.381783,21.247677,20.768176,21.0079265
2,2,130,162,65,81,65,81,0,0,0.001103,0.009,0.007,0.008,0.0,0.0,0.0
8,10,1052,824,132,82,132,82,0,0,0.003832,0.498714,0.367333,0.4330235,31.874499,0.659404,16.2669515
78,80,4550,72810,58,910,58,910,0,0,0.033989,0.435662,0.427603,0.4316325,22.695238,22.551587,22.6234125
16,18,1540,1644,96,91,96,91,0,0,0.019945,1.402857,1.145765,1.274311,86.047644,2.118128,44.082886
26,42,2094,34406,81,819,81,819,0,0,0.056814,2.25956,1.372781,1.8161705000000001,132.432011,95.100708,113.7663595
2,2,132,164,66,82,66,82,0,0,0.001043,0.01,0.007,0.0085,0.0,0.0,0.0
78,80,4550,72810,58,910,58,910,0,0,0.101915,1.319039,1.281911,1.300475,77.005753,75.790438,76.3980955
4,4,568,312,142,78,142,78,0,0,0.004805,1.254,1.046333,1.1501665,1.76494,1.469839,1.6173894999999998
106,114,9400,12298,89,108,89,108,0,0,0.744122,7.083981,6.698072,6.8910265,381.493741,372.326825,376.910283
16,18,1540,1644,96,91,96,91,0,0,0.013275,0.8644,0.753588,0.808994,59.900219,1.376442,30.6383305
12,18,1580,10168,132,565,132,565,0,0,1.005563,91.385543,59.118116,75.2518295,9530.718466,7674.707873,8602.7131695
78,80,4550,72810,58,910,58,910,0,0,0.035009,0.448701,0.44141,0.44505550000000005,23.038929,22.857981,22.948455
6,8,320,1862,53,233,53,233,0,0,0.046483,9.2292,6.564,7.8966,642.751812,15.658176,329.204994
2,2,132,164,66,82,66,82,0,0,0.001175,0.008,0.007,0.0075,0.0,0.0,0.0
8,10,1052,824,132,82,132,82,0,0,0.003917,0.510857,0.377667,0.444262,32.836924,0.679645,16.758284500000002
8,10,1052,824,132,82,132,82,0,0,0.003853,0.501571,0.370111,0.43584100000000003,32.187227,0.667391,16.427309
4,4,568,304,142,76,142,76,0,0,0.004642,1.25,1.041333,1.1456665,1.75999,1.462768,1.611379
12,18,1580,10168,132,565,132,565,0,0,1.005573,91.384817,59.122414,75.2536155,9530.225662,7674.516235,8602.3709485
4,4,520,304,130,76,130,76,0,0,0.001851,0.467,0.245,0.356,0.656195,0.338706,0.4974505
38,40,2438,18508,64,463,64,463,0,0,0.010778,0.290222,0.271053,0.2806375,16.936852,16.500675,16.7187635
28,30,4256,3080,152,103,152,103,0,0,0.370574,13.713297,12.759621,13.236459,712.577658,17.480963,365.0293105
122,126,7810,14540,64,115,64,115,0,0,0.030201,0.264274,0.237544,0.250909,16.026952,13.562632,14.794792000000001
16,18,1540,1644,96,91,96,91,0,0,0.013279,0.864533,0.754353,0.809443,59.974308,1.382251,30.6782795
8,10,1034,824,129,82,129,82,0,0,0.003871,0.503429,0.378111,0.44077,32.594506,0.67505,16.634778
12,14,1064,2364,89,169,89,169,0,0,0.032206,2.897636,2.432615,2.6651255000000003,280.711308,7.473191,144.09224949999998
122,126,7810,14540,64,115,64,115,0,0,0.750785,6.304572,6.00244,6.153506,406.257213,399.691929,402.97457099999997
2,2,130,162,65,81,65,81,0,0,0.001103,0.009,0.007,0.008,0.0,0.0,0.0
2,2,132,164,66,82,66,82,0,0,0.001093,0.009,0.006,0.0075,0.0,0.0,0.0
4,4,568,312,142,78,142,78,0,0,0.004741,1.232333,1.071333,1.1518329999999999,1.735713,1.505195,1.620454
16,18,1540,1644,96,91,96,91,0,0,0.018353,1.202533,1.049235,1.125884,72.81193,2.085093,37.4485115
2,2,132,164,66,82,66,82,0,0,0.001062,0.001,0.007,0.004,0.0,0.0,0.0
16,18,1540,1644,96,91,96,91,0,0,0.013449,0.875,0.764471,0.8197355,61.020134,1.407748,31.213941
2,2,146,178,73,89,73,89,0,0,0.001081,0.009,0.007,0.008,0.0,0.0,0.0
12,12,1064,2260,89,188,89,188,0,0,0.004223,0.353455,0.323182,0.3383185,17.715829,0.395356,9.0555925
38,40,2438,18508,64,463,64,463,0,0,0.01802,0.492361,0.461026,0.4766935,0.0,29.023514,14.511757
8,10,1052,824,132,82,132,82,0,0,0.003855,0.498,0.371222,0.43461099999999997,31.737166,0.682635,16.2099005
16,18,1540,1644,96,91,96,91,0,0,0.018279,1.198133,1.048529,1.1233309999999999,72.685401,2.1574,37.4214005
38,40,2438,18508,64,463,64,463,0,0,0.02294,0.628778,0.574949,0.6018635,40.95394,39.174144,40.064042
16,18,1540,1644,96,91,96,91,0,0,0.019155,1.2564,1.098471,1.1774355,77.056646,2.340248,39.698447
8,10,1052,824,132,82,132,82,0,0,0.003917,0.511143,0.378222,0.4446825,32.826928,0.683669,16.755298500000002
26,28,4552,2976,175,106,175,106,0,0,0.300793,12.0204,11.122963,11.5716815,744.9207,19.632613,382.2766565
16,18,1540,1644,96,91,96,91,0,0,0.018286,1.1974,1.048471,1.1229355,72.746245,2.243913,37.495079000000004
16,18,1540,1644,96,91,96,91,0,0,0.013959,0.911,0.746294,0.828647,60.833412,1.377442,31.105427000000002
4,4,528,304,132,76,132,76,0,0,0.001767,0.442667,0.243,0.3428335,0.621782,0.335878,0.47883
2,2,132,164,66,82,66,82,0,0,0.001013,0.008,0.008,0.008,0.0,0.0,0.0
16,18,1540,1644,96,91,96,91,0,0,0.019112,1.254067,1.097412,1.1757395000000002,77.441237,2.432937,39.937087
16,18,1540,1644,96,91,96,91,0,0,0.019305,1.264867,1.109059,1.186963,78.326078,2.198451,40.2622645
2,2,130,162,65,81,65,81,0,0,0.001103,0.009,0.007,0.008,0.0,0.0,0.0
16,18,1540,1644,96,91,96,91,0,0,0.018968,1.234667,1.082471,1.158569,75.065838,2.184274,38.625056
80,80,4654,72810,58,910,58,910,0,0,0.066903,0.853833,0.862013,0.857923,49.932377,1.31636,25.624368500000003
2,2,146,178,73,89,73,89,0,0,0.000968,0.001,0.005,0.003,0.0,0.0,0.0
16,18,1540,1644,96,91,96,91,0,0,0.017866,1.170733,1.024,1.0973665000000001,71.087063,2.00947,36.5482665
16,18,1540,1644,96,91,96,91,0,0,0.018825,1.234267,1.080353,1.1573099999999998,76.23159,2.131721,39.1816555
2,2,132,164,66,82,66,82,0,0,0.001036,0.009,0.007,0.008,0.0,0.0,0.0
30,42,2302,34406,77,819,77,819,0,0,0.038936,1.332069,0.938024,1.1350465,76.956044,68.720205,72.8381245
16,18,1540,1644,96,91,96,91,0,0,0.019833,1.3018,1.140471,1.2211355,81.210366,2.497723,41.85404449999999
16,18,1540,1644,96,91,96,91,0,0,0.013043,0.848467,0.740294,0.7943804999999999,59.093845,1.359863,30.226854
8,10,1052,824,132,82,132,82,0,0,0.004727,0.625571,0.472667,0.549119,34.502781,0.955039,17.72891
16,18,1540,1644,96,91,96,91,0,0,0.015004,0.979867,0.856353,0.91811,70.0016,1.430968,35.716284
16,18,1540,1644,96,91,96,91,0,0,0.017756,1.163,1.08125,1.122125,70.667083,2.222162,36.4446225
2,2,146,178,73,89,73,89,0,0,0.001101,0.009,0.002,0.0055,0.0,0.0,0.0
8,10,1052,824,132,82,132,82,0,0,0.003933,0.512714,0.375556,0.444135,32.83362,0.672583,16.753101500000003
78,80,4550,72810,58,910,58,910,0,0,0.033912,0.436403,0.421456,0.42892949999999996,22.577623,22.294729,22.436176
16,18,1540,1644,96,91,96,91,0,0,0.01916,1.256733,1.099765,1.178249,77.011802,2.252898,39.63235
16,18,1540,1644,96,91,96,91,0,0,0.019857,1.303067,1.211375,1.257221,81.52323,2.650771,42.0870005
14,8,8928,424,638,53,638,53,0,0,0.395785,30.444999,56.451,43.4479995,3443.697236,138.1635,1790.930368
30,42,2302,34406,77,819,77,819,0,0,0.053103,1.789172,1.316175,1.5526735,104.345961,79.380679,91.86332
2,2,132,164,66,82,66,82,0,0,0.00112,0.009,0.007,0.008,0.0,0.0,0.0
2,2,132,164,66,82,66,82,0,0,0.000996,0.009,0.002,0.0055,0.0,0.0,0.0
16,18,1540,1644,96,91,96,91,0,0,0.020929,1.3716,1.184294,1.277947,82.373902,2.430429,42.4021655
2,2,146,178,73,89,73,89,0,0,0.001036,0.008,0.002,0.005,0.0,0.0,0.0
2,2,146,178,73,89,73,89,0,0,0.00098,0.001,0.006,0.0035,0.0,0.0,0.0
16,18,1540,1644,96,91,96,91,0,0,0.020492,1.338,1.176412,1.257206,84.207126,2.249665,43.2283955
16,18,1540,1644,96,91,96,91,0,0,0.014432,0.941733,0.763118,0.8524255000000001,61.699959,1.407931,31.553945
28,42,2198,34406,79,819,79,819,0,0,0.034926,1.281889,0.839293,1.060591,74.77188,59.079033,66.9254565
16,18,1540,1644,96,91,96,91,0,0,0.020347,1.3334,1.165882,1.249641,81.808162,2.281587,42.0448745
16,18,1540,1644,96,91,96,91,0,0,0.020625,1.355067,1.174177,1.2646220000000001,82.55163,2.330558,42.441094
16,18,1540,1644,96,91,96,91,0,0,0.017802,1.1636,1.02,1.0918,70.754828,2.011766,36.383297
18,20,4136,2560,230,128,230,128,0,0,0.045644,2.666,2.37279,2.5193950000000003,304.403847,8.564914,156.4843805
16,18,1540,1644,96,91,96,91,0,0,0.018465,1.196333,1.058471,1.127402,73.47605,2.01072,37.743385
30,42,2302,34406,77,819,77,819,0,0,0.040848,1.397828,0.984512,1.19117,79.76443,66.920911,73.3426705
78,80,4550,72810,58,910,58,910,0,0,0.06271,0.809299,0.806779,0.808039,49.9609,47.897249,48.9290745
16,18,1540,1644,96,91,96,91,0,0,0.017871,1.1682,1.024765,1.0964825,71.007228,2.174833,36.5910305
16,18,1540,1644,96,91,96,91,0,0,0.013449,0.875,0.764471,0.8197355,61.020134,1.407748,31.213941
2,2,146,178,73,89,73,89,0,0,0.000988,0.009,0.005,0.006999999999999999,0.0,0.0,0.0
8,12,424,8824,53,735,53,735,0,0,0.344365,49.151001,31.26518,40.2080905,2903.173934,2306.759309,2604.9666214999997
28,30,4256,3080,152,103,152,103,0,0,0.370733,13.718926,12.765207,13.2420665,712.72001,17.479461,365.0997355
78,80,4550,72810,58,910,58,910,0,0,0.070045,0.917632,0.890064,0.903848,60.701684,58.608739,59.6552115
16,18,1540,1644,96,91,96,91,0,0,0.02008,1.318533,1.153294,1.2359135,81.496777,2.405469,41.951122999999995
40,42,2558,23162,64,551,64,551,0,0,0.050823,1.295077,1.226512,1.2607945,76.636481,74.778002,75.70724150000001
4,4,568,304,142,76,142,76,0,0,0.124198,36.332,36.281,36.3065,51.36848,51.29777,51.333124999999995
78,80,4550,72810,58,910,58,910,0,0,0.178974,2.350803,2.258481,2.3046420000000003,130.284042,128.050583,129.16731249999998
2,2,146,178,73,89,73,89,0,0,0.00108,0.008,0.007,0.0075,0.0,0.0,0.0
18,20,4136,2560,230,128,230,128,0,0,0.029621,1.724294,1.531105,1.6276994999999999,196.665176,5.48178,101.073478
40,42,2558,23162,64,551,64,551,0,0,0.014795,0.381342,0.366205,0.3737735,21.819616,20.837282,21.328449
52,54,2934,3740,56,69,56,69,0,0,0.846776,16.929281,15.966038,16.4476595,1605.594299,53.126289,829.3602940000001
8,10,1052,824,132,82,132,82,0,0,0.003876,0.503429,0.372,0.4377145,32.237994,0.659943,16.4489685
2,2,146,178,73,89,73,89,0,0,0.001049,0.009,0.007,0.008,0.0,0.0,0.0
14,18,1684,10168,120,565,120,565,0,0,1.009626,77.634079,59.360647,68.497363,8765.61529,7674.552678,8220.083984
40,42,2558,23162,64,551,64,551,0,0,0.012775,0.319615,0.29839,0.30900249999999996,18.073595,17.432438,17.7530165
8,12,424,8824,53,735,53,735,0,0,0.272074,38.816714,24.685364,31.751039,2386.089195,1896.931884,2141.5105395
52,42,37230,3380,716,80,716,80,0,0,0.024882,0.500918,0.594878,0.547898,28.706387,1.210488,14.9584375
12,12,1064,2260,89,188,89,188,0,0,0.004121,0.344636,0.316091,0.33036350000000003,17.320362,0.383903,8.8521325
16,18,1540,1644,96,91,96,91,0,0,0.017809,1.166667,1.020235,1.093451,71.53201,1.957959,36.7449845
16,18,1540,1644,96,91,96,91,0,0,0.020041,1.315733,1.150529,1.233131,81.962733,2.58466,42.2736965
358,746,19098,1087890,53,1458,53,1458,0,0,1.872721,5.244851,2.51309,3.8789705,389.658774,255.33808,322.498427
28,42,2198,34406,79,819,79,819,0,0,0.03523,1.341962,0.847366,1.094664,75.28849,60.73814,68.013315
26,26,4152,2872,160,110,160,110,0,0,0.303755,12.13704,12.12856,12.1328,847.565113,23.759309,435.662211
12,12,1064,2260,89,188,89,188,0,0,0.004023,0.334727,0.318364,0.3265455,17.065112,0.380052,8.722582
62,58,5928,8010,96,138,96,138,0,0,0.010722,0.188105,0.181818,0.1849615,11.748071,0.0,5.8740355
52,42,37358,3380,718,80,718,80,0,0,0.021341,0.428449,0.507732,0.46809049999999996,23.314387,0.892009,12.103198
2,2,146,178,73,89,73,89,0,0,0.001055,0.009,0.007,0.008,0.0,0.0,0.0
64,66,3806,51808,59,785,59,785,0,0,0.080966,1.280381,1.235815,1.258098,76.27933,74.813244,75.546287
4,4,568,312,142,78,142,78,0,0,0.005157,1.377,1.208,1.2925,1.938181,1.683643,1.810912
2,2,132,164,66,82,66,82,0,0,0.001082,0.009,0.007,0.008,0.0,0.0,0.0
16,18,1540,1644,96,91,96,91,0,0,0.020083,1.3188,1.102235,1.2105175,78.170413,2.164524,40.1674685
16,18,1540,1644,96,91,96,91,0,0,0.014373,0.9358,0.817176,0.8764879999999999,65.660754,1.518894,33.589824
30,42,2302,34406,77,819,77,819,0,0,0.034584,1.181793,0.831878,1.0068355,66.93491,58.604128,62.769519
4,4,528,304,132,76,132,76,0,0,0.00171,0.451,0.201333,0.3261665,0.630739,0.280487,0.45561300000000005
38,40,2438,18508,64,463,64,463,0,0,0.042807,1.179667,1.083128,1.1313975,73.390298,70.836087,72.1131925
2,2,132,164,66,82,66,82,0,0,0.00102,0.008,0.006,0.007,0.0,0.0,0.0
2,2,146,178,73,89,73,89,0,0,0.001086,0.009,0.007,0.008,0.0,0.0,0.0
16,18,1540,1644,96,91,96,91,0,0,0.017767,1.1632,1.018118,1.090659,70.576452,2.083066,36.329759
8,10,1052,824,132,82,132,82,0,0,0.00391,0.508286,0.377111,0.4426985,32.823294,0.680349,16.7518215
40,42,2558,23162,64,551,64,551,0,0,0.053631,1.365179,1.32645,1.3458145,81.33269,79.464976,80.398833
16,18,1540,1644,96,91,96,91,0,0,0.017992,1.178067,1.031529,1.104798,72.365024,1.962784,37.163904
122,126,7816,15132,64,120,64,120,0,0,0.032103,0.278649,0.252456,0.26555249999999997,16.94862,14.331036,15.639827999999998
64,66,3806,51808,59,785,59,785,0,0,0.026928,0.422492,0.406492,0.41449199999999997,25.78666,25.051969,25.4193145
16,18,1540,1644,96,91,96,91,0,0,0.017935,1.175533,1.026823,1.101178,71.543377,2.182504,36.8629405
30,42,2302,34406,77,819,77,819,0,0,0.039967,1.367448,0.962024,1.164736,79.178234,68.433577,73.8059055
38,40,2438,18508,64,463,64,463,0,0,0.010869,0.285324,0.271105,0.27821450000000003,0.0,16.371121,8.1855605
1,0,46,0,46,0,46,0,0,0,0.0,60000.668,0.0,30000.334,0.0,0.0,0.0
38,40,2438,18508,64,463,64,463,0,0,0.037956,1.017595,0.959385,0.9884900000000001,63.995419,61.297515,62.646467
1,0,46,0,46,0,46,0,0,0,0.0,60000.664,0.0,30000.332,0.0,0.0,0.0
16,18,1540,1644,96,91,96,91,0,0,0.020078,1.316267,1.154177,1.235222,81.583588,2.491498,42.037543
62,58,5928,8010,96,138,96,138,0,0,0.027853,0.456607,0.483714,0.4701605,71.714426,0.0,35.857213
16,18,1540,1644,96,91,96,91,0,0,0.019813,1.299533,1.209812,1.2546725,82.728456,2.215063,42.4717595
2,2,146,178,73,89,73,89,0,0,0.001075,0.008,0.006,0.007,0.0,0.0,0.0
28,42,2198,34406,79,819,79,819,0,0,0.041081,1.506815,0.990366,1.2485905,82.471267,64.518673,73.49497
78,80,4550,72810,58,910,58,910,0,0,0.07299,0.956197,0.916532,0.9363645,57.643793,55.480445,56.562119
16,18,1540,1644,96,91,96,91,0,0,0.019371,1.2702,1.113412,1.1918060000000001,74.729403,2.229505,38.479454000000004
64,66,3806,51808,59,785,59,785,0,0,0.026966,0.4442,0.404846,0.424523,22.75863,22.167136,22.462882999999998
40,42,2558,23162,64,551,64,551,0,0,0.013859,0.356526,0.311415,0.3339705,19.152357,18.109823,18.63109
64,66,3806,51808,59,785,59,785,0,0,0.034814,0.547143,0.526246,0.5366945000000001,32.837148,31.722396,32.279772
40,42,2558,23162,64,551,64,551,0,0,0.048923,1.246359,1.179244,1.2128014999999999,77.738737,74.638837,76.18878699999999
14,6,8928,320,638,53,638,53,0,0,0.00403,0.31,0.691,0.5005,16.626523,1.101323,8.863923
4,4,568,304,142,76,142,76,0,0,0.007176,1.214333,1.900333,1.557333,1.708843,2.681822,2.1953325
52,54,2934,3740,56,69,56,69,0,0,1.800545,35.298646,33.962773,34.630709499999995,3151.956067,100.964977,1626.460522
8,10,1052,824,132,82,132,82,0,0,0.004378,0.574857,0.432556,0.5037065,38.356816,0.690715,19.5237655
10,12,528,8824,53,735,53,735,0,0,0.004108,0.415556,0.327091,0.37132350000000003,24.443074,20.698248,22.570661
30,42,2302,34406,77,819,77,819,0,0,0.037302,1.275828,0.897585,1.0867065,72.580665,61.09968,66.8401725
52,54,2934,3742,56,69,56,69,0,0,0.021376,0.413235,0.392792,0.4030135,28.803119,0.684079,14.743599
40,42,2558,23162,64,551,64,551,0,0,0.017552,0.453026,0.415659,0.43434249999999996,0.0,24.679253,12.3396265
14,18,1684,10168,120,565,120,565,0,0,1.015178,78.064615,59.685176,68.87489550000001,8766.592332,7675.120317,8220.8563245
6,8,320,1826,53,228,53,228,0,0,0.002878,0.5136,0.335571,0.42458549999999995,28.349131,0.540054,14.4445925
2,2,132,164,66,82,66,82,0,0,0.001014,0.009,0.003,0.006,0.0,0.0,0.0
40,44,2558,23266,64,529,64,529,0,0,0.022895,0.593632,0.521047,0.5573395000000001,35.135115,32.062897,33.599006
16,18,1540,1644,96,91,96,91,0,0,0.018059,1.1826,1.099125,1.1408625,71.557884,2.252413,36.9051485
14,18,1684,10168,120,565,120,565,0,0,1.140904,87.735692,67.081235,77.40846350000001,8833.76582,7735.343724,8284.554772
52,40,37230,3276,716,82,716,82,0,0,0.026326,0.508902,0.662974,0.585938,29.446343,1.496575,15.471459
2,2,146,178,73,89,73,89,0,0,0.001081,0.009,0.007,0.008,0.0,0.0,0.0
64,66,3806,51808,59,785,59,785,0,0,0.047996,0.769065,0.728785,0.7489250000000001,53.012888,51.060144,52.036516
4,4,520,304,130,76,130,76,0,0,0.001739,0.448333,0.218,0.3331665,0.629089,0.300523,0.464806
30,42,2302,34406,77,819,77,819,0,0,0.065513,2.248035,1.56439,1.9062124999999999,148.347896,94.247393,121.29764449999999
16,18,1540,1644,96,91,96,91,0,0,0.017938,1.1758,1.027588,1.101694,72.1992,1.97441,37.086805000000005
16,18,1540,1644,96,91,96,91,0,0,0.013224,0.8604,0.751412,0.805906,60.086685,1.361679,30.724182000000003
16,18,1540,1644,96,91,96,91,0,0,0.019796,1.296667,1.138118,1.2173924999999999,77.229384,2.096319,39.662851499999995
2,2,146,178,73,89,73,89,0,0,0.001072,0.019,0.003,0.011,0.0,0.0,0.0
16,18,1540,1644,96,91,96,91,0,0,0.021935,1.441933,1.262177,1.352055,86.003951,2.628313,44.316132
16,18,1540,1644,96,91,96,91,0,0,0.019371,1.2706,1.112588,1.1915939999999998,75.936485,2.108485,39.022485
2,2,146,178,73,89,73,89,0,0,0.001075,0.008,0.007,0.0075,0.0,0.0,0.0
16,18,1540,1644,96,91,96,91,0,0,0.019314,1.266867,1.178187,1.222527,74.699578,2.364807,38.5321925
16,18,1540,1644,96,91,96,91,0,0,0.023462,1.543267,1.318647,1.4309569999999998,89.950044,2.420959,46.1855015
2,2,146,178,73,89,73,89,0,0,0.001191,0.009,0.007,0.008,0.0,0.0,0.0
16,18,1540,1644,96,91,96,91,0,0,0.017896,1.172133,1.026588,1.0993605,70.903367,2.101099,36.502233000000004
38,40,2438,18508,64,463,64,463,0,0,0.041924,1.124054,1.088579,1.1063165000000001,69.567851,69.141532,69.3546915
2,2,146,178,73,89,73,89,0,0,0.001043,0.009,0.002,0.0055,0.0,0.0,0.0
18,18,3736,2456,208,136,208,136,0,0,0.004632,0.254235,0.245588,0.2499115,12.66435,0.32859,6.49647
40,42,2558,23162,64,551,64,551,0,0,0.012855,0.348278,0.30775,0.32801400000000003,0.0,17.819418,8.909709
16,18,1540,1644,96,91,96,91,0,0,0.018041,1.1818,1.033412,1.107606,71.728415,2.115273,36.921844
16,18,1540,1644,96,91,96,91,0,0,0.021928,1.440467,1.262941,1.351704,85.393883,2.473777,43.93383
2,2,146,178,73,89,73,89,0,0,0.001061,0.009,0.007,0.008,0.0,0.0,0.0
12,18,1580,10168,132,565,132,565,0,0,1.00555,91.381273,59.117413,75.249343,9530.140074,7673.89435,8602.017212
12,18,1580,10168,132,565,132,565,0,0,1.106833,100.586452,65.077356,82.831904,9822.191177,7919.116504,8870.6538405
8,10,1052,824,132,82,132,82,0,0,0.004431,0.58,0.438,0.509,38.854015,0.682988,19.7685015
40,42,2558,23162,64,551,64,551,0,0,0.044931,1.143077,1.137538,1.1403075,0.0,170.777597,85.3887985
16,18,1540,1644,96,91,96,91,0,0,0.013495,0.877933,0.767,0.8224665,60.958394,1.407339,31.1828665
38,40,2438,18508,64,463,64,463,0,0,0.015017,0.408444,0.370949,0.3896965,35.7538,33.316062,34.534931
16,18,1540,1644,96,91,96,91,0,0,0.01936,1.270067,1.110765,1.190416,75.397298,2.162616,38.779957
16,18,1540,1644,96,91,96,91,0,0,0.022284,1.464333,1.283706,1.3740195000000002,90.687829,2.374121,46.530975
78,80,4550,72810,58,910,58,910,0,0,0.083054,1.088697,1.044734,1.0667155,66.898149,65.326739,66.11244400000001
2,2,130,162,65,81,65,81,0,0,0.001133,0.009,0.006,0.0075,0.0,0.0,0.0
8,10,1052,824,132,82,132,82,0,0,0.004213,0.553429,0.403111,0.47827,35.618566,0.756609,18.1875875
38,40,2438,18508,64,463,64,463,0,0,0.041929,1.12046,1.061282,1.090871,0.0,67.637627,33.8188135
12,18,1580,10168,132,565,132,565,0,0,1.005831,91.310179,59.135296,75.2227375,9524.581998,7675.524764,8600.053381
30,42,2302,34406,77,819,77,819,0,0,0.039506,1.350966,0.952073,1.1515195,75.390109,63.563031,69.47657
2,2,146,178,73,89,73,89,0,0,0.001061,0.008,0.002,0.005,0.0,0.0,0.0
28,42,2198,34406,79,819,79,819,0,0,0.034762,1.276259,0.836561,1.05641,72.2806,59.265139,65.7728695
2,2,146,178,73,89,73,89,0,0,0.001044,0.009,0.002,0.0055,0.0,0.0,0.0
16,18,1540,1644,96,91,96,91,0,0,0.01896,1.237533,1.088294,1.1629135000000002,75.721883,2.154657,38.93827
16,18,1540,1644,96,91,96,91,0,0,0.017833,1.1686,1.021588,1.095094,70.870279,2.179832,36.5250555
16,18,1540,1644,96,91,96,91,0,0,0.014554,0.949867,0.829059,0.889463,65.459756,1.48518,33.472468
12,12,1064,2260,89,188,89,188,0,0,0.0046,0.386455,0.365545,0.376,19.821484,0.492402,10.156943
16,18,1540,1644,96,91,96,91,0,0,0.013095,0.852533,0.743176,0.7978544999999999,59.209282,1.369867,30.2895745
12,12,1064,2260,89,188,89,188,0,0,0.003909,0.325091,0.307909,0.3165,16.525349,0.369962,8.4476555
78,80,4550,72810,58,910,58,910,0,0,0.086675,1.150987,1.10341,1.1271985,69.789654,66.865101,68.3273775
8,10,1052,824,132,82,132,82,0,0,0.004016,0.505714,0.387333,0.44652349999999996,32.303084,0.680965,16.4920245
16,18,1540,1644,96,91,96,91,0,0,0.018052,1.1816,1.034706,1.108153,71.976053,2.047013,37.011533
2,2,132,164,66,82,66,82,0,0,0.001015,0.006,0.008,0.007,0.0,0.0,0.0
2,2,132,164,66,82,66,82,0,0,0.001066,0.008,0.007,0.0075,0.0,0.0,0.0
12,12,1064,2260,89,188,89,188,0,0,0.004024,0.335,0.316455,0.3257275,16.954475,0.383697,8.669086
16,18,1540,1644,96,91,96,91,0,0,0.018033,1.181333,1.034,1.1076665,72.68479,1.995477,37.3401335
30,42,2302,34406,77,819,77,819,0,0,0.064858,2.304821,1.609525,1.957173,126.020769,94.972614,110.4966915
16,18,1540,1644,96,91,96,91,0,0,0.018826,1.234067,1.080471,1.1572689999999999,75.129357,2.225159,38.677258
16,18,1540,1644,96,91,96,91,0,0,0.021873,1.438333,1.259941,1.349137,86.771256,2.545632,44.658443999999996
2,2,132,164,66,82,66,82,0,0,0.001034,0.008,0.007,0.0075,0.0,0.0,0.0
8,10,1052,824,132,82,132,82,0,0,0.003908,0.503286,0.377,0.440143,32.291724,0.683525,16.487624500000003
64,66,3806,51808,59,785,59,785,0,0,0.024927,0.396952,0.373985,0.3854685,21.052101,20.491993,20.772047
16,18,1540,1644,96,91,96,91,0,0,0.016151,1.0498,0.914824,0.9823120000000001,70.055767,1.648947,35.852357000000005
64,66,3806,51808,59,785,59,785,0,0,0.02993,0.470175,0.451492,0.4608335,26.272841,25.329866,25.801353499999998
52,42,37358,3380,718,80,718,80,0,0,0.021263,0.426633,0.505902,0.46626749999999995,23.206887,0.8934,12.050143499999999
64,66,3806,51808,59,785,59,785,0,0,0.032106,0.504095,0.492172,0.4981335,27.94065,27.359883,27.6502665
66,66,3910,51808,59,785,59,785,0,0,0.067099,1.026469,1.024,1.0252345,73.087573,2.051136,37.5693545
16,18,1540,1644,96,91,96,91,0,0,0.018033,1.181333,1.034,1.1076665,72.68479,1.995477,37.3401335
16,18,1540,1644,96,91,96,91,0,0,0.017935,1.174733,1.092188,1.1334605,71.301191,2.070706,36.6859485
16,18,1540,1644,96,91,96,91,0,0,0.018123,1.187933,1.039118,1.1135255,72.19995,2.192874,37.196412
40,42,2558,23162,64,551,64,551,0,0,0.019653,0.509,0.465415,0.4872075,0.0,27.685819,13.8429095
16,18,1540,1644,96,91,96,91,0,0,0.018214,1.1932,1.043882,1.118541,73.491532,1.991922,37.741727000000004
2,2,132,164,66,82,66,82,0,0,0.001062,0.008,0.007,0.0075,0.0,0.0,0.0
16,18,1540,1644,96,91,96,91,0,0,0.018124,1.187933,1.039471,1.113702,72.26245,2.19997,37.23121
110,116,9608,12402,87,107,87,107,0,0,0.029582,0.281279,0.261009,0.271144,18.814431,0.0,9.4072155
16,18,1540,1644,96,91,96,91,0,0,0.018454,1.209467,1.021706,1.1155865,71.486911,2.010781,36.748846
78,80,4550,72810,58,910,58,910,0,0,0.034911,0.449312,0.439667,0.4444895,23.258682,22.88361,23.071146
40,42,2558,23162,64,551,64,551,0,0,0.050325,1.281949,1.214317,1.2481330000000002,0.0,73.770079,36.8850395
38,40,2438,18508,64,463,64,463,0,0,0.04053,1.086324,1.02682,1.056572,70.095838,67.629257,68.8625475
18,18,4136,2456,230,136,230,136,0,0,0.004663,0.254765,0.245294,0.2500295,12.733046,0.325287,6.5291665
4,4,568,312,142,78,142,78,0,0,0.004612,1.206667,1.045333,1.126,1.698707,1.471254,1.5849805
2,2,132,164,66,82,66,82,0,0,0.001052,0.009,0.002,0.0055,0.0,0.0,0.0
12,12,1064,2260,89,188,89,188,0,0,0.00404,0.335364,0.320091,0.3277275,17.180081,0.383314,8.7816975
16,18,1540,1644,96,91,96,91,0,0,0.01786,1.170067,1.023765,1.096916,71.091228,2.017154,36.554191
2,2,132,164,66,82,66,82,0,0,0.001082,0.008,0.006,0.007,0.0,0.0,0.0
8,10,1052,824,132,82,132,82,0,0,0.004033,0.528143,0.388889,0.45851600000000003,34.061791,0.705575,17.383683
52,40,37358,3276,718,82,718,82,0,0,0.035715,0.721612,0.902385,0.8119985000000001,49.426226,1.656051,25.5411385
4,4,528,304,132,76,132,76,0,0,0.001699,0.443667,0.209333,0.3265,0.622489,0.287558,0.45502349999999997
16,18,1540,1644,96,91,96,91,0,0,0.013127,0.8542,0.745941,0.8000704999999999,59.433437,1.36736,30.400398499999998
16,18,1540,1644,96,91,96,91,0,0,0.015576,1.016333,0.890235,0.953284,63.909084,1.691528,32.800306
38,40,2438,18508,64,463,64,463,0,0,0.118872,3.204541,3.113263,3.158902,197.530288,196.40367,196.966979
16,18,1540,1644,96,91,96,91,0,0,0.017867,1.1688,1.024412,1.096606,70.646963,2.090299,36.368631
78,80,4550,72810,58,910,58,910,0,0,0.03463,0.451658,0.430114,0.440886,22.88768,22.005959,22.4468195
16,18,1540,1644,96,91,96,91,0,0,0.02345,1.502267,1.352765,1.427516,94.727583,2.501356,48.6144695
342,746,18266,1087890,53,1458,53,1458,0,0,2.740648,8.036164,3.677662,5.856913,447.250536,279.255164,363.25284999999997
16,18,1540,1644,96,91,96,91,0,0,0.018163,1.190333,1.107125,1.148729,72.185419,2.161879,37.173649
12,12,1064,2260,89,188,89,188,0,0,0.004149,0.346545,0.318909,0.332727,17.489589,0.38294,8.9362645
52,54,2934,3740,56,69,56,69,0,0,1.624917,31.834059,30.64832,31.241189499999997,2716.63359,73.81975,1395.22667
30,42,2302,34406,77,819,77,819,0,0,0.034842,1.190828,0.838415,1.0146215,67.661983,59.121107,63.39154500000001
2,2,132,164,66,82,66,82,0,0,0.001082,0.008,0.006,0.007,0.0,0.0,0.0
38,40,2438,18508,64,463,64,463,0,0,0.011194,0.302306,0.281,0.29165300000000005,17.516053,17.278132,17.3970925
14,6,8928,320,638,53,638,53,0,0,0.504233,38.787153,100.708602,69.7478775,3252.382693,133.675219,1693.028956
16,18,1540,1644,96,91,96,91,0,0,0.017992,1.1778,1.031941,1.1048705,71.876395,1.95677,36.916582500000004
2,2,132,164,66,82,66,82,0,0,0.001025,0.008,0.007,0.0075,0.0,0.0,0.0
2,2,130,162,65,81,65,81,0,0,0.001065,0.009,0.007,0.008,0.0,0.0,0.0
16,18,1540,1644,96,91,96,91,0,0,0.021494,1.412067,1.237471,1.3247689999999999,86.648749,2.606865,44.627807
62,58,5928,8010,96,138,96,138,0,0,0.010362,0.1727,0.178037,0.17536849999999998,0.0,0.0,0.0
16,18,1540,1644,96,91,96,91,0,0,0.018164,1.190533,1.107,1.1487665,73.362073,2.025447,37.69376
14,18,1684,10168,120,565,120,565,0,0,1.005734,77.336921,59.129235,68.233078,8765.946263,7675.259279,8220.602771
16,18,1540,1644,96,91,96,91,0,0,0.022507,1.4774,1.297353,1.3873765,87.386514,2.534378,44.960446000000005
16,18,1540,1644,96,91,96,91,0,0,0.018416,1.2072,1.056941,1.1320705,73.940406,2.301838,38.121122
28,42,2198,34406,79,819,79,819,0,0,0.033918,1.244741,0.815244,1.0299925,71.515304,58.412224,64.963764
12,18,1580,10168,132,565,132,565,0,0,1.094764,99.492183,64.366827,81.929505,9572.468548,7707.7982,8640.133374000001
8,10,1052,824,132,82,132,82,0,0,0.033316,4.703286,3.642333,4.1728095,272.423033,6.669197,139.546115
52,42,37230,3380,716,80,716,80,0,0,0.020538,0.40414,0.488683,0.44641149999999996,21.904392,0.91043,11.407411000000002
12,12,1064,2260,89,188,89,188,0,0,0.004039,0.336,0.308818,0.322409,16.959476,0.371758,8.665617
4,4,568,312,142,78,142,78,0,0,0.004341,1.109,0.965333,1.0371665,1.55988,1.362359,1.4611195000000001
14,18,1684,10168,120,565,120,565,0,0,1.148764,88.340387,67.545412,77.94289950000001,8850.431624,7752.060467,8301.2460455
2,2,146,178,73,89,73,89,0,0,0.001052,0.009,0.006,0.0075,0.0,0.0,0.0
8,10,1052,824,132,82,132,82,0,0,0.003873,0.504857,0.375333,0.440095,32.408294,0.673668,16.540981
22,24,1920,4312,87,180,87,180,0,0,0.184342,8.762191,7.988609,8.375399999999999,513.118658,489.322,501.220329
16,18,1540,1644,96,91,96,91,0,0,0.013407,0.858667,0.762176,0.8104214999999999,59.764612,1.376258,30.570435
12,18,1580,10168,132,565,132,565,0,0,1.00578,91.402638,59.136415,75.2695265,9530.317066,7674.632667,8602.4748665
8,10,1052,824,132,82,132,82,0,0,0.033298,4.705714,3.638556,4.172135,298.587614,7.913471,153.2505425
8,10,1052,824,132,82,132,82,0,0,0.003943,0.506286,0.380889,0.4435875,32.63927,0.664557,16.651913500000003
8,10,1052,824,132,82,132,82,0,0,0.003893,0.507429,0.375444,0.4414365,32.604885,0.686879,16.645882
38,40,2438,18508,64,463,64,463,0,0,0.014856,0.393,0.377658,0.38532900000000003,23.683629,23.062435,23.373032000000002
16,18,1540,1644,96,91,96,91,0,0,0.017815,1.167533,1.020824,1.0941785,70.795897,2.176825,36.486360999999995
30,42,2302,34406,77,819,77,819,0,0,0.035276,1.246893,0.848976,1.0479345,69.054533,59.30316,64.1788465
2,2,146,178,73,89,73,89,0,0,0.001178,0.009,0.006,0.0075,0.0,0.0,0.0
12,12,1064,2260,89,188,89,188,0,0,0.004531,0.381091,0.308182,0.3446365,19.35922,0.381256,9.870238
16,18,1540,1644,96,91,96,91,0,0,0.018149,1.19,1.040471,1.1152354999999998,72.684177,2.040317,37.362247
28,42,2198,34406,79,819,79,819,0,0,0.035229,1.341077,0.847122,1.0940995,75.503442,61.489683,68.49656250000001
2,2,146,178,73,89,73,89,0,0,0.00106,0.009,0.009,0.009,0.0,0.0,0.0
78,80,4550,72810,58,910,58,910,0,0,0.136967,1.82212,1.726089,1.7741045,98.721786,95.877361,97.2995735
16,18,1540,1644,96,91,96,91,0,0,0.018452,1.209,1.058823,1.1339115,73.783797,2.208756,37.9962765
2,2,132,164,66,82,66,82,0,0,0.001129,0.009,0.005,0.006999999999999999,0.0,0.0,0.0
22,24,1920,4312,87,180,87,180,0,0,0.053347,2.523762,2.291783,2.4077725,243.28947,229.640203,236.4648365
78,80,4550,72810,58,910,58,910,0,0,0.054,0.697013,0.684987,0.6910000000000001,39.224319,38.8088,39.0165595
8,10,1052,824,132,82,132,82,0,0,0.0039,0.507714,0.378333,0.4430235,32.547123,0.680387,16.613755
64,66,3806,51808,59,785,59,785,0,0,0.176657,2.84371,2.7078,2.775755,157.558259,151.510836,154.5345475
2,2,146,178,73,89,73,89,0,0,0.001096,0.009,0.007,0.008,0.0,0.0,0.0
2,2,146,178,73,89,73,89,0,0,0.001115,0.009,0.007,0.008,0.0,0.0,0.0
16,18,1540,1644,96,91,96,91,0,0,0.018164,1.190733,1.041823,1.1162779999999999,72.037851,2.11408,37.0759655
8,10,1058,822,132,82,132,82,0,0,0.004054,0.530143,0.39,0.4600715,34.294226,0.719274,17.50675
2,2,132,164,66,82,66,82,0,0,0.001073,0.009,0.007,0.008,0.0,0.0,0.0
18,18,4136,2456,230,136,230,136,0,0,0.004998,0.274765,0.266294,0.2705295,13.565227,0.34767,6.9564485000000005
16,18,1540,1644,96,91,96,91,0,0,0.018179,1.191,1.042823,1.1169115,72.738863,2.048116,37.393489499999994
122,126,7810,14540,64,115,64,115,0,0,0.031726,0.263773,0.251556,0.25766449999999996,16.360944,14.205026,15.282985
22,24,1920,4312,87,180,87,180,0,0,0.005794,0.259571,0.225696,0.2426335,16.117046,13.008728,14.562887
2,2,146,178,73,89,73,89,0,0,0.001106,0.006,0.007,0.006500000000000001,0.0,0.0,0.0
16,18,1540,1644,96,91,96,91,0,0,0.013422,0.8742,0.763353,0.8187765,61.183602,1.394308,31.288955
10,12,528,8824,53,735,53,735,0,0,0.04897,5.407,4.386909,4.8969545,501.243914,438.392221,469.8180675
16,18,1540,1644,96,91,96,91,0,0,0.013068,0.850133,0.741294,0.7957135,59.058021,1.359525,30.208772999999997
16,18,1540,1644,96,91,96,91,0,0,0.017865,1.170533,1.024529,1.097531,71.844394,1.964005,36.9041995
4,4,520,304,130,76,130,76,0,0,0.036053,6.995333,7.646667,7.321,9.888652,10.80907,10.348861
2,2,146,178,73,89,73,89,0,0,0.001054,0.009,0.006,0.0075,0.0,0.0,0.0
2,2,132,164,66,82,66,82,0,0,0.001022,0.001,0.007,0.004,0.0,0.0,0.0
12,18,1580,10168,132,565,132,565,0,0,1.115644,101.385912,65.597233,83.4915725,9591.970309,7722.411967,8657.191138
14,18,1684,10168,120,565,120,565,0,0,1.006912,77.428613,59.197647,68.31313,8766.189252,7674.431936,8220.310594
16,18,1540,1644,96,91,96,91,0,0,0.019149,1.256133,1.169,1.2125664999999999,78.486413,2.077752,40.2820825
2,2,146,178,73,89,73,89,0,0,0.001064,0.009,0.01,0.0095,0.0,0.0,0.0
16,18,1540,1644,96,91,96,91,0,0,0.018276,1.197333,1.047588,1.1224604999999999,73.518658,2.030623,37.774640500000004
4,4,520,304,130,76,130,76,0,0,0.001693,0.442667,0.191667,0.317167,0.618954,0.264702,0.441828
2,2,132,164,66,82,66,82,0,0,0.000993,0.009,0.004,0.0065,0.0,0.0,0.0
16,18,1540,1644,96,91,96,91,0,0,0.018668,1.223467,1.070941,1.147204,75.719233,2.055079,38.887156000000004
64,66,3806,51808,59,785,59,785,0,0,0.025947,0.406762,0.389215,0.39798849999999997,21.582994,21.248708,21.415851
16,18,1540,1644,96,91,96,91,0,0,0.018237,1.194867,1.045647,1.120257,72.77737,2.222845,37.500107500000006
52,42,37358,3380,718,80,718,80,0,0,0.028561,0.56452,0.684927,0.6247235,33.572191,1.389345,17.480767999999998
8,10,1052,824,132,82,132,82,0,0,0.003965,0.517143,0.382333,0.44973799999999997,32.888966,0.699812,16.794389000000002
2,2,146,178,73,89,73,89,0,0,0.001165,0.008,0.007,0.0075,0.0,0.0,0.0
16,18,1540,1644,96,91,96,91,0,0,0.017666,1.157133,1.0755,1.1163165,70.295358,2.019794,36.157576
4,4,528,304,132,76,132,76,0,0,0.00158,0.404,0.200333,0.3021665,0.566392,0.278366,0.422379
14,18,1684,10168,120,565,120,565,0,0,1.157878,89.041002,68.083588,78.562295,8833.808271,7734.868886,8284.3385785
16,18,1540,1644,96,91,96,91,0,0,0.017256,1.130133,0.977647,1.05389,67.321385,1.897002,34.6091935
28,42,2198,34406,79,819,79,819,0,0,0.035394,1.298593,0.851683,1.075138,74.334124,60.18835,67.261237
8,10,1052,824,132,82,132,82,0,0,0.033316,4.703286,3.642333,4.1728095,272.423033,6.669197,139.546115
16,18,1540,1644,96,91,96,91,0,0,0.019109,1.2536,1.096412,1.175006,77.265363,2.086275,39.675819
16,18,1540,1644,96,91,96,91,0,0,0.017245,1.129333,0.986941,1.0581369999999999,67.828659,2.009397,34.919028
2,2,132,164,66,82,66,82,0,0,0.001051,0.009,0.007,0.008,0.0,0.0,0.0
16,18,1540,1644,96,91,96,91,0,0,0.269252,17.927333,15.808353,16.867843,1379.77275,26.974273,703.3735115000001
2,2,146,178,73,89,73,89,0,0,0.001132,0.009,0.007,0.008,0.0,0.0,0.0
8,10,1052,824,132,82,132,82,0,0,0.003924,0.511286,0.376667,0.4439765,32.259851,0.680273,16.470062
16,18,1540,1644,96,91,96,91,0,0,0.316823,21.100399,18.607354,19.8538765,1220.267356,36.299164,628.28326
6,8,320,1862,53,233,53,233,0,0,0.046315,9.2014,6.547857,7.8746285,641.804773,15.733175,328.76897399999996
16,18,1540,1644,96,91,96,91,0,0,0.013512,0.8798,0.757118,0.818459,59.992624,1.391984,30.692304
16,18,1540,1644,96,91,96,91,0,0,0.013278,0.864333,0.754353,0.809343,60.271874,1.395064,30.833468999999997
2,2,146,178,73,89,73,89,0,0,0.001101,0.009,0.007,0.008,0.0,0.0,0.0
16,18,1540,1644,96,91,96,91,0,0,0.310413,20.672067,18.226176,19.449121499999997,1284.24331,35.977582,660.110446
2,2,132,164,66,82,66,82,0,0,0.001056,0.009,0.007,0.008,0.0,0.0,0.0
64,66,3806,51808,59,785,59,785,0,0,0.025936,0.406603,0.39525,0.40092649999999996,22.4855,22.078834,22.282167
30,42,2302,34406,77,819,77,819,0,0,0.432763,14.912483,10.542415,12.727449,1095.95155,898.994826,997.4731879999999
16,18,1540,1644,96,91,96,91,0,0,0.018671,1.216,1.071177,1.1435885,73.311569,2.094372,37.702970500000006
12,12,1064,2260,89,188,89,188,0,0,0.004137,0.345,0.319636,0.332318,17.427864,0.384252,8.906058
16,18,1540,1644,96,91,96,91,0,0,0.018255,1.1964,1.047235,1.1218175,72.843695,2.244564,37.5441295
108,116,9504,12402,88,107,88,107,0,0,0.647975,6.052888,5.629357,5.8411225,324.962232,314.283584,319.622908
12,12,1064,2260,89,188,89,188,0,0,0.004108,0.342545,0.315182,0.3288635,17.292143,0.379007,8.835575
4,4,568,304,142,76,142,76,0,0,0.00446,1.204333,1.001,1.1026665,1.693286,1.407142,1.550214
16,18,1540,1644,96,91,96,91,0,0,0.018032,1.181,1.097625,1.1393125,71.586881,2.168901,36.877891000000005
2,2,132,164,66,82,66,82,0,0,0.000983,0.002,0.005,0.0035,0.0,0.0,0.0
16,18,1540,1644,96,91,96,91,0,0,0.018022,1.181067,1.033529,1.1072980000000001,72.59222,1.981939,37.2870795
14,8,8928,424,638,53,638,53,0,0,0.049018,3.770616,6.915714,5.343165,402.373135,16.805193,209.58916399999998
12,18,1580,10168,132,565,132,565,0,0,1.005643,91.391089,59.12618,75.2586345,9531.016337,7675.505797,8603.261067
12,12,1064,2260,89,188,89,188,0,0,0.004755,0.399182,0.379364,0.389273,22.543631,0.429227,11.486429000000001
4,4,528,304,132,76,132,76,0,0,0.001697,0.440333,0.21,0.32516649999999997,0.617069,0.289914,0.4534915
40,42,2558,23162,64,551,64,551,0,0,0.012882,0.322051,0.307625,0.31483799999999995,18.519064,17.682509,18.100786499999998
22,24,1920,4312,87,180,87,180,0,0,0.006054,0.272048,0.245955,0.2590015,17.410019,13.506568,15.4582935
2,2,132,164,66,82,66,82,0,0,0.001037,0.009,0.009,0.009,0.0,0.0,0.0
2,2,146,178,73,89,73,89,0,0,0.001101,0.009,0.007,0.008,0.0,0.0,0.0
12,12,1064,2260,89,188,89,188,0,0,0.004131,0.345364,0.319,0.332182,17.402191,0.385328,8.8937595
2,2,132,164,66,82,66,82,0,0,0.001067,0.009,0.007,0.008,0.0,0.0,0.0
2,2,146,178,73,89,73,89,0,0,0.001093,0.009,0.007,0.008,0.0,0.0,0.0
4,4,184,112,46,28,46,28,0,0,31.081762,15516.604,15516.604,15516.604,15516.568,15516.571,15516.5695
2,2,146,178,73,89,73,89,0,0,0.001042,0.008,0.007,0.0075,0.0,0.0,0.0
52,54,2934,3740,56,69,56,69,0,0,0.865681,16.967804,16.323604,16.645704000000002,1744.807554,53.539152,899.173353
16,18,1540,1644,96,91,96,91,0,0,0.312769,20.830067,19.511875,20.170971,1309.966379,35.030648,672.4985135
16,18,1540,1644,96,91,96,91,0,0,0.018975,1.2446,1.089529,1.1670645,76.891592,2.410437,39.6510145
8,10,1052,824,132,82,132,82,0,0,0.003884,0.504571,0.374778,0.43967449999999997,32.317614,0.671627,16.4946205
18,18,3736,2456,208,136,208,136,0,0,0.004754,0.261529,0.248529,0.255029,12.962639,0.333906,6.6482725
16,18,1540,1644,96,91,96,91,0,0,0.32583,21.700666,19.138176,20.419421,1231.039466,35.453039,633.2462525
16,18,1540,1644,96,91,96,91,0,0,0.014383,0.9386,0.817765,0.8781825,64.95446,1.459094,33.206776999999995
16,18,1540,1644,96,91,96,91,0,0,0.019042,1.248667,1.093471,1.1710690000000001,75.979887,2.244919,39.112403
40,42,2558,23162,64,551,64,551,0,0,0.012447,0.328162,0.289293,0.30872750000000004,0.0,16.128466,8.064233
14,18,1684,10168,120,565,120,565,0,0,1.008777,77.570849,59.169765,68.370307,8765.527134,7675.594533,8220.5608335
40,42,2558,23162,64,551,64,551,0,0,0.011799,0.302316,0.27461,0.288463,0.0,16.502479,8.2512395
28,42,2198,34406,79,819,79,819,0,0,0.034186,1.302,0.822073,1.0620365,72.890155,59.521199,66.205677
42,42,2662,23162,63,551,63,551,0,0,0.049784,1.235375,1.2307,1.2330375,73.607972,74.165566,73.886769
28,42,2198,34406,79,819,79,819,0,0,0.036917,1.356,0.91125,1.133625,75.135579,63.79151,69.46354450000001
38,38,2438,18404,64,484,64,484,0,0,0.018907,0.501351,0.497622,0.4994865,35.536761,36.534077,36.035419000000005
64,66,3806,51808,59,785,59,785,0,0,0.024938,0.397306,0.374277,0.3857915,21.447943,20.811118,21.1295305
16,18,1540,1644,96,91,96,91,0,0,0.012931,0.8406,0.733882,0.7872410000000001,57.927961,1.334167,29.631064000000002
16,18,1540,1644,96,91,96,91,0,0,0.018973,1.244867,1.014471,1.1296689999999998,71.483305,2.056085,36.769695
16,18,1540,1644,96,91,96,91,0,0,0.013492,0.876533,0.765647,0.82109,60.558107,1.401654,30.9798805
2,2,132,164,66,82,66,82,0,0,0.001059,0.009,0.007,0.008,0.0,0.0,0.0
12,12,1064,2260,89,188,89,188,0,0,0.003866,0.320273,0.299,0.3096365,16.092778,0.361323,8.227050499999999
30,42,2302,34406,77,819,77,819,0,0,0.034954,1.194517,0.840634,1.0175755,67.877594,59.369689,63.623641500000005
2,2,132,164,66,82,66,82,0,0,0.001071,0.009,0.008,0.0085,0.0,0.0,0.0
16,18,1540,1644,96,91,96,91,0,0,0.019049,1.249867,1.162625,1.2062460000000002,76.485628,2.228766,39.357197
2,2,146,178,73,89,73,89,0,0,0.001052,0.009,0.007,0.008,0.0,0.0,0.0
8,10,1052,824,132,82,132,82,0,0,0.00378,0.489714,0.365778,0.42774599999999996,31.485151,0.668731,16.076940999999998
2,2,130,162,65,81,65,81,0,0,0.00105,0.009,0.005,0.006999999999999999,0.0,0.0,0.0
16,18,1540,1644,96,91,96,91,0,0,0.013464,0.8772,0.813438,0.8453189999999999,61.619028,1.445629,31.5323285
8,10,1052,824,132,82,132,82,0,0,0.04641,6.575428,5.096444,5.835936,430.356646,10.223199,220.28992250000002
8,10,1052,824,132,82,132,82,0,0,0.003928,0.511857,0.379778,0.4458175,33.117842,0.690336,16.904089000000003
64,66,3806,51808,59,785,59,785,0,0,0.065829,1.074066,1.003323,1.0386945,68.777024,66.175128,67.476076
16,18,1540,1644,96,91,96,91,0,0,0.238793,15.898866,14.016529,14.9576975,1079.063004,29.416354,554.239679
16,18,1540,1644,96,91,96,91,0,0,0.018253,1.196467,1.046235,1.121351,72.658315,2.113349,37.385832
16,18,1540,1644,96,91,96,91,0,0,0.018332,1.2008,1.051529,1.1261645,72.607526,2.154731,37.381128499999996
30,42,2302,34406,77,819,77,819,0,0,0.454434,15.659862,11.349025,13.5044435,997.869192,891.456806,944.662999
2,2,146,178,73,89,73,89,0,0,0.001105,0.008,0.007,0.0075,0.0,0.0,0.0
16,18,1540,1644,96,91,96,91,0,0,0.018266,1.196667,1.046235,1.121451,72.655304,2.087692,37.371498
12,18,1580,10168,132,565,132,565,0,0,1.005697,91.395271,59.127649,75.26146,9530.245612,7674.278219,8602.2619155
16,18,1540,1644,96,91,96,91,0,0,0.017678,1.158467,1.013118,1.0857925,71.231043,1.928398,36.5797205
16,18,1540,1644,96,91,96,91,0,0,0.320752,21.363334,18.677117,20.0202255,1244.780881,39.311301,642.0460909999999
2,2,132,164,66,82,66,82,0,0,0.001113,0.009,0.007,0.008,0.0,0.0,0.0
40,42,2558,23162,64,551,64,551,0,0,0.036241,0.96973,0.8931,0.931415,0.0,62.260894,31.130447
28,42,2198,34406,79,819,79,819,0,0,0.03602,1.320963,0.888525,1.1047440000000002,75.560107,64.177565,69.868836
2,2,146,178,73,89,73,89,0,0,0.001057,0.01,0.007,0.0085,0.0,0.0,0.0
16,18,1540,1644,96,91,96,91,0,0,0.018003,1.179933,1.032588,1.1062604999999999,71.880058,2.207439,37.0437485
52,42,37358,3380,718,80,718,80,0,0,0.031187,0.628959,0.747293,0.688126,38.934887,1.512055,20.223471
16,18,1540,1644,96,91,96,91,0,0,0.01804,1.181867,1.033941,1.107904,71.828227,2.048704,36.9384655
16,18,1540,1644,96,91,96,91,0,0,0.307778,20.496,18.075,19.2855,1236.270955,33.184277,634.727616
12,18,1580,10168,132,565,132,565,0,0,1.072688,97.485912,63.070885,80.2783985,9553.477288,7692.852486,8623.164886999999
16,18,1540,1644,96,91,96,91,0,0,0.018746,1.228267,1.075529,1.151898,74.54382,2.071108,38.307463999999996
30,42,2302,34406,77,819,77,819,0,0,0.034834,1.190379,0.837268,1.0138235,66.897639,59.65412,63.2758795
16,18,1540,1644,96,91,96,91,0,0,0.308716,20.561666,18.124354,19.34301,1259.326152,34.268191,646.7971715000001
2,2,130,162,65,81,65,81,0,0,0.000959,0.005,0.004,0.0045000000000000005,0.0,0.0,0.0
16,18,1540,1644,96,91,96,91,0,0,0.013133,0.8544,0.746,0.8002,59.455784,1.369433,30.4126085
40,42,2558,23162,64,551,64,551,0,0,0.012087,0.305605,0.276927,0.291266,0.0,16.526626,8.263313
224,438,12934,548216,58,1252,58,1252,0,0,0.291944,1.313604,0.670064,0.991834,73.448986,37.705306,55.577146
16,18,1540,1644,96,91,96,91,0,0,0.317737,21.161134,18.661883,19.9115085,1339.128474,37.030129,688.0793015
78,80,4550,72810,58,910,58,910,0,0,0.143773,1.91296,1.812203,1.8625815000000001,99.660368,96.838214,98.249291
234,438,13454,548216,57,1252,57,1252,0,0,0.87454,3.752082,2.000195,2.8761385,580.952042,421.866353,501.4091975
2,2,146,178,73,89,73,89,0,0,0.001041,0.009,0.007,0.008,0.0,0.0,0.0
16,18,1540,1644,96,91,96,91,0,0,0.018539,1.214533,1.063588,1.1390605,73.583899,2.225101,37.9045
2,2,132,164,66,82,66,82,0,0,0.001065,0.008,0.007,0.0075,0.0,0.0,0.0
42,40,2662,23058,63,576,63,576,0,0,0.016981,0.4168,0.42,0.4184,25.822475,0.703114,13.2627945
8,10,1052,824,132,82,132,82,0,0,0.024701,3.478429,2.621,3.0497145000000003,212.433817,4.321567,108.377692
64,66,3806,51808,59,785,59,785,0,0,0.042682,0.694,0.647738,0.6708689999999999,46.498352,43.467662,44.983007
8,10,1052,824,132,82,132,82,0,0,0.003922,0.511429,0.374556,0.4429925,32.233945,0.676589,16.455267
64,66,3806,51808,59,785,59,785,0,0,0.040893,0.644238,0.620092,0.632165,38.088454,37.782217,37.9353355
16,18,1540,1644,96,91,96,91,0,0,0.314947,20.969667,19.652,20.3108335,1241.897503,36.107328,639.0024155
38,40,2438,18508,64,463,64,463,0,0,0.036098,0.967108,0.911872,0.9394899999999999,61.911063,59.758856,60.8349595
2,2,146,178,73,89,73,89,0,0,0.001082,0.008,0.007,0.0075,0.0,0.0,0.0
38,40,2438,18508,64,463,64,463,0,0,0.014881,0.393811,0.367641,0.380726,24.741866,24.121402,24.431634000000003
16,18,1540,1644,96,91,96,91,0,0,0.27391,18.239866,16.084117,17.1619915,1245.175464,29.383227,637.2793455
2,2,146,178,73,89,73,89,0,0,0.001073,0.009,0.005,0.006999999999999999,0.0,0.0,0.0
8,10,1052,824,132,82,132,82,0,0,0.003909,0.509,0.378,0.4435,32.893844,0.681509,16.7876765
12,18,1580,10168,132,565,132,565,0,0,1.108064,100.69773,65.147998,82.922864,9583.646743,7715.669721,8649.658232
2,2,132,164,66,82,66,82,0,0,0.000993,0.009,0.001,0.004999999999999999,0.0,0.0,0.0
2,2,146,178,73,89,73,89,0,0,0.001072,0.008,0.007,0.0075,0.0,0.0,0.0
62,58,5928,8010,96,138,96,138,0,0,0.747307,12.455116,13.097772,12.776444000000001,877.763327,901.123507,889.443417
40,42,2558,23162,64,551,64,551,0,0,0.050161,1.311605,1.2394,1.2755025,76.127804,74.455307,75.2915555
16,18,1540,1644,96,91,96,91,0,0,0.313774,20.897666,18.425117,19.6613915,1268.700998,33.902555,651.3017765
64,66,3806,51808,59,785,59,785,0,0,0.025793,0.411,0.387062,0.399031,22.105571,21.629338,21.8674545
16,18,1540,1644,96,91,96,91,0,0,0.017902,1.1728,1.090563,1.1316815,71.49701,2.066421,36.781715500000004
16,18,1540,1644,96,91,96,91,0,0,0.018239,1.195667,1.045471,1.1205690000000001,72.851758,2.053264,37.452511
64,66,3806,51808,59,785,59,785,0,0,0.043962,0.692778,0.665385,0.6790815,41.78994,40.408299,41.0991195
8,10,1052,824,132,82,132,82,0,0,0.040204,5.693143,4.413333,5.053238,331.642017,8.095584,169.8688005
16,18,1540,1644,96,91,96,91,0,0,0.013437,0.874467,0.763588,0.8190275,60.6266,1.404732,31.015666000000003
16,18,1540,1644,96,91,96,91,0,0,0.013719,0.892733,0.779588,0.8361605,59.983223,1.375544,30.6793835
78,80,4550,72810,58,910,58,910,0,0,0.055959,0.722688,0.701203,0.7119455,41.953838,41.350344,41.652091
2,2,132,164,66,82,66,82,0,0,0.000931,0.001,0.002,0.0015,0.0,0.0,0.0
6,8,320,1862,53,233,53,233,0,0,0.048311,9.5952,6.822143,8.2086715,668.725531,16.401754,342.5636425
16,18,1540,1644,96,91,96,91,0,0,0.01862,1.2206,1.131375,1.1759875,73.796317,2.188009,37.992163
8,10,1034,824,129,82,129,82,0,0,0.044038,6.242428,4.809222,5.525825,374.151594,8.923929,191.5377615
52,40,37358,3276,718,82,718,82,0,0,0.489879,9.598804,12.547052,11.072928000000001,888.10068,30.42109,459.26088500000003
52,42,37230,3380,716,80,716,80,0,0,0.028551,0.553529,0.682829,0.618179,30.333817,1.261424,15.7976205
78,80,4550,72810,58,910,58,910,0,0,0.057249,0.739468,0.716595,0.7280314999999999,42.802285,44.084174,43.4432295
2,2,146,178,73,89,73,89,0,0,0.001097,0.009,0.007,0.008,0.0,0.0,0.0
52,42,37230,3380,716,80,716,80,0,0,0.506344,9.921589,12.337171,11.129380000000001,781.221351,25.337342,403.27934650000003
14,18,1684,10168,120,565,120,565,0,0,1.014984,78.046308,59.67335,68.85982899999999,8770.200864,7683.124326,8226.662595
8,10,1052,824,132,82,132,82,0,0,0.00385,0.500286,0.374222,0.43725400000000003,32.428409,0.666771,16.54759
2,2,132,164,66,82,66,82,0,0,0.001071,0.009,0.006,0.0075,0.0,0.0,0.0
16,18,1540,1644,96,91,96,91,0,0,0.888124,59.187602,52.18159,55.684596,3754.487859,88.174664,1921.3312615
42,42,2662,23162,63,551,63,551,0,0,0.026138,0.6192,0.6414,0.6303,38.268697,1.032846,19.6507715
12,18,1580,10168,132,565,132,565,0,0,1.335137,121.344,78.508588,99.926294,11392.27134,9176.758883,10284.5151115
4,4,184,112,46,28,46,28,0,0,30.979206,15489.39,15489.39,15489.39,15489.373,15489.383,15489.378
2,2,146,178,73,89,73,89,0,0,0.001046,0.004,0.007,0.0055,0.0,0.0,0.0
16,18,1540,1644,96,91,96,91,0,0,0.897934,59.840467,52.792648,56.3165575,3970.491765,92.521078,2031.5064215000002
2,2,132,164,66,82,66,82,0,0,0.001035,0.009,0.007,0.008,0.0,0.0,0.0
222,438,12830,548216,58,1252,58,1252,0,0,0.701068,3.169842,1.606908,2.388375,776.235883,551.270621,663.753252
30,42,2302,34406,77,819,77,819,0,0,0.034982,1.194517,0.841902,1.0182095,67.659544,59.330446,63.494995
52,54,2934,3740,56,69,56,69,0,0,0.895427,17.551451,16.884434,17.2179425,1424.211459,52.542023,738.376741
122,126,7810,14540,64,115,64,115,0,0,0.835828,7.140957,6.682384,6.9116705,455.73162,443.828028,449.779824
28,42,2198,34406,79,819,79,819,0,0,0.427102,15.806,10.403829,13.1049145,988.248503,862.266905,925.257704
16,18,1540,1644,96,91,96,91,0,0,0.01825,1.196533,1.112313,1.154423,73.618271,2.044843,37.831557
2,2,146,178,73,89,73,89,0,0,0.001029,0.009,0.008,0.0085,0.0,0.0,0.0
16,18,1540,1644,96,91,96,91,0,0,0.018828,1.2352,1.079177,1.1571885000000002,76.66756,2.050286,39.358923
52,42,37358,3380,718,80,718,80,0,0,0.494812,9.695608,12.055976,10.875792,766.980284,25.280561,396.1304225
122,126,7816,15132,64,120,64,120,0,0,0.030952,0.268254,0.245145,0.25669949999999997,16.331083,14.119975,15.225529
18,18,4136,2456,230,136,230,136,0,0,0.005183,0.260235,0.272647,0.266441,12.878437,0.359767,6.619102
52,42,37230,3380,716,80,716,80,0,0,0.023633,0.475531,0.563195,0.519363,24.685048,1.095,12.890023999999999
16,18,1540,1644,96,91,96,91,0,0,0.017866,1.170333,1.023353,1.096843,71.085693,2.176322,36.6310075
208,388,12034,485110,58,1250,58,1250,0,0,1.042772,5.158277,2.700275,3.9292759999999998,1522.408732,1100.565461,1311.4870965
16,18,1540,1644,96,91,96,91,0,0,0.919804,61.298603,57.36075,59.329676500000005,4169.93437,92.235375,2131.0848725
16,18,1540,1644,96,91,96,91,0,0,0.017909,1.173867,1.025765,1.0998160000000001,72.077542,1.965537,37.021539499999996
64,66,3806,51808,59,785,59,785,0,0,0.035903,0.583525,0.551328,0.5674265000000001,34.301767,33.158621,33.730194
16,18,1272,2572,80,143,80,143,0,0,0.216641,14.4194,12.708,13.5637,1026.594526,27.773514,527.18402
22,24,1920,4312,87,180,87,180,0,0,0.005879,0.2773,0.238545,0.2579225,16.693885,13.501151,15.097518
64,66,3806,51808,59,785,59,785,0,0,0.045861,0.723016,0.697431,0.7102235,42.496767,41.210417,41.853592
16,18,1540,1644,96,91,96,91,0,0,0.836618,55.752333,49.180766,52.4665495,3515.085497,91.731617,1803.408557
16,18,1540,1644,96,91,96,91,0,0,0.018215,1.1936,1.044471,1.1190354999999998,72.250896,2.212375,37.231635499999996
2,2,146,178,73,89,73,89,0,0,0.000937,0.006,0.004,0.005,0.0,0.0,0.0
12,12,1064,2260,89,188,89,188,0,0,0.004018,0.334364,0.314455,0.3244095,16.760682,0.388482,8.574582
16,18,1540,1644,96,91,96,91,0,0,0.018239,1.1952,1.046471,1.1208355,72.392892,2.126629,37.2597605
6,8,320,1826,53,228,53,228,0,0,0.003873,0.7128,0.455857,0.5843285,40.223845,0.839311,20.531578
2,2,132,164,66,82,66,82,0,0,0.001065,0.009,0.007,0.008,0.0,0.0,0.0
106,116,9400,12402,89,107,89,107,0,0,1.599929,15.234467,13.907008,14.5707375,915.851072,874.631185,895.2411285000001
4,4,568,312,142,78,142,78,0,0,0.006343,1.671667,1.601,1.6363335,2.35278,2.261327,2.3070535000000003
16,18,1540,1644,96,91,96,91,0,0,0.683027,45.508734,40.147059,42.827896499999994,3126.753252,85.701141,1606.2271965
30,42,2302,34406,77,819,77,819,0,0,0.037861,1.294379,0.911293,1.102836,72.027693,61.738046,66.8828695
2,2,130,162,65,81,65,81,0,0,0.001075,0.008,0.006,0.007,0.0,0.0,0.0
12,12,1064,2260,89,188,89,188,0,0,0.00474,0.395636,0.377455,0.3865455,22.091378,0.42581,11.258593999999999
16,18,1540,1644,96,91,96,91,0,0,0.017889,1.172067,1.025471,1.0987689999999999,70.777852,2.08686,36.432356
2,2,146,178,73,89,73,89,0,0,0.00102,0.004,0.007,0.0055,0.0,0.0,0.0
30,42,2302,34406,77,819,77,819,0,0,1.075526,37.076035,26.22061,31.6483225,2535.454145,2327.501688,2431.4779165
12,18,1580,10168,132,565,132,565,0,0,1.614862,146.772457,94.961703,120.86708,11143.67262,8967.104334,10055.388477
2,2,146,178,73,89,73,89,0,0,0.000985,0.009,0.006,0.0075,0.0,0.0,0.0
40,42,2558,23162,64,551,64,551,0,0,0.018904,0.476359,0.458725,0.467542,29.452864,28.493921,28.973392500000003
26,28,4152,2976,160,106,160,106,0,0,0.290047,11.5886,10.722074,11.155337,677.740157,17.491813,347.61598499999997
14,6,8928,320,638,53,638,53,0,0,0.225959,17.381461,45.058398,31.2199295,1586.022998,67.591594,826.807296
16,18,1540,1644,96,91,96,91,0,0,0.735865,49.037135,43.255469,46.146302,3518.876877,73.165047,1796.020962
4,4,520,304,130,76,130,76,0,0,0.001772,0.455,0.226667,0.3408335,0.639225,0.313484,0.4763545
8,12,424,8824,53,735,53,735,0,0,0.173267,24.709286,15.619092,20.164189,1988.273333,1583.370926,1785.8221295
22,26,1920,4416,87,170,87,170,0,0,0.007182,0.360368,0.274,0.317184,18.646361,16.472051,17.559206
8,10,1052,824,132,82,132,82,0,0,0.003821,0.495714,0.369889,0.4328015,31.88412,0.659112,16.271615999999998
16,18,1540,1644,96,91,96,91,0,0,0.806841,53.768799,47.40141,50.5851045,3231.757113,86.875086,1659.3160995
16,18,1540,1644,96,91,96,91,0,0,0.013416,0.872933,0.755471,0.814202,59.953878,1.401885,30.6778815
2,2,130,162,65,81,65,81,0,0,0.001049,0.008,0.007,0.0075,0.0,0.0,0.0
40,42,2558,23162,64,551,64,551,0,0,0.013081,0.326718,0.306317,0.3165175,19.595922,18.274391,18.9351565
8,10,1052,824,132,82,132,82,0,0,0.033944,4.686857,3.494375,4.090616,234.185719,6.531341,120.35853
2,2,146,178,73,89,73,89,0,0,0.002383,0.003,0.001,0.002,0.0,0.0,0.0
200,388,11618,485110,58,1250,58,1250,0,0,1.516392,7.618462,3.937493,5.7779775,1928.557569,1386.11201,1657.3347895000002
2,2,130,162,65,81,65,81,0,0,0.000987,0.001,0.005,0.003,0.0,0.0,0.0
4,4,568,304,142,76,142,76,0,0,0.004749,1.276667,1.037333,1.157,1.796996,1.459233,1.6281145000000001
4,0,320,0,80,0,80,0,0,0,4.999869,1666.623,0.0,833.3115,2356.95375,0.0,1178.476875
16,18,1540,1644,96,91,96,91,0,0,0.36632,24.397534,21.483588,22.940561000000002,1558.179667,38.148793,798.1642300000001
42,42,2662,23162,63,551,63,551,0,0,0.05021,1.277795,1.200049,1.238922,0.0,1.967401,0.9837005
22,24,1920,4312,87,180,87,180,0,0,0.179292,8.521571,7.769695,8.145633,503.453522,480.352208,491.902865
22,24,1920,4312,87,180,87,180,0,0,0.006571,0.29719,0.26113,0.27915999999999996,18.655573,15.947447,17.30151
8,10,1052,824,132,82,132,82,0,0,0.021181,2.976286,2.299444,2.6378649999999997,189.657897,4.296173,96.977035
2,2,146,178,73,89,73,89,0,0,0.00109,0.009,0.007,0.008,0.0,0.0,0.0
52,42,37230,3380,716,80,716,80,0,0,0.034713,0.68744,0.833049,0.7602445,39.282422,1.88391,20.583166
16,18,1540,1644,96,91,96,91,0,0,0.018948,1.2428,1.154625,1.1987125,76.256351,2.368658,39.312504499999996
62,58,5928,8010,96,138,96,138,0,0,0.926897,15.195033,16.248106,15.721569500000001,0.0,934.851886,467.425943
26,28,4552,2976,175,106,175,106,0,0,0.317382,12.68284,11.737741,12.2102905,761.864192,19.780381,390.8222865
14,18,1684,10168,120,565,120,565,0,0,1.008918,77.582925,59.318353,68.450639,8766.735681,7676.67959,8221.707635499999
2,2,146,178,73,89,73,89,0,0,0.001092,0.006,0.003,0.0045000000000000005,0.0,0.0,0.0
14,8,8928,424,638,53,638,53,0,0,0.048673,3.744077,6.851,5.2975385,401.330605,16.365032,208.8478185
16,18,1540,1644,96,91,96,91,0,0,0.018178,1.190533,1.041353,1.1159430000000001,73.089738,2.014963,37.552350499999996
64,66,3806,51808,59,785,59,785,0,0,0.051056,0.818129,0.7776,0.7978645,51.584523,50.36848,50.9765015
4,4,528,304,132,76,132,76,0,0,0.001822,0.470333,0.233667,0.352,0.659495,0.324801,0.49214800000000003
16,18,1540,1644,96,91,96,91,0,0,0.839927,55.974068,49.378707,52.676387500000004,3644.680002,90.262992,1867.471497
14,18,1684,10168,120,565,120,565,0,0,1.168042,89.822615,68.678235,79.250425,10048.51415,8796.891156,9422.702653
2,2,146,178,73,89,73,89,0,0,0.00102,0.004,0.007,0.0055,0.0,0.0,0.0
14,18,1684,10168,120,565,120,565,0,0,1.561192,120.062,91.803471,105.9327355,9548.852671,8358.663505,8953.758088
24,24,2024,4312,84,180,84,180,0,0,0.179353,7.782956,7.771652,7.777304,469.054324,12.620394,240.837359
2,2,146,178,73,89,73,89,0,0,0.001016,0.003,0.009,0.006,0.0,0.0,0.0
108,114,9504,12298,88,108,88,108,0,0,0.026878,0.253067,0.241394,0.2472305,14.82266,15.984385,15.403522500000001
108,114,9504,12298,88,108,88,108,0,0,0.021588,0.204538,0.197934,0.201236,13.329816,12.325022,12.827418999999999
16,18,1540,1644,96,91,96,91,0,0,0.01847,1.211,1.108062,1.159531,72.628161,2.131441,37.379801
68,70,4014,59460,59,849,59,849,0,0,0.110986,1.676833,1.625206,1.6510194999999999,94.038727,91.643725,92.841226
78,80,4550,72810,58,910,58,910,0,0,0.172093,2.23087,2.172089,2.2014795,129.38304,128.514291,128.9486655
2,2,146,178,73,89,73,89,0,0,0.001017,0.009,0.007,0.008,0.0,0.0,0.0
64,66,3806,51808,59,785,59,785,0,0,0.027974,0.446145,0.427031,0.436588,26.943634,26.119379,26.5315065
48,50,2974,30506,62,610,62,610,0,0,0.018856,0.403109,0.389574,0.3963415,24.78224,24.888063,24.835151500000002
16,18,1540,1644,96,91,96,91,0,0,0.018952,1.240667,1.088353,1.16451,76.51738,2.411971,39.4646755
48,50,2974,30506,62,610,62,610,0,0,0.018637,0.389234,0.375021,0.3821275,23.972704,22.687965,23.3303345
62,60,5928,8114,96,135,96,135,0,0,0.012807,0.21345,0.209259,0.2113545,13.953308,12.575743,13.2645255
30,42,2302,34406,77,819,77,819,0,0,0.036035,1.27575,0.867439,1.0715945,71.563959,63.185497,67.374728
12,12,1064,2260,89,188,89,188,0,0,0.004055,0.336636,0.312091,0.3243635,16.807505,0.380983,8.594244
64,66,3806,51808,59,785,59,785,0,0,0.025857,0.411887,0.388154,0.4000205,22.359845,21.78535,22.0725975
68,70,4014,59460,59,849,59,849,0,0,0.035193,0.528015,0.503087,0.515551,28.784424,28.093852,28.439138
4,4,528,304,132,76,132,76,0,0,0.00182,0.480333,0.215,0.3476665,0.672223,0.29628,0.4842515
40,42,2558,23162,64,551,64,551,0,0,0.050945,1.332105,1.26065,1.2963775000000002,77.487562,76.02535,76.756456
2,2,146,178,73,89,73,89,0,0,0.001019,0.009,0.007,0.008,0.0,0.0,0.0
78,80,4550,72810,58,910,58,910,0,0,0.188005,2.436247,2.372861,2.404554,126.78708,123.105506,124.946293
2,2,146,178,73,89,73,89,0,0,0.001126,0.009,0.007,0.008,0.0,0.0,0.0
2,2,146,178,73,89,73,89,0,0,0.001046,0.009,0.005,0.006999999999999999,0.0,0.0,0.0
16,18,1540,1644,96,91,96,91,0,0,0.357334,23.796534,20.990471,22.3935025,1535.08378,40.386281,787.7350305
2,2,146,178,73,89,73,89,0,0,0.001014,0.003,0.002,0.0025,0.0,0.0,0.0
68,70,4014,59460,59,849,59,849,0,0,0.10301,1.555879,1.529657,1.5427680000000001,89.647977,88.706252,89.1771145
122,126,7816,15132,64,120,64,120,0,0,0.948782,7.838339,7.647242,7.7427905,474.107157,470.995611,472.551384
2,2,132,164,66,82,66,82,0,0,0.000998,0.009,0.005,0.006999999999999999,0.0,0.0,0.0
2,2,146,178,73,89,73,89,0,0,0.001062,0.009,0.007,0.008,0.0,0.0,0.0
16,18,1540,1644,96,91,96,91,0,0,0.018234,1.1952,1.044235,1.1197175000000001,73.932134,1.993738,37.962936
48,50,2974,30506,62,610,62,610,0,0,0.016872,0.360152,0.33202,0.346086,20.736993,20.16313,20.450061499999997
16,18,1540,1644,96,91,96,91,0,0,0.362948,24.170067,21.321,22.7455335,1440.254823,39.784355,740.019589
2,2,146,178,73,89,73,89,0,0,0.000989,0.009,0.002,0.0055,0.0,0.0,0.0
52,54,2934,3742,56,69,56,69,0,0,0.638843,12.520333,12.04283,12.281581500000001,1486.418338,51.426426,768.922382
2,2,146,178,73,89,73,89,0,0,0.001144,0.009,0.007,0.008,0.0,0.0,0.0
16,18,1540,1644,96,91,96,91,0,0,0.018093,1.185733,1.101438,1.1435855,72.197628,2.088454,37.143041
2,2,146,178,73,89,73,89,0,0,0.001081,0.008,0.007,0.0075,0.0,0.0,0.0
16,18,1540,1644,96,91,96,91,0,0,0.808622,53.884468,47.536531,50.7104995,3498.686188,91.42257,1795.0543790000002
64,66,3806,51808,59,785,59,785,0,0,0.088036,1.392191,1.344385,1.368288,81.69821,80.108493,80.9033515
2,2,146,178,73,89,73,89,0,0,0.000969,0.007,0.007,0.007,0.0,0.0,0.0
52,36,37358,3068,718,85,718,85,0,0,0.049108,0.956059,1.389429,1.172744,72.661765,3.168713,37.915239
16,18,1540,1644,96,91,96,91,0,0,0.018219,1.193333,1.044588,1.1189605,72.367358,2.202438,37.284898
16,18,1540,1644,96,91,96,91,0,0,0.808622,53.884468,47.536531,50.7104995,3498.686188,91.42257,1795.0543790000002
62,58,5928,8010,96,138,96,138,0,0,0.337783,5.537426,5.912982,5.725204,373.833235,389.872748,381.85299150000003
16,18,1540,1644,96,91,96,91,0,0,0.018235,1.195333,1.109875,1.152604,72.505307,2.165613,37.33546
2,2,146,178,73,89,73,89,0,0,0.001229,0.009,0.007,0.008,0.0,0.0,0.0
78,80,4550,72810,58,910,58,910,0,0,0.175023,2.298855,2.209228,2.2540415,129.570955,128.344474,128.9577145
16,18,1540,1644,96,91,96,91,0,0,0.013454,0.874867,0.764294,0.8195805,59.932802,1.385736,30.659269000000002
16,18,1540,1644,96,91,96,91,0,0,0.332773,22.163533,19.546059,20.854796,1375.629259,37.465938,706.5475985
48,50,2974,30506,62,610,62,610,0,0,0.01599,0.333638,0.314347,0.3239925,18.861769,18.161839,18.511803999999998
66,66,3910,51808,59,785,59,785,0,0,0.157888,2.462203,2.419923,2.4410629999999998,141.538685,141.264828,141.40175649999998
4,4,568,312,142,78,142,78,0,0,0.004757,1.234333,1.101667,1.168,1.739247,1.548799,1.644023
68,70,4014,59460,59,849,59,849,0,0,0.037798,0.559448,0.556507,0.5579775,31.127104,30.318502,30.722803
16,18,1540,1644,96,91,96,91,0,0,0.018243,1.195333,1.045647,1.12049,73.042038,2.051086,37.546562
2,2,146,178,73,89,73,89,0,0,0.00112,0.009,0.007,0.008,0.0,0.0,0.0
2,2,132,164,66,82,66,82,0,0,0.001091,0.009,0.007,0.008,0.0,0.0,0.0
30,42,2302,34406,77,819,77,819,0,0,0.47659,16.421896,11.612658,14.017277,1190.960058,1008.863845,1099.9119515
22,24,1920,4312,87,180,87,180,0,0,0.233497,11.102571,10.130043,10.616306999999999,815.071907,781.45436,798.2631335
52,38,37230,3172,716,83,716,83,0,0,0.491996,9.640019,13.279459,11.459738999999999,997.177312,34.90384,516.040576
40,42,2558,23162,64,551,64,551,0,0,0.108022,2.761513,2.622171,2.691842,0.0,157.247795,78.6238975
12,12,1064,2260,89,188,89,188,0,0,0.005137,0.434182,0.416364,0.425273,23.257981,0.560317,11.909149000000001
22,24,1920,4312,87,180,87,180,0,0,0.005797,0.26,0.224261,0.2421305,16.069845,12.943886,14.5068655
2,2,146,178,73,89,73,89,0,0,0.001008,0.003,0.001,0.002,0.0,0.0,0.0
52,42,37230,3380,716,80,716,80,0,0,0.526927,10.324647,12.838536,11.5815915,838.127239,31.741885,434.934562
38,40,2438,18508,64,463,64,463,0,0,0.049178,1.319108,1.247282,1.283195,78.334711,76.087476,77.2110935
40,42,2558,23162,64,551,64,551,0,0,0.049743,1.267436,1.199585,1.2335105,74.48961,72.995825,73.7427175
38,40,2438,19266,64,482,64,482,0,0,0.012939,0.340649,0.317821,0.329235,0.0,18.766507,9.3832535
16,18,1540,1644,96,91,96,91,0,0,0.01805,1.181133,1.034765,1.107949,71.806903,2.200555,37.003729
2,2,146,178,73,89,73,89,0,0,0.001025,0.008,0.006,0.007,0.0,0.0,0.0
2,2,130,162,65,81,65,81,0,0,0.001029,0.008,0.007,0.0075,0.0,0.0,0.0
90,92,5174,83812,57,911,57,911,0,0,0.050955,0.568921,0.553703,0.561312,32.023288,32.039656,32.031472
16,18,1540,1644,96,91,96,91,0,0,0.013288,0.864933,0.753882,0.8094075000000001,59.921479,1.389512,30.6554955
2,2,146,178,73,89,73,89,0,0,0.001045,0.009,0.007,0.008,0.0,0.0,0.0
16,18,1272,2572,80,143,80,143,0,0,0.313377,20.8672,18.400529,19.6338645,1475.426911,39.989605,757.708258
38,40,2438,18508,64,463,64,463,0,0,0.041778,1.151972,1.084816,1.1183939999999999,68.777464,67.87522,68.326342
14,18,1684,10168,120,565,120,565,0,0,1.176283,90.455769,69.162471,79.80912000000001,8855.612622,7755.771033,8305.6918275
2,2,146,178,73,89,73,89,0,0,0.001016,0.007,0.002,0.0045000000000000005,0.0,0.0,0.0
78,80,4550,72810,58,910,58,910,0,0,0.111941,1.468842,1.409291,1.4390665,83.275493,82.141039,82.70826600000001
12,18,1580,10168,132,565,132,565,0,0,1.005912,91.415727,59.143532,75.2796295,9530.978526,7674.219747,8602.5991365
52,42,37358,3380,718,80,718,80,0,0,0.816801,16.008627,19.910463,17.959545,1156.880085,36.234965,596.557525
2,2,146,178,73,89,73,89,0,0,0.001135,0.009,0.007,0.008,0.0,0.0,0.0
14,18,1684,10168,120,565,120,565,0,0,1.253056,96.362387,73.642706,85.0025465,8900.113589,7793.810815,8346.962202
12,18,1580,10168,132,565,132,565,0,0,1.008804,91.678909,59.30965,75.4942795,9530.426135,7675.432065,8602.9291
38,40,2438,18508,64,463,64,463,0,0,0.129896,3.59975,3.317026,3.458388,269.250397,244.990193,257.120295
12,18,1580,10168,132,565,132,565,0,0,1.072896,97.505091,63.08006,80.2925755,9586.903747,7719.750396,8653.3270715
12,12,1064,2260,89,188,89,188,0,0,0.005137,0.434182,0.416364,0.425273,23.257981,0.560317,11.909149000000001
16,18,1540,1644,96,91,96,91,0,0,0.302834,20.168266,17.782471,18.975368500000002,1335.447409,30.061916,682.7546625000001
2,2,132,164,66,82,66,82,0,0,0.001221,0.008,0.007,0.0075,0.0,0.0,0.0
2,2,146,178,73,89,73,89,0,0,0.001009,0.005,0.007,0.006,0.0,0.0,0.0
64,66,3806,51808,59,785,59,785,0,0,0.039252,0.618302,0.604047,0.6111745,34.740115,34.014492,34.3773035
18,18,4136,2456,230,136,230,136,0,0,0.00475,0.260706,0.246059,0.2533825,13.030186,0.325521,6.6778535
14,18,1684,10168,120,565,120,565,0,0,1.006802,77.418,59.190941,68.30447050000001,8765.784194,7675.256741,8220.5204675
16,18,1540,1644,96,91,96,91,0,0,0.343879,22.904533,20.197471,21.551002,1361.556722,34.442551,697.9996365000001
30,42,2302,34406,77,819,77,819,0,0,0.034861,1.233893,0.838805,1.036349,68.776294,59.153416,63.964855
356,746,18994,1087890,53,1458,53,1458,0,0,3.465573,9.761293,4.650757,7.206025,614.56293,405.398724,509.98082700000003
4,4,568,304,142,76,142,76,0,0,0.004793,1.321333,1.136333,1.228833,1.861579,1.597827,1.7297030000000002
14,18,1684,10168,120,565,120,565,0,0,1.004714,83.694499,59.068706,71.3816025,9123.452306,7673.730815,8398.5915605
2,2,146,178,73,89,73,89,0,0,0.001211,0.009,0.006,0.0075,0.0,0.0,0.0
12,12,1064,2260,89,188,89,188,0,0,0.004146,0.345364,0.318455,0.33190949999999997,17.758811,0.387423,9.073117
64,66,3806,51808,59,785,59,785,0,0,0.035006,0.55073,0.535609,0.5431695000000001,33.049547,32.372886,32.7112165
8,10,1052,824,132,82,132,82,0,0,0.004002,0.522286,0.384556,0.453421,33.190385,0.710514,16.9504495
2,2,130,162,65,81,65,81,0,0,0.001064,0.008,0.008,0.008,0.0,0.0,0.0
48,50,2974,30506,62,610,62,610,0,0,0.02195,0.459787,0.437286,0.4485365,27.915007,27.179965,27.547486
30,42,2302,34406,77,819,77,819,0,0,0.035634,1.217379,0.854829,1.036104,68.402393,59.751818,64.0771055
12,18,1580,10168,132,565,132,565,0,0,1.058965,96.238545,62.263057,79.250801,9894.835261,7968.34421,8931.5897355
42,42,2662,23162,63,551,63,551,0,0,0.050231,1.216146,1.2426,1.2293729999999998,73.361383,1.953972,37.6576775
68,70,4014,59460,59,849,59,849,0,0,0.114003,1.696448,1.6695,1.682974,92.07335,90.931169,91.50225950000001
8,10,1052,824,132,82,132,82,0,0,0.003945,0.513714,0.379444,0.446579,32.84829,0.686171,16.7672305
48,50,2974,30506,62,610,62,610,0,0,0.017334,0.361149,0.349208,0.3551785,20.095633,19.240206,19.6679195
16,18,1540,1644,96,91,96,91,0,0,0.018095,1.185067,1.037647,1.111357,71.870158,2.116604,36.993381
16,18,1540,1644,96,91,96,91,0,0,0.842876,56.170867,49.549531,52.860199,3624.593935,77.015367,1850.804651
4,4,520,304,130,76,130,76,0,0,0.001617,0.413667,0.192333,0.303,0.579356,0.26705,0.423203
14,18,1684,10168,120,565,120,565,0,0,1.014236,77.990921,59.628529,68.809725,8827.413277,7729.779976,8278.596626499999
16,18,1540,1644,96,91,96,91,0,0,0.018099,1.185867,1.101625,1.1437460000000002,72.895517,2.029407,37.462462
18,18,3736,2456,208,136,208,136,0,0,0.004699,0.258471,0.243353,0.250912,12.788656,0.325139,6.5568975
30,42,2302,34406,77,819,77,819,0,0,1.054202,36.341173,25.700391,31.020781999999997,2671.657413,2166.31053,2418.9839715
2,2,146,178,73,89,73,89,0,0,0.00114,0.008,0.003,0.0055,0.0,0.0,0.0
4,4,568,312,142,78,142,78,0,0,0.004827,1.265667,1.046,1.1558335,1.781439,1.47149,1.6264645
4,4,528,304,132,76,132,76,0,0,0.001718,0.437667,0.219,0.3283335,0.614711,0.303355,0.459033
12,12,1064,2260,89,188,89,188,0,0,0.004087,0.340909,0.314636,0.3277725,17.25465,0.383244,8.818947000000001
14,18,1684,10168,120,565,120,565,0,0,1.005696,77.335002,59.128118,68.23156,8765.860712,7674.523055,8220.1918835
70,68,4118,59356,59,873,59,873,0,0,0.113417,1.663015,1.68397,1.6734925,92.32182,92.479385,92.40060249999999
16,18,1540,1644,96,91,96,91,0,0,0.329861,21.9694,19.375,20.6722,1322.286268,36.356051,679.3211595
12,18,1580,10168,132,565,132,565,0,0,1.114791,101.313815,65.545589,83.429702,9644.42493,7765.661981,8705.0434555
6,8,320,1826,53,228,53,228,0,0,0.002853,0.5084,0.335857,0.4221285,28.259723,0.554088,14.4069055
40,42,2558,23162,64,551,64,551,0,0,0.021609,0.545769,0.515293,0.530531,36.682575,32.554803,34.618689
52,40,37230,3276,716,82,716,82,0,0,0.338697,6.63451,8.669846,7.652177999999999,636.778126,21.796301,329.2872135
2,2,132,164,66,82,66,82,0,0,0.001012,0.009,0.007,0.008,0.0,0.0,0.0
2,2,146,178,73,89,73,89,0,0,0.001194,0.009,0.008,0.0085,0.0,0.0,0.0
14,8,8928,424,638,53,638,53,0,0,0.004112,0.316308,0.501571,0.4089395,19.502659,1.078695,10.290677
2,2,130,162,65,81,65,81,0,0,0.001004,0.009,0.005,0.006999999999999999,0.0,0.0,0.0
4,4,568,312,142,78,142,78,0,0,0.004733,1.239333,1.056667,1.1480000000000001,1.744198,1.484453,1.6143255
16,18,1540,1644,96,91,96,91,0,0,0.017828,1.167867,1.018412,1.0931395,70.749589,1.993516,36.3715525
2,2,132,164,66,82,66,82,0,0,0.000942,0.002,0.002,0.002,0.0,0.0,0.0
18,18,4136,2456,230,136,230,136,0,0,0.006226,0.347118,0.335059,0.3410885,17.451662,0.450853,8.951257499999999
4,4,568,312,142,78,142,78,0,0,0.004938,1.291333,1.093667,1.1925,1.818444,1.537486,1.677965
122,126,7810,14540,64,115,64,115,0,0,0.846888,6.988074,6.770664,6.8793690000000005,420.922897,414.823834,417.8733655
2,2,130,162,65,81,65,81,0,0,0.001045,0.008,0.002,0.005,0.0,0.0,0.0
16,18,1540,1644,96,91,96,91,0,0,0.018464,1.210467,1.058471,1.134469,73.46446,2.150252,37.807356
38,40,2438,18508,64,463,64,463,0,0,0.043876,1.244743,1.112539,1.1786409999999998,0.0,72.006065,36.0030325
2,2,146,178,73,89,73,89,0,0,0.001122,0.002,0.01,0.006,0.0,0.0,0.0
52,42,37358,3380,718,80,718,80,0,0,0.49593,9.71751,12.084415,10.9009625,772.039453,25.957641,398.998547
48,50,2974,30506,62,610,62,610,0,0,0.094285,1.999021,1.909775,1.9543979999999999,153.453445,152.251942,152.8526935
52,40,37230,3276,716,82,716,82,0,0,0.592637,11.613549,15.182846,13.3981975,955.343768,31.511426,493.427597
8,12,424,8824,53,735,53,735,0,0,0.005684,0.765571,0.429455,0.597513,46.388379,22.917314,34.6528465
40,42,2558,23162,64,551,64,551,0,0,0.016759,0.421641,0.396049,0.408845,25.332706,23.289805,24.3112555
2,2,146,178,73,89,73,89,0,0,0.001012,0.008,0.006,0.007,0.0,0.0,0.0
2,2,146,178,73,89,73,89,0,0,0.001033,0.008,0.003,0.0055,0.0,0.0,0.0
30,42,2302,34406,77,819,77,819,0,0,0.034552,1.223107,0.829098,1.0261025,68.065922,59.637405,63.8516635
52,42,37358,3380,718,80,718,80,0,0,0.537695,10.536196,13.101293,11.818744500000001,825.825227,26.392229,426.10872800000004
52,42,37358,3380,718,80,718,80,0,0,0.57273,11.223373,13.95722,12.590296500000001,830.398734,26.016098,428.20741599999997
14,18,1684,10168,120,565,120,565,0,0,1.084729,83.415228,63.778471,73.5968495,8791.441667,7698.584046,8245.0128565
40,42,2558,23162,64,551,64,551,0,0,0.012924,0.331974,0.316179,0.3240765,18.833022,18.085877,18.459449499999998
2,2,130,162,65,81,65,81,0,0,0.001045,0.008,0.002,0.005,0.0,0.0,0.0
52,54,2934,3742,56,69,56,69,0,0,0.02321,0.45796,0.427528,0.442744,32.616745,0.790062,16.7034035
8,10,1052,824,132,82,132,82,0,0,0.003966,0.515429,0.385444,0.4504365,33.577546,0.690194,17.133869999999998
2,2,146,178,73,89,73,89,0,0,0.001089,0.009,0.007,0.008,0.0,0.0,0.0
4,4,568,312,142,78,142,78,0,0,0.005296,1.196333,1.247667,1.222,1.683387,1.753861,1.718624
2,2,146,178,73,89,73,89,0,0,0.001046,0.008,0.008,0.008,0.0,0.0,0.0
16,18,1540,1644,96,91,96,91,0,0,0.013673,0.888467,0.777471,0.8329690000000001,61.823289,1.413157,31.618223
52,40,37358,3276,718,82,718,82,0,0,0.924807,18.126784,23.699334,20.913059,1655.625136,55.256977,855.4410565000001
28,42,2198,34406,79,819,79,819,0,0,0.035445,1.300444,0.851,1.0757219999999998,73.986443,60.446815,67.216629
4,4,528,304,132,76,132,76,0,0,0.001669,0.429667,0.210333,0.32,0.601983,0.292506,0.44724450000000004
68,70,4014,59460,59,849,59,849,0,0,0.038724,0.581955,0.553174,0.5675645,0.0,30.810496,15.405248
8,10,1052,824,132,82,132,82,0,0,0.004101,0.536286,0.396556,0.46642100000000003,34.267972,0.70712,17.487546000000002
52,42,37358,3380,718,80,718,80,0,0,1.407315,27.587764,34.312879,30.9503215,1996.27879,61.751168,1029.014979
2,2,146,178,73,89,73,89,0,0,0.001022,0.003,0.001,0.002,0.0,0.0,0.0
4,4,568,312,142,78,142,78,0,0,0.004689,1.206333,1.061667,1.134,1.697529,1.491524,1.5945265000000002
18,20,4136,2560,230,128,230,128,0,0,0.096168,5.639,4.984105,5.3115524999999995,695.023346,19.976336,357.49984099999995
14,18,1684,10168,120,565,120,565,0,0,1.101456,84.700615,64.759,74.72980749999999,8807.089476,7710.99604,8259.042758
64,66,3806,51808,59,785,59,785,0,0,0.024925,0.402967,0.379328,0.3911475,21.024089,20.617487,20.820788
2,2,146,178,73,89,73,89,0,0,0.001015,0.009,0.007,0.008,0.0,0.0,0.0
12,18,1580,10168,132,565,132,565,0,0,1.004724,91.308182,59.068882,75.18853200000001,9528.842049,7674.850205,8601.846127
16,18,1540,1644,96,91,96,91,0,0,0.321029,21.326733,18.854766,20.0907495,1396.207482,38.011109,717.1092955
68,70,4014,59460,59,849,59,849,0,0,0.123563,1.867379,1.781768,1.8245735,0.0,95.220922,47.610461
2,2,132,164,66,82,66,82,0,0,0.001196,0.009,0.007,0.008,0.0,0.0,0.0
16,18,1540,1644,96,91,96,91,0,0,0.017755,1.163667,1.080625,1.1221459999999999,71.600572,1.98499,36.792781
30,42,2302,34406,77,819,77,819,0,0,0.423522,14.593483,10.316634,12.4550585,943.810897,926.530585,935.1707409999999
2,2,132,164,66,82,66,82,0,0,0.001059,0.008,0.007,0.0075,0.0,0.0,0.0
22,24,1920,4312,87,180,87,180,0,0,0.083291,3.94981,3.596522,3.773166,399.36075,382.680583,391.0206665
12,12,1064,2260,89,188,89,188,0,0,0.005268,0.446909,0.416636,0.4317725,22.878944,0.520217,11.6995805
4,4,568,304,142,76,142,76,0,0,0.004547,1.216333,1.018333,1.117333,1.711672,1.429534,1.5706030000000002
16,18,1540,1644,96,91,96,91,0,0,0.018452,1.2092,1.058059,1.1336295,74.571888,2.017433,38.2946605
38,40,2438,18508,64,463,64,463,0,0,0.033175,0.912278,0.823846,0.868062,0.0,60.593261,30.2966305
24,24,2024,4312,84,180,84,180,0,0,0.009597,0.420727,0.395478,0.40810250000000003,29.83532,0.577593,15.2064565
22,26,1920,4416,87,170,87,170,0,0,0.347364,16.524428,13.87352,15.198974,1033.652903,952.155851,992.904377
16,18,1540,1644,96,91,96,91,0,0,0.018284,1.199,1.048118,1.1235590000000002,73.15937,2.057589,37.6084795
2,2,146,178,73,89,73,89,0,0,0.000968,0.005,0.008,0.006500000000000001,0.0,0.0,0.0
16,18,1540,1644,96,91,96,91,0,0,0.018224,1.194133,1.044706,1.1194194999999998,73.644938,1.995106,37.820022
68,70,4014,59460,59,849,59,849,0,0,0.036134,0.542712,0.522824,0.5327679999999999,29.615797,29.237344,29.4265705
52,42,37358,3380,718,80,718,80,0,0,0.817848,16.34978,19.927244,18.138512,1554.050617,50.685898,802.3682575
6,8,320,1826,53,228,53,228,0,0,0.002863,0.5074,0.334857,0.4211285,27.995448,0.530454,14.262951
12,18,1580,10168,132,565,132,565,0,0,1.310872,119.135729,77.078236,98.1069825,9764.373677,7841.42571,8802.8996935
28,28,4256,2976,152,106,152,106,0,0,0.315183,11.661,11.654296,11.657648,669.817573,17.588453,343.703013
52,40,37230,3276,716,82,716,82,0,0,0.448675,8.790549,11.490282,10.1404155,883.198692,30.079689,456.63919050000004
4,4,568,312,142,78,142,78,0,0,0.004837,1.247667,1.074333,1.161,1.75669,1.493908,1.625299
38,40,2438,18508,64,463,64,463,0,0,0.041824,1.153139,1.059564,1.1063515,70.83596,68.479687,69.6578235
16,18,1540,1644,96,91,96,91,0,0,0.28565,19.022734,16.559234,17.790984,1113.438874,31.664654,572.5517639999999
64,66,3806,51808,59,785,59,785,0,0,0.025865,0.40527,0.392969,0.3991195,22.287882,22.011582,22.149732
2,2,130,162,65,81,65,81,0,0,0.001012,0.008,0.005,0.006500000000000001,0.0,0.0,0.0
40,42,2558,23162,64,551,64,551,0,0,0.011772,0.293795,0.272854,0.2833245,17.168683,15.297349,16.233016
8,10,1042,824,130,82,130,82,0,0,0.003957,0.515857,0.378556,0.4472065,32.735528,0.674419,16.7049735
16,18,1272,2572,80,143,80,143,0,0,1.164841,77.633067,68.485352,73.05920950000001,5151.459383,136.970547,2644.214965
16,18,1540,1644,96,91,96,91,0,0,0.321516,21.413933,18.882529,20.148231000000003,1384.546334,39.446402,711.996368
4,4,528,304,132,76,132,76,0,0,0.001707,0.441333,0.201333,0.321333,0.618483,0.277667,0.448075
30,42,2302,34406,77,819,77,819,0,0,0.034626,1.183552,0.831171,1.0073615,66.687561,59.028526,62.8580435
4,4,520,304,130,76,130,76,0,0,0.001748,0.463333,0.21,0.3366665,0.651009,0.290627,0.47081799999999996
2,2,130,162,65,81,65,81,0,0,0.001106,0.009,0.008,0.0085,0.0,0.0,0.0
4,4,520,304,130,76,130,76,0,0,0.035199,6.661333,7.362667,7.0120000000000005,9.408527,10.406727,9.907627
18,18,4136,2456,230,136,230,136,0,0,0.004812,0.265059,0.249824,0.2574415,13.338698,0.346643,6.8426705000000005
12,12,1064,2260,89,188,89,188,0,0,0.004537,0.380727,0.354273,0.3675,18.962785,0.449661,9.706223
16,18,1540,1644,96,91,96,91,0,0,0.018321,1.1976,1.050353,1.1239765,72.807857,2.222152,37.515004499999996
48,50,2974,30506,62,610,62,610,0,0,0.018017,0.373574,0.362688,0.368131,22.588713,22.095022,22.3418675
4,4,528,304,132,76,132,76,0,0,0.273053,85.980664,9.999667,47.9901655,121.590781,14.134593,67.86268700000001
30,42,2302,34406,77,819,77,819,0,0,0.43939,15.140793,10.703952,12.9223725,1015.707914,970.774028,993.240971
16,18,1540,1644,96,91,96,91,0,0,0.012957,0.842267,0.734824,0.7885455,58.081003,1.340242,29.7106225
48,50,2974,30506,62,610,62,610,0,0,0.02063,0.431511,0.407143,0.419327,25.437712,24.212042,24.824877
64,66,3806,51808,59,785,59,785,0,0,0.026993,0.429468,0.405738,0.417603,24.309544,23.608289,23.9589165
18,18,4136,2456,230,136,230,136,0,0,0.007001,0.393882,0.378118,0.386,20.215724,0.650899,10.4333115
14,18,1684,10168,120,565,120,565,0,0,1.007901,77.504925,59.256471,68.380698,8766.759237,7675.929303,8221.34427
4,4,528,304,132,76,132,76,0,0,0.001834,0.485667,0.215,0.3503335,0.680473,0.297698,0.4890855
2,2,146,178,73,89,73,89,0,0,0.001067,0.009,0.001,0.004999999999999999,0.0,0.0,0.0
16,18,1540,1644,96,91,96,91,0,0,0.215827,14.3668,12.666059,13.516429500000001,945.792617,22.58235,484.1874835
16,18,1540,1644,96,91,96,91,0,0,0.013497,0.879733,0.766824,0.8232785,61.427846,1.405841,31.416843500000002
24,24,2024,4312,84,180,84,180,0,0,0.522309,22.692869,22.681,22.6869345,1362.629658,36.445984,699.537821
62,58,5928,8010,96,138,96,138,0,0,0.016845,0.28075,0.289357,0.28505349999999996,20.608276,17.100534,18.854405
40,42,2558,23162,64,551,64,551,0,0,0.014838,0.37241,0.348171,0.3602905,22.720829,21.16306,21.941944499999998
348,746,18578,1087890,53,1458,53,1458,0,0,5.807123,16.778179,7.794165,12.286172,946.89317,617.632548,782.262859
2,2,132,164,66,82,66,82,0,0,0.000974,0.009,0.001,0.004999999999999999,0.0,0.0,0.0
64,66,3806,51808,59,785,59,785,0,0,0.025994,0.407063,0.389031,0.39804700000000004,22.108901,21.740954,21.9249275
4,4,568,312,142,78,142,78,0,0,0.325208,103.322,103.283336,103.30266800000001,146.110891,146.059031,146.08496100000002
22,24,1920,4312,87,180,87,180,0,0,0.008304,0.378381,0.335913,0.357147,23.295169,20.626156,21.9606625
16,18,1540,1644,96,91,96,91,0,0,0.017908,1.174,1.085875,1.1299375,70.786385,2.131535,36.45896
38,40,2438,19266,64,482,64,482,0,0,0.037494,1.003622,0.945051,0.9743364999999999,78.148527,0.0,39.0742635
16,18,1540,1644,96,91,96,91,0,0,0.294701,19.626199,17.304295,18.465246999999998,1272.974702,34.073309,653.5240055
4,4,568,312,142,78,142,78,0,0,0.004729,1.237333,1.040333,1.138833,1.742078,1.465597,1.6038375
8,10,1052,824,132,82,132,82,0,0,0.004029,0.524143,0.386667,0.455405,33.499959,0.698993,17.099476
68,70,4014,59460,59,849,59,849,0,0,0.123602,1.896615,1.784333,1.840474,99.722524,95.0696,97.396062
16,18,1540,1644,96,91,96,91,0,0,0.018464,1.209333,1.058823,1.1340780000000001,73.499624,2.238861,37.8692425
78,80,4550,72810,58,910,58,910,0,0,0.073944,0.955922,0.94082,0.9483710000000001,58.884478,59.255385,59.069931499999996
4,4,528,304,132,76,132,76,0,0,0.118221,34.022332,35.022332,34.522332,48.106359,49.523402,48.8148805
16,18,1540,1644,96,91,96,91,0,0,0.018453,1.209733,1.058235,1.1339839999999999,73.844101,2.077309,37.960705
122,126,7816,15132,64,120,64,120,0,0,1.465875,12.111785,11.81783,11.9648075,810.093576,800.130043,805.1118094999999
2,2,132,164,66,82,66,82,0,0,0.001176,0.008,0.005,0.006500000000000001,0.0,0.0,0.0
16,18,1540,1644,96,91,96,91,0,0,0.333824,22.233734,19.600117,20.916925499999998,1481.618749,39.337004,760.4778765
2,2,146,178,73,89,73,89,0,0,0.001154,0.009,0.007,0.008,0.0,0.0,0.0
48,50,2974,30506,62,610,62,610,0,0,0.036861,0.777553,0.739837,0.758695,47.996943,47.306908,47.651925500000004
16,18,1540,1644,96,91,96,91,0,0,0.018317,1.200867,1.050235,1.125551,72.888307,2.132642,37.5104745
4,4,528,304,132,76,132,76,0,0,0.001756,0.445667,0.227,0.3363335,0.625318,0.31537,0.470344
16,18,1540,1644,96,91,96,91,0,0,0.017915,1.1736,1.025882,1.0997409999999999,71.123596,2.185645,36.6546205
4,4,568,312,142,78,142,78,0,0,0.004481,1.179667,0.989333,1.0845,1.658402,1.39135,1.524876
22,24,1920,4312,87,180,87,180,0,0,0.101332,4.808714,4.574545,4.6916294999999995,417.520941,408.719796,413.1203685
26,28,4552,2976,175,106,175,106,0,0,0.352923,14.10468,13.049519,13.5770995,865.368241,22.769883,444.06906200000003
12,12,1064,2260,89,188,89,188,0,0,0.005135,0.436727,0.415182,0.4259545,23.216047,0.54665,11.8813485
2,2,132,164,66,82,66,82,0,0,0.001065,0.009,0.002,0.0055,0.0,0.0,0.0
16,18,1540,1644,96,91,96,91,0,0,0.017892,1.173,1.025412,1.0992060000000001,70.921369,2.077814,36.4995915
122,126,7810,14540,64,115,64,115,0,0,0.237046,2.094779,1.891872,1.9933255,170.923147,163.689974,167.3065605
8,10,1052,824,132,82,132,82,0,0,0.016095,2.248571,1.734222,1.9913965,130.084649,3.075671,66.58016
16,18,1540,1644,96,91,96,91,0,0,0.017965,1.176867,1.030588,1.1037275000000002,71.945729,1.97095,36.9583395
122,126,7816,15132,64,120,64,120,0,0,0.032651,0.281746,0.256696,0.269221,17.341878,14.624058,15.982968
16,18,1540,1644,96,91,96,91,0,0,0.315587,21.014933,18.533354,19.7741435,1307.224724,35.931391,671.5780575
16,18,1540,1644,96,91,96,91,0,0,0.013566,0.881533,0.771353,0.826443,60.976471,1.416824,31.196647499999997
2,2,146,178,73,89,73,89,0,0,0.001243,0.009,0.006,0.0075,0.0,0.0,0.0
12,12,1064,2260,89,188,89,188,0,0,0.005133,0.435,0.421364,0.428182,26.305632,0.652213,13.4789225
78,80,4550,72810,58,910,58,910,0,0,0.130992,1.695987,1.650519,1.6732529999999999,93.185114,90.176674,91.680894
16,18,1540,1644,96,91,96,91,0,0,0.018342,1.199267,1.051529,1.1253980000000001,72.493586,2.228885,37.3612355
4,4,528,304,132,76,132,76,0,0,0.027296,4.055667,7.671,5.8633334999999995,5.727801,10.83924,8.2835205
16,18,1540,1644,96,91,96,91,0,0,0.235644,15.687199,13.792529,14.739864,1111.728663,28.165895,569.9472790000001
122,126,7810,14540,64,115,64,115,0,0,0.13265,1.130872,1.06546,1.098166,101.15503,97.976028,99.565529
22,24,1920,4312,87,180,87,180,0,0,0.058318,2.760667,2.621318,2.6909925,264.344741,256.563819,260.45428000000004
16,18,1540,1644,96,91,96,91,0,0,0.018383,1.1994,1.053647,1.1265235,73.243755,2.024523,37.634139
2,2,130,162,65,81,65,81,0,0,0.001082,0.009,0.002,0.0055,0.0,0.0,0.0
16,18,1272,2572,80,143,80,143,0,0,0.462491,30.7978,27.172883,28.985341499999997,1832.437024,47.102996,939.7700100000001
2,2,132,164,66,82,66,82,0,0,0.001086,0.009,0.007,0.008,0.0,0.0,0.0
16,18,1540,1644,96,91,96,91,0,0,0.017902,1.173067,1.090625,1.131846,71.335264,2.050902,36.693082999999994
22,26,1920,4416,87,170,87,170,0,0,0.597349,28.428142,23.867721,26.1479315,1678.236157,1535.649907,1606.9430320000001
16,18,1540,1644,96,91,96,91,0,0,0.283914,18.901734,16.668176,17.784955,1103.346734,32.950387,568.1485605
16,18,1540,1644,96,91,96,91,0,0,0.017873,1.171133,1.024,1.0975665000000001,71.22576,2.167471,36.6966155
16,18,1540,1644,96,91,96,91,0,0,0.018337,1.2018,1.051706,1.126753,73.853582,2.012646,37.933114
14,18,1684,10168,120,565,120,565,0,0,1.006935,77.430151,59.182176,68.3061635,8766.049347,7676.6732,8221.3612735
16,18,1540,1644,96,91,96,91,0,0,0.315215,20.991533,18.509412,19.7504725,1151.56875,35.368172,593.4684609999999
4,4,568,312,142,78,142,78,0,0,0.056453,13.676333,18.300334,15.9883335,19.329234,25.871387,22.6003105
16,18,1540,1644,96,91,96,91,0,0,0.013651,0.888933,0.825063,0.8569979999999999,61.978562,1.47193,31.725246
4,4,568,312,142,78,142,78,0,0,0.327298,104.01,51.303668,77.656834,147.080328,72.550102,109.815215
16,18,1540,1644,96,91,96,91,0,0,0.013351,0.869933,0.758412,0.8141725,60.429167,1.38273,30.9059485
52,54,2934,3742,56,69,56,69,0,0,0.030639,0.594529,0.57975,0.5871394999999999,47.326842,1.264604,24.295723
30,42,2302,34406,77,819,77,819,0,0,0.034665,1.184552,0.831976,1.008264,67.046789,59.775745,63.411267
30,42,2302,34406,77,819,77,819,0,0,0.036879,1.260793,0.887854,1.0743235,71.075289,60.981887,66.028588
28,30,4656,3080,166,103,166,103,0,0,0.603411,22.336666,20.787068,21.561867,1253.25706,32.083793,642.6704265
78,80,4550,72810,58,910,58,910,0,0,0.034944,0.448883,0.438974,0.44392849999999995,23.203917,22.84563,23.024773500000002
14,6,8928,320,638,53,638,53,0,0,0.008375,0.644231,1.5414,1.0928155,39.830886,2.768523,21.2997045
38,40,2438,18508,64,463,64,463,0,0,0.009849,0.263417,0.238487,0.250952,0.0,13.819941,6.9099705
16,18,1272,2572,80,143,80,143,0,0,0.71513,47.652002,42.031059,44.841530500000005,3396.804779,91.618961,1744.21187
2,2,146,178,73,89,73,89,0,0,0.001009,0.008,0.002,0.005,0.0,0.0,0.0
2,2,130,162,65,81,65,81,0,0,0.001142,0.009,0.007,0.008,0.0,0.0,0.0
2,2,130,162,65,81,65,81,0,0,0.000991,0.009,0.008,0.0085,0.0,0.0,0.0
16,18,1540,1644,96,91,96,91,0,0,0.265768,17.695533,15.606471,16.651002000000002,1294.241444,31.226576,662.73401
16,18,1540,1644,96,91,96,91,0,0,0.018335,1.2016,1.050941,1.1262705,72.58065,2.142567,37.3616085
64,66,3806,51808,59,785,59,785,0,0,0.054633,0.862286,0.832154,0.84722,67.973999,65.282103,66.628051
16,18,1540,1644,96,91,96,91,0,0,0.018334,1.201933,1.051059,1.126496,72.776841,2.069402,37.4231215
4,4,528,304,132,76,132,76,0,0,0.001606,0.414667,0.199333,0.307,0.581477,0.278367,0.429922
2,2,132,164,66,82,66,82,0,0,0.001114,0.009,0.006,0.0075,0.0,0.0,0.0
14,18,1684,10168,120,565,120,565,0,0,1.266913,97.428077,74.489588,85.9588325,9759.753199,8543.532633,9151.642916
236,438,13558,548216,57,1252,57,1252,0,0,1.157603,4.966858,2.653975,3.8104165,1087.730111,794.806878,941.2684945000001
8,10,1052,824,132,82,132,82,0,0,0.004033,0.524571,0.386667,0.455619,33.314258,0.690452,17.002355
8,10,1052,824,132,82,132,82,0,0,0.01611,2.253286,1.731,1.992143,129.832828,3.051537,66.4421825
48,50,2974,30506,62,610,62,610,0,0,0.037652,0.811261,0.776383,0.793822,68.023164,66.728918,67.37604099999999
8,10,1052,824,132,82,132,82,0,0,0.003911,0.509571,0.377889,0.44372999999999996,32.695507,0.686709,16.691108
90,92,5174,83812,57,911,57,911,0,0,0.09489,1.062618,1.037132,1.0498750000000001,70.291052,68.00757,69.149311
30,42,2302,34406,77,819,77,819,0,0,0.439907,15.158379,10.631147,12.894763000000001,932.63812,786.088399,859.3632594999999
16,18,1272,2572,80,143,80,143,0,0,0.375754,25.026201,22.068,23.5471005,2219.297605,61.734953,1140.5162790000002
2,2,132,164,66,82,66,82,0,0,0.00118,0.008,0.007,0.0075,0.0,0.0,0.0
2,2,146,178,73,89,73,89,0,0,0.001026,0.001,0.005,0.003,0.0,0.0,0.0
8,10,1052,824,132,82,132,82,0,0,0.004624,0.612143,0.451444,0.5317935,39.926227,0.73946,20.3328435
122,126,7810,14540,64,115,64,115,0,0,1.452215,12.097967,11.613384,11.8556755,796.773489,782.987501,789.880495
2,2,132,164,66,82,66,82,0,0,0.001004,0.001,0.002,0.0015,0.0,0.0,0.0
2,2,146,178,73,89,73,89,0,0,0.001186,0.009,0.001,0.004999999999999999,0.0,0.0,0.0
22,24,1920,4312,87,180,87,180,0,0,0.006023,0.270571,0.230826,0.2506985,16.727607,13.518704,15.1231555
14,18,1684,10168,120,565,120,565,0,0,1.132897,87.119459,66.612412,76.8659355,8828.86322,7731.605889,8280.234554499999
16,18,1540,1644,96,91,96,91,0,0,0.018338,1.2016,1.050647,1.1261235,73.03556,2.256671,37.6461155
2,2,146,178,73,89,73,89,0,0,0.001037,0.005,0.008,0.006500000000000001,0.0,0.0,0.0
2,2,146,178,73,89,73,89,0,0,0.001171,0.009,0.001,0.004999999999999999,0.0,0.0,0.0
16,18,1540,1644,96,91,96,91,0,0,0.018359,1.203267,1.052882,1.1280745,72.750739,2.169239,37.459989
2,2,146,178,73,89,73,89,0,0,0.001358,0.008,0.025,0.0165,0.0,0.0,0.0
8,12,424,8824,53,735,53,735,0,0,0.007579,1.021714,0.435909,0.7288115,56.258905,23.681819,39.970362
16,18,1540,1644,96,91,96,91,0,0,0.018311,1.1994,1.050412,1.124906,72.884949,2.092029,37.488489
48,50,2974,30506,62,610,62,610,0,0,0.088011,1.906283,1.785898,1.8460904999999999,119.942744,116.496324,118.21953400000001
4,4,568,304,142,76,142,76,0,0,0.31418,99.671,79.619,89.64500000000001,140.943359,112.594734,126.7690465
8,10,1052,824,132,82,132,82,0,0,0.004033,0.524571,0.386667,0.455619,33.314258,0.690452,17.002355
68,70,4014,59460,59,849,59,849,0,0,0.067272,1.027615,0.967,0.9973075,67.295402,64.736746,66.016074
360,746,19202,1087890,53,1458,53,1458,0,0,1.243767,3.463432,1.668781,2.5661065,186.882759,104.080768,145.4817635
28,42,2198,34406,79,819,79,819,0,0,0.034763,1.276259,0.835317,1.055788,72.494511,58.751439,65.622975
40,40,2542,19266,64,482,64,482,0,0,0.089122,2.052205,2.313816,2.1830105,0.0,4.852097,2.4260485
12,12,1064,2260,89,188,89,188,0,0,0.004057,0.337545,0.314636,0.3260905,17.169046,0.373473,8.771259500000001
52,42,37358,3380,718,80,718,80,0,0,0.052206,1.03536,1.261707,1.1485335,75.462691,3.848622,39.655656500000006
28,30,4656,3080,166,103,166,103,0,0,0.350079,12.953593,12.053689,12.503641,754.787355,19.302982,387.04516850000005
12,12,1064,2260,89,188,89,188,0,0,0.003887,0.323364,0.300455,0.3119095,16.044316,0.379903,8.212109499999999
22,24,1920,4312,87,180,87,180,0,0,0.811529,38.627524,35.256042,36.941783,2585.623381,2470.209748,2527.9165645000003
68,70,4014,59460,59,849,59,849,0,0,0.072343,1.074582,0.973551,1.0240665,64.964483,60.278493,62.621488
78,80,4550,72810,58,910,58,910,0,0,0.034646,0.445675,0.430797,0.43823599999999996,23.080112,22.604695,22.8424035
92,92,5278,83812,57,911,57,911,0,0,0.0993,1.087418,1.079711,1.0835645,74.537012,1.900909,38.2189605
16,18,1540,1644,96,91,96,91,0,0,0.309753,20.627734,18.155883,19.3918085,1305.246036,35.250141,670.2480885
16,18,1540,1644,96,91,96,91,0,0,0.021469,1.409933,1.235588,1.3227605,90.956807,2.917386,46.937096499999996
4,4,520,304,130,76,130,76,0,0,0.096983,27.327334,19.626,23.476667,38.638906,27.748285,33.1935955
6,0,384,0,64,0,64,0,0,0,50.004372,10000.877,0.0,5000.4385,3.162436,0.0,1.581218
6,0,384,0,64,0,64,0,0,0,50.004372,10000.879,0.0,5000.4395,0.0,0.0,0.0
16,18,1540,1644,96,91,96,91,0,0,0.31378,20.898533,19.579438,20.2389855,1377.497334,38.654938,708.0761359999999
2,2,132,164,66,82,66,82,0,0,0.001093,0.008,0.007,0.0075,0.0,0.0,0.0
240,438,13766,548216,57,1252,57,1252,0,0,1.740708,7.281853,3.982279,5.632066,2330.44061,1723.511814,2026.976212
2,2,130,162,65,81,65,81,0,0,0.001032,0.008,0.009,0.0085,0.0,0.0,0.0
14,18,1684,10168,120,565,120,565,0,0,1.010579,77.710385,59.417882,68.5641335,8770.44119,7682.568325,8226.504757499999
2,2,132,164,66,82,66,82,0,0,0.000995,0.009,0.007,0.008,0.0,0.0,0.0
14,18,1684,10168,120,565,120,565,0,0,1.162759,96.867331,68.365765,82.616548,9198.866182,7742.969865,8470.9180235
4,4,520,304,130,76,130,76,0,0,0.00179,0.442,0.240333,0.3411665,0.619426,0.334934,0.47718000000000005
4,4,528,304,132,76,132,76,0,0,0.261118,81.676336,65.341,73.508668,115.495758,92.399055,103.9474065
108,114,9504,12298,88,108,88,108,0,0,0.348862,3.288255,3.194284,3.2412695,201.060385,198.058329,199.55935699999998
38,40,2438,18508,64,463,64,463,0,0,0.039007,1.074472,0.985641,1.0300565000000002,66.340317,63.18308,64.7616985
16,18,1540,1644,96,91,96,91,0,0,0.285794,20.392142,16.781176,18.586658999999997,1188.186402,33.242383,610.7143925
40,42,2558,23162,64,551,64,551,0,0,0.027239,0.688205,0.66905,0.6786274999999999,0.0,48.636037,24.3180185
14,18,1684,10168,120,565,120,565,0,0,1.166935,89.738156,68.609529,79.1738425,8834.954008,7781.351271,8308.1526395
78,80,4550,72810,58,910,58,910,0,0,0.034924,0.455408,0.433734,0.444571,23.645909,22.744415,23.195162
16,18,1540,1644,96,91,96,91,0,0,0.01836,1.2036,1.053353,1.1284765,73.12598,2.041395,37.583687499999996
2,2,146,178,73,89,73,89,0,0,0.001035,0.005,0.009,0.006999999999999999,0.0,0.0,0.0
2,2,146,178,73,89,73,89,0,0,0.001116,0.009,0.007,0.008,0.0,0.0,0.0
30,42,2302,34406,77,819,77,819,0,0,0.03885,1.376,0.935341,1.1556704999999998,74.291052,68.694464,71.492758
16,18,1540,1644,96,91,96,91,0,0,0.288774,19.230734,16.955117,18.0929255,1150.509271,33.387102,591.9481864999999
16,18,1540,1644,96,91,96,91,0,0,0.013295,0.865067,0.755353,0.8102100000000001,59.804621,1.36885,30.5867355
22,24,1920,4312,87,180,87,180,0,0,0.134356,6.69265,5.816522,6.254586,465.965301,434.200517,450.082909
122,126,7816,15132,64,120,64,120,0,0,0.645716,5.515991,5.218057,5.367024,509.78396,514.757511,512.2707355
4,4,568,304,142,76,142,76,0,0,0.004492,1.205667,1.018,1.1118335,1.700121,1.429063,1.564592
4,4,528,304,132,76,132,76,0,0,0.073101,18.989334,7.675667,13.3325005,26.846488,10.847961,18.8472245
12,18,1580,10168,132,565,132,565,0,0,1.034798,94.041912,60.840291,77.4411015,9535.812504,7678.330391,8607.0714475
366,746,19514,1087890,53,1458,53,1458,0,0,1.226362,3.377554,1.642482,2.510018,175.068793,104.257505,139.663149
2,2,146,178,73,89,73,89,0,0,0.001016,0.009,0.002,0.0055,0.0,0.0,0.0
16,18,1540,1644,96,91,96,91,0,0,0.01844,1.208667,1.056353,1.13251,74.216025,1.999634,38.1078295
90,92,5174,83812,57,911,57,911,0,0,0.093866,1.075322,1.04782,1.0615709999999998,74.870821,74.872038,74.8714295
28,30,4656,3080,166,103,166,103,0,0,1.205908,44.651852,41.560898,43.106375,2659.688997,69.552125,1364.6205610000002
38,40,2438,19266,64,482,64,482,0,0,0.028654,0.786556,0.721769,0.7541625000000001,0.0,52.232358,26.116179
2,2,146,178,73,89,73,89,0,0,0.000966,0.003,0.007,0.005,0.0,0.0,0.0
28,30,4656,3080,166,103,166,103,0,0,0.42426,15.70137,14.607138,15.154254000000002,954.793233,25.081428,489.9373305
234,438,13454,548216,57,1252,57,1252,0,0,2.349133,10.080673,5.374519,7.727596,3568.978171,2605.581987,3087.280079
14,18,1684,10168,120,565,120,565,0,0,1.005391,77.311998,59.106943,68.20947050000001,8765.475713,7674.383502,8219.9296075
64,66,3806,51808,59,785,59,785,0,0,0.041902,0.670919,0.635523,0.653221,41.450875,40.000863,40.725869
22,24,1920,4312,87,180,87,180,0,0,0.007038,0.317524,0.28287,0.300197,18.618709,17.07931,17.8490095
16,18,1540,1644,96,91,96,91,0,0,0.289598,19.285201,17.005766,18.1454835,1292.504598,35.71268,664.108639
16,18,1540,1644,96,91,96,91,0,0,0.018575,1.2176,1.034471,1.1260355,72.202233,2.020733,37.11148300000001
4,4,528,304,132,76,132,76,0,0,0.002408,0.547333,0.352667,0.44999999999999996,0.768389,0.495211,0.6318
2,2,146,178,73,89,73,89,0,0,0.00101,0.009,0.005,0.006999999999999999,0.0,0.0,0.0
4,4,568,312,142,78,142,78,0,0,0.005372,1.455667,1.288333,1.3719999999999999,2.05014,1.814908,1.932524
8,10,1052,824,132,82,132,82,0,0,0.003938,0.514143,0.379,0.4465715,32.842479,0.688993,16.765735999999997
2,2,132,164,66,82,66,82,0,0,0.001017,0.009,0.005,0.006999999999999999,0.0,0.0,0.0
4,4,520,304,130,76,130,76,0,0,0.002946,0.834667,0.655667,0.745167,1.177568,0.923717,1.0506425
16,18,1540,1644,96,91,96,91,0,0,0.017364,1.134933,0.995118,1.0650255,75.470828,2.044289,38.7575585
14,18,1684,10168,120,565,120,565,0,0,1.013944,77.963459,59.612176,68.7878175,8766.588922,7675.499251,8221.0440865
366,746,19514,1087890,53,1458,53,1458,0,0,1.226362,3.377554,1.642482,2.510018,175.068793,104.257505,139.663149
452,858,25368,1094788,56,1276,56,1276,0,0,5.228776,11.592973,6.100712,8.846842500000001,5067.994559,3675.873398,4371.9339785
4,4,568,304,142,76,142,76,0,0,0.01115,3.2,1.600333,2.4001665,4.519827,2.260385,3.3901060000000003
18,18,4136,2456,230,136,230,136,0,0,0.004728,0.261,0.246471,0.2537355,13.00643,0.333708,6.670069
16,18,1540,1644,96,91,96,91,0,0,0.022221,1.458667,1.28,1.3693335,88.472047,2.651681,45.561864
4,4,568,304,142,76,142,76,0,0,0.087137,24.679666,23.923,24.301333,34.893129,33.826574,34.359851500000005
14,18,1684,10168,120,565,120,565,0,0,1.077421,82.850925,63.343412,73.09716850000001,8787.481268,7694.588392,8241.03483
18,18,3736,2456,208,136,208,136,0,0,0.005379,0.297647,0.283471,0.290559,14.544065,0.371948,7.4580065
16,18,1540,1644,96,91,96,91,0,0,0.022215,1.4606,1.280412,1.370506,93.016591,2.583353,47.799972000000004
354,746,18890,1087890,53,1458,53,1458,0,0,5.520661,15.638363,7.409062,11.5237125,903.316536,579.985591,741.6510635
16,18,1540,1644,96,91,96,91,0,0,0.018634,1.221467,1.064118,1.1427925,73.8885,2.197483,38.0429915
28,30,4256,3080,152,103,152,103,0,0,0.372471,13.781777,12.827689,13.304732999999999,719.51497,17.452666,368.483818
66,64,3910,51704,59,808,59,808,0,0,0.04298,0.675889,0.67327,0.6745795,43.430699,1.215144,22.3229215
48,50,2974,30506,62,610,62,610,0,0,0.025919,0.544638,0.516102,0.53037,35.560437,35.62818,35.5943085
28,30,4656,3080,166,103,166,103,0,0,0.387369,14.335519,13.337552,13.8365355,777.17217,19.571807,398.37198850000004
68,70,4014,59460,59,849,59,849,0,0,0.060942,0.918636,0.876391,0.8975135000000001,55.617762,52.064097,53.8409295
30,42,2302,34406,77,819,77,819,0,0,0.035521,1.214517,0.853122,1.0338195000000001,68.142809,59.133722,63.6382655
2,2,132,164,66,82,66,82,0,0,0.001038,0.001,0.009,0.004999999999999999,0.0,0.0,0.0
40,42,2558,23162,64,551,64,551,0,0,0.021863,0.552487,0.5324,0.5424435,36.171319,36.546894,36.359106499999996
2,2,132,164,66,82,66,82,0,0,0.001097,0.009,0.007,0.008,0.0,0.0,0.0
4,4,568,312,142,78,142,78,0,0,0.409362,123.344336,114.992,119.16816800000001,174.42675,162.615469,168.5211095
16,18,1540,1644,96,91,96,91,0,0,0.302912,20.1738,17.784941,18.9793705,1386.508117,28.976664,707.7423905
16,18,1540,1644,96,91,96,91,0,0,0.022416,1.473,1.291118,1.382059,93.19701,2.492476,47.844743
22,24,1920,4312,87,180,87,180,0,0,0.157364,7.477047,6.813609,7.145327999999999,480.15381,460.351281,470.2525455
40,42,2558,23162,64,551,64,551,0,0,0.017781,0.459868,0.420317,0.4400925,28.434161,25.967475,27.200817999999998
8,10,1052,824,132,82,132,82,0,0,0.019096,2.679429,2.067222,2.3733255,182.686537,4.090774,93.3886555
64,66,3806,51808,59,785,59,785,0,0,0.027933,0.438127,0.426672,0.4323995,24.38398,23.967729,24.1758545
16,18,1540,1644,96,91,96,91,0,0,0.018053,1.182067,1.035294,1.1086805,72.74343,1.969613,37.3565215
16,18,1272,2572,80,143,80,143,0,0,0.317093,21.050933,18.622059,19.836496,1404.105552,37.534301,720.8199265
16,18,1540,1644,96,91,96,91,0,0,0.383587,25.551666,22.534766,24.043216,1525.295864,39.426441,782.3611525
16,18,1540,1644,96,91,96,91,0,0,0.02223,1.4604,1.280412,1.370406,92.141746,2.521148,47.331447
40,42,2558,23162,64,551,64,551,0,0,0.012962,0.332763,0.309775,0.321269,18.941219,18.004178,18.4726985
4,0,268,0,67,0,67,0,0,0,4.999573,1666.524375,0.0,833.2621875,2356.805,0.0,1178.4025
16,18,1540,1644,96,91,96,91,0,0,0.351896,23.437666,20.670529,22.054097499999997,1503.917208,37.390785,770.6539965000001
4,4,568,312,142,78,142,78,0,0,0.123372,35.998,35.982332,35.990166,50.898254,50.877512,50.887883
8,10,1052,824,132,82,132,82,0,0,0.004279,0.559714,0.416,0.487857,36.189866,0.707815,18.4488405
28,30,4656,3080,166,103,166,103,0,0,0.672348,24.890259,23.167449,24.028854000000003,1369.308078,34.883828,702.095953
16,18,1540,1644,96,91,96,91,0,0,0.345777,23.0312,20.304766,21.667983,1484.19814,36.177543,760.1878415
38,40,2438,18508,64,463,64,463,0,0,0.010114,0.279943,0.243974,0.2619585,16.014369,14.769023,15.391696
8,10,1052,824,132,82,132,82,0,0,0.0041,0.535429,0.394,0.46471450000000003,34.140232,0.702931,17.4215815
450,858,25264,1094788,56,1276,56,1276,0,0,5.826909,13.005797,6.798623,9.90221,4886.717471,3530.042347,4208.379909
22,26,1920,4416,87,170,87,170,0,0,0.007343,0.333095,0.283125,0.30811,22.038859,16.35442,19.1966395
30,42,2302,34406,77,819,77,819,0,0,0.038593,1.320172,0.926829,1.1235005,79.072041,73.153916,76.1129785
28,30,4256,3080,152,103,152,103,0,0,1.087919,40.281853,37.494035,38.887944,2238.82203,57.179293,1148.0006615
16,18,1540,1644,96,91,96,91,0,0,0.01326,0.8634,0.753882,0.8086409999999999,59.837305,1.375086,30.606195500000002
12,12,1064,2260,89,188,89,188,0,0,0.00478,0.403909,0.379273,0.391591,20.796517,0.503416,10.649966500000001
122,126,7810,14540,64,115,64,115,0,0,1.060883,8.837925,8.541605,8.689765000000001,563.095327,557.178765,560.137046
16,18,1540,1644,96,91,96,91,0,0,0.018252,1.192133,1.046765,1.119449,72.033894,2.155623,37.094758500000005
16,18,1540,1644,96,91,96,91,0,0,0.018326,1.2016,1.051118,1.1263589999999999,72.859612,2.09522,37.477416
8,10,1052,824,132,82,132,82,0,0,0.015154,2.112857,1.631444,1.8721505,120.80674,2.90691,61.856825
14,18,1684,10168,120,565,120,565,0,0,1.162791,89.417695,68.367941,78.892818,8846.840663,7745.596008,8296.218335500002
40,42,2558,23162,64,551,64,551,0,0,0.011882,0.310676,0.276902,0.29378899999999997,0.0,16.630463,8.3152315
62,58,5928,8010,96,138,96,138,0,0,0.841757,13.799295,15.01716,14.4082275,804.241341,840.868783,822.555062
22,24,1920,4312,87,180,87,180,0,0,0.095617,4.535048,4.135348,4.335198,413.658631,394.279482,403.96905649999997
2,2,146,178,73,89,73,89,0,0,0.001017,0.009,0.005,0.006999999999999999,0.0,0.0,0.0
4,4,568,312,142,78,142,78,0,0,0.004624,1.194333,1.041333,1.117833,1.681973,1.462768,1.5723705
20,20,4240,2560,212,128,212,128,0,0,0.119028,6.248632,6.237421,6.2430265,685.582449,20.593473,353.087961
62,58,5928,8010,96,138,96,138,0,0,0.826774,13.553673,14.492386,14.0230295,784.971057,813.688815,799.329936
14,18,1684,10168,120,565,120,565,0,0,1.012768,77.879615,59.547471,68.713543,8765.645349,7675.545026,8220.5951875
2,2,146,178,73,89,73,89,0,0,0.000967,0.001,0.003,0.002,0.0,0.0,0.0
12,12,1064,2260,89,188,89,188,0,0,0.004218,0.353364,0.322182,0.337773,17.796648,0.39232,9.094484000000001
64,66,3806,51808,59,785,59,785,0,0,0.04169,0.667516,0.607954,0.6377349999999999,40.401173,37.931212,39.1661925
4,4,520,304,130,76,130,76,0,0,0.001751,0.461667,0.210333,0.33599999999999997,0.645824,0.291099,0.4684615
52,42,37358,3380,718,80,718,80,0,0,0.021366,0.4203,0.509195,0.4647475,23.029085,0.914051,11.971568
2,2,130,162,65,81,65,81,0,0,0.000983,0.001,0.005,0.003,0.0,0.0,0.0
2,2,146,178,73,89,73,89,0,0,0.000991,0.009,0.007,0.008,0.0,0.0,0.0
4,4,528,304,132,76,132,76,0,0,0.001645,0.423333,0.200333,0.311833,0.593734,0.279073,0.4364035
2,2,146,178,73,89,73,89,0,0,0.001128,0.009,0.007,0.008,0.0,0.0,0.0
30,42,2302,34406,77,819,77,819,0,0,0.468482,16.143827,11.414049,13.778938,1138.601626,911.654709,1025.1281675
52,42,37230,3380,716,80,716,80,0,0,0.03534,0.713959,0.846683,0.780321,47.467322,1.940581,24.703951500000002
2,2,130,162,65,81,65,81,0,0,0.001215,0.009,0.007,0.008,0.0,0.0,0.0
4,4,528,304,132,76,132,76,0,0,0.00178,0.451,0.232,0.3415,0.631448,0.32245,0.476949
106,114,9400,12298,89,108,89,108,0,0,0.350174,3.241248,3.207486,3.224367,203.506592,198.812602,201.15959700000002
6,0,384,0,64,0,64,0,0,0,50.004345,10000.871,0.0,5000.4355,0.020426,0.0,0.010213
40,42,2558,23162,64,551,64,551,0,0,0.01267,0.332081,0.30545,0.31876550000000003,18.805447,17.567312,18.1863795
40,42,2558,23162,64,551,64,551,0,0,0.019481,0.49,0.461098,0.475549,33.056409,30.913466,31.9849375
28,30,4656,3080,166,103,166,103,0,0,0.387286,14.332444,13.335689,13.8340665,773.052771,19.364033,396.208402
64,66,3806,51808,59,785,59,785,0,0,0.027987,0.45359,0.421092,0.437341,25.853446,24.465257,25.1593515
6,0,384,0,64,0,64,0,0,0,50.004341,10000.87,0.0,5000.435,0.019647,0.0,0.0098235
2,2,146,178,73,89,73,89,0,0,0.001063,0.008,0.004,0.006,0.0,0.0,0.0
18,18,4136,2456,230,136,230,136,0,0,0.004826,0.265353,0.252235,0.25879399999999997,13.193026,0.344742,6.768884
16,18,1540,1644,96,91,96,91,0,0,0.364896,24.306134,21.436295,22.8712145,1454.140498,37.601793,745.8711455
78,80,4550,72810,58,910,58,910,0,0,0.056995,0.736195,0.714266,0.7252305,46.441965,45.762579,46.102272
6,8,320,1826,53,228,53,228,0,0,0.046273,9.1922,6.539286,7.865743,641.04353,15.711745,328.3776375
62,58,5928,8010,96,138,96,138,0,0,1.061277,17.687949,18.606526,18.1472375,1090.745582,1119.380262,1105.062922
4,4,568,304,142,76,142,76,0,0,0.039172,8.003,12.581,10.292,11.305931,17.783736,14.5448335
64,66,3806,51808,59,785,59,785,0,0,0.026554,0.423306,0.398831,0.4110685,22.820493,21.98039,22.4004415
22,24,1920,4312,87,180,87,180,0,0,0.008218,0.3938,0.33013,0.361965,23.923503,18.518707,21.221105
8,10,1052,824,132,82,132,82,0,0,0.014047,1.955143,1.506889,1.7310159999999999,113.015824,2.628245,57.8220345
2,2,146,178,73,89,73,89,0,0,0.00101,0.005,0.007,0.006,0.0,0.0,0.0
4,4,568,312,142,78,142,78,0,0,0.004982,1.298667,1.093333,1.1960000000000002,1.828815,1.536307,1.6825610000000002
8,12,424,8824,53,735,53,735,0,0,0.222431,31.732001,20.178091,25.955046,2157.475108,1716.35801,1936.916559
92,90,5278,83708,57,930,57,930,0,0,0.094334,1.044311,1.053719,1.049015,63.607426,1.695765,32.6515955
2,2,132,164,66,82,66,82,0,0,0.000959,0.001,0.009,0.004999999999999999,0.0,0.0,0.0
4,4,528,304,132,76,132,76,0,0,0.036169,7.017667,7.679,7.348333500000001,9.913166,10.84914,10.381153000000001
38,40,2438,18508,64,463,64,463,0,0,0.042178,1.130243,1.125432,1.1278375,70.166629,70.069883,70.118256
40,42,2558,23162,64,551,64,551,0,0,0.020864,0.527026,0.5078,0.517413,0.0,32.50959,16.254795
52,42,37230,3380,716,80,716,80,0,0,0.030679,0.6065,0.735781,0.6711405,34.649222,1.487815,18.0685185
38,40,2438,18508,64,463,64,463,0,0,0.041798,1.121243,1.087605,1.1044239999999999,69.41283,69.247597,69.3302135
4,4,520,304,130,76,130,76,0,0,0.010385,0.636,2.910333,1.7731665,0.895904,4.109469,2.5026865
8,10,1052,824,132,82,132,82,0,0,0.032216,4.553572,3.524,4.038786,293.977633,7.845124,150.9113785
4,4,568,304,142,76,142,76,0,0,0.004416,1.183,1.009667,1.0963335,1.668772,1.417985,1.5433785
38,40,2438,19266,64,482,64,482,0,0,0.017185,0.481914,0.426513,0.4542135,31.259141,28.490134,29.8746375
62,58,5928,8010,96,138,96,138,0,0,0.145779,2.38982,2.637964,2.5138920000000002,229.849505,0.0,114.9247525
64,66,3806,51808,59,785,59,785,0,0,0.037985,0.617262,0.5658,0.591531,36.667693,33.711071,35.189381999999995
12,12,1064,2260,89,188,89,188,0,0,0.00459,0.386909,0.361364,0.3741365,19.53011,0.48029,10.0052
2,2,132,164,66,82,66,82,0,0,0.00096,0.009,0.007,0.008,0.0,0.0,0.0
16,18,1540,1644,96,91,96,91,0,0,0.013259,0.861667,0.753412,0.8075395,59.979435,1.378946,30.6791905
48,50,2974,30506,62,610,62,610,0,0,0.023957,0.513935,0.488271,0.5011030000000001,33.071982,30.963811,32.0178965
18,20,3736,2560,208,128,208,128,0,0,0.046403,2.709824,2.417053,2.5634385,326.350141,9.249613,167.799877
14,18,1684,10168,120,565,120,565,0,0,1.007913,77.435925,59.260412,68.3481685,8765.61506,7684.791374,8225.203217
2,2,146,178,73,89,73,89,0,0,0.000973,0.005,0.008,0.006500000000000001,0.0,0.0,0.0
2,2,130,162,65,81,65,81,0,0,0.001065,0.009,0.007,0.008,0.0,0.0,0.0
12,12,1064,2260,89,188,89,188,0,0,0.004765,0.397818,0.379364,0.388591,21.995104,0.428785,11.211944500000001
22,24,1920,4312,87,180,87,180,0,0,0.257379,12.237857,11.167348,11.702602500000001,693.075281,656.633224,674.8542525
52,42,37358,3380,718,80,718,80,0,0,0.027768,0.5485,0.663854,0.606177,34.901578,1.178214,18.039896
4,4,568,312,142,78,142,78,0,0,0.08732,23.997334,24.021334,24.009334,33.925332,33.964223,33.9447775
78,80,4550,72810,58,910,58,910,0,0,0.034998,0.450519,0.441782,0.4461505,24.012888,23.503536,23.758212
52,42,37358,3380,718,80,718,80,0,0,0.479793,9.58914,11.690269,10.6397045,764.693775,25.489307,395.091541
2,2,146,178,73,89,73,89,0,0,0.000957,0.004,0.007,0.0055,0.0,0.0,0.0
14,18,1684,10168,120,565,120,565,0,0,1.053949,81.046695,61.969,71.5078475,8775.135312,7683.993708,8229.56451
30,42,2302,34406,77,819,77,819,0,0,0.03463,1.183034,0.827683,1.0053584999999998,66.7084,59.154105,62.9312525
6,8,320,1826,53,228,53,228,0,0,0.002771,0.4916,0.329143,0.4103715,27.615997,0.537642,14.0768195
368,746,19618,1087890,53,1458,53,1458,0,0,4.584615,12.52541,6.152638,9.339024,753.170416,504.432552,628.8014840000001
2,2,146,178,73,89,73,89,0,0,0.001038,0.009,0.007,0.008,0.0,0.0,0.0
68,70,4014,59460,59,849,59,849,0,0,0.045809,0.689318,0.657087,0.6732024999999999,38.906894,37.495346,38.20112
16,18,1540,1644,96,91,96,91,0,0,0.018025,1.179333,1.033353,1.1063429999999999,71.568867,2.188644,36.8787555
8,12,424,8824,53,735,53,735,0,0,0.005264,0.706286,0.430182,0.568234,45.650478,24.096455,34.8734665
26,28,4152,2976,160,106,160,106,0,0,0.290575,11.61068,10.742667,11.1766735,668.346533,17.17341,342.7599715
16,18,1540,1644,96,91,96,91,0,0,0.01809,1.185467,1.102313,1.14389,72.110708,2.084539,37.097623500000005
8,12,424,8824,53,735,53,735,0,0,0.222463,31.735427,20.170181,25.952804,2140.872141,1702.559119,1921.71563
14,18,1684,10168,120,565,120,565,0,0,1.005584,77.326541,59.118412,68.2224765,8765.541137,7674.407948,8219.9745425
40,42,2558,23162,64,551,64,551,0,0,0.020974,0.543711,0.500244,0.5219775,30.721653,30.238608,30.4801305
2,2,130,162,65,81,65,81,0,0,0.000996,0.009,0.005,0.006999999999999999,0.0,0.0,0.0
122,126,7816,15132,64,120,64,120,0,0,1.022652,8.448909,8.17676,8.312834500000001,551.889655,544.611416,548.2505355
450,858,25264,1094788,56,1276,56,1276,0,0,5.878957,13.092764,6.859382,9.976073,5504.87328,3984.387858,4744.630569
224,438,12934,548216,58,1252,58,1252,0,0,2.93861,13.176278,6.7388,9.957539,4936.650765,3530.651695,4233.65123
434,858,24432,1094788,56,1276,56,1276,0,0,6.955299,16.099509,8.124734,12.1121215,5914.735742,4197.409234,5056.072488
2,2,130,162,65,81,65,81,0,0,0.000938,0.009,0.002,0.0055,0.0,0.0,0.0
2,2,146,178,73,89,73,89,0,0,0.001051,0.008,0.007,0.0075,0.0,0.0,0.0
420,858,23704,1094788,56,1276,56,1276,0,0,6.64635,15.899639,7.772967,11.836303000000001,6012.662332,4201.171196,5106.916764
22,24,1920,4312,87,180,87,180,0,0,0.672355,32.000904,29.208434,30.604669,2359.311198,2257.20622,2308.2587089999997
14,6,8928,320,638,53,638,53,0,0,0.222603,17.123307,44.397199,30.760253,1578.026901,67.638805,822.832853
18,18,4136,2456,230,136,230,136,0,0,0.00471,0.257882,0.247941,0.2529115,12.77906,0.322441,6.5507504999999995
2,2,146,178,73,89,73,89,0,0,0.001091,0.009,0.007,0.008,0.0,0.0,0.0
8,10,1052,824,132,82,132,82,0,0,0.004248,0.554,0.416333,0.48516650000000006,36.398756,0.701257,18.5500065
64,66,3806,51808,59,785,59,785,0,0,0.039301,0.627919,0.596578,0.6122485,38.108563,38.067861,38.088212
2,2,146,178,73,89,73,89,0,0,0.00109,0.008,0.007,0.0075,0.0,0.0,0.0
2,2,132,164,66,82,66,82,0,0,0.00104,0.008,0.007,0.0075,0.0,0.0,0.0
16,18,1540,1644,96,91,96,91,0,0,0.365803,24.366,21.487059,22.9265295,1419.53757,42.145777,730.8416735
40,42,2558,23162,64,551,64,551,0,0,0.016438,0.424553,0.3991,0.4118265,23.256211,23.427356,23.3417835
38,40,2438,18508,64,463,64,463,0,0,0.009722,0.253973,0.248838,0.2514055,14.66833,14.177772,14.423051
18,18,3736,2456,208,136,208,136,0,0,0.004676,0.256941,0.244471,0.250706,12.768359,0.324114,6.5462365
12,14,1064,2364,89,169,89,169,0,0,0.031196,2.806091,2.355077,2.580584,271.838488,7.260458,139.54947299999998
2,2,146,178,73,89,73,89,0,0,0.00109,0.009,0.007,0.008,0.0,0.0,0.0
16,18,1540,1644,96,91,96,91,0,0,0.367958,24.510067,21.612412,23.0612395,1464.389981,45.604418,754.9971995
14,6,8928,320,638,53,638,53,0,0,0.006259,0.481462,1.1292,0.805331,24.831045,2.103668,13.4673565
16,18,1540,1644,96,91,96,91,0,0,0.018101,1.186133,1.036706,1.1114195,72.885019,1.980097,37.432558
2,2,146,178,73,89,73,89,0,0,0.001147,0.008,0.007,0.0075,0.0,0.0,0.0
48,50,2974,30506,62,610,62,610,0,0,0.015868,0.338239,0.311408,0.32482350000000004,18.540372,18.70556,18.622965999999998
14,18,1684,10168,120,565,120,565,0,0,1.006959,77.401772,59.202059,68.30191549999999,8765.087791,7676.713322,8220.9005565
64,66,3806,51808,59,785,59,785,0,0,0.035895,0.574032,0.552375,0.5632035,32.245816,31.789577,32.0176965
12,12,1064,2260,89,188,89,188,0,0,0.004071,0.341182,0.315,0.328091,17.058521,0.390548,8.724534499999999
16,18,1540,1644,96,91,96,91,0,0,0.01809,1.1854,1.036059,1.1107295000000001,71.728897,2.104991,36.916944
238,438,13662,548216,57,1252,57,1252,0,0,3.521362,14.85676,8.056682,11.456721,6003.69262,4421.528977,5212.6107985
432,858,24328,1094788,56,1276,56,1276,0,0,6.403974,14.857675,7.471272,11.1644735,5413.871761,3835.628868,4624.7503145
78,80,4550,72810,58,910,58,910,0,0,0.14403,1.891105,1.816051,1.8535780000000002,95.204475,93.308835,94.256655
122,126,7810,14540,64,115,64,115,0,0,0.767984,6.397,6.239862,6.318431,407.179731,404.809333,405.994532
68,70,4014,59460,59,849,59,849,0,0,0.028933,0.433697,0.411536,0.4226165,0.0,22.130944,11.065472
4,4,520,304,130,76,130,76,0,0,0.001782,0.449667,0.231333,0.3405,0.630267,0.319379,0.474823
52,54,2934,3742,56,69,56,69,0,0,0.845656,16.90688,15.946057,16.4264685,1424.502695,52.608406,738.5555505
122,126,7816,15132,64,120,64,120,0,0,0.033948,0.290322,0.26784,0.279081,18.214385,0.38706,9.300722500000001
14,18,1684,10168,120,565,120,565,0,0,1.131826,87.036536,66.538824,76.78768,8835.413974,7736.323974,8285.868973999999
106,114,9400,12298,89,108,89,108,0,0,1.202849,11.452629,10.639442,11.0460355,682.381052,656.934145,669.6575985
28,30,4256,3080,152,103,152,103,0,0,0.370579,13.712926,12.760069,13.236497499999999,712.767627,17.518795,365.14321099999995
2,2,130,162,65,81,65,81,0,0,0.001128,0.008,0.007,0.0075,0.0,0.0,0.0
122,126,7810,14540,64,115,64,115,0,0,0.03455,0.292496,0.271912,0.282204,18.11581,15.397784,16.756797
2,2,130,162,65,81,65,81,0,0,0.00105,0.009,0.001,0.004999999999999999,0.0,0.0,0.0
2,2,132,164,66,82,66,82,0,0,0.001062,0.009,0.007,0.008,0.0,0.0,0.0
2,2,146,178,73,89,73,89,0,0,0.001113,0.008,0.006,0.007,0.0,0.0,0.0
4,4,568,312,142,78,142,78,0,0,0.004691,1.213333,1.080667,1.147,1.706721,1.521931,1.614326
16,18,1540,1644,96,91,96,91,0,0,0.013086,0.851667,0.743588,0.7976274999999999,58.919553,1.355531,30.137542
2,2,130,162,65,81,65,81,0,0,0.001037,0.008,0.007,0.0075,0.0,0.0,0.0
288,560,16432,707082,57,1263,57,1263,0,0,3.692019,12.95326,6.603726,9.778493000000001,5598.93713,3995.046313,4796.9917215000005
40,38,2542,18404,64,484,64,484,0,0,0.010884,0.278421,0.289083,0.283752,16.383337,16.899528,16.6414325
2,2,130,162,65,81,65,81,0,0,0.001036,0.008,0.004,0.006,0.0,0.0,0.0
8,10,1052,824,132,82,132,82,0,0,0.02111,2.964429,2.291778,2.6281035,173.9075,4.519943,89.2137215
14,6,8928,320,638,53,638,53,0,0,0.004478,0.344462,0.774,0.559231,17.538175,1.25862,9.3983975
52,54,2934,3742,56,69,56,69,0,0,0.027596,0.568604,0.516673,0.5426385,40.490631,0.994149,20.74239
4,4,520,304,130,76,130,76,0,0,0.001747,0.440333,0.229333,0.334833,0.617069,0.319378,0.4682235
16,18,1540,1644,96,91,96,91,0,0,0.017947,1.1766,1.029294,1.102947,71.894574,2.212086,37.05333
68,70,4014,59460,59,849,59,849,0,0,0.028832,0.425627,0.416059,0.42084299999999997,22.286424,22.090475,22.1884495
22,24,1920,4312,87,180,87,180,0,0,0.005774,0.2721,0.227478,0.249789,16.717747,12.963545,14.840646
106,114,9400,12298,89,108,89,108,0,0,1.396902,13.428741,12.356725,12.892733,814.036628,780.478592,797.25761
30,42,2302,34406,77,819,77,819,0,0,0.035077,1.197724,0.844073,1.0208985,67.837633,58.937936,63.387784499999995
12,18,1580,10168,132,565,132,565,0,0,1.005686,91.394,59.124296,75.25914800000001,9530.301894,7674.324981,8602.3134375
48,50,2974,30506,62,610,62,610,0,0,0.016892,0.360043,0.33202,0.3460315,20.13824,19.125744,19.631992
40,38,2542,18404,64,484,64,484,0,0,0.01714,0.427205,0.448432,0.4378185,27.757946,0.772613,14.2652795
2,2,130,162,65,81,65,81,0,0,0.001042,0.009,0.005,0.006999999999999999,0.0,0.0,0.0
4,4,568,304,142,76,142,76,0,0,0.004355,1.154333,1.000667,1.0775000000000001,1.626817,1.408794,1.5178055000000001
16,18,1540,1644,96,91,96,91,0,0,0.018061,1.183933,1.034823,1.109378,71.508517,2.107699,36.808108
68,70,4014,59460,59,849,59,849,0,0,0.119246,1.774478,1.720377,1.7474275000000001,92.465074,91.19325,91.829162
16,18,1540,1644,96,91,96,91,0,0,0.333271,22.197134,19.538,20.867567,1392.066137,35.559945,713.813041
6,8,320,1826,53,228,53,228,0,0,0.046366,9.211,6.548429,7.8797145,641.745263,15.727648,328.73645550000003
16,18,1540,1644,96,91,96,91,0,0,0.017921,1.174267,1.026882,1.1005745,71.398761,2.042235,36.720498
22,24,1920,4312,87,180,87,180,0,0,0.005725,0.256381,0.2315,0.2439405,15.893043,13.056891,14.474967
2,2,146,178,73,89,73,89,0,0,0.001042,0.009,0.007,0.008,0.0,0.0,0.0
4,4,528,304,132,76,132,76,0,0,0.001788,0.447333,0.24,0.3436665,0.627675,0.333047,0.480361
12,18,1580,10168,132,565,132,565,0,0,1.096117,99.614091,64.44688,82.0304855,10237.32919,8243.047531,9240.1883605
64,66,3806,51808,59,785,59,785,0,0,0.037,0.580333,0.56925,0.5747915,37.908671,36.702223,37.305447
4,4,528,304,132,76,132,76,0,0,0.009383,0.441333,2.758,1.5996665,0.61919,3.891208,2.2551989999999997
52,54,2934,3742,56,69,56,69,0,0,0.022562,0.454,0.415491,0.4347455,30.983911,0.731679,15.857795
40,42,2558,23162,64,551,64,551,0,0,0.020444,0.516154,0.497175,0.5066645,34.069282,31.82335,32.946316
2,2,146,178,73,89,73,89,0,0,0.000941,0.004,0.002,0.003,0.0,0.0,0.0
8,12,424,8824,53,735,53,735,0,0,0.004337,0.574857,0.350455,0.46265599999999996,35.292634,19.942691,27.6176625
22,24,1920,4312,87,180,87,180,0,0,0.005695,0.254238,0.233727,0.2439825,16.031014,12.931936,14.481475
16,18,1540,1644,96,91,96,91,0,0,0.018037,1.181733,1.034706,1.1082195,72.33037,1.981998,37.156184
2,2,146,178,73,89,73,89,0,0,0.001035,0.009,0.002,0.0055,0.0,0.0,0.0
48,50,2974,30506,62,610,62,610,0,0,0.061635,1.332609,1.245102,1.2888555,76.210464,72.330432,74.270448
8,10,1052,824,132,82,132,82,0,0,0.003874,0.502857,0.374556,0.4387065,32.441298,0.664795,16.5530465
14,18,1684,10168,120,565,120,565,0,0,1.009979,77.663695,59.377941,68.520818,8769.858398,7684.095503,8226.9769505
12,18,1580,10168,132,565,132,565,0,0,1.085121,98.614179,63.799354,81.2067665,10139.98316,8166.831617,9153.4073885
16,18,1540,1644,96,91,96,91,0,0,0.017926,1.1748,1.027353,1.1010765,71.503778,2.005625,36.754701499999996
4,4,520,304,130,76,130,76,0,0,0.001572,0.398333,0.192,0.2951665,0.558378,0.265164,0.411771
90,92,5174,83812,57,911,57,911,0,0,0.039009,0.433101,0.426556,0.4298285,22.441155,22.40747,22.4243125
2,2,130,162,65,81,65,81,0,0,0.001129,0.008,0.007,0.0075,0.0,0.0,0.0
4,4,520,304,130,76,130,76,0,0,0.001708,0.449667,0.207667,0.328667,0.631682,0.287328,0.45950499999999994
90,92,5174,83812,57,911,57,911,0,0,0.05302,0.59842,0.576308,0.587364,38.947429,38.211266,38.5793475
8,10,1052,824,132,82,132,82,0,0,0.003845,0.501,0.373556,0.437278,32.158496,0.677455,16.4179755
16,18,1540,1644,96,91,96,91,0,0,0.347866,23.1706,21.673938,22.422269,1538.266187,36.126688,787.1964375
2,2,146,178,73,89,73,89,0,0,0.001065,0.008,0.006,0.007,0.0,0.0,0.0
2,2,130,162,65,81,65,81,0,0,0.000971,0.001,0.006,0.0035,0.0,0.0,0.0
4,4,568,312,142,78,142,78,0,0,0.037399,7.339,11.965667,9.652333500000001,10.366893,16.912816,13.639854499999998
16,18,1540,1644,96,91,96,91,0,0,0.018032,1.182267,1.097938,1.1401025,71.584017,2.09334,36.8386785
16,18,1540,1644,96,91,96,91,0,0,0.326913,21.771133,19.198529,20.484831,1505.37291,29.853301,767.6131055000001
2,2,146,178,73,89,73,89,0,0,0.001007,0.003,0.009,0.006,0.0,0.0,0.0
62,58,5928,8010,96,138,96,138,0,0,0.010186,0.169767,0.178642,0.17420449999999998,10.843393,11.171245,11.007319
16,18,1540,1644,96,91,96,91,0,0,0.017966,1.177333,1.094875,1.136104,71.811999,2.243108,37.0275535
12,18,1580,10168,132,565,132,565,0,0,1.081705,98.305271,63.598235,80.951753,9559.149674,7697.20577,8628.177722
16,18,1540,1644,96,91,96,91,0,0,0.018322,1.200133,1.051,1.1255665,73.121163,2.254863,37.688013
434,858,24432,1094788,56,1276,56,1276,0,0,7.527875,17.384696,8.781471,13.0830835,6527.525058,4635.554174,5581.539616
16,18,1540,1644,96,91,96,91,0,0,0.38537,25.665333,22.638941,24.152137,1576.265588,44.509789,810.3876885
16,18,1540,1644,96,91,96,91,0,0,0.017951,1.175267,1.029412,1.1023395,72.335211,1.956797,37.146004
30,42,2302,34406,77,819,77,819,0,0,0.035043,1.196793,0.842512,1.0196525,67.801754,60.436807,64.1192805
14,18,1684,10168,120,565,120,565,0,0,1.137436,87.467538,66.877588,77.172563,9648.373216,8447.050761,9047.7119885
52,54,2934,3742,56,69,56,69,0,0,0.928644,18.566681,17.84877,18.2077255,1506.502181,56.281687,781.391934
30,42,2302,34406,77,819,77,819,0,0,0.463486,15.970482,11.292414,13.631448,1157.78749,1009.602506,1083.694998
16,18,1540,1644,96,91,96,91,0,0,0.018373,1.2046,1.094563,1.1495815,71.322278,2.133234,36.727756
12,18,1580,10168,132,565,132,565,0,0,1.0562,95.987452,62.096709,79.0420805,9595.303841,7732.229111,8663.766476
78,80,4550,72810,58,910,58,910,0,0,0.03491,0.449234,0.445247,0.44724050000000004,23.112754,23.081172,23.096963
8,12,424,8824,53,735,53,735,0,0,0.247251,35.276142,22.436091,28.8561165,2257.96844,1785.566172,2021.7673060000002
16,18,1540,1644,96,91,96,91,0,0,0.348223,23.191667,20.449471,21.820569,1479.521233,36.271008,757.8961204999999
38,40,2438,19266,64,482,64,482,0,0,0.03689,1.016028,0.930667,0.9733475,0.0,61.625984,30.812992
40,42,2558,23162,64,551,64,551,0,0,0.012901,0.331105,0.30965,0.3203775,18.419932,17.931136,18.175534
14,18,1684,10168,120,565,120,565,0,0,1.089181,83.757692,64.038,73.897846,9218.204209,8070.443751,8644.32398
6,8,320,1826,53,228,53,228,0,0,0.002756,0.49,0.326571,0.40828549999999997,27.540067,0.531653,14.03586
4,4,528,304,132,76,132,76,0,0,0.001648,0.423667,0.195,0.30933350000000004,0.594205,0.270115,0.43216
16,18,1540,1644,96,91,96,91,0,0,0.353777,23.563,20.682412,22.122706,1516.015241,36.398914,776.2070775000001
2,2,146,178,73,89,73,89,0,0,0.00106,0.001,0.001,0.001,0.0,0.0,0.0
2,2,146,178,73,89,73,89,0,0,0.000962,0.009,0.004,0.0065,0.0,0.0,0.0
28,30,4656,3080,166,103,166,103,0,0,0.387509,14.338037,13.342138,13.8400875,782.343979,19.684918,401.0144485
64,66,3806,51808,59,785,59,785,0,0,0.034146,0.536254,0.516662,0.526458,33.569663,34.121751,33.845707000000004
64,66,3806,51808,59,785,59,785,0,0,0.036017,0.584492,0.545369,0.5649305,31.786318,30.780504,31.283411
2,2,132,164,66,82,66,82,0,0,0.00106,0.008,0.007,0.0075,0.0,0.0,0.0
38,40,2438,19266,64,482,64,482,0,0,0.042805,1.148432,1.082026,1.1152289999999998,68.817589,67.470095,68.143842
8,10,1052,824,132,82,132,82,0,0,0.003863,0.501429,0.375222,0.43832550000000003,32.379084,0.684721,16.5319025
2,2,146,178,73,89,73,89,0,0,0.00107,0.008,0.007,0.0075,0.0,0.0,0.0
14,6,8928,320,638,53,638,53,0,0,0.257494,19.80723,51.382602,35.594916,1675.288933,69.033484,872.1612085
14,14,1168,2364,83,169,83,169,0,0,0.041208,3.142615,3.130539,3.136577,272.389961,7.814591,140.10227600000002
48,50,2974,30506,62,610,62,610,0,0,0.015351,0.333111,0.302245,0.317678,18.023101,16.890865,17.456983
2,2,130,162,65,81,65,81,0,0,0.001129,0.008,0.007,0.0075,0.0,0.0,0.0
18,18,3736,2456,208,136,208,136,0,0,0.004762,0.261471,0.248529,0.255,12.969971,0.337584,6.6537774999999995
2,2,132,164,66,82,66,82,0,0,0.001023,0.006,0.007,0.006500000000000001,0.0,0.0,0.0
14,18,1684,10168,120,565,120,565,0,0,1.343062,103.285695,78.970941,91.12831800000001,9884.335214,8653.829764,9269.082489
64,66,3806,51808,59,785,59,785,0,0,0.027909,0.437984,0.420077,0.4290305,24.109181,23.520566,23.814873499999997
112,112,9712,12194,87,109,87,109,0,0,0.330908,3.061056,3.058417,3.0597365,193.342785,193.172693,193.25773900000002
64,64,3806,51704,59,808,59,808,0,0,0.038999,0.622952,0.609175,0.6160635,38.001053,36.722531,37.361791999999994
30,42,2302,34406,77,819,77,819,0,0,0.034882,1.234643,0.839585,1.0371139999999999,68.585265,59.342128,63.963696500000005
12,18,1580,10168,132,565,132,565,0,0,1.125038,102.232183,66.144529,84.188356,9818.417144,7907.062041,8862.7395925
16,18,1540,1644,96,91,96,91,0,0,0.385861,25.703733,22.664295,24.184013999999998,1504.371146,44.211016,774.291081
16,18,1540,1644,96,91,96,91,0,0,0.013266,0.864,0.754588,0.809294,60.490408,1.400217,30.9453125
12,18,1580,10168,132,565,132,565,0,0,1.083808,98.496636,63.721882,81.109259,9552.7497,7692.678788,8622.714244
62,58,5928,8010,96,138,96,138,0,0,0.702689,11.519492,12.315737,11.917614499999999,0.0,719.490242,359.745121
2,2,146,178,73,89,73,89,0,0,0.001059,0.009,0.007,0.008,0.0,0.0,0.0
14,6,8928,320,638,53,638,53,0,0,0.004486,0.345077,0.7774,0.5612385,17.505129,1.249321,9.377225
16,18,1540,1644,96,91,96,91,0,0,0.346796,23.098467,20.367176,21.7328215,1375.444228,36.28993,705.867079
16,18,1540,1644,96,91,96,91,0,0,0.017937,1.1754,1.028588,1.101994,72.046446,1.981562,37.014004
64,66,3806,51808,59,785,59,785,0,0,0.033007,0.545033,0.4988,0.5219165,0.0,29.273047,14.6365235
2,2,146,178,73,89,73,89,0,0,0.001143,0.008,0.007,0.0075,0.0,0.0,0.0
16,18,1540,1644,96,91,96,91,0,0,0.01336,0.869733,0.759706,0.8147195,60.450841,1.39081,30.9208255
90,92,5174,83812,57,911,57,911,0,0,0.04095,0.456596,0.448089,0.4523425,24.175059,23.930537,24.052798000000003
40,40,2558,23058,64,576,64,576,0,0,0.020774,0.5385,0.519846,0.529173,33.724762,32.872482,33.298621999999995
30,42,2302,34406,77,819,77,819,0,0,0.448743,15.462413,10.931805,13.197109000000001,1011.138312,902.297034,956.7176730000001
16,18,1540,1644,96,91,96,91,0,0,0.017931,1.1754,1.028235,1.1018175000000001,71.429687,2.122663,36.776175
2,2,146,178,73,89,73,89,0,0,0.001054,0.008,0.006,0.007,0.0,0.0,0.0
22,24,1920,4312,87,180,87,180,0,0,0.005668,0.254381,0.221304,0.2378425,15.886498,12.886502,14.3865
6,8,320,1862,53,233,53,233,0,0,0.002778,0.4934,0.329,0.4112,27.640145,0.532069,14.086107
14,18,1684,10168,120,565,120,565,0,0,1.005694,77.334846,59.127471,68.23115849999999,8765.753264,7675.021314,8220.387289
12,12,1064,2260,89,188,89,188,0,0,0.004078,0.340364,0.311273,0.3258185,16.993447,0.37413,8.6837885
16,18,1540,1644,96,91,96,91,0,0,0.404917,26.9736,23.788883,25.3812415,1630.510274,40.863879,835.6870765
68,70,4014,59460,59,849,59,849,0,0,0.028452,0.419731,0.411044,0.4153875,21.822009,21.757579,21.789794
12,18,1580,10168,132,565,132,565,0,0,1.127721,102.489366,66.308121,84.3987435,9604.635599,7732.732939,8668.684269
6,8,320,1826,53,228,53,228,0,0,0.068343,13.6064,9.695143,11.650771500000001,953.473795,23.452311,488.463053
2,2,146,178,73,89,73,89,0,0,0.001091,0.008,0.007,0.0075,0.0,0.0,0.0
16,18,1540,1644,96,91,96,91,0,0,0.402944,26.831201,23.671941,25.251571,1681.381125,41.451703,861.416414
4,4,528,304,132,76,132,76,0,0,0.00173,0.452667,0.210333,0.3315,0.634511,0.291099,0.462805
4,0,268,0,67,0,67,0,0,0,5.000831,1666.943625,0.0,833.4718125,2357.4065,0.0,1178.70325
18,18,4136,2456,230,136,230,136,0,0,0.004596,0.251882,0.240706,0.246294,12.383562,0.313781,6.3486715
38,40,2438,19266,64,482,64,482,0,0,0.010624,0.277162,0.265184,0.271173,16.477126,15.662103,16.0696145
16,18,1540,1644,96,91,96,91,0,0,0.402832,26.835067,23.666234,25.2506505,1627.660966,39.365371,833.5131685
4,4,568,312,142,78,142,78,0,0,0.004675,1.191,1.062667,1.1268335,1.675845,1.497182,1.5865135000000001
16,18,1540,1644,96,91,96,91,0,0,0.018092,1.185467,1.037177,1.111322,71.871889,2.041714,36.9568015
2,2,130,162,65,81,65,81,0,0,0.001031,0.009,0.007,0.008,0.0,0.0,0.0
16,18,1540,1644,96,91,96,91,0,0,0.018079,1.184867,1.036588,1.1107274999999999,72.169509,2.036004,37.102756500000005
22,24,1920,4312,87,180,87,180,0,0,0.007225,0.267429,0.283261,0.27534499999999995,16.485923,17.124013,16.804968000000002
2,2,132,164,66,82,66,82,0,0,0.000995,0.002,0.006,0.004,0.0,0.0,0.0
18,18,4136,2456,230,136,230,136,0,0,0.00462,0.253176,0.243353,0.2482645,12.613826,0.32346,6.468643
8,12,424,8824,53,735,53,735,0,0,0.00484,0.649,0.391818,0.520409,40.497209,21.279978,30.8885935
16,18,1540,1644,96,91,96,91,0,0,0.013361,0.870867,0.759471,0.815169,60.134917,1.393701,30.764309
12,12,1064,2260,89,188,89,188,0,0,0.004096,0.340636,0.316182,0.328409,17.083585,0.377025,8.730305
66,66,3910,51808,59,785,59,785,0,0,0.041994,0.639631,0.646828,0.6432294999999999,38.367743,39.237378,38.8025605
2,2,130,162,65,81,65,81,0,0,0.001005,0.006,0.008,0.007,0.0,0.0,0.0
40,42,2558,23162,64,551,64,551,0,0,0.012862,0.322026,0.300829,0.31142749999999997,18.168097,17.522932,17.8455145
52,54,2934,3740,56,69,56,69,0,0,0.022571,0.436608,0.415717,0.4261625,31.154135,0.755531,15.954833
16,18,1540,1644,96,91,96,91,0,0,0.013329,0.866533,0.757294,0.8119135,60.210981,1.387545,30.799263
30,42,2302,34406,77,819,77,819,0,0,0.530131,18.269518,12.914342,15.591930000000001,1256.702245,1011.961504,1134.3318745
2,2,146,178,73,89,73,89,0,0,0.001143,0.008,0.007,0.0075,0.0,0.0,0.0
122,126,7810,14540,64,115,64,115,0,0,0.757885,6.312783,6.0588,6.1857915,405.689353,400.530313,403.109833
64,66,3806,51808,59,785,59,785,0,0,0.026287,0.418274,0.395185,0.40672949999999997,21.947505,21.217851,21.582678
2,2,146,178,73,89,73,89,0,0,0.001084,0.008,0.002,0.005,0.0,0.0,0.0
4,4,568,312,142,78,142,78,0,0,0.004709,1.215333,1.063,1.1391665,1.710257,1.49341,1.6018335
42,42,2662,23162,63,551,63,551,0,0,0.018851,0.452293,0.458325,0.45530899999999996,0.0,0.751507,0.3757535
2,2,146,178,73,89,73,89,0,0,0.000933,0.008,0.002,0.005,0.0,0.0,0.0
64,66,3806,51808,59,785,59,785,0,0,0.024908,0.390333,0.379484,0.3849085,20.888996,20.594602,20.741799
40,42,2558,23162,64,551,64,551,0,0,0.018884,0.51375,0.459625,0.48668750000000005,0.0,28.260921,14.1304605
12,18,1580,10168,132,565,132,565,0,0,1.094099,99.431639,64.330585,81.881112,9570.276345,7706.662329,8638.469337
78,80,4550,72810,58,910,58,910,0,0,0.058008,0.769293,0.737449,0.753371,0.0,43.999286,21.999643
18,18,3736,2456,208,136,208,136,0,0,0.004648,0.254765,0.245,0.2498825,12.684909,0.32388,6.5043945
40,44,2558,23266,64,529,64,529,0,0,0.020507,0.517846,0.465256,0.491551,34.862078,31.306906,33.084492
4,4,528,304,132,76,132,76,0,0,0.001721,0.454667,0.199,0.3268335,0.638046,0.275071,0.4565585
4,4,568,304,142,76,142,76,0,0,0.004362,1.136667,0.975333,1.056,1.596883,1.36943,1.4831565
2,2,146,178,73,89,73,89,0,0,0.001046,0.001,0.003,0.002,0.0,0.0,0.0
38,40,2438,18508,64,463,64,463,0,0,0.010797,0.283459,0.263769,0.273614,17.226767,16.267059,16.746913
4,4,568,312,142,78,142,78,0,0,0.004741,1.241333,1.048667,1.145,1.746319,1.473139,1.609729
16,18,1540,1644,96,91,96,91,0,0,0.398983,26.576001,23.441059,25.00853,1706.068217,41.215098,873.6416575
12,18,1580,10168,132,565,132,565,0,0,1.034986,94.057545,60.850587,77.454066,9532.922597,7677.55095,8605.2367735
40,42,2558,23162,64,551,64,551,0,0,0.050914,1.297538,1.2597,1.278619,76.885794,76.911676,76.898735
2,2,130,162,65,81,65,81,0,0,0.001058,0.009,0.007,0.008,0.0,0.0,0.0
2,2,130,162,65,81,65,81,0,0,0.001042,0.006,0.007,0.006500000000000001,0.0,0.0,0.0
16,18,1540,1644,96,91,96,91,0,0,0.018101,1.1858,1.036941,1.1113705,71.682094,2.106449,36.8942715
4,4,568,312,142,78,142,78,0,0,0.004904,1.274,1.074667,1.1743335,1.793224,1.51203,1.6526269999999998
90,92,5174,83812,57,911,57,911,0,0,0.062989,0.704124,0.685692,0.694908,47.001095,46.169471,46.585283000000004
122,126,7816,15132,64,120,64,120,0,0,1.796911,14.847728,14.371464,14.609596,910.382754,898.534007,904.4583805
30,42,2302,34406,77,819,77,819,0,0,0.368573,12.692655,8.977366,10.8350105,895.352661,725.675439,810.51405
38,40,2438,19266,64,482,64,482,0,0,0.043852,1.176919,1.112359,1.1446390000000002,71.737977,70.608069,71.173023
122,126,7816,15132,64,120,64,120,0,0,1.993767,16.474628,15.94632,16.210473999999998,971.735411,956.820072,964.2777415
2,2,130,162,65,81,65,81,0,0,0.000943,0.001,0.007,0.004,0.0,0.0,0.0
122,126,7816,15132,64,120,64,120,0,0,1.796911,14.847728,14.371464,14.609596,910.382754,898.534007,904.4583805
2,2,146,178,73,89,73,89,0,0,0.00105,0.009,0.006,0.0075,0.0,0.0,0.0
122,126,7816,15132,64,120,64,120,0,0,0.682065,5.728698,5.496403,5.612550499999999,410.998837,404.607189,407.80301299999996
2,2,146,178,73,89,73,89,0,0,0.001085,0.003,0.007,0.005,0.0,0.0,0.0
52,40,37358,3276,718,82,718,82,0,0,0.357794,7.008392,9.160538,8.084465,675.634853,22.709961,349.172407
62,58,5928,8010,96,138,96,138,0,0,0.011499,0.188508,0.193196,0.19085200000000002,12.932365,0.0,6.4661825
40,42,2558,23162,64,551,64,551,0,0,0.012852,0.328605,0.300146,0.31437550000000003,19.324009,17.635194,18.4796015
18,18,4136,2456,230,136,230,136,0,0,0.004932,0.267824,0.256882,0.262353,13.324134,0.333466,6.8288
2,2,146,178,73,89,73,89,0,0,0.001053,0.009,0.007,0.008,0.0,0.0,0.0
38,40,2438,18508,64,463,64,463,0,0,0.047866,1.284973,1.213077,1.249025,0.0,81.053313,40.5266565
14,18,1684,10168,120,565,120,565,0,0,1.124855,86.501538,66.136412,76.318975,8828.46535,7730.507114,8279.486232
6,8,320,1862,53,233,53,233,0,0,0.223142,44.5684,31.794857,38.1816285,3140.697415,77.562516,1609.1299655
22,24,1920,4312,87,180,87,180,0,0,0.006046,0.27219,0.238391,0.2552905,16.687801,14.404147,15.545974000000001
12,18,1580,10168,132,565,132,565,0,0,1.004768,91.303909,59.072237,75.188073,9528.233436,7674.413813,8601.3236245
2,2,146,178,73,89,73,89,0,0,0.001047,0.003,0.0,0.0015,0.0,0.0,0.0
2,2,132,164,66,82,66,82,0,0,0.001094,0.01,0.007,0.0085,0.0,0.0,0.0
18,18,4136,2456,230,136,230,136,0,0,0.004788,0.262059,0.249882,0.2559705,13.003912,0.328794,6.666353
650,1278,36242,1641360,56,1284,56,1284,0,0,8.177843,12.678338,6.403514,9.540926,5216.150386,3706.858344,4461.504365000001
4,4,528,304,132,76,132,76,0,0,0.001632,0.422,0.204667,0.3133335,0.591141,0.285201,0.438171
4,4,568,304,142,76,142,76,0,0,0.004312,1.156,0.959667,1.0578335,1.626347,1.352931,1.489639
2,2,146,178,73,89,73,89,0,0,0.001057,0.009,0.009,0.009,0.0,0.0,0.0
14,6,8928,320,638,53,638,53,0,0,0.24469,18.822308,48.807602,33.814955,1637.635435,68.400945,853.01819
4,4,568,312,142,78,142,78,0,0,0.004656,1.177333,1.061333,1.1193330000000001,1.657224,1.49176,1.574492
16,18,1540,1644,96,91,96,91,0,0,0.018025,1.181,1.032941,1.1069705,71.729423,2.188917,36.95917
12,12,1064,2260,89,188,89,188,0,0,0.004069,0.338818,0.314545,0.3266815,16.963467,0.381702,8.672584500000001
4,4,568,312,142,78,142,78,0,0,0.041366,8.651333,13.299333,10.975333,12.226348,18.798904,15.512626000000001
78,80,4550,72810,58,910,58,910,0,0,0.045942,0.600303,0.573747,0.587025,33.401946,32.620582,33.011264
2,2,132,164,66,82,66,82,0,0,0.001106,0.009,0.007,0.008,0.0,0.0,0.0
12,12,1064,2260,89,188,89,188,0,0,0.004069,0.338818,0.314545,0.3266815,16.963467,0.381702,8.672584500000001
8,10,1052,824,132,82,132,82,0,0,0.004008,0.519571,0.385222,0.4523965,33.185437,0.68776,16.9365985
2,2,146,178,73,89,73,89,0,0,0.00105,0.009,0.006,0.0075,0.0,0.0,0.0
40,42,2558,23162,64,551,64,551,0,0,0.051037,1.334263,1.231878,1.2830705,77.806687,74.880758,76.3437225
28,30,4656,3080,166,103,166,103,0,0,0.38774,14.348,13.348862,13.848431000000001,772.900696,19.137254,396.018975
14,18,1684,10168,120,565,120,565,0,0,1.005959,77.354231,62.840564,70.0973975,8766.188236,7912.924591,8339.5564135
8,10,1052,824,132,82,132,82,0,0,0.004048,0.520286,0.389667,0.4549765,33.235314,0.701879,16.9685965
12,18,1580,10168,132,565,132,565,0,0,1.059947,96.328,62.312468,79.320234,9547.223267,7688.061681,8617.642474
68,70,4014,59460,59,849,59,849,0,0,0.029508,0.441773,0.420072,0.4309225,23.203116,22.136171,22.6696435
16,18,1540,1644,96,91,96,91,0,0,0.018107,1.186533,1.037706,1.1121195,71.529131,2.113796,36.8214635
16,18,1540,1644,96,91,96,91,0,0,0.018104,1.186267,1.101625,1.1439460000000001,72.469602,2.020416,37.245008999999996
12,12,1064,2260,89,188,89,188,0,0,0.004137,0.345636,0.316273,0.33095450000000004,17.303835,0.383658,8.8437465
64,66,3806,51808,59,785,59,785,0,0,0.088013,1.437689,1.344615,1.391152,83.391253,80.410064,81.9006585
78,82,4550,72914,58,889,58,889,0,0,0.089673,1.160325,1.10042,1.1303725,67.977244,65.916304,66.946774
4,4,520,304,130,76,130,76,0,0,0.001651,0.430333,0.203667,0.317,0.60434,0.280961,0.4426505
68,70,4014,59460,59,849,59,849,0,0,0.119854,1.784,1.727594,1.755797,92.837471,91.701317,92.269394
78,80,4550,72810,58,910,58,910,0,0,0.16905,2.21871,2.132544,2.1756270000000004,117.027212,112.935788,114.98150000000001
52,40,37358,3276,718,82,718,82,0,0,1.141914,22.383785,29.266,25.824892499999997,1913.216681,63.526109,988.371395
64,66,3806,51808,59,785,59,785,0,0,0.090997,1.462774,1.390831,1.4268025,82.978454,80.830991,81.90472249999999
28,42,2198,34406,79,819,79,819,0,0,0.037675,1.436269,0.906244,1.1712565000000001,79.452893,61.643044,70.5479685
16,18,1540,1644,96,91,96,91,0,0,0.28081,18.7002,16.49,17.5951,1188.174598,30.652125,609.4133615000001
52,36,37358,3068,718,85,718,85,0,0,1.045187,20.487156,29.846629,25.1668925,2054.553965,72.748445,1063.6512050000001
16,18,1540,1644,96,91,96,91,0,0,0.018092,1.185467,1.036941,1.1112039999999999,71.648056,2.203351,36.9257035
12,18,1580,10168,132,565,132,565,0,0,1.006104,91.329456,59.155469,75.24246249999999,9531.046925,7677.275121,8604.161023
30,42,2302,34406,77,819,77,819,0,0,0.034757,1.187207,0.8569,1.0220535,67.420366,59.655028,63.537697
90,92,5174,83812,57,911,57,911,0,0,0.040714,0.463966,0.440978,0.452472,23.8434,22.912972,23.378186
40,42,2558,23162,64,551,64,551,0,0,0.051549,1.348132,1.243268,1.2957,79.038437,76.154266,77.5963515
16,18,1540,1644,96,91,96,91,0,0,0.284778,18.964601,16.721176,17.8428885,1178.100959,31.201807,604.651383
38,40,2438,18508,64,463,64,463,0,0,0.04314,1.155757,1.093718,1.1247375,72.585056,70.58945,71.587253
38,40,2438,19266,64,482,64,482,0,0,0.037127,0.995135,0.962632,0.9788835,64.159381,62.414008,63.286694499999996
16,18,1540,1644,96,91,96,91,0,0,0.018129,1.1876,1.039588,1.113594,72.898662,1.979502,37.439082
2,2,130,162,65,81,65,81,0,0,0.00093,0.001,0.003,0.002,0.0,0.0,0.0
16,18,1540,1644,96,91,96,91,0,0,0.293825,19.567734,17.256412,18.412073,1193.948468,32.144865,613.0466665
122,126,7816,15132,64,120,64,120,0,0,0.672958,5.605158,5.379616,5.492387000000001,419.17652,413.656693,416.4166065
78,80,4550,72810,58,910,58,910,0,0,0.081964,1.074421,1.042795,1.058608,66.506631,65.319241,65.912936
4,4,568,304,142,76,142,76,0,0,0.004372,1.196,0.983667,1.0898335,1.685743,1.384751,1.535247
28,42,2198,34406,79,819,79,819,0,0,0.03811,1.399778,0.94095,1.170364,79.584736,63.320381,71.45255850000001
62,58,5928,8010,96,138,96,138,0,0,0.011512,0.195119,0.182179,0.188649,12.829153,0.0,6.4145765
64,66,3806,51808,59,785,59,785,0,0,0.032898,0.534197,0.496954,0.5155755,32.02879,30.872066,31.450428000000002
16,18,1540,1644,96,91,96,91,0,0,0.080328,5.333867,4.646294,4.9900804999999995,404.585449,9.283205,206.934327
2,2,130,162,65,81,65,81,0,0,0.001061,0.009,0.007,0.008,0.0,0.0,0.0
8,10,1052,824,132,82,132,82,0,0,0.003939,0.512429,0.376556,0.4444925,32.459262,0.689657,16.5744595
6,8,320,1862,53,233,53,233,0,0,0.046891,9.3056,6.631714,7.968657,649.56297,15.824629,332.69379949999995
26,28,4152,2976,160,106,160,106,0,0,0.299125,11.95244,11.060889,11.5066645,687.394923,17.641139,352.51803099999995
8,10,1052,824,132,82,132,82,0,0,0.005429,0.728714,0.499667,0.6141905,46.612877,0.710183,23.66153
90,92,5174,83812,57,911,57,911,0,0,0.173154,1.941596,1.89633,1.9189630000000002,98.6225,98.739394,98.680947
12,14,1064,2364,89,169,89,169,0,0,0.028274,2.539182,2.125692,2.3324369999999996,241.980102,6.41216,124.196131
48,50,2974,30506,62,610,62,610,0,0,0.017005,0.360152,0.348277,0.3542145,20.575109,19.740962,20.1580355
52,42,37230,3380,716,80,716,80,0,0,0.047812,0.930824,1.143024,1.036924,61.167768,2.960499,32.064133500000004
10,12,528,8824,53,735,53,735,0,0,0.126853,14.054889,11.490364,12.7726265,1316.904218,1185.571296,1251.2377569999999
12,12,1064,2260,89,188,89,188,0,0,0.004931,0.417909,0.395727,0.406818,22.071192,0.535315,11.3032535
38,40,2438,18508,64,463,64,463,0,0,0.032781,0.877189,0.872216,0.8747024999999999,86.722489,84.045574,85.38403149999999
122,126,7810,14540,64,115,64,115,0,0,0.741602,6.177283,5.928696,6.052989500000001,399.468229,394.532829,397.00052900000003
4,4,520,304,130,76,130,76,0,0,0.00173,0.455,0.198333,0.3266665,0.63781,0.274129,0.4559695
16,18,1540,1644,96,91,96,91,0,0,0.014277,0.928733,0.812882,0.8708075,59.441318,1.537001,30.4891595
16,18,1540,1644,96,91,96,91,0,0,0.090327,6.001133,5.285882,5.6435075,370.990244,11.816653,191.4034485
52,40,37358,3276,718,82,718,82,0,0,1.048706,20.556216,26.876076,23.716146000000002,1774.235279,58.712094,916.4736865
16,18,1540,1644,96,91,96,91,0,0,0.021798,1.432333,1.255765,1.344049,84.268757,2.641834,43.4552955
6,8,320,1826,53,228,53,228,0,0,0.372317,74.4036,53.118715,63.761157499999996,5251.953948,129.810516,2690.882232
8,10,1052,824,132,82,132,82,0,0,0.025093,3.535714,2.727444,3.1315790000000003,206.257356,4.880387,105.5688715
2,2,132,164,66,82,66,82,0,0,0.001001,0.004,0.007,0.0055,0.0,0.0,0.0
12,12,1064,2260,89,188,89,188,0,0,0.003864,0.320636,0.301,0.310818,16.211326,0.368254,8.28979
8,10,1052,824,132,82,132,82,0,0,0.004739,0.628714,0.474111,0.5514125,34.780405,0.953352,17.866878500000002
48,50,2974,30506,62,610,62,610,0,0,0.036962,0.779617,0.773064,0.7763405,54.808549,54.553802,54.681175499999995
78,80,4550,72810,58,910,58,910,0,0,0.130988,1.69713,1.604443,1.6507865000000002,97.580938,94.711188,96.146063
28,30,4256,3080,152,103,152,103,0,0,0.33234,12.296444,11.443793,11.8701185,681.246688,17.216223,349.2314555
16,18,1540,1644,96,91,96,91,0,0,0.018926,1.2414,1.155063,1.1982315,75.361962,2.316686,38.839324000000005
38,40,2438,18508,64,463,64,463,0,0,0.021039,0.560216,0.525718,0.542967,36.37934,34.904884,35.642112
38,40,2438,19266,64,482,64,482,0,0,0.042767,1.146919,1.084179,1.1155490000000001,69.605836,67.934129,68.7699825
16,18,1540,1644,96,91,96,91,0,0,0.018912,1.240733,1.15275,1.1967415,75.886199,2.22478,39.0554895
48,50,2974,30506,62,610,62,610,0,0,0.04699,1.015109,0.965563,0.990336,66.753326,64.873313,65.8133195
62,60,5928,8114,96,135,96,135,0,0,0.012569,0.209483,0.208,0.2087415,14.240872,12.562873,13.4018725
656,1278,36554,1641360,56,1284,56,1284,0,0,8.001778,12.23465,6.265664,9.250157,5497.763771,3940.491382,4719.1275765
38,40,2438,19266,64,482,64,482,0,0,0.042924,1.151513,1.086487,1.119,69.64778,68.110711,68.8792455
364,746,19410,1087890,53,1458,53,1458,0,0,1.147693,3.160827,1.539874,2.3503505,182.052919,110.411273,146.232096
16,18,1540,1644,96,91,96,91,0,0,0.013349,0.868867,0.758059,0.813463,59.52801,1.393831,30.4609205
16,18,1540,1644,96,91,96,91,0,0,0.016048,1.0488,0.917235,0.9830175,69.26979,1.804396,35.537093
16,18,1540,1644,96,91,96,91,0,0,0.230803,15.363066,13.545823,14.454444500000001,995.805933,22.71527,509.2606015
14,8,8928,424,638,53,638,53,0,0,0.136758,10.519846,19.443857,14.981851500000001,1174.524553,47.619363,611.071958
16,18,1540,1644,96,91,96,91,0,0,0.020814,1.3674,1.195059,1.2812295,77.56778,2.286825,39.927302499999996
68,70,4014,59460,59,849,59,849,0,0,0.126514,1.912182,1.82629,1.869236,99.135087,96.891511,98.01329899999999
4,4,520,304,130,76,130,76,0,0,0.001636,0.424,0.194667,0.3093335,0.594676,0.268229,0.4314525
2,2,132,164,66,82,66,82,0,0,0.001053,0.009,0.009,0.009,0.0,0.0,0.0
10,12,528,8824,53,735,53,735,0,0,0.40872,45.375,37.112727,41.2438635,4287.772122,3872.411951,4080.0920365
2,2,146,178,73,89,73,89,0,0,0.001092,0.009,0.007,0.008,0.0,0.0,0.0
40,42,2558,23162,64,551,64,551,0,0,0.016604,0.417436,0.40305,0.410243,24.378137,21.883318,23.1307275
14,18,1684,10168,120,565,120,565,0,0,1.008795,77.574772,63.018566,70.296669,8766.257754,7910.691578,8338.474666
14,6,8928,320,638,53,638,53,0,0,0.353346,27.180462,70.554,48.867231000000004,2175.694541,86.407,1131.0507705
16,18,1540,1644,96,91,96,91,0,0,0.021853,1.435467,1.229588,1.3325274999999999,82.081739,2.491608,42.2866735
2,2,146,178,73,89,73,89,0,0,0.001148,0.008,0.001,0.0045000000000000005,0.0,0.0,0.0
16,18,1540,1644,96,91,96,91,0,0,0.288215,19.190601,16.923471,18.057036,1217.860804,32.964586,625.412695
16,18,1540,1644,96,91,96,91,0,0,0.018891,1.2388,1.084941,1.1618705,75.737954,2.108996,38.923475
92,92,5278,83812,57,911,57,911,0,0,0.224952,2.468615,2.465066,2.4668405,141.410271,137.977448,139.6938595
4,4,568,304,142,76,142,76,0,0,0.004403,1.161333,0.983333,1.072333,1.63389,1.37933,1.50661
68,70,4014,59460,59,849,59,849,0,0,0.034867,0.522409,0.512313,0.517361,0.0,27.682783,13.8413915
450,858,25264,1094788,56,1276,56,1276,0,0,7.283294,16.292991,8.498069,12.39553,6439.738963,4649.558152,5544.6485575
2,2,132,164,66,82,66,82,0,0,0.001073,0.009,0.007,0.008,0.0,0.0,0.0
16,18,1540,1644,96,91,96,91,0,0,0.016886,1.1052,1.027062,1.066131,66.17359,1.910848,34.042219
16,18,1540,1644,96,91,96,91,0,0,0.018906,1.240333,1.085941,1.1631369999999999,75.889568,2.057776,38.973672
4,4,528,304,132,76,132,76,0,0,0.01108,0.644,3.332333,1.9881665000000002,0.898026,4.706268,2.8021469999999997
68,70,4014,59460,59,849,59,849,0,0,0.119894,1.811348,1.730638,1.7709929999999998,94.041531,92.184521,93.113026
2,2,146,178,73,89,73,89,0,0,0.001009,0.004,0.004,0.004,0.0,0.0,0.0
68,70,4014,59460,59,849,59,849,0,0,0.129481,1.927985,1.897044,1.9125145,102.143997,101.101046,101.6225215
16,18,1540,1644,96,91,96,91,0,0,0.107889,7.1714,6.316,6.7437000000000005,412.450719,12.9296,212.6901595
4,4,568,312,142,78,142,78,0,0,0.004629,1.185,1.051,1.1179999999999999,1.66736,1.476439,1.5718995
2,2,132,164,66,82,66,82,0,0,0.001047,0.008,0.007,0.0075,0.0,0.0,0.0
30,42,2302,34406,77,819,77,819,0,0,0.041777,1.430138,1.006122,1.21813,79.744101,70.567109,75.15560500000001
16,18,1540,1644,96,91,96,91,0,0,0.114162,7.588334,6.687706,7.13802,472.652553,13.906229,243.279391
8,10,1058,822,132,82,132,82,0,0,0.004073,0.533857,0.393222,0.4635395,34.624808,0.729051,17.6769295
16,18,1540,1644,96,91,96,91,0,0,0.021329,1.402133,1.222941,1.312537,81.494214,2.407767,41.9509905
2,2,130,162,65,81,65,81,0,0,0.000875,0.002,0.002,0.002,0.0,0.0,0.0
48,50,2974,30506,62,610,62,610,0,0,0.123004,2.666457,2.549333,2.607895,163.776568,160.151482,161.964025
16,18,1540,1644,96,91,96,91,0,0,0.087283,5.7984,5.105765,5.4520824999999995,361.909014,10.885907,186.3974605
4,4,568,312,142,78,142,78,0,0,0.005221,1.210667,1.228,1.2193334999999998,1.702951,1.732412,1.7176815
12,12,1064,2260,89,188,89,188,0,0,0.003969,0.327909,0.302273,0.315091,16.318679,0.374113,8.346396
548,1078,30666,1382446,56,1282,56,1282,0,0,8.480921,15.532246,7.874093,11.703169500000001,5715.775648,4068.266889,4892.0212685
4,4,528,304,132,76,132,76,0,0,0.001673,0.437,0.214667,0.3258335,0.611647,0.297223,0.45443500000000003
16,18,1540,1644,96,91,96,91,0,0,0.019632,1.289067,1.19825,1.2436585,76.039813,2.433414,39.2366135
30,42,2302,34406,77,819,77,819,0,0,0.183921,6.330724,4.452098,5.391411,353.121727,317.61533,335.3685285
4,4,568,312,142,78,142,78,0,0,0.005617,1.538333,1.347,1.4426665,2.165633,1.899289,2.032461
16,18,1540,1644,96,91,96,91,0,0,0.020414,1.336867,1.174,1.2554335,76.908603,2.197568,39.5530855
52,54,2934,3742,56,69,56,69,0,0,1.354544,26.553548,25.547641,26.0505945,1932.463968,63.748949,998.1064585
22,24,1920,4312,87,180,87,180,0,0,0.005679,0.2657,0.235682,0.250691,16.319298,13.219526,14.769411999999999
30,42,2302,34406,77,819,77,819,0,0,0.037745,1.291172,0.909366,1.100269,74.064283,66.900094,70.4821885
2,2,130,162,65,81,65,81,0,0,0.001004,0.009,0.005,0.006999999999999999,0.0,0.0,0.0
16,18,1540,1644,96,91,96,91,0,0,0.018317,1.201267,1.115938,1.1586025000000002,73.815935,2.058759,37.937346999999995
4,4,528,304,132,76,132,76,0,0,0.00172,0.450667,0.215,0.3328335,0.633096,0.298402,0.46574899999999997
20,22,4240,2664,212,121,212,121,0,0,0.157434,8.269263,7.470571,7.869917,732.620233,20.554605,376.587419
64,60,6032,8114,94,135,94,135,0,0,0.361813,5.743064,6.225914,5.984489,370.866454,417.829162,394.347808
4,4,528,304,132,76,132,76,0,0,0.001726,0.448667,0.222,0.3353335,0.628147,0.307597,0.467872
48,50,2974,30506,62,610,62,610,0,0,0.038269,0.843156,0.758306,0.8007310000000001,56.839499,53.370162,55.104830500000006
18,18,4136,2456,230,136,230,136,0,0,0.004742,0.261,0.248941,0.2549705,12.999844,0.331814,6.665829
16,18,1540,1644,96,91,96,91,0,0,0.019612,1.287133,1.126059,1.206596,77.133444,2.20995,39.671697
16,18,1540,1644,96,91,96,91,0,0,0.016862,1.104,0.964824,1.034412,65.548893,1.946368,33.74763050000001
52,42,37358,3380,718,80,718,80,0,0,0.049619,1.005571,1.198805,1.102188,66.540118,2.956083,34.74810050000001
14,18,1684,10168,120,565,120,565,0,0,1.076781,82.802923,63.311471,73.057197,8787.996345,7694.415784,8241.2060645
52,54,2934,3740,56,69,56,69,0,0,1.14865,22.516607,21.662076,22.0893415,1839.283545,60.818984,950.0512645
6,8,320,1862,53,233,53,233,0,0,0.070297,13.9976,9.965714,11.981657,980.263047,24.075156,502.1691015
12,18,1580,10168,132,565,132,565,0,0,1.005475,91.375727,59.116472,75.2460995,9530.338991,7673.779905,8602.059448
6,8,320,1862,53,233,53,233,0,0,0.103312,20.6,14.691429,17.6457145,1448.060418,35.693742,741.87708
16,18,1540,1644,96,91,96,91,0,0,0.02059,1.352933,1.184823,1.268878,85.663145,2.318082,43.9906135
50,50,3078,30506,62,610,62,610,0,0,0.027027,0.541796,0.539122,0.540459,33.462636,0.92194,17.192288
40,42,2558,23162,64,551,64,551,0,0,0.059739,1.524026,1.444878,1.484452,86.868395,85.613754,86.2410745
2,2,146,178,73,89,73,89,0,0,0.001043,0.001,0.007,0.004,0.0,0.0,0.0
16,18,1540,1644,96,91,96,91,0,0,0.013279,0.864333,0.754353,0.809343,60.357265,1.381617,30.869441
18,18,4136,2456,230,136,230,136,0,0,0.004858,0.266353,0.253412,0.2598825,13.007769,0.327091,6.6674299999999995
8,10,1052,824,132,82,132,82,0,0,0.003894,0.508571,0.372556,0.4405635,32.317418,0.655424,16.486421
22,24,1920,4312,87,180,87,180,0,0,0.005665,0.2661,0.220652,0.24337599999999998,16.111126,12.670409,14.390767499999999
16,18,1540,1644,96,91,96,91,0,0,0.185758,12.363266,10.897941,11.6306035,1020.495723,27.245074,523.8703985
16,18,1540,1644,96,91,96,91,0,0,0.018329,1.199533,1.1175,1.1585165,73.040524,2.113061,37.5767925
52,54,2934,3740,56,69,56,69,0,0,1.713691,33.595705,32.323887,32.959796,2432.499222,76.757023,1254.6281225
16,18,1540,1644,96,91,96,91,0,0,0.013563,0.882333,0.770824,0.8265785,60.989471,1.412664,31.2010675
64,66,3806,51808,59,785,59,785,0,0,0.14302,2.264921,2.192031,2.228476,123.816379,122.640552,123.2284655
38,40,2438,19266,64,482,64,482,0,0,0.031971,0.855622,0.805026,0.8303240000000001,62.045775,59.966964,61.0063695
2,2,146,178,73,89,73,89,0,0,0.001056,0.009,0.007,0.008,0.0,0.0,0.0
28,42,2198,34406,79,819,79,819,0,0,0.036495,1.340148,0.877317,1.1087325,75.201592,62.406941,68.80426650000001
62,58,5928,8010,96,138,96,138,0,0,0.054822,0.945207,0.966125,0.955666,150.388367,156.23609,153.3122285
12,12,1064,2260,89,188,89,188,0,0,0.004005,0.330727,0.315545,0.323136,17.069433,0.372043,8.720738
16,18,1272,2572,80,143,80,143,0,0,0.142277,9.4622,8.331,8.8966,515.015732,12.8544,263.935066
2,2,146,178,73,89,73,89,0,0,0.001033,0.008,0.002,0.005,0.0,0.0,0.0
38,40,2438,18508,64,463,64,463,0,0,0.009805,0.271343,0.238462,0.25490250000000003,15.16469,13.80457,14.48463
28,42,2198,34406,79,819,79,819,0,0,0.048592,1.788259,1.172658,1.4804585000000001,99.206876,76.155236,87.681056
12,18,1580,10168,132,565,132,565,0,0,1.004726,91.308638,59.071941,75.1902895,9528.16792,7675.478644,8601.823282
16,18,1272,2572,80,143,80,143,0,0,0.686195,45.722332,40.330531,43.0264315,2642.432809,67.287828,1354.8603185
16,18,1540,1644,96,91,96,91,0,0,0.02074,1.362067,1.268438,1.3152525,89.509392,2.358136,45.933764000000004
8,12,424,8824,53,735,53,735,0,0,0.221482,31.585286,20.089454,25.83737,2100.70972,1661.958304,1881.3340119999998
2,2,130,162,65,81,65,81,0,0,0.001021,0.009,0.007,0.008,0.0,0.0,0.0
8,10,1052,824,132,82,132,82,0,0,0.003985,0.518857,0.381556,0.4502065,32.998566,0.682389,16.8404775
4,4,568,304,142,76,142,76,0,0,0.009182,2.199333,2.608333,2.403833,3.10467,3.680963,3.3928165000000003
2,2,130,162,65,81,65,81,0,0,0.000945,0.003,0.008,0.0055,0.0,0.0,0.0
2,2,146,178,73,89,73,89,0,0,0.000994,0.006,0.007,0.006500000000000001,0.0,0.0,0.0
64,66,3806,51808,59,785,59,785,0,0,0.026998,0.443567,0.406,0.4247835,25.089375,24.80835,24.9488625
52,42,37358,3380,718,80,718,80,0,0,0.029672,0.58692,0.709854,0.648387,32.943857,1.384816,17.1643365
16,18,1272,2572,80,143,80,143,0,0,0.686195,45.722332,40.330531,43.0264315,2642.432809,67.287828,1354.8603185
78,80,4550,72810,58,910,58,910,0,0,0.034916,0.449234,0.434861,0.44204750000000004,22.918786,22.636415,22.7776005
4,4,568,304,142,76,142,76,0,0,0.086106,23.667,23.594666,23.630833000000003,33.458172,33.360121,33.4091465
16,18,1540,1644,96,91,96,91,0,0,0.018041,1.1826,1.034588,1.108594,71.578328,2.11538,36.846854
4,4,520,304,130,76,130,76,0,0,0.036178,6.656,7.688333,7.1721664999999994,9.405228,10.863046,10.134136999999999
40,42,2558,23162,64,551,64,551,0,0,0.011752,0.293538,0.27361,0.283574,16.180643,15.483702,15.832172499999999
22,24,1920,4312,87,180,87,180,0,0,0.273244,12.995524,11.854174,12.424849,0.0,932.048846,466.024423
14,6,8928,320,638,53,638,53,0,0,0.301371,23.182385,60.140398,41.6613915,1873.229803,75.189734,974.2097685
30,42,2302,34406,77,819,77,819,0,0,0.034888,1.192414,0.839,1.015707,67.418283,59.772906,63.595594500000004
8,10,1052,824,132,82,132,82,0,0,0.003966,0.517429,0.382444,0.4499365,33.1798,0.688909,16.9343545
208,388,12034,485110,58,1250,58,1250,0,0,0.857498,4.18121,2.214579,3.1978945000000003,1311.073847,954.172469,1132.6231579999999
6,8,320,1862,53,233,53,233,0,0,0.343379,68.611,48.978145,58.7945725,4841.055657,119.640898,2480.3482774999998
12,12,1064,2260,89,188,89,188,0,0,0.004066,0.338091,0.319273,0.328682,16.940306,0.39641,8.668358
230,438,13246,548216,58,1252,58,1252,0,0,0.61014,2.698376,1.395158,2.046767,636.763932,456.304944,546.5344379999999
16,18,1540,1644,96,91,96,91,0,0,0.01827,1.1978,1.046882,1.122341,72.644824,2.078731,37.3617775
2,2,132,164,66,82,66,82,0,0,0.001069,0.035,0.007,0.021,0.0,0.0,0.0
4,4,528,304,132,76,132,76,0,0,0.002504,0.674,0.7175,0.6957500000000001,0.946817,0.7095,0.8281585
64,66,3806,51808,59,785,59,785,0,0,0.024889,0.396419,0.379844,0.3881315,21.270016,21.036638,21.153326999999997
16,18,1540,1644,96,91,96,91,0,0,0.020067,1.317067,1.055177,1.1861220000000001,75.404963,2.240567,38.822765
4,4,520,304,130,76,130,76,0,0,0.002427,0.664667,0.651,0.6578335,0.93291,0.644,0.788455
16,18,1540,1644,96,91,96,91,0,0,0.013511,0.88,0.767941,0.8239704999999999,61.171276,1.419186,31.295231
4,4,528,304,132,76,132,76,0,0,0.002527,0.696333,0.235667,0.46599999999999997,0.980521,0.32763,0.6540755
2,2,146,178,73,89,73,89,0,0,0.001047,0.008,0.007,0.0075,0.0,0.0,0.0
2,2,130,162,65,81,65,81,0,0,0.001027,0.009,0.007,0.008,0.0,0.0,0.0
8,10,1052,824,132,82,132,82,0,0,0.003892,0.507571,0.376111,0.441841,32.661328,0.686583,16.673955499999998
230,438,13246,548216,58,1252,58,1252,0,0,0.318059,1.399705,0.730087,1.064896,88.978392,46.981305,67.9798485
52,54,2934,3742,56,69,56,69,0,0,1.894953,37.14953,36.431,36.790265,2723.841632,89.194258,1406.517945
562,1078,31394,1382446,56,1282,56,1282,0,0,8.319879,14.856359,7.738999,11.297678999999999,6380.22263,4604.30395,5492.263290000001
28,28,4256,2976,152,106,152,106,0,0,0.314892,11.651259,11.64363,11.647444499999999,668.761886,17.542465,343.1521755
8,10,1052,824,132,82,132,82,0,0,0.003925,0.512,0.375444,0.443722,32.601922,0.681094,16.641508
8,12,424,8824,53,735,53,735,0,0,0.661374,94.435,60.074364,77.254682,5581.184765,4443.23981,5012.2122875000005
2,2,146,178,73,89,73,89,0,0,0.00103,0.005,0.005,0.005,0.0,0.0,0.0
2,2,146,178,73,89,73,89,0,0,0.001092,0.009,0.005,0.006999999999999999,0.0,0.0,0.0
90,92,5174,83812,57,911,57,911,0,0,0.06696,0.757159,0.729956,0.7435575000000001,0.0,46.843644,23.421822
22,24,1920,4312,87,180,87,180,0,0,0.900363,44.998352,39.120391,42.0593715,2547.624548,2375.677816,2461.6511819999996
62,58,5928,8010,96,138,96,138,0,0,0.033857,0.555033,0.593089,0.5740609999999999,70.144507,58.52388,64.3341935
18,18,4136,2456,230,136,230,136,0,0,0.005057,0.278824,0.270059,0.2744415,14.526178,0.349973,7.4380755
2,2,132,164,66,82,66,82,0,0,0.000993,0.001,0.007,0.004,0.0,0.0,0.0
2,2,130,162,65,81,65,81,0,0,0.000966,0.005,0.005,0.005,0.0,0.0,0.0
14,6,8928,320,638,53,638,53,0,0,0.612424,47.109539,122.369,84.7392695,3889.461508,156.745812,2023.10366
12,18,1580,10168,132,565,132,565,0,0,1.063728,96.672276,62.540177,79.60622649999999,9547.801829,7688.141274,8617.971551499999
30,42,2302,34406,77,819,77,819,0,0,0.246171,8.47738,5.990488,7.233934,770.703447,678.674276,724.6888615
52,54,2934,3742,56,69,56,69,0,0,1.299771,25.479275,24.986059,25.232667,2048.576982,60.049227,1054.3131045
4,4,528,304,132,76,132,76,0,0,0.090127,15.006,17.374334,16.190167000000002,21.208961,24.564654,22.8868075
10,12,528,8824,53,735,53,735,0,0,0.08074,8.931667,7.284727,8.108197,839.403723,745.846952,792.6253375
4,4,568,312,142,78,142,78,0,0,0.005484,1.481333,1.321333,1.4013330000000002,2.085023,1.861577,1.9733
28,30,4256,3080,152,103,152,103,0,0,0.370582,13.713926,12.760207,13.237066500000001,712.414213,17.524539,364.969376
16,18,1540,1644,96,91,96,91,0,0,0.20299,13.511866,11.910529,12.7111975,995.97986,30.053525,513.0166925
122,126,7810,14540,64,115,64,115,0,0,0.031017,0.262333,0.24392,0.2531265,16.136295,13.895968,15.0161315
40,42,2558,23162,64,551,64,551,0,0,0.012989,0.333263,0.311075,0.322169,19.197079,18.369505,18.783292
2,2,146,178,73,89,73,89,0,0,0.000963,0.001,0.003,0.002,0.0,0.0,0.0
4,4,568,312,142,78,142,78,0,0,0.045366,10.006667,14.572333,12.2895,14.140957,20.598492,17.3697245
16,18,1540,1644,96,91,96,91,0,0,0.162742,10.829067,9.539059,10.184063,767.416409,24.222229,395.819319
8,12,424,8824,53,735,53,735,0,0,0.353499,50.455858,32.093455,41.2746565,2979.547198,2367.823902,2673.68555
4,4,528,304,132,76,132,76,0,0,0.017252,0.453333,5.383333,2.918333,0.636867,7.603284,4.1200755000000004
12,18,1580,10168,132,565,132,565,0,0,1.004873,91.322182,59.078885,75.2005335,9524.852297,7675.24891,8600.0506035
2,2,130,162,65,81,65,81,0,0,0.001038,0.009,0.007,0.008,0.0,0.0,0.0
14,8,8928,424,638,53,638,53,0,0,0.05867,4.513077,8.260714,6.3868955,488.37109,19.845238,254.108164
16,18,1540,1644,96,91,96,91,0,0,0.018068,1.184,1.035823,1.1099115,73.072655,1.991758,37.5322065
14,18,1684,10168,120,565,120,565,0,0,1.013689,77.949772,59.600471,68.7751215,8766.060428,7674.357566,8220.208997
38,40,2438,19266,64,482,64,482,0,0,0.046228,1.24,1.172231,1.2061155000000001,0.0,102.411728,51.205864
6,8,320,1826,53,228,53,228,0,0,0.088318,17.6002,12.541143,15.0706715,1235.082817,30.403881,632.743349
16,18,1540,1644,96,91,96,91,0,0,0.190896,12.705866,11.201529,11.9536975,959.738268,27.190799,493.46453349999996
6,2,258,86,43,43,43,43,0,0,0.097828,19.5656,0.009,9.7873,1286.105635,0.0,643.0528175
90,92,5174,83812,57,911,57,911,0,0,0.100601,1.15231,1.123764,1.138037,75.673747,68.322528,71.99813750000001
2,2,146,178,73,89,73,89,0,0,0.001083,0.008,0.007,0.0075,0.0,0.0,0.0
2,2,130,162,65,81,65,81,0,0,0.001047,0.009,0.007,0.008,0.0,0.0,0.0
2,2,130,162,65,81,65,81,0,0,0.001039,0.009,0.006,0.0075,0.0,0.0,0.0
38,40,2438,18508,64,463,64,463,0,0,0.010437,0.281222,0.255641,0.26843150000000005,16.136171,15.079703,15.607937
16,18,1540,1644,96,91,96,91,0,0,0.179652,11.956,10.538235,11.2471175,1003.703794,28.071729,515.8877615
10,8,2530,354,253,44,253,44,0,0,0.920376,99.848778,112.622,106.235389,5183.383773,228.9675,2706.1756364999997
12,12,1064,2260,89,188,89,188,0,0,0.003833,0.317727,0.303818,0.3107725,16.142487,0.371117,8.256802
50,48,3078,30402,62,633,62,633,0,0,0.029404,0.591592,0.612489,0.6020405,40.324003,1.124726,20.7243645
2,2,130,162,65,81,65,81,0,0,0.001088,0.008,0.007,0.0075,0.0,0.0,0.0
40,42,2558,23162,64,551,64,551,0,0,0.01244,0.311026,0.291171,0.30109850000000005,18.105128,17.301807,17.703467500000002
372,746,19826,1087890,53,1458,53,1458,0,0,1.294682,3.498276,1.737203,2.6177395,184.862038,106.357804,145.609921
22,14,1470,1728,67,123,67,123,0,0,0.005401,0.25719,0.362154,0.30967199999999995,17.781995,0.446639,9.114317
52,54,2934,3740,56,69,56,69,0,0,0.913462,18.26302,17.224434,17.743727,1437.835869,52.60948,745.2226745
52,54,2934,3740,56,69,56,69,0,0,1.598671,31.340432,30.153697,30.7470645,2167.264677,71.021219,1119.1429480000002
2,2,130,162,65,81,65,81,0,0,0.001046,0.009,0.001,0.004999999999999999,0.0,0.0,0.0
12,12,1064,2260,89,188,89,188,0,0,0.004201,0.351545,0.330182,0.3408635,17.642703,0.412721,9.027712000000001
92,90,5278,83708,57,930,57,930,0,0,0.146921,1.611077,1.644854,1.6279655000000002,93.697224,2.50915,48.103187000000005
52,40,37358,3276,718,82,718,82,0,0,0.473653,9.280549,12.131513,10.706031,873.183925,29.961924,451.5729245
28,30,4656,3080,166,103,166,103,0,0,0.387331,14.333037,13.336482,13.8347595,778.291418,19.55784,398.924629
4,0,320,0,80,0,80,0,0,0,4.999872,1666.624,0.0,833.312,2356.95375,0.0,1178.476875
62,58,5928,8010,96,138,96,138,0,0,0.026848,0.479429,0.46675,0.4730895,69.773433,0.0,34.8867165
2,2,130,162,65,81,65,81,0,0,0.001046,0.008,0.007,0.0075,0.0,0.0,0.0
62,58,5928,8010,96,138,96,138,0,0,0.175708,2.880459,3.181382,3.0309205,239.259969,256.20557,247.73276950000002
78,80,4550,72810,58,910,58,910,0,0,0.034973,0.456118,0.435076,0.445597,23.711805,22.809455,23.26063
4,4,568,312,142,78,142,78,0,0,0.205387,52.011668,53.657,52.834334,73.548531,75.872555,74.710543
6,8,320,1862,53,233,53,233,0,0,0.181473,36.2314,25.853715,31.0425575,2552.583842,62.981246,1307.782544
2,2,146,178,73,89,73,89,0,0,0.001065,0.008,0.007,0.0075,0.0,0.0,0.0
122,126,7814,16912,64,134,64,134,0,0,0.823977,6.805744,6.587936,6.69684,462.314543,459.019946,460.66724450000004
30,42,2302,34406,77,819,77,819,0,0,0.035015,1.238857,0.842732,1.0407945,68.634745,59.595949,64.115347
2,2,146,178,73,89,73,89,0,0,0.00107,0.008,0.007,0.0075,0.0,0.0,0.0
22,24,1920,4312,87,180,87,180,0,0,0.795239,37.852335,34.549174,36.2007545,2737.512652,2609.088769,2673.3007104999997
8,12,424,8824,53,735,53,735,0,0,0.224369,32.005856,20.344728,26.175292,2060.262328,1650.071842,1855.167085
216,388,12450,485110,58,1250,58,1250,0,0,2.752615,12.797591,7.111473,9.954532,3740.771799,2798.278817,3269.525308
22,24,1920,4312,87,180,87,180,0,0,0.050443,2.5032,2.265409,2.3843045,238.136911,223.069006,230.6029585
16,18,1540,1644,96,91,96,91,0,0,0.018286,1.198333,1.049294,1.1238135,73.320506,2.018797,37.6696515
78,80,4550,72810,58,910,58,910,0,0,0.131221,1.719974,1.696935,1.7084545,91.780694,90.953917,91.3673055
234,438,13454,548216,57,1252,57,1252,0,0,2.611206,11.205524,5.987851,8.5966875,2417.193844,1771.684953,2094.4393984999997
38,40,2438,19266,64,482,64,482,0,0,0.019701,0.52227,0.504737,0.5135035,33.365879,31.366368,32.3661235
2,2,146,178,73,89,73,89,0,0,0.001095,0.009,0.007,0.008,0.0,0.0,0.0
78,80,4550,72810,58,910,58,910,0,0,0.064989,0.862493,0.814924,0.8387085,56.009097,54.342927,55.176012
52,54,2934,3740,56,69,56,69,0,0,2.416899,47.384021,45.593055,46.488538,3665.232034,103.148711,1884.1903725
8,12,424,8824,53,735,53,735,0,0,0.561475,80.144,51.003364,65.573682,4846.759152,3856.946904,4351.8530279999995
4,4,568,312,142,78,142,78,0,0,0.004793,1.275333,1.100667,1.1880000000000002,1.800765,1.553042,1.6769034999999999
90,92,5174,83812,57,911,57,911,0,0,0.056299,0.642943,0.619911,0.631427,36.077285,35.136729,35.607007
2,2,146,178,73,89,73,89,0,0,0.00112,0.009,0.007,0.008,0.0,0.0,0.0
2,2,146,178,73,89,73,89,0,0,0.001133,0.007,0.007,0.007,0.0,0.0,0.0
16,18,1272,2572,80,143,80,143,0,0,0.840154,55.988398,49.389352,52.688874999999996,3339.055144,85.942695,1712.4989195
48,50,2974,30506,62,610,62,610,0,0,0.016735,0.348362,0.336062,0.342212,20.402718,18.993248,19.697983
4,4,528,304,132,76,132,76,0,0,0.001932,0.522667,0.204,0.3633335,0.733506,0.28426,0.508883
12,18,1580,10168,132,565,132,565,0,0,1.006053,91.428,59.152938,75.290469,9530.114544,7676.297529,8603.2060365
204,388,11826,485110,58,1250,58,1250,0,0,3.123631,15.385709,8.068349,11.727029,5075.372599,3675.234997,4375.303798
22,24,1920,4312,87,180,87,180,0,0,0.59033,28.094047,25.642521,26.868284,2252.395645,2150.051509,2201.2235769999998
122,126,7810,14540,64,115,64,115,0,0,0.034017,0.290319,0.26792,0.27911949999999996,19.439369,16.59667,18.0180195
2,2,146,178,73,89,73,89,0,0,0.001076,0.008,0.007,0.0075,0.0,0.0,0.0
14,6,8928,320,638,53,638,53,0,0,0.221917,17.070539,43.532,30.301269499999997,1550.881392,66.376984,808.629188
10,12,528,8824,53,735,53,735,0,0,0.11666,12.92,10.559818,11.739909,1208.87983,1086.955249,1147.9175395000002
16,18,1540,1644,96,91,96,91,0,0,0.013136,0.855067,0.746,0.8005335,59.595787,1.375605,30.485696
78,80,4550,72810,58,910,58,910,0,0,0.03492,0.455368,0.44587,0.450619,23.354995,23.143659,23.249327
38,40,2438,19266,64,482,64,482,0,0,0.016461,0.447833,0.407872,0.42785249999999997,0.0,25.583763,12.7918815
6,0,384,0,64,0,64,0,0,0,50.004391,10000.874,0.0,5000.437,0.0,0.0,0.0
90,92,5174,83812,57,911,57,911,0,0,0.059901,0.669337,0.651945,0.660641,38.128706,37.851592,37.990149
6,0,384,0,64,0,64,0,0,0,50.004395,10000.874,0.0,5000.437,0.0,0.0,0.0
64,66,3806,51808,59,785,59,785,0,0,0.032028,0.503397,0.484708,0.4940525,33.429094,32.422011,32.925552499999995
16,18,1540,1644,96,91,96,91,0,0,0.01807,1.182533,1.035882,1.1092075000000001,72.052317,2.042031,37.047174
18,18,4136,2456,230,136,230,136,0,0,0.006308,0.347353,0.339647,0.3435,17.630171,0.448297,9.039234
4,4,568,304,142,76,142,76,0,0,0.004833,1.312,1.103333,1.2076665,1.851912,1.550449,1.7011805
68,70,4014,59460,59,849,59,849,0,0,0.116237,1.782954,1.62675,1.7048519999999998,110.551527,101.187774,105.8696505
6,8,320,1862,53,233,53,233,0,0,0.130344,26.0044,18.553428,22.278914,1830.151728,45.143797,937.6477625
28,30,4656,3080,166,103,166,103,0,0,0.545356,20.186777,18.786551,19.486663999999998,1385.415034,37.988816,711.7019250000001
12,18,1580,10168,132,565,132,565,0,0,1.025582,93.203,60.274587,76.7387935,9592.286458,7766.106288,8679.196373
52,42,37268,3380,717,80,717,80,0,0,0.042419,0.825059,1.022829,0.923944,49.443954,2.309261,25.8766075
12,18,1580,10168,132,565,132,565,0,0,1.080735,98.218092,63.540646,80.879369,9559.325404,7697.360277,8628.3428405
60,60,5824,8114,97,135,97,135,0,0,0.197778,3.469789,3.399103,3.4344460000000003,259.224578,259.36332,259.293949
106,114,9400,12298,89,108,89,108,0,0,0.789915,7.520095,7.308629,7.414362000000001,736.156216,724.039701,730.0979585
106,114,9400,12298,89,108,89,108,0,0,0.239948,2.372663,2.1764,2.2745315,168.905786,161.818455,165.3621205
2,2,146,178,73,89,73,89,0,0,0.001051,0.006,0.007,0.006500000000000001,0.0,0.0,0.0
28,28,4656,2976,166,106,166,106,0,0,0.326397,12.077222,12.068148,12.072685,740.359212,19.926361,380.1427865
8,12,424,8824,53,735,53,735,0,0,0.347367,49.57943,31.526091,40.552760500000005,2926.404995,2318.900372,2622.6526835
40,42,2558,23162,64,551,64,551,0,0,0.012819,0.329026,0.308,0.318513,18.853928,17.605079,18.2295035
4,4,528,304,132,76,132,76,0,0,0.002415,0.385333,0.48,0.43266649999999995,0.540701,0.675287,0.6079939999999999
12,12,1064,2260,89,188,89,188,0,0,0.003871,0.392111,0.301818,0.3469645,0.405739,0.366592,0.3861655
52,42,37372,3380,719,80,719,80,0,0,0.024852,0.49951,0.608875,0.5541925000000001,28.297895,1.097774,14.6978345
4,4,520,304,130,76,130,76,0,0,0.001741,0.437333,0.235667,0.3365,0.607182,0.299787,0.4534845
28,30,4656,3080,166,103,166,103,0,0,0.468225,17.330445,16.125207,16.727826,963.221538,24.506273,493.8639055
4,4,568,312,142,78,142,78,0,0,0.004649,1.196,1.040667,1.1183334999999999,1.683622,1.461825,1.5727235
2,2,132,164,66,82,66,82,0,0,0.001047,0.009,0.007,0.008,0.0,0.0,0.0
18,18,3736,2456,208,136,208,136,0,0,0.005172,0.286294,0.276294,0.281294,14.247443,0.356984,7.302213500000001
38,40,2438,19266,64,482,64,482,0,0,0.042776,1.2134,1.083103,1.1482515,71.036999,68.017862,69.5274305
68,70,4014,59460,59,849,59,849,0,0,0.028208,0.414194,0.401623,0.4079085,0.0,21.766153,10.8830765
22,14,1470,1728,67,123,67,123,0,0,0.004291,0.204333,0.280154,0.2422435,12.736201,0.366352,6.5512765
38,40,2438,18508,64,463,64,463,0,0,0.041791,1.151806,1.057744,1.104775,0.0,67.760627,33.8803135
16,18,1540,1644,96,91,96,91,0,0,0.015328,1.000133,0.875059,0.937596,70.092578,1.554412,35.823495
122,126,7814,16912,64,134,64,134,0,0,0.983755,8.263992,7.866248,8.06512,557.944241,548.343685,553.143963
6,2,258,86,43,43,43,43,0,0,0.075914,15.1828,0.007,7.5949,888.541435,0.0,444.2707175
4,4,568,304,142,76,142,76,0,0,0.00436,1.180667,0.942333,1.0614999999999999,1.663351,1.327004,1.4951775
4,4,528,304,132,76,132,76,0,0,0.001692,0.434333,0.215333,0.32483300000000004,0.60929,0.296047,0.45266850000000003
64,66,3806,51808,59,785,59,785,0,0,0.037682,0.602306,0.570031,0.5861685,37.892426,34.951995,36.4222105
4,4,568,312,142,78,142,78,0,0,0.005281,1.409667,1.275333,1.3425,1.983671,1.79723,1.8904505
22,24,1920,4312,87,180,87,180,0,0,0.005974,0.268571,0.231261,0.249916,16.562779,13.448334,15.005556499999999
2,2,146,178,73,89,73,89,0,0,0.001053,0.006,0.002,0.004,0.0,0.0,0.0
6,2,258,86,43,43,43,43,0,0,0.051994,10.3988,0.008,5.203399999999999,597.590612,0.0,298.795306
40,42,2558,23162,64,551,64,551,0,0,0.017193,0.442211,0.406317,0.424264,0.0,25.105517,12.5527585
90,92,5174,83812,57,911,57,911,0,0,0.067031,0.758136,0.746674,0.752405,49.891527,49.781443,49.836485
16,18,1540,1644,96,91,96,91,0,0,0.018888,1.238467,1.083177,1.160822,76.803459,1.984142,39.393800500000005
48,50,2974,30506,62,610,62,610,0,0,0.015942,0.347356,0.313694,0.33052499999999996,18.800082,17.853025,18.3265535
52,42,37372,3380,719,80,719,80,0,0,0.023946,0.462863,0.572122,0.5174925,26.421223,1.093809,13.757516
6,2,258,86,43,43,43,43,0,0,0.11652,23.304,0.003,11.6535,1547.42988,0.0,773.71494
16,18,1540,1644,96,91,96,91,0,0,0.017986,1.1786,1.030647,1.1046235000000002,71.134354,2.196029,36.6651915
90,92,5174,83812,57,911,57,911,0,0,0.248978,2.825739,2.729506,2.7776225,172.55689,166.290332,169.423611
6,8,320,1862,53,233,53,233,0,0,0.048296,9.5972,6.830714,8.213957,670.010585,16.427982,343.2192835
14,18,1684,10168,120,565,120,565,0,0,1.010785,77.723692,59.426529,68.5751105,8766.939167,7676.536329,8221.737748
40,42,2558,23162,64,551,64,551,0,0,0.050902,1.296949,1.229293,1.263121,76.57471,74.830862,75.702786
36,40,2334,19266,65,482,65,482,0,0,0.015311,0.440853,0.37841,0.40963150000000004,0.0,0.0,0.0
16,18,1540,1644,96,91,96,91,0,0,0.01824,1.1946,1.046118,1.120359,72.341107,2.155592,37.248349499999996
110,114,9608,12298,87,108,87,108,0,0,1.476957,13.547193,13.181812,13.3645025,753.633527,744.182247,748.907887
2,2,130,162,65,81,65,81,0,0,0.001051,0.009,0.009,0.009,0.0,0.0,0.0
12,18,1580,10168,132,565,132,565,0,0,1.004612,91.297361,62.754374,77.0258675,9524.276385,7910.778141,8717.527263
16,18,1540,1644,96,91,96,91,0,0,0.018235,1.195133,1.110937,1.153035,72.58518,2.285144,37.435162
6,2,258,86,43,43,43,43,0,0,0.112864,22.5728,0.009,11.2909,1210.508717,0.0,605.2543585
68,70,4014,59460,59,849,59,849,0,0,0.028879,0.446312,0.411565,0.4289385,23.337295,22.325379,22.831337
4,4,520,304,130,76,130,76,0,0,0.028455,4.407667,7.035,5.7213335,6.229139,9.941922,8.0855305
22,14,1470,1728,67,123,67,123,0,0,0.004376,0.208381,0.282308,0.24534450000000002,12.880203,0.367604,6.6239035
12,18,1580,10168,132,565,132,565,0,0,1.004666,91.296455,59.069236,75.1828455,9528.604134,7674.313663,8601.4588985
8,10,1058,822,132,82,132,82,0,0,0.004098,0.537286,0.396556,0.46692100000000003,34.893552,0.741029,17.8172905
38,40,2438,18508,64,463,64,463,0,0,0.011819,0.31975,0.290564,0.305157,0.0,17.294129,8.6470645
18,18,4136,2456,230,136,230,136,0,0,0.004754,0.261412,0.248529,0.2549705,13.041002,0.329151,6.6850765
4,4,520,304,130,76,130,76,0,0,0.001628,0.416,0.211667,0.3138335,0.583363,0.294395,0.438879
52,40,37230,3276,716,82,716,82,0,0,0.393771,7.86858,10.083692,8.976136,723.604554,24.096758,373.850656
22,14,1470,1728,67,123,67,123,0,0,0.004096,0.195048,0.263308,0.229178,12.060797,0.348045,6.204421000000001
2,2,130,162,65,81,65,81,0,0,0.00098,0.003,0.007,0.005,0.0,0.0,0.0
90,92,5174,83812,57,911,57,911,0,0,0.05054,0.570773,0.549626,0.5601995,32.120222,31.71655,31.918385999999998
38,40,2438,19266,64,482,64,482,0,0,0.06098,1.784118,1.5905,1.687309,105.487427,98.379887,101.933657
38,42,2438,19370,64,461,64,461,0,0,0.03285,0.879135,0.789561,0.834348,75.987123,71.683125,73.83512400000001
4,4,568,304,142,76,142,76,0,0,0.086185,23.679666,23.598334,23.639000000000003,33.481742,33.367426,33.424583999999996
2,2,146,178,73,89,73,89,0,0,0.001126,0.009,0.007,0.008,0.0,0.0,0.0
362,746,19306,1087890,53,1458,53,1458,0,0,5.901836,16.347721,7.921279,12.1345,3110.064523,2156.887314,2633.4759185000003
52,54,2934,3740,56,69,56,69,0,0,2.511938,49.24708,48.2965,48.771789999999996,3674.348244,119.439578,1896.893911
38,40,2438,19266,64,482,64,482,0,0,0.0429,1.150757,1.086513,1.118635,70.529149,69.201767,69.865458
52,54,2934,3740,56,69,56,69,0,0,1.784583,34.985491,33.66132,34.32340550000001,3227.752655,107.208781,1667.4807179999998
16,18,1540,1644,96,91,96,91,0,0,0.018321,1.200333,1.049412,1.1248725,73.809075,2.039205,37.92414
64,66,3806,51808,59,785,59,785,0,0,0.027322,0.427492,0.417594,0.422543,24.950823,24.585596,24.768209499999998
122,126,7814,16912,64,134,64,134,0,0,1.223816,10.111232,9.78632,9.948775999999999,650.568807,642.66933,646.6190684999999
18,18,3736,2456,208,136,208,136,0,0,0.005125,0.281941,0.263,0.2724705,14.188167,0.326141,7.257154
106,114,9400,12298,89,108,89,108,0,0,0.018569,0.186245,0.164789,0.17551699999999998,11.317807,10.413747,10.865777000000001
78,80,4550,72810,58,910,58,910,0,0,0.034424,0.447711,0.433718,0.4407145,0.0,22.593674,11.296837
22,14,1470,1728,67,123,67,123,0,0,0.058896,2.804571,4.479308,3.6419395,362.337692,14.129976,188.233834
14,6,8928,320,638,53,638,53,0,0,0.231254,17.78877,46.121,31.954885,1593.789635,67.364805,830.57722
52,42,37372,3380,719,80,719,80,0,0,0.679788,13.322509,16.567098,14.9448035,1101.664776,35.342238,568.503507
8,10,1052,824,132,82,132,82,0,0,0.003929,0.513571,0.377778,0.4456745,32.52489,0.697341,16.6111155
14,6,8928,320,638,53,638,53,0,0,0.356699,27.438385,71.215398,49.326891499999995,2294.560715,93.559187,1194.059951
48,50,2974,30506,62,610,62,610,0,0,0.14201,3.011489,2.885449,2.9484690000000002,166.228124,162.57742,164.402772
2,2,146,178,73,89,73,89,0,0,0.001003,0.009,0.007,0.008,0.0,0.0,0.0
30,42,2302,34406,77,819,77,819,0,0,0.038915,1.331138,0.937854,1.134496,76.267999,65.319512,70.7937555
38,40,2438,18508,64,463,64,463,0,0,0.042295,1.134216,1.070923,1.1025695,70.467247,68.293472,69.3803595
68,70,4014,59460,59,849,59,849,0,0,0.128124,1.936576,1.849725,1.8931505,102.284905,99.92601,101.1054575
6,2,258,86,43,43,43,43,0,0,0.090741,18.1482,0.001,9.0746,1143.800511,0.0,571.9002555
16,18,1540,1644,96,91,96,91,0,0,0.01925,1.262933,1.129875,1.196404,74.354946,2.231814,38.29338
2,2,146,178,73,89,73,89,0,0,0.001084,0.008,0.007,0.0075,0.0,0.0,0.0
2,2,146,178,73,89,73,89,0,0,0.001121,0.008,0.007,0.0075,0.0,0.0,0.0
22,14,1470,1728,67,123,67,123,0,0,0.004394,0.209238,0.280923,0.24508049999999998,12.826659,0.373408,6.600033499999999
6,2,258,86,43,43,43,43,0,0,0.099429,19.8858,0.004,9.9449,1140.136173,0.0,570.0680865
16,18,1540,1644,96,91,96,91,0,0,0.014371,0.937733,0.818882,0.8783075,65.790395,1.543315,33.666855000000005
90,92,5174,83812,57,911,57,911,0,0,0.041648,0.480442,0.451077,0.4657595,25.678116,24.046756,24.862436
4,4,568,304,142,76,142,76,0,0,0.004607,1.238667,1.033,1.1358335,1.743962,1.45452,1.5992410000000001
20,8,17266,354,863,44,863,44,0,0,0.507237,25.216316,62.322715,43.7695155,1881.411359,88.027453,984.7194059999999
8,12,424,8824,53,735,53,735,0,0,0.364384,52.013285,33.081999,42.547642,3285.008695,2617.442255,2951.225475
78,80,4550,72810,58,910,58,910,0,0,0.039697,0.517895,0.514421,0.516158,27.209044,26.565753,26.8873985
28,30,4256,3080,152,103,152,103,0,0,0.329295,12.175889,11.337793,11.756841,671.648879,16.962803,344.305841
38,40,2438,19266,64,482,64,482,0,0,0.148608,4.007838,3.796077,3.9019575,250.10466,241.741226,245.922943
4,4,520,304,130,76,130,76,0,0,0.001738,0.452333,0.208667,0.3305,0.635453,0.286619,0.461036
52,40,37372,3276,719,82,719,82,0,0,0.491735,9.635255,12.596103,11.115679,912.33814,30.866217,471.6021785
8,10,1052,824,132,82,132,82,0,0,0.004567,0.527571,0.446444,0.48700750000000004,33.469303,0.741953,17.105628
2,2,146,178,73,89,73,89,0,0,0.001128,0.008,0.008,0.008,0.0,0.0,0.0
2,2,130,162,65,81,65,81,0,0,0.001037,0.009,0.009,0.009,0.0,0.0,0.0
38,40,2438,19266,64,482,64,482,0,0,0.010264,0.265649,0.250564,0.2581065,15.045968,14.13286,14.589414000000001
4,4,520,304,130,76,130,76,0,0,0.00179,0.449333,0.228,0.3386665,0.629796,0.31537,0.472583
6,8,320,1862,53,233,53,233,0,0,0.347059,68.6022,49.49957,59.050884999999994,4840.320665,119.384445,2479.852555
4,4,568,304,142,76,142,76,0,0,0.057205,13.996,18.568666,16.282333,19.786969,26.250867,23.018918
4,4,568,304,142,76,142,76,0,0,0.004585,1.232333,1.014667,1.1235,1.734299,1.42647,1.5803845
90,92,5174,83812,57,911,57,911,0,0,0.286369,3.213315,3.175444,3.1943795,172.730559,171.620558,172.1755585
230,438,13246,548216,58,1252,58,1252,0,0,0.323103,1.428266,0.738286,1.0832760000000001,80.824845,41.348335,61.08659
64,66,3806,51808,59,785,59,785,0,0,0.045857,0.734629,0.71854,0.7265845,49.690394,48.880641,49.2855175
2,2,130,162,65,81,65,81,0,0,0.001162,0.008,0.005,0.006500000000000001,0.0,0.0,0.0
68,70,4014,59460,59,849,59,849,0,0,0.193697,2.886388,2.840441,2.8634145,155.638331,154.634594,155.1364625
16,18,1540,1644,96,91,96,91,0,0,0.018264,1.196867,1.047471,1.122169,72.963779,2.255319,37.609549
90,92,5174,83812,57,911,57,911,0,0,0.116018,1.299978,1.269692,1.2848350000000002,0.0,91.358997,45.6794985
28,30,4256,3080,152,103,152,103,0,0,0.371513,13.748037,12.793655,13.270845999999999,713.261178,17.531307,365.39624249999997
48,50,2974,30506,62,610,62,610,0,0,0.026988,0.579674,0.538327,0.5590005,43.900983,42.002921,42.951952
358,746,19098,1087890,53,1458,53,1458,0,0,1.184545,3.317146,1.589302,2.453224,190.282688,114.890055,152.5863715
68,70,4014,59460,59,849,59,849,0,0,0.160428,2.425015,2.341647,2.383331,148.540074,143.166688,145.853381
16,18,1540,1644,96,91,96,91,0,0,0.018321,1.200867,1.050765,1.125816,73.068589,2.087184,37.5778865
14,6,8928,320,638,53,638,53,0,0,0.662286,50.945078,132.320406,91.632742,4457.887752,185.738719,2321.8132355
14,6,8928,320,638,53,638,53,0,0,0.587805,45.215769,117.443398,81.3295835,3817.882713,156.190703,1987.036708
8,10,1042,824,130,82,130,82,0,0,0.016169,1.750286,1.873375,1.8118305000000001,91.756341,2.761875,47.259108000000005
90,92,5174,83812,57,911,57,911,0,0,0.191625,2.174034,2.082088,2.1280609999999998,123.21385,119.295274,121.25456199999999
16,18,1540,1644,96,91,96,91,0,0,0.018518,1.2122,1.128062,1.170131,73.263237,2.109375,37.686306
2,2,146,178,73,89,73,89,0,0,0.00106,0.004,0.001,0.0025,0.0,0.0,0.0
52,54,2934,3742,56,69,56,69,0,0,0.040548,0.838208,0.755887,0.7970474999999999,80.959497,2.137645,41.548571
16,18,1540,1644,96,91,96,91,0,0,0.018862,1.2364,1.081588,1.1589939999999999,75.816196,2.092079,38.9541375
14,6,8928,320,638,53,638,53,0,0,0.015875,1.221154,3.0444,2.132777,73.588775,5.566698,39.5777365
106,114,9400,12298,89,108,89,108,0,0,1.743002,16.756491,15.697153,16.226822,1065.827311,1036.104857,1050.9660840000001
2,2,132,164,66,82,66,82,0,0,0.001042,0.009,0.007,0.008,0.0,0.0,0.0
6,2,258,86,43,43,43,43,0,0,0.110367,22.0734,0.007,11.0402,1475.98912,0.0,737.99456
38,40,2438,19266,64,482,64,482,0,0,0.039181,1.079861,0.994105,1.036983,65.00525,62.60972,63.807485
12,18,1580,10168,132,565,132,565,0,0,1.004583,91.292999,59.064177,75.17858799999999,9524.428699,7674.152435,8599.290567
16,18,1540,1644,96,91,96,91,0,0,0.012968,0.844067,0.735882,0.7899745,58.415609,1.346267,29.880938
2,2,132,164,66,82,66,82,0,0,0.000973,0.009,0.007,0.008,0.0,0.0,0.0
16,18,1540,1644,96,91,96,91,0,0,0.018555,1.2164,1.130625,1.1735125,75.03065,2.072346,38.551497999999995
6,8,320,1826,53,228,53,228,0,0,0.336272,67.192,47.968,57.58,4741.729562,117.205336,2429.467449
28,30,4656,3080,166,103,166,103,0,0,0.360155,13.327407,12.370586,12.848996499999998,754.945777,19.282986,387.11438150000004
234,438,13454,548216,57,1252,57,1252,0,0,0.614244,2.646289,1.404545,2.025417,634.50485,460.833133,547.6689915
4,4,528,304,132,76,132,76,0,0,0.001651,0.427333,0.208,0.3176665,0.600098,0.2885,0.444299
8,12,424,8824,53,735,53,735,0,0,0.30893,44.088142,28.036092,36.062117,2628.211842,2069.066894,2348.639368
8,12,424,8824,53,735,53,735,0,0,0.008009,1.097571,0.679455,0.8885130000000001,69.996519,41.701487,55.849003
52,54,2934,3740,56,69,56,69,0,0,3.97977,78.028624,75.080891,76.5547575,5373.275035,168.161828,2770.7184315
16,18,1540,1644,96,91,96,91,0,0,0.019093,1.252267,1.095471,1.173869,76.199422,2.353844,39.276633
68,70,4014,59460,59,849,59,849,0,0,0.043879,0.650239,0.61987,0.6350545000000001,37.389433,36.450371,36.91990199999999
2,2,132,164,66,82,66,82,0,0,0.001039,0.008,0.007,0.0075,0.0,0.0,0.0
48,50,2974,30506,62,610,62,610,0,0,0.015935,0.339804,0.311469,0.3256365,0.0,18.498572,9.249286
64,66,3806,51808,59,785,59,785,0,0,0.081933,1.316452,1.251677,1.2840645,78.10577,76.358349,77.2320595
228,438,13142,548216,58,1252,58,1252,0,0,0.851215,3.781756,1.951284,2.86652,731.990866,521.885138,626.938002
78,80,4550,72810,58,910,58,910,0,0,0.033951,0.436922,0.422101,0.4295115,22.618686,22.366538,22.492612
204,388,11826,485110,58,1250,58,1250,0,0,0.863957,4.275421,2.231251,3.253336,1325.495722,957.536026,1141.515874
16,18,1540,1644,96,91,96,91,0,0,0.016558,1.083067,0.946882,1.0149745000000001,64.759853,1.916308,33.338080500000004
68,70,4014,59460,59,849,59,849,0,0,0.032028,0.473388,0.470075,0.47173149999999997,0.0,26.895754,13.447877
52,40,37268,3276,717,82,717,82,0,0,0.031101,0.601745,0.77641,0.6890775,34.276244,1.663849,17.9700465
4,4,568,304,142,76,142,76,0,0,0.004423,1.193667,1.002,1.0978335000000001,1.679616,1.409264,1.54444
38,40,2438,18508,64,463,64,463,0,0,0.015945,0.422432,0.395128,0.40878,32.829509,31.19235,32.0109295
2,2,146,178,73,89,73,89,0,0,0.001004,0.001,0.003,0.002,0.0,0.0,0.0
4,4,568,312,142,78,142,78,0,0,0.004606,1.199667,1.016333,1.108,1.690222,1.43307,1.561646
22,26,1920,4416,87,170,87,170,0,0,0.007178,0.323143,0.2654,0.2942715,17.569261,15.392568,16.4809145
68,70,4014,59460,59,849,59,849,0,0,0.058088,0.862209,0.834971,0.84859,55.02176,53.573061,54.2974105
62,58,5928,8010,96,138,96,138,0,0,0.476907,7.818147,8.355369,8.086758,483.540402,502.681258,493.11082999999996
18,18,3736,2456,208,136,208,136,0,0,0.004717,0.259176,0.244647,0.2519115,12.859261,0.323433,6.591347
48,50,2974,30506,62,610,62,610,0,0,0.015654,0.340178,0.307224,0.323701,18.568991,16.424282,17.4966365
8,10,1058,822,132,82,132,82,0,0,0.004127,0.539857,0.399556,0.4697065,34.602594,0.743567,17.6730805
22,24,1920,4312,87,180,87,180,0,0,0.14933,7.093143,6.466435,6.779789,465.360993,445.583948,455.4724705
12,12,1064,2260,89,188,89,188,0,0,0.004006,0.333455,0.308818,0.3211365,16.715809,0.376185,8.545997
48,48,2974,30402,62,633,62,633,0,0,0.03389,0.714532,0.724348,0.71944,51.378215,50.455964,50.9170895
6,2,258,86,43,43,43,43,0,0,0.118744,23.7488,0.007,11.8779,1507.905774,0.0,753.952887
52,40,37372,3276,719,82,719,82,0,0,0.49381,9.675922,12.64777,11.161846,903.409451,30.427094,466.9182725
22,14,1470,1728,67,123,67,123,0,0,0.030829,1.468048,2.318308,1.893178,183.483046,7.264702,95.373874
16,18,1540,1644,96,91,96,91,0,0,0.018259,1.196533,1.046823,1.1216780000000002,72.875918,2.167393,37.5216555
6,8,320,1826,53,228,53,228,0,0,0.004629,0.702,0.587429,0.6447145,41.10427,0.919248,21.011759
28,30,4256,3080,152,103,152,103,0,0,0.371263,13.738444,12.781966,13.260205,710.718947,17.337684,364.02831549999996
2,2,132,164,66,82,66,82,0,0,0.001039,0.008,0.007,0.0075,0.0,0.0,0.0
40,42,2558,23162,64,551,64,551,0,0,0.057963,1.558297,1.4358,1.4970485,92.270902,89.010319,90.64061050000001
62,58,5928,8010,96,138,96,138,0,0,0.293803,4.816443,5.141702,4.9790725,309.441976,323.196577,316.3192765
30,42,2302,34406,77,819,77,819,0,0,0.035536,1.258036,0.855244,1.05664,69.602825,60.271813,64.937319
